split,video,frame_idx,obj_idx,object_id,n_objects,baseline_memory_encoded,pointer_valid,pointer_is_no_obj_sentinel,object_score_logit,object_score_prob,self_anchor_cos_fp32,max_tracked_competitor_cos_fp32,competitor_object_id,identity_margin_fp32,distance_to_no_obj_ptr,max_abs_diff_to_no_obj_ptr,obj_ptr_l2_norm
TRAIN,5a064706,1,0,1,6,1,1,0,14.8125,0.9999996423721313,0.38719630241394043,0.40317660570144653,3,-0.015980303287506104,10.094422340393066,2.102158546447754,9.091181755065918
TRAIN,5a064706,1,1,2,6,1,1,0,16.0,0.9999998807907104,0.4583103060722351,0.49492165446281433,5,-0.036611348390579224,11.32711410522461,2.414658546447754,10.225380897521973
TRAIN,5a064706,1,2,3,6,1,1,0,11.9375,0.9999934434890747,0.5054090619087219,0.5235599279403687,5,-0.01815086603164673,10.427186012268066,1.938096046447754,9.37419319152832
TRAIN,5a064706,1,3,4,6,1,1,0,13.4375,0.9999985694885254,0.3805878758430481,0.4114381670951843,5,-0.03085029125213623,11.234450340270996,2.524033546447754,10.179802894592285
TRAIN,5a064706,1,4,5,6,1,1,0,11.0625,0.9999842643737793,0.5671322345733643,0.5367028117179871,6,0.030429422855377197,10.891816139221191,2.031846046447754,9.734935760498047
TRAIN,5a064706,1,5,6,6,1,0,1,-2.34375,0.08756384253501892,,,,,0.0,0.0,2.8216605186462402
TRAIN,5a064706,2,0,1,6,1,1,0,14.625,0.9999995231628418,0.4004433751106262,0.418201208114624,3,-0.017757833003997803,10.254738807678223,2.117783546447754,9.197407722473145
TRAIN,5a064706,2,1,2,6,1,1,0,15.625,0.9999998807907104,0.4423622190952301,0.48581409454345703,5,-0.04345187544822693,11.607400894165039,2.133408546447754,10.409619331359863
TRAIN,5a064706,2,2,3,6,1,1,0,9.0625,0.9998840093612671,0.5124242901802063,0.5320519804954529,5,-0.019627690315246582,9.996855735778809,1.5635958909988403,8.983909606933594
TRAIN,5a064706,2,3,4,6,1,1,0,14.1875,0.9999992847442627,0.3602764308452606,0.3933505117893219,5,-0.03307408094406128,11.214553833007812,2.414658546447754,10.215032577514648
TRAIN,5a064706,2,4,5,6,1,1,0,10.875,0.9999810457229614,0.4358086884021759,0.42554306983947754,3,0.010265618562698364,10.43943977355957,2.070908546447754,9.35755443572998
TRAIN,5a064706,2,5,6,6,1,0,1,-2.890625,0.052618950605392456,,,,,0.0,0.0,2.8216605186462402
TRAIN,5a064706,3,0,1,6,1,1,0,14.25,0.9999994039535522,0.2580088675022125,0.27040350437164307,5,-0.012394636869430542,11.535881996154785,2.508408546447754,10.664535522460938
TRAIN,5a064706,3,1,2,6,1,1,0,15.75,0.9999998807907104,0.3756078779697418,0.3971211314201355,5,-0.021513253450393677,9.805874824523926,1.7432833909988403,9.197627067565918
TRAIN,5a064706,3,2,3,6,1,1,0,11.0,0.9999833106994629,0.3922049403190613,0.4120369851589203,5,-0.01983204483985901,11.811694145202637,2.1381733417510986,11.265196800231934
TRAIN,5a064706,3,3,4,6,1,1,0,13.8125,0.9999990463256836,0.32536911964416504,0.3516388535499573,5,-0.026269733905792236,10.44980239868164,2.375596046447754,9.485143661499023
TRAIN,5a064706,3,4,5,6,1,1,0,9.9375,0.9999517202377319,0.42783841490745544,0.4250929057598114,3,0.002745509147644043,9.148412704467773,1.813096046447754,8.12139892578125
TRAIN,5a064706,3,5,6,6,1,0,1,-1.7890625,0.14318770170211792,,,,,0.0,0.0,2.8216605186462402
TRAIN,5a064706,4,0,1,6,1,1,0,14.125,0.9999992847442627,0.2705847918987274,0.2817786633968353,3,-0.01119387149810791,11.402012825012207,2.586533546447754,10.521223068237305
TRAIN,5a064706,4,1,2,6,1,1,0,15.6875,0.9999998807907104,0.3792220652103424,0.39646115899086,3,-0.017239093780517578,11.57742691040039,2.2855007648468018,10.887425422668457
TRAIN,5a064706,4,2,3,6,1,1,0,6.21875,0.9980121850967407,0.40740805864334106,0.4459194242954254,6,-0.03851136565208435,10.261350631713867,1.9730007648468018,9.621136665344238
TRAIN,5a064706,4,3,4,6,1,1,0,13.75,0.999998927116394,0.4162914454936981,0.4485922157764435,5,-0.03230077028274536,9.031149864196777,1.922471046447754,8.09078598022461
TRAIN,5a064706,4,4,5,6,1,1,0,3.625,0.9740425944328308,0.4199222922325134,0.4394358992576599,6,-0.019513607025146484,9.818902969360352,1.6158032417297363,9.027077674865723
TRAIN,5a064706,4,5,6,6,1,0,1,-1.203125,0.23091977834701538,,,,,0.0,0.0,2.8216605186462402
TRAIN,5a064706,5,0,1,6,1,1,0,14.375,0.9999994039535522,0.28393468260765076,0.2935204803943634,3,-0.009585797786712646,11.114035606384277,2.453721046447754,10.250231742858887
TRAIN,5a064706,5,1,2,6,1,1,0,13.8125,0.9999990463256836,0.39497652649879456,0.4087015390396118,3,-0.01372501254081726,10.770687103271484,2.1448757648468018,9.969627380371094
TRAIN,5a064706,5,2,3,6,1,1,0,5.3125,0.9950946569442749,0.36525458097457886,0.40797582268714905,6,-0.04272124171257019,11.82900333404541,2.3412983417510986,11.497964859008789
TRAIN,5a064706,5,3,4,6,1,1,0,14.0625,0.9999991655349731,0.3941115438938141,0.4271172881126404,5,-0.033005744218826294,10.042498588562012,1.938096046447754,9.135903358459473
TRAIN,5a064706,5,4,5,6,1,0,1,-1.5859375,0.169956237077713,,,,,0.0,0.0,2.8216605186462402
TRAIN,5a064706,5,5,6,6,1,1,0,0.3828125,0.5945512652397156,0.4209299385547638,0.4080140292644501,5,0.01291590929031372,12.444964408874512,1.9276022911071777,11.688426971435547
TRAIN,5a064706,6,0,1,6,1,1,0,13.5,0.9999985694885254,0.2737955152988434,0.28387701511383057,3,-0.010081499814987183,10.498374938964844,2.188096046447754,9.719738960266113
TRAIN,5a064706,6,1,2,6,1,1,0,14.625,0.9999995231628418,0.4403529763221741,0.44103971123695374,6,-0.0006867349147796631,9.738648414611816,1.6964083909988403,9.02491283416748
TRAIN,5a064706,6,2,3,6,1,1,0,3.828125,0.9787126779556274,0.3405909240245819,0.3967593312263489,6,-0.05616840720176697,10.586156845092773,2.1537983417510986,10.393964767456055
TRAIN,5a064706,6,3,4,6,1,1,0,13.6875,0.9999988079071045,0.42284294962882996,0.46023494005203247,5,-0.037391990423202515,9.372617721557617,1.961533546447754,8.307066917419434
TRAIN,5a064706,6,4,5,6,1,0,1,-0.390625,0.403566837310791,,,,,0.0,0.0,2.8216605186462402
TRAIN,5a064706,6,5,6,6,1,1,0,2.828125,0.9441768527030945,0.43722042441368103,0.4204097092151642,5,0.016810715198516846,10.938282012939453,1.8803609609603882,10.109269142150879
TRAIN,5a064706,7,0,1,6,1,1,0,14.0625,0.9999991655349731,0.3673343062400818,0.3731363117694855,5,-0.0058020055294036865,10.172138214111328,2.156846046447754,9.262022018432617
TRAIN,5a064706,7,1,2,6,1,1,0,13.875,0.9999990463256836,0.5781678557395935,0.5814038515090942,3,-0.0032359957695007324,9.351743698120117,1.844346046447754,8.189390182495117
TRAIN,5a064706,7,2,3,6,1,1,0,3.515625,0.9711290597915649,0.3543086051940918,0.3971278667449951,6,-0.04281926155090332,9.163416862487793,1.7397359609603882,8.668272972106934
TRAIN,5a064706,7,3,4,6,1,1,0,14.4375,0.9999994039535522,0.3755413293838501,0.41451212763786316,5,-0.03897079825401306,10.154659271240234,2.195908546447754,9.148886680603027
TRAIN,5a064706,7,4,5,6,1,1,0,1.6953125,0.8449215292930603,0.3070205748081207,0.35002806782722473,6,-0.043007493019104004,11.749016761779785,2.0929572582244873,11.780169486999512
TRAIN,5a064706,7,5,6,6,1,1,0,5.3125,0.9950946569442749,0.4938662350177765,0.49734294414520264,5,-0.0034767091274261475,12.959756851196289,2.0912983417510986,11.985458374023438
TRAIN,5a064706,8,0,1,6,1,1,0,14.1875,0.9999992847442627,0.31998738646507263,0.3245464861392975,3,-0.0045590996742248535,10.596972465515137,2.375596046447754,9.766472816467285
TRAIN,5a064706,8,1,2,6,1,1,0,14.75,0.9999996423721313,0.48415637016296387,0.4866841435432434,3,-0.002527773380279541,11.483845710754395,2.570908546447754,10.42629337310791
TRAIN,5a064706,8,2,3,6,1,1,0,4.09375,0.9835969805717468,0.3792772889137268,0.42060229182243347,6,-0.041325002908706665,8.706877708435059,1.6772359609603882,8.111519813537598
TRAIN,5a064706,8,3,4,6,1,1,0,13.4375,0.9999985694885254,0.3410158157348633,0.3930596709251404,5,-0.0520438551902771,11.894970893859863,2.102158546447754,10.97894287109375
TRAIN,5a064706,8,4,5,6,1,1,0,3.75,0.977022647857666,0.4492523968219757,0.4667862355709076,6,-0.017533838748931885,11.657480239868164,1.9757696390151978,10.912813186645508
TRAIN,5a064706,8,5,6,6,1,1,0,5.71875,0.9967268705368042,0.4233051836490631,0.4240717589855194,5,-0.0007665753364562988,13.425125122070312,2.5131733417510986,12.655869483947754
TRAIN,5a064706,9,0,1,6,1,1,0,14.8125,0.9999996423721313,0.33792686462402344,0.3483116328716278,3,-0.01038476824760437,10.870678901672363,2.555283546447754,9.873035430908203
TRAIN,5a064706,9,1,2,6,1,1,0,15.9375,0.9999998807907104,0.3728809058666229,0.3871768116950989,3,-0.014295905828475952,11.260174751281738,2.422471046447754,10.415075302124023
TRAIN,5a064706,9,2,3,6,1,1,0,5.34375,0.9952448010444641,0.4525413513183594,0.4782700836658478,6,-0.025728732347488403,9.151366233825684,1.4932833909988403,8.386685371398926
TRAIN,5a064706,9,3,4,6,1,1,0,12.8125,0.9999972581863403,0.37873807549476624,0.4160662293434143,5,-0.03732815384864807,11.673768043518066,2.133408546447754,10.593427658081055
TRAIN,5a064706,9,4,5,6,1,1,0,3.828125,0.9787126779556274,0.4245951175689697,0.4144143760204315,6,0.010180741548538208,11.37393856048584,1.8040558099746704,10.325887680053711
TRAIN,5a064706,9,5,6,6,1,1,0,5.53125,0.9960545301437378,0.41915494203567505,0.4394708275794983,5,-0.020315885543823242,12.8501615524292,2.0600483417510986,11.919290542602539
TRAIN,5a064706,10,0,1,6,1,1,0,14.1875,0.9999992847442627,0.3481738865375519,0.35062161087989807,3,-0.0024477243423461914,10.393766403198242,2.219346046447754,9.595620155334473
TRAIN,5a064706,10,1,2,6,1,1,0,15.4375,0.9999997615814209,0.40709438920021057,0.42684340476989746,5,-0.01974901556968689,13.203676223754883,2.680283546447754,12.251551628112793
TRAIN,5a064706,10,2,3,6,1,1,0,7.6875,0.9995417594909668,0.5628334879875183,0.5931639075279236,5,-0.030330419540405273,11.725273132324219,2.0239040851593018,10.589743614196777
TRAIN,5a064706,10,3,4,6,1,1,0,12.4375,0.9999960660934448,0.3917781114578247,0.44246217608451843,5,-0.050684064626693726,11.338995933532715,2.0238471031188965,10.265459060668945
TRAIN,5a064706,10,4,5,6,1,1,0,4.0625,0.9830850958824158,0.4067007005214691,0.4024569094181061,3,0.004243791103363037,10.696534156799316,1.6399933099746704,9.765189170837402
TRAIN,5a064706,10,5,6,6,1,1,0,5.5625,0.9961755275726318,0.39450955390930176,0.40728282928466797,5,-0.012773275375366211,13.02885913848877,2.2319233417510986,12.304583549499512
TRAIN,5a064706,11,0,1,6,1,1,0,14.375,0.9999994039535522,0.3553481698036194,0.3539825677871704,3,0.0013656020164489746,10.31624698638916,2.258408546447754,9.511421203613281
TRAIN,5a064706,11,1,2,6,1,1,0,15.9375,0.9999998807907104,0.36016151309013367,0.38234537839889526,3,-0.022183865308761597,12.370840072631836,2.367783546447754,11.50850772857666
TRAIN,5a064706,11,2,3,6,1,1,0,9.75,0.9999417066574097,0.4593915045261383,0.4607492983341217,5,-0.0013577938079833984,11.58791446685791,2.242783546447754,10.605618476867676
TRAIN,5a064706,11,3,4,6,1,1,0,12.75,0.9999971389770508,0.33700621128082275,0.37253645062446594,5,-0.03553023934364319,12.117677688598633,2.453721046447754,11.099143028259277
TRAIN,5a064706,11,4,5,6,1,1,0,4.28125,0.9863631129264832,0.37676143646240234,0.3678269386291504,6,0.008934497833251953,11.624531745910645,1.9681183099746704,10.779020309448242
TRAIN,5a064706,11,5,6,6,1,1,0,5.75,0.9968273043632507,0.39437901973724365,0.3998239040374756,5,-0.005444884300231934,12.203102111816406,2.1537983417510986,11.402697563171387
TRAIN,5a064706,12,0,1,6,1,1,0,14.3125,0.9999994039535522,0.3523860573768616,0.37797704339027405,5,-0.025590986013412476,11.246994972229004,2.555283546447754,10.185149192810059
TRAIN,5a064706,12,1,2,6,1,1,0,15.25,0.9999997615814209,0.31894001364707947,0.3450756371021271,5,-0.026135623455047607,13.731959342956543,2.727158546447754,12.885856628417969
TRAIN,5a064706,12,2,3,6,1,1,0,11.625,0.9999910593032837,0.44681814312934875,0.4596644937992096,5,-0.01284635066986084,10.418228149414062,2.024033546447754,9.446439743041992
TRAIN,5a064706,12,3,4,6,1,1,0,12.125,0.9999946355819702,0.36279386281967163,0.39526742696762085,5,-0.03247356414794922,11.600044250488281,2.555283546447754,10.561304092407227
TRAIN,5a064706,12,4,5,6,1,1,0,4.53125,0.9893474578857422,0.4073651432991028,0.3913036286830902,3,0.016061514616012573,12.969021797180176,2.305283546447754,11.98026180267334
TRAIN,5a064706,12,5,6,6,1,1,0,5.4375,0.9956685304641724,0.4373542070388794,0.4402535557746887,5,-0.002899348735809326,12.707803726196289,2.0444233417510986,11.89944839477539
TRAIN,5a064706,13,0,1,6,1,1,0,14.375,0.9999994039535522,0.3588601052761078,0.37391772866249084,5,-0.015057623386383057,11.474984169006348,2.570908546447754,10.444064140319824
TRAIN,5a064706,13,1,2,6,1,1,0,15.25,0.9999997615814209,0.33463698625564575,0.36338043212890625,5,-0.028743445873260498,13.153738975524902,2.633408546447754,12.274933815002441
TRAIN,5a064706,13,2,3,6,1,1,0,11.5625,0.9999904632568359,0.3880630433559418,0.37485289573669434,2,0.013210147619247437,11.03432846069336,2.219346046447754,10.19387149810791
TRAIN,5a064706,13,3,4,6,1,1,0,11.0625,0.9999842643737793,0.3565638065338135,0.4027901291847229,5,-0.046226322650909424,10.21323299407959,1.969346046447754,9.17574405670166
TRAIN,5a064706,13,4,5,6,1,1,0,5.15625,0.9942697286605835,0.4279237985610962,0.3920339047908783,3,0.035889893770217896,13.420576095581055,2.0707221031188965,12.325983047485352
TRAIN,5a064706,13,5,6,6,1,1,0,6.40625,0.9983515739440918,0.4216836094856262,0.4610070288181305,5,-0.03932341933250427,13.200321197509766,2.1307272911071777,12.156267166137695
TRAIN,5a064706,14,0,1,6,1,1,0,13.875,0.9999990463256836,0.3402315676212311,0.34350675344467163,3,-0.0032751858234405518,9.69322395324707,2.141221046447754,8.807123184204102
TRAIN,5a064706,14,1,2,6,1,1,0,14.75,0.9999996423721313,0.3324664235115051,0.3738475441932678,5,-0.041381120681762695,11.895380020141602,2.0085368156433105,11.038376808166504
TRAIN,5a064706,14,2,3,6,1,1,0,10.625,0.9999756813049316,0.3884565234184265,0.37656792998313904,5,0.011888593435287476,9.719703674316406,1.914658546447754,8.87916088104248
TRAIN,5a064706,14,3,4,6,1,1,0,11.8125,0.9999926090240479,0.33879968523979187,0.37209832668304443,5,-0.033298641443252563,10.188806533813477,1.899033546447754,9.310600280761719
TRAIN,5a064706,14,4,5,6,1,1,0,6.15625,0.9978843331336975,0.4576936662197113,0.42693695425987244,3,0.030756711959838867,13.079160690307617,2.156846046447754,11.9269380569458
TRAIN,5a064706,14,5,6,6,1,1,0,7.375,0.999373733997345,0.4329683482646942,0.4486914575099945,5,-0.015723109245300293,12.790602684020996,2.2319233417510986,11.882109642028809
TRAIN,5a064706,15,0,1,6,1,1,0,13.625,0.9999988079071045,0.31779593229293823,0.31499162316322327,3,0.002804309129714966,10.039982795715332,2.297471046447754,9.166865348815918
TRAIN,5a064706,15,1,2,6,1,1,0,14.9375,0.9999996423721313,0.339702844619751,0.35916709899902344,5,-0.01946425437927246,11.318157196044922,2.289658546447754,10.436287879943848
TRAIN,5a064706,15,2,3,6,1,1,0,7.25,0.9992903470993042,0.43137580156326294,0.43302080035209656,6,-0.0016449987888336182,8.70205020904541,1.578721046447754,7.805598258972168
TRAIN,5a064706,15,3,4,6,1,1,0,11.3125,0.9999877214431763,0.3809535801410675,0.4066354036331177,3,-0.02568182349205017,9.490507125854492,1.875596046447754,8.456136703491211
TRAIN,5a064706,15,4,5,6,1,1,0,7.125,0.9991958737373352,0.44310465455055237,0.4271073639392853,6,0.01599729061126709,10.863234519958496,1.7631734609603882,9.971878051757812
TRAIN,5a064706,15,5,6,6,1,1,0,7.25,0.9992903470993042,0.42258596420288086,0.44200199842453003,5,-0.01941603422164917,11.847326278686523,2.0912983417510986,11.011689186096191
TRAIN,5a064706,16,0,1,6,1,1,0,13.6875,0.9999988079071045,0.2985782325267792,0.2964726388454437,3,0.0021055936813354492,12.479940414428711,2.524033546447754,11.750588417053223
TRAIN,5a064706,16,1,2,6,1,1,0,15.0,0.9999996423721313,0.3870311975479126,0.39767199754714966,3,-0.01064079999923706,10.815322875976562,2.359971046447754,9.943997383117676
TRAIN,5a064706,16,2,3,6,1,1,0,2.484375,0.9230391979217529,0.38781672716140747,0.4368903636932373,6,-0.049073636531829834,9.846400260925293,1.5774933099746704,9.188911437988281
TRAIN,5a064706,16,3,4,6,1,1,0,11.8125,0.9999926090240479,0.38476237654685974,0.4101223349571228,1,-0.02535995841026306,10.691818237304688,2.453721046447754,9.709012031555176
TRAIN,5a064706,16,4,5,6,1,1,0,6.9375,0.9990302324295044,0.39752283692359924,0.3802579641342163,6,0.017264872789382935,11.725406646728516,2.016221046447754,10.854961395263672
TRAIN,5a064706,16,5,6,6,1,1,0,6.9375,0.9990302324295044,0.412272185087204,0.4298090636730194,5,-0.01753687858581543,11.72474479675293,1.7166647911071777,10.813992500305176
TRAIN,5a064706,17,0,1,6,1,1,0,14.1875,0.9999992847442627,0.25427043437957764,0.2804487347602844,5,-0.026178300380706787,13.582572937011719,2.6292507648468018,12.855438232421875
TRAIN,5a064706,17,1,2,6,1,1,0,14.9375,0.9999996423721313,0.31866389513015747,0.33804383873939514,5,-0.01937994360923767,11.781245231628418,2.445908546447754,10.924919128417969
TRAIN,5a064706,17,2,3,6,1,1,0,7.28125,0.999312162399292,0.4197780191898346,0.4475857615470886,6,-0.02780774235725403,9.946357727050781,1.6839382648468018,9.18936538696289
TRAIN,5a064706,17,3,4,6,1,1,0,12.5625,0.999996542930603,0.35488826036453247,0.3820219337940216,5,-0.027133673429489136,11.396684646606445,2.477158546447754,10.272915840148926
TRAIN,5a064706,17,4,5,6,1,1,0,6.59375,0.9986329674720764,0.400420218706131,0.3893321752548218,6,0.011088043451309204,10.676692962646484,1.914658546447754,9.783502578735352
TRAIN,5a064706,17,5,6,6,1,1,0,6.8125,0.9989012479782104,0.3857576549053192,0.40128418803215027,5,-0.015526533126831055,11.679362297058105,2.0131733417510986,10.83804702758789
TRAIN,5a064706,18,0,1,6,1,1,0,14.25,0.9999994039535522,0.27702468633651733,0.2921951413154602,5,-0.015170454978942871,11.754684448242188,2.1292507648468018,11.022321701049805
TRAIN,5a064706,18,1,2,6,1,1,0,14.375,0.9999994039535522,0.36000892519950867,0.39040279388427734,5,-0.030393868684768677,11.080224990844727,2.274033546447754,10.183809280395508
TRAIN,5a064706,18,2,3,6,1,1,0,6.40625,0.9983515739440918,0.43260616064071655,0.4664115011692047,6,-0.03380534052848816,10.251635551452637,1.6537984609603882,9.504472732543945
TRAIN,5a064706,18,3,4,6,1,1,0,12.25,0.999995231628418,0.2823646664619446,0.3101537823677063,5,-0.02778911590576172,11.966078758239746,2.359971046447754,11.043004035949707
TRAIN,5a064706,18,4,5,6,1,1,0,7.03125,0.9991169571876526,0.2962690591812134,0.3053111433982849,6,-0.009042084217071533,13.358489990234375,2.4037983417510986,12.96297550201416
TRAIN,5a064706,18,5,6,6,1,1,0,7.875,0.9996199607849121,0.29170769453048706,0.2869395613670349,5,0.0047681331634521484,13.448129653930664,2.6225483417510986,13.170538902282715
TRAIN,5a064706,19,0,1,6,1,1,0,13.875,0.9999990463256836,0.31446629762649536,0.32635408639907837,3,-0.011887788772583008,11.914684295654297,2.461533546447754,11.049017906188965
TRAIN,5a064706,19,1,2,6,1,1,0,14.625,0.9999995231628418,0.39139524102211,0.41203755140304565,5,-0.02064231038093567,9.95201587677002,2.000596046447754,9.0161714553833
TRAIN,5a064706,19,2,3,6,1,1,0,5.125,0.9940890073776245,0.46617281436920166,0.4946718215942383,5,-0.02849900722503662,10.28954029083252,1.5394721031188965,9.572958946228027
TRAIN,5a064706,19,3,4,6,1,1,0,12.375,0.9999958276748657,0.38201308250427246,0.41162827610969543,5,-0.029615193605422974,11.077674865722656,2.422471046447754,9.844734191894531
TRAIN,5a064706,19,4,5,6,1,1,0,7.25,0.9992903470993042,0.3140459954738617,0.3159467577934265,6,-0.0019007623195648193,13.364374160766602,2.5600483417510986,12.928037643432617
TRAIN,5a064706,19,5,6,6,1,1,0,8.3125,0.9997546076774597,0.32436832785606384,0.31956467032432556,5,0.004803657531738281,13.227158546447754,2.3725483417510986,12.815122604370117
TRAIN,5a064706,20,0,1,6,1,1,0,14.1875,0.9999992847442627,0.2681834101676941,0.27891647815704346,3,-0.010733067989349365,12.873044967651367,2.649033546447754,12.126599311828613
TRAIN,5a064706,20,1,2,6,1,1,0,14.4375,0.9999994039535522,0.36115768551826477,0.3808457851409912,5,-0.01968809962272644,10.516095161437988,2.133408546447754,9.630972862243652
TRAIN,5a064706,20,2,3,6,1,0,1,-0.0341796875,0.49145591259002686,,,,,0.0,0.0,2.8216605186462402
TRAIN,5a064706,20,3,4,6,1,1,0,13.1875,0.9999980926513672,0.27173852920532227,0.30390214920043945,5,-0.03216361999511719,11.867330551147461,2.477158546447754,11.041707992553711
TRAIN,5a064706,20,4,5,6,1,1,0,7.03125,0.9991169571876526,0.3284633457660675,0.3429062068462372,6,-0.014442861080169678,12.64488697052002,2.3412983417510986,12.175519943237305
TRAIN,5a064706,20,5,6,6,1,1,0,6.65625,0.9987157583236694,0.3752564787864685,0.36019229888916016,5,0.01506417989730835,11.412034034729004,2.1694233417510986,10.851123809814453
TRAIN,5a064706,21,0,1,6,1,1,0,15.375,0.9999997615814209,0.36780446767807007,0.36683332920074463,3,0.0009711384773254395,10.154317855834961,2.133408546447754,9.403365135192871
TRAIN,5a064706,21,1,2,6,1,1,0,14.3125,0.9999994039535522,0.3484398424625397,0.36467793583869934,5,-0.016238093376159668,9.974600791931152,2.164658546447754,9.078065872192383
TRAIN,5a064706,21,2,3,6,1,1,0,1.4140625,0.804405927658081,0.37716174125671387,0.42380237579345703,6,-0.046640634536743164,10.642751693725586,1.8100800514221191,10.227642059326172
TRAIN,5a064706,21,3,4,6,1,1,0,12.375,0.9999958276748657,0.32384803891181946,0.3532196283340454,5,-0.029371589422225952,10.484816551208496,2.211533546447754,9.56414794921875
TRAIN,5a064706,21,4,5,6,1,1,0,5.84375,0.9971103668212891,0.3194488286972046,0.332743763923645,6,-0.01329493522644043,12.93604850769043,2.2006733417510986,12.55955696105957
TRAIN,5a064706,21,5,6,6,1,1,0,5.0625,0.9937100410461426,0.3634338676929474,0.34230536222457886,5,0.02112850546836853,11.157155990600586,2.0600483417510986,10.618041038513184
TRAIN,5a064706,22,0,1,6,1,1,0,14.4375,0.9999994039535522,0.37714946269989014,0.3772084414958954,5,-5.8978796005249023e-05,12.012155532836914,2.289658546447754,11.145096778869629
TRAIN,5a064706,22,1,2,6,1,1,0,13.8125,0.9999990463256836,0.36680784821510315,0.37532344460487366,1,-0.008515596389770508,9.90859317779541,1.977158546447754,9.06663990020752
TRAIN,5a064706,22,2,3,6,1,1,0,0.62890625,0.6522414088249207,0.4136348068714142,0.48488372564315796,6,-0.07124891877174377,10.530169486999512,1.6932272911071777,9.989757537841797
TRAIN,5a064706,22,3,4,6,1,1,0,11.9375,0.9999934434890747,0.44396284222602844,0.48335617780685425,5,-0.039393335580825806,11.34155559539795,1.8353058099746704,10.390287399291992
TRAIN,5a064706,22,4,5,6,1,1,0,7.5,0.9994471669197083,0.28839555382728577,0.29416048526763916,6,-0.0057649314403533936,12.865645408630371,2.0231165885925293,12.365571022033691
TRAIN,5a064706,22,5,6,6,1,1,0,6.125,0.9978172779083252,0.32748904824256897,0.3112783432006836,5,0.016210705041885376,11.241180419921875,2.0600483417510986,10.717752456665039
TRAIN,5a064706,23,0,1,6,1,1,0,14.5,0.9999995231628418,0.2951260805130005,0.31286174058914185,3,-0.017735660076141357,14.741722106933594,2.6448757648468018,13.966310501098633
TRAIN,5a064706,23,1,2,6,1,1,0,14.125,0.9999992847442627,0.37321916222572327,0.3850155770778656,3,-0.011796414852142334,10.317587852478027,2.180283546447754,9.397700309753418
TRAIN,5a064706,23,2,3,6,1,0,1,-1.8125,0.14033624529838562,,,,,0.0,0.0,2.8216605186462402
TRAIN,5a064706,23,3,4,6,1,1,0,12.5,0.9999963045120239,0.38260555267333984,0.4101179242134094,5,-0.02751237154006958,10.063422203063965,2.039658546447754,8.955188751220703
TRAIN,5a064706,23,4,5,6,1,1,0,7.09375,0.9991704225540161,0.3102198541164398,0.3166593015193939,6,-0.0064394474029541016,11.992178916931152,1.9506734609603882,11.399744033813477
TRAIN,5a064706,23,5,6,6,1,1,0,6.03125,0.9976032376289368,0.3101038336753845,0.2978876531124115,5,0.012216180562973022,11.80777645111084,2.2944233417510986,11.3203125
TRAIN,5a064706,24,0,1,6,1,1,0,14.8125,0.9999996423721313,0.331278532743454,0.34858810901641846,3,-0.017309576272964478,10.91634464263916,2.188096046447754,10.117714881896973
TRAIN,5a064706,24,1,2,6,1,1,0,13.875,0.9999990463256836,0.294831782579422,0.3160996735095978,3,-0.02126789093017578,11.03150463104248,2.227158546447754,10.229864120483398
TRAIN,5a064706,24,2,3,6,1,0,1,-0.5546875,0.3647775650024414,,,,,0.0,0.0,2.8216605186462402
TRAIN,5a064706,24,3,4,6,1,1,0,13.375,0.9999984502792358,0.27698516845703125,0.2989419996738434,5,-0.021956831216812134,10.366450309753418,2.031846046447754,9.57101058959961
TRAIN,5a064706,24,4,5,6,1,1,0,6.6875,0.9987550973892212,0.2953387498855591,0.31365346908569336,6,-0.018314719200134277,10.731389045715332,1.8353058099746704,10.156631469726562
TRAIN,5a064706,24,5,6,6,1,1,0,5.8125,0.9970190525054932,0.3143370449542999,0.3126161992549896,5,0.0017208456993103027,11.698081016540527,2.3256733417510986,11.168619155883789
TRAIN,5a064706,25,0,1,6,1,1,0,15.0625,0.9999997615814209,0.344422310590744,0.36654576659202576,5,-0.02212345600128174,10.638077735900879,1.8910915851593018,9.929535865783691
TRAIN,5a064706,25,1,2,6,1,1,0,14.0625,0.9999991655349731,0.36667969822883606,0.3778621554374695,3,-0.011182457208633423,10.39269733428955,2.102158546447754,9.523029327392578
TRAIN,5a064706,25,2,3,6,1,1,0,5.71875,0.9967268705368042,0.4884999990463257,0.4955160915851593,1,-0.007016092538833618,9.68994140625,1.6399933099746704,8.74578857421875
TRAIN,5a064706,25,3,4,6,1,1,0,13.8125,0.9999990463256836,0.31453174352645874,0.34001368284225464,5,-0.0254819393157959,9.784412384033203,1.6850484609603882,9.062090873718262
TRAIN,5a064706,25,4,5,6,1,1,0,6.40625,0.9983515739440918,0.23919428884983063,0.2542513608932495,6,-0.015057072043418884,12.002792358398438,2.4819233417510986,11.723523139953613
TRAIN,5a064706,25,5,6,6,1,1,0,5.71875,0.9967268705368042,0.2976128160953522,0.30322521924972534,5,-0.005612403154373169,13.42409896850586,2.8412983417510986,12.9385347366333
TRAIN,5a064706,26,0,1,6,1,1,0,15.125,0.9999997615814209,0.2750905454158783,0.28972867131233215,3,-0.014638125896453857,12.019280433654785,2.3948757648468018,11.415294647216797
TRAIN,5a064706,26,1,2,6,1,1,0,13.375,0.9999984502792358,0.3287474811077118,0.34533095359802246,3,-0.01658347249031067,10.703611373901367,2.149033546447754,9.877161979675293
TRAIN,5a064706,26,2,3,6,1,1,0,5.5,0.9959298968315125,0.48803946375846863,0.48752447962760925,5,0.000514984130859375,11.041753768920898,1.7702245712280273,9.952173233032227
TRAIN,5a064706,26,3,4,6,1,1,0,14.125,0.9999992847442627,0.3106788396835327,0.3392367660999298,5,-0.028557926416397095,10.886296272277832,2.1292507648468018,10.215180397033691
TRAIN,5a064706,26,4,5,6,1,1,0,5.5625,0.9961755275726318,0.32029101252555847,0.3231376111507416,6,-0.0028465986251831055,12.47700309753418,2.0287983417510986,12.000083923339844
TRAIN,5a064706,26,5,6,6,1,1,0,4.6875,0.9908744096755981,0.27940577268600464,0.27878111600875854,5,0.0006246566772460938,13.04084300994873,2.6694233417510986,12.51409912109375
TRAIN,5a064706,27,0,1,6,1,1,0,14.875,0.9999996423721313,0.35167819261550903,0.36763858795166016,5,-0.015960395336151123,11.00757122039795,2.2073757648468018,10.397808074951172
TRAIN,5a064706,27,1,2,6,1,1,0,14.625,0.9999995231628418,0.3500378131866455,0.36658501625061035,3,-0.016547203063964844,11.295150756835938,2.461533546447754,10.43044662475586
TRAIN,5a064706,27,2,3,6,1,1,0,5.6875,0.9966233968734741,0.4309283494949341,0.4476661682128906,6,-0.016737818717956543,10.423049926757812,1.7276583909988403,9.618413925170898
TRAIN,5a064706,27,3,4,6,1,1,0,13.0,0.9999977350234985,0.366291880607605,0.39413100481033325,1,-0.02783912420272827,10.219646453857422,1.852158546447754,9.504633903503418
TRAIN,5a064706,27,4,5,6,1,1,0,3.796875,0.9780517220497131,0.2855607867240906,0.27922993898391724,6,0.00633084774017334,12.106888771057129,2.1488471031188965,11.591495513916016
TRAIN,5a064706,27,5,6,6,1,1,0,3.40625,0.9678993225097656,0.29366394877433777,0.2858760356903076,5,0.007787913084030151,12.127803802490234,2.1694233417510986,11.628215789794922
TRAIN,5a064706,28,0,1,6,1,1,0,15.0,0.9999996423721313,0.3450356721878052,0.34586769342422485,3,-0.0008320212364196777,10.763776779174805,2.0355007648468018,10.200139999389648
TRAIN,5a064706,28,1,2,6,1,1,0,14.125,0.9999992847442627,0.3322318494319916,0.34846818447113037,3,-0.016236335039138794,10.909757614135742,2.453721046447754,10.058954238891602
TRAIN,5a064706,28,2,3,6,1,1,0,7.65625,0.9995272159576416,0.5001169443130493,0.5065381526947021,5,-0.006421208381652832,9.944225311279297,1.5618683099746704,8.911006927490234
TRAIN,5a064706,28,3,4,6,1,1,0,12.75,0.9999971389770508,0.39893844723701477,0.42743128538131714,5,-0.028492838144302368,11.247390747070312,2.438096046447754,10.091496467590332
TRAIN,5a064706,28,4,5,6,1,1,0,6.5,0.998498797416687,0.36982297897338867,0.3514196574687958,6,0.018403321504592896,13.625481605529785,2.2809290885925293,12.908076286315918
TRAIN,5a064706,28,5,6,6,1,1,0,5.46875,0.9958011507987976,0.253291517496109,0.2512594759464264,5,0.002032041549682617,14.852293014526367,2.8725483417510986,14.655317306518555
TRAIN,5a064706,29,0,1,6,1,1,0,15.0625,0.9999997615814209,0.380550354719162,0.3768550753593445,2,0.003695279359817505,10.963171005249023,2.0042507648468018,10.445836067199707
TRAIN,5a064706,29,1,2,6,1,1,0,14.375,0.9999994039535522,0.4308660626411438,0.44393759965896606,3,-0.013071537017822266,9.5498628616333,1.781846046447754,8.676154136657715
TRAIN,5a064706,29,2,3,6,1,1,0,6.78125,0.9988664388656616,0.5375188589096069,0.5435378551483154,6,-0.006018996238708496,9.20208740234375,1.516221046447754,8.09139633178711
TRAIN,5a064706,29,3,4,6,1,1,0,13.125,0.9999979734420776,0.4720640480518341,0.5014575123786926,5,-0.02939346432685852,9.5831937789917,1.813096046447754,8.469773292541504
TRAIN,5a064706,29,4,5,6,1,1,0,5.90625,0.997285008430481,0.36508363485336304,0.3459952771663666,6,0.01908835768699646,14.581981658935547,2.41343092918396,13.895122528076172
TRAIN,5a064706,29,5,6,6,1,1,0,5.59375,0.996292769908905,0.3222872316837311,0.3304196298122406,5,-0.008132398128509521,12.765799522399902,1.9698458909988403,12.126166343688965
TRAIN,5a064706,30,0,1,6,1,1,0,14.125,0.9999992847442627,0.4991356432437897,0.48269742727279663,3,0.016438215970993042,10.168254852294922,1.6868683099746704,9.174296379089355
TRAIN,5a064706,30,1,2,6,1,1,0,13.6875,0.9999988079071045,0.45483988523483276,0.47009822726249695,1,-0.015258342027664185,9.656614303588867,1.680283546447754,8.829440116882324
TRAIN,5a064706,30,2,3,6,1,1,0,7.90625,0.9996316432952881,0.499778151512146,0.5115290284156799,1,-0.011750876903533936,11.49730396270752,1.8057833909988403,10.807581901550293
TRAIN,5a064706,30,3,4,6,1,1,0,11.9375,0.9999934434890747,0.4252311587333679,0.4496891498565674,5,-0.024457991123199463,10.713210105895996,1.8274933099746704,9.725717544555664
TRAIN,5a064706,30,4,5,6,1,1,0,5.4375,0.9956685304641724,0.37676939368247986,0.35114315152168274,6,0.02562624216079712,14.418112754821777,2.39780592918396,13.75463581085205
TRAIN,5a064706,30,5,6,6,1,1,0,4.40625,0.9879462122917175,0.3275318741798401,0.3376682698726654,5,-0.010136395692825317,13.855201721191406,2.11655592918396,13.309473991394043
TRAIN,5a064706,31,0,1,6,1,1,0,14.625,0.9999995231628418,0.38351061940193176,0.3790243864059448,3,0.0044862329959869385,15.7681303024292,2.602158546447754,14.942061424255371
TRAIN,5a064706,31,1,2,6,1,1,0,14.625,0.9999995231628418,0.3933509588241577,0.4197757840156555,5,-0.026424825191497803,11.3932466506958,2.359971046447754,10.437247276306152
TRAIN,5a064706,31,2,3,6,1,1,0,10.3125,0.9999667406082153,0.47594159841537476,0.4741271734237671,1,0.001814424991607666,11.039091110229492,2.344346046447754,10.057848930358887
TRAIN,5a064706,31,3,4,6,1,1,0,12.75,0.9999971389770508,0.3906939923763275,0.41638001799583435,5,-0.025686025619506836,10.634855270385742,2.383408546447754,9.545697212219238
TRAIN,5a064706,31,4,5,6,1,1,0,4.8125,0.9919379353523254,0.3309095501899719,0.3104836642742157,6,0.020425885915756226,13.2371187210083,2.28061842918396,12.522651672363281
TRAIN,5a064706,31,5,6,6,1,1,0,3.171875,0.9597620368003845,0.3001105487346649,0.31032997369766235,5,-0.010219424962997437,14.078733444213867,2.29624342918396,13.579963684082031
TRAIN,5a064706,32,0,1,6,1,1,0,14.9375,0.9999996423721313,0.3780077397823334,0.42228713631629944,5,-0.044279396533966064,10.49298095703125,1.7229706048965454,9.800259590148926
TRAIN,5a064706,32,1,2,6,1,1,0,14.9375,0.9999996423721313,0.42250311374664307,0.4394185245037079,3,-0.01691541075706482,10.053348541259766,1.797471046447754,9.17234992980957
TRAIN,5a064706,32,2,3,6,1,1,0,10.8125,0.9999798536300659,0.4553757309913635,0.4512592554092407,5,0.004116475582122803,10.210933685302734,1.7151581048965454,9.348456382751465
TRAIN,5a064706,32,3,4,6,1,1,0,13.8125,0.9999990463256836,0.3848781883716583,0.4078569710254669,3,-0.022978782653808594,11.228732109069824,2.102158546447754,10.255400657653809
TRAIN,5a064706,32,4,5,6,1,1,0,5.78125,0.9969245791435242,0.32968869805336,0.33016157150268555,3,-0.0004728734493255615,13.407915115356445,2.06968092918396,12.761445999145508
TRAIN,5a064706,32,5,6,6,1,1,0,2.78125,0.9416541457176208,0.3073517680168152,0.31172049045562744,3,-0.004368722438812256,14.805011749267578,2.267925500869751,14.22932243347168
TRAIN,5a064706,33,0,1,6,1,1,0,14.25,0.9999994039535522,0.42926087975502014,0.45058906078338623,3,-0.02132818102836609,10.976588249206543,1.8600994348526,10.045799255371094
TRAIN,5a064706,33,1,2,6,1,1,0,14.875,0.9999996423721313,0.4522818624973297,0.4732603430747986,5,-0.020978480577468872,10.720959663391113,1.8051540851593018,9.879341125488281
TRAIN,5a064706,33,2,3,6,1,1,0,12.0,0.9999938011169434,0.41251981258392334,0.400321364402771,2,0.012198448181152344,11.29784870147705,2.172471046447754,10.322077751159668
TRAIN,5a064706,33,3,4,6,1,1,0,14.25,0.9999994039535522,0.46327143907546997,0.48286280035972595,5,-0.01959136128425598,10.805779457092285,1.859971046447754,9.725950241088867
TRAIN,5a064706,33,4,5,6,1,1,0,6.21875,0.9980121850967407,0.323051393032074,0.3424091637134552,3,-0.019357770681381226,12.762957572937012,2.4270455837249756,12.04310131072998
TRAIN,5a064706,33,5,6,6,1,1,0,4.28125,0.9863631129264832,0.32092776894569397,0.33596500754356384,5,-0.015037238597869873,13.502090454101562,2.1850483417510986,12.830853462219238
TRAIN,5a064706,34,0,1,6,1,1,0,14.9375,0.9999996423721313,0.411941796541214,0.4157271385192871,3,-0.00378534197807312,11.490447044372559,2.399033546447754,10.441290855407715
TRAIN,5a064706,34,1,2,6,1,1,0,15.3125,0.9999997615814209,0.3592054545879364,0.37784746289253235,5,-0.018642008304595947,11.571024894714355,2.219346046447754,10.731420516967773
TRAIN,5a064706,34,2,3,6,1,1,0,13.125,0.9999979734420776,0.31764844059944153,0.31889158487319946,5,-0.0012431442737579346,14.449892044067383,3.008408546447754,13.457493782043457
TRAIN,5a064706,34,3,4,6,1,1,0,13.5625,0.9999986886978149,0.3032873868942261,0.3242417871952057,5,-0.020954400300979614,12.514196395874023,2.805283546447754,11.536552429199219
TRAIN,5a064706,34,4,5,6,1,1,0,5.3125,0.9950946569442749,0.3681095540523529,0.37650635838508606,6,-0.008396804332733154,12.109452247619629,2.1108791828155518,11.459908485412598
TRAIN,5a064706,34,5,6,6,1,1,0,3.75,0.977022647857666,0.2778341472148895,0.2793332040309906,5,-0.0014990568161010742,14.492120742797852,3.0444233417510986,14.12024211883545
TRAIN,5a064706,35,0,1,6,1,1,0,15.1875,0.9999997615814209,0.33199217915534973,0.3493671417236328,5,-0.01737496256828308,12.446627616882324,2.774033546447754,11.509919166564941
TRAIN,5a064706,35,1,2,6,1,1,0,14.8125,0.9999996423721313,0.2962878942489624,0.325458824634552,5,-0.0291709303855896,12.58747386932373,2.422471046447754,11.815053939819336
TRAIN,5a064706,35,2,3,6,1,1,0,13.4375,0.9999985694885254,0.25285497307777405,0.2723916172981262,5,-0.019536644220352173,13.3056001663208,2.664658546447754,12.538176536560059
TRAIN,5a064706,35,3,4,6,1,1,0,13.4375,0.9999985694885254,0.2905944585800171,0.32757455110549927,5,-0.03698009252548218,12.244278907775879,2.266221046447754,11.30859375
TRAIN,5a064706,35,4,5,6,1,1,0,5.40625,0.9955315589904785,0.23662003874778748,0.2508273124694824,6,-0.014207273721694946,12.245088577270508,2.2787983417510986,11.799013137817383
TRAIN,5a064706,35,5,6,6,1,1,0,3.515625,0.9711290597915649,0.23025542497634888,0.2289220690727234,5,0.0013333559036254883,14.289545059204102,2.9662983417510986,13.958176612854004
TRAIN,5a064706,36,0,1,6,1,1,0,15.25,0.9999997615814209,0.31671464443206787,0.332937628030777,5,-0.016222983598709106,10.954861640930176,2.203721046447754,10.08544921875
TRAIN,5a064706,36,1,2,6,1,1,0,15.0,0.9999996423721313,0.39962321519851685,0.4326949119567871,5,-0.033071696758270264,11.129079818725586,2.320908546447754,10.1768217086792
TRAIN,5a064706,36,2,3,6,1,1,0,13.3125,0.9999983310699463,0.27011218667030334,0.2830599546432495,5,-0.012947767972946167,12.682974815368652,2.555283546447754,11.9037446975708
TRAIN,5a064706,36,3,4,6,1,1,0,12.8125,0.9999972581863403,0.25059348344802856,0.26794883608818054,5,-0.017355352640151978,12.365558624267578,2.883408546447754,11.500990867614746
TRAIN,5a064706,36,4,5,6,1,1,0,5.03125,0.9935117363929749,0.23207150399684906,0.23621511459350586,6,-0.004143610596656799,14.603191375732422,3.0131733417510986,14.287012100219727
TRAIN,5a064706,36,5,6,6,1,1,0,3.265625,0.963230550289154,0.22491440176963806,0.2228718101978302,5,0.0020425915718078613,14.498169898986816,2.9506733417510986,14.171426773071289
TRAIN,5a064706,37,0,1,6,1,1,0,14.75,0.9999996423721313,0.24989591538906097,0.2726616859436035,5,-0.02276577055454254,11.529919624328613,2.359971046447754,10.732799530029297
TRAIN,5a064706,37,1,2,6,1,1,0,15.625,0.9999998807907104,0.29710784554481506,0.3373820185661316,5,-0.04027417302131653,12.666821479797363,2.649033546447754,11.791980743408203
TRAIN,5a064706,37,2,3,6,1,1,0,13.25,0.9999982118606567,0.28826969861984253,0.30027300119400024,5,-0.012003302574157715,11.587044715881348,2.406846046447754,10.769183158874512
TRAIN,5a064706,37,3,4,6,1,1,0,13.0625,0.9999978542327881,0.23868761956691742,0.26607972383499146,5,-0.027392104268074036,14.05998706817627,2.774033546447754,13.262697219848633
TRAIN,5a064706,37,4,5,6,1,1,0,5.03125,0.9935117363929749,0.24778473377227783,0.24614767730236053,6,0.0016370564699172974,14.913776397705078,2.9819233417510986,14.527627944946289
TRAIN,5a064706,37,5,6,6,1,1,0,3.296875,0.9643214344978333,0.1970130354166031,0.19403645396232605,5,0.0029765814542770386,15.650275230407715,3.2787983417510986,15.397711753845215
TRAIN,5a064706,38,0,1,6,1,1,0,15.375,0.9999997615814209,0.24229711294174194,0.2592380940914154,5,-0.016940981149673462,12.259383201599121,2.524033546447754,11.54196548461914
TRAIN,5a064706,38,1,2,6,1,1,0,16.0,0.9999998807907104,0.34387263655662537,0.3622646927833557,5,-0.018392056226730347,10.887109756469727,2.266221046447754,10.119783401489258
TRAIN,5a064706,38,2,3,6,1,1,0,13.9375,0.9999991655349731,0.28065282106399536,0.2791212499141693,5,0.0015315711498260498,12.608988761901855,2.774033546447754,11.834548950195312
TRAIN,5a064706,38,3,4,6,1,1,0,12.3125,0.9999954700469971,0.28248172998428345,0.307946115732193,5,-0.025464385747909546,11.766962051391602,2.453721046447754,10.832353591918945
TRAIN,5a064706,38,4,5,6,1,1,0,4.75,0.9914224743843079,0.28628894686698914,0.2774052023887634,6,0.008883744478225708,13.762720108032227,2.5444233417510986,13.21790599822998
TRAIN,5a064706,38,5,6,6,1,1,0,3.1875,0.9603611826896667,0.20664282143115997,0.2030140608549118,5,0.003628760576248169,15.25631332397461,3.1225483417510986,14.978946685791016
TRAIN,5a064706,39,0,1,6,1,1,0,15.6875,0.9999998807907104,0.24805223941802979,0.2731228172779083,5,-0.02507057785987854,10.546036720275879,2.102158546447754,9.762574195861816
TRAIN,5a064706,39,1,2,6,1,1,0,15.25,0.9999997615814209,0.4156200885772705,0.4513057768344879,5,-0.03568568825721741,10.085420608520508,1.6176540851593018,9.161759376525879
TRAIN,5a064706,39,2,3,6,1,1,0,13.375,0.9999984502792358,0.313693642616272,0.3176388144493103,5,-0.00394517183303833,10.787164688110352,2.195908546447754,9.951689720153809
TRAIN,5a064706,39,3,4,6,1,1,0,13.0,0.9999977350234985,0.27022987604141235,0.2998257279396057,5,-0.02959585189819336,11.086549758911133,2.344346046447754,10.147428512573242
TRAIN,5a064706,39,4,5,6,1,1,0,3.09375,0.9566342234611511,0.2614336311817169,0.26812806725502014,6,-0.006694436073303223,12.169005393981934,2.1694233417510986,11.618963241577148
TRAIN,5a064706,39,5,6,6,1,1,0,2.203125,0.9005298018455505,0.2979483902454376,0.30467885732650757,5,-0.006730467081069946,13.513503074645996,2.1493337154388428,12.903389930725098
TRAIN,5a064706,40,0,1,6,1,1,0,14.9375,0.9999996423721313,0.41359761357307434,0.42212703824043274,2,-0.008529424667358398,8.754804611206055,1.6295995712280273,7.882414817810059
TRAIN,5a064706,40,1,2,6,1,1,0,14.5,0.9999995231628418,0.4366169273853302,0.46044135093688965,3,-0.023824423551559448,10.546908378601074,1.7660915851593018,9.745467185974121
TRAIN,5a064706,40,2,3,6,1,1,0,12.1875,0.9999948740005493,0.37956365942955017,0.3700003921985626,2,0.009563267230987549,10.512482643127441,1.774033546447754,9.605443954467773
TRAIN,5a064706,40,3,4,6,1,1,0,12.3125,0.9999954700469971,0.388712078332901,0.4167118966579437,3,-0.027999818325042725,10.12087631225586,1.906846046447754,9.139554023742676
TRAIN,5a064706,40,4,5,6,1,1,0,2.625,0.9324532747268677,0.25536176562309265,0.2608172297477722,3,-0.005455464124679565,11.859223365783691,1.8274933099746704,11.2648286819458
TRAIN,5a064706,40,5,6,6,1,1,0,1.4765625,0.8140527606010437,0.23952171206474304,0.23885147273540497,3,0.0006702393293380737,12.883262634277344,2.0364205837249756,12.391111373901367
TRAIN,5a064706,41,0,1,6,1,1,0,14.8125,0.9999996423721313,0.26778241991996765,0.2911171019077301,3,-0.02333468198776245,11.220356941223145,2.125596046447754,10.374128341674805
TRAIN,5a064706,41,1,2,6,1,1,0,13.9375,0.9999991655349731,0.4200159013271332,0.43422555923461914,3,-0.014209657907485962,9.983011245727539,2.039658546447754,9.034732818603516
TRAIN,5a064706,41,2,3,6,1,1,0,12.875,0.9999974966049194,0.31160542368888855,0.3196382522583008,5,-0.008032828569412231,11.919143676757812,2.508408546447754,10.979299545288086
TRAIN,5a064706,41,3,4,6,1,1,0,13.8125,0.9999990463256836,0.3121434450149536,0.336688369512558,5,-0.02454492449760437,10.70789909362793,2.250596046447754,9.684814453125
TRAIN,5a064706,41,4,5,6,1,1,0,2.609375,0.9314625263214111,0.29967010021209717,0.3212312161922455,6,-0.021561115980148315,10.338217735290527,1.7854706048965454,9.660346984863281
TRAIN,5a064706,41,5,6,6,1,1,0,1.71875,0.8479677438735962,0.2906189560890198,0.2663261592388153,5,0.024292796850204468,9.778203964233398,1.5678609609603882,9.259902000427246
TRAIN,5a064706,42,0,1,6,1,1,0,15.1875,0.9999997615814209,0.2095085233449936,0.23456428945064545,5,-0.025055766105651855,14.019043922424316,2.5980007648468018,13.35689640045166
TRAIN,5a064706,42,1,2,6,1,1,0,15.875,0.9999998807907104,0.32419002056121826,0.34778210520744324,3,-0.023592084646224976,10.826218605041504,2.281846046447754,9.986469268798828
TRAIN,5a064706,42,2,3,6,1,1,0,12.875,0.9999974966049194,0.28630492091178894,0.3029738664627075,5,-0.01666894555091858,12.050047874450684,2.586533546447754,11.148802757263184
TRAIN,5a064706,42,3,4,6,1,1,0,14.5,0.9999995231628418,0.30532675981521606,0.3364224135875702,5,-0.031095653772354126,10.440314292907715,1.8323757648468018,9.640913009643555
TRAIN,5a064706,42,4,5,6,1,1,0,1.7890625,0.8568122982978821,0.3016447424888611,0.3310231566429138,6,-0.029378414154052734,11.022420883178711,1.8100800514221191,10.622393608093262
TRAIN,5a064706,42,5,6,6,1,1,0,1.8359375,0.8624675869941711,0.29421454668045044,0.26326337456703186,5,0.03095117211341858,10.201326370239258,1.7787984609603882,9.702279090881348
TRAIN,5a064706,43,0,1,6,1,1,0,15.0,0.9999996423721313,0.4242827892303467,0.4424225091934204,5,-0.01813971996307373,9.174783706665039,1.5931183099746704,8.265532493591309
TRAIN,5a064706,43,1,2,6,1,1,0,14.0,0.9999991655349731,0.41681256890296936,0.43819883465766907,1,-0.021386265754699707,10.862061500549316,1.9290558099746704,10.178841590881348
TRAIN,5a064706,43,2,3,6,1,1,0,12.4375,0.9999960660934448,0.4570785462856293,0.48529496788978577,5,-0.028216421604156494,10.985730171203613,1.8207790851593018,10.152253150939941
TRAIN,5a064706,43,3,4,6,1,1,0,13.5,0.9999985694885254,0.4295041561126709,0.45860815048217773,5,-0.029103994369506836,10.917824745178223,1.8832790851593018,10.137179374694824
TRAIN,5a064706,43,4,5,6,1,1,0,1.3046875,0.7866228222846985,0.38594865798950195,0.40743622183799744,6,-0.021487563848495483,13.228778839111328,2.147810935974121,12.680435180664062
TRAIN,5a064706,43,5,6,6,1,1,0,1.140625,0.7577943801879883,0.3858116865158081,0.3576248586177826,5,0.028186827898025513,12.648221969604492,2.008908271789551,12.210887908935547
TRAIN,5a064706,44,0,1,6,1,1,0,15.375,0.9999997615814209,0.37025508284568787,0.3958427309989929,5,-0.025587648153305054,10.4713716506958,2.086533546447754,9.468186378479004
TRAIN,5a064706,44,1,2,6,1,1,0,16.0,0.9999998807907104,0.45612120628356934,0.4915277063846588,5,-0.03540650010108948,10.848055839538574,2.039658546447754,9.732891082763672
TRAIN,5a064706,44,2,3,6,1,1,0,13.0625,0.9999978542327881,0.3378411531448364,0.3534846305847168,5,-0.01564347743988037,10.616947174072266,2.297471046447754,9.698533058166504
TRAIN,5a064706,44,3,4,6,1,1,0,13.625,0.9999988079071045,0.29147446155548096,0.31714069843292236,5,-0.025666236877441406,11.900382995605469,2.461533546447754,10.898950576782227
TRAIN,5a064706,44,4,5,6,1,1,0,2.015625,0.8824278712272644,0.37809500098228455,0.41259971261024475,6,-0.034504711627960205,11.492304801940918,1.8431183099746704,10.97933292388916
TRAIN,5a064706,44,5,6,6,1,1,0,1.65625,0.8397339582443237,0.3755089342594147,0.3463197350502014,5,0.029189199209213257,11.920926094055176,1.9056183099746704,11.405901908874512
TRAIN,5a064706,45,0,1,6,1,1,0,15.1875,0.9999997615814209,0.34495809674263,0.3655748963356018,3,-0.020616799592971802,10.619307518005371,1.727158546447754,9.655460357666016
TRAIN,5a064706,45,1,2,6,1,1,0,15.8125,0.9999998807907104,0.4205765128135681,0.4401785135269165,5,-0.01960200071334839,9.477177619934082,1.922471046447754,8.456284523010254
TRAIN,5a064706,45,2,3,6,1,1,0,13.0,0.9999977350234985,0.31367912888526917,0.3174588084220886,5,-0.003779679536819458,10.925681114196777,2.461533546447754,9.968963623046875
TRAIN,5a064706,45,3,4,6,1,1,0,13.125,0.9999979734420776,0.2779219150543213,0.2988011837005615,5,-0.020879268646240234,11.237039566040039,2.195908546447754,10.330293655395508
TRAIN,5a064706,45,4,5,6,1,1,0,2.15625,0.896251380443573,0.23676155507564545,0.259915292263031,6,-0.02315373718738556,11.713550567626953,2.2944233417510986,11.32253360748291
TRAIN,5a064706,45,5,6,6,1,1,0,1.9296875,0.873214840888977,0.2463957667350769,0.22660604119300842,5,0.01978972554206848,12.219608306884766,2.5287983417510986,11.881491661071777
TRAIN,5a064706,46,0,1,6,1,1,0,15.75,0.9999998807907104,0.33799147605895996,0.35822275280952454,5,-0.020231276750564575,9.561507225036621,1.805283546447754,8.591645240783691
TRAIN,5a064706,46,1,2,6,1,1,0,15.0,0.9999996423721313,0.4569229185581207,0.4896797239780426,5,-0.032756805419921875,10.025612831115723,1.922471046447754,8.871697425842285
TRAIN,5a064706,46,2,3,6,1,1,0,11.625,0.9999910593032837,0.361134797334671,0.37517043948173523,5,-0.014035642147064209,11.394513130187988,2.359971046447754,10.448904991149902
TRAIN,5a064706,46,3,4,6,1,1,0,12.75,0.9999971389770508,0.25638893246650696,0.2753061056137085,5,-0.018917173147201538,11.386625289916992,2.508408546447754,10.468667030334473
TRAIN,5a064706,46,4,5,6,1,1,0,2.671875,0.9353464841842651,0.22695763409137726,0.24373678863048553,6,-0.016779154539108276,12.019355773925781,2.5444233417510986,11.657602310180664
TRAIN,5a064706,46,5,6,6,1,1,0,2.140625,0.894789457321167,0.22239457070827484,0.20338237285614014,5,0.019012197852134705,13.709729194641113,3.0912983417510986,13.557957649230957
TRAIN,5a064706,47,0,1,6,1,1,0,15.75,0.9999998807907104,0.35170474648475647,0.36230242252349854,5,-0.010597676038742065,8.993509292602539,1.688096046447754,8.15851879119873
TRAIN,5a064706,47,1,2,6,1,1,0,14.4375,0.9999994039535522,0.37339910864830017,0.3942790925502777,5,-0.02087998390197754,9.703035354614258,1.953721046447754,8.760305404663086
TRAIN,5a064706,47,2,3,6,1,1,0,12.875,0.9999974966049194,0.3534219563007355,0.3684825897216797,5,-0.015060633420944214,11.499922752380371,2.383408546447754,10.509150505065918
TRAIN,5a064706,47,3,4,6,1,1,0,13.1875,0.9999980926513672,0.3416893482208252,0.38049039244651794,5,-0.03880104422569275,12.367729187011719,2.1136257648468018,11.462668418884277
TRAIN,5a064706,47,4,5,6,1,1,0,3.234375,0.9621075391769409,0.3204323351383209,0.32602745294570923,3,-0.005595117807388306,12.313833236694336,2.258408546447754,11.653701782226562
TRAIN,5a064706,47,5,6,6,1,1,0,2.5,0.9241418242454529,0.3489244282245636,0.3357439637184143,3,0.013180464506149292,11.576748847961426,2.0600483417510986,10.979257583618164
TRAIN,5a064706,48,0,1,6,1,1,0,15.1875,0.9999997615814209,0.31117120385169983,0.3413589298725128,5,-0.03018772602081299,10.030304908752441,1.7024933099746704,9.234196662902832
TRAIN,5a064706,48,1,2,6,1,1,0,14.5,0.9999995231628418,0.38095900416374207,0.407952219247818,3,-0.026993215084075928,9.172507286071777,1.695908546447754,8.22536563873291
TRAIN,5a064706,48,2,3,6,1,1,0,11.4375,0.9999892711639404,0.3584643006324768,0.3637463450431824,5,-0.005282044410705566,10.95438003540039,2.508408546447754,9.951180458068848
TRAIN,5a064706,48,3,4,6,1,1,0,12.25,0.999995231628418,0.38416141271591187,0.4020237624645233,5,-0.01786234974861145,9.813539505004883,2.219346046447754,8.771172523498535
TRAIN,5a064706,48,4,5,6,1,1,0,3.921875,0.9805806875228882,0.3541112244129181,0.35990965366363525,3,-0.005798429250717163,11.307256698608398,2.102158546447754,10.393196105957031
TRAIN,5a064706,48,5,6,6,1,1,0,2.765625,0.9407896995544434,0.25259047746658325,0.2403670847415924,3,0.012223392724990845,12.990507125854492,2.6225483417510986,12.637588500976562
TRAIN,5a064706,49,0,1,6,1,1,0,15.6875,0.9999998807907104,0.28862735629081726,0.31892749667167664,5,-0.030300140380859375,9.940690994262695,1.688096046447754,9.150938987731934
TRAIN,5a064706,49,1,2,6,1,1,0,14.25,0.9999994039535522,0.36404940485954285,0.3789430856704712,3,-0.014893680810928345,9.312077522277832,1.969346046447754,8.357569694519043
TRAIN,5a064706,49,2,3,6,1,1,0,12.6875,0.9999969005584717,0.37395891547203064,0.3747088611125946,5,-0.0007499456405639648,10.875319480895996,2.078721046447754,9.830925941467285
TRAIN,5a064706,49,3,4,6,1,1,0,12.5625,0.999996542930603,0.3186286985874176,0.3388361930847168,5,-0.020207494497299194,11.002815246582031,2.492783546447754,10.04977798461914
TRAIN,5a064706,49,4,5,6,1,1,0,4.5,0.9890130758285522,0.3157307505607605,0.2995295822620392,3,0.016201168298721313,13.462315559387207,2.524033546447754,12.833364486694336
TRAIN,5a064706,49,5,6,6,1,1,0,2.890625,0.9473810195922852,0.28345564007759094,0.2793040871620178,5,0.00415155291557312,14.202202796936035,2.9662983417510986,13.751998901367188
TRAIN,5a064706,50,0,1,6,1,1,0,14.6875,0.9999995231628418,0.3158528208732605,0.36989694833755493,5,-0.054044127464294434,9.913543701171875,1.5931183099746704,9.070928573608398
TRAIN,5a064706,50,1,2,6,1,1,0,13.875,0.9999990463256836,0.39851731061935425,0.41899341344833374,5,-0.020476102828979492,8.837736129760742,1.711533546447754,7.961628437042236
TRAIN,5a064706,50,2,3,6,1,1,0,13.25,0.9999982118606567,0.3999841511249542,0.42177262902259827,5,-0.021788477897644043,10.723152160644531,2.219346046447754,9.852455139160156
TRAIN,5a064706,50,3,4,6,1,1,0,13.1875,0.9999980926513672,0.33488214015960693,0.36464476585388184,5,-0.029762625694274902,11.306109428405762,2.383408546447754,10.238932609558105
TRAIN,5a064706,50,4,5,6,1,1,0,5.25,0.9947799444198608,0.39129751920700073,0.3646738827228546,6,0.026623636484146118,12.2349271774292,2.258408546447754,11.428974151611328
TRAIN,5a064706,50,5,6,6,1,1,0,3.15625,0.9591543078422546,0.33657610416412354,0.33290964365005493,5,0.0036664605140686035,13.182013511657715,2.5287983417510986,12.667874336242676
TRAIN,5a064706,51,0,1,6,1,1,0,13.25,0.9999982118606567,0.4292776882648468,0.46506544947624207,5,-0.035787761211395264,9.336148262023926,1.5462433099746704,8.445948600769043
TRAIN,5a064706,51,1,2,6,1,1,0,12.5625,0.999996542930603,0.41792047023773193,0.442764014005661,1,-0.024843543767929077,9.34337329864502,1.7103058099746704,8.479338645935059
TRAIN,5a064706,51,2,3,6,1,1,0,12.3125,0.9999954700469971,0.4236488938331604,0.43913742899894714,5,-0.015488535165786743,10.136356353759766,1.938096046447754,9.258139610290527
TRAIN,5a064706,51,3,4,6,1,1,0,10.75,0.9999785423278809,0.3824434280395508,0.406537264585495,5,-0.024093836545944214,10.982062339782715,1.8978058099746704,10.20384693145752
TRAIN,5a064706,51,4,5,6,1,1,0,4.34375,0.9871788024902344,0.3436407744884491,0.3295723497867584,1,0.014068424701690674,13.125590324401855,2.14780592918396,12.593274116516113
TRAIN,5a064706,51,5,6,6,1,1,0,2.578125,0.929440438747406,0.33234718441963196,0.3276667296886444,5,0.004680454730987549,13.949837684631348,2.341010093688965,13.438788414001465
TRAIN,5a064706,52,0,1,6,1,1,0,13.8125,0.9999990463256836,0.4012822210788727,0.40255025029182434,2,-0.0012680292129516602,9.05550479888916,1.4932833909988403,8.391812324523926
TRAIN,5a064706,52,1,2,6,1,1,0,11.8125,0.9999926090240479,0.4526190757751465,0.4886316955089569,5,-0.036012619733810425,10.18040943145752,1.7337433099746704,9.061975479125977
TRAIN,5a064706,52,2,3,6,1,1,0,11.75,0.9999921321868896,0.39796364307403564,0.426998496055603,5,-0.029034852981567383,11.330916404724121,1.828721046447754,10.459407806396484
TRAIN,5a064706,52,3,4,6,1,1,0,8.75,0.999841570854187,0.4688466787338257,0.49356046319007874,5,-0.024713784456253052,10.022477149963379,1.672471046447754,8.962379455566406
TRAIN,5a064706,52,4,5,6,1,1,0,4.4375,0.9883127808570862,0.4451463222503662,0.41986799240112305,6,0.025278329849243164,12.526979446411133,2.141221046447754,11.544861793518066
TRAIN,5a064706,52,5,6,6,1,1,0,2.515625,0.9252299070358276,0.2952694296836853,0.2918650507926941,5,0.003404378890991211,13.231485366821289,2.2319233417510986,12.622969627380371
TRAIN,5a064706,53,0,1,6,1,1,0,13.3125,0.9999983310699463,0.3925429582595825,0.4042700529098511,2,-0.011727094650268555,9.574882507324219,1.6999120712280273,8.838372230529785
TRAIN,5a064706,53,1,2,6,1,1,0,12.8125,0.9999972581863403,0.3915060758590698,0.41971683502197266,5,-0.028210759162902832,11.762636184692383,2.078721046447754,10.736017227172852
TRAIN,5a064706,53,2,3,6,1,1,0,10.3125,0.9999667406082153,0.46534213423728943,0.4732896685600281,5,-0.007947534322738647,11.169893264770508,2.094346046447754,9.944917678833008
TRAIN,5a064706,53,3,4,6,1,1,0,8.625,0.9998205304145813,0.477512389421463,0.49502065777778625,1,-0.017508268356323242,10.379481315612793,1.977158546447754,9.229004859924316
TRAIN,5a064706,53,4,5,6,1,1,0,5.1875,0.9944451451301575,0.4593108892440796,0.42258477210998535,3,0.03672611713409424,11.690237045288086,1.859971046447754,10.642436027526855
TRAIN,5a064706,53,5,6,6,1,1,0,3.046875,0.954647421836853,0.29332783818244934,0.3069024980068207,5,-0.013574659824371338,13.298385620117188,2.5287983417510986,12.60240364074707
TRAIN,5a064706,54,0,1,6,1,1,0,12.6875,0.9999969005584717,0.4250260293483734,0.4313676357269287,2,-0.006341606378555298,8.867446899414062,1.5905370712280273,7.943253040313721
TRAIN,5a064706,54,1,2,6,1,1,0,12.625,0.9999966621398926,0.40930992364883423,0.42481526732444763,1,-0.015505343675613403,11.36483383178711,2.445908546447754,10.408487319946289
TRAIN,5a064706,54,2,3,6,1,1,0,12.0625,0.9999942779541016,0.36325979232788086,0.37862831354141235,5,-0.015368521213531494,11.109195709228516,2.539658546447754,9.96026611328125
TRAIN,5a064706,54,3,4,6,1,1,0,10.125,0.9999599456787109,0.4136645793914795,0.4402126669883728,5,-0.02654808759689331,10.386412620544434,1.891221046447754,9.296771049499512
TRAIN,5a064706,54,4,5,6,1,1,0,6.125,0.9978172779083252,0.4036363959312439,0.3994065523147583,3,0.004229843616485596,10.747889518737793,2.094346046447754,9.711764335632324
TRAIN,5a064706,54,5,6,6,1,1,0,3.671875,0.9752018451690674,0.2797282636165619,0.29083678126335144,5,-0.01110851764678955,13.164799690246582,2.50368070602417,12.404193878173828
TRAIN,5a064706,55,0,1,6,1,1,0,13.625,0.9999988079071045,0.3633989095687866,0.37164410948753357,3,-0.008245199918746948,9.928911209106445,1.805283546447754,9.091343879699707
TRAIN,5a064706,55,1,2,6,1,1,0,13.625,0.9999988079071045,0.41164329648017883,0.41328001022338867,3,-0.0016367137432098389,13.082575798034668,2.422471046447754,12.08187198638916
TRAIN,5a064706,55,2,3,6,1,1,0,12.1875,0.9999948740005493,0.30756449699401855,0.33080968260765076,5,-0.023245185613632202,11.426127433776855,2.0444233417510986,10.693442344665527
TRAIN,5a064706,55,3,4,6,1,1,0,9.75,0.9999417066574097,0.43612730503082275,0.47313055396080017,5,-0.03700324892997742,11.07032299041748,1.775863528251648,10.03295612335205
TRAIN,5a064706,55,4,5,6,1,1,0,6.53125,0.9985449314117432,0.5109037160873413,0.47955572605133057,6,0.03134799003601074,9.957894325256348,1.6488471031188965,8.94139575958252
TRAIN,5a064706,55,5,6,6,1,1,0,3.8125,0.9783847332000732,0.35581618547439575,0.37752288579940796,5,-0.021706700325012207,12.44446849822998,2.0057272911071777,11.670088768005371
TRAIN,5a064706,56,0,1,6,1,1,0,12.0625,0.9999942779541016,0.42177343368530273,0.4432833194732666,3,-0.021509885787963867,9.662670135498047,1.7542206048965454,8.771960258483887
TRAIN,5a064706,56,1,2,6,1,1,0,14.5,0.9999995231628418,0.3771420121192932,0.44295188784599304,5,-0.06580987572669983,10.92873477935791,1.7464382648468018,10.078065872192383
TRAIN,5a064706,56,2,3,6,1,1,0,12.625,0.9999966621398926,0.41596919298171997,0.408449649810791,5,0.007519543170928955,10.952000617980957,2.149033546447754,10.005162239074707
TRAIN,5a064706,56,3,4,6,1,1,0,8.25,0.9997387528419495,0.42939627170562744,0.45930129289627075,3,-0.02990502119064331,11.130131721496582,1.7968276739120483,10.18057632446289
TRAIN,5a064706,56,4,5,6,1,1,0,4.71875,0.9911527037620544,0.4700283408164978,0.46613451838493347,6,0.003893822431564331,10.28208065032959,1.8401581048965454,9.447763442993164
TRAIN,5a064706,56,5,6,6,1,1,0,2.984375,0.9518632292747498,0.3766709268093109,0.3722050189971924,5,0.00446590781211853,12.153972625732422,2.137032985687256,11.493400573730469
TRAIN,5a064706,57,0,1,6,1,1,0,10.9375,0.9999822378158569,0.3753073513507843,0.40711426734924316,3,-0.03180691599845886,10.518383026123047,1.5749120712280273,9.692225456237793
TRAIN,5a064706,57,1,2,6,1,1,0,13.1875,0.9999980926513672,0.3955937922000885,0.4080491065979004,3,-0.01245531439781189,10.896119117736816,1.7733901739120483,10.197729110717773
TRAIN,5a064706,57,2,3,6,1,1,0,11.375,0.9999885559082031,0.42090824246406555,0.41336220502853394,2,0.007546037435531616,11.927245140075684,1.9772869348526,11.157508850097656
TRAIN,5a064706,57,3,4,6,1,1,0,10.375,0.9999687671661377,0.42889147996902466,0.44687169790267944,3,-0.017980217933654785,11.56045913696289,1.7663494348526,10.487744331359863
TRAIN,5a064706,57,4,5,6,1,1,0,6.5625,0.9985895752906799,0.3477112650871277,0.3529113829135895,6,-0.005200117826461792,11.401998519897461,2.087033271789551,10.964044570922852
TRAIN,5a064706,57,5,6,6,1,1,0,3.90625,0.9802808165550232,0.3782356083393097,0.36458757519721985,5,0.013648033142089844,10.262972831726074,1.8135958909988403,9.700687408447266
TRAIN,5a064706,58,0,1,6,1,1,0,12.4375,0.9999960660934448,0.36481672525405884,0.4180011749267578,5,-0.053184449672698975,10.624154090881348,1.727158546447754,9.688891410827637
TRAIN,5a064706,58,1,2,6,1,1,0,14.4375,0.9999994039535522,0.3180513381958008,0.3273391127586365,3,-0.009287774562835693,10.418636322021484,2.125596046447754,9.637116432189941
TRAIN,5a064706,58,2,3,6,1,1,0,12.25,0.999995231628418,0.45410412549972534,0.47033920884132385,5,-0.01623508334159851,10.596540451049805,2.399033546447754,9.61137866973877
TRAIN,5a064706,58,3,4,6,1,1,0,11.875,0.999993085861206,0.35484033823013306,0.3893733620643616,5,-0.034533023834228516,11.145068168640137,2.117783546447754,10.091732025146484
TRAIN,5a064706,58,4,5,6,1,1,0,8.0625,0.9996849298477173,0.4502865672111511,0.4267113208770752,3,0.023575246334075928,12.255332946777344,1.7698757648468018,11.49774169921875
TRAIN,5a064706,58,5,6,6,1,1,0,5.75,0.9968273043632507,0.4040614366531372,0.42352673411369324,5,-0.01946529746055603,12.131420135498047,1.8133962154388428,11.489886283874512
TRAIN,5a064706,59,0,1,6,1,1,0,13.875,0.9999990463256836,0.4032447338104248,0.45064812898635864,5,-0.04740339517593384,9.87185001373291,1.6417208909988403,9.036808967590332
TRAIN,5a064706,59,1,2,6,1,1,0,13.8125,0.9999990463256836,0.3379833698272705,0.33779171109199524,1,0.00019165873527526855,10.930479049682617,2.391221046447754,10.1068115234375
TRAIN,5a064706,59,2,3,6,1,1,0,12.3125,0.9999954700469971,0.4266650378704071,0.44089916348457336,5,-0.01423412561416626,10.565909385681152,2.344346046447754,9.593526840209961
TRAIN,5a064706,59,3,4,6,1,1,0,12.25,0.999995231628418,0.2253362536430359,0.24582989513874054,5,-0.02049364149570465,13.024395942687988,2.524033546447754,12.30893325805664
TRAIN,5a064706,59,4,5,6,1,1,0,7.40625,0.9993928670883179,0.4568743407726288,0.42590364813804626,3,0.03097069263458252,11.477682113647461,1.7665212154388428,10.650191307067871
TRAIN,5a064706,59,5,6,6,1,1,0,4.9375,0.9928786158561707,0.38317084312438965,0.4114421606063843,5,-0.02827131748199463,12.485694885253906,1.9071462154388428,11.823835372924805
TRAIN,5a064706,60,0,1,6,1,1,0,13.3125,0.9999983310699463,0.2511249780654907,0.2752632796764374,3,-0.024138301610946655,12.74676513671875,2.344346046447754,12.130935668945312
TRAIN,5a064706,60,1,2,6,1,1,0,13.9375,0.9999991655349731,0.30041947960853577,0.308822363615036,1,-0.008402884006500244,12.62659740447998,2.867783546447754,11.820662498474121
TRAIN,5a064706,60,2,3,6,1,1,0,12.3125,0.9999954700469971,0.4157511293888092,0.4248022437095642,5,-0.009051114320755005,9.717228889465332,2.164658546447754,8.687580108642578
TRAIN,5a064706,60,3,4,6,1,1,0,11.875,0.999993085861206,0.23286636173725128,0.2574038505554199,5,-0.02453748881816864,12.098150253295898,2.406846046447754,11.399524688720703
TRAIN,5a064706,60,4,5,6,1,1,0,6.46875,0.9984512329101562,0.48730599880218506,0.46564018726348877,3,0.02166581153869629,10.703310012817383,1.7972846031188965,9.860079765319824
TRAIN,5a064706,60,5,6,6,1,1,0,4.90625,0.9926542043685913,0.3989858627319336,0.4131271541118622,5,-0.014141291379928589,11.03684139251709,1.7816596031188965,10.346813201904297
TRAIN,5a064706,61,0,1,6,1,1,0,13.4375,0.9999985694885254,0.29021432995796204,0.3053160011768341,3,-0.01510167121887207,13.459587097167969,2.742783546447754,12.702828407287598
TRAIN,5a064706,61,1,2,6,1,1,0,13.875,0.9999990463256836,0.28765812516212463,0.303057461977005,5,-0.015399336814880371,13.112859725952148,2.914658546447754,12.323010444641113
TRAIN,5a064706,61,2,3,6,1,1,0,12.125,0.9999946355819702,0.3674009442329407,0.3787540793418884,5,-0.011353135108947754,10.326835632324219,2.024033546447754,9.4896879196167
TRAIN,5a064706,61,3,4,6,1,1,0,12.4375,0.9999960660934448,0.26698803901672363,0.2893991470336914,5,-0.022411108016967773,12.012401580810547,2.680283546447754,11.202327728271484
TRAIN,5a064706,61,4,5,6,1,1,0,6.4375,0.9984021782875061,0.40047338604927063,0.3976562023162842,6,0.00281718373298645,10.467263221740723,1.8899933099746704,9.628978729248047
TRAIN,5a064706,61,5,6,6,1,1,0,5.03125,0.9935117363929749,0.39139631390571594,0.4010988473892212,5,-0.009702533483505249,10.931151390075684,1.9681183099746704,10.133907318115234
TRAIN,5a064706,62,0,1,6,1,1,0,12.75,0.9999971389770508,0.4188452959060669,0.4120042026042938,2,0.006841093301773071,10.545098304748535,2.172471046447754,9.680190086364746
TRAIN,5a064706,62,1,2,6,1,1,0,13.875,0.9999990463256836,0.4151151776313782,0.4425942897796631,5,-0.027479112148284912,10.128865242004395,1.7337433099746704,9.330902099609375
TRAIN,5a064706,62,2,3,6,1,1,0,11.625,0.9999910593032837,0.39830899238586426,0.41489458084106445,1,-0.016585588455200195,10.307047843933105,1.859971046447754,9.576210975646973
TRAIN,5a064706,62,3,4,6,1,1,0,11.8125,0.9999926090240479,0.29139429330825806,0.3164576292037964,5,-0.02506333589553833,12.915311813354492,2.570908546447754,12.18051528930664
TRAIN,5a064706,62,4,5,6,1,1,0,6.5625,0.9985895752906799,0.4281827211380005,0.43010082840919495,6,-0.001918107271194458,11.40395736694336,1.9681183099746704,10.768117904663086
TRAIN,5a064706,62,5,6,6,1,1,0,5.125,0.9940890073776245,0.39535465836524963,0.39496299624443054,5,0.0003916621208190918,11.9207124710083,2.08530592918396,11.330758094787598
TRAIN,5a064706,63,0,1,6,1,1,0,13.4375,0.9999985694885254,0.3388115167617798,0.3513373136520386,5,-0.012525796890258789,14.611410140991211,3.024033546447754,13.704336166381836
TRAIN,5a064706,63,1,2,6,1,1,0,13.9375,0.9999991655349731,0.4092061221599579,0.4273621141910553,5,-0.018155992031097412,11.588249206542969,2.524033546447754,10.596661567687988
TRAIN,5a064706,63,2,3,6,1,1,0,11.9375,0.9999934434890747,0.3944026827812195,0.4026022255420685,5,-0.008199542760848999,10.435702323913574,2.328721046447754,9.448110580444336
TRAIN,5a064706,63,3,4,6,1,1,0,12.5,0.9999963045120239,0.21578936278820038,0.24222441017627716,5,-0.026435047388076782,12.981983184814453,2.570908546447754,12.290936470031738
TRAIN,5a064706,63,4,5,6,1,1,0,7.65625,0.9995272159576416,0.4006813168525696,0.3833630084991455,6,0.017318308353424072,11.207453727722168,1.7866109609603882,10.377201080322266
TRAIN,5a064706,63,5,6,6,1,1,0,5.5,0.9959298968315125,0.35837042331695557,0.37155401706695557,5,-0.01318359375,11.968503952026367,2.0912983417510986,11.251302719116211
TRAIN,5a064706,64,0,1,6,1,1,0,14.875,0.9999996423721313,0.34523966908454895,0.3753907382488251,5,-0.030151069164276123,10.238397598266602,1.969346046447754,9.339582443237305
TRAIN,5a064706,64,1,2,6,1,1,0,14.875,0.9999996423721313,0.35157671570777893,0.37347665429115295,5,-0.021899938583374023,12.370655059814453,2.633408546447754,11.401039123535156
TRAIN,5a064706,64,2,3,6,1,1,0,12.125,0.9999946355819702,0.3392496407032013,0.34797990322113037,5,-0.008730262517929077,10.899683952331543,2.320908546447754,9.960092544555664
TRAIN,5a064706,64,3,4,6,1,1,0,11.875,0.999993085861206,0.2779329717159271,0.3056933581829071,5,-0.02776038646697998,14.87295150756836,2.805283546447754,14.0547456741333
TRAIN,5a064706,64,4,5,6,1,1,0,7.65625,0.9995272159576416,0.37853285670280457,0.35586443543434143,3,0.022668421268463135,11.983978271484375,1.852158546447754,11.218079566955566
TRAIN,5a064706,64,5,6,6,1,1,0,5.53125,0.9960545301437378,0.3399609625339508,0.3631231188774109,5,-0.023162156343460083,12.127691268920898,1.992783546447754,11.371633529663086
TRAIN,5a064706,65,0,1,6,1,1,0,14.3125,0.9999994039535522,0.40566936135292053,0.4337065517902374,5,-0.028037190437316895,10.895286560058594,1.984971046447754,9.992557525634766
TRAIN,5a064706,65,1,2,6,1,1,0,15.0,0.9999996423721313,0.2995879054069519,0.32155781984329224,5,-0.021969914436340332,13.29793643951416,2.508408546447754,12.501368522644043
TRAIN,5a064706,65,2,3,6,1,1,0,12.375,0.9999958276748657,0.33221521973609924,0.3386642038822174,5,-0.006448984146118164,11.64537525177002,2.250596046447754,10.61047649383545
TRAIN,5a064706,65,3,4,6,1,1,0,11.75,0.9999921321868896,0.3068116009235382,0.34391188621520996,5,-0.03710028529167175,11.56619930267334,2.149033546447754,10.592144012451172
TRAIN,5a064706,65,4,5,6,1,1,0,7.0,0.9990890026092529,0.4222910404205322,0.4235808253288269,6,-0.0012897849082946777,11.037528038024902,1.8370333909988403,10.318509101867676
TRAIN,5a064706,65,5,6,6,1,1,0,5.78125,0.9969245791435242,0.3990967571735382,0.39762839674949646,5,0.001468360424041748,11.05215072631836,1.7979708909988403,10.333158493041992
TRAIN,5a064706,66,0,1,6,1,1,0,14.5,0.9999995231628418,0.40838614106178284,0.4231390655040741,5,-0.01475292444229126,11.285833358764648,2.313096046447754,10.35009765625
TRAIN,5a064706,66,1,2,6,1,1,0,15.125,0.9999997615814209,0.3335684537887573,0.3438997268676758,3,-0.010331273078918457,12.582742691040039,2.477158546447754,11.74711799621582
TRAIN,5a064706,66,2,3,6,1,1,0,12.9375,0.999997615814209,0.34847569465637207,0.3565494418144226,5,-0.008073747158050537,12.678723335266113,2.524033546447754,11.619394302368164
TRAIN,5a064706,66,3,4,6,1,1,0,14.25,0.9999994039535522,0.3232509195804596,0.35594478249549866,5,-0.03269386291503906,10.01727294921875,1.8334859609603882,9.325116157531738
TRAIN,5a064706,66,4,5,6,1,1,0,5.15625,0.9942697286605835,0.44333603978157043,0.47107142210006714,6,-0.027735382318496704,10.194419860839844,1.6260958909988403,9.604809761047363
TRAIN,5a064706,66,5,6,6,1,1,0,4.96875,0.9930961728096008,0.45224136114120483,0.42002221941947937,5,0.032219141721725464,10.406018257141113,1.7979708909988403,9.860550880432129
TRAIN,5a064706,67,0,1,6,1,1,0,15.25,0.9999997615814209,0.38218146562576294,0.4033571779727936,3,-0.02117571234703064,11.136691093444824,2.211533546447754,10.234943389892578
TRAIN,5a064706,67,1,2,6,1,1,0,14.8125,0.9999996423721313,0.3734152019023895,0.3814190924167633,1,-0.00800389051437378,11.379488945007324,2.406846046447754,10.52708911895752
TRAIN,5a064706,67,2,3,6,1,1,0,12.625,0.9999966621398926,0.41844767332077026,0.435446560382843,5,-0.016998887062072754,11.645235061645508,1.969346046447754,10.60168743133545
TRAIN,5a064706,67,3,4,6,1,1,0,13.4375,0.9999985694885254,0.25728827714920044,0.2807750999927521,5,-0.023486822843551636,11.578705787658691,2.3011257648468018,10.946883201599121
TRAIN,5a064706,67,4,5,6,1,1,0,3.953125,0.9811668992042542,0.372022420167923,0.40060877799987793,6,-0.028586357831954956,9.770174980163574,1.5912984609603882,9.248445510864258
TRAIN,5a064706,67,5,6,6,1,1,0,4.5625,0.9896718263626099,0.4123519957065582,0.39185160398483276,5,0.020500391721725464,10.276747703552246,1.6537984609603882,9.750142097473145
TRAIN,5a064706,68,0,1,6,1,1,0,15.1875,0.9999997615814209,0.3777449131011963,0.39709144830703735,3,-0.019346535205841064,11.319379806518555,2.461533546447754,10.417197227478027
TRAIN,5a064706,68,1,2,6,1,1,0,14.5,0.9999995231628418,0.35193416476249695,0.3544285297393799,3,-0.0024943649768829346,10.764402389526367,2.250596046447754,9.938628196716309
TRAIN,5a064706,68,2,3,6,1,1,0,13.1875,0.9999980926513672,0.376013845205307,0.38795292377471924,5,-0.011939078569412231,9.761785507202148,1.891221046447754,8.810869216918945
TRAIN,5a064706,68,3,4,6,1,1,0,12.9375,0.999997615814209,0.3084157407283783,0.330029159784317,3,-0.02161341905593872,10.661124229431152,2.266221046447754,9.735664367675781
TRAIN,5a064706,68,4,5,6,1,1,0,4.8125,0.9919379353523254,0.4366094470024109,0.4204205870628357,3,0.016188859939575195,11.372873306274414,1.7108901739120483,10.56315803527832
TRAIN,5a064706,68,5,6,6,1,1,0,5.09375,0.9939024448394775,0.3904324769973755,0.4141511917114258,5,-0.023718714714050293,12.122055053710938,1.7587087154388428,11.409917831420898
TRAIN,5a064706,69,0,1,6,1,1,0,15.0,0.9999996423721313,0.4076128602027893,0.4327215552330017,3,-0.025108695030212402,10.499404907226562,1.992783546447754,9.586731910705566
TRAIN,5a064706,69,1,2,6,1,1,0,14.5625,0.9999995231628418,0.3352135121822357,0.3425254225730896,3,-0.007311910390853882,10.675122261047363,2.258408546447754,9.841590881347656
TRAIN,5a064706,69,2,3,6,1,1,0,13.25,0.9999982118606567,0.36402127146720886,0.3790980577468872,5,-0.015076786279678345,10.189778327941895,1.914658546447754,9.217608451843262
TRAIN,5a064706,69,3,4,6,1,1,0,12.0,0.9999938011169434,0.29818931221961975,0.33205124735832214,5,-0.03386193513870239,12.171692848205566,2.242783546447754,11.360832214355469
TRAIN,5a064706,69,4,5,6,1,1,0,6.0625,0.9976769089698792,0.4054461121559143,0.41004037857055664,6,-0.004594266414642334,11.913835525512695,2.2319233417510986,11.380814552307129
TRAIN,5a064706,69,5,6,6,1,1,0,6.03125,0.9976032376289368,0.4488733410835266,0.4521327614784241,5,-0.003259420394897461,10.960992813110352,1.7944234609603882,10.208287239074707
TRAIN,5a064706,70,0,1,6,1,1,0,15.375,0.9999997615814209,0.37803903222084045,0.3937073349952698,3,-0.01566830277442932,10.741069793701172,2.406846046447754,9.840206146240234
TRAIN,5a064706,70,1,2,6,1,1,0,15.0,0.9999996423721313,0.3373904228210449,0.3462468087673187,3,-0.008856385946273804,10.498505592346191,2.227158546447754,9.656195640563965
TRAIN,5a064706,70,2,3,6,1,1,0,13.1875,0.9999980926513672,0.46935540437698364,0.49503931403160095,5,-0.02568390965461731,10.002642631530762,1.734971046447754,8.908373832702637
TRAIN,5a064706,70,3,4,6,1,1,0,12.125,0.9999946355819702,0.28317761421203613,0.31434521079063416,5,-0.031167596578598022,11.077624320983887,2.188096046447754,10.38558578491211
TRAIN,5a064706,70,4,5,6,1,1,0,6.625,0.9986749291419983,0.4474884271621704,0.46580198407173157,6,-0.018313556909561157,11.213980674743652,1.9428609609603882,10.615836143493652
TRAIN,5a064706,70,5,6,6,1,1,0,7.0,0.9990890026092529,0.46484625339508057,0.4475168287754059,5,0.017329424619674683,11.177966117858887,1.8412984609603882,10.469691276550293
TRAIN,5a064706,71,0,1,6,1,1,0,15.25,0.9999997615814209,0.32712456583976746,0.34341102838516235,3,-0.016286462545394897,10.834267616271973,2.406846046447754,10.038540840148926
TRAIN,5a064706,71,1,2,6,1,1,0,15.125,0.9999997615814209,0.38338056206703186,0.4145985245704651,5,-0.031217962503433228,9.608124732971191,1.5942165851593018,8.815739631652832
TRAIN,5a064706,71,2,3,6,1,1,0,14.125,0.9999992847442627,0.41600099205970764,0.4219796061515808,5,-0.005978614091873169,9.562261581420898,1.5149933099746704,8.550047874450684
TRAIN,5a064706,71,3,4,6,1,1,0,12.125,0.9999946355819702,0.3222930133342743,0.36481067538261414,5,-0.042517662048339844,10.473289489746094,1.750596046447754,9.733180046081543
TRAIN,5a064706,71,4,5,6,1,1,0,4.875,0.9924227595329285,0.32950976490974426,0.3506290018558502,6,-0.021119236946105957,10.529165267944336,1.9741109609603882,9.998663902282715
TRAIN,5a064706,71,5,6,6,1,1,0,5.65625,0.9965165853500366,0.3314025402069092,0.3184800446033478,5,0.012922495603561401,11.000250816345215,2.1069233417510986,10.461278915405273
TRAIN,5a064706,72,0,1,6,1,1,0,16.0,0.9999998807907104,0.3981114625930786,0.41217291355133057,3,-0.014061450958251953,10.180707931518555,2.172471046447754,9.281759262084961
TRAIN,5a064706,72,1,2,6,1,1,0,14.6875,0.9999995231628418,0.4280727803707123,0.44461312890052795,3,-0.016540348529815674,10.218875885009766,1.984971046447754,9.25930118560791
TRAIN,5a064706,72,2,3,6,1,1,0,12.625,0.9999966621398926,0.47865283489227295,0.49280235171318054,5,-0.014149516820907593,10.115826606750488,1.6061620712280273,9.02938461303711
TRAIN,5a064706,72,3,4,6,1,1,0,12.5625,0.999996542930603,0.3487040102481842,0.37184882164001465,5,-0.023144811391830444,10.331957817077637,1.977158546447754,9.326461791992188
TRAIN,5a064706,72,4,5,6,1,1,0,5.8125,0.9970190525054932,0.4308043420314789,0.42558303475379944,3,0.005221307277679443,10.931424140930176,1.6526581048965454,10.156737327575684
TRAIN,5a064706,72,5,6,6,1,1,0,6.8125,0.9989012479782104,0.42116019129753113,0.42962902784347534,3,-0.008468836545944214,10.931107521057129,1.6399933099746704,10.147970199584961
TRAIN,5a064706,73,0,1,6,1,1,0,15.8125,0.9999998807907104,0.44985780119895935,0.4542171359062195,3,-0.004359334707260132,9.50303840637207,1.906846046447754,8.541123390197754
TRAIN,5a064706,73,1,2,6,1,1,0,14.8125,0.9999996423721313,0.39459532499313354,0.41692566871643066,5,-0.02233034372329712,9.222123146057129,1.6321808099746704,8.302681922912598
TRAIN,5a064706,73,2,3,6,1,1,0,6.53125,0.9985449314117432,0.43121346831321716,0.46429336071014404,5,-0.03307989239692688,12.638594627380371,2.051095485687256,11.828716278076172
TRAIN,5a064706,73,3,4,6,1,1,0,12.5,0.9999963045120239,0.3111270070075989,0.34072810411453247,5,-0.029601097106933594,10.334259986877441,2.102158546447754,9.503334999084473
TRAIN,5a064706,73,4,5,6,1,1,0,6.1875,0.9979493021965027,0.43831101059913635,0.4345812201499939,6,0.003729790449142456,10.196733474731445,1.6410346031188965,9.464803695678711
TRAIN,5a064706,73,5,6,6,1,1,0,6.78125,0.9988664388656616,0.43114790320396423,0.4380497634410858,5,-0.006901860237121582,10.075891494750977,1.6321808099746704,9.294660568237305
TRAIN,5a064706,74,0,1,6,1,1,0,16.375,0.9999998807907104,0.40558719635009766,0.43567413091659546,3,-0.030086934566497803,9.899432182312012,1.680283546447754,9.026062965393066
TRAIN,5a064706,74,1,2,6,1,1,0,14.8125,0.9999996423721313,0.4019549489021301,0.44104114174842834,5,-0.03908619284629822,10.40274715423584,1.6009308099746704,9.537857055664062
TRAIN,5a064706,74,2,3,6,1,1,0,6.875,0.9989677667617798,0.3556920886039734,0.36510464549064636,2,-0.009412556886672974,11.303009986877441,1.9975484609603882,10.906885147094727
TRAIN,5a064706,74,3,4,6,1,1,0,12.5,0.9999963045120239,0.38432419300079346,0.4178639054298401,5,-0.03353971242904663,10.453980445861816,1.774033546447754,9.546258926391602
TRAIN,5a064706,74,4,5,6,1,1,0,5.9375,0.997368335723877,0.41541025042533875,0.4235469698905945,6,-0.008136719465255737,10.413775444030762,1.6634308099746704,9.669720649719238
TRAIN,5a064706,74,5,6,6,1,1,0,6.4375,0.9984021782875061,0.4199853837490082,0.415914386510849,3,0.00407099723815918,10.633014678955078,1.6946808099746704,9.94307804107666
TRAIN,5a064706,75,0,1,6,1,1,0,14.375,0.9999994039535522,0.49180108308792114,0.5073911547660828,3,-0.015590071678161621,10.663722038269043,1.820908546447754,9.804529190063477
TRAIN,5a064706,75,1,2,6,1,1,0,14.5625,0.9999995231628418,0.4322611689567566,0.426776647567749,3,0.005484521389007568,13.445784568786621,1.9614040851593018,12.604598045349121
TRAIN,5a064706,75,2,3,6,1,1,0,8.25,0.9997387528419495,0.4697403609752655,0.4666614234447479,2,0.003078937530517578,10.631531715393066,1.789658546447754,9.748523712158203
TRAIN,5a064706,75,3,4,6,1,1,0,11.8125,0.9999926090240479,0.3963501751422882,0.4258756637573242,3,-0.02952548861503601,10.564590454101562,1.8520290851593018,9.643206596374512
TRAIN,5a064706,75,4,5,6,1,1,0,3.921875,0.9805806875228882,0.36768490076065063,0.3599167466163635,6,0.007768154144287109,12.118837356567383,1.9983067512512207,11.559419631958008
TRAIN,5a064706,75,5,6,6,1,1,0,4.0,0.9820137619972229,0.3387104272842407,0.34202855825424194,5,-0.0033181309700012207,12.032577514648438,2.0686192512512207,11.509302139282227
TRAIN,5a064706,76,0,1,6,1,1,0,15.0625,0.9999997615814209,0.4685738980770111,0.48072901368141174,5,-0.012155115604400635,11.413494110107422,2.524033546447754,10.367668151855469
TRAIN,5a064706,76,1,2,6,1,1,0,14.875,0.9999996423721313,0.38318178057670593,0.41407108306884766,5,-0.030889302492141724,13.638069152832031,2.711533546447754,12.760202407836914
TRAIN,5a064706,76,2,3,6,1,1,0,11.375,0.9999885559082031,0.47004514932632446,0.4888690114021301,5,-0.018823862075805664,10.936128616333008,1.953721046447754,9.795764923095703
TRAIN,5a064706,76,3,4,6,1,1,0,14.0625,0.9999991655349731,0.3602081537246704,0.3860178589820862,5,-0.02580970525741577,11.626022338867188,2.391221046447754,10.58066463470459
TRAIN,5a064706,76,4,5,6,1,1,0,4.625,0.9902915358543396,0.4980103671550751,0.4931245446205139,6,0.004885822534561157,10.385180473327637,1.6448456048965454,9.392783164978027
TRAIN,5a064706,76,5,6,6,1,1,0,4.53125,0.9893474578857422,0.48738837242126465,0.4980488121509552,5,-0.010660439729690552,10.903912544250488,1.7557272911071777,10.01125431060791
TRAIN,5a064706,77,0,1,6,1,1,0,14.9375,0.9999996423721313,0.4284914433956146,0.4218069016933441,5,0.006684541702270508,11.3544921875,2.289658546447754,10.54499340057373
TRAIN,5a064706,77,1,2,6,1,1,0,14.3125,0.9999994039535522,0.37248489260673523,0.39076635241508484,1,-0.01828145980834961,10.957550048828125,2.008408546447754,10.283312797546387
TRAIN,5a064706,77,2,3,6,1,1,0,12.3125,0.9999954700469971,0.42317306995391846,0.4560633599758148,5,-0.03289029002189636,11.493095397949219,2.039658546447754,10.583675384521484
TRAIN,5a064706,77,3,4,6,1,1,0,13.125,0.9999979734420776,0.3748297691345215,0.4074024558067322,5,-0.03257268667221069,10.73434829711914,1.961533546447754,9.888683319091797
TRAIN,5a064706,77,4,5,6,1,1,0,5.90625,0.997285008430481,0.4733249247074127,0.46531185507774353,6,0.00801306962966919,10.308918952941895,1.5696808099746704,9.369017601013184
TRAIN,5a064706,77,5,6,6,1,1,0,6.40625,0.9983515739440918,0.47035855054855347,0.48512470722198486,5,-0.014766156673431396,10.812460899353027,1.5731961727142334,9.93944263458252
TRAIN,5a064706,78,0,1,6,1,1,0,14.875,0.9999996423721313,0.3924386501312256,0.39836210012435913,3,-0.005923449993133545,12.235031127929688,2.617783546447754,11.336502075195312
TRAIN,5a064706,78,1,2,6,1,1,0,15.25,0.9999997615814209,0.31167811155319214,0.33291319012641907,5,-0.02123507857322693,13.899003982543945,2.742783546447754,13.044869422912598
TRAIN,5a064706,78,2,3,6,1,1,0,14.25,0.9999994039535522,0.423200786113739,0.42925959825515747,5,-0.006058812141418457,11.187215805053711,1.891221046447754,10.163529396057129
TRAIN,5a064706,78,3,4,6,1,1,0,14.125,0.9999992847442627,0.36344724893569946,0.39597031474113464,5,-0.03252306580543518,11.511173248291016,1.961533546447754,10.589179992675781
TRAIN,5a064706,78,4,5,6,1,1,0,3.828125,0.9787126779556274,0.44944530725479126,0.4684826731681824,6,-0.019037365913391113,9.67454719543457,1.6526581048965454,9.039521217346191
TRAIN,5a064706,78,5,6,6,1,1,0,3.5625,0.9724147915840149,0.4121554493904114,0.39337027072906494,5,0.018785178661346436,10.05157470703125,1.7307831048965454,9.519866943359375
TRAIN,5a064706,79,0,1,6,1,1,0,14.8125,0.9999996423721313,0.34439077973365784,0.3650527596473694,3,-0.020661979913711548,12.09534740447998,2.195908546447754,11.335046768188477
TRAIN,5a064706,79,1,2,6,1,1,0,14.125,0.9999992847442627,0.363918662071228,0.3866090178489685,5,-0.02269035577774048,12.39356803894043,2.305283546447754,11.47330093383789
TRAIN,5a064706,79,2,3,6,1,1,0,11.625,0.9999910593032837,0.4084646701812744,0.4143613278865814,5,-0.005896657705307007,10.195630073547363,1.930283546447754,9.1372652053833
TRAIN,5a064706,79,3,4,6,1,1,0,13.375,0.9999984502792358,0.40681034326553345,0.43705421686172485,3,-0.030243873596191406,9.798688888549805,1.938096046447754,8.733818054199219
TRAIN,5a064706,79,4,5,6,1,1,0,0.5703125,0.6388352513313293,0.3880324959754944,0.4402020573616028,6,-0.0521695613861084,10.37026309967041,1.8413300514221191,10.038150787353516
TRAIN,5a064706,79,5,6,6,1,1,0,0.2041015625,0.5508489608764648,0.430259644985199,0.3790520429611206,5,0.05120760202407837,10.423006057739258,1.8178925514221191,10.111245155334473
TRAIN,5a064706,80,0,1,6,1,1,0,14.5625,0.9999995231628418,0.39158326387405396,0.39445552229881287,5,-0.002872258424758911,10.586838722229004,1.938096046447754,9.737547874450684
TRAIN,5a064706,80,1,2,6,1,1,0,12.6875,0.9999969005584717,0.3054966926574707,0.32466667890548706,5,-0.019169986248016357,11.347631454467773,2.242783546447754,10.47885513305664
TRAIN,5a064706,80,2,3,6,1,1,0,8.5,0.9997965693473816,0.4579547643661499,0.4712795913219452,5,-0.013324826955795288,9.87869930267334,1.6526581048965454,8.855406761169434
TRAIN,5a064706,80,3,4,6,1,1,0,13.5625,0.9999986886978149,0.29160821437835693,0.31633156538009644,5,-0.024723351001739502,11.390412330627441,2.555283546447754,10.469614028930664
TRAIN,5a064706,80,4,5,6,1,0,1,-0.53125,0.37022536993026733,,,,,0.0,0.0,2.8216605186462402
TRAIN,5a064706,80,5,6,6,1,1,0,0.10791015625,0.5269514322280884,0.3043067455291748,0.27663832902908325,2,0.027668416500091553,10.658841133117676,1.7397359609603882,10.62929916381836
TRAIN,5a064706,81,0,1,6,1,1,0,15.125,0.9999997615814209,0.39084064960479736,0.38406211137771606,2,0.006778538227081299,10.439885139465332,1.836533546447754,9.718799591064453
TRAIN,5a064706,81,1,2,6,1,1,0,13.75,0.999998927116394,0.310028612613678,0.32187896966934204,5,-0.011850357055664062,11.191543579101562,2.328721046447754,10.504706382751465
TRAIN,5a064706,81,2,3,6,1,0,1,-0.66015625,0.3407045006752014,,,,,0.0,0.0,2.8216605186462402
TRAIN,5a064706,81,3,4,6,1,1,0,14.625,0.9999995231628418,0.324636846780777,0.3734758794307709,5,-0.048839032649993896,10.461385726928711,1.7347846031188965,9.594066619873047
TRAIN,5a064706,81,4,5,6,1,0,1,-0.06640625,0.4834045469760895,,,,,0.0,0.0,2.8216605186462402
TRAIN,5a064706,81,5,6,6,1,0,1,-0.32421875,0.4196479320526123,,,,,0.0,0.0,2.8216605186462402
TRAIN,5a064706,82,0,1,6,1,1,0,14.25,0.9999994039535522,0.4064415693283081,0.4183214008808136,5,-0.011879831552505493,10.616658210754395,1.8792507648468018,9.787728309631348
TRAIN,5a064706,82,1,2,6,1,1,0,12.5625,0.999996542930603,0.24910476803779602,0.25859534740448,5,-0.00949057936668396,14.000754356384277,2.867783546447754,13.28242301940918
TRAIN,5a064706,82,2,3,6,1,1,0,1.6640625,0.8407825827598572,0.3782530426979065,0.42697063088417053,6,-0.04871758818626404,12.226316452026367,1.858748435974121,11.579407691955566
TRAIN,5a064706,82,3,4,6,1,1,0,13.4375,0.9999985694885254,0.29306915402412415,0.31645727157592773,5,-0.02338811755180359,11.526293754577637,2.555283546447754,10.772584915161133
TRAIN,5a064706,82,4,5,6,1,0,1,-0.365234375,0.40969306230545044,,,,,0.0,0.0,2.8216605186462402
TRAIN,5a064706,82,5,6,6,1,0,1,-0.0113525390625,0.4971619248390198,,,,,0.0,0.0,2.8216605186462402
TRAIN,5a064706,83,0,1,6,1,1,0,14.75,0.9999996423721313,0.40369653701782227,0.4108010530471802,3,-0.00710451602935791,9.297330856323242,1.664658546447754,8.434325218200684
TRAIN,5a064706,83,1,2,6,1,1,0,11.75,0.9999921321868896,0.30031895637512207,0.30782660841941833,5,-0.007507652044296265,12.487183570861816,2.383408546447754,11.804574012756348
TRAIN,5a064706,83,2,3,6,1,1,0,1.21875,0.7718434929847717,0.3477814793586731,0.36792442202568054,5,-0.020142942667007446,12.366009712219238,1.9116425514221191,11.620081901550293
TRAIN,5a064706,83,3,4,6,1,1,0,13.25,0.9999982118606567,0.30443915724754333,0.33285725116729736,3,-0.02841809391975403,11.033661842346191,2.399033546447754,10.114109992980957
TRAIN,5a064706,83,4,5,6,1,1,0,0.140625,0.5350984334945679,0.36293676495552063,0.4166207015514374,6,-0.05368393659591675,10.782196044921875,1.8100800514221191,10.47504997253418
TRAIN,5a064706,83,5,6,6,1,0,1,-0.9140625,0.28616926074028015,,,,,0.0,0.0,2.8216605186462402
TRAIN,5a064706,84,0,1,6,1,1,0,13.625,0.9999988079071045,0.355843722820282,0.3571777045726776,5,-0.0013339817523956299,10.645246505737305,1.992783546447754,9.881093978881836
TRAIN,5a064706,84,1,2,6,1,1,0,11.25,0.999987006187439,0.33491256833076477,0.35868510603904724,5,-0.02377253770828247,12.323210716247559,2.344346046447754,11.503608703613281
TRAIN,5a064706,84,2,3,6,1,1,0,7.5,0.9994471669197083,0.4403144121170044,0.4391924738883972,2,0.0011219382286071777,11.834647178649902,2.055283546447754,10.973610877990723
TRAIN,5a064706,84,3,4,6,1,1,0,12.75,0.9999971389770508,0.30453258752822876,0.3363415002822876,5,-0.03180891275405884,10.767387390136719,2.109971046447754,9.87277889251709
TRAIN,5a064706,84,4,5,6,1,1,0,0.96875,0.7248703241348267,0.39693546295166016,0.43997883796691895,6,-0.04304337501525879,11.055647850036621,1.9663300514221191,10.773309707641602
TRAIN,5a064706,84,5,6,6,1,0,1,-0.3125,0.42250463366508484,,,,,0.0,0.0,2.8216605186462402
TRAIN,5a064706,85,0,1,6,1,1,0,13.4375,0.9999985694885254,0.28605908155441284,0.303413987159729,5,-0.017354905605316162,11.626855850219727,2.2386257648468018,10.983412742614746
TRAIN,5a064706,85,1,2,6,1,1,0,11.375,0.9999885559082031,0.46723899245262146,0.47597959637641907,5,-0.008740603923797607,9.631019592285156,1.8370333909988403,8.608560562133789
TRAIN,5a064706,85,2,3,6,1,1,0,9.625,0.9999339580535889,0.4417915642261505,0.43096092343330383,5,0.01083064079284668,11.446964263916016,2.383408546447754,10.454334259033203
TRAIN,5a064706,85,3,4,6,1,1,0,13.25,0.9999982118606567,0.4150717258453369,0.47012293338775635,5,-0.055051207542419434,10.820579528808594,1.7191596031188965,9.894262313842773
TRAIN,5a064706,85,4,5,6,1,1,0,0.00750732421875,0.5018768310546875,0.4197521209716797,0.46529802680015564,6,-0.04554590582847595,11.051753044128418,2.013205051422119,10.736309051513672
TRAIN,5a064706,85,5,6,6,1,0,1,-0.73046875,0.3250918686389923,,,,,0.0,0.0,2.8216605186462402
TRAIN,5a064706,86,0,1,6,1,1,0,13.8125,0.9999990463256836,0.3673005998134613,0.38103926181793213,5,-0.013738662004470825,11.359809875488281,2.203721046447754,10.42007064819336
TRAIN,5a064706,86,1,2,6,1,1,0,13.0625,0.9999978542327881,0.43127092719078064,0.4238234758377075,3,0.00744745135307312,9.715371131896973,1.797471046447754,8.773787498474121
TRAIN,5a064706,86,2,3,6,1,1,0,10.4375,0.9999706745147705,0.42960497736930847,0.4193362891674042,2,0.010268688201904297,11.560037612915039,2.461533546447754,10.53542709350586
TRAIN,5a064706,86,3,4,6,1,1,0,13.25,0.9999982118606567,0.4756397306919098,0.5215601921081543,5,-0.04592046141624451,9.696820259094238,1.649033546447754,8.535005569458008
TRAIN,5a064706,86,4,5,6,1,1,0,0.07470703125,0.5186680555343628,0.3143537640571594,0.3764762282371521,6,-0.062122464179992676,10.580291748046875,1.9741109609603882,10.391303062438965
TRAIN,5a064706,86,5,6,6,1,0,1,-0.5390625,0.36840569972991943,,,,,0.0,0.0,2.8216605186462402
TRAIN,5a064706,87,0,1,6,1,1,0,13.9375,0.9999991655349731,0.3077426850795746,0.32841312885284424,5,-0.020670443773269653,11.203786849975586,2.375596046447754,10.354272842407227
TRAIN,5a064706,87,1,2,6,1,1,0,14.3125,0.9999994039535522,0.3362976610660553,0.35244280099868774,5,-0.016145139932632446,10.428780555725098,2.391221046447754,9.43483829498291
TRAIN,5a064706,87,2,3,6,1,1,0,11.0625,0.9999842643737793,0.3742297291755676,0.38551199436187744,5,-0.011282265186309814,12.514448165893555,2.555283546447754,11.637385368347168
TRAIN,5a064706,87,3,4,6,1,1,0,12.4375,0.9999960660934448,0.41531550884246826,0.4471737742424011,3,-0.03185826539993286,10.108881950378418,1.813096046447754,9.139878273010254
TRAIN,5a064706,87,4,5,6,1,1,0,1.0625,0.7431679368019104,0.3771316707134247,0.38489270210266113,6,-0.00776103138923645,11.69434928894043,1.8647675514221191,11.040017127990723
TRAIN,5a064706,87,5,6,6,1,0,1,-0.5,0.3775406777858734,,,,,0.0,0.0,2.8216605186462402
TRAIN,5a064706,88,0,1,6,1,1,0,13.5,0.9999985694885254,0.31088095903396606,0.3184623420238495,3,-0.007581382989883423,10.413688659667969,2.094346046447754,9.719264030456543
TRAIN,5a064706,88,1,2,6,1,1,0,13.9375,0.9999991655349731,0.3378765881061554,0.36626628041267395,5,-0.028389692306518555,9.735513687133789,2.039658546447754,8.80148696899414
TRAIN,5a064706,88,2,3,6,1,1,0,11.3125,0.9999877214431763,0.35103437304496765,0.36265328526496887,5,-0.01161891222000122,12.506481170654297,2.774033546447754,11.602899551391602
TRAIN,5a064706,88,3,4,6,1,1,0,11.9375,0.9999934434890747,0.3379670977592468,0.368129163980484,3,-0.030162066221237183,10.038810729980469,2.211533546447754,9.122177124023438
TRAIN,5a064706,88,4,5,6,1,1,0,1.6484375,0.8386797308921814,0.33628416061401367,0.34881800413131714,6,-0.012533843517303467,10.704937934875488,1.7944234609603882,10.049965858459473
TRAIN,5a064706,88,5,6,6,1,0,1,-0.0625,0.4843800365924835,,,,,0.0,0.0,2.8216605186462402
TRAIN,5a064706,89,0,1,6,1,1,0,12.9375,0.999997615814209,0.33635181188583374,0.3392811417579651,3,-0.0029293298721313477,10.554239273071289,2.445908546447754,9.599567413330078
TRAIN,5a064706,89,1,2,6,1,1,0,12.9375,0.999997615814209,0.31838956475257874,0.3636036813259125,5,-0.04521411657333374,10.170145988464355,2.063096046447754,9.209660530090332
TRAIN,5a064706,89,2,3,6,1,1,0,12.0,0.9999938011169434,0.3159201443195343,0.31920677423477173,5,-0.0032866299152374268,13.341431617736816,2.977158546447754,12.499558448791504
TRAIN,5a064706,89,3,4,6,1,1,0,12.8125,0.9999972581863403,0.3124943971633911,0.3389526903629303,3,-0.026458293199539185,10.456404685974121,2.352158546447754,9.561911582946777
TRAIN,5a064706,89,4,5,6,1,1,0,1.4296875,0.8068526387214661,0.27202099561691284,0.2958223819732666,6,-0.02380138635635376,11.27459716796875,1.9819234609603882,10.844606399536133
TRAIN,5a064706,89,5,6,6,1,1,0,0.0146484375,0.5036620497703552,0.325672447681427,0.2848411500453949,2,0.040831297636032104,14.3671875,2.689357280731201,14.668658256530762
TRAIN,5a064706,90,0,1,6,1,1,0,12.125,0.9999946355819702,0.4120367765426636,0.41988736391067505,2,-0.007850587368011475,9.425971984863281,1.758408546447754,8.425944328308105
TRAIN,5a064706,90,1,2,6,1,1,0,13.6875,0.9999988079071045,0.36088964343070984,0.3931138515472412,5,-0.03222420811653137,10.099555969238281,2.156846046447754,8.988543510437012
TRAIN,5a064706,90,2,3,6,1,1,0,12.9375,0.999997615814209,0.2846795916557312,0.29154521226882935,5,-0.0068656206130981445,13.779528617858887,2.930283546447754,12.962194442749023
TRAIN,5a064706,90,3,4,6,1,1,0,13.0,0.9999977350234985,0.32163241505622864,0.352400004863739,3,-0.030767589807510376,10.264080047607422,2.141221046447754,9.391460418701172
TRAIN,5a064706,90,4,5,6,1,1,0,1.8359375,0.8624675869941711,0.3463760018348694,0.34863588213920593,6,-0.002259880304336548,11.83185863494873,1.9038300514221191,11.249085426330566
TRAIN,5a064706,90,5,6,6,1,1,0,0.169921875,0.5423785448074341,0.30747994780540466,0.2768893241882324,5,0.03059062361717224,13.209978103637695,2.1850483417510986,13.210736274719238
TRAIN,5a064706,91,0,1,6,1,1,0,12.3125,0.9999954700469971,0.36552804708480835,0.36416199803352356,3,0.00136604905128479,9.420903205871582,1.820908546447754,8.558686256408691
TRAIN,5a064706,91,1,2,6,1,1,0,14.0,0.9999991655349731,0.3285094201564789,0.37758517265319824,5,-0.04907575249671936,9.676292419433594,1.5980007648468018,8.879780769348145
TRAIN,5a064706,91,2,3,6,1,1,0,12.75,0.9999971389770508,0.2977336645126343,0.30114176869392395,5,-0.003408104181289673,12.641249656677246,2.805283546447754,11.815390586853027
TRAIN,5a064706,91,3,4,6,1,1,0,13.5,0.9999985694885254,0.35918372869491577,0.3885886073112488,5,-0.029404878616333008,10.347545623779297,2.274033546447754,9.429815292358398
TRAIN,5a064706,91,4,5,6,1,1,0,1.828125,0.8615382313728333,0.28702443838119507,0.30201342701911926,6,-0.014988988637924194,12.04246997833252,2.3256733417510986,11.64319133758545
TRAIN,5a064706,91,5,6,6,1,1,0,0.11767578125,0.5293850302696228,0.2958623468875885,0.2640056014060974,5,0.03185674548149109,13.344168663024902,2.2162983417510986,13.261889457702637
TRAIN,5a064706,92,0,1,6,1,1,0,11.9375,0.9999934434890747,0.40586045384407043,0.3877042233943939,3,0.018156230449676514,10.25423812866211,1.8509308099746704,9.509174346923828
TRAIN,5a064706,92,1,2,6,1,1,0,10.8125,0.9999798536300659,0.4271704852581024,0.4809536933898926,6,-0.05378320813179016,9.390995025634766,1.4837433099746704,8.5182523727417
TRAIN,5a064706,92,2,3,6,1,1,0,12.625,0.9999966621398926,0.36079245805740356,0.3684319853782654,5,-0.007639527320861816,11.72894287109375,2.508408546447754,10.876764297485352
TRAIN,5a064706,92,3,4,6,1,1,0,12.6875,0.9999969005584717,0.4053002595901489,0.43871384859085083,5,-0.033413589000701904,10.87968635559082,1.8832790851593018,10.030966758728027
TRAIN,5a064706,92,4,5,6,1,1,0,3.5,0.970687747001648,0.45894163846969604,0.45947930216789246,3,-0.0005376636981964111,11.180742263793945,1.7823458909988403,10.317439079284668
TRAIN,5a064706,92,5,6,6,1,1,0,0.349609375,0.5865228176116943,0.3424947261810303,0.3156295716762543,5,0.026865154504776,13.336568832397461,2.2319233417510986,13.111955642700195
TRAIN,5a064706,93,0,1,6,1,1,0,12.0,0.9999938011169434,0.3569354712963104,0.3485095500946045,2,0.008425921201705933,9.829038619995117,2.102158546447754,9.010662078857422
TRAIN,5a064706,93,1,2,6,1,1,0,6.75,0.9988304972648621,0.3691447973251343,0.3883971571922302,6,-0.019252359867095947,7.857684135437012,1.4030370712280273,6.920303821563721
TRAIN,5a064706,93,2,3,6,1,1,0,12.5625,0.999996542930603,0.35225364565849304,0.35764554142951965,5,-0.005391895771026611,11.608996391296387,2.555283546447754,10.699101448059082
TRAIN,5a064706,93,3,4,6,1,1,0,13.875,0.9999990463256836,0.385667622089386,0.43312570452690125,5,-0.04745808243751526,10.630435943603516,1.797471046447754,9.571842193603516
TRAIN,5a064706,93,4,5,6,1,1,0,4.0625,0.9830850958824158,0.5225299000740051,0.5083572268486023,6,0.014172673225402832,12.406200408935547,1.9698458909988403,11.544849395751953
TRAIN,5a064706,93,5,6,6,1,1,0,0.79296875,0.6884684562683105,0.3741759657859802,0.3755916357040405,5,-0.0014156699180603027,14.947587013244629,2.4227712154388428,14.439491271972656
TRAIN,5a064706,94,0,1,6,1,1,0,12.5,0.9999963045120239,0.4070502817630768,0.41313430666923523,6,-0.006084024906158447,9.905584335327148,1.7979708909988403,9.094342231750488
TRAIN,5a064706,94,1,2,6,1,1,0,6.65625,0.9987157583236694,0.38718998432159424,0.37528181076049805,6,0.011908173561096191,9.982946395874023,1.7979708909988403,9.212885856628418
TRAIN,5a064706,94,2,3,6,1,1,0,13.5625,0.9999986886978149,0.37053969502449036,0.38014721870422363,5,-0.009607523679733276,11.300278663635254,2.258408546447754,10.353665351867676
TRAIN,5a064706,94,3,4,6,1,1,0,14.375,0.9999994039535522,0.40703698992729187,0.4528737962245941,5,-0.045836806297302246,10.506258964538574,1.5901882648468018,9.623679161071777
TRAIN,5a064706,94,4,5,6,1,1,0,3.578125,0.9728307723999023,0.33391886949539185,0.35493338108062744,6,-0.021014511585235596,11.821566581726074,2.5287983417510986,11.450148582458496
TRAIN,5a064706,94,5,6,6,1,1,0,1.4140625,0.804405927658081,0.2836231589317322,0.26519665122032166,5,0.018426507711410522,12.921298027038574,2.6537983417510986,12.764530181884766
TRAIN,5a064706,95,0,1,6,1,1,0,13.9375,0.9999991655349731,0.3165406882762909,0.33245548605918884,2,-0.01591479778289795,10.735650062561035,1.867783546447754,10.010295867919922
TRAIN,5a064706,95,1,2,6,1,1,0,9.8125,0.9999452829360962,0.34756043553352356,0.3762780427932739,6,-0.028717607259750366,10.669447898864746,1.9819234609603882,10.085081100463867
TRAIN,5a064706,95,2,3,6,1,1,0,12.625,0.9999966621398926,0.4051528871059418,0.4061456620693207,5,-0.0009927749633789062,9.834717750549316,1.938096046447754,8.855695724487305
TRAIN,5a064706,95,3,4,6,1,1,0,14.125,0.9999992847442627,0.3940489888191223,0.4242326319217682,5,-0.030183643102645874,11.054229736328125,1.992783546447754,10.039066314697266
TRAIN,5a064706,95,4,5,6,1,1,0,1.890625,0.8688268065452576,0.41674649715423584,0.46073806285858154,6,-0.0439915657043457,10.329971313476562,1.7710175514221191,9.992626190185547
TRAIN,5a064706,95,5,6,6,1,1,0,1.03125,0.7371581792831421,0.342009961605072,0.31403568387031555,5,0.02797427773475647,11.301264762878418,2.1069233417510986,11.238899230957031
TRAIN,5a064706,96,0,1,6,1,1,0,13.6875,0.9999988079071045,0.305340439081192,0.3236013948917389,3,-0.018260955810546875,11.34544563293457,2.1917507648468018,10.951683044433594
TRAIN,5a064706,96,1,2,6,1,1,0,9.25,0.9999039173126221,0.2662465274333954,0.29018616676330566,6,-0.02393963932991028,11.571061134338379,2.4194233417510986,11.194189071655273
TRAIN,5a064706,96,2,3,6,1,1,0,13.5625,0.9999986886978149,0.39514338970184326,0.39653146266937256,5,-0.0013880729675292969,10.83519458770752,2.234971046447754,9.849187850952148
TRAIN,5a064706,96,3,4,6,1,1,0,13.8125,0.9999990463256836,0.33457162976264954,0.36358124017715454,5,-0.029009610414505005,10.583864212036133,2.031846046447754,9.626724243164062
TRAIN,5a064706,96,4,5,6,1,1,0,4.78125,0.9916841983795166,0.4289098083972931,0.4417804777622223,6,-0.0128706693649292,10.434636116027832,1.7389745712280273,9.670955657958984
TRAIN,5a064706,96,5,6,6,1,1,0,1.1953125,0.7676898241043091,0.34822016954421997,0.3294121026992798,5,0.018808066844940186,12.050007820129395,2.2162983417510986,11.877384185791016
TRAIN,5a064706,97,0,1,6,1,1,0,13.3125,0.9999983310699463,0.28619617223739624,0.30121973156929016,3,-0.015023559331893921,11.67512035369873,2.2162983417510986,11.17401123046875
TRAIN,5a064706,97,1,2,6,1,1,0,9.3125,0.9999097585678101,0.37929868698120117,0.3768063187599182,3,0.002492368221282959,11.092767715454102,1.844346046447754,10.413302421569824
TRAIN,5a064706,97,2,3,6,1,1,0,12.6875,0.9999969005584717,0.33884698152542114,0.350667804479599,5,-0.011820822954177856,10.513076782226562,1.781846046447754,9.625349998474121
TRAIN,5a064706,97,3,4,6,1,1,0,13.0,0.9999977350234985,0.3126698434352875,0.3447370231151581,5,-0.032067179679870605,11.851308822631836,1.938096046447754,10.977705955505371
TRAIN,5a064706,97,4,5,6,1,1,0,5.40625,0.9955315589904785,0.47683387994766235,0.4840397834777832,6,-0.00720590353012085,10.415529251098633,1.7073456048965454,9.633505821228027
TRAIN,5a064706,97,5,6,6,1,1,0,1.7265625,0.8489722013473511,0.36441224813461304,0.3555453419685364,5,0.00886690616607666,12.298394203186035,2.2006733417510986,11.97709846496582
TRAIN,5a064706,98,0,1,6,1,1,0,13.75,0.999998927116394,0.2962004244327545,0.3059624135494232,3,-0.009761989116668701,11.271796226501465,2.1448757648468018,10.652729988098145
TRAIN,5a064706,98,1,2,6,1,1,0,10.9375,0.9999822378158569,0.4604003131389618,0.462142676115036,3,-0.0017423629760742188,10.973292350769043,2.180283546447754,9.922833442687988
TRAIN,5a064706,98,2,3,6,1,1,0,13.6875,0.9999988079071045,0.34598660469055176,0.34930115938186646,5,-0.0033145546913146973,11.302563667297363,2.508408546447754,10.386629104614258
TRAIN,5a064706,98,3,4,6,1,1,0,13.3125,0.9999983310699463,0.31297194957733154,0.3366945683956146,5,-0.02372261881828308,11.287742614746094,2.164658546447754,10.544913291931152
TRAIN,5a064706,98,4,5,6,1,1,0,5.8125,0.9970190525054932,0.41955989599227905,0.41692182421684265,6,0.0026380717754364014,12.04503345489502,1.9260956048965454,11.386906623840332
TRAIN,5a064706,98,5,6,6,1,1,0,1.40625,0.8031737804412842,0.31028634309768677,0.2735300064086914,5,0.03675633668899536,11.90650463104248,2.5444233417510986,11.960721015930176
TRAIN,5a064706,99,0,1,6,1,1,0,12.75,0.9999971389770508,0.31471341848373413,0.32681864500045776,3,-0.012105226516723633,10.455034255981445,1.9573757648468018,9.813324928283691
TRAIN,5a064706,99,1,2,6,1,1,0,12.0,0.9999938011169434,0.3747138977050781,0.4333270788192749,5,-0.05861318111419678,11.313211441040039,1.7347846031188965,10.521194458007812
TRAIN,5a064706,99,2,3,6,1,1,0,13.6875,0.9999988079071045,0.34225136041641235,0.34817206859588623,5,-0.005920708179473877,11.629268646240234,2.477158546447754,10.75002670288086
TRAIN,5a064706,99,3,4,6,1,1,0,13.25,0.9999982118606567,0.3474520146846771,0.3777153789997101,5,-0.03026336431503296,11.166876792907715,2.297471046447754,10.242746353149414
TRAIN,5a064706,99,4,5,6,1,1,0,5.6875,0.9966233968734741,0.2908039689064026,0.322064071893692,6,-0.03126010298728943,13.853675842285156,3.1381733417510986,13.675389289855957
TRAIN,5a064706,99,5,6,6,1,1,0,1.6875,0.8438951373100281,0.2942509651184082,0.27496862411499023,3,0.01928234100341797,13.290103912353516,2.6225483417510986,13.099996566772461
TRAIN,5a064706,100,0,1,6,1,1,0,12.375,0.9999958276748657,0.3134591281414032,0.31416523456573486,3,-0.000706106424331665,10.828306198120117,1.922471046447754,10.129447937011719
TRAIN,5a064706,100,1,2,6,1,1,0,11.125,0.9999852180480957,0.3055315613746643,0.36845675110816956,5,-0.06292518973350525,12.452066421508789,2.1448757648468018,11.66789722442627
TRAIN,5a064706,100,2,3,6,1,1,0,13.4375,0.9999985694885254,0.37682071328163147,0.38435229659080505,5,-0.007531583309173584,10.99178409576416,2.328721046447754,10.110015869140625
TRAIN,5a064706,100,3,4,6,1,1,0,13.5,0.9999985694885254,0.32657694816589355,0.36141908168792725,5,-0.03484213352203369,11.598640441894531,2.453721046447754,10.69117259979248
TRAIN,5a064706,100,4,5,6,1,1,0,4.71875,0.9911527037620544,0.463141530752182,0.47506195306777954,6,-0.011920422315597534,11.227873802185059,1.7120333909988403,10.62124252319336
TRAIN,5a064706,100,5,6,6,1,1,0,1.515625,0.8198933005332947,0.33642062544822693,0.32400670647621155,5,0.01241391897201538,12.417826652526855,2.1537983417510986,12.083052635192871
TRAIN,5a064706,101,0,1,6,1,1,0,12.5625,0.999996542930603,0.42095834016799927,0.4064202904701233,2,0.014538049697875977,10.393376350402832,1.789658546447754,9.524988174438477
TRAIN,5a064706,101,1,2,6,1,1,0,11.5625,0.9999904632568359,0.4576139450073242,0.47115057706832886,1,-0.013536632061004639,12.277091026306152,2.383408546447754,11.42967700958252
TRAIN,5a064706,101,2,3,6,1,1,0,12.9375,0.999997615814209,0.39820560812950134,0.4117983281612396,5,-0.013592720031738281,10.141271591186523,1.984971046447754,9.242642402648926
TRAIN,5a064706,101,3,4,6,1,1,0,13.375,0.9999984502792358,0.32321447134017944,0.3613961338996887,5,-0.03818166255950928,11.470909118652344,2.0355007648468018,10.69754695892334
TRAIN,5a064706,101,4,5,6,1,1,0,4.75,0.9914224743843079,0.4554471969604492,0.45581749081611633,6,-0.00037029385566711426,11.161590576171875,1.7787984609603882,10.397092819213867
TRAIN,5a064706,101,5,6,6,1,1,0,1.5390625,0.8233283758163452,0.3643515706062317,0.3670727014541626,5,-0.002721130847930908,13.106851577758789,2.1381733417510986,12.588132858276367
TRAIN,5a064706,102,0,1,6,1,1,0,12.75,0.9999971389770508,0.38673362135887146,0.39735788106918335,5,-0.01062425971031189,11.16687297821045,2.281846046447754,10.287705421447754
TRAIN,5a064706,102,1,2,6,1,1,0,13.0,0.9999977350234985,0.3171437084674835,0.355962336063385,5,-0.03881862759590149,14.846442222595215,2.977158546447754,13.953228950500488
TRAIN,5a064706,102,2,3,6,1,1,0,13.75,0.999998927116394,0.3254491090774536,0.32924747467041016,5,-0.003798365592956543,11.774072647094727,2.539658546447754,10.886207580566406
TRAIN,5a064706,102,3,4,6,1,1,0,15.25,0.9999997615814209,0.2575708031654358,0.2894975244998932,5,-0.0319267213344574,13.027685165405273,2.5042507648468018,12.335539817810059
TRAIN,5a064706,102,4,5,6,1,1,0,4.21875,0.985496461391449,0.4598309397697449,0.48208749294281006,6,-0.022256553173065186,9.131125450134277,1.6182833909988403,8.331168174743652
TRAIN,5a064706,102,5,6,6,1,1,0,1.6640625,0.8407825827598572,0.31755322217941284,0.3030063807964325,5,0.014546841382980347,11.634302139282227,2.0444233417510986,11.241252899169922
TRAIN,5a064706,103,0,1,6,1,1,0,12.75,0.9999971389770508,0.42619338631629944,0.44690486788749695,5,-0.02071148157119751,10.8643217086792,2.274033546447754,9.90816593170166
TRAIN,5a064706,103,1,2,6,1,1,0,13.1875,0.9999980926513672,0.30670028924942017,0.31310707330703735,3,-0.0064067840576171875,14.071097373962402,2.914658546447754,13.36358642578125
TRAIN,5a064706,103,2,3,6,1,1,0,13.625,0.9999988079071045,0.331911563873291,0.3365762233734131,5,-0.00466465950012207,11.134236335754395,2.375596046447754,10.239989280700684
TRAIN,5a064706,103,3,4,6,1,1,0,13.8125,0.9999990463256836,0.3375782072544098,0.35379356145858765,3,-0.016215354204177856,11.716135025024414,2.539658546447754,10.723001480102539
TRAIN,5a064706,103,4,5,6,1,1,0,2.90625,0.9481545686721802,0.39527609944343567,0.4326774477958679,6,-0.03740134835243225,10.10119342803955,1.6854147911071777,9.652194023132324
TRAIN,5a064706,103,5,6,6,1,1,0,1.2265625,0.7732163667678833,0.3282684087753296,0.3064570426940918,5,0.021811366081237793,13.044937133789062,2.2162983417510986,12.884061813354492
TRAIN,5a064706,104,0,1,6,1,1,0,12.4375,0.9999960660934448,0.4163541793823242,0.45052066445350647,5,-0.03416648507118225,10.980875015258789,2.242783546447754,10.012451171875
TRAIN,5a064706,104,1,2,6,1,1,0,13.4375,0.9999985694885254,0.24872010946273804,0.27952349185943604,5,-0.030803382396697998,14.143837928771973,2.867783546447754,13.387632369995117
TRAIN,5a064706,104,2,3,6,1,1,0,13.125,0.9999979734420776,0.35003021359443665,0.3564450144767761,5,-0.0064148008823394775,10.943412780761719,2.274033546447754,10.04931354522705
TRAIN,5a064706,104,3,4,6,1,1,0,14.0625,0.9999991655349731,0.3143203556537628,0.3387570381164551,3,-0.02443668246269226,10.790148735046387,2.149033546447754,9.86799430847168
TRAIN,5a064706,104,4,5,6,1,1,0,1.15625,0.7606506943702698,0.3353543281555176,0.38066792488098145,6,-0.04531359672546387,11.12979507446289,1.9272675514221191,10.812419891357422
TRAIN,5a064706,104,5,6,6,1,0,1,-0.09033203125,0.4774323105812073,,,,,0.0,0.0,2.8216605186462402
TRAIN,5a064706,105,0,1,6,1,1,0,12.375,0.9999958276748657,0.3502519726753235,0.36999669671058655,5,-0.01974472403526306,11.498139381408691,2.445908546447754,10.667177200317383
TRAIN,5a064706,105,1,2,6,1,1,0,12.5625,0.999996542930603,0.2670402228832245,0.27700528502464294,3,-0.009965062141418457,11.906917572021484,2.211533546447754,11.314543724060059
TRAIN,5a064706,105,2,3,6,1,1,0,13.1875,0.9999980926513672,0.3426029682159424,0.35364267230033875,5,-0.011039704084396362,11.701706886291504,2.195908546447754,10.819571495056152
TRAIN,5a064706,105,3,4,6,1,1,0,12.9375,0.999997615814209,0.4077436923980713,0.4391883909702301,5,-0.031444698572158813,10.965195655822754,1.758408546447754,9.95242977142334
TRAIN,5a064706,105,4,5,6,1,1,0,0.89453125,0.7098243832588196,0.30772316455841064,0.3411392569541931,6,-0.03341609239578247,11.720725059509277,1.9507050514221191,11.39939022064209
TRAIN,5a064706,105,5,6,6,1,0,1,-0.384765625,0.40497803688049316,,,,,0.0,0.0,2.8216605186462402
TRAIN,5a064706,106,0,1,6,1,1,0,12.4375,0.9999960660934448,0.419534295797348,0.42781203985214233,5,-0.008277744054794312,10.82544994354248,2.492783546447754,9.879937171936035
TRAIN,5a064706,106,1,2,6,1,1,0,13.25,0.9999982118606567,0.2932792007923126,0.30555909872055054,3,-0.012279897928237915,12.170013427734375,2.555283546447754,11.447280883789062
TRAIN,5a064706,106,2,3,6,1,1,0,13.25,0.9999982118606567,0.43293648958206177,0.45254284143447876,5,-0.019606351852416992,9.869651794433594,1.672471046447754,8.870685577392578
TRAIN,5a064706,106,3,4,6,1,1,0,12.6875,0.9999969005584717,0.294374942779541,0.33434435725212097,5,-0.039969414472579956,11.83407974243164,2.211533546447754,10.955184936523438
TRAIN,5a064706,106,4,5,6,1,1,0,0.53515625,0.6306849718093872,0.28031250834465027,0.32321643829345703,6,-0.04290392994880676,12.218113899230957,2.036642551422119,12.056907653808594
TRAIN,5a064706,106,5,6,6,1,0,1,-0.55078125,0.3656831681728363,,,,,0.0,0.0,2.8216605186462402
TRAIN,5a064706,107,0,1,6,1,1,0,12.875,0.9999974966049194,0.42315325140953064,0.4359854459762573,5,-0.012832194566726685,13.21294116973877,2.930283546447754,12.413274765014648
TRAIN,5a064706,107,1,2,6,1,1,0,13.4375,0.9999985694885254,0.3075008988380432,0.3184416592121124,3,-0.010940760374069214,11.6024169921875,2.524033546447754,10.83430004119873
TRAIN,5a064706,107,2,3,6,1,1,0,13.125,0.9999979734420776,0.3585946261882782,0.3703838586807251,5,-0.0117892324924469,10.69959831237793,2.234971046447754,9.788439750671387
TRAIN,5a064706,107,3,4,6,1,1,0,12.75,0.9999971389770508,0.3496370315551758,0.38013115525245667,5,-0.030494123697280884,10.791114807128906,2.383408546447754,9.833860397338867
TRAIN,5a064706,107,4,5,6,1,1,0,1.1953125,0.7676898241043091,0.33355262875556946,0.34839823842048645,6,-0.014845609664916992,12.354377746582031,2.060080051422119,11.857959747314453
TRAIN,5a064706,107,5,6,6,1,0,1,-0.291015625,0.4277552366256714,,,,,0.0,0.0,2.8216605186462402
TRAIN,5a064706,108,0,1,6,1,1,0,10.0625,0.9999573230743408,0.3693734109401703,0.3771863579750061,5,-0.007812947034835815,11.482335090637207,2.258408546447754,10.426137924194336
TRAIN,5a064706,108,1,2,6,1,1,0,13.3125,0.9999983310699463,0.3371509313583374,0.3379659354686737,3,-0.0008150041103363037,10.083327293395996,2.008408546447754,9.297517776489258
TRAIN,5a064706,108,2,3,6,1,1,0,13.125,0.9999979734420776,0.4272516071796417,0.45273298025131226,5,-0.025481373071670532,9.50338363647461,1.797471046447754,8.600587844848633
TRAIN,5a064706,108,3,4,6,1,1,0,13.875,0.9999990463256836,0.2903948724269867,0.3206546902656555,5,-0.030259817838668823,11.763419151306152,2.524033546447754,10.933859825134277
TRAIN,5a064706,108,4,5,6,1,1,0,1.484375,0.815232515335083,0.28652483224868774,0.3088208734989166,6,-0.022296041250228882,11.895613670349121,2.1069233417510986,11.519664764404297
TRAIN,5a064706,108,5,6,6,1,0,1,-0.068359375,0.48291677236557007,,,,,0.0,0.0,2.8216605186462402
TRAIN,5a064706,109,0,1,6,1,1,0,12.75,0.9999971389770508,0.38643312454223633,0.40661323070526123,5,-0.020180106163024902,11.886374473571777,2.633408546447754,10.94288444519043
TRAIN,5a064706,109,1,2,6,1,1,0,13.8125,0.9999990463256836,0.36138516664505005,0.3688563406467438,3,-0.007471174001693726,9.297283172607422,1.578721046447754,8.441397666931152
TRAIN,5a064706,109,2,3,6,1,1,0,13.125,0.9999979734420776,0.38698598742485046,0.40750446915626526,5,-0.020518481731414795,9.61801815032959,1.742783546447754,8.64724063873291
TRAIN,5a064706,109,3,4,6,1,1,0,12.9375,0.999997615814209,0.2918705344200134,0.3191860616207123,5,-0.027315527200698853,11.420364379882812,2.399033546447754,10.565505027770996
TRAIN,5a064706,109,4,5,6,1,1,0,1.09375,0.7490872144699097,0.25586748123168945,0.29414886236190796,6,-0.038281381130218506,11.698174476623535,2.0823757648468018,11.529088020324707
TRAIN,5a064706,109,5,6,6,1,0,1,-0.1279296875,0.4680611193180084,,,,,0.0,0.0,2.8216605186462402
TRAIN,5a064706,110,0,1,6,1,1,0,12.6875,0.9999969005584717,0.3507002890110016,0.36299365758895874,5,-0.012293368577957153,10.926800727844238,2.289658546447754,10.096158027648926
TRAIN,5a064706,110,1,2,6,1,1,0,14.125,0.9999992847442627,0.3498092293739319,0.35974568128585815,1,-0.00993645191192627,10.45088005065918,2.164658546447754,9.688275337219238
TRAIN,5a064706,110,2,3,6,1,1,0,12.25,0.999995231628418,0.4015858471393585,0.41115787625312805,5,-0.009572029113769531,9.848684310913086,1.6995632648468018,9.092720985412598
TRAIN,5a064706,110,3,4,6,1,1,0,13.4375,0.9999985694885254,0.33770713210105896,0.3735974133014679,5,-0.035890281200408936,10.83071517944336,2.219346046447754,9.874438285827637
TRAIN,5a064706,110,4,5,6,1,1,0,0.8203125,0.6943026781082153,0.2507462501525879,0.2892594039440155,6,-0.03851315379142761,12.109936714172363,2.2319233417510986,11.902986526489258
TRAIN,5a064706,110,5,6,6,1,1,0,0.08544921875,0.521349310874939,0.2968263626098633,0.2598285377025604,3,0.036997824907302856,15.482704162597656,2.704982280731201,15.700116157531738
TRAIN,5a064706,111,0,1,6,1,1,0,12.9375,0.999997615814209,0.34750664234161377,0.34733226895332336,2,0.00017437338829040527,10.05403995513916,2.211533546447754,9.182531356811523
TRAIN,5a064706,111,1,2,6,1,1,0,13.875,0.9999990463256836,0.32667049765586853,0.35444504022598267,5,-0.027774542570114136,10.962583541870117,2.188096046447754,10.105402946472168
TRAIN,5a064706,111,2,3,6,1,1,0,11.25,0.999987006187439,0.45122724771499634,0.4794957637786865,6,-0.028268516063690186,9.72649097442627,1.5167208909988403,8.841547012329102
TRAIN,5a064706,111,3,4,6,1,1,0,14.0625,0.9999991655349731,0.3444904685020447,0.39237141609191895,5,-0.04788094758987427,11.092106819152832,2.016221046447754,10.179756164550781
TRAIN,5a064706,111,4,5,6,1,1,0,0.9375,0.7185943722724915,0.2999393045902252,0.3266085088253021,6,-0.026669204235076904,12.842790603637695,2.231955051422119,12.538447380065918
TRAIN,5a064706,111,5,6,6,1,1,0,0.29296875,0.5727227926254272,0.27428847551345825,0.25575560331344604,5,0.018532872200012207,14.81100845336914,2.2631733417510986,14.69202709197998
TRAIN,5a064706,112,0,1,6,1,1,0,14.4375,0.9999994039535522,0.3698652684688568,0.3719266653060913,3,-0.002061396837234497,10.060468673706055,2.297471046447754,9.107799530029297
TRAIN,5a064706,112,1,2,6,1,1,0,13.8125,0.9999990463256836,0.3662654757499695,0.3699656128883362,3,-0.0037001371383666992,10.398173332214355,2.102158546447754,9.614838600158691
TRAIN,5a064706,112,2,3,6,1,1,0,5.71875,0.9967268705368042,0.437031626701355,0.44210588932037354,6,-0.005074262619018555,8.578588485717773,1.5592870712280273,7.588433265686035
TRAIN,5a064706,112,3,4,6,1,1,0,11.4375,0.9999892711639404,0.4097525179386139,0.4490460753440857,3,-0.0392935574054718,9.4639892578125,1.5827245712280273,8.521037101745605
TRAIN,5a064706,112,4,5,6,1,1,0,0.578125,0.6406359076499939,0.3863469660282135,0.4250410795211792,6,-0.0386941134929657,9.930392265319824,1.6651583909988403,9.447227478027344
TRAIN,5a064706,112,5,6,6,1,1,0,0.3046875,0.5755879878997803,0.26252061128616333,0.2433178722858429,5,0.019202739000320435,13.621434211730957,2.2162983417510986,13.438088417053223
TRAIN,5a064706,113,0,1,6,1,1,0,14.5625,0.9999995231628418,0.32501259446144104,0.34587156772613525,3,-0.020858973264694214,10.56805419921875,2.234971046447754,9.711593627929688
TRAIN,5a064706,113,1,2,6,1,1,0,14.125,0.9999992847442627,0.32606080174446106,0.34125250577926636,3,-0.015191704034805298,11.372331619262695,2.219346046447754,10.575390815734863
TRAIN,5a064706,113,2,3,6,1,1,0,3.390625,0.9674102663993835,0.383110910654068,0.4276275932788849,6,-0.044516682624816895,8.786046028137207,1.6260958909988403,8.208956718444824
TRAIN,5a064706,113,3,4,6,1,1,0,13.25,0.9999982118606567,0.3054110109806061,0.3412967324256897,3,-0.03588572144508362,10.782468795776367,1.899033546447754,10.109444618225098
TRAIN,5a064706,113,4,5,6,1,1,0,2.015625,0.8824278712272644,0.3703143298625946,0.3616916537284851,6,0.008622676134109497,10.580878257751465,1.7010397911071777,9.676145553588867
TRAIN,5a064706,113,5,6,6,1,1,0,0.080078125,0.5200088620185852,0.3500687777996063,0.3114197850227356,5,0.03864899277687073,12.254029273986816,2.2319233417510986,12.239229202270508
TRAIN,5a064706,114,0,1,6,1,1,0,14.5625,0.9999995231628418,0.28236889839172363,0.29615074396133423,5,-0.013781845569610596,10.769388198852539,2.414658546447754,9.987504005432129
TRAIN,5a064706,114,1,2,6,1,1,0,14.1875,0.9999992847442627,0.31142911314964294,0.32136550545692444,3,-0.009936392307281494,12.4349946975708,2.453721046447754,11.678641319274902
TRAIN,5a064706,114,2,3,6,1,1,0,3.28125,0.9637799859046936,0.31949007511138916,0.3491365313529968,6,-0.029646456241607666,9.698190689086914,1.6573458909988403,9.120953559875488
TRAIN,5a064706,114,3,4,6,1,1,0,14.75,0.9999996423721313,0.3876105546951294,0.4146054983139038,3,-0.026994943618774414,10.610604286193848,2.039658546447754,9.666887283325195
TRAIN,5a064706,114,4,5,6,1,1,0,3.5625,0.9724147915840149,0.5078717470169067,0.4737318754196167,3,0.03413987159729004,11.112683296203613,1.8680837154388428,9.860433578491211
TRAIN,5a064706,114,5,6,6,1,1,0,0.486328125,0.6192409992218018,0.3638623356819153,0.3370843827724457,5,0.026777952909469604,13.00352668762207,2.5912983417510986,12.799825668334961
