split,video,frame_idx,obj_idx,object_id,n_objects,frame_height,frame_width,baseline_memory_encoded,mask_conf_iou_head,occ_score_logit,occ_score_prob,pointer_valid,pred_area_px,area_norm,frame0_anchor_area_px,area_ratio_anchor,temporal_iou_prev,centroid_x_px,centroid_y_px,prev_centroid_x_px,prev_centroid_y_px,target_visible,target_gt_area_px,target_iou,max_other_iou,max_other_object_id,ptr_sim_anchor_fp32
TRAIN,181ec185,1,0,1,9,720,1280,1,0.90625,9.8125,0.9999452829360962,1,295308,0.3204296875,308698,0.9566242735618631,0.8192951807228915,780.0916433012312,339.29350373169706,776.9955846814686,349.55902856513484,1,310358,0.8787040339966189,0.0019116977696859354,2,0.3327641487121582
TRAIN,181ec185,1,1,2,9,720,1280,1,0.78515625,12.1875,0.9999948740005493,1,22243,0.02413519965277778,24959,0.8911815377218638,0.5732951136590894,274.24695409791843,221.452726700535,264.1585400056092,249.6263872751312,1,23866,0.7593482905982906,0.005335124881441669,7,0.39514070749282837
TRAIN,181ec185,1,2,3,9,720,1280,1,0.75390625,6.8125,0.9989012479782104,1,5159,0.005597873263888889,4953,1.0415909549767817,0.43067345783814376,821.2486916069006,145.8836983911611,810.7363214213608,148.60004037956793,1,4877,0.7315389924085576,0.00037730106088180646,1,0.3319534957408905
TRAIN,181ec185,1,3,4,9,720,1280,1,0.921875,10.3125,0.9999667406082153,1,6885,0.007470703125,6739,1.0216649354503635,0.7997357992073976,504.33188090050834,53.21525054466231,498.2387594598605,56.760646980264134,1,6577,0.9278247171702707,0.007141876115918143,8,0.32934677600860596
TRAIN,181ec185,1,4,5,9,720,1280,1,0.765625,8.375,0.9997695088386536,1,7110,0.00771484375,4395,1.6177474402730376,0.3814841498559078,86.66286919831224,154.91715893108298,81.08054607508532,170.89283276450513,1,8365,0.7764894960394902,0.0053285968028419185,6,0.4719816744327545
TRAIN,181ec185,1,5,6,9,720,1280,1,0.9375,10.625,0.9999756813049316,1,13173,0.014293619791666667,13482,0.977080551846907,0.7688632291459288,78.29378273741744,68.67311925909057,71.05919003115265,73.71042871977451,1,13266,0.9356468262683945,0.007437204733617101,5,0.458792507648468
TRAIN,181ec185,1,6,7,9,720,1280,1,0.875,8.5625,0.9998089671134949,1,3583,0.0038878038194444446,3779,0.9481344270971156,0.5508742363598061,179.2969578565448,153.61345241417806,162.15506747816883,156.24186292670018,1,3196,0.793860809738026,0.0061507225606114895,6,0.40234291553497314
TRAIN,181ec185,1,7,8,9,720,1280,1,0.7734375,7.25,0.9992903470993042,1,419,0.0004546440972222222,404,1.0371287128712872,0.4802158273381295,514.727923627685,9.544152744630072,508.86138613861385,11.881188118811881,1,448,0.6296992481203008,0.006473888649115235,4,0.4620046317577362
TRAIN,181ec185,1,8,9,9,720,1280,1,0.90625,7.78125,0.9995827078819275,1,1073,0.001164279513888889,1330,0.8067669172932331,0.6214574898785425,272.43802423112766,10.475302889095992,264.50676691729325,12.647368421052631,1,1080,0.9053097345132743,0.0,1,0.4425326883792877
TRAIN,181ec185,2,0,1,9,720,1280,1,0.8984375,10.1875,0.999962329864502,1,293678,0.31866102430555554,308698,0.9513440320313057,0.8356994368102327,785.2650760356581,334.32688522803886,780.0916433012312,339.29350373169706,1,305711,0.8862531351587799,0.0011143683873949739,2,0.34874433279037476
TRAIN,181ec185,2,1,2,9,720,1280,1,0.765625,12.125,0.9999946355819702,1,19779,0.021461588541666667,24959,0.7924596337994311,0.5729739846528168,282.3566914404166,216.9582385358208,274.24695409791843,221.452726700535,1,22548,0.7653903903903904,0.002511548638830336,7,0.47869908809661865
TRAIN,181ec185,2,2,3,9,720,1280,1,0.7265625,6.9375,0.9990302324295044,1,4992,0.005416666666666667,4953,1.0078740157480315,0.38391274710293116,827.3339342948718,140.4745592948718,821.2486916069006,145.8836983911611,1,4653,0.7004583921015515,0.0010342094580226946,1,0.3507015109062195
TRAIN,181ec185,2,3,4,9,720,1280,1,0.921875,10.5,0.9999724626541138,1,6821,0.0074012586805555555,6739,1.0121679774447248,0.7802311988569944,513.4750036651517,50.993402726872894,504.33188090050834,53.21525054466231,1,6994,0.9230233853006682,0.008509470216854241,8,0.33311304450035095
TRAIN,181ec185,2,4,5,9,720,1280,1,0.84765625,8.625,0.9998205304145813,1,10273,0.011146918402777779,4395,2.337428896473265,0.4915908700875236,103.41497128394822,154.62153217171226,86.66286919831224,154.91715893108298,1,10436,0.8556451612903225,0.007679143446399579,6,0.5063455104827881
TRAIN,181ec185,2,5,6,9,720,1280,1,0.9453125,10.125,0.9999599456787109,1,12766,0.013851996527777778,13482,0.9468921524996291,0.7610835766175572,88.14264452451825,64.99114836283879,78.29378273741744,68.67311925909057,1,12691,0.9459562757988075,0.000517464424320828,5,0.4607081413269043
TRAIN,181ec185,2,6,7,9,720,1280,1,0.8203125,8.625,0.9998205304145813,1,2900,0.003146701388888889,3779,0.7673987827467584,0.41180313588850176,200.28931034482758,150.64068965517242,179.2969578565448,153.61345241417806,1,2574,0.7941658472631924,0.003838916070756492,5,0.4905524253845215
TRAIN,181ec185,2,7,8,9,720,1280,1,0.765625,5.46875,0.9958011507987976,1,456,0.0004947916666666667,404,1.1287128712871286,0.39553429027113235,524.4517543859649,6.745614035087719,514.727923627685,9.544152744630072,1,527,0.6919104991394148,0.0,1,0.48301202058792114
TRAIN,181ec185,2,8,9,9,720,1280,1,0.8828125,6.96875,0.9990600943565369,1,880,0.0009548611111111111,1330,0.6616541353383458,0.6288573811509591,280.2,8.228409090909091,272.43802423112766,10.475302889095992,1,831,0.8537378114842904,0.0,1,0.465440958738327
TRAIN,181ec185,3,0,1,9,720,1280,1,0.89453125,10.1875,0.999962329864502,1,296293,0.3214984809027778,308698,0.9598150943640711,0.827933435165591,800.8703445575832,333.34039953694486,785.2650760356581,334.32688522803886,1,305200,0.8918681747269891,0.0014030394002084337,2,0.3851434290409088
TRAIN,181ec185,3,1,2,9,720,1280,1,0.79296875,12.4375,0.9999960660934448,1,22803,0.024742838541666666,24959,0.9136183340678713,0.49788940481215704,281.5007674428803,228.81098978204622,282.3566914404166,216.9582385358208,1,25603,0.7513658236549803,0.004145807259073843,7,0.48539167642593384
TRAIN,181ec185,3,2,3,9,720,1280,1,0.71484375,8.5625,0.9998089671134949,1,4932,0.0053515625,4953,0.9957601453664445,0.3825578155475063,837.8927412814274,137.16930251419302,827.3339342948718,140.4745592948718,1,4264,0.7175943220022413,0.0010651964803325995,1,0.32461807131767273
TRAIN,181ec185,3,3,4,9,720,1280,1,0.9140625,11.5,0.9999898672103882,1,6310,0.006846788194444444,6739,0.9363407033684523,0.7332365364308342,521.4293185419968,45.62076069730586,513.4750036651517,50.993402726872894,1,6852,0.8954493087557603,0.005053507728894174,8,0.30272987484931946
TRAIN,181ec185,3,4,5,9,720,1280,1,0.8359375,8.8125,0.9998511075973511,1,11374,0.012341579861111111,4395,2.5879408418657563,0.5506446991404012,110.79215755231229,147.75795674344997,103.41497128394822,154.62153217171226,1,12276,0.8629381646317448,0.00657501494321578,6,0.3773496150970459
TRAIN,181ec185,3,5,6,9,720,1280,1,0.953125,10.375,0.9999687671661377,1,12152,0.01318576388888889,13482,0.90134994807892,0.7388695045359386,97.17569124423963,57.74300526662278,88.14264452451825,64.99114836283879,1,12202,0.9487877090501721,8.187996397281586e-05,5,0.3684346079826355
TRAIN,181ec185,3,6,7,9,720,1280,1,0.84375,8.8125,0.9998511075973511,1,2669,0.002896050347222222,3779,0.7062715003969304,0.4771883289124668,201.29823904083926,143.13338328962158,200.28931034482758,150.64068965517242,1,2871,0.8516042780748663,0.0008706134476292526,5,0.39860305190086365
TRAIN,181ec185,3,7,8,9,720,1280,1,0.74609375,5.5625,0.9961755275726318,1,381,0.00041341145833333334,404,0.943069306930693,0.3349282296650718,534.9606299212599,4.244094488188976,524.4517543859649,6.745614035087719,1,452,0.7837259100642399,0.0018005540166204986,4,0.42884066700935364
TRAIN,181ec185,3,8,9,9,720,1280,1,0.8515625,5.8125,0.9970190525054932,1,608,0.0006597222222222222,1330,0.45714285714285713,0.554858934169279,289.1611842105263,6.394736842105263,280.2,8.228409090909091,1,657,0.7943262411347518,0.0,1,0.5247076153755188
TRAIN,181ec185,4,0,1,9,720,1280,1,0.890625,10.0,0.9999545812606812,1,291700,0.3165147569444444,308698,0.9449364751310342,0.8270241213556183,808.0030167980802,328.3921837504285,800.8703445575832,333.34039953694486,1,299745,0.8864244546721654,0.007020904656683769,2,0.3524154722690582
TRAIN,181ec185,4,1,2,9,720,1280,1,0.76171875,12.25,0.999995231628418,1,22793,0.024731987847222223,24959,0.913217676990264,0.6065111690508068,291.25406923178167,228.45943930153996,281.5007674428803,228.81098978204622,1,26862,0.7478000703977473,0.0007694933134754414,1,0.4009135067462921
TRAIN,181ec185,4,2,3,9,720,1280,1,0.68359375,8.1875,0.9997219443321228,1,5109,0.005543619791666667,4953,1.031496062992126,0.3790688092295014,851.0980622431005,135.14934429438247,837.8927412814274,137.16930251419302,1,4737,0.7240413237611627,0.0004102005388394278,1,0.3178045451641083
TRAIN,181ec185,4,3,4,9,720,1280,1,0.921875,11.1875,0.9999861717224121,1,6445,0.006993272569444445,6739,0.9563733491615967,0.757129081140653,531.5787432117921,43.185415050426684,521.4293185419968,45.62076069730586,1,6580,0.8724841863139735,0.009962825278810409,8,0.2622055411338806
TRAIN,181ec185,4,4,5,9,720,1280,1,0.8203125,9.5,0.9999251365661621,1,13401,0.014541015625,4395,3.049146757679181,0.6094978236860911,122.53884038504589,141.36467427803896,110.79215755231229,147.75795674344997,1,13779,0.875,0.004863424383744171,7,0.39714330434799194
TRAIN,181ec185,4,5,6,9,720,1280,1,0.9453125,10.25,0.9999645948410034,1,11423,0.012394748263888889,13482,0.8472778519507491,0.742295469662257,106.34124135516065,51.38116081589775,97.17569124423963,57.74300526662278,1,11775,0.9363939899833055,0.0004763795156808257,5,0.282211571931839
TRAIN,181ec185,4,6,7,9,720,1280,1,0.74609375,7.125,0.9991958737373352,1,1958,0.002124565972222222,3779,0.5181264884890182,0.3204908675799087,218.00715015321757,138.92543411644536,201.29823904083926,143.13338328962158,1,1682,0.7161716171617162,0.011310327099800784,5,0.4758576452732086
TRAIN,181ec185,4,7,8,9,720,1280,1,0.72265625,4.15625,0.9845753908157349,1,261,0.000283203125,404,0.6460396039603961,0.4266666666666667,543.088122605364,2.5172413793103448,534.9606299212599,4.244094488188976,1,347,0.6842105263157895,0.0,1,0.44102904200553894
TRAIN,181ec185,4,8,9,9,720,1280,1,0.8359375,6.34375,0.998245358467102,1,492,0.0005338541666666666,1330,0.3699248120300752,0.5647226173541963,298.3678861788618,5.304878048780488,289.1611842105263,6.394736842105263,1,448,0.8762475049900199,0.0,1,0.45377686619758606
TRAIN,181ec185,5,0,1,9,720,1280,1,0.8828125,10.3125,0.9999667406082153,1,280504,0.3043663194444444,308698,0.9086680185812671,0.8225204880829907,820.0269800074152,322.62810156004906,808.0030167980802,328.3921837504285,1,298798,0.8796362090727096,0.00370316419843004,2,0.34898993372917175
TRAIN,181ec185,5,1,2,9,720,1280,1,0.765625,12.25,0.999995231628418,1,25024,0.02715277777777778,24959,1.0026042710044474,0.6451746086358163,303.7281010230179,224.82021259590792,291.25406923178167,228.45943930153996,1,29565,0.7638942742665116,0.0022564600266893123,5,0.38425374031066895
TRAIN,181ec185,5,2,3,9,720,1280,1,0.69140625,8.1875,0.9997219443321228,1,4957,0.005378689236111111,4953,1.0008075913587724,0.371763423276097,852.1553358886423,129.46701634052855,851.0980622431005,135.14934429438247,1,4825,0.7062619919762777,0.0006324881490827275,1,0.33565643429756165
TRAIN,181ec185,5,3,4,9,720,1280,1,0.9140625,11.25,0.999987006187439,1,6560,0.007118055555555555,6739,0.973438195577979,0.7442328326180258,540.3615853658537,38.60548780487805,531.5787432117921,43.185415050426684,1,6586,0.8769274700171331,0.0,1,0.3455367386341095
TRAIN,181ec185,5,4,5,9,720,1280,1,0.8359375,9.3125,0.9999097585678101,1,15445,0.016758897569444445,4395,3.514220705346985,0.6664355863662623,134.70320492068632,135.6804143735837,122.53884038504589,141.36467427803896,1,16284,0.8784559824758748,0.0024585823435963384,6,0.39040106534957886
TRAIN,181ec185,5,5,6,9,720,1280,1,0.94921875,10.5625,0.9999741315841675,1,10896,0.011822916666666667,13482,0.8081886960391633,0.7592023330968708,113.95870044052863,46.20236784140969,106.34124135516065,51.38116081589775,1,11058,0.9544200124632778,0.0001839926402943882,5,0.27830010652542114
TRAIN,181ec185,5,6,7,9,720,1280,1,0.51953125,3.703125,0.9759464263916016,1,881,0.0009559461805555556,3779,0.23313045779306696,0.174110835401158,253.39160045402951,137.04540295119182,218.00715015321757,138.92543411644536,1,565,0.589010989010989,0.015680473372781067,5,0.4393540024757385
TRAIN,181ec185,5,7,8,9,720,1280,1,0.458984375,1.015625,0.7341195344924927,1,146,0.00015842013888888888,404,0.3613861386138614,0.1497175141242938,565.6643835616438,1.3835616438356164,543.088122605364,2.5172413793103448,0,0,0.0,0.0,1,0.37203794717788696
TRAIN,181ec185,5,8,9,9,720,1280,1,0.72265625,3.109375,0.957277774810791,1,352,0.00038194444444444446,1330,0.2646616541353383,0.4402730375426621,308.4318181818182,3.252840909090909,298.3678861788618,5.304878048780488,1,341,0.7953367875647669,0.0,1,0.4573744535446167
TRAIN,181ec185,6,0,1,9,720,1280,1,0.8828125,10.25,0.9999645948410034,1,273547,0.29681749131944446,308698,0.8861314294229311,0.8053379646525207,829.2350382201231,319.10844205931704,820.0269800074152,322.62810156004906,1,287977,0.8781825722810163,0.006565646652403478,2,0.3699316382408142
TRAIN,181ec185,6,1,2,9,720,1280,1,0.76171875,12.4375,0.9999960660934448,1,32494,0.03525824652777778,24959,1.3018951079770824,0.5796006920605279,333.2490305902628,222.5188650212347,303.7281010230179,224.82021259590792,1,34142,0.758809090189247,0.0038686113095014346,1,0.37012746930122375
TRAIN,181ec185,6,2,3,9,720,1280,1,0.671875,8.1875,0.9997219443321228,1,5061,0.005491536458333333,4953,1.0218049666868565,0.3114281974080377,871.7500493973523,124.77257459000198,852.1553358886423,129.46701634052855,1,5132,0.7352740892066735,0.0004404098201147797,1,0.3343689441680908
TRAIN,181ec185,6,3,4,9,720,1280,1,0.92578125,11.8125,0.9999926090240479,1,6280,0.006814236111111111,6739,0.9318890043033091,0.7500340738721548,550.7251592356688,35.144745222929934,540.3615853658537,38.60548780487805,1,6379,0.8947762311031283,0.0,1,0.32770150899887085
TRAIN,181ec185,6,4,5,9,720,1280,1,0.8515625,9.25,0.9999039173126221,1,17242,0.01870876736111111,4395,3.923094425483504,0.6717982815057283,150.75252290917527,129.7165062057766,134.70320492068632,135.6804143735837,1,15860,0.8558053484330325,0.009456129291076852,7,0.41345956921577454
TRAIN,181ec185,6,5,6,9,720,1280,1,0.953125,9.5625,0.999929666519165,1,10610,0.011512586805555556,13482,0.7869752262275627,0.7671322925225965,123.77964184731385,41.826390197926486,113.95870044052863,46.20236784140969,1,10830,0.9459066981303322,0.0,1,0.25322115421295166
TRAIN,181ec185,6,6,7,9,720,1280,1,0.5859375,2.140625,0.894789457321167,1,870,0.0009440104166666667,3779,0.23021963482402752,0.407556270096463,263.8781609195402,133.8206896551724,253.39160045402951,137.04540295119182,1,372,0.3955056179775281,0.0190656027288786,5,0.4086019992828369
TRAIN,181ec185,6,7,8,9,720,1280,1,9.486769009248164e-19,-1.828125,0.13846178352832794,0,0,0.0,404,0.0,0.0,,,565.6643835616438,1.3835616438356164,0,0,,0.0,1,
TRAIN,181ec185,6,8,9,9,720,1280,1,7.048583938740194e-11,-1.4296875,0.19314736127853394,0,0,0.0,1330,0.0,0.0,,,308.4318181818182,3.252840909090909,1,46,0.0,0.0,1,
TRAIN,181ec185,7,0,1,9,720,1280,1,0.875,10.75,0.9999785423278809,1,260875,0.2830674913194444,308698,0.845081600787825,0.7708582543316975,855.7264935313848,324.5565309056061,829.2350382201231,319.10844205931704,1,281825,0.8766793115730287,0.0007322948663147675,2,0.42138826847076416
TRAIN,181ec185,7,1,2,9,720,1280,1,0.84765625,12.8125,0.9999972581863403,1,39773,0.04315646701388889,24959,1.5935333947674186,0.44809137360985873,379.0964976240163,203.35886153923516,333.2490305902628,222.5188650212347,1,41137,0.8393652814403928,0.002258571100876961,5,0.4577251970767975
TRAIN,181ec185,7,2,3,9,720,1280,1,0.640625,8.6875,0.9998313188552856,1,4635,0.005029296875,4953,0.9357964869775893,0.25889379381978705,874.5851132686084,119.86925566343042,871.7500493973523,124.77257459000198,1,4881,0.7793567688855647,0.00036667772520123623,1,0.3638966381549835
TRAIN,181ec185,7,3,4,9,720,1280,1,0.9140625,11.6875,0.9999916553497314,1,5735,0.0062228732638888885,6739,0.851016471286541,0.6951185101580135,562.1834350479512,31.79581517000872,550.7251592356688,35.144745222929934,1,6208,0.8882213438735178,0.0,1,0.33458182215690613
TRAIN,181ec185,7,4,5,9,720,1280,1,0.8515625,9.1875,0.9998977184295654,1,17738,0.019246961805555556,4395,4.035949943117179,0.7106807511737089,165.95850715977,127.56624196639982,150.75252290917527,129.7165062057766,1,17028,0.8307530279094261,0.003616251861306105,6,0.45017361640930176
TRAIN,181ec185,7,5,6,9,720,1280,1,0.95703125,9.625,0.9999339580535889,1,10633,0.011537543402777777,13482,0.788681204569055,0.778103289528752,136.7581115395467,40.96172293802314,123.77964184731385,41.826390197926486,1,10570,0.9509569377990431,0.0,1,0.2775644063949585
TRAIN,181ec185,7,6,7,9,720,1280,1,0.5390625,0.050048828125,0.5125095844268799,1,716,0.0007769097222222222,3779,0.18946811325747553,0.19969742813918306,285.05027932960894,132.43296089385476,263.8781609195402,133.8206896551724,0,0,0.0,0.040581749941355855,5,0.34156662225723267
TRAIN,181ec185,7,7,8,9,720,1280,1,2.1693674893577825e-29,-3.71875,0.023689469322562218,0,0,0.0,404,0.0,,,,,,0,0,,0.0,1,
TRAIN,181ec185,7,8,9,9,720,1280,1,2.4035605705952703e-31,-4.09375,0.01640303246676922,0,0,0.0,1330,0.0,,,,,,0,0,,0.0,1,
TRAIN,181ec185,8,0,1,9,720,1280,1,0.875,11.0,0.9999833106994629,1,248357,0.2694845920138889,308698,0.8045306415979372,0.7484720715276538,891.0836336402839,330.6472456987321,855.7264935313848,324.5565309056061,1,263544,0.8696779660397895,0.0014814230858929763,2,0.3938330411911011
TRAIN,181ec185,8,1,2,9,720,1280,1,0.89453125,13.625,0.9999988079071045,1,53302,0.05783637152777778,24959,2.135582355062302,0.5477675230730855,421.51240103560843,209.93561217215114,379.0964976240163,203.35886153923516,1,56531,0.8901202911769261,0.0005621028964088573,1,0.3936692476272583
TRAIN,181ec185,8,2,3,9,720,1280,1,0.67578125,8.4375,0.999783456325531,1,4718,0.005119357638888889,4953,0.952554007672118,0.2658005142779808,890.3427299703264,117.08732513777024,874.5851132686084,119.86925566343042,1,5059,0.7747322563078599,0.00020879473240717955,1,0.3400699198246002
TRAIN,181ec185,8,3,4,9,720,1280,1,0.890625,12.0625,0.9999942779541016,1,5798,0.006291232638888889,6739,0.8603650393233417,0.7218572708271126,573.8997930320801,31.182994135908935,562.1834350479512,31.79581517000872,1,6262,0.8959283131583085,0.0,1,0.35107123851776123
TRAIN,181ec185,8,4,5,9,720,1280,1,0.8359375,10.4375,0.9999706745147705,1,17423,0.018905164930555555,4395,3.964277588168373,0.6103045569040532,193.9220570510245,124.3885094415428,165.95850715977,127.56624196639982,1,17102,0.896978021978022,0.0017284217349033163,6,0.3570419251918793
TRAIN,181ec185,8,5,6,9,720,1280,1,0.953125,9.625,0.9999339580535889,1,10307,0.011183810763888889,13482,0.764500815902685,0.7580387876752581,150.66372368293392,39.106044435820316,136.7581115395467,40.96172293802314,1,10396,0.9433962264150944,0.0005475651602540703,5,0.29068195819854736
TRAIN,181ec185,8,6,7,9,720,1280,1,1.432187701766452e-14,-1.15625,0.23934932053089142,0,0,0.0,3779,0.0,0.0,,,285.05027932960894,132.43296089385476,0,0,,0.0,1,
TRAIN,181ec185,8,7,8,9,720,1280,1,4.13994203059987e-27,-3.34375,0.034100424498319626,0,0,0.0,404,0.0,,,,,,0,0,,0.0,1,
TRAIN,181ec185,8,8,9,9,720,1280,1,2.971649718878743e-35,-5.15625,0.005730246659368277,0,0,0.0,1330,0.0,,,,,,0,0,,0.0,1,
TRAIN,181ec185,9,0,1,9,720,1280,1,0.87109375,11.0,0.9999833106994629,1,235235,0.2552463107638889,308698,0.7620230775709593,0.7711592201789501,916.1835058558463,330.5313027398134,891.0836336402839,330.6472456987321,1,246681,0.865101050366506,0.0030444649525267087,2,0.3722328841686249
TRAIN,181ec185,9,1,2,9,720,1280,1,0.890625,13.4375,0.9999985694885254,1,69943,0.07589301215277777,24959,2.80231579790857,0.6810568240718008,437.634030567748,230.25244842228673,421.51240103560843,209.93561217215114,1,70179,0.9163817391066496,0.0008354022285236914,5,0.3838737905025482
TRAIN,181ec185,9,2,3,9,720,1280,1,0.67578125,7.5,0.9994471669197083,1,4624,0.005017361111111111,4953,0.9335756107409651,0.31818823197403695,901.8808391003461,114.53762975778547,890.3427299703264,117.08732513777024,1,4443,0.7605825242718447,0.0004100285825749795,1,0.3729564845561981
TRAIN,181ec185,9,3,4,9,720,1280,1,0.8984375,12.1875,0.9999948740005493,1,5897,0.006398654513888889,6739,0.8750556462383143,0.7082968156587789,584.895031371884,30.60674919450568,573.8997930320801,31.182994135908935,1,6057,0.9200128493414712,0.0,1,0.3724966049194336
TRAIN,181ec185,9,4,5,9,720,1280,1,0.82421875,10.25,0.9999645948410034,1,17557,0.019050564236111112,4395,3.9947667804323093,0.6443378931039345,221.68878509996014,122.53141197243265,193.9220570510245,124.3885094415428,1,15117,0.8259751872135912,0.002942865345966121,6,0.3935713469982147
TRAIN,181ec185,9,5,6,9,720,1280,1,0.95703125,9.5,0.9999251365661621,1,10037,0.01089084201388889,13482,0.7444741136329921,0.7881691131229673,160.12055395038357,38.09156122347315,150.66372368293392,39.106044435820316,1,10389,0.9540801683727159,0.0,1,0.3025512099266052
TRAIN,181ec185,9,6,7,9,720,1280,1,7.194411455615628e-28,-3.0,0.04742587357759476,0,0,0.0,3779,0.0,,,,,,0,0,,0.0,1,
TRAIN,181ec185,9,7,8,9,720,1280,1,5.7980287238024175e-12,-1.21875,0.22815649211406708,0,0,0.0,404,0.0,,,,,,0,0,,0.0,1,
TRAIN,181ec185,9,8,9,9,720,1280,1,8.087401133657338e-35,-5.40625,0.0044683837331831455,0,0,0.0,1330,0.0,,,,,,0,0,,0.0,1,
TRAIN,181ec185,10,0,1,9,720,1280,1,0.87109375,11.125,0.9999852180480957,1,230244,0.24983072916666665,308698,0.7458551723691116,0.7937326350755097,930.157793471274,329.3254503917583,916.1835058558463,330.5313027398134,1,237887,0.8692117567670089,0.005812996080756184,2,0.3397715389728546
TRAIN,181ec185,10,1,2,9,720,1280,1,0.8828125,13.375,0.9999984502792358,1,73639,0.07990342881944444,24959,2.9503986537922193,0.7621963941629132,459.60670296989366,233.21891932264154,437.634030567748,230.25244842228673,1,75151,0.9126891285624301,0.000600631466022567,1,0.3672831356525421
TRAIN,181ec185,10,2,3,9,720,1280,1,0.6484375,8.5,0.9997965693473816,1,4774,0.005180121527777777,4953,0.9638602866949324,0.3414216385954896,904.4340175953079,113.89442815249267,901.8808391003461,114.53762975778547,1,4997,0.7918576930130203,0.00032978675164171967,1,0.3692985475063324
TRAIN,181ec185,10,3,4,9,720,1280,1,0.90234375,11.5,0.9999898672103882,1,5427,0.005888671875,6739,0.8053123608844042,0.7126436781609196,596.429703335176,27.818868619863643,584.895031371884,30.60674919450568,1,6025,0.8758394758394759,0.0,1,0.2605692148208618
TRAIN,181ec185,10,4,5,9,720,1280,1,0.828125,10.8125,0.9999798536300659,1,17275,0.018744574652777776,4395,3.930602957906712,0.6753402914722717,244.94697539797394,120.44005788712012,221.68878509996014,122.53141197243265,1,15947,0.8339497653878002,0.0007551512100399152,6,0.3784016966819763
TRAIN,181ec185,10,5,6,9,720,1280,1,0.96484375,10.25,0.9999645948410034,1,10714,0.011625434027777777,13482,0.7946892152499629,0.776170504151331,170.4378383423558,39.51820048534628,160.12055395038357,38.09156122347315,1,10555,0.9436169240610436,0.0005253874732615304,5,0.32553157210350037
TRAIN,181ec185,10,6,7,9,720,1280,1,7.884065213396045e-25,-2.640625,0.06656918674707413,0,0,0.0,3779,0.0,,,,,,0,0,,0.0,1,
TRAIN,181ec185,10,7,8,9,720,1280,1,6.139231108792002e-25,-2.421875,0.08151976019144058,0,0,0.0,404,0.0,,,,,,0,0,,0.0,1,
TRAIN,181ec185,10,8,9,9,720,1280,1,2.445028249710358e-36,-5.59375,0.0037072531413286924,0,0,0.0,1330,0.0,,,,,,0,0,,0.0,1,
TRAIN,181ec185,11,0,1,9,720,1280,1,0.86328125,11.125,0.9999852180480957,1,218985,0.23761393229166666,308698,0.7093826328644824,0.7847227740079775,944.1863141311048,320.20416010229013,930.157793471274,329.3254503917583,1,228858,0.8605316837482915,0.009954464705041554,2,0.311213880777359
TRAIN,181ec185,11,1,2,9,720,1280,1,0.87890625,13.25,0.9999982118606567,1,70225,0.0761990017361111,24959,2.813614327497095,0.7744776377136937,480.0727661089356,224.432210751157,459.60670296989366,233.21891932264154,1,77778,0.8669332458751703,0.0003499480910331634,5,0.3329450786113739
TRAIN,181ec185,11,2,3,9,720,1280,1,0.65625,7.84375,0.9996079802513123,1,4040,0.004383680555555556,4953,0.8156672723601858,0.22162162162162163,909.8616336633663,103.70148514851485,904.4340175953079,113.89442815249267,1,4508,0.7024497112129058,0.0006444738515475966,1,0.3751811981201172
TRAIN,181ec185,11,3,4,9,720,1280,1,0.91015625,11.9375,0.9999934434890747,1,4988,0.005412326388888889,6739,0.7401691645644755,0.7194981013703153,610.3726944667201,25.48195669607057,596.429703335176,27.818868619863643,1,5400,0.910261125413755,0.0,1,0.3100435137748718
TRAIN,181ec185,11,4,5,9,720,1280,1,0.828125,10.5625,0.9999741315841675,1,17436,0.018919270833333335,4395,3.967235494880546,0.6795374268156965,265.41179169534297,115.76296168846065,244.94697539797394,120.44005788712012,1,15532,0.8588182228236355,0.0005884949242312785,2,0.3505029082298279
TRAIN,181ec185,11,5,6,9,720,1280,1,0.9609375,9.8125,0.9999452829360962,1,10267,0.011140407986111111,13482,0.7615338970479157,0.7813720495839701,181.7711113275543,37.87065355020941,170.4378383423558,39.51820048534628,1,10211,0.9519588218472976,0.0012418985524119998,5,0.30762189626693726
TRAIN,181ec185,11,6,7,9,720,1280,1,7.194411455615628e-28,-3.859375,0.020645929500460625,0,0,0.0,3779,0.0,,,,,,0,0,,0.0,1,
TRAIN,181ec185,11,7,8,9,720,1280,1,2.234049398383217e-20,-1.90625,0.12940272688865662,0,0,0.0,404,0.0,,,,,,0,0,,0.0,1,
TRAIN,181ec185,11,8,9,9,720,1280,1,1.095560734966372e-35,-5.90625,0.0027149852830916643,0,0,0.0,1330,0.0,,,,,,0,0,,0.0,1,
TRAIN,181ec185,12,0,1,9,720,1280,1,0.8671875,11.6875,0.9999916553497314,1,215197,0.23350368923611112,308698,0.6971117402769049,0.7961890420479555,956.2414392393946,315.7570458695985,944.1863141311048,320.20416010229013,1,220045,0.8751459431048076,0.007117231011036321,2,0.32456573843955994
TRAIN,181ec185,12,1,2,9,720,1280,1,0.87890625,13.1875,0.9999980926513672,1,75911,0.08236870659722222,24959,3.041427941824592,0.7722691827255418,499.35884127465056,228.04322166747903,480.0727661089356,224.432210751157,1,79556,0.8912109968979989,0.0007629958090520053,5,0.3229653239250183
TRAIN,181ec185,12,2,3,9,720,1280,1,0.69921875,7.75,0.9995694756507874,1,4232,0.0045920138888888885,4953,0.8544316575812638,0.2896788275647022,923.5916824196597,99.29087901701324,909.8616336633663,103.70148514851485,1,4057,0.7609942638623327,0.0010131667038607453,1,0.3601667284965515
TRAIN,181ec185,12,3,4,9,720,1280,1,0.90234375,11.0625,0.9999842643737793,1,4542,0.004928385416666667,6739,0.6739872384626799,0.7406392694063927,621.1054601497137,22.949141347424042,610.3726944667201,25.48195669607057,1,4908,0.9121813031161473,0.0,1,0.28507864475250244
TRAIN,181ec185,12,4,5,9,720,1280,1,0.83984375,10.5,0.9999724626541138,1,15581,0.016906467013888888,4395,3.545164960182025,0.6189565558497597,294.5333418907644,110.77369873563956,265.41179169534297,115.76296168846065,1,14591,0.8964173475801382,0.006230056222458593,6,0.352948397397995
TRAIN,181ec185,12,5,6,9,720,1280,1,0.93359375,11.125,0.9999852180480957,1,10427,0.011314019097222221,13482,0.773401572466993,0.7858129099068001,192.89191522010165,37.94734823055529,181.7711113275543,37.87065355020941,1,10907,0.9319025627094086,0.00023988485526947067,5,0.3525331914424896
TRAIN,181ec185,12,6,7,9,720,1280,1,1.014588720084573e-24,-3.015625,0.04672495648264885,0,0,0.0,3779,0.0,,,,,,0,0,,0.0,1,
TRAIN,181ec185,12,7,8,9,720,1280,1,1.857925203976527e-26,-2.8125,0.05665242671966553,0,0,0.0,404,0.0,,,,,,0,0,,0.0,1,
TRAIN,181ec185,12,8,9,9,720,1280,1,8.859277744181285e-32,-4.78125,0.008315778337419033,0,0,0.0,1330,0.0,,,,,,0,0,,0.0,1,
TRAIN,181ec185,13,0,1,9,720,1280,1,0.875,11.0625,0.9999842643737793,1,215625,0.23396809895833334,308698,0.698498208605174,0.7915906000357634,962.0541773913044,311.31609971014495,956.2414392393946,315.7570458695985,1,217159,0.8779463324886312,0.0048744887983145834,2,0.36475908756256104
TRAIN,181ec185,13,1,2,9,720,1280,1,0.875,13.0,0.9999977350234985,1,74037,0.08033528645833334,24959,2.966344805480989,0.8002473197027361,510.1676324000162,221.42469305887596,499.35884127465056,228.04322166747903,1,76283,0.8928414027576654,0.0020093694024709502,5,0.391202449798584
TRAIN,181ec185,13,2,3,9,720,1280,1,0.73046875,7.96875,0.9996540546417236,1,4047,0.004391276041666667,4953,0.8170805572380375,0.28217438438903514,930.3261675315048,92.52853965900667,923.5916824196597,99.29087901701324,1,3869,0.797865091982739,0.000655927549409439,1,0.3430359661579132
TRAIN,181ec185,13,3,4,9,720,1280,1,0.8984375,10.6875,0.9999772310256958,1,4057,0.004402126736111111,6739,0.6020181035761982,0.7139724935220251,632.2472270150357,19.872072960315503,621.1054601497137,22.949141347424042,1,4447,0.8897777777777778,0.0,1,0.33281806111335754
TRAIN,181ec185,13,4,5,9,720,1280,1,0.80078125,9.875,0.9999485015869141,1,15781,0.017123480902777776,4395,3.590671217292378,0.5819419924337957,323.4801343387618,108.70489829541854,294.5333418907644,110.77369873563956,1,13230,0.815797709206985,0.0015556836849033408,2,0.4248216450214386
TRAIN,181ec185,13,5,6,9,720,1280,1,0.89453125,11.1875,0.9999861717224121,1,10286,0.011161024305555555,13482,0.7629431835039312,0.7581699346405228,205.25325685397627,38.57194244604317,192.89191522010165,37.94734823055529,1,11011,0.9121027114383192,0.0,1,0.3586788475513458
TRAIN,181ec185,13,6,7,9,720,1280,1,1.9081958235744878e-17,-1.546875,0.1755380779504776,0,0,0.0,3779,0.0,,,,,,0,0,,0.0,1,
TRAIN,181ec185,13,7,8,9,720,1280,1,6.314393452555578e-16,-1.21875,0.22815649211406708,0,0,0.0,404,0.0,,,,,,0,0,,0.0,1,
TRAIN,181ec185,13,8,9,9,720,1280,1,1.8055593228630336e-35,-5.46875,0.004198795650154352,0,0,0.0,1330,0.0,,,,,,0,0,,0.0,1,
TRAIN,181ec185,14,0,1,9,720,1280,1,0.875,10.8125,0.9999798536300659,1,215444,0.2337717013888889,308698,0.6979118750364434,0.8136528105015146,966.9744666827575,310.28423163327824,962.0541773913044,311.31609971014495,1,213724,0.8875479399035924,0.0023618099140688487,2,0.3358781635761261
TRAIN,181ec185,14,1,2,9,720,1280,1,0.875,13.1875,0.9999980926513672,1,73440,0.0796875,24959,2.9424255779478345,0.7910518453747222,518.0899373638345,220.8506399782135,510.1676324000162,221.42469305887596,1,74424,0.8875130843268911,0.0014332892768340697,1,0.3652462363243103
TRAIN,181ec185,14,2,3,9,720,1280,1,0.71875,7.34375,0.99935382604599,1,3900,0.004231770833333333,4953,0.7874015748031497,0.31791044776119404,937.795641025641,88.42358974358974,930.3261675315048,92.52853965900667,1,3112,0.7377942998760842,0.0005931170831513368,1,0.3476128876209259
TRAIN,181ec185,14,3,4,9,720,1280,1,0.875,9.1875,0.9998977184295654,1,3814,0.004138454861111111,6739,0.5659593411485384,0.7577043322912014,643.2619297325642,18.690613529103302,632.2472270150357,19.872072960315503,1,4096,0.8815413891531875,0.0,1,0.3519940674304962
TRAIN,181ec185,14,4,5,9,720,1280,1,0.78515625,10.8125,0.9999798536300659,1,13562,0.014715711805555556,4395,3.085779294653015,0.5288386390871672,352.2189942486359,111.80386373691196,323.4801343387618,108.70489829541854,1,10701,0.7683113475694191,0.002862928566440891,7,0.4359968900680542
TRAIN,181ec185,14,5,6,9,720,1280,1,0.90625,11.875,0.999993085861206,1,11194,0.01214626736111111,13482,0.8302922415071948,0.7233632862644416,218.15124173664464,44.765499374665,205.25325685397627,38.57194244604317,1,11193,0.9144005472892082,0.0003336113427856547,7,0.38927319645881653
TRAIN,181ec185,14,6,7,9,720,1280,1,0.703125,1.84375,0.8633915781974792,1,1175,0.0012749565972222222,3779,0.3109288171473935,0.0,268.85617021276596,93.4663829787234,,,1,800,0.6541038525963149,0.0016024289449270473,5,0.4646562337875366
TRAIN,181ec185,14,7,8,9,720,1280,1,6.993104012531504e-18,-1.65625,0.16026602685451508,0,0,0.0,404,0.0,,,,,,0,0,,0.0,1,
TRAIN,181ec185,14,8,9,9,720,1280,1,1.8055593228630336e-35,-5.59375,0.0037072531413286924,0,0,0.0,1330,0.0,,,,,,0,0,,0.0,1,
TRAIN,181ec185,15,0,1,9,720,1280,1,0.87109375,10.25,0.9999645948410034,1,210187,0.22806749131944445,308698,0.6808822862474003,0.7403949950932287,965.3080685294524,324.7847630919134,966.9744666827575,310.28423163327824,1,209348,0.8781561134589213,0.00016033635003206726,2,0.3913646638393402
TRAIN,181ec185,15,1,2,9,720,1280,1,0.87890625,12.8125,0.9999972581863403,1,68836,0.07469184027777778,24959,2.7579630594174445,0.7156983334539228,524.2047765703992,234.6504009529897,518.0899373638345,220.8506399782135,1,70518,0.8825770368669198,0.002661317811164425,5,0.3719173073768616
TRAIN,181ec185,15,2,3,9,720,1280,1,0.73046875,8.125,0.9997040629386902,1,3882,0.0042122395833333335,4953,0.7837674136886735,0.18034278780524798,942.5329726944874,107.1957753735188,937.795641025641,88.42358974358974,1,3538,0.7832251862533045,0.0010187171674968195,1,0.41330865025520325
TRAIN,181ec185,15,3,4,9,720,1280,1,0.9140625,10.6875,0.9999772310256958,1,5581,0.006055772569444445,6739,0.8281644160854726,0.5351307189542484,653.9510840351192,29.175237412650063,643.2619297325642,18.690613529103302,1,5631,0.9488962280549279,0.0,1,0.32927563786506653
TRAIN,181ec185,15,4,5,9,720,1280,1,0.75390625,9.3125,0.9999097585678101,1,10350,0.01123046875,4395,2.354948805460751,0.2930997187973178,387.29410628019326,126.68202898550724,352.2189942486359,111.80386373691196,1,7645,0.7002078609221466,0.019571608567828642,7,0.42257338762283325
TRAIN,181ec185,15,5,6,9,720,1280,1,0.91015625,10.6875,0.9999772310256958,1,13332,0.014466145833333333,13482,0.9888740542946151,0.6742439756979999,228.47847284728473,52.726072607260726,218.15124173664464,44.765499374665,1,13898,0.8887424568218076,0.0003307972213033411,7,0.36604583263397217
TRAIN,181ec185,15,6,7,9,720,1280,1,0.78515625,3.421875,0.9683812260627747,1,1850,0.002007378472222222,3779,0.4895474993384493,0.08617594254937164,287.7432432432432,118.14972972972973,268.85617021276596,93.4663829787234,1,1788,0.7549445248432224,0.0,1,0.4290655255317688
TRAIN,181ec185,15,7,8,9,720,1280,1,0.0169677734375,-0.1259765625,0.4685474932193756,0,0,0.0,404,0.0,,,,,,0,0,,0.0,1,
TRAIN,181ec185,15,8,9,9,720,1280,1,3.1763735522036263e-22,-2.53125,0.07369627058506012,0,0,0.0,1330,0.0,,,,,,0,0,,0.0,1,
TRAIN,181ec185,16,0,1,9,720,1280,1,0.8671875,10.25,0.9999645948410034,1,205979,0.2235015190972222,308698,0.6672508406274094,0.6553542874871722,960.7854538569466,368.999310609334,965.3080685294524,324.7847630919134,1,208832,0.8849733256991211,0.0009697446946580192,2,0.40854009985923767
TRAIN,181ec185,16,1,2,9,720,1280,1,0.8828125,12.125,0.9999946355819702,1,66588,0.07225260416666666,24959,2.667895348371329,0.5825552452292195,526.6209377064937,279.02975010512404,524.2047765703992,234.6504009529897,1,68586,0.8815718044013864,0.0036142971459055748,5,0.433414101600647
TRAIN,181ec185,16,2,3,9,720,1280,1,0.73828125,8.9375,0.999868631362915,1,4017,0.004358723958333333,4953,0.8110236220472441,0.012432709561650858,944.3754045307444,153.0201643017177,942.5329726944874,107.1957753735188,1,3900,0.7484540636042403,0.0015245265262910247,1,0.42095011472702026
TRAIN,181ec185,16,3,4,9,720,1280,1,0.90625,10.375,0.9999687671661377,1,6664,0.007230902777777778,6739,0.9888707523371421,0.2204724409448819,663.045918367347,66.64990996398559,653.9510840351192,29.175237412650063,1,6948,0.89952553725928,0.009202453987730062,8,0.3846181631088257
TRAIN,181ec185,16,4,5,9,720,1280,1,0.71875,9.375,0.9999151229858398,1,8644,0.009379340277777778,4395,1.9667804323094424,0.06912079252504784,456.10920869967606,165.7002545118001,387.29410628019326,126.68202898550724,1,8663,0.8435236472092033,0.00025903380391141046,2,0.42246490716934204
TRAIN,181ec185,16,5,6,9,720,1280,1,0.91796875,10.5625,0.9999741315841675,1,14716,0.015967881944444446,13482,1.0915294466696337,0.3984145186219275,236.70277249252516,91.86375373742865,228.47847284728473,52.726072607260726,1,15136,0.9065014688976881,0.00036636746656896867,7,0.3732806146144867
TRAIN,181ec185,16,6,7,9,720,1280,1,0.765625,4.71875,0.9911527037620544,1,2806,0.0030447048611111113,3779,0.742524477374967,0.029177718832891247,308.9294369208838,166.29258731290093,287.7432432432432,118.14972972972973,1,1667,0.5766654917166021,0.012804662663369834,5,0.4216841161251068
TRAIN,181ec185,16,7,8,9,720,1280,1,0.67578125,5.4375,0.9956685304641724,1,377,0.00040907118055555553,404,0.9331683168316832,0.0,671.0981432360743,22.143236074270558,,,1,903,0.39737991266375544,0.00013653741125068268,4,0.5103532075881958
TRAIN,181ec185,16,8,9,9,720,1280,1,0.8359375,3.640625,0.9744347929954529,1,572,0.0006206597222222222,1330,0.43007518796992483,0.0,444.7237762237762,22.48951048951049,,,1,561,0.8482871125611745,0.0,1,0.45371559262275696
TRAIN,181ec185,17,0,1,9,720,1280,1,0.87890625,10.5,0.9999724626541138,1,210057,0.22792643229166668,308698,0.6804611626897485,0.7480651097908386,952.898622754776,387.08064953798254,960.7854538569466,368.999310609334,1,213349,0.8867603349241786,0.0041432801520307596,2,0.4182068407535553
TRAIN,181ec185,17,1,2,9,720,1280,1,0.875,12.625,0.9999966621398926,1,60022,0.06512803819444445,24959,2.4048239112143914,0.7125427763725636,521.1490620105961,291.8210489487188,526.6209377064937,279.02975010512404,1,62592,0.8789689836949859,0.0012318195310181063,5,0.388206422328949
TRAIN,181ec185,17,2,3,9,720,1280,1,0.6796875,9.125,0.9998910427093506,1,3568,0.003871527777777778,4953,0.7203714920250354,0.20186975122801457,946.0207399103139,169.78279147982062,944.3754045307444,153.0201643017177,1,3555,0.8222051675620363,0.00045198990863346846,1,0.4057151675224304
TRAIN,181ec185,17,3,4,9,720,1280,1,0.91015625,11.25,0.999987006187439,1,6920,0.007508680555555556,6739,1.0268585843596973,0.5350887105887671,667.7280346820809,84.89812138728324,663.045918367347,66.64990996398559,1,6652,0.9366438356164384,0.001977587343441002,8,0.35308414697647095
TRAIN,181ec185,17,4,5,9,720,1280,1,0.8203125,10.25,0.9999645948410034,1,7407,0.008037109375,4395,1.6853242320819113,0.2216302610548748,500.9998649925746,185.69677332253275,456.10920869967606,165.7002545118001,1,7441,0.8536828963795255,0.002287646707777999,7,0.49920812249183655
TRAIN,181ec185,17,5,6,9,720,1280,1,0.9140625,10.9375,0.9999822378158569,1,14730,0.015983072916666667,13482,1.092567868268803,0.6186235708003518,242.779633401222,109.97718940936863,236.70277249252516,91.86375373742865,1,14701,0.9077591236144422,0.0,1,0.37469059228897095
TRAIN,181ec185,17,6,7,9,720,1280,1,0.78125,6.75,0.9988304972648621,1,3715,0.0040310329861111115,3779,0.9830643027255888,0.27313549394767667,328.5117092866756,185.37792732166892,308.9294369208838,166.29258731290093,1,2670,0.6180942726811961,0.003959683225341973,5,0.45245257019996643
TRAIN,181ec185,17,7,8,9,720,1280,1,0.734375,6.90625,0.9989995360374451,1,425,0.0004611545138888889,404,1.051980198019802,0.0,679.3764705882353,39.27294117647059,671.0981432360743,22.143236074270558,1,680,0.5347222222222222,0.0021240441801189465,4,0.4087247848510742
TRAIN,181ec185,17,8,9,9,720,1280,1,0.74609375,4.5,0.9890130758285522,1,567,0.000615234375,1330,0.4263157894736842,0.08167141500474834,452.2345679012346,40.451499118165785,444.7237762237762,22.48951048951049,1,554,0.8967851099830795,0.0,1,0.48348891735076904
TRAIN,181ec185,18,0,1,9,720,1280,1,0.87890625,10.1875,0.999962329864502,1,213917,0.23211480034722223,308698,0.6929652929400255,0.7440384370153723,943.3585549535568,406.0372901639421,952.898622754776,387.08064953798254,1,218837,0.8883371441537361,0.0005522429271860238,2,0.39661234617233276
TRAIN,181ec185,18,1,2,9,720,1280,1,0.890625,13.3125,0.9999983310699463,1,54181,0.058790147569444444,24959,2.170800112183982,0.6854789911005505,516.4654399143611,302.7178346652886,521.1490620105961,291.8210489487188,1,54229,0.8935913783165359,0.007339571969507415,5,0.3943119943141937
TRAIN,181ec185,18,2,3,9,720,1280,1,0.546875,8.25,0.9997387528419495,1,2660,0.0028862847222222224,4953,0.5370482535836867,0.1467501380961149,978.3680451127819,187.90902255639097,946.0207399103139,169.78279147982062,1,2973,0.7226299694189603,1.3544384949479444e-05,1,0.4293283522129059
TRAIN,181ec185,18,3,4,9,720,1280,1,0.9140625,10.6875,0.9999772310256958,1,6676,0.007243923611111111,6739,0.9906514319631993,0.5517005249942936,675.5840323547034,101.30721989215098,667.7280346820809,84.89812138728324,1,6125,0.8956019546868058,0.00596642153461912,8,0.31987088918685913
TRAIN,181ec185,18,4,5,9,720,1280,1,0.828125,8.875,0.9998601675033569,1,5850,0.00634765625,4395,1.3310580204778157,0.18662728249194416,573.8911111111111,200.57384615384615,500.9998649925746,185.69677332253275,1,6208,0.7871646657773825,0.005434225366553881,7,0.5023592710494995
TRAIN,181ec185,18,5,6,9,720,1280,1,0.91015625,10.9375,0.9999822378158569,1,14399,0.015623914930555555,13482,1.0680166147455867,0.6415328261482107,247.5790679908327,127.48690881311202,242.779633401222,109.97718940936863,1,15727,0.8877122626730998,0.0,1,0.39324772357940674
TRAIN,181ec185,18,6,7,9,720,1280,1,0.8359375,8.625,0.9998205304145813,1,4789,0.005196397569444444,3779,1.2672664726118021,0.28673021637161444,349.25203591564,205.82230110670287,328.5117092866756,185.37792732166892,1,3956,0.7351190476190477,0.0,1,0.4262537956237793
TRAIN,181ec185,18,7,8,9,720,1280,1,0.69921875,6.40625,0.9983515739440918,1,365,0.0003960503472222222,404,0.9034653465346535,0.0,684.4986301369863,56.087671232876716,679.3764705882353,39.27294117647059,1,574,0.5469522240527183,0.0018524235875270144,4,0.4218987226486206
TRAIN,181ec185,18,8,9,9,720,1280,1,0.734375,4.875,0.9924227595329285,1,755,0.0008192274305555556,1330,0.5676691729323309,0.12702472293265132,462.8291390728477,52.03841059602649,452.2345679012346,40.451499118165785,1,656,0.8590250329380764,0.0,1,0.47901564836502075
TRAIN,181ec185,19,0,1,9,720,1280,1,0.8828125,10.375,0.9999687671661377,1,210453,0.22835611979166667,308698,0.6817439698345956,0.7407266119472167,914.9367079585465,414.9815018080046,943.3585549535568,406.0372901639421,1,213788,0.8996319315088122,0.0007419002746196304,2,0.39365798234939575
TRAIN,181ec185,19,1,2,9,720,1280,1,0.875,12.75,0.9999971389770508,1,46743,0.05071940104166667,24959,1.8727913778596899,0.6964868045049588,507.8211496908628,312.5368504374987,516.4654399143611,302.7178346652886,1,47185,0.8969222069634057,0.0008417014113179478,5,0.3775528371334076
TRAIN,181ec185,19,2,3,9,720,1280,1,0.341796875,7.53125,0.999464213848114,1,2313,0.002509765625,4953,0.46698970321017563,0.13981205592482238,1032.299178555988,203.07695633376568,978.3680451127819,187.90902255639097,1,3851,0.4620493358633776,0.00013421452108556406,1,0.37719884514808655
TRAIN,181ec185,19,3,4,9,720,1280,1,0.91015625,11.125,0.9999852180480957,1,6609,0.007171223958333334,6739,0.9807093040510462,0.6163766881615769,681.0340444847934,115.23800877591164,675.5840323547034,101.30721989215098,1,6396,0.9335414808206958,0.002926829268292683,8,0.31456395983695984
TRAIN,181ec185,19,4,5,9,720,1280,1,0.79296875,6.875,0.9989677667617798,1,4894,0.005310329861111111,4395,1.11353811149033,0.31553814130035507,634.5008173273396,211.78974254188802,573.8911111111111,200.57384615384615,1,4387,0.8000387897595035,0.002946500789585179,2,0.43103843927383423
TRAIN,181ec185,19,5,6,9,720,1280,1,0.9140625,10.5,0.9999724626541138,1,14866,0.01613064236111111,13482,1.1026553923750186,0.7002672554032071,252.69211623839635,142.36398493205974,247.5790679908327,127.48690881311202,1,15573,0.888861309339125,0.0,1,0.3230104446411133
TRAIN,181ec185,19,6,7,9,720,1280,1,0.8359375,8.75,0.999841570854187,1,5538,0.006009114583333333,3779,1.465467054776396,0.40637341685959416,358.5875767425063,222.43625857710364,349.25203591564,205.82230110670287,1,4279,0.6758279276203483,0.0,1,0.36969614028930664
TRAIN,181ec185,19,7,8,9,720,1280,1,0.72265625,7.09375,0.9991704225540161,1,460,0.0004991319444444444,404,1.1386138613861385,0.0,690.2391304347826,70.32391304347826,684.4986301369863,56.087671232876716,1,587,0.5626865671641791,0.0024857435297558125,4,0.40623027086257935
TRAIN,181ec185,19,8,9,9,720,1280,1,0.6953125,5.46875,0.9958011507987976,1,784,0.0008506944444444444,1330,0.5894736842105263,0.1554054054054054,469.7104591836735,65.44897959183673,462.8291390728477,52.03841059602649,1,491,0.6159695817490495,0.0,1,0.40684637427330017
TRAIN,181ec185,20,0,1,9,720,1280,1,0.890625,10.625,0.9999756813049316,1,207479,0.2251291232638889,308698,0.6721099586003149,0.7601731820517356,883.6531986369705,419.6387248830002,914.9367079585465,414.9815018080046,1,209062,0.9010154485087739,0.0017966325279509892,2,0.40001577138900757
TRAIN,181ec185,20,1,2,9,720,1280,1,0.87890625,12.625,0.9999966621398926,1,40486,0.043930121527777775,24959,1.6221002444008172,0.7257349740830135,502.4854023613101,319.45331719606776,507.8211496908628,312.5368504374987,1,40094,0.8915492957746479,0.0034668013591698044,5,0.40505796670913696
TRAIN,181ec185,20,2,3,9,720,1280,1,0.5703125,6.75,0.9988304972648621,1,3856,0.004184027777777778,4953,0.7785180698566525,0.11656108597285068,1096.7518153526971,238.8311721991701,1032.299178555988,203.07695633376568,1,3289,0.563457330415755,0.00012682546467441085,1,0.4291720688343048
TRAIN,181ec185,20,3,4,9,720,1280,1,0.91796875,10.5625,0.9999741315841675,1,6312,0.006848958333333334,6739,0.9366374833061285,0.6535705144612235,686.5792141951838,126.83634347275031,681.0340444847934,115.23800877591164,1,6040,0.92398753894081,0.0065614965796454,8,0.3278536796569824
TRAIN,181ec185,20,4,5,9,720,1280,1,0.765625,7.5,0.9994471669197083,1,3334,0.0036176215277777778,4395,0.7585893060295791,0.49927113702623904,679.870425914817,220.2147570485903,634.5008173273396,211.78974254188802,1,3221,0.7924528301886793,0.002215452783162559,2,0.4306465685367584
TRAIN,181ec185,20,5,6,9,720,1280,1,0.91796875,9.875,0.9999485015869141,1,14603,0.015845269097222222,13482,1.0831479009049103,0.7285898639136555,256.1694857221119,152.82161199753475,252.69211623839635,142.36398493205974,1,15218,0.9096439549180327,0.00010726161106939826,7,0.3307848572731018
TRAIN,181ec185,20,6,7,9,720,1280,1,0.85546875,9.5,0.9999251365661621,1,5541,0.006012369791666666,3779,1.466260915586134,0.5648305084745763,363.7650243638332,233.95181375203032,358.5875767425063,222.43625857710364,1,4045,0.6714908456843941,0.0,1,0.39201223850250244
TRAIN,181ec185,20,7,8,9,720,1280,1,0.70703125,7.90625,0.9996316432952881,1,461,0.0005002170138888889,404,1.141089108910891,0.009868421052631578,696.2169197396963,83.21908893709328,690.2391304347826,70.32391304347826,1,898,0.38250254323499494,0.0021581624788037613,4,0.4309921860694885
TRAIN,181ec185,20,8,9,9,720,1280,1,0.6796875,5.40625,0.9955315589904785,1,668,0.0007248263888888889,1330,0.5022556390977444,0.1597444089456869,475.77994011976045,78.55538922155688,469.7104591836735,65.44897959183673,1,504,0.7518684603886397,0.0,1,0.42216503620147705
TRAIN,181ec185,21,0,1,9,720,1280,1,0.890625,10.6875,0.9999772310256958,1,196255,0.21295030381944444,308698,0.6357507985150536,0.7796771548722108,855.1258159027796,420.07186058953914,883.6531986369705,419.6387248830002,1,201748,0.9002019546151165,0.0006087653450473217,2,0.38516658544540405
TRAIN,181ec185,21,1,2,9,720,1280,1,0.859375,12.375,0.9999958276748657,1,33923,0.03680881076388889,24959,1.3591490043671621,0.6699732926363984,498.4286472304926,327.03151254311234,502.4854023613101,319.45331719606776,1,32215,0.880469705154815,0.0022667539912732096,1,0.3709177076816559
TRAIN,181ec185,21,2,3,9,720,1280,1,0.55859375,5.875,0.9971990585327148,1,4863,0.005276692708333333,4953,0.9818291944276196,0.3804623179227359,1099.1807526218383,247.94242237302078,1096.7518153526971,238.8311721991701,1,3856,0.6107518935895068,1.4520250909935723e-05,1,0.4368214011192322
TRAIN,181ec185,21,3,4,9,720,1280,1,0.91015625,10.125,0.9999599456787109,1,6147,0.006669921875,6739,0.912153138447841,0.679563224588838,692.5635269237026,136.30014641288435,686.5792141951838,126.83634347275031,1,6254,0.9464762203735677,0.0007531254707034192,8,0.31063491106033325
TRAIN,181ec185,21,4,5,9,720,1280,1,0.77734375,7.0625,0.9991440773010254,1,2367,0.002568359375,4395,0.5385665529010238,0.5915689558905639,689.4786649767639,225.70553443177016,679.870425914817,220.2147570485903,1,2103,0.7915831663326653,0.00045583319445942106,1,0.4491218328475952
TRAIN,181ec185,21,5,6,9,720,1280,1,0.91015625,10.0625,0.9999573230743408,1,14105,0.01530490451388889,13482,1.046209761163032,0.7381932671348995,261.0547323644098,162.94427507975894,256.1694857221119,152.82161199753475,1,14924,0.8965765059453809,0.0013749862501374985,7,0.33914950489997864
TRAIN,181ec185,21,6,7,9,720,1280,1,0.8671875,9.625,0.9999339580535889,1,5563,0.006036241319444444,3779,1.4720825615242128,0.60300274289014,370.10677691892863,244.4193780334352,363.7650243638332,233.95181375203032,1,4102,0.6632249182584753,0.0001323696820480237,2,0.3665941655635834
TRAIN,181ec185,21,7,8,9,720,1280,1,0.734375,7.8125,0.999595582485199,1,457,0.0004958767361111111,404,1.131188118811881,0.04794520547945205,702.0262582056893,93.35886214442013,696.2169197396963,83.21908893709328,1,497,0.48598130841121495,0.00644871025794841,4,0.41739606857299805
TRAIN,181ec185,21,8,9,9,720,1280,1,0.70703125,5.4375,0.9956685304641724,1,610,0.0006618923611111111,1330,0.45864661654135336,0.1618181818181818,482.1540983606557,88.80491803278689,475.77994011976045,78.55538922155688,1,497,0.7083333333333334,0.0,1,0.43983498215675354
TRAIN,181ec185,22,0,1,9,720,1280,1,0.89453125,10.5625,0.9999741315841675,1,192550,0.2089301215277778,308698,0.6237487771219768,0.8177291767962,838.8601973513373,424.8397143599065,855.1258159027796,420.07186058953914,1,194418,0.9012823662359357,0.0019674330891419453,2,0.35334354639053345
TRAIN,181ec185,22,1,2,9,720,1280,1,0.8359375,12.8125,0.9999972581863403,1,31000,0.033637152777777776,24959,1.2420369405825553,0.7085449617095186,493.6994193548387,336.47364516129034,498.4286472304926,327.03151254311234,1,28476,0.8357356708540387,0.005643466739236147,1,0.3712795674800873
TRAIN,181ec185,22,2,3,9,720,1280,1,0.5859375,4.78125,0.9916841983795166,1,4230,0.00458984375,4953,0.8540278619018776,0.36880927291886195,1080.7408983451537,256.52364066193854,1099.1807526218383,247.94242237302078,1,4853,0.6702831923501287,0.0,1,0.3768124282360077
TRAIN,181ec185,22,3,4,9,720,1280,1,0.9140625,10.8125,0.9999798536300659,1,6443,0.0069911024305555555,6739,0.9560765692239205,0.7185367185367185,698.903461120596,143.4944901443427,692.5635269237026,136.30014641288435,1,6245,0.9108433734939759,0.0010995052226498076,8,0.352753609418869
TRAIN,181ec185,22,4,5,9,720,1280,1,0.80078125,7.3125,0.9993333220481873,1,2277,0.002470703125,4395,0.5180887372013652,0.449438202247191,722.1102327624067,226.80632411067194,689.4786649767639,225.70553443177016,1,2198,0.8638067471886713,0.0001118608044825675,1,0.4296429455280304
TRAIN,181ec185,22,5,6,9,720,1280,1,0.90625,10.8125,0.9999798536300659,1,13922,0.015106336805555556,13482,1.0326361074024626,0.7806226175349428,267.8393908921132,170.2753914667433,261.0547323644098,162.94427507975894,1,14766,0.8792086990698283,0.0,1,0.34195801615715027
TRAIN,181ec185,22,6,7,9,720,1280,1,0.875,9.625,0.9999339580535889,1,5545,0.006016710069444445,3779,1.4673193966657847,0.77585931254996,376.1157799819657,249.83931469792606,370.10677691892863,244.4193780334352,1,4656,0.7824567534509872,0.0,1,0.3448331356048584
TRAIN,181ec185,22,7,8,9,720,1280,1,0.6875,7.8125,0.999595582485199,1,517,0.0005609809027777778,404,1.2797029702970297,0.31799729364005414,709.953578336557,99.28239845261122,702.0262582056893,93.35886214442013,1,841,0.321011673151751,0.00475482912332838,4,0.42741653323173523
TRAIN,181ec185,22,8,9,9,720,1280,1,0.671875,5.5,0.9959298968315125,1,531,0.000576171875,1330,0.39924812030075185,0.2086864406779661,487.3898305084746,97.57627118644068,482.1540983606557,88.80491803278689,1,610,0.7828125,0.0,1,0.35444334149360657
TRAIN,181ec185,23,0,1,9,720,1280,1,0.89453125,10.625,0.9999756813049316,1,184577,0.2002788628472222,308698,0.5979209453899929,0.8303581828771113,831.7763697535446,429.22190738824446,838.8601973513373,424.8397143599065,1,188674,0.9041961074407571,0.00206807492721234,2,0.362380713224411
TRAIN,181ec185,23,1,2,9,720,1280,1,0.8359375,12.375,0.9999958276748657,1,26761,0.02903754340277778,24959,1.072198405384831,0.6970560582912211,493.0843017824446,340.0647584170995,493.6994193548387,336.47364516129034,1,25714,0.8489482400197315,0.00093085960069333,7,0.3817374110221863
TRAIN,181ec185,23,2,3,9,720,1280,1,0.6484375,5.59375,0.996292769908905,1,5544,0.006015625,4953,1.1193216232586312,0.42561260210035007,1074.7931096681098,265.96392496392497,1080.7408983451537,256.52364066193854,1,5077,0.7300863332790357,3.089407451650774e-05,1,0.38731804490089417
TRAIN,181ec185,23,3,4,9,720,1280,1,0.91015625,11.0,0.9999833106994629,1,6130,0.006651475694444444,6739,0.9096305089775931,0.7351642285398841,706.7092985318108,148.82495921696574,698.903461120596,143.4944901443427,1,6322,0.8981707317073171,0.005739704405223131,8,0.31168439984321594
TRAIN,181ec185,23,4,5,9,720,1280,1,0.7421875,7.0625,0.9991440773010254,1,2657,0.002883029513888889,4395,0.6045506257110352,0.4097142857142857,746.376740684983,233.85020700037637,722.1102327624067,226.80632411067194,1,1796,0.6093241778099024,0.004504575451638815,1,0.4065582752227783
TRAIN,181ec185,23,5,6,9,720,1280,1,0.90234375,10.75,0.9999785423278809,1,14324,0.015542534722222221,13482,1.0624536418928943,0.7416450857072389,275.64939960904775,176.0060737224239,267.8393908921132,170.2753914667433,1,14437,0.8929182572067922,0.0010145778822021679,7,0.3685549199581146
TRAIN,181ec185,23,6,7,9,720,1280,1,0.85546875,9.375,0.9999151229858398,1,5514,0.005983072916666667,3779,1.4591161682984917,0.7024322660098522,383.13438520130575,256.8264417845484,376.1157799819657,249.83931469792606,1,4422,0.7045805455481214,0.0,1,0.3336215615272522
TRAIN,181ec185,23,7,8,9,720,1280,1,0.73046875,8.25,0.9997387528419495,1,493,0.0005349392361111111,404,1.2202970297029703,0.21686746987951808,718.4137931034483,106.75456389452333,709.953578336557,99.28239845261122,1,879,0.2798507462686567,0.014287840452448282,4,0.41121360659599304
TRAIN,181ec185,23,8,9,9,720,1280,1,0.66796875,5.46875,0.9958011507987976,1,518,0.0005620659722222223,1330,0.3894736842105263,0.14519650655021835,497.02702702702703,103.22393822393822,487.3898305084746,97.57627118644068,1,423,0.7721280602636534,0.0,1,0.40095576643943787
TRAIN,181ec185,24,0,1,9,720,1280,1,0.8984375,10.5,0.9999724626541138,1,181321,0.1967458767361111,308698,0.5873734199768058,0.8330736590033515,829.0446666409297,438.22936118816904,831.7763697535446,429.22190738824446,1,184138,0.8957308849465713,0.003018308487599742,2,0.34372955560684204
TRAIN,181ec185,24,1,2,9,720,1280,1,0.84375,11.875,0.999993085861206,1,26011,0.028223741319444443,24959,1.0421491245642853,0.7040816326530612,493.56902848794743,344.9666295029026,493.0843017824446,340.0647584170995,1,25709,0.8431931575196009,0.001663489037178265,1,0.3735862970352173
TRAIN,181ec185,24,2,3,9,720,1280,1,0.69140625,6.5,0.998498797416687,1,7119,0.007724609375,4953,1.4373107207752878,0.47346986269490343,1064.5163646579576,271.826801517067,1074.7931096681098,265.96392496392497,1,5744,0.7064208012735473,9.412306067277072e-05,1,0.3526366353034973
TRAIN,181ec185,24,3,4,9,720,1280,1,0.9140625,10.4375,0.9999706745147705,1,6298,0.006833767361111111,6739,0.934560023742395,0.7294739771778458,711.9911082883455,155.9290250873293,706.7092985318108,148.82495921696574,1,5754,0.8708475628686744,0.0022176022176022174,8,0.29787522554397583
TRAIN,181ec185,24,4,5,9,720,1280,1,0.72265625,5.84375,0.9971103668212891,1,2748,0.0029817708333333332,4395,0.6252559726962458,0.38803287108371853,763.5225618631732,241.08879184861718,746.376740684983,233.85020700037637,1,649,0.22901591895803183,0.008303344537543094,1,0.3479543924331665
TRAIN,181ec185,24,5,6,9,720,1280,1,0.89453125,11.1875,0.9999861717224121,1,14107,0.015307074652777778,13482,1.0463581071057706,0.8115840448579075,282.20720209824907,179.94166016871057,275.64939960904775,176.0060737224239,1,14678,0.9073018817916777,0.00016014519831313725,7,0.3628841042518616
TRAIN,181ec185,24,6,7,9,720,1280,1,0.8671875,8.8125,0.9998511075973511,1,5432,0.0058940972222222224,3779,1.4374173061656523,0.805376876133927,389.5474963181149,261.13972754050076,383.13438520130575,256.8264417845484,1,4629,0.7876687988628287,0.0,1,0.370851993560791
TRAIN,181ec185,24,7,8,9,720,1280,1,0.7109375,8.375,0.9997695088386536,1,594,0.00064453125,404,1.4702970297029703,0.25955967555040554,728.3484848484849,115.78451178451178,718.4137931034483,106.75456389452333,1,933,0.5044334975369458,0.0072992700729927005,4,0.35437658429145813
TRAIN,181ec185,24,8,9,9,720,1280,1,0.6015625,5.09375,0.9939024448394775,1,481,0.0005219184027777778,1330,0.36165413533834584,0.23638613861386137,504.1912681912682,107.06860706860707,497.02702702702703,103.22393822393822,1,233,0.48132780082987553,0.0,1,0.394047349691391
TRAIN,181ec185,25,0,1,9,720,1280,1,0.8984375,10.5,0.9999724626541138,1,171347,0.18592339409722222,308698,0.5550635248689658,0.8435240798532156,823.1744646827782,442.6294186650481,829.0446666409297,438.22936118816904,1,175173,0.9026910680262024,0.004297003206341993,2,0.35016557574272156
TRAIN,181ec185,25,1,2,9,720,1280,1,0.84765625,12.3125,0.9999954700469971,1,28021,0.030404730902777777,24959,1.122681197163348,0.7085757652415887,498.2556653938118,347.41322579493954,493.56902848794743,344.9666295029026,1,27549,0.8607065126402142,0.00019197164726440403,1,0.348084032535553
TRAIN,181ec185,25,2,3,9,720,1280,1,0.70703125,6.40625,0.9983515739440918,1,7913,0.008586154513888888,4953,1.5976176054916211,0.6569664902998237,1057.1565777833944,275.3745734866675,1064.5163646579576,271.826801517067,1,6164,0.6972510248372318,0.0,1,0.36931920051574707
TRAIN,181ec185,25,3,4,9,720,1280,1,0.91796875,10.6875,0.9999772310256958,1,6127,0.006648220486111111,6739,0.9091853390710788,0.8522659511031604,716.1057613840379,158.4447527338012,711.9911082883455,155.9290250873293,1,6237,0.9279588336192109,0.0,1,0.2846468687057495
TRAIN,181ec185,25,4,5,9,720,1280,1,0.671875,5.03125,0.9935117363929749,1,3040,0.003298611111111111,4395,0.6916951080773607,0.5668651867893882,766.5184210526315,245.02138157894737,763.5225618631732,241.08879184861718,1,1095,0.2881619937694704,0.009590981191932926,1,0.37111982703208923
TRAIN,181ec185,25,5,6,9,720,1280,1,0.91015625,11.0625,0.9999842643737793,1,14277,0.015491536458333333,13482,1.0589675122385402,0.8453936675118653,286.6684877775443,183.38222315612524,282.20720209824907,179.94166016871057,1,14956,0.9234767732596394,0.0005968205740328794,7,0.34981176257133484
TRAIN,181ec185,25,6,7,9,720,1280,1,0.8828125,9.375,0.9999151229858398,1,5455,0.005919053819444444,3779,1.4435035723736438,0.8505864354920959,392.7396883593034,264.0934922089826,389.5474963181149,261.13972754050076,1,4165,0.7327089337175793,0.0008187524638384329,2,0.3276423513889313
TRAIN,181ec185,25,7,8,9,720,1280,1,0.7578125,7.6875,0.9995417594909668,1,511,0.0005544704861111112,404,1.2648514851485149,0.5116279069767442,728.252446183953,116.81213307240705,728.3484848484849,115.78451178451178,1,291,0.56640625,0.005663189269746647,4,0.36617767810821533
TRAIN,181ec185,25,8,9,9,720,1280,1,0.55078125,3.234375,0.9621075391769409,1,346,0.00037543402777777776,1330,0.26015037593984963,0.2942097026604069,509.0838150289017,111.34393063583815,504.1912681912682,107.06860706860707,0,0,0.0,0.0,1,0.4082360565662384
TRAIN,181ec185,26,0,1,9,720,1280,1,0.8984375,10.6875,0.9999772310256958,1,159605,0.17318250868055557,308698,0.517026349377061,0.8258413328919784,823.4581059490617,445.8415651138749,823.1744646827782,442.6294186650481,1,161519,0.8962821239606954,0.003139405746477475,5,0.3758338987827301
TRAIN,181ec185,26,1,2,9,720,1280,1,0.85546875,12.5,0.9999963045120239,1,31901,0.034614800347222224,24959,1.278136143274971,0.667557188178327,508.4519921005611,353.1018149901257,498.2556653938118,347.41322579493954,1,30932,0.8688061388376658,0.0009729237393392399,1,0.36754101514816284
TRAIN,181ec185,26,2,3,9,720,1280,1,0.71484375,6.59375,0.9986329674720764,1,9041,0.009810112847222222,4953,1.8253583686654553,0.6364864864864865,1070.9994469638314,282.11204512775134,1057.1565777833944,275.3745734866675,1,7330,0.6813186813186813,0.0,1,0.34810465574264526
TRAIN,181ec185,26,3,4,9,720,1280,1,0.91796875,10.75,0.9999785423278809,1,6283,0.006817491319444444,6739,0.9323341742098235,0.8223201174743024,720.4087219481139,161.95766353652715,716.1057613840379,158.4447527338012,1,6148,0.9444705146253715,0.0005979967110180894,8,0.31235790252685547
TRAIN,181ec185,26,4,5,9,720,1280,1,0.6328125,2.359375,0.9136765599250793,1,1754,0.0019032118055555556,4395,0.39908987485779296,0.42466567607726596,747.5661345496009,248.90649942987457,766.5184210526315,245.02138157894737,1,2078,0.6020066889632107,0.0013983869483884816,1,0.3431023955345154
TRAIN,181ec185,26,5,6,9,720,1280,1,0.91015625,10.9375,0.9999822378158569,1,14206,0.015414496527777778,13482,1.0537012312713248,0.9012749482678059,289.3379557933268,184.7149091932986,286.6684877775443,183.38222315612524,1,14859,0.9121710526315789,0.0,1,0.3534380793571472
TRAIN,181ec185,26,6,7,9,720,1280,1,0.87890625,9.4375,0.9999203681945801,1,5609,0.006086154513888889,3779,1.4842550939401957,0.8790760869565217,395.2943483686932,266.6022463897308,392.7396883593034,264.0934922089826,1,4123,0.7148898678414097,0.0019090508590728866,6,0.35654333233833313
TRAIN,181ec185,26,7,8,9,720,1280,1,0.734375,7.875,0.9996199607849121,1,641,0.0006955295138888889,404,1.5866336633663367,0.5483870967741935,737.0140405616224,122.10296411856474,728.252446183953,116.81213307240705,1,410,0.6370716510903427,0.0066725978647686835,4,0.3873099088668823
TRAIN,181ec185,26,8,9,9,720,1280,1,0.482421875,1.421875,0.8056321740150452,1,340,0.0003689236111111111,1330,0.2556390977443609,0.32688588007736946,514.1882352941177,113.32058823529412,509.0838150289017,111.34393063583815,0,0,0.0,0.0,1,0.29484206438064575
TRAIN,181ec185,27,0,1,9,720,1280,1,0.89453125,10.625,0.9999756813049316,1,148512,0.16114583333333332,308698,0.4810915522614335,0.8200005906848992,818.3720776772248,448.1696361236802,823.4581059490617,445.8415651138749,1,150966,0.9014234739876319,0.005026334785979734,5,0.35048967599868774
TRAIN,181ec185,27,1,2,9,720,1280,1,0.8671875,12.375,0.9999958276748657,1,34264,0.03717881944444444,24959,1.3728114107135703,0.7434782608695653,517.6664137286948,355.4564849404623,508.4519921005611,353.1018149901257,1,32945,0.8929979720594863,0.001183713400824816,1,0.3727354109287262
TRAIN,181ec185,27,2,3,9,720,1280,1,0.71484375,6.59375,0.9986329674720764,1,8846,0.009598524305555555,4953,1.785988289925298,0.6597383316321797,1063.1815509834953,281.324892606828,1070.9994469638314,282.11204512775134,1,7583,0.7284587059442399,0.0026241799437675727,5,0.3482392132282257
TRAIN,181ec185,27,3,4,9,720,1280,1,0.921875,10.8125,0.9999798536300659,1,6283,0.006817491319444444,6739,0.9323341742098235,0.8417118569544189,724.9299697596689,164.5304790705077,720.4087219481139,161.95766353652715,1,5978,0.9329970045719691,0.006633254716981132,8,0.26483526825904846
TRAIN,181ec185,27,4,5,9,720,1280,1,0.54296875,2.421875,0.9184802770614624,1,1742,0.0018901909722222221,4395,0.39635949943117177,0.23796033994334279,846.715269804822,252.69804822043628,747.5661345496009,248.90649942987457,1,1852,0.7421231216674745,0.002903850290385029,3,0.27514827251434326
TRAIN,181ec185,27,5,6,9,720,1280,1,0.90625,10.9375,0.9999822378158569,1,13901,0.015083550347222223,13482,1.0310784750037087,0.8565955479225841,293.9959715128408,186.65405366520395,289.3379557933268,184.7149091932986,1,14734,0.9018995749202976,0.00010927170409222532,7,0.34062597155570984
TRAIN,181ec185,27,6,7,9,720,1280,1,0.87890625,9.5625,0.999929666519165,1,5666,0.006148003472222222,3779,1.4993384493252182,0.8763521384589782,399.1791387222026,268.4705259442287,395.2943483686932,266.6022463897308,1,4404,0.7476570635196113,0.0,1,0.3629109561443329
TRAIN,181ec185,27,7,8,9,720,1280,1,0.7734375,8.1875,0.9997219443321228,1,661,0.0007172309027777778,404,1.636138613861386,0.5104408352668214,742.5869894099849,125.4553706505295,737.0140405616224,122.10296411856474,1,546,0.7802359882005899,0.0051476154428463285,4,0.34808969497680664
TRAIN,181ec185,27,8,9,9,720,1280,1,4.94765117764473e-09,-0.72265625,0.3268083333969116,0,0,0.0,1330,0.0,0.0,,,514.1882352941177,113.32058823529412,0,0,,0.0,1,
TRAIN,181ec185,28,0,1,9,720,1280,1,0.89453125,10.6875,0.9999772310256958,1,139416,0.15127604166666667,308698,0.4516258608737342,0.8240954848682585,805.10675245309,449.8399753256441,818.3720776772248,448.1696361236802,1,140546,0.8992320633886899,0.0017686304496290547,2,0.37514594197273254
TRAIN,181ec185,28,1,2,9,720,1280,1,0.859375,12.1875,0.9999948740005493,1,33060,0.035872395833333334,24959,1.3245722985696542,0.8267263600596934,522.2226255293406,353.6940108892922,517.6664137286948,355.4564849404623,1,32206,0.8633054500813658,0.00426915334243469,1,0.364626407623291
TRAIN,181ec185,28,2,3,9,720,1280,1,0.71484375,6.65625,0.9987157583236694,1,10413,0.011298828125,4953,2.1023622047244093,0.6500171350239891,1055.386824162105,281.9798329011812,1063.1815509834953,281.324892606828,1,9386,0.7218018958170276,0.0089489235964542,5,0.31168240308761597
TRAIN,181ec185,28,3,4,9,720,1280,1,0.92578125,11.0,0.9999833106994629,1,6197,0.006724175347222222,6739,0.9195726368897462,0.8516320474777448,730.3748588026465,165.22172018718734,724.9299697596689,164.5304790705077,1,6051,0.935218833939011,0.0019472738166566807,8,0.2593640983104706
TRAIN,181ec185,28,4,5,9,720,1280,1,0.671875,3.546875,0.9719924926757812,1,1411,0.001531032986111111,4395,0.3210466439135381,0.21925754060324826,911.8972360028349,255.5095676824947,846.715269804822,252.69804822043628,1,1538,0.8103130755064457,0.004372093023255814,3,0.3294854462146759
TRAIN,181ec185,28,5,6,9,720,1280,1,0.91796875,10.5625,0.9999741315841675,1,14189,0.015396050347222223,13482,1.0524402907580477,0.8452341851146292,300.5951793642963,188.73902318697583,293.9959715128408,186.65405366520395,1,14875,0.9165182987141444,0.0,1,0.3118872046470642
TRAIN,181ec185,28,6,7,9,720,1280,1,0.890625,9.3125,0.9999097585678101,1,5478,0.005944010416666667,3779,1.4495898385816353,0.8557868442964196,405.8601679445053,268.78459291712306,399.1791387222026,268.4705259442287,1,4346,0.7455579246624022,0.00044239087691702714,6,0.3732565641403198
TRAIN,181ec185,28,7,8,9,720,1280,1,0.765625,7.9375,0.9996429681777954,1,657,0.000712890625,404,1.6262376237623761,0.5307781649245064,748.4155251141552,126.53272450532725,742.5869894099849,125.4553706505295,1,492,0.7304216867469879,0.010697604339309929,4,0.38298240303993225
TRAIN,181ec185,28,8,9,9,720,1280,1,3.017554874593445e-21,-1.7734375,0.14511536061763763,0,0,0.0,1330,0.0,,,,,,0,0,,0.0,1,
TRAIN,181ec185,29,0,1,9,720,1280,1,0.8828125,10.5625,0.9999741315841675,1,124057,0.13461046006944444,308698,0.4018717322431632,0.7438149447349262,783.9055111763141,447.1899852487163,805.10675245309,449.8399753256441,1,126166,0.8918737052214544,0.0160888224674818,2,0.36713409423828125
TRAIN,181ec185,29,1,2,9,720,1280,1,0.83984375,12.375,0.9999958276748657,1,26702,0.028973524305555557,24959,1.0698345286269482,0.6997639295770642,517.0733278406112,350.0395101490525,522.2226255293406,353.6940108892922,1,29599,0.7647003510531595,0.00572375952315162,1,0.4084741175174713
TRAIN,181ec185,29,2,3,9,720,1280,1,0.7109375,7.0625,0.9991440773010254,1,12397,0.013451605902777778,4953,2.50292751867555,0.5270804043649997,1026.8501250302493,291.7253367750262,1055.386824162105,281.9798329011812,1,10928,0.7261155923925109,0.014788197083822818,5,0.359372079372406
TRAIN,181ec185,29,3,4,9,720,1280,1,0.92578125,11.125,0.9999852180480957,1,6046,0.006560329861111111,6739,0.8971657515951922,0.848,735.3948064836255,165.47204763479988,730.3748588026465,165.22172018718734,1,6149,0.948705656759348,0.00015316281206922958,8,0.30070215463638306
TRAIN,181ec185,29,4,5,9,720,1280,1,0.74609375,6.09375,0.9977481961250305,1,2869,0.003113064236111111,4395,0.6527872582480091,0.3028919330289193,903.3963053328686,259.775531544092,911.8972360028349,255.5095676824947,1,2288,0.6608695652173913,0.010843285222360612,3,0.4998314082622528
TRAIN,181ec185,29,5,6,9,720,1280,1,0.91015625,10.5625,0.9999741315841675,1,13989,0.015179036458333333,13482,1.037605696484201,0.8429038587311969,306.12752877260704,188.8950604046036,300.5951793642963,188.73902318697583,1,14328,0.9062268596432178,0.0,1,0.3064119219779968
TRAIN,181ec185,29,6,7,9,720,1280,1,0.88671875,9.1875,0.9998977184295654,1,5536,0.006006944444444444,3779,1.4649378142365705,0.8636209813874789,411.6829841040462,270.173049132948,405.8601679445053,268.78459291712306,1,4170,0.7130250617719732,0.001310615989515072,6,0.39431852102279663
TRAIN,181ec185,29,7,8,9,720,1280,1,0.71875,8.25,0.9997387528419495,1,592,0.0006423611111111111,404,1.4653465346534653,0.5121065375302664,751.1925675675676,125.29560810810811,748.4155251141552,126.53272450532725,1,484,0.7354838709677419,0.007924641148325359,4,0.38510507345199585
TRAIN,181ec185,29,8,9,9,720,1280,1,1.014588720084573e-24,-2.265625,0.09401018172502518,0,0,0.0,1330,0.0,,,,,,0,0,,0.0,1,
TRAIN,181ec185,30,0,1,9,720,1280,1,0.87109375,11.0,0.9999833106994629,1,112443,0.12200846354166667,308698,0.36424920148494644,0.7287379847227806,749.8238485276985,446.72000924913067,783.9055111763141,447.1899852487163,1,114561,0.9007762063854907,0.005085200022569542,2,0.3609928786754608
TRAIN,181ec185,30,1,2,9,720,1280,1,0.78125,11.875,0.999993085861206,1,25458,0.027623697916666665,24959,1.019992788172603,0.5785969372314025,498.73187210307174,361.22346610102915,517.0733278406112,350.0395101490525,1,30062,0.6653668486411902,0.008927799394725464,1,0.3990756869316101
TRAIN,181ec185,30,2,3,9,720,1280,1,0.78125,7.125,0.9991958737373352,1,17888,0.01940972222222222,4953,3.611548556430446,0.535906278527234,982.1504919499106,297.18235688729874,1026.8501250302493,291.7253367750262,1,17236,0.8114492006188757,0.026137854475729135,5,0.32834696769714355
TRAIN,181ec185,30,3,4,9,720,1280,1,0.92578125,11.3125,0.9999877214431763,1,6114,0.006634114583333333,6739,0.9072562694761834,0.9047619047619048,738.5971540726202,166.17206411514556,735.3948064836255,165.47204763479988,1,6245,0.9524486571879937,0.0015227653418608193,8,0.26724061369895935
TRAIN,181ec185,30,4,5,9,720,1280,1,0.6484375,5.75,0.9968273043632507,1,2426,0.002632378472222222,4395,0.5519908987485779,0.47575250836120403,886.6908491343776,259.1203627370157,903.3963053328686,259.775531544092,1,2448,0.7475797776980997,0.004906470407850353,3,0.36993950605392456
TRAIN,181ec185,30,5,6,9,720,1280,1,0.90625,10.1875,0.999962329864502,1,13734,0.01490234375,13482,1.0186915887850467,0.9129864752967154,308.34345420125237,187.36551623707587,306.12752877260704,188.8950604046036,1,14540,0.9002621143894078,0.0,1,0.2701019048690796
TRAIN,181ec185,30,6,7,9,720,1280,1,0.87890625,9.375,0.9999151229858398,1,5195,0.005636935763888889,3779,1.3747023021963483,0.908072546230441,412.78864292589026,269.64696823869104,411.6829841040462,270.173049132948,1,3762,0.6842798044377586,0.00025342118601115053,6,0.3978358805179596
TRAIN,181ec185,30,7,8,9,720,1280,1,0.734375,8.3125,0.9997546076774597,1,565,0.0006130642361111111,404,1.3985148514851484,0.6816860465116279,754.3929203539823,125.32743362831859,751.1925675675676,125.29560810810811,1,463,0.7161936560934892,0.0073964497041420114,4,0.34923213720321655
TRAIN,181ec185,30,8,9,9,720,1280,1,1.125862283931428e-26,-2.5,0.07585817575454712,0,0,0.0,1330,0.0,,,,,,0,0,,0.0,1,
TRAIN,181ec185,31,0,1,9,720,1280,1,0.8515625,10.75,0.9999785423278809,1,105975,0.114990234375,308698,0.3432966847857777,0.7351838317073945,716.3769379570654,431.9082236376504,749.8238485276985,446.72000924913067,1,110359,0.8773941040171481,0.000574069712670749,2,0.3695877492427826
TRAIN,181ec185,31,1,2,9,720,1280,1,0.83203125,11.625,0.9999910593032837,1,21876,0.02373697916666667,24959,0.8764774229736768,0.4297710384824503,464.21068751142803,352.0151764490766,498.73187210307174,361.22346610102915,1,29975,0.616202231781061,0.006469536096205808,1,0.42637524008750916
TRAIN,181ec185,31,2,3,9,720,1280,1,0.7734375,7.125,0.9991958737373352,1,20155,0.02186957465277778,4953,4.069250959014738,0.6951697709651546,964.8691143636814,300.5334656412801,982.1504919499106,297.18235688729874,1,20583,0.8129951045838897,0.027724314911557146,5,0.26250460743904114
TRAIN,181ec185,31,3,4,9,720,1280,1,0.92578125,11.3125,0.9999877214431763,1,6273,0.006806640625,6739,0.9308502745214423,0.9018885306310456,742.0473457675753,164.95265423242466,738.5971540726202,166.17206411514556,1,6330,0.9344589409056024,0.0015471167369901547,8,0.297642320394516
TRAIN,181ec185,31,4,5,9,720,1280,1,0.6328125,6.4375,0.9984021782875061,1,3975,0.004313151041666667,4395,0.9044368600682594,0.42276061346965993,866.5242767295598,270.4543396226415,886.6908491343776,259.1203627370157,1,2272,0.5501240694789082,0.06022535940940293,3,0.3928457498550415
TRAIN,181ec185,31,5,6,9,720,1280,1,0.92578125,10.625,0.9999756813049316,1,13881,0.015061848958333334,13482,1.029595015576324,0.9061917581279768,311.44110654851954,186.3377278294071,308.34345420125237,187.36551623707587,1,14375,0.9270272113482916,0.0005057600449564485,7,0.30523866415023804
TRAIN,181ec185,31,6,7,9,720,1280,1,0.875,9.375,0.9999151229858398,1,4837,0.005248480902777778,3779,1.2799682455676105,0.7994618834080718,411.4602026049204,265.99048997312383,412.78864292589026,269.64696823869104,1,3923,0.7325949367088608,0.00026032175769250796,6,0.3845524787902832
TRAIN,181ec185,31,7,8,9,720,1280,1,0.703125,9.0625,0.9998840093612671,1,691,0.0007497829861111111,404,1.7103960396039604,0.44036697247706424,765.2402315484804,129.21128798842258,754.3929203539823,125.32743362831859,1,848,0.5736196319018405,0.01240086517664023,4,0.39331650733947754
TRAIN,181ec185,31,8,9,9,720,1280,1,1.014588720084573e-24,-2.171875,0.10230471193790436,0,0,0.0,1330,0.0,,,,,,0,0,,0.0,1,
TRAIN,181ec185,32,0,1,9,720,1280,1,0.8125,11.0625,0.9999842643737793,1,106586,0.11565321180555556,308698,0.3452759655067412,0.7416608627965094,702.4543561068058,413.78669806541194,716.3769379570654,431.9082236376504,1,109461,0.8832220498247938,0.01747890731016579,2,0.4132106900215149
TRAIN,181ec185,32,1,2,9,720,1280,1,0.80078125,11.125,0.9999852180480957,1,19244,0.020881076388888888,24959,0.7710244801474418,0.5413449284054277,444.8628663479526,348.63926418623987,464.21068751142803,352.0151764490766,1,31376,0.5033262057495842,0.005790691131880842,1,0.4334064722061157
TRAIN,181ec185,32,2,3,9,720,1280,1,0.78125,7.28125,0.999312162399292,1,20700,0.0224609375,4953,4.179285281647487,0.7192694525102049,965.2269082125604,305.3964734299517,964.8691143636814,300.5334656412801,1,20110,0.8013683513573162,0.04351847773422015,5,0.3319954574108124
TRAIN,181ec185,32,3,4,9,720,1280,1,0.9140625,11.9375,0.9999934434890747,1,6607,0.0071690538194444445,6739,0.98041252411337,0.8701902134456222,745.0435901316786,165.76085969426367,742.0473457675753,164.95265423242466,1,6430,0.9251329001772003,0.004972449939524257,8,0.3216712772846222
TRAIN,181ec185,32,4,5,9,720,1280,1,0.77734375,5.375,0.9953904151916504,1,3069,0.003330078125,4395,0.6982935153583618,0.5025597269624573,890.5448028673835,266.28771586836103,866.5242767295598,270.4543396226415,1,2991,0.8784872907625543,0.0026820089111908984,3,0.397567480802536
TRAIN,181ec185,32,5,6,9,720,1280,1,0.92578125,10.1875,0.999962329864502,1,14014,0.015206163194444445,13482,1.039460020768432,0.8899051490514905,315.56636220921933,186.0651491365777,311.44110654851954,186.3377278294071,1,14768,0.9327155519742143,5.8482952219428036e-05,7,0.2705670893192291
TRAIN,181ec185,32,6,7,9,720,1280,1,0.86328125,9.3125,0.9999097585678101,1,4183,0.004538845486111111,3779,1.1069065890447207,0.7700156985871272,407.56873057614155,262.5077695433899,411.4602026049204,265.99048997312383,1,3086,0.70834312573443,0.0004751346214760849,6,0.4508345127105713
TRAIN,181ec185,32,7,8,9,720,1280,1,0.66796875,9.125,0.9998910427093506,1,798,0.0008658854166666667,404,1.9752475247524752,0.4964824120603015,771.5488721804511,132.73057644110276,765.2402315484804,129.21128798842258,1,871,0.7188465499485067,0.007106033161488087,4,0.4168124496936798
TRAIN,181ec185,32,8,9,9,720,1280,1,2.1693674893577825e-29,-2.84375,0.055005285888910294,0,0,0.0,1330,0.0,,,,,,0,0,,0.0,1,
TRAIN,181ec185,33,0,1,9,720,1280,1,0.83984375,11.6875,0.9999916553497314,1,99089,0.10751844618055556,308698,0.32099009387815924,0.731256470905127,669.2594031628132,404.1644985820828,702.4543561068058,413.78669806541194,1,101990,0.8642765091462001,0.010006733909215318,2,0.41634485125541687
TRAIN,181ec185,33,1,2,9,720,1280,1,0.75390625,11.9375,0.9999934434890747,1,21152,0.02295138888888889,24959,0.8474698505549101,0.4962589821468257,420.34289901664147,348.87514183055976,444.8628663479526,348.63926418623987,1,40400,0.4312421522578245,0.008955419544609133,1,0.41272786259651184
TRAIN,181ec185,33,2,3,9,720,1280,1,0.7734375,7.4375,0.9994115829467773,1,20374,0.02210720486111111,4953,4.113466585907531,0.6123258096172718,922.763914793364,309.36664376165703,965.2269082125604,305.3964734299517,1,19342,0.8287977160749643,0.03378049965976475,5,0.37241387367248535
TRAIN,181ec185,33,3,4,9,720,1280,1,0.91796875,11.625,0.9999910593032837,1,6614,0.007176649305555556,6739,0.9814512538952367,0.8592321755027422,749.5703054127608,164.96189900211672,745.0435901316786,165.76085969426367,1,6318,0.921830881260217,0.001096340962039194,8,0.3039768934249878
TRAIN,181ec185,33,4,5,9,720,1280,1,0.48046875,3.109375,0.957277774810791,1,1075,0.0011664496527777778,4395,0.2445961319681456,0.31597332486503654,904.5525581395349,263.0046511627907,890.5448028673835,266.28771586836103,1,895,0.7130434782608696,0.010042544770950826,3,0.3388586640357971
TRAIN,181ec185,33,5,6,9,720,1280,1,0.91796875,10.375,0.9999687671661377,1,13771,0.014942491319444445,13482,1.0214359887257083,0.8541875208541875,319.7260184445574,183.63285164476073,315.56636220921933,186.0651491365777,1,14519,0.9277683134582624,0.0012772168835908041,7,0.2777438461780548
TRAIN,181ec185,33,6,7,9,720,1280,1,0.8359375,7.6875,0.9995417594909668,1,2913,0.003160807291666667,3779,0.7708388462556232,0.610531093962778,398.5046343975283,256.66632337796085,407.56873057614155,262.5077695433899,1,2692,0.7976266837716485,4.617764540186096e-05,2,0.45105379819869995
TRAIN,181ec185,33,7,8,9,720,1280,1,0.69921875,8.9375,0.999868631362915,1,613,0.0006651475694444444,404,1.5173267326732673,0.4915433403805497,769.721044045677,123.7716150081566,771.5488721804511,132.73057644110276,1,691,0.7409879839786382,0.008145454545454546,4,0.3668366074562073
TRAIN,181ec185,33,8,9,9,720,1280,1,6.716706573930585e-22,-2.890625,0.052618950605392456,0,0,0.0,1330,0.0,,,,,,0,0,,0.0,1,
TRAIN,181ec185,34,0,1,9,720,1280,1,0.796875,11.9375,0.9999934434890747,1,96291,0.104482421875,308698,0.3119262191526994,0.7862824333961126,648.4044822465236,405.2492548628636,669.2594031628132,404.1644985820828,1,102769,0.8277308995418278,0.00980575201081396,2,0.39434191584587097
TRAIN,181ec185,34,1,2,9,720,1280,1,0.734375,12.25,0.999995231628418,1,18504,0.020078125,24959,0.7413758564045034,0.5637840608856816,411.49167747514053,332.6658560311284,420.34289901664147,348.87514183055976,1,38923,0.33517007277208155,0.021375331620836317,1,0.42385953664779663
TRAIN,181ec185,34,2,3,9,720,1280,1,0.8125,8.0,0.9996646642684937,1,26557,0.028816189236111112,4953,5.361800928730062,0.6633351054403686,948.0140452611364,306.1869187031668,922.763914793364,309.36664376165703,1,26665,0.8754008245533669,0.00010691430055137232,2,0.3341200351715088
TRAIN,181ec185,34,3,4,9,720,1280,1,0.921875,11.5,0.9999898672103882,1,6572,0.007131076388888889,6739,0.9752188752040362,0.8411058363585591,756.4097687157639,164.24969567863664,749.5703054127608,164.96189900211672,1,6001,0.8835955056179775,0.0,1,0.37130051851272583
TRAIN,181ec185,34,4,5,9,720,1280,1,0.1337890625,0.1748046875,0.5435901880264282,1,994,0.0010785590277777777,4395,0.2261660978384528,0.0,1123.3158953722334,263.7102615694165,904.5525581395349,263.0046511627907,0,0,0.0,0.02626989722088234,3,0.32657837867736816
TRAIN,181ec185,34,5,6,9,720,1280,1,0.90625,10.3125,0.9999667406082153,1,13521,0.014671223958333333,13482,1.0028927458834,0.8498034431340653,324.96457362621106,181.5330966644479,319.7260184445574,183.63285164476073,1,14711,0.892859537378478,0.0027591396500909263,7,0.3527805209159851
TRAIN,181ec185,34,6,7,9,720,1280,1,0.80859375,6.15625,0.9978843331336975,1,2699,0.0029286024305555554,3779,0.7142101084943107,0.75375,399.30603927380514,254.3245646535754,398.5046343975283,256.66632337796085,1,2470,0.784259578874698,0.0001682085786375105,2,0.4388146698474884
TRAIN,181ec185,34,7,8,9,720,1280,1,0.78125,7.65625,0.9995272159576416,1,711,0.000771484375,404,1.75990099009901,0.4085106382978723,778.3895921237694,123.32911392405063,769.721044045677,123.7716150081566,1,591,0.7983425414364641,0.012673506336753168,4,0.38558945059776306
TRAIN,181ec185,34,8,9,9,720,1280,1,2.1693674893577825e-29,-3.65625,0.02517884224653244,0,0,0.0,1330,0.0,,,,,,0,0,,0.0,1,
TRAIN,181ec185,35,0,1,9,720,1280,1,0.7578125,11.875,0.999993085861206,1,112281,0.12183268229166666,308698,0.3637244167438726,0.7105880423193636,691.5483563559284,417.9532601241528,648.4044822465236,405.2492548628636,1,98015,0.6984557730826387,0.1666407307698293,2,0.38728824257850647
TRAIN,181ec185,35,1,2,9,720,1280,1,0.73046875,11.5,0.9999898672103882,1,17865,0.019384765625,24959,0.7157738691453984,0.7165714825128616,417.6860341449762,323.58477469913237,411.49167747514053,332.6658560311284,1,37658,0.35458293688550585,0.01806297441664324,1,0.38687312602996826
TRAIN,181ec185,35,2,3,9,720,1280,1,0.82421875,8.1875,0.9997219443321228,1,27014,0.02931206597222222,4953,5.454068241469816,0.7409573949497904,941.2423187976605,302.9251869401051,948.0140452611364,306.1869187031668,1,27824,0.8560839397529193,0.0,1,0.3247259259223938
TRAIN,181ec185,35,3,4,9,720,1280,1,0.921875,11.375,0.9999885559082031,1,6558,0.007115885416666667,6739,0.9731414156403028,0.8412564857663721,761.8019213174748,161.60658737419945,756.4097687157639,164.24969567863664,1,6307,0.9357508275654529,0.0005590496156533892,8,0.3105207085609436
TRAIN,181ec185,35,4,5,9,720,1280,1,0.2578125,0.287109375,0.5712883472442627,1,767,0.0008322482638888889,4395,0.17451649601820252,0.3260542168674699,1128.470664928292,257.78226857887876,1123.3158953722334,263.7102615694165,0,0,0.0,0.005910706118284488,3,0.3083016574382782
TRAIN,181ec185,35,5,6,9,720,1280,1,0.890625,10.75,0.9999785423278809,1,13698,0.01486328125,13482,1.0160213618157543,0.8704645409565696,330.40181048328225,180.11782742006133,324.96457362621106,181.5330966644479,1,14502,0.8835158963398344,0.0,1,0.35853132605552673
TRAIN,181ec185,35,6,7,9,720,1280,1,0.7578125,7.53125,0.999464213848114,1,2616,0.0028385416666666667,3779,0.6922466260915586,0.6719094054734193,401.8841743119266,248.84365443425077,399.30603927380514,254.3245646535754,1,1922,0.7111613876319759,0.00872127283441367,6,0.4180273413658142
TRAIN,181ec185,35,7,8,9,720,1280,1,0.7734375,7.46875,0.9994296431541443,1,720,0.00078125,404,1.7821782178217822,0.3839458413926499,783.5986111111112,120.45972222222223,778.3895921237694,123.32911392405063,1,601,0.8046448087431693,0.005149477900157345,4,0.4064875543117523
TRAIN,181ec185,35,8,9,9,720,1280,1,2.261821987449685e-25,-2.890625,0.052618950605392456,0,0,0.0,1330,0.0,,,,,,0,0,,0.0,1,
TRAIN,181ec185,36,0,1,9,720,1280,1,0.8125,11.4375,0.9999892711639404,1,87693,0.09515299479166667,308698,0.28407375493200476,0.6734365977957975,651.2024905066539,398.2775021951581,691.5483563559284,417.9532601241528,1,94545,0.843208253261859,0.003945889499151036,2,0.3756641447544098
TRAIN,181ec185,36,1,2,9,720,1280,1,0.7734375,11.6875,0.9999916553497314,1,17850,0.019368489583333332,24959,0.7151728835289876,0.6227452405833978,442.62336134453784,305.6022408963585,417.6860341449762,323.58477469913237,1,38249,0.4232545159326162,0.003598471319379956,1,0.36508506536483765
TRAIN,181ec185,36,2,3,9,720,1280,1,0.8359375,8.0,0.9996646642684937,1,27826,0.030193142361111112,4953,5.618009287300626,0.68097106424718,938.5049953281105,298.51171566161145,941.2423187976605,302.9251869401051,1,29261,0.8663811423153628,0.0004693840469989704,2,0.3544299006462097
TRAIN,181ec185,36,3,4,9,720,1280,1,0.9296875,11.125,0.9999852180480957,1,6485,0.007036675347222222,6739,0.9623089479151209,0.8383368569415081,767.3754818812645,159.53801079414032,761.8019213174748,161.60658737419945,1,6087,0.9042714328991215,0.0,1,0.27979034185409546
TRAIN,181ec185,36,4,5,9,720,1280,1,0.004608154296875,0.0142822265625,0.5035704970359802,1,976,0.0010590277777777779,4395,0.22207053469852106,0.12306701030927836,1151.248975409836,257.57274590163934,1128.470664928292,257.78226857887876,0,0,0.0,0.0021543152591806973,3,0.31020376086235046
TRAIN,181ec185,36,5,6,9,720,1280,1,0.90234375,10.5625,0.9999741315841675,1,13752,0.014921875,13482,1.020026702269693,0.8371034667380538,336.50181791739385,178.02974112856313,330.40181048328225,180.11782742006133,1,14576,0.8970066296122682,0.0012246213341927166,7,0.30179131031036377
TRAIN,181ec185,36,6,7,9,720,1280,1,0.75,6.78125,0.9988664388656616,1,1869,0.0020279947916666667,3779,0.49457528446679017,0.6635756676557863,405.3285179240235,248.64044943820224,401.8841743119266,248.84365443425077,1,1782,0.7853300733496332,0.0,1,0.4324444532394409
TRAIN,181ec185,36,7,8,9,720,1280,1,0.7578125,7.28125,0.999312162399292,1,678,0.0007356770833333333,404,1.6782178217821782,0.4669464847848898,788.9159292035398,119.22861356932154,783.5986111111112,120.45972222222223,1,526,0.7348703170028819,0.015918306051959753,4,0.3339073657989502
TRAIN,181ec185,36,8,9,9,720,1280,1,1.44393100091654e-26,-2.65625,0.06560483574867249,0,0,0.0,1330,0.0,,,,,,0,0,,0.0,1,
TRAIN,181ec185,37,0,1,9,720,1280,1,0.79296875,11.8125,0.9999926090240479,1,102883,0.11163519965277778,308698,0.3332804229376284,0.6516817902117297,701.8896416317565,408.76856234752097,651.2024905066539,398.2775021951581,1,92818,0.6853631650562358,0.1582880908309389,2,0.3772800862789154
TRAIN,181ec185,37,1,2,9,720,1280,1,0.8046875,11.375,0.9999885559082031,1,26525,0.028781467013888888,24959,1.0627428983532994,0.5577827704837464,430.04082940622055,301.5541564561734,442.62336134453784,305.6022408963585,1,46674,0.4680612101642566,0.01955507714388231,1,0.40982604026794434
TRAIN,181ec185,37,2,3,9,720,1280,1,0.8359375,8.75,0.999841570854187,1,27871,0.03024197048611111,4953,5.627094690086816,0.8115201977493007,938.6621577984284,293.5023501130207,938.5049953281105,298.51171566161145,1,28328,0.8824613117170228,5.366174320172791e-05,2,0.36511677503585815
TRAIN,181ec185,37,3,4,9,720,1280,1,0.9296875,10.9375,0.9999822378158569,1,6470,0.007020399305555556,6739,0.9600830983825493,0.8329088851160158,773.4199381761979,156.9323029366306,767.3754818812645,159.53801079414032,1,5951,0.8905631659056317,0.00028469750889679714,8,0.2974418103694916
TRAIN,181ec185,37,4,5,9,720,1280,1,3.583409124985337e-10,-0.71484375,0.328529417514801,0,0,0.0,4395,0.0,0.0,,,1151.248975409836,257.57274590163934,0,0,,0.0,1,
TRAIN,181ec185,37,5,6,9,720,1280,1,0.91796875,10.4375,0.9999706745147705,1,13221,0.014345703125,13482,0.9806408544726302,0.8299185888738128,341.06603131381894,171.93154829438015,336.50181791739385,178.02974112856313,1,14051,0.9228654022421209,0.0,1,0.39399299025535583
TRAIN,181ec185,37,6,7,9,720,1280,1,0.6953125,4.5625,0.9896718263626099,1,810,0.00087890625,3779,0.214342418629267,0.27814885496183206,399.7851851851852,234.1641975308642,405.3285179240235,248.64044943820224,1,612,0.7257281553398058,0.006842818428184282,6,0.4121890068054199
TRAIN,181ec185,37,7,8,9,720,1280,1,0.7734375,7.40625,0.9993928670883179,1,623,0.0006759982638888889,404,1.5420792079207921,0.362303664921466,791.5601926163724,114.41733547351525,788.9159292035398,119.22861356932154,1,557,0.7960426179604262,0.007355194606190622,4,0.4308614730834961
TRAIN,181ec185,37,8,9,9,720,1280,1,7.884065213396045e-25,-2.265625,0.09401018172502518,0,0,0.0,1330,0.0,,,,,,0,0,,0.0,1,
TRAIN,181ec185,38,0,1,9,720,1280,1,0.80078125,11.625,0.9999910593032837,1,105725,0.1147189670138889,308698,0.34248683179029343,0.8326437023956988,702.1551856230788,407.4033199337905,701.8896416317565,408.76856234752097,1,89263,0.6832237012482519,0.17640217110364434,2,0.37230417132377625
TRAIN,181ec185,38,1,2,9,720,1280,1,0.77734375,11.9375,0.9999934434890747,1,24798,0.026907552083333335,24959,0.9935494210505229,0.7379364058108429,428.9198322445358,309.8582546979595,430.04082940622055,301.5541564561734,1,49026,0.44342555479519014,0.010050829746913908,1,0.4016862213611603
TRAIN,181ec185,38,2,3,9,720,1280,1,0.84765625,8.5,0.9997965693473816,1,28418,0.030835503472222223,4953,5.73753280839895,0.7136724815051603,940.1482862974171,289.71859384896896,938.6621577984284,293.5023501130207,1,30742,0.8662460567823344,0.00018698102142632522,1,0.3781110942363739
TRAIN,181ec185,38,3,4,9,720,1280,1,0.921875,11.125,0.9999852180480957,1,6547,0.007103949652777778,6739,0.9715091259830836,0.8593058134552207,778.7637085688101,155.0869100351306,773.4199381761979,156.9323029366306,1,6386,0.910904255319149,0.001984408221119773,8,0.3146647810935974
TRAIN,181ec185,38,4,5,9,720,1280,1,1.053497228147536e-20,-1.2734375,0.2186693549156189,0,0,0.0,4395,0.0,,,,,,0,0,,0.0,1,
TRAIN,181ec185,38,5,6,9,720,1280,1,0.92578125,10.75,0.9999785423278809,1,13091,0.014204644097222222,13482,0.9709983681946299,0.8674237047551455,346.7999388893133,169.84256359330837,341.06603131381894,171.93154829438015,1,14110,0.9119280241793772,0.0008018077119323566,7,0.35663866996765137
TRAIN,181ec185,38,6,7,9,720,1280,1,0.61328125,5.0625,0.9937100410461426,1,871,0.0009450954861111111,3779,0.2304842550939402,0.46940559440559443,406.6406429391504,232.1033295063146,399.7851851851852,234.1641975308642,1,639,0.6833890746934225,0.002744310575635877,6,0.4557015895843506
TRAIN,181ec185,38,7,8,9,720,1280,1,0.7890625,7.25,0.9992903470993042,1,664,0.0007204861111111111,404,1.6435643564356435,0.39891304347826084,799.1867469879518,113.57530120481928,791.5601926163724,114.41733547351525,1,522,0.7089337175792507,0.012785519321936504,4,0.3335842788219452
TRAIN,181ec185,38,8,9,9,720,1280,1,1.760989975942969e-25,-1.9296875,0.12678517401218414,0,0,0.0,1330,0.0,,,,,,0,0,,0.0,1,
TRAIN,181ec185,39,0,1,9,720,1280,1,0.7890625,11.125,0.9999852180480957,1,87581,0.09503146701388888,308698,0.2837109407900278,0.5855411013960202,628.1683926879117,381.6661262145899,702.1551856230788,407.4033199337905,1,89287,0.8425285440453371,0.003770564163181638,2,0.4178372025489807
TRAIN,181ec185,39,1,2,9,720,1280,1,0.71484375,11.375,0.9999885559082031,1,17959,0.019486762152777778,24959,0.7195400456749068,0.557178235851118,440.4689570688791,300.21805223007965,428.9198322445358,309.8582546979595,1,46590,0.27789436173582516,0.023867259847631415,1,0.38902464509010315
TRAIN,181ec185,39,2,3,9,720,1280,1,0.8515625,9.0,0.9998766183853149,1,29795,0.03232964409722222,4953,6.01554613365637,0.7176536543625152,945.3522067460983,287.01835878503107,940.1482862974171,289.71859384896896,1,31420,0.866026520347508,3.927626927810217e-05,2,0.3824082016944885
TRAIN,181ec185,39,3,4,9,720,1280,1,0.92578125,11.0,0.9999833106994629,1,6471,0.007021484375,6739,0.9602314883513875,0.8507250497583168,784.9602843455416,154.01359913460053,778.7637085688101,155.0869100351306,1,6372,0.9376885938442969,0.002150845999426441,8,0.3264477849006653
TRAIN,181ec185,39,4,5,9,720,1280,1,1.5819829215076654e-23,-1.390625,0.19930799305438995,0,0,0.0,4395,0.0,,,,,,0,0,,0.0,1,
TRAIN,181ec185,39,5,6,9,720,1280,1,0.91015625,10.75,0.9999785423278809,1,13922,0.015106336805555556,13482,1.0326361074024626,0.8378690978364404,354.68050567447204,172.67892544174688,346.7999388893133,169.84256359330837,1,14762,0.8975919555437947,0.002990629361334485,7,0.27916330099105835
TRAIN,181ec185,39,6,7,9,720,1280,1,0.60546875,6.0625,0.9976769089698792,1,1258,0.0013650173611111111,3779,0.33289229955014554,0.41180371352785144,412.56279809220985,239.21383147853737,406.6406429391504,232.1033295063146,1,1170,0.7281138790035587,0.00043714481983388496,6,0.4136156439781189
TRAIN,181ec185,39,7,8,9,720,1280,1,0.78515625,6.90625,0.9989995360374451,1,622,0.0006749131944444445,404,1.5396039603960396,0.4680365296803653,805.2315112540193,113.18327974276528,799.1867469879518,113.57530120481928,1,518,0.7729393468118196,0.005896735222206242,4,0.32403308153152466
TRAIN,181ec185,39,8,9,9,720,1280,1,2.261821987449685e-25,-1.65625,0.16026602685451508,0,0,0.0,1330,0.0,,,,,,0,0,,0.0,1,
TRAIN,181ec185,40,0,1,9,720,1280,1,0.78515625,12.6875,0.9999969005584717,1,81172,0.08807725694444445,308698,0.2629495493977933,0.7332176163674459,605.2243384418273,383.82296851130934,628.1683926879117,381.6661262145899,1,83602,0.8673602375366901,0.004685925821794241,2,0.4848160445690155
TRAIN,181ec185,40,1,2,9,720,1280,1,0.5078125,10.875,0.9999810457229614,1,9302,0.010093315972222221,24959,0.37269121359028806,0.42570995240834686,491.7588690604171,268.1234143195012,440.4689570688791,300.21805223007965,1,47471,0.18732223523506775,0.004030091348737238,7,0.3528270721435547
TRAIN,181ec185,40,2,3,9,720,1280,1,0.8359375,9.4375,0.9999203681945801,1,29196,0.0316796875,4953,5.894609327680194,0.805607419423954,943.6013837511988,285.43533360734347,945.3522067460983,287.01835878503107,1,31409,0.8501389016088164,0.0044567133402068715,5,0.3569597005844116
TRAIN,181ec185,40,3,4,9,720,1280,1,0.92578125,11.0,0.9999833106994629,1,6492,0.007044270833333333,6739,0.9633476776969877,0.8216694772344013,792.0372766481823,152.5639248305607,784.9602843455416,154.01359913460053,1,6495,0.9517583408476105,0.0002882259691598213,8,0.3009943962097168
TRAIN,181ec185,40,4,5,9,720,1280,1,0.0145263671875,-0.0279541015625,0.4930119514465332,0,0,0.0,4395,0.0,,,,,,1,1005,0.0,0.0,1,
TRAIN,181ec185,40,5,6,9,720,1280,1,0.90625,10.625,0.9999756813049316,1,13706,0.014871961805555556,13482,1.0166147455867083,0.8083518785181306,361.70874069750477,170.0504888370057,354.68050567447204,172.67892544174688,1,13994,0.9180168951668743,0.009634035949825424,7,0.3211481273174286
TRAIN,181ec185,40,6,7,9,720,1280,1,0.68359375,7.71875,0.999555766582489,1,1927,0.0020909288194444443,3779,0.5099232601217253,0.3981562774363477,424.3425012973534,242.2859366891541,412.56279809220985,239.21383147853737,1,1909,0.7841860465116279,0.0,1,0.4251679480075836
TRAIN,181ec185,40,7,8,9,720,1280,1,0.7734375,6.8125,0.9989012479782104,1,594,0.00064453125,404,1.4702970297029703,0.343646408839779,811.3367003367003,110.82491582491582,805.2315112540193,113.18327974276528,1,449,0.7182866556836903,0.009541441184847621,4,0.31883078813552856
TRAIN,181ec185,40,8,9,9,720,1280,1,4.9763185651190145e-21,-0.84375,0.3007456064224243,0,0,0.0,1330,0.0,,,,,,0,0,,0.0,1,
TRAIN,181ec185,41,0,1,9,720,1280,1,0.80859375,12.875,0.9999974966049194,1,78151,0.08479926215277778,308698,0.2531632858003615,0.762130177514793,588.318473212115,373.42341108878963,605.2243384418273,383.82296851130934,1,76157,0.8311794652711025,0.02027258114162591,2,0.3978884518146515
TRAIN,181ec185,41,1,2,9,720,1280,1,0.80859375,9.3125,0.9999097585678101,1,33363,0.036201171875,24959,1.3367122080211546,0.14294516327788045,750.4394089260558,388.5711716572251,491.7588690604171,268.1234143195012,1,41176,0.7329814935366874,0.0013898032331212055,1,0.35292306542396545
TRAIN,181ec185,41,2,3,9,720,1280,1,0.8203125,9.0,0.9998766183853149,1,30600,0.033203125,4953,6.178073894609327,0.68634197241885,937.8970261437909,278.12545751633985,943.6013837511988,285.43533360734347,1,29600,0.8386170667644005,0.0426456388799485,5,0.3674376606941223
TRAIN,181ec185,41,3,4,9,720,1280,1,0.921875,10.5,0.9999724626541138,1,6503,0.007056206597222222,6739,0.9649799673542069,0.8048611111111111,797.2740273719821,147.59449484853144,792.0372766481823,152.5639248305607,1,6240,0.932221379833207,0.0033222591362126247,8,0.2737339735031128
TRAIN,181ec185,41,4,5,9,720,1280,1,2.648448571562767e-09,-0.734375,0.3242354094982147,0,0,0.0,4395,0.0,,,,,,1,1795,0.0,0.0,1,
TRAIN,181ec185,41,5,6,9,720,1280,1,0.9375,10.625,0.9999756813049316,1,12637,0.013712022569444444,13482,0.9373238391929981,0.81575682382134,364.7318192609005,161.4749544986943,361.70874069750477,170.0504888370057,1,14334,0.8391408114558473,0.0,1,0.3159405291080475
TRAIN,181ec185,41,6,7,9,720,1280,1,0.72265625,7.53125,0.999464213848114,1,2243,0.002433810763888889,3779,0.5935432654141307,0.6930572472594397,430.87605884975477,238.4444939812751,424.3425012973534,242.2859366891541,1,1567,0.6558018252933507,0.008701472556894244,6,0.3826145827770233
TRAIN,181ec185,41,7,8,9,720,1280,1,0.7734375,6.5,0.998498797416687,1,624,0.0006770833333333334,404,1.5445544554455446,0.21073558648111332,817.1089743589744,107.07532051282051,811.3367003367003,110.82491582491582,1,443,0.661993769470405,0.009263343625937363,4,0.33498263359069824
TRAIN,181ec185,41,8,9,9,720,1280,1,4.0862722260119567e-22,-1.1484375,0.24077458679676056,0,0,0.0,1330,0.0,,,,,,0,0,,0.0,1,
TRAIN,181ec185,42,0,1,9,720,1280,1,0.8125,12.0,0.9999938011169434,1,75039,0.08142252604166667,308698,0.24308223571257345,0.734134800425638,575.7327922813471,355.8841402470715,588.318473212115,373.42341108878963,1,76941,0.8582869719386196,0.000610343167595076,2,0.3684738874435425
TRAIN,181ec185,42,1,2,9,720,1280,1,0.8359375,6.21875,0.9980121850967407,1,34842,0.03780598958333333,24959,1.3959693897992709,0.6308012337708916,795.4692325354457,412.79728488605707,750.4394089260558,388.5711716572251,1,41360,0.7154112826977623,0.005595487626055901,1,0.34754544496536255
TRAIN,181ec185,42,2,3,9,720,1280,1,0.828125,8.3125,0.9997546076774597,1,27739,0.030098741319444445,4953,5.600444175247325,0.6805127466513035,932.6950502902051,273.43628104834346,937.8970261437909,278.12545751633985,1,29576,0.838256518810738,2.8944816706948204e-05,2,0.3619074821472168
TRAIN,181ec185,42,3,4,9,720,1280,1,0.91796875,10.1875,0.999962329864502,1,6253,0.006784939236111111,6739,0.9278824751446803,0.7230852357152506,804.2793858947705,139.6256197025428,797.2740273719821,147.59449484853144,1,6472,0.9175708257986739,0.004358935818427777,8,0.23645377159118652
TRAIN,181ec185,42,4,5,9,720,1280,1,2.905726432800293e-06,-0.2294921875,0.4428774416446686,0,0,0.0,4395,0.0,,,,,,1,1620,0.0,0.0,1,
TRAIN,181ec185,42,5,6,9,720,1280,1,0.9296875,9.8125,0.9999452829360962,1,12833,0.013924696180555555,13482,0.9518617415813677,0.8020376397339748,371.3981142367334,154.84672329151405,364.7318192609005,161.4749544986943,1,14733,0.852180339985218,0.0,1,0.309966117143631
TRAIN,181ec185,42,6,7,9,720,1280,1,0.76953125,6.5,0.998498797416687,1,1396,0.0015147569444444444,3779,0.3694098967980947,0.41320388349514564,435.3724928366762,228.72421203438395,430.87605884975477,238.4444939812751,1,1238,0.811554332874828,0.0002170582226762002,1,0.38337692618370056
TRAIN,181ec185,42,7,8,9,720,1280,1,0.75390625,6.40625,0.9983515739440918,1,554,0.0006011284722222222,404,1.3712871287128714,0.11027332704995288,819.8357400722022,98.15884476534296,817.1089743589744,107.07532051282051,1,429,0.7367491166077739,0.004431736954967834,4,0.34944745898246765
TRAIN,181ec185,42,8,9,9,720,1280,1,1.5819829215076654e-23,-1.2578125,0.22135066986083984,0,0,0.0,1330,0.0,,,,,,0,0,,0.0,1,
TRAIN,181ec185,43,0,1,9,720,1280,1,0.796875,12.5,0.9999963045120239,1,73778,0.08005425347222223,308698,0.23899733720335084,0.7787034159634738,555.3047249857681,339.47293231044483,575.7327922813471,355.8841402470715,1,70613,0.8395398315773381,0.024027974084755595,2,0.42371559143066406
TRAIN,181ec185,43,1,2,9,720,1280,1,0.76953125,8.1875,0.9997219443321228,1,37988,0.04121961805555555,24959,1.52201610641452,0.6119251029170909,802.5573865431189,392.62324944719387,795.4692325354457,412.79728488605707,1,51562,0.6810587572742632,0.0006541969962222427,1,0.4089716076850891
TRAIN,181ec185,43,2,3,9,720,1280,1,0.83984375,8.75,0.999841570854187,1,27100,0.029405381944444444,4953,5.471431455683424,0.7469100407747197,923.579151291513,268.80553505535056,932.6950502902051,273.43628104834346,1,27633,0.8566776349265579,0.0,1,0.32185646891593933
TRAIN,181ec185,43,3,4,9,720,1280,1,0.91796875,10.3125,0.9999667406082153,1,6261,0.006793619791666667,6739,0.9290695948953851,0.8457227138643068,805.3509024117553,134.28653569717298,804.2793858947705,139.6256197025428,1,6355,0.9311189346395224,0.0047184170471841706,8,0.24610313773155212
TRAIN,181ec185,43,4,5,9,720,1280,1,0.7265625,1.671875,0.8418256044387817,1,1351,0.0014659288194444444,4395,0.3073947667804323,0.0,1141.9333826794966,272.6306439674315,,,1,1391,0.7531969309462916,0.0,1,0.3405972421169281
TRAIN,181ec185,43,5,6,9,720,1280,1,0.91796875,9.5625,0.999929666519165,1,12844,0.013936631944444444,13482,0.9526776442664293,0.8802724077328646,373.9284490812831,149.94752413578325,371.3981142367334,154.84672329151405,1,14541,0.868390530122126,0.0,1,0.3235745131969452
TRAIN,181ec185,43,6,7,9,720,1280,1,0.68359375,5.53125,0.9960545301437378,1,877,0.0009516059027777778,3779,0.23207197671341626,0.29368241320432553,433.0011402508552,213.95781071835805,435.3724928366762,228.72421203438395,1,593,0.6761687571265679,0.0076465590484282074,6,0.46229249238967896
TRAIN,181ec185,43,7,8,9,720,1280,1,0.734375,6.59375,0.9986329674720764,1,526,0.0005707465277777778,404,1.301980198019802,0.2616822429906542,818.8859315589353,93.11406844106465,819.8357400722022,98.15884476534296,1,340,0.600739371534196,0.004965678399298963,4,0.3286328911781311
TRAIN,181ec185,43,8,9,9,720,1280,1,4.7222086809427244e-20,-0.99609375,0.26971012353897095,0,0,0.0,1330,0.0,,,,,,0,0,,0.0,1,
TRAIN,181ec185,44,0,1,9,720,1280,1,0.8203125,12.5,0.9999963045120239,1,74220,0.08053385416666667,308698,0.240429157299367,0.8095540856126279,536.2964160603611,331.34307464295335,555.3047249857681,339.47293231044483,1,77368,0.861025855083851,0.0009086745172204902,2,0.36953771114349365
TRAIN,181ec185,44,1,2,9,720,1280,1,0.83984375,8.625,0.9998205304145813,1,40663,0.04412217881944445,24959,1.629191874674466,0.5928671243696458,783.2703932321766,359.54467206059564,802.5573865431189,392.62324944719387,1,61265,0.628216801648536,0.0007036999355648252,1,0.3103700578212738
TRAIN,181ec185,44,2,3,9,720,1280,1,0.8515625,9.375,0.9999151229858398,1,26541,0.028798828125,4953,5.358570563294973,0.7656100852506501,917.0919709129272,266.59436343770017,923.579151291513,268.80553505535056,1,26611,0.8803551844907489,0.0,1,0.3135296106338501
TRAIN,181ec185,44,3,4,9,720,1280,1,0.91796875,10.5,0.9999724626541138,1,6248,0.006779513888888889,6739,0.9271405253004897,0.8955902409455978,806.7194302176697,131.04401408450704,805.3509024117553,134.28653569717298,1,6509,0.926457263666566,0.0009215174320380894,8,0.25320756435394287
TRAIN,181ec185,44,4,5,9,720,1280,1,0.67578125,0.8125,0.6926419734954834,1,873,0.000947265625,4395,0.19863481228668942,0.3381468110709988,1150.9415807560138,276.2302405498282,1141.9333826794966,272.6306439674315,1,639,0.7007874015748031,0.0,1,0.3416740596294403
TRAIN,181ec185,44,5,6,9,720,1280,1,0.9296875,9.4375,0.9999203681945801,1,13287,0.014417317708333334,13482,0.9855362705829995,0.9066763954761036,376.75901256867616,147.71235041770151,373.9284490812831,149.94752413578325,1,13679,0.9276574451354636,0.0,1,0.27069467306137085
TRAIN,181ec185,44,6,7,9,720,1280,1,0.5234375,3.3125,0.9648551344871521,1,612,0.0006640625,3779,0.1619476051865573,0.24602510460251045,443.4575163398693,202.54248366013073,433.0011402508552,213.95781071835805,0,0,0.0,0.003722432925972749,6,0.38766443729400635
TRAIN,181ec185,44,7,8,9,720,1280,1,0.75,6.15625,0.9978843331336975,1,469,0.0005088975694444444,404,1.1608910891089108,0.310935441370224,821.2686567164179,88.53944562899787,818.8859315589353,93.11406844106465,1,269,0.5154004106776181,0.012331350645582474,4,0.3702104687690735
TRAIN,181ec185,44,8,9,9,720,1280,1,1.2304311611726287e-23,-1.3984375,0.1980641782283783,0,0,0.0,1330,0.0,,,,,,0,0,,0.0,1,
TRAIN,181ec185,45,0,1,9,720,1280,1,0.83203125,11.875,0.999993085861206,1,75595,0.08202582465277777,308698,0.24488334877453044,0.8851530747064967,529.2970831404193,327.54635888616974,536.2964160603611,331.34307464295335,1,74960,0.8826905762304922,0.0020964507579475816,2,0.34027576446533203
TRAIN,181ec185,45,1,2,9,720,1280,1,0.81640625,7.875,0.9996199607849121,1,61305,0.06652018229166666,24959,2.456228214271405,0.5968178899729082,810.3397439034336,394.3970964847892,783.2703932321766,359.54467206059564,1,67326,0.8192631355632558,0.0002255380268983773,3,0.3034152090549469
TRAIN,181ec185,45,2,3,9,720,1280,1,0.86328125,9.6875,0.999937891960144,1,22610,0.02453342013888889,4953,4.5649101554613365,0.6581539707172256,916.045422379478,266.98182220256524,917.0919709129272,266.59436343770017,1,22957,0.9033834586466165,0.00016681309149142024,2,0.37293314933776855
TRAIN,181ec185,45,3,4,9,720,1280,1,0.91796875,10.25,0.9999645948410034,1,6644,0.007209201388888889,6739,0.9859029529603799,0.9236048940614742,808.0067730282962,130.6569837447321,806.7194302176697,131.04401408450704,1,6615,0.9495662402587854,0.001007919366450684,8,0.28598880767822266
TRAIN,181ec185,45,4,5,9,720,1280,1,0.375,0.2119140625,0.5527811646461487,1,408,0.0004427083333333333,4395,0.09283276450511946,0.2534246575342466,1163.139705882353,263.25245098039215,1150.9415807560138,276.2302405498282,0,0,0.0,0.0,1,0.29106950759887695
TRAIN,181ec185,45,5,6,9,720,1280,1,0.9453125,9.625,0.9999339580535889,1,13230,0.01435546875,13482,0.9813084112149533,0.9362541073384447,376.886470143613,144.44784580498867,376.75901256867616,147.71235041770151,1,13474,0.9318527092526948,0.0,1,0.29904258251190186
TRAIN,181ec185,45,6,7,9,720,1280,1,0.2255859375,0.56640625,0.6379335522651672,1,444,0.00048177083333333335,3779,0.11749139984122783,0.3858267716535433,450.9054054054054,199.32432432432432,443.4575163398693,202.54248366013073,0,0,0.0,0.0031930179341173965,1,0.3271659314632416
TRAIN,181ec185,45,7,8,9,720,1280,1,0.75390625,6.1875,0.9979493021965027,1,420,0.0004557291666666667,404,1.0396039603960396,0.5706713780918727,815.8857142857142,84.67857142857143,821.2686567164179,88.53944562899787,1,308,0.7251184834123223,0.003280091272104963,4,0.36772260069847107
TRAIN,181ec185,45,8,9,9,720,1280,1,1.5054687148465104e-22,-1.1640625,0.23792988061904907,0,0,0.0,1330,0.0,,,,,,0,0,,0.0,1,
TRAIN,181ec185,46,0,1,9,720,1280,1,0.8203125,12.3125,0.9999954700469971,1,71976,0.07809895833333333,308698,0.2331599168119003,0.8669002859094704,530.1488273869068,322.9760892519729,529.2970831404193,327.54635888616974,1,71212,0.878491308625779,0.0029073188290427306,2,0.36883988976478577
TRAIN,181ec185,46,1,2,9,720,1280,1,0.8359375,8.25,0.9997387528419495,1,74203,0.0805154079861111,24959,2.9729957129692695,0.6811364059301532,824.8003315229843,387.9368893440966,810.3397439034336,394.3970964847892,1,72907,0.8468163101335744,0.0011668611435239206,3,0.3214718699455261
TRAIN,181ec185,46,2,3,9,720,1280,1,0.921875,10.8125,0.9999798536300659,1,17152,0.01861111111111111,4953,3.4629517464163135,0.6993760150440208,909.1728078358209,258.9108558768657,916.045422379478,266.98182220256524,1,17603,0.937398963152907,3.331260548991738e-05,2,0.4231226444244385
TRAIN,181ec185,46,3,4,9,720,1280,1,0.921875,10.125,0.9999599456787109,1,6600,0.007161458333333333,6739,0.9793737943315032,0.9222060957910014,808.055303030303,127.95727272727272,808.0067730282962,130.6569837447321,1,6549,0.954079358002675,0.0007262164124909223,8,0.2783002257347107
TRAIN,181ec185,46,4,5,9,720,1280,1,1.3322676295501878e-15,-0.890625,0.29098087549209595,0,0,0.0,4395,0.0,0.0,,,1163.139705882353,263.25245098039215,0,0,,0.0,1,
TRAIN,181ec185,46,5,6,9,720,1280,1,0.93359375,10.125,0.9999599456787109,1,12984,0.014088541666666666,13482,0.9630618602581219,0.9316188932282072,377.75277264325325,141.63732285890327,376.886470143613,144.44784580498867,1,13517,0.9381993710231844,0.0,1,0.3058375120162964
TRAIN,181ec185,46,6,7,9,720,1280,1,1.895427703857422e-05,-0.083984375,0.4790162444114685,0,0,0.0,3779,0.0,0.0,,,450.9054054054054,199.32432432432432,0,0,,0.0,1,
TRAIN,181ec185,46,7,8,9,720,1280,1,0.7421875,6.28125,0.9981324076652527,1,384,0.0004166666666666667,404,0.9504950495049505,0.4888888888888889,812.6171875,81.29166666666667,815.8857142857142,84.67857142857143,1,290,0.6439024390243903,0.004928250471082766,4,0.4064740836620331
TRAIN,181ec185,46,8,9,9,720,1280,1,4.9763185651190145e-21,-1.21875,0.22815649211406708,0,0,0.0,1330,0.0,,,,,,0,0,,0.0,1,
TRAIN,181ec185,47,0,1,9,720,1280,1,0.82421875,12.625,0.9999966621398926,1,68255,0.07406141493055556,308698,0.2211060648271126,0.8530935327853688,531.5596073547725,315.7892755109516,530.1488273869068,322.9760892519729,1,68999,0.8773628778552865,0.0009548883462697969,2,0.3690620958805084
TRAIN,181ec185,47,1,2,9,720,1280,1,0.84765625,8.4375,0.999783456325531,1,78855,0.08556315104166666,24959,3.1593813854721744,0.770398130797881,829.977896138482,382.4631412085473,824.8003315229843,387.9368893440966,1,78499,0.8520079092321454,0.0014650572903000087,3,0.2659189701080322
TRAIN,181ec185,47,2,3,9,720,1280,1,0.92578125,10.8125,0.9999798536300659,1,12330,0.01337890625,4953,2.4894003634161113,0.6734022022931093,886.8700729927008,241.84590429845903,909.1728078358209,258.9108558768657,1,12743,0.9350929999228217,0.0005948774442302396,2,0.32173657417297363
TRAIN,181ec185,47,3,4,9,720,1280,1,0.93359375,10.125,0.9999599456787109,1,6711,0.007281901041666667,6739,0.995845080872533,0.9053821929573432,809.7898971837282,125.10102816271792,808.055303030303,127.95727272727272,1,6584,0.9638109305760709,0.00042869391254644185,8,0.28464245796203613
TRAIN,181ec185,47,4,5,9,720,1280,1,9.549694368615746e-12,-0.703125,0.33111974596977234,0,0,0.0,4395,0.0,,,,,,0,0,,0.0,1,
TRAIN,181ec185,47,5,6,9,720,1280,1,0.93359375,9.875,0.9999485015869141,1,13326,0.014459635416666667,13482,0.9884290164663997,0.924511740179943,379.4243583971184,138.69428185502025,377.75277264325325,141.63732285890327,1,13799,0.9300555002134624,0.0,1,0.2634584605693817
TRAIN,181ec185,47,6,7,9,720,1280,1,0.361328125,0.73046875,0.6749081611633301,1,471,0.0005110677083333333,3779,0.12463614712887007,0.0,449.312101910828,190.60934182590233,,,0,0,0.0,0.0012683404917701998,1,0.2714233696460724
TRAIN,181ec185,47,7,8,9,720,1280,1,0.76953125,6.3125,0.9981897473335266,1,406,0.00044053819444444446,404,1.004950495049505,0.5105162523900574,816.460591133005,78.72413793103448,812.6171875,81.29166666666667,1,290,0.7058823529411765,0.004743423889607589,4,0.35644426941871643
TRAIN,181ec185,47,8,9,9,720,1280,1,9.615974620928947e-24,-1.21875,0.22815649211406708,0,0,0.0,1330,0.0,,,,,,0,0,,0.0,1,
TRAIN,181ec185,48,0,1,9,720,1280,1,0.828125,12.375,0.9999958276748657,1,67873,0.07364691840277778,308698,0.21986860945001263,0.8477074680348563,523.494467608622,310.92160358316266,531.5596073547725,315.7892755109516,1,68566,0.8741363442809852,0.00022026701256745677,6,0.3515990376472473
TRAIN,181ec185,48,1,2,9,720,1280,1,0.86328125,8.1875,0.9997219443321228,1,83669,0.09078667534722222,24959,3.352257702632317,0.82666651680847,826.7535526897656,384.5895612472959,829.977896138482,382.4631412085473,1,79129,0.8772832103321033,0.001033839594990674,3,0.2757699489593506
TRAIN,181ec185,48,2,3,9,720,1280,1,0.91796875,10.1875,0.999962329864502,1,9967,0.010814887152777777,4953,2.01231576822128,0.6806361649204794,864.1626367011137,230.11778870271897,886.8700729927008,241.84590429845903,1,10253,0.9224187107815174,1.1223974409338347e-05,2,0.29806435108184814
TRAIN,181ec185,48,3,4,9,720,1280,1,0.9296875,9.9375,0.9999517202377319,1,6677,0.007245008680555555,6739,0.9907998219320374,0.8885597404429397,810.1526134491538,121.1290998951625,809.7898971837282,125.10102816271792,1,6573,0.9491026772580171,0.001998572448251249,8,0.2593567371368408
TRAIN,181ec185,48,4,5,9,720,1280,1,7.792703114739563e-20,-1.1875,0.23370636999607086,0,0,0.0,4395,0.0,,,,,,0,0,,0.0,1,
TRAIN,181ec185,48,5,6,9,720,1280,1,0.92578125,9.4375,0.9999203681945801,1,13308,0.014440104166666667,13482,0.9870939029817535,0.9408292647380311,379.51134655846107,135.83010219416892,379.4243583971184,138.69428185502025,1,13864,0.924771552029468,0.0,1,0.2752017378807068
TRAIN,181ec185,48,6,7,9,720,1280,1,0.2734375,0.98828125,0.7287483215332031,1,288,0.0003125,3779,0.07621063773485048,0.31542461005199307,444.5798611111111,183.44097222222223,449.312101910828,190.60934182590233,0,0,0.0,0.0002827254735651682,6,0.2550991177558899
TRAIN,181ec185,48,7,8,9,720,1280,1,0.7109375,6.4375,0.9984021782875061,1,358,0.0003884548611111111,404,0.8861386138613861,0.4552380952380952,815.6759776536313,75.16480446927375,816.460591133005,78.72413793103448,1,342,0.6867469879518072,0.004492753623188406,4,0.39212313294410706
TRAIN,181ec185,48,8,9,9,720,1280,1,2.3829910224916325e-26,-1.5859375,0.169956237077713,0,0,0.0,1330,0.0,,,,,,0,0,,0.0,1,
TRAIN,181ec185,49,0,1,9,720,1280,1,0.82421875,12.875,0.9999974966049194,1,67199,0.07291558159722222,308698,0.21768524577418707,0.805461617633299,517.1334841292281,312.68289706692065,523.494467608622,310.92160358316266,1,64754,0.8750515112330013,0.0015272392535356635,2,0.3623974919319153
TRAIN,181ec185,49,1,2,9,720,1280,1,0.8828125,8.25,0.9997387528419495,1,92390,0.10024956597222222,24959,3.7016707400136224,0.7816851522020726,830.0662192878017,381.1397012663708,826.7535526897656,384.5895612472959,1,76416,0.7551962568234988,0.00033325818687942915,3,0.26832401752471924
TRAIN,181ec185,49,2,3,9,720,1280,1,0.87109375,10.1875,0.999962329864502,1,9413,0.010213758680555556,4953,1.9004643650312942,0.7176282903483117,856.0082864124083,229.909274407734,864.1626367011137,230.11778870271897,1,9667,0.9116321009918846,0.00045459843804639236,2,0.3153568506240845
TRAIN,181ec185,49,3,4,9,720,1280,1,0.9375,9.75,0.9999417066574097,1,6722,0.007293836805555555,6739,0.9974773705297522,0.9035374342946442,811.4913716155907,118.07497768521273,810.1526134491538,121.1290998951625,1,6602,0.9496634474685397,0.0002821670428893905,8,0.24372278153896332
TRAIN,181ec185,49,4,5,9,720,1280,1,8.543513119185775e-17,-1.0078125,0.26740819215774536,0,0,0.0,4395,0.0,,,,,,0,0,,0.0,1,
TRAIN,181ec185,49,5,6,9,720,1280,1,0.9296875,9.875,0.9999485015869141,1,13403,0.014543185763888888,13482,0.9941403352618305,0.9135324880005731,381.02342759083785,131.93307468477207,379.51134655846107,135.83010219416892,1,13689,0.9316934046345811,0.0,1,0.2984141707420349
TRAIN,181ec185,49,6,7,9,720,1280,1,0.4140625,0.7109375,0.6706082820892334,1,409,0.00044379340277777776,3779,0.1082296903942842,0.4024144869215292,446.22738386308066,178.33740831295844,444.5798611111111,183.44097222222223,0,0,0.0,0.0022037392478851214,6,0.24150638282299042
TRAIN,181ec185,49,7,8,9,720,1280,1,0.71875,6.125,0.9978172779083252,1,406,0.00044053819444444446,404,1.004950495049505,0.46360153256704983,815.3645320197045,72.44581280788178,815.6759776536313,75.16480446927375,1,368,0.7276785714285714,0.006029285099052541,4,0.34705692529678345
TRAIN,181ec185,49,8,9,9,720,1280,1,4.13994203059987e-27,-1.5625,0.17328819632530212,0,0,0.0,1330,0.0,,,,,,0,0,,0.0,1,
TRAIN,181ec185,50,0,1,9,720,1280,1,0.83203125,11.6875,0.9999916553497314,1,65069,0.07060438368055555,308698,0.21078529825266118,0.7719368753851512,496.5041110206089,311.8553996526764,517.1334841292281,312.68289706692065,1,60372,0.8581924837424267,0.002300798340503546,2,0.4107573926448822
TRAIN,181ec185,50,1,2,9,720,1280,1,0.8984375,7.6875,0.9995417594909668,1,98900,0.10731336805555555,24959,3.962498497535959,0.7327149702442957,829.4135793731042,358.77068756319517,830.0662192878017,381.1397012663708,1,72155,0.6714710078367762,0.0003604013733189173,3,0.2697640657424927
TRAIN,181ec185,50,2,3,9,720,1280,1,0.85546875,9.25,0.9999039173126221,1,6488,0.007039930555555555,4953,1.309913183928932,0.6655493872420656,846.4654747225647,225.42185573366214,856.0082864124083,229.909274407734,1,6576,0.8870431893687708,0.0008399404405869402,2,0.36691421270370483
TRAIN,181ec185,50,3,4,9,720,1280,1,0.9375,9.25,0.9999039173126221,1,6665,0.0072319878472222225,6739,0.9890191423059801,0.8900183538048849,813.7981995498875,114.89422355588897,811.4913716155907,118.07497768521273,1,6519,0.9373989713445996,0.0034492670307559644,8,0.2389240264892578
TRAIN,181ec185,50,4,5,9,720,1280,1,7.566995918750763e-10,-0.671875,0.3380771279335022,0,0,0.0,4395,0.0,,,,,,0,0,,0.0,1,
TRAIN,181ec185,50,5,6,9,720,1280,1,0.9375,9.3125,0.9999097585678101,1,13316,0.014448784722222222,13482,0.9876872867527073,0.8950989431874601,383.74271553018923,128.06924001201563,381.02342759083785,131.93307468477207,1,13392,0.9435307815456265,0.0,1,0.26327499747276306
TRAIN,181ec185,50,6,7,9,720,1280,1,0.0311279296875,0.05615234375,0.5140343904495239,1,349,0.0003786892361111111,3779,0.09235247419952368,0.6622807017543859,445.86819484240687,177.30372492836676,446.22738386308066,178.33740831295844,0,0,0.0,0.0038720046756282878,6,0.23868735134601593
TRAIN,181ec185,50,7,8,9,720,1280,1,0.71875,5.5625,0.9961755275726318,1,316,0.00034288194444444443,404,0.7821782178217822,0.4240631163708087,821.4462025316456,69.45886075949367,815.3645320197045,72.44581280788178,1,317,0.8137535816618912,0.0007320644216691069,4,0.3665068745613098
TRAIN,181ec185,50,8,9,9,720,1280,1,3.54136699749265e-24,-1.2421875,0.2240554392337799,0,0,0.0,1330,0.0,,,,,,0,0,,0.0,1,
TRAIN,181ec185,51,0,1,9,720,1280,1,0.828125,11.5625,0.9999904632568359,1,58586,0.06356987847222222,308698,0.18978419037376335,0.7193648410016824,477.1581947905643,299.2566824838699,496.5041110206089,311.8553996526764,1,55899,0.8474857991221275,0.0011179750318909545,2,0.3990308940410614
TRAIN,181ec185,51,1,2,9,720,1280,1,0.84765625,7.9375,0.9996429681777954,1,79918,0.08671657986111111,24959,3.201971232821828,0.6480465977899229,766.534385244876,354.53071898696163,829.4135793731042,358.77068756319517,1,81108,0.89197509105863,0.005441139456034113,1,0.30706489086151123
TRAIN,181ec185,51,2,3,9,720,1280,1,0.8203125,8.6875,0.9998313188552856,1,7034,0.007632378472222222,4953,1.420149404401373,0.7955118842119241,843.6406027864657,226.05729314756894,846.4654747225647,225.42185573366214,1,7248,0.8560103963612735,0.0003404757581260214,2,0.36256757378578186
TRAIN,181ec185,51,3,4,9,720,1280,1,0.93359375,9.125,0.9998910427093506,1,6642,0.00720703125,6739,0.9856061730227037,0.8632035844301316,816.8760915386931,111.04320987654322,813.7981995498875,114.89422355588897,1,6471,0.9490190249702735,0.0002888086642599278,8,0.2350485771894455
TRAIN,181ec185,51,4,5,9,720,1280,1,0.62109375,0.6875,0.665410578250885,1,3624,0.003932291666666666,4395,0.8245733788395905,0.0,1019.9652317880794,244.49668874172184,,,0,0,0.0,0.0,1,0.27665430307388306
TRAIN,181ec185,51,5,6,9,720,1280,1,0.94921875,8.75,0.999841570854187,1,12760,0.01384548611111111,13482,0.9464471146714137,0.876241185782127,384.7358934169279,122.18683385579938,383.74271553018923,128.06924001201563,1,12805,0.9512288200274768,0.0,1,0.30344370007514954
TRAIN,181ec185,51,6,7,9,720,1280,1,1.418811734765768e-09,-0.484375,0.3812195360660553,0,0,0.0,3779,0.0,0.0,,,445.86819484240687,177.30372492836676,0,0,,0.0,1,
TRAIN,181ec185,51,7,8,9,720,1280,1,0.75390625,5.71875,0.9967268705368042,1,346,0.00037543402777777776,404,0.8564356435643564,0.34826883910386963,825.7023121387283,65.6300578034682,821.4462025316456,69.45886075949367,1,285,0.6015228426395939,0.007686622320768662,4,0.3964310884475708
TRAIN,181ec185,51,8,9,9,720,1280,1,2.355810384551023e-21,-1.1328125,0.2436424344778061,0,0,0.0,1330,0.0,,,,,,0,0,,0.0,1,
TRAIN,181ec185,52,0,1,9,720,1280,1,0.83203125,12.0625,0.9999942779541016,1,58816,0.06381944444444444,308698,0.19052925512960886,0.7855817490494297,469.1973952665941,296.68841811751906,477.1581947905643,299.2566824838699,1,54926,0.8562545899632803,0.000900761424891979,6,0.3910248279571533
TRAIN,181ec185,52,1,2,9,720,1280,1,0.8671875,8.4375,0.999783456325531,1,82171,0.08916124131944445,24959,3.292239272406747,0.8124070533248353,766.6882233391342,347.1662752065814,766.534385244876,354.53071898696163,1,86554,0.8849217432104834,0.0018034061834289515,3,0.3297763466835022
TRAIN,181ec185,52,2,3,9,720,1280,1,0.83203125,8.875,0.9998601675033569,1,6531,0.007086588541666667,4953,1.3185947910357358,0.7745944531658817,829.8658704639412,221.08758229980094,843.6406027864657,226.05729314756894,1,6710,0.8526654540366587,0.000161169012571183,2,0.30150142312049866
TRAIN,181ec185,52,3,4,9,720,1280,1,0.9375,9.0,0.9998766183853149,1,6528,0.007083333333333333,6739,0.9686897165751596,0.902354470605229,818.546262254902,108.08792892156863,816.8760915386931,111.04320987654322,1,6229,0.9163286765810426,0.0010223455527968454,8,0.21080856025218964
TRAIN,181ec185,52,4,5,9,720,1280,1,0.56640625,1.2890625,0.7839884757995605,1,18986,0.020601128472222223,4395,4.319908987485779,0.05030891438658429,1044.4279469082483,317.5441904561256,1019.9652317880794,244.49668874172184,0,0,0.0,0.0008250120906944326,2,0.2779601514339447
TRAIN,181ec185,52,5,6,9,720,1280,1,0.953125,8.4375,0.999783456325531,1,12084,0.013111979166666666,13482,0.8963061860258122,0.883833788292387,385.86651770936777,116.96681562396557,384.7358934169279,122.18683385579938,1,12299,0.9581593318342435,0.0,1,0.25818005204200745
TRAIN,181ec185,52,6,7,9,720,1280,1,3.6845933205562065e-20,-1.3671875,0.2030746340751648,0,0,0.0,3779,0.0,,,,,,0,0,,0.0,1,
TRAIN,181ec185,52,7,8,9,720,1280,1,0.734375,5.78125,0.9969245791435242,1,341,0.00037000868055555555,404,0.844059405940594,0.4934782608695652,824.8944281524927,62.23460410557185,825.7023121387283,65.6300578034682,1,326,0.773936170212766,0.0024412572474824534,4,0.3100234270095825
TRAIN,181ec185,52,8,9,9,720,1280,1,9.098986738083304e-23,-1.2265625,0.2267836332321167,0,0,0.0,1330,0.0,,,,,,0,0,,0.0,1,
TRAIN,181ec185,53,0,1,9,720,1280,1,0.82421875,11.75,0.9999921321868896,1,57529,0.06242296006944444,308698,0.1863601319088559,0.8019266808121795,460.59658606963444,289.78358740808983,469.1973952665941,296.68841811751906,1,52154,0.8404423115645345,0.00093460421831294,2,0.3854537010192871
TRAIN,181ec185,53,1,2,9,720,1280,1,0.85546875,8.125,0.9997040629386902,1,90411,0.09810221354166666,24959,3.6223807043551424,0.757257333699891,781.3199942484874,351.7372333012576,766.6882233391342,347.1662752065814,1,93478,0.8856542247744053,0.0004350785597496193,1,0.2873811721801758
TRAIN,181ec185,53,2,3,9,720,1280,1,0.796875,9.0,0.9998766183853149,1,6612,0.007174479166666667,4953,1.3349485160508783,0.6947775628626692,821.8038415003025,220.49077434966728,829.8658704639412,221.08758229980094,1,5401,0.7588579795021962,0.0005598096647139973,2,0.2870214879512787
TRAIN,181ec185,53,3,4,9,720,1280,1,0.9375,8.9375,0.999868631362915,1,6579,0.007138671875,6739,0.976257604985903,0.8951706188548294,820.3410852713179,104.87764097887217,818.546262254902,108.08792892156863,1,6339,0.9335428828019757,0.0008658008658008658,8,0.22879578173160553
TRAIN,181ec185,53,4,5,9,720,1280,1,0.4296875,1.515625,0.8198933005332947,1,8450,0.009168836805555556,4395,1.9226393629124006,0.31739172188610393,1077.974201183432,325.91988165680476,1044.4279469082483,317.5441904561256,0,0,0.0,0.005504587155963303,2,0.3011380136013031
TRAIN,181ec185,53,5,6,9,720,1280,1,0.953125,8.5,0.9997965693473816,1,11176,0.01212673611111111,13482,0.8289571280225486,0.8208861750430562,386.7704008589835,109.03060128847531,385.86651770936777,116.96681562396557,1,11195,0.9621962985703009,0.0004107165423985846,1,0.2830953896045685
TRAIN,181ec185,53,6,7,9,720,1280,1,1.166324663699769e-22,-1.546875,0.1755380779504776,0,0,0.0,3779,0.0,,,,,,0,0,,0.0,1,
TRAIN,181ec185,53,7,8,9,720,1280,1,0.75390625,6.4375,0.9984021782875061,1,382,0.0004144965277777778,404,0.9455445544554455,0.48459958932238195,828.9502617801047,59.26701570680628,824.8944281524927,62.23460410557185,1,357,0.6422222222222222,0.004483634733223734,4,0.3594539761543274
TRAIN,181ec185,53,8,9,9,720,1280,1,4.301339185275744e-23,-1.265625,0.22000710666179657,0,0,0.0,1330,0.0,,,,,,0,0,,0.0,1,
TRAIN,181ec185,54,0,1,9,720,1280,1,0.81640625,12.0,0.9999938011169434,1,55657,0.060391710069444444,308698,0.18029595267866977,0.8336249351995852,459.22022387121115,282.17688700433007,460.59658606963444,289.78358740808983,1,51731,0.8482032218091697,0.0008858991876754906,6,0.37196576595306396
TRAIN,181ec185,54,1,2,9,720,1280,1,0.90625,9.125,0.9998910427093506,1,99046,0.10747178819444445,24959,3.9683480908690254,0.7822356847878235,793.9910748541082,349.504200068655,781.3199942484874,351.7372333012576,1,98010,0.8814543232508402,0.0013348740835192859,1,0.3033851385116577
TRAIN,181ec185,54,2,3,9,720,1280,1,0.7109375,7.6875,0.9995417594909668,1,3906,0.00423828125,4953,0.7886129618413082,0.47890888638920137,801.5378904249872,205.67357910906298,821.8038415003025,220.49077434966728,1,3953,0.8154308154308154,0.0002355435166647038,2,0.3450184762477875
TRAIN,181ec185,54,3,4,9,720,1280,1,0.94140625,8.875,0.9998601675033569,1,6627,0.007190755208333333,6739,0.983380323490132,0.8480268681780017,822.1859061415422,99.54443941451638,820.3410852713179,104.87764097887217,1,6254,0.9128304128304129,0.0037121644774414622,8,0.19332686066627502
TRAIN,181ec185,54,4,5,9,720,1280,1,0.345703125,1.5703125,0.8278281688690186,1,6023,0.006535373263888889,4395,1.3704209328782708,0.24606112785191564,1097.238585422547,351.2296197908019,1077.974201183432,325.91988165680476,0,0,0.0,0.015600136672035926,2,0.27574288845062256
TRAIN,181ec185,54,5,6,9,720,1280,1,0.95703125,8.875,0.9998601675033569,1,10924,0.011853298611111111,13482,0.8102655392375019,0.8484442957510874,389.3887770047602,103.33339436103991,386.7704008589835,109.03060128847531,1,11001,0.9532293986636972,4.788354721317755e-05,1,0.2968023717403412
TRAIN,181ec185,54,6,7,9,720,1280,1,1.3732490638087374e-25,-1.9765625,0.12168574333190918,0,0,0.0,3779,0.0,,,,,,0,0,,0.0,1,
TRAIN,181ec185,54,7,8,9,720,1280,1,0.73046875,6.125,0.9978172779083252,1,396,0.0004296875,404,0.9801980198019802,0.27960526315789475,834.4949494949495,54.638888888888886,828.9502617801047,59.26701570680628,1,403,0.8036117381489842,0.005139056831922612,4,0.3498944342136383
TRAIN,181ec185,54,8,9,9,720,1280,1,6.716706573930585e-22,-1.1484375,0.24077458679676056,0,0,0.0,1330,0.0,,,,,,0,0,,0.0,1,
TRAIN,181ec185,55,0,1,9,720,1280,1,0.7890625,12.4375,0.9999960660934448,1,50921,0.05525282118055556,308698,0.16495409753221596,0.7474094963273872,466.17397537361796,267.34712594018185,459.22022387121115,282.17688700433007,1,50666,0.8766880345827714,0.0012796008941008778,6,0.3666476309299469
TRAIN,181ec185,55,1,2,9,720,1280,1,0.8984375,8.4375,0.999783456325531,1,100356,0.10889322916666666,24959,4.020834168035578,0.7675445205783021,818.6780959783172,342.31429112359996,793.9910748541082,349.504200068655,1,99741,0.8803281461434371,0.00035769169625351067,1,0.2888941168785095
TRAIN,181ec185,55,2,3,9,720,1280,1,0.66015625,6.4375,0.9984021782875061,1,2682,0.00291015625,4953,0.5414900060569352,0.4867975626269465,775.244966442953,192.61894108873975,801.5378904249872,205.67357910906298,1,2921,0.7400621118012423,0.00017577266735022704,2,0.42540329694747925
TRAIN,181ec185,55,3,4,9,720,1280,1,0.94921875,8.75,0.999841570854187,1,6697,0.007266710069444444,6739,0.9937676213087995,0.843641898436419,825.7504852919218,94.9171270718232,822.1859061415422,99.54443941451638,1,5974,0.8844437834622249,0.01127554615926709,8,0.2223617285490036
TRAIN,181ec185,55,4,5,9,720,1280,1,0.302734375,1.2734375,0.7813306450843811,1,1394,0.0015125868055555556,4395,0.31717861205915815,0.06981104860810616,1161.1922525107605,240.8687230989957,1097.238585422547,351.2296197908019,0,0,0.0,0.0,1,0.17102423310279846
TRAIN,181ec185,55,5,6,9,720,1280,1,0.953125,8.5625,0.9998089671134949,1,10968,0.011901041666666667,13482,0.8135291499777481,0.8486742104374261,394.1833515681984,98.84299781181619,389.3887770047602,103.33339436103991,1,10896,0.9497057249866239,0.0,1,0.2698434591293335
TRAIN,181ec185,55,6,7,9,720,1280,1,0.75,2.65625,0.9343951344490051,1,563,0.0006108940972222222,3779,0.1489812119608362,0.0,526.1527531083482,183.61989342806393,,,1,242,0.42730496453900707,0.0003789918815949574,2,0.4456605613231659
TRAIN,181ec185,55,7,8,9,720,1280,1,0.734375,6.375,0.9982993006706238,1,435,0.00047200520833333334,404,1.0767326732673268,0.242152466367713,840.3908045977012,50.13103448275862,834.4949494949495,54.638888888888886,1,478,0.663023679417122,0.0,1,0.37466803193092346
TRAIN,181ec185,55,8,9,9,720,1280,1,8.083811398051921e-16,-1.1484375,0.24077458679676056,0,0,0.0,1330,0.0,,,,,,0,0,,0.0,1,
TRAIN,181ec185,56,0,1,9,720,1280,1,0.7734375,11.75,0.9999921321868896,1,53547,0.05810221354166667,308698,0.1734607933967826,0.7636492554951548,482.33168991726893,266.7692867947784,466.17397537361796,267.34712594018185,1,56261,0.8255997605945236,0.00593412540913894,2,0.339343786239624
TRAIN,181ec185,56,1,2,9,720,1280,1,0.859375,7.9375,0.9996429681777954,1,90856,0.09858506944444445,24959,3.6402099443086664,0.7305662904670969,844.4988223122303,332.0467663115259,818.6780959783172,342.31429112359996,1,102578,0.8461494411941552,0.0005849106650978365,1,0.2779424488544464
TRAIN,181ec185,56,2,3,9,720,1280,1,0.69921875,7.28125,0.999312162399292,1,3389,0.0036773003472222224,4953,0.6842317787199677,0.2873197625106022,676.5606373561523,183.08763647093537,775.244966442953,192.61894108873975,1,3570,0.6907191448007775,8.382932349735938e-05,1,0.3755963146686554
TRAIN,181ec185,56,3,4,9,720,1280,1,0.94921875,8.5625,0.9998089671134949,1,6716,0.007287326388888889,6739,0.9965870307167235,0.8587860310421286,830.3022632519356,92.20250148898154,825.7504852919218,94.9171270718232,1,6318,0.9100234466588512,0.0048828125,8,0.2223578542470932
TRAIN,181ec185,56,4,5,9,720,1280,1,0.33203125,0.859375,0.7025300860404968,1,2153,0.002336154513888889,4395,0.48987485779294654,0.4566735112936345,1156.8718067812356,232.98374361356247,1161.1922525107605,240.8687230989957,0,0,0.0,0.0,1,0.21354709565639496
TRAIN,181ec185,56,5,6,9,720,1280,1,0.95703125,7.96875,0.9996540546417236,1,11406,0.012376302083333334,13482,0.8460169114374722,0.8961016949152543,398.78818165877607,97.20953883920744,394.1833515681984,98.84299781181619,1,11497,0.9628899554336647,0.0,1,0.27708491683006287
TRAIN,181ec185,56,6,7,9,720,1280,1,0.79296875,3.96875,0.9814534187316895,1,849,0.0009212239583333334,3779,0.22466260915586134,0.5671476137624861,532.5948174322733,185.43580683156654,526.1527531083482,183.61989342806393,1,806,0.8574635241301908,0.0,1,0.5325785279273987
TRAIN,181ec185,56,7,8,9,720,1280,1,0.73046875,6.3125,0.9981897473335266,1,458,0.0004969618055555555,404,1.1336633663366336,0.3802163833075734,845.7052401746724,46.97598253275109,840.3908045977012,50.13103448275862,1,487,0.7371323529411765,0.0004429351838181013,4,0.3608778715133667
TRAIN,181ec185,56,8,9,9,720,1280,1,7.66053886991358e-15,-0.703125,0.33111974596977234,0,0,0.0,1330,0.0,,,,,,0,0,,0.0,1,
TRAIN,181ec185,57,0,1,9,720,1280,1,0.80078125,11.9375,0.9999934434890747,1,60895,0.06607530381944444,308698,0.19726399264005598,0.7392665542029514,501.198522046145,269.5844157976845,482.33168991726893,266.7692867947784,1,62053,0.8562952002778071,0.0008937376725838264,3,0.40334552526474
TRAIN,181ec185,57,1,2,9,720,1280,1,0.85546875,8.3125,0.9997546076774597,1,88864,0.09642361111111111,24959,3.560399054449297,0.779036042011067,857.6414070939863,336.1845516744689,844.4988223122303,332.0467663115259,1,93766,0.895406521784254,0.0009351620947630922,1,0.2874595522880554
TRAIN,181ec185,57,2,3,9,720,1280,1,0.67578125,6.84375,0.9989350438117981,1,3369,0.003655598958333333,4953,0.6801938219261053,0.31223300970873785,640.5197387948946,170.98753339269814,676.5606373561523,183.08763647093537,1,4059,0.5727291975439339,0.0,1,0.36383193731307983
TRAIN,181ec185,57,3,4,9,720,1280,1,0.9453125,8.25,0.9997387528419495,1,6843,0.0074251302083333335,6739,1.015432556759163,0.8224462365591397,834.7194213064446,86.91538798772469,830.3022632519356,92.20250148898154,1,6250,0.8685600114171542,0.01772566130351786,8,0.2067236304283142
TRAIN,181ec185,57,4,5,9,720,1280,1,0.412109375,0.5390625,0.6315943002700806,1,4053,0.004397786458333333,4395,0.922184300341297,0.29291666666666666,1132.6343449296817,225.0777202072539,1156.8718067812356,232.98374361356247,0,0,0.0,0.0,1,0.16464947164058685
TRAIN,181ec185,57,5,6,9,720,1280,1,0.96484375,7.65625,0.9995272159576416,1,11550,0.012532552083333334,13482,0.8566978193146417,0.8608949416342413,403.3829437229437,92.84484848484848,398.78818165877607,97.20953883920744,1,11459,0.9687687173782835,0.0,1,0.3345440924167633
TRAIN,181ec185,57,6,7,9,720,1280,1,0.8046875,4.0625,0.9830850958824158,1,1099,0.0011924913194444444,3779,0.2908176766340302,0.5230648944487881,535.4231119199272,180.65150136487716,532.5948174322733,185.43580683156654,1,876,0.7824909747292419,0.0015533980582524273,3,0.4988126754760742
TRAIN,181ec185,57,7,8,9,720,1280,1,0.71484375,5.8125,0.9970190525054932,1,436,0.0004730902777777778,404,1.0792079207920793,0.2556179775280899,848.6169724770642,40.972477064220186,845.7052401746724,46.97598253275109,1,621,0.6039453717754173,0.00014958863126402394,4,0.346510112285614
TRAIN,181ec185,57,8,9,9,720,1280,1,5.3085386753082275e-08,-0.333984375,0.41727152466773987,0,0,0.0,1330,0.0,,,,,,0,0,,0.0,1,
TRAIN,181ec185,58,0,1,9,720,1280,1,0.71484375,11.625,0.9999910593032837,1,45462,0.049329427083333335,308698,0.14727014752282166,0.6283452752771144,480.0354361884651,247.4032158725969,501.198522046145,269.5844157976845,1,62961,0.6677639168756057,0.0015321756894790602,3,0.39384913444519043
TRAIN,181ec185,58,1,2,9,720,1280,1,0.79296875,8.0,0.9996646642684937,1,100951,0.1095388454861111,24959,4.044673264153211,0.7140290043524589,829.9018335628176,320.6220245465622,857.6414070939863,336.1845516744689,1,95042,0.7285467341647117,0.10578758829124812,1,0.2252849042415619
TRAIN,181ec185,58,2,3,9,720,1280,1,0.7578125,8.25,0.9997387528419495,1,4397,0.004771050347222222,4953,0.8877448011306279,0.42783599926457067,639.6863770752786,168.5194450761883,640.5197387948946,170.98753339269814,1,3563,0.7296827466318991,0.0025749795341222,1,0.34611034393310547
TRAIN,181ec185,58,3,4,9,720,1280,1,0.953125,8.1875,0.9997219443321228,1,6705,0.007275390625,6739,0.9949547410595044,0.8044752264251465,840.5753914988815,81.86935123042505,834.7194213064446,86.91538798772469,1,6242,0.9000587026709715,0.007359066925853929,8,0.21739885210990906
TRAIN,181ec185,58,4,5,9,720,1280,1,0.50390625,0.28515625,0.5708098411560059,1,4124,0.004474826388888889,4395,0.9383390216154721,0.30915786103105986,1123.0147914645975,203.95732298739088,1132.6343449296817,225.0777202072539,0,0,0.0,0.000363159487541612,2,0.17468594014644623
TRAIN,181ec185,58,5,6,9,720,1280,1,0.95703125,7.875,0.9996199607849121,1,11847,0.012854817708333334,13482,0.878727191811304,0.8347710163111669,408.9953574744661,87.97450831434118,403.3829437229437,92.84484848484848,1,11790,0.9653280119730606,4.010427110487267e-05,1,0.2812504470348358
TRAIN,181ec185,58,6,7,9,720,1280,1,0.72265625,3.96875,0.9814534187316895,1,1052,0.0011414930555555555,3779,0.27838052394813445,0.4311377245508982,534.7699619771863,174.7671102661597,535.4231119199272,180.65150136487716,0,0,0.0,0.003915597128562106,3,0.41833046078681946
TRAIN,181ec185,58,7,8,9,720,1280,1,0.68359375,6.0,0.9975274205207825,1,450,0.00048828125,404,1.113861386138614,0.276657060518732,855.3155555555555,36.184444444444445,848.6169724770642,40.972477064220186,1,550,0.6949152542372882,0.0,1,0.37310582399368286
TRAIN,181ec185,58,8,9,9,720,1280,1,6.007030606269836e-08,-0.404296875,0.4002804160118103,0,0,0.0,1330,0.0,,,,,,0,0,,0.0,1,
TRAIN,181ec185,59,0,1,9,720,1280,1,0.78515625,12.1875,0.9999948740005493,1,64934,0.07045789930555556,308698,0.2103479776350997,0.6069988500225628,530.2130008932146,259.92934364123573,480.0354361884651,247.4032158725969,1,69344,0.8460755873901865,0.0018276762402088772,6,0.43962836265563965
TRAIN,181ec185,59,1,2,9,720,1280,1,0.77734375,7.9375,0.9996429681777954,1,79528,0.08629340277777778,24959,3.186345606795144,0.6705604665154811,888.13969922543,326.02954934111256,829.9018335628176,320.6220245465622,1,85927,0.8681548223923402,0.0030048643768611966,1,0.2968354821205139
TRAIN,181ec185,59,2,3,9,720,1280,1,0.76171875,8.6875,0.9998313188552856,1,6778,0.007354600694444445,4953,1.3684635574399353,0.5004027926960258,642.7106816169961,166.96414871643552,639.6863770752786,168.5194450761883,1,5251,0.7186740962994713,0.002013979386328634,1,0.34817278385162354
TRAIN,181ec185,59,3,4,9,720,1280,1,0.95703125,8.125,0.9997040629386902,1,6718,0.0072894965277777776,6739,0.9968838106543998,0.8136738278610999,844.149598094671,75.82881810062518,840.5753914988815,81.86935123042505,1,6378,0.9247501469723692,0.014693534844668345,8,0.20921766757965088
TRAIN,181ec185,59,4,5,9,720,1280,1,0.5078125,0.33203125,0.5822535157203674,1,6522,0.007076822916666667,4395,1.4839590443686006,0.3636480081977712,1100.0712971481141,200.5622508432996,1123.0147914645975,203.95732298739088,0,0,0.0,0.00014063784672638366,2,0.17434161901474
TRAIN,181ec185,59,5,6,9,720,1280,1,0.9609375,8.0625,0.9996849298477173,1,11781,0.012783203125,13482,0.8738317757009346,0.8420519217276058,413.16806722689074,82.49325184619302,408.9953574744661,87.97450831434118,1,11806,0.960844625488403,0.0,1,0.2965587377548218
TRAIN,181ec185,59,6,7,9,720,1280,1,0.6171875,2.8125,0.9433475732803345,1,1309,0.0014203559027777778,3779,0.346387933315692,0.19483805668016194,548.0313216195569,164.76317799847212,534.7699619771863,174.7671102661597,0,0,0.0,0.0005948081743637677,1,0.3994492292404175
TRAIN,181ec185,59,7,8,9,720,1280,1,0.6796875,5.21875,0.9946150183677673,1,446,0.00048394097222222225,404,1.103960396039604,0.22070844686648503,859.6793721973094,30.1390134529148,855.3155555555555,36.184444444444445,1,533,0.6289517470881864,0.0001465630954125751,4,0.38365402817726135
TRAIN,181ec185,59,8,9,9,720,1280,1,0.150390625,-0.00946044921875,0.4976349174976349,0,0,0.0,1330,0.0,,,,,,0,0,,0.0,1,
TRAIN,181ec185,60,0,1,9,720,1280,1,0.859375,12.125,0.9999946355819702,1,74040,0.08033854166666667,308698,0.23984606314261836,0.747023846937108,550.6752836304701,259.4539438141545,530.2130008932146,259.92934364123573,1,77576,0.8456219795737014,0.0006783674778297174,3,0.4227197468280792
TRAIN,181ec185,60,1,2,9,720,1280,1,0.84375,9.0,0.9998766183853149,1,72841,0.07903754340277777,24959,2.9184262189991586,0.7679294540813366,899.4248294229898,322.63143010117926,888.13969922543,326.02954934111256,1,76602,0.8519027968821642,0.011254311127246324,1,0.3548761308193207
TRAIN,181ec185,60,2,3,9,720,1280,1,0.80078125,8.6875,0.9998313188552856,1,8109,0.008798828125,4953,1.637189582071472,0.6153428819444444,634.2505857688988,160.36256011838697,642.7106816169961,166.96414871643552,1,7092,0.8387565017539615,0.00019844049119858057,1,0.44149717688560486
TRAIN,181ec185,60,3,4,9,720,1280,1,0.95703125,8.3125,0.9997546076774597,1,6866,0.007450086805555555,6739,1.0188455260424396,0.8346839546191248,847.5923390620449,70.6810369938829,844.149598094671,75.82881810062518,1,6370,0.8843963553530751,0.002194486353037992,8,0.20243260264396667
TRAIN,181ec185,60,4,5,9,720,1280,1,0.61328125,0.51171875,0.6252092719078064,1,10367,0.011248914930555555,4395,2.358816837315131,0.4614918656974732,1093.904601138227,211.43580592263913,1100.0712971481141,200.5622508432996,0,0,0.0,2.2997228833925513e-05,2,0.19025546312332153
TRAIN,181ec185,60,5,6,9,720,1280,1,0.9609375,7.96875,0.9996540546417236,1,11472,0.012447916666666666,13482,0.8509123275478415,0.8557861133280128,414.58960948396094,76.38615760111576,413.16806722689074,82.49325184619302,1,11207,0.9627001298139334,0.00035948593511278873,1,0.2717965841293335
TRAIN,181ec185,60,6,7,9,720,1280,1,8.940696716308594e-06,-0.48828125,0.38029852509498596,0,0,0.0,3779,0.0,0.0,,,548.0313216195569,164.76317799847212,0,0,,0.0,1,
TRAIN,181ec185,60,7,8,9,720,1280,1,0.6875,5.8125,0.9970190525054932,1,601,0.0006521267361111111,404,1.4876237623762376,0.2690909090909091,864.1896838602329,25.777038269550747,859.6793721973094,30.1390134529148,1,441,0.7251655629139073,0.007078878936723491,4,0.3766424357891083
TRAIN,181ec185,60,8,9,9,720,1280,1,0.953125,0.478515625,0.6173973083496094,1,5987,0.006496310763888889,1330,4.501503759398497,0.0,43.815266410556205,75.20978787372641,,,0,0,0.0,0.0,1,0.2936129868030548
TRAIN,181ec185,61,0,1,9,720,1280,1,0.859375,12.0,0.9999938011169434,1,86536,0.09389756944444444,308698,0.2803257552689036,0.73258523953388,575.7162105944346,259.6486202274198,550.6752836304701,259.4539438141545,1,87012,0.8773108334685489,0.004013724347769794,3,0.5030537247657776
TRAIN,181ec185,61,1,2,9,720,1280,1,0.84765625,8.8125,0.9998511075973511,1,65738,0.07133029513888889,24959,2.6338394967747107,0.7000637927227225,912.1902856795157,321.75411481943473,899.4248294229898,322.63143010117926,1,66957,0.8719229195762269,0.010672436266433766,1,0.3874761164188385
TRAIN,181ec185,61,2,3,9,720,1280,1,0.78515625,8.9375,0.999868631362915,1,6508,0.007061631944444444,4953,1.3139511407227942,0.5891498151772124,643.9088813767671,148.60448678549477,634.2505857688988,160.36256011838697,1,6518,0.8210541031734936,0.0,1,0.38956284523010254
TRAIN,181ec185,61,3,4,9,720,1280,1,0.9609375,8.0625,0.9996849298477173,1,6914,0.007502170138888889,6739,1.0259682445466687,0.779671961771923,852.8550766560602,63.99190049175586,847.5923390620449,70.6810369938829,1,6536,0.9021354829585632,0.009991787571858746,8,0.21415966749191284
TRAIN,181ec185,61,4,5,9,720,1280,1,0.7109375,0.58203125,0.641534686088562,1,11798,0.012801649305555555,4395,2.684414106939704,0.5604759222754154,1096.5127987794542,210.95965417867436,1093.904601138227,211.43580592263913,0,0,0.0,0.00010159117172717691,2,0.1964082419872284
TRAIN,181ec185,61,5,6,9,720,1280,1,0.9609375,8.1875,0.9997219443321228,1,11096,0.012039930555555555,13482,0.8230232903130099,0.8134190437926878,418.92186373467916,69.66032804614275,414.58960948396094,76.38615760111576,1,11108,0.9587155963302753,3.057948116813618e-05,1,0.2643415033817291
TRAIN,181ec185,61,6,7,9,720,1280,1,3.583409124985337e-10,-1.1953125,0.23231014609336853,0,0,0.0,3779,0.0,,,,,,0,0,,0.0,1,
TRAIN,181ec185,61,7,8,9,720,1280,1,0.6953125,5.5,0.9959298968315125,1,518,0.0005620659722222223,404,1.2821782178217822,0.18412698412698414,870.957528957529,19.27992277992278,864.1896838602329,25.777038269550747,1,465,0.7275922671353251,0.000993330495246204,4,0.4137212038040161
TRAIN,181ec185,61,8,9,9,720,1280,1,0.9375,0.375,0.5926666259765625,1,7519,0.008158637152777778,1330,5.6533834586466165,0.6948174174927846,50.25947599414816,68.9695438223168,43.815266410556205,75.20978787372641,0,0,0.0,0.0,1,0.3487778604030609
TRAIN,181ec185,62,0,1,9,720,1280,1,0.875,12.0625,0.9999942779541016,1,94129,0.10213650173611111,308698,0.30492261044775154,0.752276849364228,592.3629168481552,250.70951566467295,575.7162105944346,259.6486202274198,1,92900,0.8807091285722904,0.0020235976534177047,2,0.49834293127059937
TRAIN,181ec185,62,1,2,9,720,1280,1,0.8359375,9.0625,0.9998840093612671,1,57298,0.062172309027777775,24959,2.2956849232741696,0.6661610963653106,916.5072079304688,313.41334776082937,912.1902856795157,321.75411481943473,1,57888,0.8578087450202416,0.01460455564862601,1,0.38834142684936523
TRAIN,181ec185,62,2,3,9,720,1280,1,0.8203125,7.84375,0.9996079802513123,1,5257,0.0057042100694444445,4953,1.061376943266707,0.5684575389948007,649.2493817766787,138.01198402130493,643.9088813767671,148.60448678549477,1,5230,0.8939859129492504,7.131940906775344e-05,1,0.4210345149040222
TRAIN,181ec185,62,3,4,9,720,1280,1,0.95703125,7.78125,0.9995827078819275,1,6845,0.007427300347222222,6739,1.0157293366968394,0.799503008108815,857.9986851716582,57.88327246165084,852.8550766560602,63.99190049175586,1,6588,0.9283663508469711,0.004497751124437781,8,0.24432510137557983
TRAIN,181ec185,62,4,5,9,720,1280,1,0.65234375,0.80859375,0.6918097138404846,1,12723,0.013805338541666667,4395,2.8948805460750853,0.5952768199856874,1096.0064450208283,205.31195472765856,1096.5127987794542,210.95965417867436,0,0,0.0,0.0,1,0.183755561709404
TRAIN,181ec185,62,5,6,9,720,1280,1,0.9609375,7.59375,0.9994966983795166,1,10995,0.011930338541666667,13482,0.8155318202047174,0.8040832993058391,424.56452933151434,63.35579809004093,418.92186373467916,69.66032804614275,1,10815,0.9516778523489933,0.0,1,0.2997925281524658
TRAIN,181ec185,62,6,7,9,720,1280,1,2.261821987449685e-25,-2.796875,0.05749328061938286,0,0,0.0,3779,0.0,,,,,,0,0,,0.0,1,
TRAIN,181ec185,62,7,8,9,720,1280,1,0.6796875,4.75,0.9914224743843079,1,490,0.0005316840277777777,404,1.2128712871287128,0.22330097087378642,873.0183673469388,12.779591836734694,870.957528957529,19.27992277992278,1,525,0.7291311754684838,0.0015565303523418707,4,0.41124558448791504
TRAIN,181ec185,62,8,9,9,720,1280,1,0.94140625,0.44140625,0.6085940003395081,1,9395,0.010194227430555555,1330,7.06390977443609,0.7392287917737789,56.20553485896754,65.19254922831293,50.25947599414816,68.9695438223168,0,0,0.0,0.0,1,0.3398435711860657
TRAIN,181ec185,63,0,1,9,720,1280,1,0.8359375,11.9375,0.9999934434890747,1,99060,0.10748697916666666,308698,0.3208961509306831,0.7518839265472682,618.6205733898647,241.25871189178275,592.3629168481552,250.70951566467295,1,100506,0.8934514886430482,0.004247601138917229,2,0.44607478380203247
TRAIN,181ec185,63,1,2,9,720,1280,1,0.78515625,9.5625,0.999929666519165,1,59179,0.06421332465277778,24959,2.3710485195720983,0.6225587161842142,921.1472481792528,312.5759644468477,916.5072079304688,313.41334776082937,1,51544,0.7918662610046608,0.04202420959900813,1,0.43816182017326355
TRAIN,181ec185,63,2,3,9,720,1280,1,0.76953125,9.3125,0.9999097585678101,1,4508,0.004891493055555555,4953,0.9101554613365637,0.5174825174825175,661.2892635314995,127.92768411712511,649.2493817766787,138.01198402130493,1,4450,0.8492981007431875,7.61861226977506e-05,1,0.4108400046825409
TRAIN,181ec185,63,3,4,9,720,1280,1,0.95703125,7.4375,0.9994115829467773,1,7014,0.007610677083333333,6739,1.0408072414304792,0.7693093323120133,863.3932135728543,50.67108639863131,857.9986851716582,57.88327246165084,1,6815,0.9268496586317403,0.002429477662302605,8,0.24087966978549957
TRAIN,181ec185,63,4,5,9,720,1280,1,0.6640625,0.59765625,0.6451199054718018,1,8477,0.009198133680555555,4395,1.928782707622298,0.31570781356668526,1120.6653297157013,180.6017459006724,1096.0064450208283,205.31195472765856,0,0,0.0,0.0,1,0.17063987255096436
TRAIN,181ec185,63,5,6,9,720,1280,1,0.9609375,6.9375,0.9990302324295044,1,10695,0.011604817708333333,13482,0.7932799287939475,0.7778688524590164,429.7129499766246,55.38017765310893,424.56452933151434,63.35579809004093,1,10686,0.9396715957543319,0.00011691909198834406,1,0.2740618884563446
TRAIN,181ec185,63,6,7,9,720,1280,1,1.0662875083691372e-25,-2.953125,0.04958902671933174,0,0,0.0,3779,0.0,,,,,,0,0,,0.0,1,
TRAIN,181ec185,63,7,8,9,720,1280,1,0.67578125,4.3125,0.9867772459983826,1,403,0.0004372829861111111,404,0.9975247524752475,0.12610340479192939,878.7320099255583,6.285359801488834,873.0183673469388,12.779591836734694,1,413,0.825503355704698,0.0027785495971103086,4,0.5509917140007019
TRAIN,181ec185,63,8,9,9,720,1280,1,0.90234375,0.57421875,0.6397360563278198,1,10733,0.011646050347222223,1330,8.069924812030076,0.7507175784987388,64.49380415540855,58.8031305320041,56.20553485896754,65.19254922831293,0,0,0.0,0.0,1,0.32206448912620544
TRAIN,181ec185,64,0,1,9,720,1280,1,0.859375,11.625,0.9999910593032837,1,106387,0.11543728298611111,308698,0.34463132252233575,0.7884396082698586,631.2873565379228,235.62451239343153,618.6205733898647,241.25871189178275,1,103901,0.8817549731098603,0.0021047835990888383,3,0.3809414505958557
TRAIN,181ec185,64,1,2,9,720,1280,1,0.83984375,9.9375,0.9999517202377319,1,49519,0.053731553819444444,24959,1.9840137826034696,0.5659602668088111,955.9284113168683,298.9053494618227,921.1472481792528,312.5759644468477,1,48138,0.8353474036347235,0.00434022663445865,1,0.34157297015190125
TRAIN,181ec185,64,2,3,9,720,1280,1,0.82421875,8.375,0.9997695088386536,1,3263,0.0035405815972222223,4953,0.6587926509186351,0.4955735180908391,666.1578302175911,120.07018081520073,661.2892635314995,127.92768411712511,1,3594,0.8853450646136926,7.465750867893539e-05,1,0.3426872491836548
TRAIN,181ec185,64,3,4,9,720,1280,1,0.9453125,7.6875,0.9995417594909668,1,6947,0.007537977430555555,6739,1.0308651135183262,0.7699036511156186,869.5729091694257,44.309342162084356,863.3932135728543,50.67108639863131,1,6441,0.8998155243365972,0.00556250869141983,8,0.28116855025291443
TRAIN,181ec185,64,4,5,9,720,1280,1,0.6953125,0.69921875,0.6680145263671875,1,8578,0.009307725694444444,4395,1.9517633674630261,0.43887623386484437,1132.9443926323152,165.3082303567265,1120.6653297157013,180.6017459006724,0,0,0.0,1.7632019747862118e-05,2,0.17676955461502075
TRAIN,181ec185,64,5,6,9,720,1280,1,0.96484375,6.71875,0.998793363571167,1,10608,0.011510416666666667,13482,0.7868268802848242,0.8070234964797692,437.52139894419304,50.207767722473605,429.7129499766246,55.38017765310893,1,10570,0.9569395675475882,0.0,1,0.310746967792511
TRAIN,181ec185,64,6,7,9,720,1280,1,3.017554874593445e-21,-2.046875,0.11436853557825089,0,0,0.0,3779,0.0,,,,,,0,0,,0.0,1,
TRAIN,181ec185,64,7,8,9,720,1280,1,0.71875,4.28125,0.9863631129264832,1,337,0.0003656684027777778,404,0.8341584158415841,0.17274167987321712,893.7240356083086,5.091988130563799,878.7320099255583,6.285359801488834,1,284,0.6738544474393531,0.007281914103135681,4,0.5677545070648193
TRAIN,181ec185,64,8,9,9,720,1280,1,0.875,0.5859375,0.642432451248169,1,11549,0.01253146701388889,1330,8.683458646616542,0.646128841607565,77.19283054809941,47.95947701099662,64.49380415540855,58.8031305320041,0,0,0.0,0.0,1,0.2711237668991089
TRAIN,181ec185,65,0,1,9,720,1280,1,0.86328125,11.25,0.999987006187439,1,107341,0.11647243923611111,308698,0.34772172155310366,0.8364194083328321,645.5958021631996,233.11699164345404,631.2873565379228,235.62451239343153,1,103721,0.8905589394482264,0.006360290137490527,3,0.3573300838470459
TRAIN,181ec185,65,1,2,9,720,1280,1,0.80859375,9.4375,0.9999203681945801,1,45389,0.04925021701388889,24959,1.8185424095516647,0.7481028512488028,964.9443477494547,298.25061138161226,955.9284113168683,298.9053494618227,1,43151,0.8339236521054703,0.003405022745013593,1,0.3006114959716797
TRAIN,181ec185,65,2,3,9,720,1280,1,0.86328125,8.5,0.9997965693473816,1,3610,0.003917100694444444,4953,0.7288512012921462,0.5738493244790474,676.9329639889197,116.85180055401662,666.1578302175911,120.07018081520073,1,4208,0.7964154411764706,0.0001677336389812977,1,0.40234434604644775
TRAIN,181ec185,65,3,4,9,720,1280,1,0.94921875,7.5625,0.999480664730072,1,6792,0.007369791666666667,6739,1.0078646683484196,0.8170876868139135,874.1987632508834,39.50191401648999,869.5729091694257,44.309342162084356,1,6304,0.9148998391577716,0.0058368597694440395,8,0.23231762647628784
TRAIN,181ec185,65,4,5,9,720,1280,1,0.65234375,1.1171875,0.7534666657447815,1,8064,0.00875,4395,1.8348122866894199,0.5311436194682123,1143.962921626984,161.44990079365078,1132.9443926323152,165.3082303567265,0,0,0.0,0.0,1,0.18224339187145233
TRAIN,181ec185,65,5,6,9,720,1280,1,0.9609375,6.625,0.9986749291419983,1,11963,0.012980685763888888,13482,0.887331256490135,0.8202419354838709,443.47195519518516,52.577530719719135,437.52139894419304,50.207767722473605,1,12200,0.9569936016846198,0.00019020940326122668,1,0.2459956854581833
TRAIN,181ec185,65,6,7,9,720,1280,1,2.1175823681357508e-19,-1.8203125,0.13939638435840607,0,0,0.0,3779,0.0,,,,,,0,0,,0.0,1,
TRAIN,181ec185,65,7,8,9,720,1280,1,0.51953125,2.515625,0.9252299070358276,1,106,0.0001150173611111111,404,0.2623762376237624,0.07785888077858881,909.2452830188679,4.367924528301887,893.7240356083086,5.091988130563799,1,101,0.7107438016528925,0.0017190185966557275,4,0.3753923773765564
TRAIN,181ec185,65,8,9,9,720,1280,1,0.859375,0.8203125,0.6943026781082153,1,12496,0.013559027777777777,1330,9.395488721804512,0.8200741806070698,83.35955505761844,45.50208066581306,77.19283054809941,47.95947701099662,0,0,0.0,0.0,1,0.2599026560783386
TRAIN,181ec185,66,0,1,9,720,1280,1,0.87109375,11.5,0.9999898672103882,1,112827,0.12242513020833333,308698,0.3654931356860103,0.7690428745902166,622.460652148865,236.7737952794987,645.5958021631996,233.11699164345404,1,105999,0.8785282604216743,0.002084999803301905,2,0.32735076546669006
TRAIN,181ec185,66,1,2,9,720,1280,1,0.796875,10.75,0.9999785423278809,1,44964,0.0487890625,24959,1.8015144837533554,0.6855645101111857,943.387376567921,295.86357975269107,964.9443477494547,298.25061138161226,1,40009,0.8171378469697618,0.0015657446907322511,1,0.3724498152732849
TRAIN,181ec185,66,2,3,9,720,1280,1,0.8203125,7.75,0.9995694756507874,1,3622,0.003930121527777778,4953,0.7312739753684635,0.42953152796995453,658.2404748757592,122.70127001656543,676.9329639889197,116.85180055401662,1,3586,0.8913670952505904,0.0009770440309001588,1,0.4093046486377716
TRAIN,181ec185,66,3,4,9,720,1280,1,0.9609375,7.59375,0.9994966983795166,1,7079,0.0076812065972222225,6739,1.0504525894049561,0.6756462913747282,857.8570419550784,41.31826529170787,874.1987632508834,39.50191401648999,1,6720,0.916261630329121,0.003751563151313047,8,0.2688320577144623
TRAIN,181ec185,66,4,5,9,720,1280,1,0.7578125,1.0546875,0.7416740655899048,1,8206,0.008904079861111112,4395,1.8671217292377702,0.40294903854445113,1122.2349500365585,161.2978308554716,1143.962921626984,161.44990079365078,0,0,0.0,0.0,1,0.18267816305160522
TRAIN,181ec185,66,5,6,9,720,1280,1,0.9609375,7.0625,0.9991440773010254,1,10369,0.011251085069444444,13482,0.7690995401275775,0.6552030833086273,427.0126338123252,48.036358375928245,443.47195519518516,52.577530719719135,1,10292,0.9554230550823396,0.0001375137513751375,1,0.2561867833137512
TRAIN,181ec185,66,6,7,9,720,1280,1,1.2197274440461925e-18,-1.609375,0.16667540371418,0,0,0.0,3779,0.0,,,,,,0,0,,0.0,1,
TRAIN,181ec185,66,7,8,9,720,1280,1,0.58984375,2.90625,0.9481545686721802,1,184,0.0001996527777777778,404,0.45544554455445546,0.017543859649122806,894.429347826087,6.918478260869565,909.2452830188679,4.367924528301887,1,145,0.5592417061611374,0.007001166861143524,4,0.40241438150405884
TRAIN,181ec185,66,8,9,9,720,1280,1,0.89453125,0.96484375,0.724090576171875,1,13330,0.014463975694444445,1330,10.022556390977444,0.8424769922237283,76.79137284321081,49.34328582145536,83.35955505761844,45.50208066581306,0,0,0.0,0.0,1,0.26989442110061646
TRAIN,181ec185,67,0,1,9,720,1280,1,0.86328125,11.625,0.9999910593032837,1,113217,0.12284830729166667,308698,0.36675650635896573,0.6953978159126365,594.5293551321798,252.22333218509587,622.460652148865,236.7737952794987,1,107026,0.8669565733370631,0.003232758620689655,3,0.330581396818161
TRAIN,181ec185,67,1,2,9,720,1280,1,0.77734375,10.5,0.9999724626541138,1,39494,0.04285373263888889,24959,1.5823550623021756,0.47144499808355694,908.307185901656,318.99037828530913,943.387376567921,295.86357975269107,1,38367,0.833274469638106,0.0036922613216788486,1,0.38403740525245667
TRAIN,181ec185,67,2,3,9,720,1280,1,0.77734375,8.0625,0.9996849298477173,1,3262,0.0035394965277777777,4953,0.6585907530789421,0.03456567478208596,611.3034947884734,132.08828939301043,658.2404748757592,122.70127001656543,1,3158,0.7455138662316476,0.0013710197299726704,1,0.36833032965660095
TRAIN,181ec185,67,3,4,9,720,1280,1,0.94921875,7.5,0.9994471669197083,1,7371,0.007998046875,6739,1.0937824603056834,0.47373788883222845,834.9595712929046,57.56898656898657,857.8570419550784,41.31826529170787,1,6744,0.9028039902938797,0.010991853097116255,8,0.20758427679538727
TRAIN,181ec185,67,4,5,9,720,1280,1,0.78515625,0.80078125,0.6901415586471558,1,8596,0.009327256944444445,4395,1.955858930602958,0.2567880918542898,1098.2893206142392,178.05211726384366,1122.2349500365585,161.2978308554716,0,0,0.0,0.0,1,0.1741980016231537
TRAIN,181ec185,67,5,6,9,720,1280,1,0.96484375,6.9375,0.9990302324295044,1,10241,0.011112196180555556,13482,0.7596053997923157,0.45212428662016485,400.28532369885755,66.33072942095498,427.0126338123252,48.036358375928245,1,10328,0.9554140127388535,0.00011087041806676105,1,0.309849351644516
TRAIN,181ec185,67,6,7,9,720,1280,1,1.7139067942650854e-15,-1.2421875,0.2240554392337799,0,0,0.0,3779,0.0,,,,,,0,0,,0.0,1,
TRAIN,181ec185,67,7,8,9,720,1280,1,0.578125,4.90625,0.9926542043685913,1,457,0.0004958767361111111,404,1.131188118811881,0.0,855.363238512035,18.133479212253828,894.429347826087,6.918478260869565,1,447,0.5804195804195804,0.009957924263674615,4,0.38917988538742065
TRAIN,181ec185,67,8,9,9,720,1280,1,0.8984375,1.0625,0.7431679368019104,1,12323,0.013371310763888889,1330,9.265413533834586,0.6044155356807805,71.17998863913009,65.10322161811247,76.79137284321081,49.34328582145536,0,0,0.0,0.0,1,0.24382200837135315
TRAIN,181ec185,68,0,1,9,720,1280,1,0.86328125,11.4375,0.9999892711639404,1,113798,0.1234787326388889,308698,0.36863860472047116,0.6609719336240452,575.7856464964235,281.37879400340955,594.5293551321798,252.22333218509587,1,107357,0.8847206006425716,0.0022764335873797716,2,0.3667558431625366
TRAIN,181ec185,68,1,2,9,720,1280,1,0.80859375,11.25,0.999987006187439,1,35386,0.03839626736111111,24959,1.4177651348211067,0.4668259907148034,885.4819702707285,345.4856157802521,908.307185901656,318.99037828530913,1,36779,0.8669960934468217,0.000217220696227367,1,0.4037496745586395
TRAIN,181ec185,68,2,3,9,720,1280,1,0.75390625,7.09375,0.9991704225540161,1,2381,0.0025835503472222223,4953,0.4807187563093075,0.0,585.469970600588,160.947501049979,611.3034947884734,132.08828939301043,1,2001,0.6931993817619784,0.0003281617472789922,1,0.3592001795768738
TRAIN,181ec185,68,3,4,9,720,1280,1,0.953125,7.53125,0.999464213848114,1,7498,0.008135850694444445,6739,1.1126279863481228,0.34475897621416296,813.3434249133102,85.95892237930114,834.9595712929046,57.56898656898657,1,6467,0.8333989759747932,0.06451207243460765,8,0.25632429122924805
TRAIN,181ec185,68,4,5,9,720,1280,1,0.75390625,0.91015625,0.7130321860313416,1,14422,0.015648871527777778,4395,3.2814562002275314,0.10239463601532567,1035.2776313964775,218.2264595756483,1098.2893206142392,178.05211726384366,0,0,0.0,0.004275935115626778,2,0.1741626262664795
TRAIN,181ec185,68,5,6,9,720,1280,1,0.9609375,7.0,0.9990890026092529,1,10407,0.011292317708333333,13482,0.7719181130396083,0.3817841129625912,378.8163735946959,94.65686557125012,400.28532369885755,66.33072942095498,1,10679,0.9636803874092009,0.0,1,0.2897694706916809
TRAIN,181ec185,68,6,7,9,720,1280,1,5.44811591673966e-18,-1.359375,0.20434190332889557,0,0,0.0,3779,0.0,,,,,,0,0,,0.0,1,
TRAIN,181ec185,68,7,8,9,720,1280,1,0.53125,4.59375,0.9899863600730896,1,557,0.0006043836805555556,404,1.3787128712871286,0.0,829.7289048473967,42.423698384201074,855.363238512035,18.133479212253828,1,967,0.33801580333625986,0.005439450329229888,4,0.4112386405467987
TRAIN,181ec185,68,8,9,9,720,1280,1,0.8984375,0.9296875,0.7170118689537048,1,10841,0.011763237847222222,1330,8.151127819548872,0.41157830591102984,67.12194447006733,93.76819481597639,71.17998863913009,65.10322161811247,0,0,0.0,0.0,1,0.26581132411956787
TRAIN,181ec185,69,0,1,9,720,1280,1,0.8671875,11.25,0.999987006187439,1,113863,0.12354926215277778,308698,0.36884916649929705,0.6733012384697366,556.3693912860192,307.7051368750165,575.7856464964235,281.37879400340955,1,110035,0.8957216761072587,0.0022414753471266835,2,0.3763010501861572
TRAIN,181ec185,69,1,2,9,720,1280,1,0.78515625,10.9375,0.9999822378158569,1,36285,0.03937174479166667,24959,1.4537842060980006,0.4237668606845587,870.5519636213311,364.84415047540307,885.4819702707285,345.4856157802521,1,35480,0.8223254869099312,0.0018761212220807144,1,0.3885762691497803
TRAIN,181ec185,69,2,3,9,720,1280,1,0.72265625,6.40625,0.9983515739440918,1,1940,0.002105034722222222,4953,0.39168180900464367,0.0,556.6798969072165,188.99948453608246,585.469970600588,160.947501049979,1,1493,0.6648884578079535,0.0023632408625829148,1,0.4130104184150696
TRAIN,181ec185,69,3,4,9,720,1280,1,0.94140625,7.875,0.9996199607849121,1,7220,0.007834201388888889,6739,1.0713755750111293,0.37256364823277066,792.335595567867,112.58670360110803,813.3434249133102,85.95892237930114,1,6460,0.8675767918088737,0.041687914329423766,8,0.25224068760871887
TRAIN,181ec185,69,4,5,9,720,1280,1,0.71875,1.0,0.7310585379600525,1,10662,0.011569010416666666,4395,2.425938566552901,0.23196306664702127,1036.116019508535,232.94991558806979,1035.2776313964775,218.2264595756483,0,0,0.0,2.1672698901194166e-05,2,0.17669615149497986
TRAIN,181ec185,69,5,6,9,720,1280,1,0.9609375,7.09375,0.9991704225540161,1,10359,0.011240234375,13482,0.7683578104138852,0.4052920078500372,358.20291533931845,121.59426585577758,378.8163735946959,94.65686557125012,1,10306,0.9398291561062612,4.153203365756008e-05,1,0.2784614861011505
TRAIN,181ec185,69,6,7,9,720,1280,1,4.6629367034256575e-15,-1.03125,0.2628418207168579,0,0,0.0,3779,0.0,,,,,,0,0,,0.0,1,
TRAIN,181ec185,69,7,8,9,720,1280,1,0.71484375,6.625,0.9986749291419983,1,564,0.0006119791666666667,404,1.396039603960396,0.0,811.5939716312057,70.58333333333333,829.7289048473967,42.423698384201074,1,951,0.44148430066603234,0.003285244965004999,4,0.4242844581604004
TRAIN,181ec185,69,8,9,9,720,1280,1,0.90625,0.9140625,0.7138307690620422,1,9920,0.010763888888888889,1330,7.458646616541353,0.39607289355120706,62.36703629032258,122.63840725806452,67.12194447006733,93.76819481597639,0,0,0.0,0.0,1,0.24898897111415863
TRAIN,181ec185,70,0,1,9,720,1280,1,0.875,10.8125,0.9999798536300659,1,112748,0.12233940972222222,308698,0.36523722213943727,0.6861313868613139,539.4207081278604,332.76208003689646,556.3693912860192,307.7051368750165,1,111047,0.8972913399177652,0.0011218793506616385,2,0.3235563337802887
TRAIN,181ec185,70,1,2,9,720,1280,1,0.8046875,10.375,0.9999687671661377,1,35917,0.038972439236111114,24959,1.439040025642053,0.45354619209630986,846.3620848066375,388.4787148147117,870.5519636213311,364.84415047540307,1,35384,0.8329777115092933,0.002975540511028609,1,0.3766036927700043
TRAIN,181ec185,70,2,3,9,720,1280,1,0.64453125,4.65625,0.9905874133110046,1,1727,0.0018739149305555555,4953,0.3486775691500101,0.0,527.0214244354372,212.72958888245512,556.6798969072165,188.99948453608246,1,951,0.5250569476082004,0.002613798008534851,1,0.35671547055244446
TRAIN,181ec185,70,3,4,9,720,1280,1,0.94140625,7.8125,0.999595582485199,1,7184,0.007795138888888889,6739,1.0660335361329574,0.3899449966225996,774.2298162583519,138.2803452115813,792.335595567867,112.58670360110803,1,6428,0.8902930148590473,0.01731266149870801,8,0.23841038346290588
TRAIN,181ec185,70,4,5,9,720,1280,1,0.78125,1.1640625,0.7620701193809509,1,13181,0.014302300347222222,4395,2.999089874857793,0.14525193333013112,991.0738942417115,262.77179273196265,1036.116019508535,232.94991558806979,0,0,0.0,0.0026633082830952184,2,0.1980501413345337
TRAIN,181ec185,70,5,6,9,720,1280,1,0.96484375,7.125,0.9991958737373352,1,10456,0.011345486111111112,13482,0.7755525886367007,0.45457721872816215,341.70533664881407,146.4602142310635,358.20291533931845,121.59426585577758,1,10445,0.9621667292527225,3.292208166322357e-05,1,0.2635878324508667
TRAIN,181ec185,70,6,7,9,720,1280,1,2.9976945370435715e-09,-0.33203125,0.4177464544773102,0,0,0.0,3779,0.0,,,,,,0,0,,0.0,1,
TRAIN,181ec185,70,7,8,9,720,1280,1,0.66796875,6.8125,0.9989012479782104,1,537,0.0005826822916666667,404,1.3292079207920793,0.0,794.657355679702,96.35195530726257,811.5939716312057,70.58333333333333,1,690,0.5997392438070405,0.004615606519544209,4,0.4555332064628601
TRAIN,181ec185,70,8,9,9,720,1280,1,0.8828125,0.93359375,0.7178037762641907,1,9414,0.01021484375,1330,7.078195488721804,0.42570606887397683,57.68419375398343,148.78776290630975,62.36703629032258,122.63840725806452,0,0,0.0,0.0,1,0.2232256531715393
TRAIN,181ec185,71,0,1,9,720,1280,1,0.8671875,10.875,0.9999810457229614,1,115742,0.1255881076388889,308698,0.37493602161335676,0.6797770981591484,525.3186483731057,360.9650947797688,539.4207081278604,332.76208003689646,1,110239,0.8828455020371435,0.0006426404812091924,2,0.35048744082450867
TRAIN,181ec185,71,1,2,9,720,1280,1,0.7734375,10.375,0.9999687671661377,1,39976,0.04337673611111111,24959,1.6016667334428463,0.4948689160708306,842.8866820092055,412.9216529917951,846.3620848066375,388.4787148147117,1,39966,0.8091337014574093,0.0021883151974487446,1,0.3297288417816162
TRAIN,181ec185,71,2,3,9,720,1280,1,0.3125,0.005859375,0.50146484375,1,451,0.0004893663194444444,4953,0.09105592570159499,0.0,486.0376940133038,231.1042128603104,527.0214244354372,212.72958888245512,0,0,0.0,0.0016560036920738052,1,0.24846377968788147
TRAIN,181ec185,71,3,4,9,720,1280,1,0.921875,7.875,0.9996199607849121,1,7582,0.008226996527777778,6739,1.1250927437305238,0.3930188679245283,763.1548404115009,165.71946715906094,774.2298162583519,138.2803452115813,1,6679,0.8008586942795808,0.0408903338752032,8,0.2240060716867447
TRAIN,181ec185,71,4,5,9,720,1280,1,0.68359375,1.4765625,0.8140527606010437,1,11080,0.012022569444444445,4395,2.521046643913538,0.2179828304633767,978.8963898916968,285.74855595667873,991.0738942417115,262.77179273196265,0,0,0.0,0.013863509970604593,2,0.18285515904426575
TRAIN,181ec185,71,5,6,9,720,1280,1,0.96484375,6.3125,0.9981897473335266,1,10414,0.011299913194444445,13482,0.772437323839193,0.45862454570869443,330.7510082581141,173.65411945458038,341.70533664881407,146.4602142310635,1,10381,0.9573606927710844,0.0003814040644407041,1,0.2796231806278229
TRAIN,181ec185,71,6,7,9,720,1280,1,5.617039278149605e-09,-0.55859375,0.3638729155063629,0,0,0.0,3779,0.0,,,,,,0,0,,0.0,1,
TRAIN,181ec185,71,7,8,9,720,1280,1,0.71875,6.875,0.9989677667617798,1,545,0.0005913628472222222,404,1.349009900990099,0.0,783.0,124.03853211009174,794.657355679702,96.35195530726257,1,742,0.5849753694581281,0.0015250242617496188,4,0.43320783972740173
TRAIN,181ec185,71,8,9,9,720,1280,1,0.8828125,0.94921875,0.7209580540657043,1,9344,0.010138888888888888,1330,7.025563909774436,0.41388407326449084,56.870826198630134,175.88366866438355,57.68419375398343,148.78776290630975,0,0,0.0,0.0,1,0.22848699986934662
TRAIN,181ec185,72,0,1,9,720,1280,1,0.87109375,10.75,0.9999785423278809,1,116049,0.12592122395833333,308698,0.3759305210918114,0.8140843527192756,521.7470723573663,372.61768735620296,525.3186483731057,360.9650947797688,1,107313,0.8737794033757257,0.0009098856398636956,2,0.30888423323631287
TRAIN,181ec185,72,1,2,9,720,1280,1,0.80859375,11.0625,0.9999842643737793,1,48438,0.05255859375,24959,1.9407027525141232,0.6243317227315317,871.8991287831867,413.81103678929765,842.8866820092055,412.9216529917951,1,52257,0.8605188278334134,0.003175359723814554,1,0.3493492007255554
TRAIN,181ec185,72,2,3,9,720,1280,1,0.455078125,2.15625,0.896251380443573,1,247,0.00026801215277777777,4953,0.049868766404199474,0.0705521472392638,512.7165991902834,241.6315789473684,486.0376940133038,231.1042128603104,1,217,0.7915057915057915,0.0,1,0.3004353642463684
TRAIN,181ec185,72,3,4,9,720,1280,1,0.91015625,8.25,0.9997387528419495,1,7452,0.0080859375,6739,1.10580204778157,0.7148397399338429,760.9055287171229,175.36527106816962,763.1548404115009,165.71946715906094,1,6749,0.844764873993245,0.013681114946937733,8,0.23542657494544983
TRAIN,181ec185,72,4,5,9,720,1280,1,0.60546875,1.71875,0.8479677438735962,1,7776,0.0084375,4395,1.769283276450512,0.3674668213793604,973.5833333333334,288.22119341563786,978.8963898916968,285.74855595667873,0,0,0.0,0.00916151156535772,2,0.1766197234392166
TRAIN,181ec185,72,5,6,9,720,1280,1,0.96484375,6.84375,0.9989350438117981,1,10445,0.011333550347222223,13482,0.7747366859516392,0.7519737947253485,325.9114408808042,183.27812350406893,330.7510082581141,173.65411945458038,1,10465,0.9602512421486828,0.00011890202473162115,1,0.2749936580657959
TRAIN,181ec185,72,6,7,9,720,1280,1,4.5299530029296875e-05,-0.08154296875,0.47962552309036255,0,0,0.0,3779,0.0,,,,,,0,0,,0.0,1,
TRAIN,181ec185,72,7,8,9,720,1280,1,0.72265625,7.8125,0.999595582485199,1,565,0.0006130642361111111,404,1.3985148514851484,0.02682701202590194,779.153982300885,134.21592920353982,783.0,124.03853211009174,1,476,0.7614213197969543,0.001780578003013286,4,0.4249424636363983
TRAIN,181ec185,72,8,9,9,720,1280,1,0.8828125,1.015625,0.7341195344924927,1,10009,0.010860460069444444,1330,7.525563909774436,0.7620868615132478,60.761614546907786,184.66630032970326,56.870826198630134,175.88366866438355,0,0,0.0,0.0,1,0.23244088888168335
TRAIN,181ec185,73,0,1,9,720,1280,1,0.875,10.9375,0.9999822378158569,1,114776,0.12453993055555555,308698,0.37180674963880556,0.8604416861449182,526.2520300411236,377.8197793963895,521.7470723573663,372.61768735620296,1,108557,0.8809523809523809,0.00042096275961840614,2,0.2864278256893158
TRAIN,181ec185,73,1,2,9,720,1280,1,0.84765625,10.5625,0.9999741315841675,1,54894,0.05956380208333333,24959,2.1993669618173803,0.7528455836202949,887.8946697271105,421.1543520239006,871.8991287831867,413.81103678929765,1,53956,0.8510015984763459,0.0025147048901809975,1,0.39109694957733154
TRAIN,181ec185,73,2,3,9,720,1280,1,0.255859375,0.09912109375,0.5247600078582764,1,640,0.0006944444444444445,4953,0.12921461740359377,0.004530011325028313,495.3921875,253.0203125,512.7165991902834,241.6315789473684,0,0,0.0,0.00468312969233034,1,0.27119800448417664
TRAIN,181ec185,73,3,4,9,720,1280,1,0.92578125,7.90625,0.9996316432952881,1,7658,0.008309461805555555,6739,1.13637038136222,0.7651869158878505,765.9858971010708,183.30739096369808,760.9055287171229,175.36527106816962,1,6797,0.834623683208529,0.010693215339233038,8,0.26248207688331604
TRAIN,181ec185,73,4,5,9,720,1280,1,0.78125,1.640625,0.837619960308075,1,7428,0.008059895833333334,4395,1.6901023890784983,0.4605187319884726,986.7127086698977,292.2648088314486,973.5833333333334,288.22119341563786,0,0,0.0,0.014594800085948993,2,0.1592976450920105
TRAIN,181ec185,73,5,6,9,720,1280,1,0.96484375,6.6875,0.9987550973892212,1,10244,0.011115451388888888,13482,0.7598279187064234,0.8216958703883068,329.99736431081607,189.404041390082,325.9114408808042,183.27812350406893,1,10295,0.9622623483328556,0.0003620808703413665,1,0.22833171486854553
TRAIN,181ec185,73,6,7,9,720,1280,1,4.6629367034256575e-15,-0.462890625,0.38630032539367676,0,0,0.0,3779,0.0,,,,,,0,0,,0.0,1,
TRAIN,181ec185,73,7,8,9,720,1280,1,0.72265625,7.6875,0.9995417594909668,1,544,0.0005902777777777778,404,1.3465346534653466,0.34261501210653755,782.4172794117648,140.49816176470588,779.153982300885,134.21592920353982,1,565,0.8003246753246753,0.0009544586855740388,4,0.4456161856651306
TRAIN,181ec185,73,8,9,9,720,1280,1,0.890625,1.1328125,0.7563575506210327,1,11711,0.012707248263888889,1330,8.805263157894737,0.7798901909366549,69.71624967978823,189.39945350525147,60.761614546907786,184.66630032970326,0,0,0.0,0.0,1,0.222015380859375
TRAIN,181ec185,74,0,1,9,720,1280,1,0.875,10.75,0.9999785423278809,1,114503,0.12424370659722223,308698,0.37092239016773676,0.8735924297644925,531.338532614866,375.81893050837095,526.2520300411236,377.8197793963895,1,108911,0.8853343009763631,0.000929301021430002,6,0.3107703924179077
TRAIN,181ec185,74,1,2,9,720,1280,1,0.83984375,10.375,0.9999687671661377,1,56477,0.06128146701388889,24959,2.2627909772026125,0.8145987780040733,893.1353117198151,420.80544292366807,887.8946697271105,421.1543520239006,1,56786,0.8543385723641126,0.0021875208299248,1,0.39815759658813477
TRAIN,181ec185,74,2,3,9,720,1280,1,9.918585419654846e-08,-0.59765625,0.35488009452819824,0,0,0.0,4953,0.0,0.0,,,495.3921875,253.0203125,0,0,,0.0,1,
TRAIN,181ec185,74,3,4,9,720,1280,1,0.91796875,7.9375,0.9996429681777954,1,7618,0.008266059027777778,6739,1.1304347826086956,0.8559105819463005,771.6572591231294,182.2281438697821,765.9858971010708,183.30739096369808,1,7054,0.8567451278157429,0.02092966658554393,8,0.21926648914813995
TRAIN,181ec185,74,4,5,9,720,1280,1,0.76171875,1.6015625,0.8322367072105408,1,5120,0.005555555555555556,4395,1.1649601820250284,0.5982677365940644,986.6267578125,286.3552734375,986.7127086698977,292.2648088314486,0,0,0.0,0.0015531467400097072,2,0.1778494268655777
TRAIN,181ec185,74,5,6,9,720,1280,1,0.96484375,6.6875,0.9987550973892212,1,10422,0.01130859375,13482,0.7730307076101469,0.8709034944776389,335.75139128766074,187.55843408175014,329.99736431081607,189.404041390082,1,10438,0.9597895527996994,4.190131402520783e-05,1,0.25087970495224
TRAIN,181ec185,74,6,7,9,720,1280,1,1.55717134475708e-06,-0.049072265625,0.4877343773841858,0,0,0.0,3779,0.0,,,,,,0,0,,0.0,1,
TRAIN,181ec185,74,7,8,9,720,1280,1,0.6953125,7.3125,0.9993333220481873,1,544,0.0005902777777777778,404,1.3465346534653466,0.37896070975918883,789.5533088235294,139.89889705882354,782.4172794117648,140.49816176470588,1,772,0.557396449704142,0.003566239598467838,4,0.391781747341156
TRAIN,181ec185,74,8,9,9,720,1280,1,0.90625,1.171875,0.7634837031364441,1,13677,0.014840494791666667,1330,10.283458646616541,0.7694452188458322,80.18476274036703,187.32646048109964,69.71624967978823,189.39945350525147,0,0,0.0,0.0,1,0.22914141416549683
TRAIN,181ec185,75,0,1,9,720,1280,1,0.87109375,10.875,0.9999810457229614,1,113599,0.12326280381944445,308698,0.3679939617360657,0.8296315903457901,544.2768422257238,375.42379774469845,531.338532614866,375.81893050837095,1,106882,0.8762424263053986,0.0010815767508023653,2,0.3102826178073883
TRAIN,181ec185,75,1,2,9,720,1280,1,0.84765625,10.3125,0.9999667406082153,1,57509,0.06240125868055556,24959,2.304138787611683,0.7021473583609593,913.7064111704256,411.82442748091603,893.1353117198151,420.80544292366807,1,56707,0.8609228362877998,0.0033997827068862384,1,0.3535827696323395
TRAIN,181ec185,75,2,3,9,720,1280,1,1.2759119272232056e-07,-0.671875,0.3380771279335022,0,0,0.0,4953,0.0,,,,,,0,0,,0.0,1,
TRAIN,181ec185,75,3,4,9,720,1280,1,0.9140625,7.875,0.9996199607849121,1,7563,0.008206380208333334,6739,1.1222733343226,0.7755555555555556,782.9047996826656,181.96641544360705,771.6572591231294,182.2281438697821,1,6907,0.8548903986668376,0.028478641019235574,8,0.23090860247612
TRAIN,181ec185,75,4,5,9,720,1280,1,0.8125,1.8203125,0.8606036305427551,1,3061,0.0033213975694444445,4395,0.6964732650739477,0.4642921066762126,987.2290101274093,279.15550473701404,986.6267578125,286.3552734375,0,0,0.0,0.0028356180472826724,2,0.18955104053020477
TRAIN,181ec185,75,5,6,9,720,1280,1,0.9609375,6.53125,0.9985449314117432,1,10336,0.011215277777777777,13482,0.7666518320723928,0.791645088900397,346.76286764705884,186.36193885448915,335.75139128766074,187.55843408175014,1,10329,0.9554314912944739,5.1189298024093096e-05,1,0.26695716381073
TRAIN,181ec185,75,6,7,9,720,1280,1,2.1457672119140625e-05,-0.083984375,0.4790162444114685,0,0,0.0,3779,0.0,,,,,,0,0,,0.0,1,
TRAIN,181ec185,75,7,8,9,720,1280,1,0.67578125,7.125,0.9991958737373352,1,517,0.0005609809027777778,404,1.2797029702970297,0.2954822954822955,800.009671179884,139.5725338491296,789.5533088235294,139.89889705882354,1,671,0.5211267605633803,0.0016189962223421479,4,0.37749677896499634
TRAIN,181ec185,75,8,9,9,720,1280,1,0.890625,1.484375,0.815232515335083,1,15529,0.01685004340277778,1330,11.67593984962406,0.7522198224142068,91.91274389851246,184.5433060725095,80.18476274036703,187.32646048109964,0,0,0.0,0.0,1,0.23438076674938202
TRAIN,181ec185,76,0,1,9,720,1280,1,0.875,10.9375,0.9999822378158569,1,114233,0.12395073784722223,308698,0.3700477489326138,0.8512692170182338,550.2036451813399,372.93466861589906,544.2768422257238,375.42379774469845,1,107796,0.8806295050863536,0.0010184034320997555,6,0.302956759929657
TRAIN,181ec185,76,1,2,9,720,1280,1,0.83984375,9.625,0.9999339580535889,1,57890,0.06281467013888889,24959,2.3194038222685203,0.7679167815669332,921.1699257211953,403.70483675937123,913.7064111704256,411.82442748091603,1,58101,0.8633990393111315,0.0021835778013004686,1,0.35169780254364014
TRAIN,181ec185,76,2,3,9,720,1280,1,4.0332320816460765e-17,-1.203125,0.23091977834701538,0,0,0.0,4953,0.0,,,,,,0,0,,0.0,1,
TRAIN,181ec185,76,3,4,9,720,1280,1,0.92578125,8.125,0.9997040629386902,1,7825,0.008490668402777778,6739,1.1611515061581836,0.7818434460398332,791.7010862619808,179.70607028753994,782.9047996826656,181.96641544360705,1,6491,0.825787527101135,0.03274711946634324,8,0.22826972603797913
TRAIN,181ec185,76,4,5,9,720,1280,1,0.5546875,1.8203125,0.8606036305427551,1,2740,0.0029730902777777776,4395,0.6234357224118316,0.39547750781813806,1002.4934306569343,280.2,987.2290101274093,279.15550473701404,0,0,0.0,0.01873681390442383,2,0.1736948937177658
TRAIN,181ec185,76,5,6,9,720,1280,1,0.9609375,6.6875,0.9987550973892212,1,10400,0.011284722222222222,13482,0.7713989022400237,0.8540772532188842,352.9023076923077,183.1646153846154,346.76286764705884,186.36193885448915,1,10599,0.9663826200955146,0.0,1,0.24741318821907043
TRAIN,181ec185,76,6,7,9,720,1280,1,1.0654330253601074e-06,-0.18359375,0.45423004031181335,0,0,0.0,3779,0.0,,,,,,0,0,,0.0,1,
TRAIN,181ec185,76,7,8,9,720,1280,1,0.72265625,7.09375,0.9991704225540161,1,528,0.0005729166666666667,404,1.306930693069307,0.2712895377128954,805.5151515151515,136.42613636363637,800.009671179884,139.5725338491296,1,690,0.5417721518987342,0.002571061276960434,4,0.3642764091491699
TRAIN,181ec185,76,8,9,9,720,1280,1,0.8984375,1.5546875,0.8255897164344788,1,16899,0.018336588541666667,1330,12.706015037593986,0.8024567839475293,100.14480146754246,181.48476241197704,91.91274389851246,184.5433060725095,0,0,0.0,0.0,1,0.2361278235912323
TRAIN,181ec185,77,0,1,9,720,1280,1,0.87109375,10.6875,0.9999772310256958,1,115768,0.12561631944444446,308698,0.3750202463248871,0.8745751660621868,556.8462182986663,371.1850252228595,550.2036451813399,372.93466861589906,1,108082,0.8667856428047235,0.0017989643023409525,2,0.3331364095211029
TRAIN,181ec185,77,1,2,9,720,1280,1,0.84375,9.875,0.9999485015869141,1,58021,0.06295681423611112,24959,2.324652429985176,0.818297331639136,923.9042070974302,402.70157356819084,921.1699257211953,403.70483675937123,1,58534,0.8534037241401243,0.001314163426470145,1,0.36271804571151733
TRAIN,181ec185,77,2,3,9,720,1280,1,6.056285572868247e-20,-1.3046875,0.2133771777153015,0,0,0.0,4953,0.0,,,,,,0,0,,0.0,1,
TRAIN,181ec185,77,3,4,9,720,1280,1,0.9296875,8.375,0.9997695088386536,1,8253,0.008955078125,6739,1.2246624128208934,0.8297484920905883,799.7194959408699,179.18114624984855,791.7010862619808,179.70607028753994,1,7076,0.8473126054470956,0.021875727251570862,8,0.28579989075660706
TRAIN,181ec185,77,4,5,9,720,1280,1,0.44140625,1.8359375,0.8624675869941711,1,1034,0.0011219618055555555,4395,0.2352673492605233,0.2849846782431052,932.4613152804642,263.5280464216634,1002.4934306569343,280.2,0,0,0.0,0.0014626519392747263,2,0.1963246464729309
TRAIN,181ec185,77,5,6,9,720,1280,1,0.9609375,6.75,0.9988304972648621,1,10396,0.011280381944444445,13482,0.7711022103545468,0.9017832647462277,357.2751058099269,182.37148903424395,352.9023076923077,183.1646153846154,1,10569,0.9600785340314136,8.440456797521882e-06,1,0.25780874490737915
TRAIN,181ec185,77,6,7,9,720,1280,1,0.00124359130859375,-0.0306396484375,0.49234068393707275,0,0,0.0,3779,0.0,,,,,,0,0,,0.0,1,
TRAIN,181ec185,77,7,8,9,720,1280,1,0.7109375,7.09375,0.9991704225540161,1,532,0.0005772569444444445,404,1.316831683168317,0.5362318840579711,808.031954887218,134.6766917293233,805.5151515151515,136.42613636363637,1,529,0.6223241590214067,0.00013145786775338504,4,0.4400792121887207
TRAIN,181ec185,77,8,9,9,720,1280,1,0.90625,1.578125,0.8289388418197632,1,17855,0.019373914930555555,1330,13.424812030075188,0.848125498537623,107.3362083450014,179.27706524782974,100.14480146754246,181.48476241197704,0,0,0.0,0.0,1,0.22695744037628174
TRAIN,181ec185,78,0,1,9,720,1280,1,0.87109375,10.75,0.9999785423278809,1,115548,0.12537760416666666,308698,0.37430757568886097,0.8501135745592987,563.7266244331361,364.1216377609305,556.8462182986663,371.1850252228595,1,107261,0.8705054694124265,0.0029752738472266613,2,0.32008564472198486
TRAIN,181ec185,78,1,2,9,720,1280,1,0.8359375,9.8125,0.9999452829360962,1,58192,0.06314236111111111,24959,2.33150366601226,0.7851185081642371,928.8058839703052,399.62678718724226,923.9042070974302,402.70157356819084,1,57049,0.8646505833050175,0.001367815187590406,1,0.3749440312385559
TRAIN,181ec185,78,2,3,9,720,1280,1,8.66885281955573e-22,-1.46875,0.18713268637657166,0,0,0.0,4953,0.0,,,,,,0,0,,0.0,1,
TRAIN,181ec185,78,3,4,9,720,1280,1,0.94921875,8.625,0.9998205304145813,1,8554,0.009281684027777778,6739,1.2693277934411633,0.7611862097872786,806.4333645078326,174.328968903437,799.7194959408699,179.18114624984855,1,7854,0.8984149022330209,0.005462653288740245,8,0.32156604528427124
TRAIN,181ec185,78,4,5,9,720,1280,1,0.65625,1.8359375,0.8624675869941711,1,945,0.001025390625,4395,0.2150170648464164,0.23842302878598248,916.0888888888888,257.27089947089945,932.4613152804642,263.5280464216634,0,0,0.0,1.724346041763661e-05,2,0.16899549961090088
TRAIN,181ec185,78,5,6,9,720,1280,1,0.95703125,6.53125,0.9985449314117432,1,10470,0.011360677083333333,13482,0.7765910102358701,0.8722296994167789,361.05300859598856,178.63772683858645,357.2751058099269,182.37148903424395,1,10636,0.9682924554695514,4.247150162241136e-05,1,0.26400434970855713
TRAIN,181ec185,78,6,7,9,720,1280,1,2.868473529815674e-07,-0.2275390625,0.4433594048023224,0,0,0.0,3779,0.0,,,,,,0,0,,0.0,1,
TRAIN,181ec185,78,7,8,9,720,1280,1,0.71484375,7.375,0.999373733997345,1,487,0.0005284288194444444,404,1.2054455445544554,0.21454112038140644,811.8480492813142,129.05544147843943,808.031954887218,134.6766917293233,1,465,0.7695167286245354,0.00348893166506256,4,0.47633737325668335
TRAIN,181ec185,78,8,9,9,720,1280,1,0.91796875,1.6796875,0.842863142490387,1,19181,0.020812717013888888,1330,14.421804511278195,0.8068104205288321,115.57525676450655,174.37870809655388,107.3362083450014,179.27706524782974,0,0,0.0,0.0,1,0.21809162199497223
TRAIN,181ec185,79,0,1,9,720,1280,1,0.875,10.5,0.9999724626541138,1,115325,0.12513563368055555,308698,0.373585186816889,0.8490105155250154,568.9013917190548,357.11981790591807,563.7266244331361,364.1216377609305,1,108588,0.8815269818328487,0.0021378043764157884,2,0.31426021456718445
TRAIN,181ec185,79,1,2,9,720,1280,1,0.8359375,8.8125,0.9998511075973511,1,59346,0.06439453125,24959,2.3777394927681397,0.7480108862152556,928.4829306103192,394.8793515990968,928.8058839703052,399.62678718724226,1,57651,0.845407656272181,0.0007270040283174028,1,0.34782037138938904
TRAIN,181ec185,79,2,3,9,720,1280,1,6.230038707144558e-11,-0.7578125,0.319121390581131,0,0,0.0,4953,0.0,,,,,,1,206,0.0,0.0,1,
TRAIN,181ec185,79,3,4,9,720,1280,1,0.94921875,8.3125,0.9997546076774597,1,8614,0.009346788194444445,6739,1.2782311915714497,0.7726381001548787,811.0632690968191,167.95588576735545,806.4333645078326,174.328968903437,1,8022,0.9045220377790498,0.004443457009553432,8,0.2639416754245758
TRAIN,181ec185,79,4,5,9,720,1280,1,0.7109375,1.921875,0.8723474144935608,1,1593,0.001728515625,4395,0.36245733788395906,0.058381984987489574,908.743879472693,243.55116133082234,916.0888888888888,257.27089947089945,0,0,0.0,0.000506636943965954,2,0.16544625163078308
TRAIN,181ec185,79,5,6,9,720,1280,1,0.9609375,6.5625,0.9985895752906799,1,10556,0.011453993055555556,13482,0.7829698857736241,0.8187008044286826,365.75606290261464,172.73181129215612,361.05300859598856,178.63772683858645,1,10533,0.9657904548844146,0.00013430931435095024,1,0.25857555866241455
TRAIN,181ec185,79,6,7,9,720,1280,1,0.00020313262939453125,-0.043701171875,0.4890764653682709,0,0,0.0,3779,0.0,,,,,,0,0,,0.0,1,
TRAIN,181ec185,79,7,8,9,720,1280,1,0.6640625,5.90625,0.997285008430481,1,467,0.0005067274305555555,404,1.1559405940594059,0.1223529411764706,819.3982869379015,125.0728051391863,811.8480492813142,129.05544147843943,1,428,0.7178502879078695,0.007357303904117717,4,0.44860851764678955
TRAIN,181ec185,79,8,9,9,720,1280,1,0.9296875,1.828125,0.8615382313728333,1,20551,0.022299262152777777,1330,15.45187969924812,0.7767641534746444,122.82774560848621,167.7141258332928,115.57525676450655,174.37870809655388,0,0,0.0,0.0,1,0.2253410518169403
TRAIN,181ec185,80,0,1,9,720,1280,1,0.87109375,10.375,0.9999687671661377,1,114753,0.12451497395833333,308698,0.371732243163221,0.8663497651630069,573.4482148614851,351.8878722124912,568.9013917190548,357.11981790591807,1,109486,0.8834275443267624,0.0009387141354703566,3,0.30224695801734924
TRAIN,181ec185,80,1,2,9,720,1280,1,0.8359375,9.1875,0.9998977184295654,1,57342,0.06222005208333333,24959,2.2974478144156416,0.7695550635406873,933.8821806006068,390.8116738167486,928.4829306103192,394.8793515990968,1,56348,0.8695015868317629,0.0014166346523242412,1,0.35800930857658386
TRAIN,181ec185,80,2,3,9,720,1280,1,0.65234375,0.2265625,0.5563995838165283,1,782,0.0008485243055555556,4953,0.15788411064001615,0.0,25.539641943734015,199.56777493606137,,,1,406,0.0,0.0,1,0.36953696608543396
TRAIN,181ec185,80,3,4,9,720,1280,1,0.94140625,8.0625,0.9996849298477173,1,8254,0.008956163194444445,6739,1.2248108027897313,0.8143487146391309,812.8446813666101,162.12212260722075,811.0632690968191,167.95588576735545,1,7665,0.8741464563221097,0.010179294389820705,8,0.23729835450649261
TRAIN,181ec185,80,4,5,9,720,1280,1,0.765625,1.96875,0.8774768114089966,1,1192,0.0012934027777777779,4395,0.2712172923777019,0.058935361216730035,937.8372483221476,244.78942953020135,908.743879472693,243.55116133082234,0,0,0.0,0.0003477051460361613,2,0.15469998121261597
TRAIN,181ec185,80,5,6,9,720,1280,1,0.9609375,6.5625,0.9985895752906799,1,10481,0.011372612847222222,13482,0.7774069129209316,0.8392201433817101,369.847151989314,167.07155805743727,365.75606290261464,172.73181129215612,1,10565,0.9682034976152624,8.336320514851155e-05,1,0.2750908434391022
TRAIN,181ec185,80,6,7,9,720,1280,1,2.7284841053187847e-12,-0.37109375,0.40827676653862,0,0,0.0,3779,0.0,,,,,,0,0,,0.0,1,
TRAIN,181ec185,80,7,8,9,720,1280,1,0.7265625,6.71875,0.998793363571167,1,417,0.0004524739583333333,404,1.0321782178217822,0.1945945945945946,820.1007194244604,118.5083932853717,819.3982869379015,125.0728051391863,1,479,0.7001897533206831,0.0024807740014884646,4,0.4299411177635193
TRAIN,181ec185,80,8,9,9,720,1280,1,0.91796875,1.953125,0.8757869601249695,1,21243,0.023050130208333332,1330,15.97218045112782,0.7760496345402006,130.7673115849927,160.77361954526197,122.82774560848621,167.7141258332928,0,0,0.0,0.0,1,0.205565944314003
TRAIN,181ec185,81,0,1,9,720,1280,1,0.87890625,10.6875,0.9999772310256958,1,116330,0.12622612847222223,308698,0.3768407958587357,0.8398035063135937,578.1607667841486,344.8559185076936,573.4482148614851,351.8878722124912,1,112147,0.8888172416358722,0.002110537243260866,3,0.33382728695869446
TRAIN,181ec185,81,1,2,9,720,1280,1,0.8203125,9.25,0.9999039173126221,1,53576,0.05813368055555555,24959,2.1465603589887414,0.7139987328666574,950.0529154845453,377.1378042407048,933.8821806006068,390.8116738167486,1,52651,0.8447632113644652,0.002098248839009288,1,0.4191896617412567
TRAIN,181ec185,81,2,3,9,720,1280,1,0.6953125,1.03125,0.7371581792831421,1,1735,0.0018825954861111111,4953,0.35029275186755504,0.3424,42.443227665706054,197.3043227665706,25.539641943734015,199.56777493606137,1,474,0.0,0.0,1,0.33701154589653015
TRAIN,181ec185,81,3,4,9,720,1280,1,0.93359375,7.8125,0.999595582485199,1,8136,0.008828125,6739,1.2073007864668348,0.8016928657799275,816.8652900688298,156.03048180924287,812.8446813666101,162.12212260722075,1,7596,0.8885954381752701,0.007134363852556481,8,0.2524638772010803
TRAIN,181ec185,81,4,5,9,720,1280,1,0.443359375,1.5859375,0.8300437331199646,1,1294,0.0014040798611111112,4395,0.2944254835039818,0.10685663401602849,863.2217928902628,247.26275115919628,937.8372483221476,244.78942953020135,0,0,0.0,0.0006677920198853624,2,0.1992654800415039
TRAIN,181ec185,81,5,6,9,720,1280,1,0.9609375,6.59375,0.9986329674720764,1,10365,0.011246744791666667,13482,0.7688028482421005,0.7939759036144578,374.52937771345876,159.7294741919923,369.847151989314,167.07155805743727,1,10468,0.9587250846182775,0.00012245197841579794,1,0.25386208295822144
TRAIN,181ec185,81,6,7,9,720,1280,1,2.7830537874251604e-10,-0.48828125,0.38029852509498596,0,0,0.0,3779,0.0,,,,,,0,0,,0.0,1,
TRAIN,181ec185,81,7,8,9,720,1280,1,0.66015625,6.1875,0.9979493021965027,1,404,0.00043836805555555556,404,1.0,0.09320905459387484,824.3069306930693,112.0371287128713,820.1007194244604,118.5083932853717,1,334,0.5836909871244635,0.005025125628140704,4,0.4375404715538025
TRAIN,181ec185,81,8,9,9,720,1280,1,0.9140625,2.046875,0.8856314420700073,1,22191,0.024078776041666666,1330,16.68496240601504,0.7573942949625734,141.30039205083142,152.8315082691181,130.7673115849927,160.77361954526197,0,0,0.0,0.0,1,0.2266090214252472
TRAIN,181ec185,82,0,1,9,720,1280,1,0.88671875,10.5625,0.9999741315841675,1,116517,0.12642903645833334,308698,0.37744656589935793,0.868951014150754,582.3253516654222,338.1937742990293,578.1607667841486,344.8559185076936,1,111347,0.8960384093726858,0.0019627337710201075,3,0.33500778675079346
TRAIN,181ec185,82,1,2,9,720,1280,1,0.75,8.8125,0.9998511075973511,1,48697,0.05283962673611111,24959,1.9510797708241516,0.7334406779661017,956.1544242971846,363.28067437419145,950.0529154845453,377.1378042407048,1,49346,0.8136966535323825,0.0004250637595639346,1,0.35068055987358093
TRAIN,181ec185,82,2,3,9,720,1280,1,0.69921875,0.80078125,0.6901415586471558,1,2076,0.0022526041666666666,4953,0.41913991520290733,0.37630913687251716,51.79431599229287,189.39884393063585,42.443227665706054,197.3043227665706,1,386,0.0,0.0,1,0.3510870635509491
TRAIN,181ec185,82,3,4,9,720,1280,1,0.92578125,8.0625,0.9996849298477173,1,7957,0.008633897569444444,6739,1.1807389820448138,0.8041479820627803,817.3451049390474,149.43257509111473,816.8652900688298,156.03048180924287,1,7679,0.8658711217183771,0.005522208883553421,8,0.23077313601970673
TRAIN,181ec185,82,4,5,9,720,1280,1,0.62890625,2.1875,0.8991213440895081,1,2480,0.002690972222222222,4395,0.5642775881683731,0.3629469122426869,855.3729838709677,248.8875,863.2217928902628,247.26275115919628,0,0,0.0,3.859215807347947e-05,2,0.17167705297470093
TRAIN,181ec185,82,5,6,9,720,1280,1,0.9609375,6.3125,0.9981897473335266,1,10317,0.011194661458333333,13482,0.7652425456163774,0.8318866253321523,377.6139381603179,153.1132112048076,374.52937771345876,159.7294741919923,1,10489,0.9689599697170437,8.219425790914246e-06,1,0.27946412563323975
TRAIN,181ec185,82,6,7,9,720,1280,1,7.44648787076585e-12,-0.427734375,0.39466747641563416,0,0,0.0,3779,0.0,,,,,,0,0,,0.0,1,
TRAIN,181ec185,82,7,8,9,720,1280,1,0.69921875,7.375,0.999373733997345,1,480,0.0005208333333333333,404,1.188118811881188,0.1119496855345912,826.6125,105.5625,824.3069306930693,112.0371287128713,1,419,0.7091254752851711,0.005422057917436845,4,0.38502103090286255
TRAIN,181ec185,82,8,9,9,720,1280,1,0.89453125,2.3125,0.9099069833755493,1,21989,0.02385959201388889,1330,16.53308270676692,0.7771520514883347,152.845104370367,146.3938332802765,141.30039205083142,152.8315082691181,0,0,0.0,0.0007703448063353156,6,0.23114413022994995
TRAIN,181ec185,83,0,1,9,720,1280,1,0.88671875,10.375,0.9999687671661377,1,115931,0.1257931857638889,308698,0.37554827047794287,0.8957859280826665,587.4954671313109,334.09488402584293,582.3253516654222,338.1937742990293,1,112267,0.8965451326845242,0.0018176336305293535,3,0.3243650197982788
TRAIN,181ec185,83,1,2,9,720,1280,1,0.7421875,7.9375,0.9996429681777954,1,35863,0.03891384548611111,24959,1.4368764774229736,0.581713772656703,955.2710593090371,379.3682067869392,956.1544242971846,363.28067437419145,1,44417,0.7462043763866534,9.452051095087635e-05,1,0.37022703886032104
TRAIN,181ec185,83,2,3,9,720,1280,1,0.640625,0.90625,0.7122321724891663,1,2458,0.0026671006944444446,4953,0.49626488996567736,0.5158809762621197,68.41334418226201,189.1545972335232,51.79431599229287,189.39884393063585,1,365,0.0,0.0,1,0.36384862661361694
TRAIN,181ec185,83,3,4,9,720,1280,1,0.92578125,7.75,0.9995694756507874,1,7534,0.008174913194444444,6739,1.1179700252262947,0.8410981697171381,816.8837271037961,144.64892487390497,817.3451049390474,149.43257509111473,1,7372,0.8542107227267073,0.002154353060448612,8,0.2421000599861145
TRAIN,181ec185,83,4,5,9,720,1280,1,0.82421875,2.734375,0.939024806022644,1,4237,0.004597439236111111,4395,0.9640500568828214,0.5245120290512937,865.7163087089922,254.0002360160491,855.3729838709677,248.8875,0,0,0.0,0.00014389376528871255,2,0.3374534845352173
TRAIN,181ec185,83,5,6,9,720,1280,1,0.95703125,6.40625,0.9983515739440918,1,10187,0.011053602430555556,13482,0.7556000593383772,0.8915129151291513,380.1443015608128,149.70256208893687,377.6139381603179,153.1132112048076,1,10345,0.9493021931073768,4.9000392003136025e-05,1,0.26418501138687134
TRAIN,181ec185,83,6,7,9,720,1280,1,1.1059455573558807e-09,-0.37109375,0.40827676653862,0,0,0.0,3779,0.0,,,,,,0,0,,0.0,1,
TRAIN,181ec185,83,7,8,9,720,1280,1,0.703125,6.875,0.9989677667617798,1,413,0.00044813368055555557,404,1.0222772277227723,0.2684659090909091,828.4043583535109,100.98062953995158,826.6125,105.5625,1,374,0.5771543086172345,0.011170281854786336,4,0.35183343291282654
TRAIN,181ec185,83,8,9,9,720,1280,1,0.92578125,2.546875,0.9273632764816284,1,21405,0.023225911458333335,1330,16.093984962406015,0.8324395084667032,163.50637701471618,142.4254146227517,152.845104370367,146.3938332802765,0,0,0.0,0.0,1,0.248887836933136
TRAIN,181ec185,84,0,1,9,720,1280,1,0.8828125,9.9375,0.9999517202377319,1,118465,0.1285427517361111,308698,0.3837569404401713,0.8645475372279496,582.1826362216689,331.9392225551851,587.4954671313109,334.09488402584293,1,113075,0.880069830701149,0.0009530797972385989,3,0.35108479857444763
TRAIN,181ec185,84,1,2,9,720,1280,1,0.70703125,7.9375,0.9996429681777954,1,32850,0.03564453125,24959,1.3161584999399014,0.6864982941855042,957.8249619482497,381.51439878234396,955.2710593090371,379.3682067869392,1,39371,0.7094941652661727,0.00018506079589850443,1,0.4114369750022888
TRAIN,181ec185,84,2,3,9,720,1280,1,0.640625,0.87890625,0.7065955400466919,1,2548,0.0027647569444444442,4953,0.5144356955380578,0.44348327566320644,68.67739403453689,181.89285714285714,68.41334418226201,189.1545972335232,1,211,0.0,0.0,1,0.3181917667388916
TRAIN,181ec185,84,3,4,9,720,1280,1,0.93359375,7.8125,0.999595582485199,1,7330,0.007953559027777777,6739,1.087698471583321,0.8131251524762138,814.6619372442019,138.0424283765348,816.8837271037961,144.64892487390497,1,6767,0.8410604675460364,0.011073911923770281,8,0.23280182480812073
TRAIN,181ec185,84,4,5,9,720,1280,1,0.82421875,3.109375,0.957277774810791,1,7146,0.00775390625,4395,1.625938566552901,0.5238286479250335,879.6467954100195,254.13098236775818,865.7163087089922,254.0002360160491,0,0,0.0,0.0017011929885007969,2,0.23423165082931519
TRAIN,181ec185,84,5,6,9,720,1280,1,0.9609375,6.03125,0.9976032376289368,1,9929,0.010773654513888889,13482,0.7364634327251149,0.868995633187773,380.4862523919831,144.0892335582637,380.1443015608128,149.70256208893687,1,10111,0.9553127134354571,7.317370624822147e-05,1,0.31019148230552673
TRAIN,181ec185,84,6,7,9,720,1280,1,1.1368683772161603e-12,-0.3671875,0.40922078490257263,0,0,0.0,3779,0.0,,,,,,0,0,,0.0,1,
TRAIN,181ec185,84,7,8,9,720,1280,1,0.6953125,7.15625,0.999220609664917,1,442,0.00047960069444444444,404,1.0940594059405941,0.13696808510638298,827.552036199095,93.74434389140272,828.4043583535109,100.98062953995158,1,522,0.7031802120141343,0.000694058856191005,4,0.44609731435775757
TRAIN,181ec185,84,8,9,9,720,1280,1,0.92578125,2.53125,0.9263036847114563,1,21810,0.023665364583333334,1330,16.398496240601503,0.8231869383622327,170.66813388353967,137.1227418615314,163.50637701471618,142.4254146227517,0,0,0.0,0.0008151747922871923,6,0.24706396460533142
TRAIN,181ec185,85,0,1,9,720,1280,1,0.88671875,10.125,0.9999599456787109,1,118534,0.12861762152777778,308698,0.383980459866925,0.8809145886573229,582.0024971738067,328.2477095179442,582.1826362216689,331.9392225551851,1,113222,0.8835366497890981,0.0008769414978835354,3,0.3613941967487335
TRAIN,181ec185,85,1,2,9,720,1280,1,0.6953125,8.3125,0.9997546076774597,1,34011,0.036904296875,24959,1.362674786650106,0.6050748991741886,975.4448854782277,367.8479315515568,957.8249619482497,381.51439878234396,1,34758,0.6818459732446379,0.0,1,0.37868955731391907
TRAIN,181ec185,85,2,3,9,720,1280,1,0.71484375,0.97265625,0.7256486415863037,1,2889,0.003134765625,4953,0.58328285887341,0.5646043165467626,65.31360332294912,175.95811699550018,68.67739403453689,181.89285714285714,1,164,0.0,0.0,1,0.29696837067604065
TRAIN,181ec185,85,3,4,9,720,1280,1,0.92578125,7.875,0.9996199607849121,1,7188,0.007799479166666666,6739,1.0666270960083097,0.8428535161208428,814.412632164719,132.7671118530885,814.6619372442019,138.0424283765348,1,6908,0.8540049980270946,0.004774535809018567,8,0.24456878006458282
TRAIN,181ec185,85,4,5,9,720,1280,1,0.88671875,3.546875,0.9719924926757812,1,9173,0.009953342013888889,4395,2.0871444823663254,0.6533941236068895,876.9350267088194,262.8039899705658,879.6467954100195,254.13098236775818,0,0,0.0,3.268214166074303e-05,1,0.25913989543914795
TRAIN,181ec185,85,5,6,9,720,1280,1,0.95703125,6.28125,0.9981324076652527,1,9841,0.010678168402777778,13482,0.7299362112446225,0.8721590909090909,381.86535921146225,138.94360329234834,380.4862523919831,144.0892335582637,1,9885,0.9682698064258631,3.2504733501816204e-05,1,0.311595618724823
TRAIN,181ec185,85,6,7,9,720,1280,1,2.983724378680108e-16,-0.58984375,0.35667070746421814,0,0,0.0,3779,0.0,,,,,,0,0,,0.0,1,
TRAIN,181ec185,85,7,8,9,720,1280,1,0.703125,6.78125,0.9988664388656616,1,460,0.0004991319444444444,404,1.1386138613861385,0.2580195258019526,830.2913043478261,90.15217391304348,827.552036199095,93.74434389140272,1,388,0.65625,0.013062010174618452,4,0.38293975591659546
TRAIN,181ec185,85,8,9,9,720,1280,1,0.90625,2.78125,0.9416541457176208,1,21627,0.023466796875,1330,16.2609022556391,0.8387588367269186,176.9784990983493,131.89707310306562,170.66813388353967,137.1227418615314,0,0,0.0,0.0,1,0.23637650907039642
TRAIN,181ec185,86,0,1,9,720,1280,1,0.88671875,10.0625,0.9999573230743408,1,117137,0.1271017795138889,308698,0.3794550013281589,0.8860771650140453,584.4832973355985,323.19727327829804,582.0024971738067,328.2477095179442,1,113662,0.8844734392605778,0.0008700176562406708,3,0.3390478491783142
TRAIN,181ec185,86,1,2,9,720,1280,1,0.6875,7.15625,0.999220609664917,1,33372,0.0362109375,24959,1.3370727993910012,0.5954303302947792,992.5884573894283,361.4801929761477,975.4448854782277,367.8479315515568,1,28082,0.5963321817284464,0.0,1,0.3474498689174652
TRAIN,181ec185,86,2,3,9,720,1280,1,0.71484375,1.25,0.7772998809814453,1,3066,0.0033268229166666667,4953,0.6190187764990914,0.5888473852721452,71.46347031963471,170.69699934768428,65.31360332294912,175.95811699550018,1,204,0.0,0.0,1,0.2670544385910034
TRAIN,181ec185,86,3,4,9,720,1280,1,0.91796875,8.25,0.9997387528419495,1,7319,0.007941623263888888,6739,1.0860661819261017,0.8277686783419428,818.292936193469,128.1740674955595,814.412632164719,132.7671118530885,1,6909,0.8706284512227189,0.011892450879007239,8,0.24515633285045624
TRAIN,181ec185,86,4,5,9,720,1280,1,0.87109375,3.640625,0.9744347929954529,1,10301,0.011177300347222223,4395,2.3437997724687145,0.7481149012567325,883.2091059120473,263.63285117949715,876.9350267088194,262.8039899705658,0,0,0.0,3.226873401689268e-05,1,0.2940533459186554
TRAIN,181ec185,86,5,6,9,720,1280,1,0.94921875,6.40625,0.9983515739440918,1,9655,0.010476345486111111,13482,0.7161400385699451,0.8631498470948012,384.89114448472293,134.42050750906267,381.86535921146225,138.94360329234834,1,9801,0.9454054594540546,8.920895982352845e-05,1,0.30695804953575134
TRAIN,181ec185,86,6,7,9,720,1280,1,1.8041124150158794e-16,-0.7421875,0.3225259780883789,0,0,0.0,3779,0.0,,,,,,0,0,,0.0,1,
TRAIN,181ec185,86,7,8,9,720,1280,1,0.6640625,6.84375,0.9989350438117981,1,530,0.0005750868055555556,404,1.311881188118812,0.22981366459627328,836.156603773585,87.17358490566038,830.2913043478261,90.15217391304348,1,509,0.6624,0.007448537378114843,4,0.42185619473457336
TRAIN,181ec185,86,8,9,9,720,1280,1,0.890625,2.875,0.9465966820716858,1,20690,0.022450086805555554,1330,15.556390977443609,0.8013366252341223,188.5637506041566,126.62982116964717,176.9784990983493,131.89707310306562,0,0,0.0,0.0022680954572348957,6,0.2437141239643097
TRAIN,181ec185,87,0,1,9,720,1280,1,0.890625,10.1875,0.999962329864502,1,119233,0.12937608506944445,308698,0.38624480884229895,0.862280874532204,581.9166505916986,319.2763161205371,584.4832973355985,323.19727327829804,1,111472,0.8592946599829145,0.0007290828640386163,3,0.3567526936531067
TRAIN,181ec185,87,1,2,9,720,1280,1,0.58203125,6.75,0.9988304972648621,1,25650,0.02783203125,24959,1.0276854040626628,0.5287109223238106,1003.1007407407408,352.2452631578947,992.5884573894283,361.4801929761477,1,22674,0.6200341949109927,0.0,1,0.3285832107067108
TRAIN,181ec185,87,2,3,9,720,1280,1,0.59375,1.203125,0.7690802216529846,1,2524,0.002738715277777778,4953,0.509590147385423,0.43664867643279365,95.87599049128367,165.38193343898573,71.46347031963471,170.69699934768428,1,182,0.0,0.0,1,0.2674562931060791
TRAIN,181ec185,87,3,4,9,720,1280,1,0.92578125,8.25,0.9997387528419495,1,7126,0.007732204861111111,6739,1.0574269179403473,0.7964183559258798,819.0732528767892,121.46211058097109,818.292936193469,128.1740674955595,1,6542,0.8782465301635289,0.0047694753577106515,8,0.28152579069137573
TRAIN,181ec185,87,4,5,9,720,1280,1,0.85546875,3.703125,0.9759464263916016,1,12222,0.01326171875,4395,2.7808873720136518,0.5971493405190753,882.9639993454426,276.781459662903,883.2091059120473,263.63285117949715,0,0,0.0,5.659446829497037e-05,1,0.29056844115257263
TRAIN,181ec185,87,5,6,9,720,1280,1,0.9453125,6.21875,0.9980121850967407,1,9426,0.010227864583333333,13482,0.6991544281263907,0.8303117505995203,386.13940165499685,127.47676639083386,384.89114448472293,134.42050750906267,1,9496,0.9533395272014039,0.00029786036967781435,1,0.29661887884140015
TRAIN,181ec185,87,6,7,9,720,1280,1,4.0332320816460765e-17,-0.6796875,0.3363310694694519,0,0,0.0,3779,0.0,,,,,,0,0,,0.0,1,
TRAIN,181ec185,87,7,8,9,720,1280,1,0.68359375,6.8125,0.9989012479782104,1,473,0.0005132378472222222,404,1.1707920792079207,0.18979833926453143,834.7040169133193,80.33403805496829,836.156603773585,87.17358490566038,1,458,0.7699619771863118,0.0073233773693279726,4,0.45825907588005066
TRAIN,181ec185,87,8,9,9,720,1280,1,0.87890625,2.921875,0.9489172697067261,1,20378,0.02211154513888889,1330,15.321804511278195,0.7726939180731213,196.6404455785651,118.50633035626656,188.5637506041566,126.62982116964717,0,0,0.0,0.003931847968545216,6,0.22939372062683105
TRAIN,181ec185,88,0,1,9,720,1280,1,0.88671875,10.0,0.9999545812606812,1,118175,0.1282280815972222,308698,0.38281751096540956,0.8588307143024921,583.3629024751428,311.9410535223186,581.9166505916986,319.2763161205371,1,112301,0.8772684325416219,0.000735075618949311,6,0.3518890142440796
TRAIN,181ec185,88,1,2,9,720,1280,1,0.45703125,5.84375,0.9971103668212891,1,22748,0.024683159722222223,24959,0.9114147201410313,0.47200340642963595,1028.9764814489185,322.4293564269386,1003.1007407407408,352.2452631578947,1,16435,0.4636906985431453,0.0,1,0.3092872202396393
TRAIN,181ec185,88,2,3,9,720,1280,1,0.69140625,1.4453125,0.8092759251594543,1,2702,0.002931857638888889,4953,0.5455279628507975,0.4109071274298056,106.89045151739452,156.56254626202812,95.87599049128367,165.38193343898573,1,211,0.0,0.0,1,0.25436699390411377
TRAIN,181ec185,88,3,4,9,720,1280,1,0.921875,8.375,0.9997695088386536,1,6961,0.007553168402777778,6739,1.0329425730820596,0.7947509236845458,818.8988651055882,114.21419336302256,819.0732528767892,121.46211058097109,1,6456,0.8812394840157038,0.010770279481935924,8,0.24077560007572174
TRAIN,181ec185,88,4,5,9,720,1280,1,0.8203125,3.765625,0.9773707389831543,1,10131,0.010992838541666666,4395,2.3051194539249145,0.5935695444499893,871.3353074721153,261.89418616128717,882.9639993454426,276.781459662903,0,0,0.0,8.168466452108281e-05,1,0.26185667514801025
TRAIN,181ec185,88,5,6,9,720,1280,1,0.9453125,6.34375,0.998245358467102,1,9366,0.010162760416666666,13482,0.6947040498442367,0.8005173900546134,388.29596412556054,119.09833440102499,386.13940165499685,127.47676639083386,1,9797,0.9378096875316008,0.0,1,0.2928358316421509
TRAIN,181ec185,88,6,7,9,720,1280,1,8.881784197001252e-13,-0.435546875,0.3928025960922241,0,0,0.0,3779,0.0,,,,,,0,0,,0.0,1,
TRAIN,181ec185,88,7,8,9,720,1280,1,0.65234375,7.15625,0.999220609664917,1,425,0.0004611545138888889,404,1.051980198019802,0.03456221198156682,837.6541176470588,72.38823529411765,834.7040169133193,80.33403805496829,1,453,0.71484375,0.001309662398137369,4,0.4564518928527832
TRAIN,181ec185,88,8,9,9,720,1280,1,0.89453125,3.234375,0.9621075391769409,1,20607,0.022360026041666668,1330,15.493984962406016,0.7640855679421512,204.59484641141358,109.79419614694037,196.6404455785651,118.50633035626656,0,0,0.0,0.0074555154246330226,6,0.24863076210021973
TRAIN,181ec185,89,0,1,9,720,1280,1,0.8828125,10.3125,0.9999667406082153,1,116795,0.12673068576388888,308698,0.37834712243033647,0.8300414343125954,583.5820197782439,300.75662485551607,583.3629024751428,311.9410535223186,1,111825,0.8755947888294556,0.0008205198335028504,3,0.32966363430023193
TRAIN,181ec185,89,1,2,9,720,1280,1,0.46875,4.6875,0.9908744096755981,1,10555,0.011452907986111111,24959,0.42289354541447977,0.3069225335530963,1020.6542870677404,337.6146849834202,1028.9764814489185,322.4293564269386,1,8170,0.03207848757096401,0.0,1,0.23996096849441528
TRAIN,181ec185,89,2,3,9,720,1280,1,0.734375,1.359375,0.7956580519676208,1,2832,0.0030729166666666665,4953,0.5717746820109025,0.39045226130653266,116.58827683615819,145.65148305084745,106.89045151739452,156.56254626202812,1,300,0.0,0.0,1,0.2574000656604767
TRAIN,181ec185,89,3,4,9,720,1280,1,0.9296875,8.5,0.9997965693473816,1,6817,0.007396918402777778,6739,1.0115744175693724,0.6882734958951109,820.7208449464574,103.28150212703535,818.8988651055882,114.21419336302256,1,6537,0.916750394717956,0.008978370289756496,8,0.22531263530254364
TRAIN,181ec185,89,4,5,9,720,1280,1,0.8203125,3.75,0.977022647857666,1,9055,0.009825303819444445,4395,2.0602957906712174,0.5189612857255957,856.8716731087796,244.09464384318056,871.3353074721153,261.89418616128717,0,0,0.0,0.0008279516476237788,1,0.22787371277809143
TRAIN,181ec185,89,5,6,9,720,1280,1,0.9453125,6.4375,0.9984021782875061,1,9103,0.009877387152777778,13482,0.6751965583741285,0.7319017254313578,391.31132593650443,108.18290673404373,388.29596412556054,119.09833440102499,1,9395,0.9389937106918239,0.0003805363908605086,1,0.2887210249900818
TRAIN,181ec185,89,6,7,9,720,1280,1,7.66053886991358e-15,-0.466796875,0.38537469506263733,0,0,0.0,3779,0.0,,,,,,0,0,,0.0,1,
TRAIN,181ec185,89,7,8,9,720,1280,1,0.71484375,7.4375,0.9994115829467773,1,575,0.0006239149305555555,404,1.4232673267326732,0.007049345417925478,843.6382608695652,64.05391304347826,837.6541176470588,72.38823529411765,1,600,0.7669172932330827,0.005798331211992646,4,0.4002375602722168
TRAIN,181ec185,89,8,9,9,720,1280,1,0.89453125,3.390625,0.9674102663993835,1,20326,0.022055121527777777,1330,15.282706766917293,0.7239302560646901,214.84099183312014,99.30699596575815,204.59484641141358,109.79419614694037,0,0,0.0,0.008380267354278347,6,0.2564699053764343
TRAIN,181ec185,90,0,1,9,720,1280,1,0.8828125,10.375,0.9999687671661377,1,117604,0.12760850694444445,308698,0.3809678067237235,0.8745771386985068,587.4668888813305,295.28231182612836,583.5820197782439,300.75662485551607,1,111814,0.8725707056278823,0.001616753288526977,3,0.31034621596336365
TRAIN,181ec185,90,1,2,9,720,1280,1,0.546875,3.40625,0.9678993225097656,1,10823,0.011743706597222223,24959,0.43363115509435474,0.5344530577088716,1038.145615818165,330.9387415688811,1020.6542870677404,337.6146849834202,1,3425,0.0002808199943836001,0.0,1,0.2589210271835327
TRAIN,181ec185,90,2,3,9,720,1280,1,0.69921875,1.484375,0.815232515335083,1,2441,0.0026486545138888888,4953,0.4928326266908944,0.48702763677382965,130.92380172060632,138.85620647275707,116.58827683615819,145.65148305084745,1,725,0.0,0.0,1,0.28035202622413635
TRAIN,181ec185,90,3,4,9,720,1280,1,0.92578125,8.1875,0.9997219443321228,1,6902,0.007489149305555555,6739,1.0241875649206114,0.7775330396475771,824.2200811359027,96.60793972761519,820.7208449464574,103.28150212703535,1,6461,0.8778808319280494,0.008042529989094875,8,0.23572097718715668
TRAIN,181ec185,90,4,5,9,720,1280,1,0.8515625,3.703125,0.9759464263916016,1,8631,0.009365234375,4395,1.9638225255972697,0.6347167020981607,853.6236820762368,236.58788089445025,856.8716731087796,244.09464384318056,0,0,0.0,0.0006812724840690246,1,0.228839710354805
TRAIN,181ec185,90,5,6,9,720,1280,1,0.94140625,6.4375,0.9984021782875061,1,9219,0.010003255208333334,13482,0.6838006230529595,0.7999803517044897,395.1032649962035,101.33669595400802,391.31132593650443,108.18290673404373,1,9613,0.9241851435577807,9.089256498818396e-05,1,0.30295330286026
TRAIN,181ec185,90,6,7,9,720,1280,1,5.7980287238024175e-12,-0.486328125,0.38075897097587585,0,0,0.0,3779,0.0,,,,,,0,0,,0.0,1,
TRAIN,181ec185,90,7,8,9,720,1280,1,0.6953125,7.53125,0.999464213848114,1,534,0.0005794270833333334,404,1.3217821782178218,0.06532180595581172,847.5917602996254,57.08052434456929,843.6382608695652,64.05391304347826,1,493,0.7985989492119089,0.0014316392269148174,4,0.44687366485595703
TRAIN,181ec185,90,8,9,9,720,1280,1,0.87890625,3.40625,0.9678993225097656,1,20579,0.022329644097222223,1330,15.472932330827067,0.8109173012218878,222.65304436561544,92.6981874726663,214.84099183312014,99.30699596575815,0,0,0.0,0.010915422219245966,6,0.23818433284759521
TRAIN,181ec185,91,0,1,9,720,1280,1,0.87890625,10.4375,0.9999706745147705,1,117293,0.12727105034722222,308698,0.3799603495973411,0.8571869070208729,589.4002455389494,287.20349040437196,587.4668888813305,295.28231182612836,1,111739,0.8730587109595427,0.00147132190663025,3,0.3392014503479004
TRAIN,181ec185,91,1,2,9,720,1280,1,0.64453125,2.71875,0.9381240010261536,1,11306,0.01226779513888889,24959,0.4529828919427862,0.5009835176015737,1050.4659472846276,322.4776225013267,1038.145615818165,330.9387415688811,1,430,0.00790106492614222,0.0,1,0.27743276953697205
TRAIN,181ec185,91,2,3,9,720,1280,1,0.65234375,1.5859375,0.8300437331199646,1,2157,0.0023404947916666665,4953,0.43549364021804965,0.5331777259086362,142.16458043579044,133.2188224385721,130.92380172060632,138.85620647275707,1,1142,0.0,0.0,1,0.26996704936027527
TRAIN,181ec185,91,3,4,9,720,1280,1,0.9296875,8.25,0.9997387528419495,1,6840,0.007421875,6739,1.0149873868526487,0.7381735390842398,825.2858187134503,88.06842105263158,824.2200811359027,96.60793972761519,1,6466,0.9101349411426931,0.010187449062754686,8,0.22504256665706635
TRAIN,181ec185,91,4,5,9,720,1280,1,0.83984375,3.84375,0.9790357351303101,1,8368,0.009079861111111111,4395,1.9039817974971558,0.5173614210479336,860.6172323135755,214.57624282982792,853.6236820762368,236.58788089445025,0,0,0.0,0.0029058358870732055,1,0.2477320432662964
TRAIN,181ec185,91,5,6,9,720,1280,1,0.91796875,6.71875,0.998793363571167,1,8977,0.009740668402777777,13482,0.6658507639816051,0.7858474825792522,395.85507407819983,92.92581040436671,395.1032649962035,101.33669595400802,1,9531,0.9367936375052324,2.4852335705350707e-05,1,0.2904908061027527
TRAIN,181ec185,91,6,7,9,720,1280,1,6.007030606269836e-08,-0.25,0.4378235340118408,0,0,0.0,3779,0.0,,,,,,0,0,,0.0,1,
TRAIN,181ec185,91,7,8,9,720,1280,1,0.7109375,7.40625,0.9993928670883179,1,594,0.00064453125,404,1.4702970297029703,0.13709677419354838,850.8686868686868,50.37373737373738,847.5917602996254,57.08052434456929,1,597,0.8183206106870229,0.004267425320056899,4,0.40270230174064636
TRAIN,181ec185,91,8,9,9,720,1280,1,0.89453125,3.53125,0.971563994884491,1,20620,0.022374131944444445,1330,15.503759398496241,0.7956328451882845,229.22584869059165,84.63918525703201,222.65304436561544,92.6981874726663,0,0,0.0,0.008057505850885991,6,0.2503053545951843
TRAIN,181ec185,92,0,1,9,720,1280,1,0.8828125,10.0625,0.9999573230743408,1,117754,0.1277712673611111,308698,0.38145371852101406,0.9329840951331436,587.616276304839,285.9492331470693,589.4002455389494,287.20349040437196,1,113122,0.8819674269225126,0.0013620312762737514,3,0.3178066611289978
TRAIN,181ec185,92,1,2,9,720,1280,1,0.671875,1.84375,0.8633915781974792,1,10776,0.011692708333333333,24959,0.43174806682960054,0.6449642431466031,1058.3075352635485,323.130289532294,1050.4659472846276,322.4776225013267,0,0,0.0,0.0,1,0.2472604215145111
TRAIN,181ec185,92,2,3,9,720,1280,1,0.67578125,1.8046875,0.8587185740470886,1,2238,0.002428385416666667,4953,0.451847365233192,0.8343071786310517,145.85075960679177,133.62198391420912,142.16458043579044,133.2188224385721,1,1348,0.0,0.0,1,0.26782774925231934
TRAIN,181ec185,92,3,4,9,720,1280,1,0.9375,8.25,0.9997387528419495,1,6829,0.0074099392361111115,6739,1.0133550971954295,0.9284706546275395,825.7759554839654,86.05549860887392,825.2858187134503,88.06842105263158,1,6118,0.8712241653418124,0.00578112395805324,8,0.2253207415342331
TRAIN,181ec185,92,4,5,9,720,1280,1,0.8125,3.796875,0.9780517220497131,1,6351,0.006891276041666667,4395,1.4450511945392492,0.5665176670923797,838.0870729019052,215.97858604944102,860.6172323135755,214.57624282982792,0,0,0.0,0.002130532884858957,1,0.25126880407333374
TRAIN,181ec185,92,5,6,9,720,1280,1,0.89453125,7.09375,0.9991704225540161,1,8734,0.009476996527777778,13482,0.6478267319388815,0.9190594864015603,396.7699793908862,91.30318296313258,395.85507407819983,92.92581040436671,1,8974,0.9139645482057933,6.565557087518876e-05,1,0.3124549984931946
TRAIN,181ec185,92,6,7,9,720,1280,1,1.4637180356658064e-12,-0.2451171875,0.4390257000923157,0,0,0.0,3779,0.0,,,,,,0,0,,0.0,1,
TRAIN,181ec185,92,7,8,9,720,1280,1,0.73046875,7.34375,0.99935382604599,1,632,0.0006857638888888889,404,1.5643564356435644,0.6026143790849673,852.4414556962025,48.504746835443036,850.8686868686868,50.37373737373738,1,652,0.8161244695898161,0.003866745984533016,4,0.34493690729141235
TRAIN,181ec185,92,8,9,9,720,1280,1,0.84375,3.65625,0.974821150302887,1,20525,0.022271050347222224,1330,15.43233082706767,0.9032750485706356,231.35527405602923,82.02869671132765,229.22584869059165,84.63918525703201,0,0,0.0,0.002753416275749541,6,0.25736626982688904
TRAIN,181ec185,93,0,1,9,720,1280,1,0.88671875,10.25,0.9999645948410034,1,117505,0.12750108506944444,308698,0.38064710493751175,0.9411128896516444,585.5057231607166,286.476907365644,587.616276304839,285.9492331470693,1,112125,0.8724670770987075,0.00032730477109647096,3,0.29030323028564453
TRAIN,181ec185,93,1,2,9,720,1280,1,0.66015625,0.8515625,0.700894832611084,1,11584,0.012569444444444444,24959,0.46412115870026843,0.6589998516100312,1058.5993611878453,323.4373273480663,1058.3075352635485,323.130289532294,0,0,0.0,0.0,1,0.22151969373226166
TRAIN,181ec185,93,2,3,9,720,1280,1,0.7109375,1.890625,0.8688268065452576,1,2503,0.0027159288194444444,4953,0.5053502927518676,0.8047202131709174,143.41989612465042,132.26648022373152,145.85075960679177,133.62198391420912,1,1689,0.0,0.0,1,0.25613710284233093
TRAIN,181ec185,93,3,4,9,720,1280,1,0.94921875,8.3125,0.9997546076774597,1,6677,0.007245008680555555,6739,0.9907998219320374,0.9424708758809147,823.9673506065599,86.39463831061855,825.7759554839654,86.05549860887392,1,6300,0.9305266289794704,0.010141706029452626,8,0.22506776452064514
TRAIN,181ec185,93,4,5,9,720,1280,1,0.828125,3.828125,0.9787126779556274,1,6608,0.007170138888888889,4395,1.5035267349260524,0.7082784075929344,838.2663438256659,215.22835956416466,838.0870729019052,215.97858604944102,0,0,0.0,0.00015162363644021396,1,0.22806258499622345
TRAIN,181ec185,93,5,6,9,720,1280,1,0.8515625,6.40625,0.9983515739440918,1,8358,0.009069010416666667,13482,0.6199376947040498,0.9067380633645694,396.58375209380233,92.98205312275664,396.7699793908862,91.30318296313258,1,8999,0.893835242771413,0.0001743288339891418,1,0.2656199634075165
TRAIN,181ec185,93,6,7,9,720,1280,1,0.000392913818359375,0.1376953125,0.5343695282936096,1,5564,0.006037326388888889,3779,1.4723471817941254,0.0,788.7072250179726,208.55823148813803,,,0,0,0.0,0.20642049234863605,3,0.25973913073539734
TRAIN,181ec185,93,7,8,9,720,1280,1,0.68359375,6.65625,0.9987157583236694,1,656,0.0007118055555555556,404,1.6237623762376239,0.7428958051420839,851.1539634146342,48.673780487804876,852.4414556962025,48.504746835443036,1,594,0.7337031900138696,0.0002876042565429968,4,0.32301846146583557
TRAIN,181ec185,93,8,9,9,720,1280,1,0.859375,3.75,0.977022647857666,1,19869,0.021559244791666668,1330,14.939097744360902,0.9138633563915475,237.80295938396497,82.02607076350093,231.35527405602923,82.02869671132765,0,0,0.0,0.005573359342343598,6,0.2675762176513672
TRAIN,181ec185,94,0,1,9,720,1280,1,0.890625,10.1875,0.999962329864502,1,116323,0.1262185329861111,308698,0.37681811997486214,0.9474468847079596,583.576119941886,286.6063031386742,585.5057231607166,286.476907365644,1,110894,0.8714233943367322,0.0004842820730671198,3,0.2833556830883026
TRAIN,181ec185,94,1,2,9,720,1280,1,0.66015625,0.96875,0.7248703241348267,1,14083,0.015281032986111111,24959,0.5642453623943267,0.6710286458333333,1056.859973017113,323.0384151104168,1058.5993611878453,323.4373273480663,0,0,0.0,0.0,1,0.24977701902389526
TRAIN,181ec185,94,2,3,9,720,1280,1,0.69921875,2.046875,0.8856314420700073,1,2222,0.0024110243055555556,4953,0.44861699979810216,0.8385214007782101,141.95094509450945,130.96354635463547,143.41989612465042,132.26648022373152,1,1434,0.0,0.0,1,0.25284555554389954
TRAIN,181ec185,94,3,4,9,720,1280,1,0.94921875,8.5,0.9997965693473816,1,6639,0.007203776041666667,6739,0.9851610031161894,0.9215007215007215,822.1513782196114,87.61048350655219,823.9673506065599,86.39463831061855,1,6248,0.9251568568867643,0.011728567439262776,8,0.1987183392047882
TRAIN,181ec185,94,4,5,9,720,1280,1,0.8671875,3.78125,0.9777138829231262,1,6376,0.006918402777777778,4395,1.4507394766780433,0.7270550678371908,830.1900878293601,213.64037013801757,838.2663438256659,215.22835956416466,0,0,0.0,0.0002814811023823537,1,0.24486130475997925
TRAIN,181ec185,94,5,6,9,720,1280,1,0.80859375,5.875,0.9971990585327148,1,8273,0.008976779513888889,13482,0.6136329921376651,0.9046037562986715,394.9802973528345,95.67037350417019,396.58375209380233,92.98205312275664,1,8970,0.8693625325238509,0.00014267729752412924,1,0.25953778624534607
TRAIN,181ec185,94,6,7,9,720,1280,1,0.07275390625,0.28515625,0.5708098411560059,1,6170,0.006694878472222222,3779,1.6327070653612066,0.5060967783339752,774.5437601296596,200.60761750405186,788.7072250179726,208.55823148813803,0,0,0.0,0.17418159357628166,3,0.2342880517244339
TRAIN,181ec185,94,7,8,9,720,1280,1,0.69140625,6.71875,0.998793363571167,1,688,0.0007465277777777778,404,1.702970297029703,0.7319587628865979,851.1656976744187,51.01744186046512,851.1539634146342,48.673780487804876,1,607,0.6709677419354839,0.00043271311120726956,4,0.3179529309272766
TRAIN,181ec185,94,8,9,9,720,1280,1,0.84375,3.78125,0.9777138829231262,1,19156,0.020785590277777776,1330,14.403007518796992,0.9206161720557114,241.05157652954688,82.60409271246607,237.80295938396497,82.02607076350093,0,0,0.0,0.007883609259657422,6,0.258930504322052
TRAIN,181ec185,95,0,1,9,720,1280,1,0.89453125,10.0625,0.9999573230743408,1,117073,0.12703233506944445,308698,0.37924767896131495,0.9487667618522786,583.2317784630103,287.3317331921109,583.576119941886,286.6063031386742,1,109840,0.869381467079681,0.0008973228567638636,6,0.2972055673599243
TRAIN,181ec185,95,1,2,9,720,1280,1,0.71875,0.70703125,0.6697448492050171,1,16739,0.018162977430555557,24959,0.6706598822068192,0.7774061472810103,1053.5265547523748,328.5665810382938,1056.859973017113,323.0384151104168,0,0,0.0,0.0,1,0.23688039183616638
TRAIN,181ec185,95,2,3,9,720,1280,1,0.640625,1.953125,0.8757869601249695,1,2255,0.002446831597222222,4953,0.455279628507975,0.8191791954490044,144.02527716186253,132.39866962305987,141.95094509450945,130.96354635463547,1,1258,0.0,0.0,1,0.23370614647865295
TRAIN,181ec185,95,3,4,9,720,1280,1,0.94921875,8.8125,0.9998511075973511,1,6638,0.007202690972222222,6739,0.9850126131473512,0.9608625018461084,822.6590840614643,88.4698704429045,822.1513782196114,87.61048350655219,1,6146,0.9060682868644699,0.005715878990659417,8,0.19216802716255188
TRAIN,181ec185,95,4,5,9,720,1280,1,0.87109375,3.703125,0.9759464263916016,1,5974,0.006482204861111111,4395,1.3592718998862343,0.79427575185239,828.9305323066623,208.25594241714094,830.1900878293601,213.64037013801757,0,0,0.0,0.00010362515327887256,1,0.21945570409297943
TRAIN,181ec185,95,5,6,9,720,1280,1,0.828125,5.625,0.9964063763618469,1,10307,0.011183810763888889,13482,0.764500815902685,0.7609705241209364,380.6735228485495,98.87222276123023,394.9802973528345,95.67037350417019,1,11201,0.8901485192020389,0.0,1,0.23959124088287354
TRAIN,181ec185,95,6,7,9,720,1280,1,0.3125,0.3046875,0.5755879878997803,1,1366,0.001482204861111111,3779,0.3614712887007145,0.19904534606205251,601.9209370424597,163.0446559297218,774.5437601296596,200.60761750405186,0,0,0.0,0.5609756097560976,3,0.26216426491737366
TRAIN,181ec185,95,7,8,9,720,1280,1,0.72265625,6.9375,0.9990302324295044,1,693,0.000751953125,404,1.7153465346534653,0.8413333333333334,852.8268398268398,52.60894660894661,851.1656976744187,51.01744186046512,1,576,0.7551867219917012,0.001464343242055938,4,0.32051151990890503
TRAIN,181ec185,95,8,9,9,720,1280,1,0.8125,3.640625,0.9744347929954529,1,18217,0.019766710069444443,1330,13.696992481203008,0.9082461067143222,242.40928802766646,80.73151451940495,241.05157652954688,82.60409271246607,0,0,0.0,0.057326672177694715,6,0.22728286683559418
TRAIN,181ec185,96,0,1,9,720,1280,1,0.89453125,9.875,0.9999485015869141,1,115863,0.12571940104166668,308698,0.3753279904631711,0.9365984652605149,582.5216678318359,287.15781569612386,583.2317784630103,287.3317331921109,1,108252,0.8645329828035175,0.0004326178096953584,6,0.3190600872039795
TRAIN,181ec185,96,1,2,9,720,1280,1,0.82421875,0.51953125,0.6270381808280945,1,19788,0.021471354166666668,24959,0.7928202251692776,0.7554306036139946,1050.2913887204365,328.2086112795634,1053.5265547523748,328.5665810382938,0,0,0.0,0.0,1,0.22526739537715912
TRAIN,181ec185,96,2,3,9,720,1280,1,0.5859375,2.09375,0.8902942538261414,1,2016,0.0021875,4953,0.40702604482132043,0.7825542570951586,142.58085317460316,130.74900793650792,144.02527716186253,132.39866962305987,1,1211,0.0,0.0,1,0.2701950669288635
TRAIN,181ec185,96,3,4,9,720,1280,1,0.9453125,8.5,0.9997965693473816,1,6583,0.007143012152777778,6739,0.9768511648612553,0.9456953642384106,822.8933616891994,89.78824244265533,822.6590840614643,88.4698704429045,1,5955,0.8674411677092643,0.0019420169232903315,8,0.20705300569534302
TRAIN,181ec185,96,4,5,9,720,1280,1,0.89453125,3.46875,0.9697853922843933,1,6184,0.006710069444444445,4395,1.4070534698521047,0.8561832061068703,829.3054657179819,207.51034928848642,828.9305323066623,208.25594241714094,0,0,0.0,0.0002447381302006853,1,0.2052910327911377
TRAIN,181ec185,96,5,6,9,720,1280,1,0.9296875,5.1875,0.9944451451301575,1,11256,0.012213541666666666,13482,0.8348909657320872,0.8536061205192126,373.25897299218195,102.2956645344705,380.6735228485495,98.87222276123023,1,11325,0.9245717207875224,5.020836471356128e-05,1,0.29829561710357666
TRAIN,181ec185,96,6,7,9,720,1280,1,0.0194091796875,0.5625,0.637030839920044,1,1243,0.0013487413194444445,3779,0.32892299550145543,0.796831955922865,595.0965406275141,162.0,601.9209370424597,163.0446559297218,0,0,0.0,0.6514131897711979,3,0.22628527879714966
TRAIN,181ec185,96,7,8,9,720,1280,1,0.7109375,6.6875,0.9987550973892212,1,706,0.0007660590277777778,404,1.7475247524752475,0.8383705650459922,854.3937677053824,54.406515580736546,852.8268398268398,52.60894660894661,1,640,0.6846057571964956,0.004221317654153475,4,0.3493801951408386
TRAIN,181ec185,96,8,9,9,720,1280,1,0.84375,3.546875,0.9719924926757812,1,15478,0.01679470486111111,1330,11.637593984962406,0.8184025903939558,237.2924796485334,80.12301330921308,242.40928802766646,80.73151451940495,0,0,0.0,0.017423322198603097,6,0.2423212230205536
TRAIN,181ec185,97,0,1,9,720,1280,1,0.890625,10.4375,0.9999706745147705,1,115657,0.12549587673611112,308698,0.3746606715948921,0.9148443444602508,582.5462099137968,282.85211444184097,582.5216678318359,287.15781569612386,1,109128,0.8722410088121137,0.00030108390204737056,6,0.3128787875175476
TRAIN,181ec185,97,1,2,9,720,1280,1,0.83203125,0.79296875,0.6884684562683105,1,22563,0.024482421875,24959,0.9040025642052967,0.7092868386003148,1043.1372601161193,325.4744049993352,1050.2913887204365,328.2086112795634,0,0,0.0,0.0,1,0.2458721101284027
TRAIN,181ec185,97,2,3,9,720,1280,1,0.64453125,2.078125,0.8887587189674377,1,1978,0.002146267361111111,4953,0.39935392691298205,0.6916560779330791,137.48281092012132,127.53033367037412,142.58085317460316,130.74900793650792,1,1189,0.0,0.0,1,0.26995253562927246
TRAIN,181ec185,97,3,4,9,720,1280,1,0.9453125,8.0,0.9996646642684937,1,6532,0.007087673611111111,6739,0.9692832764505119,0.9012757320962598,821.8280771586038,86.7624004898959,822.8933616891994,89.78824244265533,1,6123,0.906160566350354,0.012309413904042523,8,0.21446843445301056
TRAIN,181ec185,97,4,5,9,720,1280,1,0.875,3.59375,0.9732407331466675,1,5928,0.006432291666666667,4395,1.3488054607508533,0.7933076695291679,826.5210863697706,200.60408232118758,829.3054657179819,207.51034928848642,0,0,0.0,7.822889775483064e-05,1,0.21569739282131195
TRAIN,181ec185,97,5,6,9,720,1280,1,0.84765625,5.5625,0.9961755275726318,1,14467,0.01569769965277778,13482,1.0730603767986946,0.7144094908024526,355.63351074860026,99.79940554365106,373.25897299218195,102.2956645344705,1,13914,0.894339874516086,7.282378262910038e-05,1,0.2598658800125122
TRAIN,181ec185,97,6,7,9,720,1280,1,0.0216064453125,0.65625,0.6584175229072571,1,5451,0.005914713541666667,3779,1.442445091293993,0.024644114495637533,813.7405980554026,193.62263804806457,595.0965406275141,162.0,0,0,0.0,0.02453325104150594,3,0.2440398782491684
TRAIN,181ec185,97,7,8,9,720,1280,1,0.71484375,6.5625,0.9985895752906799,1,724,0.0007855902777777777,404,1.7920792079207921,0.7439024390243902,852.5649171270718,51.719613259668506,854.3937677053824,54.406515580736546,1,705,0.7490820073439413,0.00014607069821793748,4,0.3484514057636261
TRAIN,181ec185,97,8,9,9,720,1280,1,0.796875,3.59375,0.9732407331466675,1,12815,0.013905164930555556,1330,9.635338345864662,0.7370456777996071,228.11751853296917,73.69465470152166,237.2924796485334,80.12301330921308,0,0,0.0,0.009212761940721162,6,0.2304762601852417
TRAIN,181ec185,98,0,1,9,720,1280,1,0.89453125,10.0,0.9999545812606812,1,116196,0.12608072916666666,308698,0.37640671465315617,0.8847079289209709,576.9173723708217,281.8706581982168,582.5462099137968,282.85211444184097,1,110071,0.869867032485724,0.0006905291274291828,6,0.3320670425891876
TRAIN,181ec185,98,1,2,9,720,1280,1,0.875,0.60546875,0.6469064354896545,1,26658,0.02892578125,24959,1.0680716374854762,0.6624784679298814,1030.258796608898,327.09498086878233,1043.1372601161193,325.4744049993352,0,0,0.0,0.0,1,0.24117353558540344
TRAIN,181ec185,98,2,3,9,720,1280,1,0.67578125,2.203125,0.9005298018455505,1,2420,0.0026258680555555558,4953,0.488592772057339,0.7033307513555384,133.16611570247935,126.98719008264463,137.48281092012132,127.53033367037412,1,1367,0.0,0.0,1,0.2982715964317322
TRAIN,181ec185,98,3,4,9,720,1280,1,0.94921875,8.375,0.9997695088386536,1,6634,0.007198350694444445,6739,0.9844190532719989,0.8421715405065062,816.2710280373832,86.8837805245704,821.8280771586038,86.7624004898959,1,6144,0.8972531551596139,0.0063915520355703765,8,0.213573157787323
TRAIN,181ec185,98,4,5,9,720,1280,1,0.8828125,3.453125,0.9693241715431213,1,5753,0.006242404513888889,4395,1.3089874857792947,0.7238783943329398,818.6561793846689,201.4171736485312,826.5210863697706,200.60408232118758,0,0,0.0,8.63386374036245e-06,1,0.21633827686309814
TRAIN,181ec185,98,5,6,9,720,1280,1,0.88671875,5.8125,0.9970190525054932,1,15234,0.016529947916666666,13482,1.1299510458388964,0.833961099104662,346.05363003807275,96.71570171983721,355.63351074860026,99.79940554365106,1,15678,0.8847631241997439,0.00011173986958360935,1,0.23820744454860687
TRAIN,181ec185,98,6,7,9,720,1280,1,0.0113525390625,0.6796875,0.6636689305305481,1,1510,0.0016384548611111111,3779,0.39957660756813973,0.01045144433154304,585.4251655629139,155.5682119205298,813.7405980554026,193.62263804806457,0,0,0.0,0.793640897755611,3,0.20555350184440613
TRAIN,181ec185,98,7,8,9,720,1280,1,0.703125,6.3125,0.9981897473335266,1,700,0.0007595486111111111,404,1.7326732673267327,0.4957983193277311,848.5514285714286,51.94857142857143,852.5649171270718,51.719613259668506,1,609,0.6825192802056556,0.002783882783882784,4,0.33309757709503174
TRAIN,181ec185,98,8,9,9,720,1280,1,0.796875,3.703125,0.9759464263916016,1,12378,0.013430989583333334,1330,9.306766917293233,0.8283620001451484,223.67458393924704,72.0811924381968,228.11751853296917,73.69465470152166,0,0,0.0,0.06454183266932272,6,0.22765673696994781
TRAIN,181ec185,99,0,1,9,720,1280,1,0.890625,9.8125,0.9999452829360962,1,117471,0.12746419270833334,308698,0.3805369649301259,0.8829990410417993,568.565594912787,282.39115185875664,576.9173723708217,281.8706581982168,1,111781,0.867633401221996,0.0005803398708371775,6,0.3057557940483093
TRAIN,181ec185,99,1,2,9,720,1280,1,0.87109375,0.5703125,0.6388352513313293,1,28046,0.03043185763888889,24959,1.1236828398573662,0.7242640105906827,1017.7866005847536,327.68872566497896,1030.258796608898,327.09498086878233,0,0,0.0,0.0,1,0.1983756721019745
TRAIN,181ec185,99,2,3,9,720,1280,1,0.62890625,2.140625,0.894789457321167,1,2549,0.002765842013888889,4953,0.5146375933777508,0.5557294927989981,117.28050215770891,127.53275794429187,133.16611570247935,126.98719008264463,1,1510,0.0,0.0,1,0.2777641713619232
TRAIN,181ec185,99,3,4,9,720,1280,1,0.9453125,8.125,0.9997040629386902,1,6453,0.007001953125,6739,0.9575604689123015,0.7668421763196975,806.9147683248102,84.40570277390361,816.2710280373832,86.8837805245704,1,5968,0.8882639100030404,0.008966695132365499,8,0.22749069333076477
TRAIN,181ec185,99,4,5,9,720,1280,1,0.8984375,3.5,0.970687747001648,1,5359,0.005814887152777778,4395,1.2193401592719,0.6910668087049155,809.0602724388879,201.05635379735025,818.6561793846689,201.4171736485312,0,0,0.0,0.0002134653972591043,1,0.21493174135684967
TRAIN,181ec185,99,5,6,9,720,1280,1,0.91796875,5.125,0.9940890073776245,1,17449,0.01893337673611111,13482,1.2942441774217475,0.7481279418057338,324.4691386325864,94.56421571436759,346.05363003807275,96.71570171983721,1,17011,0.9325893107509394,0.0,1,0.21638643741607666
TRAIN,181ec185,99,6,7,9,720,1280,1,0.0302734375,0.98046875,0.7272012233734131,1,1655,0.0017957899305555555,3779,0.4379465467054776,0.788135593220339,581.0978851963746,156.16253776435045,585.4251655629139,155.5682119205298,0,0,0.0,0.7554076539101497,3,0.19973424077033997
TRAIN,181ec185,99,7,8,9,720,1280,1,0.703125,6.4375,0.9984021782875061,1,660,0.0007161458333333333,404,1.6336633663366336,0.39059304703476483,839.119696969697,47.24242424242424,848.5514285714286,51.94857142857143,1,636,0.667953667953668,0.004242424242424243,4,0.41995909810066223
TRAIN,181ec185,99,8,9,9,720,1280,1,0.68359375,3.640625,0.9744347929954529,1,9873,0.010712890625,1330,7.423308270676691,0.6558267599345141,224.3312063202674,65.33971437253115,223.67458393924704,72.0811924381968,0,0,0.0,0.02290541054714253,6,0.19759255647659302
TRAIN,181ec185,100,0,1,9,720,1280,1,0.89453125,9.6875,0.999937891960144,1,119250,0.12939453125,308698,0.3862998788459919,0.8604291103426596,563.729106918239,279.04049475890986,568.565594912787,282.39115185875664,1,112514,0.8703164214756651,0.00021495952973469033,3,0.3321232199668884
TRAIN,181ec185,100,1,2,9,720,1280,1,0.84375,0.81640625,0.6934729218482971,1,23696,0.025711805555555557,24959,0.9493970110982011,0.6522544386256227,1002.1055874409183,320.05541019581364,1017.7866005847536,327.68872566497896,0,0,0.0,0.0,1,0.2047244906425476
TRAIN,181ec185,100,2,3,9,720,1280,1,0.625,2.40625,0.917302668094635,1,2981,0.003234592013888889,4953,0.6018574601251767,0.38596491228070173,102.41496142234149,110.34485072123448,117.28050215770891,127.53275794429187,1,1729,0.0,0.0,1,0.2975560426712036
TRAIN,181ec185,100,3,4,9,720,1280,1,0.94140625,8.4375,0.999783456325531,1,6203,0.006730685763888889,6739,0.9204629767027749,0.7653787139071,800.7638239561503,79.74673545058843,806.9147683248102,84.40570277390361,1,5727,0.86697965571205,0.00586596275113653,8,0.22394457459449768
TRAIN,181ec185,100,4,5,9,720,1280,1,0.859375,3.375,0.9669140577316284,1,4279,0.004643012152777778,4395,0.9736063708759954,0.6706534928063789,796.7595232530965,191.59149333956532,809.0602724388879,201.05635379735025,0,0,0.0,0.0004111525118848773,1,0.24940498173236847
TRAIN,181ec185,100,5,6,9,720,1280,1,0.90625,5.25,0.9947799444198608,1,18987,0.020602213541666668,13482,1.408322207387628,0.7925809308275116,317.36651393058406,87.46010428187708,324.4691386325864,94.56421571436759,1,17669,0.8708722502934721,5.323436810805056e-05,1,0.25160059332847595
TRAIN,181ec185,100,6,7,9,720,1280,1,0.09423828125,1.125,0.7549149990081787,1,4228,0.004587673611111111,3779,1.1188145011907913,0.25624599615631005,725.8138599810785,172.95671712393568,581.0978851963746,156.16253776435045,0,0,0.0,0.21944728761514842,3,0.24505428969860077
TRAIN,181ec185,100,7,8,9,720,1280,1,0.74609375,6.5625,0.9985895752906799,1,861,0.0009342447916666667,404,2.131188118811881,0.45689655172413796,833.390243902439,44.59814169570267,839.119696969697,47.24242424242424,1,656,0.6489130434782608,0.007493500535250038,4,0.4125998020172119
TRAIN,181ec185,100,8,9,9,720,1280,1,0.70703125,3.734375,0.976669192314148,1,9395,0.010194227430555555,1330,7.06390977443609,0.5690553745928338,236.47791378392762,59.51325172964343,224.3312063202674,65.33971437253115,0,0,0.0,0.01132244684428833,6,0.21824447810649872
TRAIN,181ec185,101,0,1,9,720,1280,1,0.89453125,9.8125,0.9999452829360962,1,118695,0.12879231770833333,308698,0.3845020051960168,0.838506293317262,562.5687939677324,273.673625679262,563.729106918239,279.04049475890986,1,113746,0.8684967845659164,0.00022773186409550045,6,0.3138142228126526
TRAIN,181ec185,101,1,2,9,720,1280,1,0.89453125,0.9453125,0.7201715111732483,1,26425,0.028672960069444444,24959,1.0587363275772266,0.6648729446935725,997.9813434247872,311.9683254493851,1002.1055874409183,320.05541019581364,0,0,0.0,0.0,1,0.2318997085094452
TRAIN,181ec185,101,2,3,9,720,1280,1,0.69921875,2.078125,0.8887587189674377,1,2204,0.0023914930555555556,4953,0.4449828386836261,0.4331122166943063,78.1388384754991,117.13339382940109,102.41496142234149,110.34485072123448,1,1526,0.0,0.0,1,0.3085341155529022
TRAIN,181ec185,101,3,4,9,720,1280,1,0.94921875,8.875,0.9998601675033569,1,6266,0.006799045138888889,6739,0.9298115447395756,0.7594186538732891,795.4316948611554,74.08298755186722,800.7638239561503,79.74673545058843,1,5737,0.8526007099861089,0.012658227848101266,8,0.22884227335453033
TRAIN,181ec185,101,4,5,9,720,1280,1,0.83203125,3.734375,0.976669192314148,1,3187,0.0034581163194444446,4395,0.7251422070534699,0.3913529631010063,777.8490743646062,171.69344210856605,796.7595232530965,191.59149333956532,0,0,0.0,0.00012829504439008536,1,0.2400725781917572
TRAIN,181ec185,101,5,6,9,720,1280,1,0.87109375,5.875,0.9971990585327148,1,17151,0.01861002604166667,13482,1.272140631953716,0.7214309531748678,295.0360328843799,84.0095038190193,317.36651393058406,87.46010428187708,1,17461,0.9086798279475019,0.00015281523873560672,1,0.2838823199272156
TRAIN,181ec185,101,6,7,9,720,1280,1,0.357421875,1.1953125,0.7676898241043091,1,4732,0.005134548611111111,3779,1.2521831172267797,0.4442295293359123,685.0513524936601,159.45710059171597,725.8138599810785,172.95671712393568,0,0,0.0,0.32136824324324326,3,0.23159591853618622
TRAIN,181ec185,101,7,8,9,720,1280,1,0.73046875,6.46875,0.9984512329101562,1,655,0.0007107204861111111,404,1.6212871287128714,0.5084577114427861,830.3740458015267,41.030534351145036,833.390243902439,44.59814169570267,1,694,0.7011349306431274,0.0028239723878255413,4,0.4557735025882721
TRAIN,181ec185,101,8,9,9,720,1280,1,0.78515625,3.96875,0.9814534187316895,1,8918,0.009676649305555556,1330,6.705263157894737,0.556963101513348,250.29603050011212,54.154406817672125,236.47791378392762,59.51325172964343,0,0,0.0,0.02442718446601942,6,0.23627379536628723
TRAIN,181ec185,102,0,1,9,720,1280,1,0.8984375,10.25,0.9999645948410034,1,119343,0.12949544270833332,308698,0.386601144160312,0.8376771762962048,557.571152057515,266.82905574688084,562.5687939677324,273.673625679262,1,116531,0.8848658712971768,0.00020543522920702002,6,0.31456276774406433
TRAIN,181ec185,102,1,2,9,720,1280,1,0.8828125,0.99609375,0.730289876461029,1,26671,0.028939887152777777,24959,1.0685924916863656,0.6398282837641681,987.538187544524,307.2726556934498,997.9813434247872,311.9683254493851,0,0,0.0,0.0,1,0.20308785140514374
TRAIN,181ec185,102,2,3,9,720,1280,1,0.671875,2.109375,0.8918110132217407,1,2263,0.002455512152777778,4953,0.4568948112255199,0.4954804151322397,73.06539991162174,111.04507291206363,78.1388384754991,117.13339382940109,1,2322,0.0,0.0,1,0.3037183880805969
TRAIN,181ec185,102,3,4,9,720,1280,1,0.9453125,8.125,0.9997040629386902,1,6066,0.00658203125,6739,0.9001335509719542,0.7751547430545559,789.6836465545664,68.37883283877349,795.4316948611554,74.08298755186722,1,5499,0.8599228047603731,0.005949724825226833,8,0.20869183540344238
TRAIN,181ec185,102,4,5,9,720,1280,1,0.73828125,3.296875,0.9643214344978333,1,2431,0.0026378038194444444,4395,0.5531285551763367,0.3989043824701195,777.2858905800082,174.7408473879062,777.8490743646062,171.69344210856605,0,0,0.0,0.0032383747406770228,1,0.24232572317123413
TRAIN,181ec185,102,5,6,9,720,1280,1,0.8125,5.6875,0.9966233968734741,1,20008,0.021710069444444445,13482,1.4840528111556148,0.6992408999451253,292.6374450219912,73.17363054778089,295.0360328843799,84.0095038190193,1,16981,0.7657532938705366,0.0,1,0.2691017985343933
TRAIN,181ec185,102,6,7,9,720,1280,1,0.4375,1.2734375,0.7813306450843811,1,3431,0.003722873263888889,3779,0.907912146070389,0.48256447511805306,635.4057126202273,152.81492276304286,685.0513524936601,159.45710059171597,0,0,0.0,0.6376316538571022,3,0.2680578827857971
TRAIN,181ec185,102,7,8,9,720,1280,1,0.734375,7.15625,0.999220609664917,1,751,0.0008148871527777778,404,1.858910891089109,0.4894067796610169,822.3541944074567,33.812250332889484,830.3740458015267,41.030534351145036,1,697,0.7766871165644171,0.0054697554697554695,4,0.39798668026924133
TRAIN,181ec185,102,8,9,9,720,1280,1,0.7578125,3.796875,0.9780517220497131,1,7979,0.008657769097222223,1330,5.999248120300752,0.44492902343081925,274.258428374483,46.122446421857376,250.29603050011212,54.154406817672125,0,0,0.0,0.022113022113022112,6,0.234094500541687
TRAIN,181ec185,103,0,1,9,720,1280,1,0.90234375,10.125,0.9999599456787109,1,120308,0.13054253472222221,308698,0.38972717672288126,0.8289780966190948,557.2497589520232,257.07166605712007,557.571152057515,266.82905574688084,1,116059,0.8889261825417756,0.00026409031888906004,6,0.32632166147232056
TRAIN,181ec185,103,1,2,9,720,1280,1,0.88671875,0.9453125,0.7201715111732483,1,28672,0.03111111111111111,24959,1.1487639729155816,0.628501647834275,980.18603515625,294.52919224330356,987.538187544524,307.2726556934498,0,0,0.0,0.0,1,0.22398707270622253
TRAIN,181ec185,103,2,3,9,720,1280,1,0.69921875,2.203125,0.9005298018455505,1,1596,0.0017317708333333334,4953,0.32222895215021197,0.24323453608247422,51.81265664160401,97.66791979949875,73.06539991162174,111.04507291206363,1,2657,0.0,0.0,1,0.32012510299682617
TRAIN,181ec185,103,3,4,9,720,1280,1,0.93359375,7.90625,0.9996316432952881,1,6124,0.006644965277777777,6739,0.9087401691645645,0.7499282227964399,788.3109079033312,59.49869366427172,789.6836465545664,68.37883283877349,1,5643,0.8458039215686275,0.004425453990538684,8,0.21971453726291656
TRAIN,181ec185,103,4,5,9,720,1280,1,0.80859375,3.21875,0.961533784866333,1,2685,0.0029134114583333334,4395,0.6109215017064846,0.2499389201075006,794.5895716945996,182.81936685288642,777.2858905800082,174.7408473879062,0,0,0.0,0.0015941967863017164,1,0.30999088287353516
TRAIN,181ec185,103,5,6,9,720,1280,1,0.85546875,6.03125,0.9976032376289368,1,16103,0.01747287326388889,13482,1.1944073579587597,0.6039353291285422,253.34676768304044,68.98677265105881,292.6374450219912,73.17363054778089,1,16045,0.8797801426733716,4.5400889857441204e-05,1,0.32274848222732544
TRAIN,181ec185,103,6,7,9,720,1280,1,0.421875,1.2265625,0.7732163667678833,1,2854,0.0030967881944444445,3779,0.7552262503307753,0.37738330046022356,584.3903293622985,134.9873861247372,635.4057126202273,152.81492276304286,0,0,0.0,0.9075804776739356,3,0.22803835570812225
TRAIN,181ec185,103,7,8,9,720,1280,1,0.70703125,5.90625,0.997285008430481,1,536,0.0005815972222222222,404,1.3267326732673268,0.27299703264094954,819.2537313432836,23.455223880597014,822.3541944074567,33.812250332889484,1,458,0.6876061120543294,0.0029216036357734136,4,0.42771023511886597
TRAIN,181ec185,103,8,9,9,720,1280,1,0.7421875,3.875,0.9796676635742188,1,8644,0.009379340277777778,1330,6.499248120300752,0.3502558687352774,297.89426191577974,35.94076816288755,274.258428374483,46.122446421857376,0,0,0.0,0.011305452013271617,6,0.20392584800720215
TRAIN,181ec185,104,0,1,9,720,1280,1,0.90625,9.9375,0.9999517202377319,1,121358,0.1316818576388889,308698,0.39312855930391516,0.8494658217773288,555.8249806358048,247.93225003708037,557.2497589520232,257.07166605712007,1,118232,0.8892130578773064,0.0005397523583955659,3,0.3302997648715973
TRAIN,181ec185,104,1,2,9,720,1280,1,0.8671875,0.87890625,0.7065955400466919,1,29307,0.03180013020833333,24959,1.1742056973436437,0.670142589658649,969.244856177705,285.17251851093596,980.18603515625,294.52919224330356,0,0,0.0,2.033402017134801e-05,1,0.21511805057525635
TRAIN,181ec185,104,2,3,9,720,1280,1,0.72265625,2.125,0.8933094143867493,1,2055,0.0022298177083333332,4953,0.4149000605693519,0.472771278741428,47.53625304136253,90.45985401459853,51.81265664160401,97.66791979949875,1,2840,0.0,0.0,1,0.2920578718185425
TRAIN,181ec185,104,3,4,9,720,1280,1,0.9375,7.71875,0.999555766582489,1,6397,0.006941189236111111,6739,0.9492506306573676,0.7455736790743064,789.8514928872909,50.94513052993591,788.3109079033312,59.49869366427172,1,5999,0.8951230698669929,0.005338078291814947,8,0.21520470082759857
TRAIN,181ec185,104,4,5,9,720,1280,1,0.84375,3.171875,0.9597620368003845,1,2532,0.0027473958333333335,4395,0.5761092150170648,0.3736176935229068,769.0489731437599,150.61058451816746,794.5895716945996,182.81936685288642,0,0,0.0,0.0002484801298722812,1,0.2153637558221817
TRAIN,181ec185,104,5,6,9,720,1280,1,0.83203125,5.90625,0.997285008430481,1,15270,0.016569010416666665,13482,1.1326212728081888,0.6738515712532679,233.97092337917485,59.06882776686313,253.34676768304044,68.98677265105881,1,14988,0.8735603715170278,7.490580594901911e-06,1,0.32449600100517273
TRAIN,181ec185,104,6,7,9,720,1280,1,0.349609375,1.46875,0.8128673434257507,1,2809,0.0030479600694444443,3779,0.7433183381847049,0.5321969696969697,583.4304022783909,125.90850836596654,584.3903293622985,134.9873861247372,0,0,0.0,0.902020202020202,3,0.2795293629169464
TRAIN,181ec185,104,7,8,9,720,1280,1,0.703125,5.34375,0.9952448010444641,1,322,0.0003493923611111111,404,0.7970297029702971,0.1933240611961057,822.083850931677,15.835403726708075,819.2537313432836,23.455223880597014,1,383,0.6785714285714286,0.0011086474501108647,4,0.4608699083328247
TRAIN,181ec185,104,8,9,9,720,1280,1,0.796875,3.828125,0.9787126779556274,1,8309,0.00901584201388889,1330,6.247368421052632,0.3950789993416722,327.6418341557347,31.674690095077626,297.89426191577974,35.94076816288755,0,0,0.0,0.005524623419223963,6,0.19467836618423462
TRAIN,181ec185,105,0,1,9,720,1280,1,0.90625,10.3125,0.9999667406082153,1,121490,0.13182508680555555,308698,0.39355616168553087,0.8432066063011848,549.5059840316076,239.43159107745493,555.8249806358048,247.93225003708037,1,117389,0.8840226512713736,8.033612635265952e-06,3,0.3402125835418701
TRAIN,181ec185,105,1,2,9,720,1280,1,0.84375,1.0234375,0.735641598701477,1,26855,0.029139539930555555,24959,1.0759645819143395,0.6267524041246669,950.1711785514801,282.18834481474585,969.244856177705,285.17251851093596,0,0,0.0,2.079852469131523e-05,1,0.20093299448490143
TRAIN,181ec185,105,2,3,9,720,1280,1,0.6484375,2.3125,0.9099069833755493,1,1860,0.002018229166666667,4953,0.37552998182919445,0.668086919471666,48.446774193548386,87.09623655913978,47.53625304136253,90.45985401459853,1,2988,0.0,0.002279954400911982,6,0.3301865756511688
TRAIN,181ec185,105,3,4,9,720,1280,1,0.94921875,7.53125,0.999464213848114,1,6534,0.00708984375,6739,0.9695800563881881,0.7109023551204022,787.9543924089379,42.019283746556475,789.8514928872909,50.94513052993591,1,5979,0.8847718029823769,0.007172743574417215,8,0.2957618236541748
TRAIN,181ec185,105,4,5,9,720,1280,1,0.90234375,3.15625,0.9591543078422546,1,2767,0.003002387152777778,4395,0.6295790671217293,0.61161800486618,767.4232020238526,141.94868088182147,769.0489731437599,150.61058451816746,0,0,0.0,0.0007912644405760405,1,0.2237752228975296
TRAIN,181ec185,105,5,6,9,720,1280,1,0.8828125,5.96875,0.9974491000175476,1,15415,0.01672634548611111,13482,1.1433763536567274,0.6281969648731827,201.29672397015892,52.424781057411614,233.97092337917485,59.06882776686313,1,14845,0.8867689238059608,0.0,1,0.3757700026035309
TRAIN,181ec185,105,6,7,9,720,1280,1,0.56640625,1.578125,0.8289388418197632,1,3096,0.003359375,3779,0.8192643556496427,0.6462224700306662,578.1944444444445,118.77906976744185,583.4304022783909,125.90850836596654,0,0,0.0,0.8509278977791299,3,0.24860940873622894
TRAIN,181ec185,105,7,8,9,720,1280,1,0.69140625,2.953125,0.9504110217094421,1,183,0.00019856770833333334,404,0.452970297029703,0.21103117505995203,819.7213114754098,7.300546448087432,822.083850931677,15.835403726708075,1,206,0.531496062992126,0.0062050947093403004,4,0.42625123262405396
TRAIN,181ec185,105,8,9,9,720,1280,1,0.87890625,3.5,0.970687747001648,1,8715,0.009456380208333334,1330,6.552631578947368,0.5622648435349179,319.35754446356856,34.19334480780264,327.6418341557347,31.674690095077626,0,0,0.0,0.003321693211821821,6,0.20977064967155457
TRAIN,181ec185,106,0,1,9,720,1280,1,0.91015625,10.125,0.9999599456787109,1,121342,0.13166449652777779,308698,0.39307672871220417,0.8515028134864358,539.8960046809843,232.58167823177465,549.5059840316076,239.43159107745493,1,117519,0.8894540334446044,0.001909057956421926,3,0.3119038939476013
TRAIN,181ec185,106,1,2,9,720,1280,1,0.87890625,0.890625,0.709019124507904,1,32158,0.034893663194444445,24959,1.288433030169478,0.6371126584736594,938.6882890727036,271.8432427389763,950.1711785514801,282.18834481474585,0,0,0.0,0.0,1,0.1977061629295349
TRAIN,181ec185,106,2,3,9,720,1280,1,0.75,2.390625,0.9161096215248108,1,1525,0.0016547309027777778,4953,0.3078942055320008,0.5186182144459399,34.23540983606557,79.64590163934426,48.446774193548386,87.09623655913978,1,3040,0.0,0.002700831024930748,6,0.32243797183036804
TRAIN,181ec185,106,3,4,9,720,1280,1,0.9453125,7.0,0.9990890026092529,1,6195,0.006722005208333334,6739,0.91927585695207,0.7017379679144385,779.1401129943503,36.38272800645682,787.9543924089379,42.019283746556475,1,5635,0.8840579710144928,0.0,1,0.25327587127685547
TRAIN,181ec185,106,4,5,9,720,1280,1,0.8515625,3.125,0.957912266254425,1,3011,0.003267144097222222,4395,0.6850967007963595,0.5334394904458599,752.748588508801,131.31584191298572,767.4232020238526,141.94868088182147,0,0,0.0,0.0004150066401062417,1,0.24576567113399506
TRAIN,181ec185,106,5,6,9,720,1280,1,0.859375,5.5,0.9959298968315125,1,12988,0.014092881944444444,13482,0.9633585521435989,0.5815468567292166,173.53895903911302,45.05528179858331,201.29672397015892,52.424781057411614,1,12954,0.8552528069799041,0.0,1,0.3243362009525299
TRAIN,181ec185,106,6,7,9,720,1280,1,0.408203125,1.6328125,0.8365545868873596,1,2885,0.0031304253472222224,3779,0.7634294786980683,0.5873142250530785,564.842287694974,111.69566724436741,578.1944444444445,118.77906976744185,0,0,0.0,0.8219557195571956,3,0.23136109113693237
TRAIN,181ec185,106,7,8,9,720,1280,1,8.487701416015625e-05,-0.015869140625,0.49603280425071716,0,0,0.0,404,0.0,0.0,,,819.7213114754098,7.300546448087432,0,0,,0.0,1,
TRAIN,181ec185,106,8,9,9,720,1280,1,0.8828125,3.546875,0.9719924926757812,1,9332,0.010125868055555556,1330,7.016541353383459,0.5303145934028661,304.8091513073296,36.830261465923705,319.35754446356856,34.19334480780264,0,0,0.0,0.0007633930576137232,6,0.20012852549552917
TRAIN,181ec185,107,0,1,9,720,1280,1,0.90625,9.5625,0.999929666519165,1,121857,0.13222330729166668,308698,0.3947450258829017,0.8320213334940376,526.4295937040957,224.65420123587484,539.8960046809843,232.58167823177465,1,115723,0.8696045642337202,4.820090135685537e-05,3,0.31782689690589905
TRAIN,181ec185,107,1,2,9,720,1280,1,0.84375,1.09375,0.7490872144699097,1,39157,0.04248806423611111,24959,1.5688529187868103,0.6900090051661216,932.5928441913323,264.57417575401587,938.6882890727036,271.8432427389763,0,0,0.0,4.5198323787877806e-05,1,0.1943027675151825
TRAIN,181ec185,107,2,3,9,720,1280,1,0.69140625,2.109375,0.8918110132217407,1,1246,0.0013519965277777777,4953,0.2515647082576216,0.5326327433628318,24.8338683788122,73.56019261637239,34.23540983606557,79.64590163934426,1,2628,0.0,0.0008646031471554556,6,0.2952865958213806
TRAIN,181ec185,107,3,4,9,720,1280,1,0.94921875,6.75,0.9988304972648621,1,5665,0.006146918402777778,6739,0.8406291734678736,0.7161047605266966,769.7849955869374,31.654192409532214,779.1401129943503,36.38272800645682,1,5293,0.9034219211394824,0.0,1,0.2532224953174591
TRAIN,181ec185,107,4,5,9,720,1280,1,0.890625,3.03125,0.9539660811424255,1,3238,0.0035134548611111113,4395,0.7367463026166098,0.5433440355643369,749.1741815935762,127.08214947498456,752.748588508801,131.31584191298572,0,0,0.0,0.00031953448870277406,1,0.18874795734882355
TRAIN,181ec185,107,5,6,9,720,1280,1,0.86328125,5.84375,0.9971103668212891,1,10778,0.011694878472222222,13482,0.7994362854175938,0.5405457963311078,141.87131193171274,38.30246799035071,173.53895903911302,45.05528179858331,1,10330,0.8786044855820577,0.0,1,0.3805360496044159
TRAIN,181ec185,107,6,7,9,720,1280,1,0.6328125,1.6953125,0.8449215292930603,1,2819,0.0030588107638888887,3779,0.7459645408838317,0.6072132995209918,549.9400496630011,104.8116353316779,564.842287694974,111.69566724436741,0,0,0.0,0.8847750865051903,3,0.23884092271327972
TRAIN,181ec185,107,7,8,9,720,1280,1,8.543513119185775e-17,-1.5,0.18242552876472473,0,0,0.0,404,0.0,,,,,,0,0,,0.0,1,
TRAIN,181ec185,107,8,9,9,720,1280,1,0.8515625,3.25,0.9626730680465698,1,10490,0.011382378472222222,1330,7.887218045112782,0.5993222527029207,280.03193517635845,35.8278360343184,304.8091513073296,36.830261465923705,0,0,0.0,0.0,1,0.18292471766471863
TRAIN,181ec185,108,0,1,9,720,1280,1,0.90625,9.875,0.9999485015869141,1,120326,0.13056206597222222,308698,0.3897854861385561,0.8487251908396947,517.1068929408441,218.27380615993218,526.4295937040957,224.65420123587484,1,115597,0.8876256160788581,4.887744794551794e-05,3,0.3033611476421356
TRAIN,181ec185,108,1,2,9,720,1280,1,0.8515625,1.203125,0.7690802216529846,1,42288,0.045885416666666665,24959,1.6942986497856485,0.7252007032557352,919.7841468028755,257.0758844116534,932.5928441913323,264.57417575401587,0,0,0.0,0.000278761538510273,1,0.20931173861026764
TRAIN,181ec185,108,2,3,9,720,1280,1,0.5546875,0.62890625,0.6522414088249207,1,350,0.00037977430555555556,4953,0.07066424389259035,0.277822257806245,9.697142857142858,71.37428571428572,24.8338683788122,73.56019261637239,1,2436,0.0,0.0,1,0.22785569727420807
TRAIN,181ec185,108,3,4,9,720,1280,1,0.94140625,6.59375,0.9986329674720764,1,5011,0.005437282986111111,6739,0.7435821338477518,0.6972972972972973,759.9918180003991,26.97126322091399,769.7849955869374,31.654192409532214,1,4498,0.8572265625,0.0,1,0.25022199749946594
TRAIN,181ec185,108,4,5,9,720,1280,1,0.765625,3.328125,0.9653811454772949,1,2955,0.0032063802083333332,4395,0.6723549488054608,0.5049817739975698,734.9191201353638,113.62131979695431,749.1741815935762,127.08214947498456,0,0,0.0,0.00020248380129589633,1,0.23262330889701843
TRAIN,181ec185,108,5,6,9,720,1280,1,0.81640625,5.5,0.9959298968315125,1,9457,0.01026150173611111,13482,0.7014537902388369,0.529709706682794,106.61985830601671,33.143808818864336,141.87131193171274,38.30246799035071,1,8461,0.8029784664922519,0.0,1,0.40174561738967896
TRAIN,181ec185,108,6,7,9,720,1280,1,0.3828125,2.0625,0.8872045874595642,1,2858,0.003101128472222222,3779,0.7562847314104261,0.6317907444668008,536.8960811756473,97.15640307907627,549.9400496630011,104.8116353316779,0,0,0.0,0.8439568094740508,3,0.22349658608436584
TRAIN,181ec185,108,7,8,9,720,1280,1,2.7529604761530452e-24,-2.328125,0.08882029354572296,0,0,0.0,404,0.0,,,,,,0,0,,0.0,1,
TRAIN,181ec185,108,8,9,9,720,1280,1,0.84375,3.09375,0.9566342234611511,1,11249,0.012205946180555555,1330,8.457894736842105,0.657188595822534,255.80104898213173,36.32785136456574,280.03193517635845,35.8278360343184,0,0,0.0,0.0,1,0.20570886135101318
TRAIN,181ec185,109,0,1,9,720,1280,1,0.90234375,9.5,0.9999251365661621,1,120414,0.13065755208333332,308698,0.39007055439296656,0.8719771076655106,507.75121663593933,214.93666018901456,517.1068929408441,218.27380615993218,1,116794,0.8865409545320788,0.00046286521689701654,3,0.29403382539749146
TRAIN,181ec185,109,1,2,9,720,1280,1,0.88671875,1.359375,0.7956580519676208,1,45208,0.049053819444444445,24959,1.811290516446973,0.7848677097570429,910.000088479915,251.57748628561316,919.7841468028755,257.0758844116534,0,0,0.0,0.0002593232897011608,1,0.20073983073234558
TRAIN,181ec185,109,2,3,9,720,1280,1,5.542110104105285e-23,-2.25,0.09534945338964462,0,0,0.0,4953,0.0,0.0,,,9.697142857142858,71.37428571428572,1,2789,0.0,0.0,1,
TRAIN,181ec185,109,3,4,9,720,1280,1,0.94140625,6.9375,0.9990302324295044,1,4770,0.00517578125,6739,0.7078201513577682,0.7016353514265832,750.2823899371069,24.061215932914045,759.9918180003991,26.97126322091399,1,4262,0.871529216742644,0.0,1,0.2567386329174042
TRAIN,181ec185,109,4,5,9,720,1280,1,0.8671875,3.328125,0.9653811454772949,1,3843,0.004169921875,4395,0.8744027303754266,0.6723247232472325,733.368462138954,115.76164454852979,734.9191201353638,113.62131979695431,0,0,0.0,0.0008960499132988741,1,0.21477079391479492
TRAIN,181ec185,109,5,6,9,720,1280,1,0.80078125,6.15625,0.9978843331336975,1,8487,0.009208984375,13482,0.6295060080106809,0.7267128560431101,95.88983150701073,32.26758571933546,106.61985830601671,33.143808818864336,1,7356,0.7711570709893796,0.0,1,0.4432145357131958
TRAIN,181ec185,109,6,7,9,720,1280,1,0.67578125,2.3125,0.9099069833755493,1,2857,0.003100043402777778,3779,0.7560201111405134,0.7876133875508289,529.7406370318516,93.63318165908295,536.8960811756473,97.15640307907627,0,0,0.0,0.8319273199221285,3,0.24184218049049377
TRAIN,181ec185,109,7,8,9,720,1280,1,4.52364397489937e-24,-2.5625,0.07159119844436646,0,0,0.0,404,0.0,,,,,,0,0,,0.0,1,
TRAIN,181ec185,109,8,9,9,720,1280,1,0.828125,3.296875,0.9643214344978333,1,10753,0.011667751736111112,1330,8.084962406015038,0.7915479195505252,242.77364456430763,33.536687436064355,255.80104898213173,36.32785136456574,0,0,0.0,0.0020473660911907924,6,0.21981382369995117
TRAIN,181ec185,110,0,1,9,720,1280,1,0.90234375,10.0625,0.9999573230743408,1,120520,0.13077256944444443,308698,0.3904139320630519,0.7606857593849796,495.36879356123467,231.84434118818453,507.75121663593933,214.93666018901456,1,115501,0.8814249728971366,0.00041268813723903543,3,0.3259839415550232
TRAIN,181ec185,110,1,2,9,720,1280,1,0.87109375,1.625,0.8354835510253906,1,45944,0.049852430555555556,24959,1.8407788773588685,0.6507660545474302,894.9375544140693,269.4512232282779,910.000088479915,251.57748628561316,0,0,0.0,0.0001486795398368242,1,0.22711314260959625
TRAIN,181ec185,110,2,3,9,720,1280,1,4.354512196819985e-28,-2.90625,0.05184546485543251,0,0,0.0,4953,0.0,,,,,,1,3111,0.0,0.0,1,
TRAIN,181ec185,110,3,4,9,720,1280,1,0.94921875,7.8125,0.999595582485199,1,5940,0.0064453125,6739,0.8814364148983529,0.5942244715689193,741.1340067340068,33.65791245791246,750.2823899371069,24.061215932914045,1,5412,0.8964249916471767,0.0,1,0.24670065939426422
TRAIN,181ec185,110,4,5,9,720,1280,1,0.8671875,3.421875,0.9683812260627747,1,4035,0.004378255208333333,4395,0.9180887372013652,0.32648594039400575,724.3511771995044,133.8096654275093,733.368462138954,115.76164454852979,0,0,0.0,0.0001589732004652058,1,0.22665093839168549
TRAIN,181ec185,110,5,6,9,720,1280,1,0.82421875,6.875,0.9989677667617798,1,8168,0.008862847222222222,13482,0.6058448301438956,0.49506283662477557,66.72465719882469,42.119613124387854,95.88983150701073,32.26758571933546,1,7778,0.8656838656838657,0.0,1,0.4656062722206116
TRAIN,181ec185,110,6,7,9,720,1280,1,0.62890625,2.5,0.9241418242454529,1,2902,0.0031488715277777778,3779,0.7679280232865837,0.22297727755362073,524.1354238456237,111.3907649896623,529.7406370318516,93.63318165908295,0,0,0.0,0.8598824621094958,3,0.21970823407173157
TRAIN,181ec185,110,7,8,9,720,1280,1,1.0972125985553305e-16,-1.484375,0.18476751446723938,0,0,0.0,404,0.0,,,,,,0,0,,0.0,1,
TRAIN,181ec185,110,8,9,9,720,1280,1,0.78125,3.171875,0.9597620368003845,1,16804,0.018233506944444443,1330,12.634586466165414,0.6216677455422821,221.27564865508214,41.72512497024518,242.77364456430763,33.536687436064355,0,0,0.0,0.00040696727983070163,6,0.2127057909965515
TRAIN,181ec185,111,0,1,9,720,1280,1,0.8984375,10.4375,0.9999706745147705,1,119741,0.12992730034722222,308698,0.38789043012912294,0.5950090617593754,486.6263936329244,276.67528248469614,495.36879356123467,231.84434118818453,1,117616,0.9065125544185448,0.00010595551498455494,3,0.39898228645324707
TRAIN,181ec185,111,1,2,9,720,1280,1,0.80859375,1.6953125,0.8449215292930603,1,36333,0.039423828125,24959,1.4557073600705157,0.4540682878552241,872.1814879035587,313.5019128615859,894.9375544140693,269.4512232282779,0,0,0.0,0.0001754135211340809,1,0.22353559732437134
TRAIN,181ec185,111,2,3,9,720,1280,1,2.9335764912906377e-30,-3.265625,0.03676946833729744,0,0,0.0,4953,0.0,,,,,,1,2965,0.0,0.0,1,
TRAIN,181ec185,111,3,4,9,720,1280,1,0.94140625,6.96875,0.9990600943565369,1,6747,0.007320963541666667,6739,1.001187119750705,0.21920046127234288,732.7012005335705,74.60412034978509,741.1340067340068,33.65791245791246,1,6081,0.8820422535211268,0.0,1,0.3332243263721466
TRAIN,181ec185,111,4,5,9,720,1280,1,0.85546875,3.546875,0.9719924926757812,1,3373,0.003659939236111111,4395,0.7674630261660979,0.04338028169014085,718.9407056033205,177.00592943966794,724.3511771995044,133.8096654275093,0,0,0.0,4.959374457568419e-05,1,0.26222601532936096
TRAIN,181ec185,111,5,6,9,720,1280,1,0.8203125,6.03125,0.9976032376289368,1,6988,0.007582465277777777,13482,0.5183207239282006,0.1971563981042654,53.638666285060104,86.21951917572983,66.72465719882469,42.119613124387854,1,8272,0.8001651527663088,0.0,1,0.4937538206577301
TRAIN,181ec185,111,6,7,9,720,1280,1,0.52734375,2.3125,0.9099069833755493,1,3184,0.0034548611111111112,3779,0.8425509394019582,0.0,525.0219849246231,157.62217336683418,524.1354238456237,111.3907649896623,0,0,0.0,0.8689969604863221,3,0.21079662442207336
TRAIN,181ec185,111,7,8,9,720,1280,1,3.635980405647388e-15,-1.9453125,0.1250653713941574,0,0,0.0,404,0.0,,,,,,0,0,,0.0,1,
TRAIN,181ec185,111,8,9,9,720,1280,1,0.921875,3.484375,0.9702399373054504,1,20351,0.02208224826388889,1330,15.301503759398496,0.3403196132895639,207.85691120829443,82.4605670483023,221.27564865508214,41.72512497024518,0,0,0.0,0.0016096861112083144,6,0.29170992970466614
TRAIN,181ec185,112,0,1,9,720,1280,1,0.89453125,10.5,0.9999724626541138,1,116563,0.12647894965277778,308698,0.377595578850527,0.47722314256243553,469.96377066479073,343.13590075753024,486.6263936329244,276.67528248469614,1,113534,0.8840334070253009,0.0004185571497932328,3,0.4113530218601227
TRAIN,181ec185,112,1,2,9,720,1280,1,0.84375,2.125,0.8933094143867493,1,40738,0.044203559027777777,24959,1.6321968027565208,0.36319578329235724,863.0330649516422,383.1363837203594,872.1814879035587,313.5019128615859,0,0,0.0,0.00036312704258961454,1,0.24353064596652985
TRAIN,181ec185,112,2,3,9,720,1280,1,3.3068166260807885e-18,-2.203125,0.09947021305561066,0,0,0.0,4953,0.0,,,,,,1,2945,0.0,0.0,1,
TRAIN,181ec185,112,3,4,9,720,1280,1,0.93359375,6.8125,0.9989012479782104,1,6449,0.006997612847222222,6739,0.9569669090369491,0.040365815200252286,720.409986044348,142.58086525042643,732.7012005335705,74.60412034978509,1,5964,0.8739432367149759,0.0,1,0.2988193929195404
TRAIN,181ec185,112,4,5,9,720,1280,1,0.81640625,4.34375,0.9871788024902344,1,4597,0.004988064236111111,4395,1.0459613196814561,0.0,692.9245159886883,241.40200130519904,718.9407056033205,177.00592943966794,0,0,0.0,0.004720351092059604,1,0.28607746958732605
TRAIN,181ec185,112,5,6,9,720,1280,1,0.828125,6.375,0.9982993006706238,1,5853,0.006350911458333333,13482,0.4341344014241211,0.030495144851938046,38.98359815479241,155.3249615581753,53.638666285060104,86.21951917572983,1,6322,0.9041288708163904,0.0,1,0.4500427544116974
TRAIN,181ec185,112,6,7,9,720,1280,1,0.5703125,2.671875,0.9353464841842651,1,2934,0.00318359375,3779,0.7763958719237893,0.0,507.31526925698705,222.35889570552146,525.0219849246231,157.62217336683418,0,0,0.0,0.9075275794938352,3,0.21277350187301636
TRAIN,181ec185,112,7,8,9,720,1280,1,1.1368683772161603e-12,-1.375,0.2018132209777832,0,0,0.0,404,0.0,,,,,,0,0,,0.0,1,
TRAIN,181ec185,112,8,9,9,720,1280,1,0.94140625,3.25,0.9626730680465698,1,21282,0.023092447916666668,1330,16.001503759398496,0.16433145957434908,197.3538671177521,150.16488112019547,207.85691120829443,82.4605670483023,0,0,0.0,0.00036239762267159525,6,0.30431240797042847
TRAIN,181ec185,113,0,1,9,720,1280,1,0.89453125,10.375,0.9999687671661377,1,115573,0.1254047309027778,308698,0.3743885609884094,0.772693602950722,455.62200513960875,358.8686457909719,469.96377066479073,343.13590075753024,1,112021,0.8851799085547677,0.0,2,0.3113816976547241
TRAIN,181ec185,113,1,2,9,720,1280,1,0.875,1.921875,0.8723474144935608,1,42745,0.04638129340277778,24959,1.712608678232301,0.6767021490259089,851.3387062814364,397.37234764299916,863.0330649516422,383.1363837203594,0,0,0.0,1.9384478202154262e-05,1,0.2868667244911194
TRAIN,181ec185,113,2,3,9,720,1280,1,1.6209256159527285e-14,-1.640625,0.16238002479076385,0,0,0.0,4953,0.0,,,,,,1,2999,0.0,0.0,1,
TRAIN,181ec185,113,3,4,9,720,1280,1,0.9453125,7.78125,0.9995827078819275,1,6881,0.007466362847222222,6739,1.0210713755750112,0.5220369947476593,711.3660805115536,160.20505740444702,720.409986044348,142.58086525042643,1,6418,0.8855806039982986,0.0,1,0.2425721436738968
TRAIN,181ec185,113,4,5,9,720,1280,1,0.7578125,4.53125,0.9893474578857422,1,2585,0.002804904513888889,4395,0.5881683731513083,0.17085099445712423,675.1237911025145,249.5063829787234,692.9245159886883,241.40200130519904,0,0,0.0,0.0003054874270103255,1,0.2526400685310364
TRAIN,181ec185,113,5,6,9,720,1280,1,0.86328125,6.75,0.9988304972648621,1,4857,0.0052701822916666665,13482,0.36025812194036494,0.49622799664710815,29.82273008029648,174.97858760551782,38.98359815479241,155.3249615581753,1,4572,0.9110255370895824,0.0,1,0.4834107756614685
TRAIN,181ec185,113,6,7,9,720,1280,1,0.51953125,2.734375,0.939024806022644,1,2724,0.002955729166666667,3779,0.7208256152421275,0.3219626168224299,496.3469162995595,237.83113069016153,507.31526925698705,222.35889570552146,0,0,0.0,0.754983134007973,3,0.24582038819789886
TRAIN,181ec185,113,7,8,9,720,1280,1,1.0408340855860843e-15,-1.5625,0.17328819632530212,0,0,0.0,404,0.0,,,,,,0,0,,0.0,1,
TRAIN,181ec185,113,8,9,9,720,1280,1,0.94140625,3.5,0.970687747001648,1,22281,0.024176432291666668,1330,16.75263157894737,0.6502386544435185,187.99376150083032,166.33373726493426,197.3538671177521,150.16488112019547,0,0,0.0,0.0,1,0.27860891819000244
TRAIN,181ec185,114,0,1,9,720,1280,1,0.890625,10.5625,0.9999741315841675,1,112036,0.12156684027777778,308698,0.36293076080829806,0.8145718066871821,439.34042629154914,360.5091845478239,455.62200513960875,358.8686457909719,1,110646,0.8968125521729501,0.00043579820799776874,3,0.3117188811302185
TRAIN,181ec185,114,1,2,9,720,1280,1,0.87109375,2.109375,0.8918110132217407,1,41755,0.04530707465277778,24959,1.6729436275491807,0.7400078248872598,841.1803376841096,401.8019877858939,851.3387062814364,397.37234764299916,0,0,0.0,0.0,1,0.24507054686546326
TRAIN,181ec185,114,2,3,9,720,1280,1,1.601387637598654e-28,-3.25,0.037326887249946594,0,0,0.0,4953,0.0,,,,,,1,2746,0.0,0.0,1,
TRAIN,181ec185,114,3,4,9,720,1280,1,0.94140625,7.9375,0.9996429681777954,1,6811,0.007390407986111111,6739,1.0106840777563437,0.7362414405275172,700.8768169138159,164.81573924533842,711.3660805115536,160.20505740444702,1,6316,0.8920438166618622,0.0,1,0.24152743816375732
TRAIN,181ec185,114,4,5,9,720,1280,1,0.77734375,5.03125,0.9935117363929749,1,3241,0.0035167100694444443,4395,0.737428896473265,0.3526816809844439,658.326751002777,255.99969145325517,675.1237911025145,249.5063829787234,0,0,0.0,7.025000219531256e-05,1,0.24242529273033142
TRAIN,181ec185,114,5,6,9,720,1280,1,0.81640625,6.03125,0.9976032376289368,1,3009,0.0032649739583333333,13482,0.22318647085002224,0.5060310166570936,18.763708873379862,179.4765702891326,29.82273008029648,174.97858760551782,1,2846,0.9203017382748442,0.0,1,0.420614093542099
TRAIN,181ec185,114,6,7,9,720,1280,1,0.451171875,2.875,0.9465966820716858,1,2893,0.003139105902777778,3779,0.7655464408573697,0.4766035751840168,484.65952298651916,244.55271344624956,496.3469162995595,237.83113069016153,0,0,0.0,0.7534203980099502,3,0.20596042275428772
TRAIN,181ec185,114,7,8,9,720,1280,1,1.166324663699769e-22,-2.25,0.09534945338964462,0,0,0.0,404,0.0,,,,,,0,0,,0.0,1,
TRAIN,181ec185,114,8,9,9,720,1280,1,0.92578125,3.1875,0.9603611826896667,1,22973,0.024927300347222223,1330,17.272932330827068,0.8404164463784619,181.58464284159666,171.57624167500978,187.99376150083032,166.33373726493426,0,0,0.0,0.00012724360413766261,1,0.2538435161113739
TRAIN,181ec185,115,0,1,9,720,1280,1,0.88671875,10.5,0.9999724626541138,1,107745,0.11691080729166667,308698,0.3490304439938062,0.7943356791796613,423.039500672885,368.9375377047659,439.34042629154914,360.5091845478239,1,106921,0.8873229530248548,0.00033588118883785107,3,0.3070579469203949
TRAIN,181ec185,115,1,2,9,720,1280,1,0.86328125,2.25,0.9046505093574524,1,44541,0.048330078125,24959,1.7845666893705678,0.708594848238858,833.2633753171235,417.08744752026223,841.1803376841096,401.8019877858939,0,0,0.0,0.0,1,0.2651442587375641
TRAIN,181ec185,115,2,3,9,720,1280,1,6.993104012531504e-18,-2.515625,0.07477004081010818,0,0,0.0,4953,0.0,,,,,,1,2450,0.0,0.0,1,
TRAIN,181ec185,115,3,4,9,720,1280,1,0.94140625,8.0625,0.9996849298477173,1,6846,0.0074283854166666665,6739,1.0158777266656773,0.6283534040777393,691.0651475314052,176.23809523809524,700.8768169138159,164.81573924533842,1,6312,0.8853703969050007,0.0,1,0.21257564425468445
TRAIN,181ec185,115,4,5,9,720,1280,1,0.796875,5.15625,0.9942697286605835,1,4873,0.005287543402777778,4395,1.108759954493743,0.26840706581209944,659.2392776523702,296.10917299404883,658.326751002777,255.99969145325517,0,0,0.0,0.0007161143634638452,1,0.24522264301776886
TRAIN,181ec185,115,5,6,9,720,1280,1,0.6953125,5.40625,0.9955315589904785,1,2237,0.002427300347222222,13482,0.16592493695297433,0.597442143727162,13.49217702279839,191.9780956638355,18.763708873379862,179.4765702891326,1,2674,0.7261862917398946,0.0,1,0.39040443301200867
TRAIN,181ec185,115,6,7,9,720,1280,1,0.375,2.8125,0.9433475732803345,1,3000,0.0032552083333333335,3779,0.793860809738026,0.4087975137461152,474.74266666666665,254.872,484.65952298651916,244.55271344624956,0,0,0.0,0.719785421268539,3,0.17050498723983765
TRAIN,181ec185,115,7,8,9,720,1280,1,2.234049398383217e-20,-1.7578125,0.14706450700759888,0,0,0.0,404,0.0,,,,,,0,0,,0.0,1,
TRAIN,181ec185,115,8,9,9,720,1280,1,0.91796875,3.09375,0.9566342234611511,1,22749,0.024684244791666667,1330,17.10451127819549,0.7523378813429403,176.21152578135303,181.37606048617522,181.58464284159666,171.57624167500978,0,0,0.0,0.000314774739327169,6,0.26832303404808044
TRAIN,181ec185,116,0,1,9,720,1280,1,0.8828125,10.4375,0.9999706745147705,1,103077,0.111845703125,308698,0.3339088688621241,0.7842984579447162,402.44560862268014,358.33409975067184,423.039500672885,368.9375377047659,1,101357,0.8867231481994204,0.0,2,0.30084431171417236
TRAIN,181ec185,116,1,2,9,720,1280,1,0.89453125,2.359375,0.9136765599250793,1,48674,0.05281467013888889,24959,1.9501582595456548,0.7020907513923126,820.3080905616962,411.88981797263426,833.2633753171235,417.08744752026223,0,0,0.0,0.0,1,0.2569883167743683
TRAIN,181ec185,116,2,3,9,720,1280,1,9.098986738083304e-23,-3.265625,0.03676946833729744,0,0,0.0,4953,0.0,,,,,,1,2107,0.0,0.0,1,
TRAIN,181ec185,116,3,4,9,720,1280,1,0.94140625,8.1875,0.9997219443321228,1,6881,0.007466362847222222,6739,1.0210713755750112,0.6869853754454959,680.912367388461,169.43627379741318,691.0651475314052,176.23809523809524,1,6538,0.8897338403041825,0.0,1,0.22122731804847717
TRAIN,181ec185,116,4,5,9,720,1280,1,0.7421875,4.96875,0.9930961728096008,1,4136,0.004487847222222222,4395,0.9410693970420932,0.34885461895493336,643.0253868471954,282.2347678916828,659.2392776523702,296.10917299404883,0,0,0.0,9.480200601044718e-05,1,0.29561007022857666
TRAIN,181ec185,116,5,6,9,720,1280,1,0.62890625,2.4375,0.9196425676345825,1,1556,0.0016883680555555556,13482,0.11541314345052663,0.4158268010451661,10.419665809768638,172.37982005141387,13.49217702279839,191.9780956638355,1,1306,0.6524249422632794,0.0,1,0.2725922763347626
TRAIN,181ec185,116,6,7,9,720,1280,1,0.458984375,2.78125,0.9416541457176208,1,2487,0.002698567708333333,3779,0.6581106112728236,0.5343959731543624,459.78850020104545,248.83273019702452,474.74266666666665,254.872,0,0,0.0,0.8001567398119123,3,0.18580687046051025
TRAIN,181ec185,116,7,8,9,720,1280,1,1.5819829215076654e-23,-1.96875,0.1225232183933258,0,0,0.0,404,0.0,,,,,,0,0,,0.0,1,
TRAIN,181ec185,116,8,9,9,720,1280,1,0.92578125,3.15625,0.9591543078422546,1,23309,0.025291883680555554,1330,17.525563909774437,0.7474011685256848,163.14972757304045,173.6647217812862,176.21152578135303,181.37606048617522,0,0,0.0,0.0022802231361211778,6,0.24354732036590576
TRAIN,181ec185,117,0,1,9,720,1280,1,0.8828125,10.4375,0.9999706745147705,1,101083,0.10968207465277778,308698,0.3274494813701417,0.87612571218526,391.9672348466112,361.6368726689948,402.44560862268014,358.33409975067184,1,97523,0.8763852803627946,0.0009001945581787031,3,0.2988649606704712
TRAIN,181ec185,117,1,2,9,720,1280,1,0.890625,2.5,0.9241418242454529,1,52479,0.056943359375,24959,2.1026082775752233,0.8103121196936073,814.4799443586959,415.1685054974371,820.3080905616962,411.88981797263426,0,0,0.0,0.0,1,0.2833007276058197
TRAIN,181ec185,117,2,3,9,720,1280,1,3.3068166260807885e-18,-2.515625,0.07477004081010818,0,0,0.0,4953,0.0,,,,,,1,2321,0.0,0.0,1,
TRAIN,181ec185,117,3,4,9,720,1280,1,0.94140625,8.5,0.9997965693473816,1,6781,0.007357855902777778,6739,1.0062323786912004,0.9255813953488372,680.4012682495207,171.6512313818021,680.912367388461,169.43627379741318,1,6211,0.8894706224549156,0.0,1,0.21258197724819183
TRAIN,181ec185,117,4,5,9,720,1280,1,0.71484375,5.15625,0.9942697286605835,1,4133,0.004484592013888889,4395,0.940386803185438,0.6003483646216373,634.6467457052988,288.48874909266874,643.0253868471954,282.2347678916828,0,0,0.0,0.000265672199864212,1,0.2784671485424042
TRAIN,181ec185,117,5,6,9,720,1280,1,0.6484375,2.875,0.9465966820716858,1,972,0.0010546875,13482,0.07209612817089453,0.6246786632390745,7.552469135802469,175.87962962962962,10.419665809768638,172.37982005141387,1,1485,0.6239259748843358,0.0,1,0.30105963349342346
TRAIN,181ec185,117,6,7,9,720,1280,1,0.435546875,2.8125,0.9433475732803345,1,2724,0.002955729166666667,3779,0.7208256152421275,0.7700407608695652,454.37481644640235,249.35976505139502,459.78850020104545,248.83273019702452,0,0,0.0,0.7972924830780193,3,0.2305310219526291
TRAIN,181ec185,117,7,8,9,720,1280,1,3.54136699749265e-24,-1.96875,0.1225232183933258,0,0,0.0,404,0.0,,,,,,0,0,,0.0,1,
TRAIN,181ec185,117,8,9,9,720,1280,1,0.9296875,3.34375,0.9658995866775513,1,23804,0.025828993055555555,1330,17.897744360902255,0.917891308772644,161.2460090741052,174.83847252562595,163.14972757304045,173.6647217812862,0,0,0.0,0.0014255731992238545,6,0.25304266810417175
TRAIN,181ec185,118,0,1,9,720,1280,1,0.87890625,10.5625,0.9999741315841675,1,96395,0.10459526909722222,308698,0.31226311799882084,0.7707378746984926,384.5117070387468,346.674754914674,391.9672348466112,361.6368726689948,1,94158,0.8736590593996126,0.002158776490619964,3,0.2982732057571411
TRAIN,181ec185,118,1,2,9,720,1280,1,0.88671875,2.6875,0.9362850189208984,1,56291,0.06107964409722222,24959,2.255338755559117,0.6946327023447846,802.8462809330089,399.59730685189464,814.4799443586959,415.1685054974371,0,0,0.0,0.0,1,0.2705773711204529
TRAIN,181ec185,118,2,3,9,720,1280,1,3.8163916471489756e-16,-2.15625,0.1037486344575882,0,0,0.0,4953,0.0,,,,,,1,2485,0.0,0.0,1,
TRAIN,181ec185,118,3,4,9,720,1280,1,0.9453125,8.5,0.9997965693473816,1,6784,0.007361111111111111,6739,1.0066775485977149,0.7240721911540416,681.2629716981132,161.86895636792454,680.4012682495207,171.6512313818021,1,6438,0.892642427712568,0.0,1,0.2072528600692749
TRAIN,181ec185,118,4,5,9,720,1280,1,0.6640625,5.0,0.9933071732521057,1,4040,0.004383680555555556,4395,0.919226393629124,0.4358749121574139,640.8163366336634,291.0762376237624,634.6467457052988,288.48874909266874,0,0,0.0,1.01836104972657e-05,1,0.2958889305591583
TRAIN,181ec185,118,5,6,9,720,1280,1,0.67578125,1.6875,0.8438951373100281,1,1256,0.0013628472222222223,13482,0.09316125203975671,0.46965699208443273,10.41640127388535,158.3654458598726,7.552469135802469,175.87962962962962,1,1226,0.6918882072256305,0.0,1,0.25905755162239075
TRAIN,181ec185,118,6,7,9,720,1280,1,0.42578125,2.578125,0.929440438747406,1,2617,0.002839626736111111,3779,0.6925112463614713,0.36668372569089047,447.0240733664501,235.34275888421857,454.37481644640235,249.35976505139502,0,0,0.0,0.8130774697938877,3,0.2481590211391449
TRAIN,181ec185,118,7,8,9,720,1280,1,2.5117331222237016e-27,-2.15625,0.1037486344575882,0,0,0.0,404,0.0,,,,,,0,0,,0.0,1,
TRAIN,181ec185,118,8,9,9,720,1280,1,0.93359375,3.3125,0.9648551344871521,1,23376,0.025364583333333333,1330,17.57593984962406,0.7246043060277078,155.91230321697466,164.2717744695414,161.2460090741052,174.83847252562595,0,0,0.0,0.003098752344450787,6,0.28565964102745056
TRAIN,181ec185,119,0,1,9,720,1280,1,0.875,10.75,0.9999785423278809,1,93667,0.10163519965277777,308698,0.30342600211209664,0.6582790933044829,384.7081682983335,315.99161924690657,384.5117070387468,346.674754914674,1,92495,0.8751019832596368,0.0016275939779022818,3,0.36748939752578735
TRAIN,181ec185,119,1,2,9,720,1280,1,0.8828125,2.9375,0.949669361114502,1,60222,0.06534505208333333,24959,2.412837052766537,0.63595900028082,800.0184484075587,369.227275746405,802.8462809330089,399.59730685189464,0,0,0.0,0.0,1,0.29308465123176575
TRAIN,181ec185,119,2,3,9,720,1280,1,1.7139067942650854e-15,-2.5,0.07585817575454712,0,0,0.0,4953,0.0,,,,,,1,2336,0.0,0.0,1,
TRAIN,181ec185,119,3,4,9,720,1280,1,0.94140625,7.65625,0.9995272159576416,1,6813,0.007392578125,6739,1.0109808576940198,0.3710799636986992,685.6000293556436,132.77410832232496,681.2629716981132,161.86895636792454,1,6098,0.8823443650677941,0.0,1,0.2163526862859726
TRAIN,181ec185,119,4,5,9,720,1280,1,0.75390625,5.0,0.9933071732521057,1,3068,0.0033289930555555555,4395,0.6980659840728101,0.21691491183016606,645.8155149934811,271.9383963494133,640.8163366336634,291.0762376237624,0,0,0.0,0.00013605442176870748,1,0.33842432498931885
TRAIN,181ec185,119,5,6,9,720,1280,1,0.734375,1.375,0.7981867790222168,1,1313,0.0014246961805555556,13482,0.097389111407803,0.1297273526824978,12.996191926884997,118.84920030464585,10.41640127388535,158.3654458598726,1,1874,0.6916135881104034,0.0,1,0.26915687322616577
TRAIN,181ec185,119,6,7,9,720,1280,1,0.5234375,2.421875,0.9184802770614624,1,2663,0.0028895399305555554,3779,0.7046837787774544,0.03488827910623285,443.0612091625986,204.19939917386407,447.0240733664501,235.34275888421857,0,0,0.0,0.8324780058651027,3,0.22784629464149475
TRAIN,181ec185,119,7,8,9,720,1280,1,2.1693674893577825e-29,-3.265625,0.03676946833729744,0,0,0.0,404,0.0,,,,,,0,0,,0.0,1,
TRAIN,181ec185,119,8,9,9,720,1280,1,0.921875,3.0,0.9525741338729858,1,22280,0.024175347222222223,1330,16.75187969924812,0.4424820700767748,153.73438061041293,134.07073608617594,155.91230321697466,164.2717744695414,0,0,0.0,0.002407038512616202,6,0.29004132747650146
