split,video,frame_idx,obj_idx,object_id,n_objects,frame_height,frame_width,baseline_memory_encoded,mask_conf_iou_head,occ_score_logit,occ_score_prob,pointer_valid,pred_area_px,area_norm,frame0_anchor_area_px,area_ratio_anchor,temporal_iou_prev,centroid_x_px,centroid_y_px,prev_centroid_x_px,prev_centroid_y_px,target_visible,target_gt_area_px,target_iou,max_other_iou,max_other_object_id,ptr_sim_anchor_fp32
TRAIN,89b671bb,1,0,1,5,720,1280,1,0.91015625,9.4375,0.9999203681945801,1,4416,0.004791666666666666,4624,0.9550173010380623,0.3724001821770153,343.9447463768116,333.7826086956522,355.9502595155709,333.21647923875435,1,4487,0.8922422954303932,0.010972029052696647,3,0.3254612684249878
TRAIN,89b671bb,1,1,2,5,720,1280,1,0.984375,10.375,0.9999687671661377,1,18411,0.019977213541666667,17859,1.0309087854863095,0.8356192114985577,535.1289989680082,305.1749497582967,522.1337140937343,302.67142617167815,1,18468,0.9816765180010747,0.0,1,0.313442587852478
TRAIN,89b671bb,1,2,3,5,720,1280,1,0.91796875,10.875,0.9999810457229614,1,8481,0.009202473958333334,8455,1.0030751034890597,0.5382379654859218,342.5706874189365,359.780332507959,353.6107628622117,356.1350680070964,1,8668,0.8863711362886371,0.0050375881577927615,1,0.32177871465682983
TRAIN,89b671bb,1,3,4,5,720,1280,1,0.9765625,9.6875,0.999937891960144,1,11643,0.012633463541666667,11497,1.0126989649473777,0.9149288315127442,178.2358498668728,303.579146268144,182.40749760807168,302.5806732191006,1,11607,0.9738517700993293,0.002962816651029579,3,0.3002033829689026
TRAIN,89b671bb,1,4,5,5,720,1280,1,0.9296875,8.75,0.999841570854187,1,1767,0.0019173177083333334,1894,0.9329461457233369,0.475614671503426,1206.840973401245,282.6921335597057,1220.8954593453009,277.1383315733897,1,1838,0.9319399785637728,0.0,1,0.3509710431098938
TRAIN,89b671bb,2,0,1,5,720,1280,1,0.91015625,9.375,0.9999151229858398,1,4390,0.0047634548611111115,4624,0.9493944636678201,0.844574780058651,345.50569476082006,336.80227790432804,343.9447463768116,333.7826086956522,1,4488,0.8953885567890691,0.00813953488372093,3,0.28276240825653076
TRAIN,89b671bb,2,1,2,5,720,1280,1,0.98046875,9.3125,0.9999097585678101,1,18927,0.020537109375,17859,1.0598017806148161,0.7046201607012418,563.7421672742643,307.6512918053574,535.1289989680082,305.1749497582967,1,19134,0.9775029874785681,0.0,1,0.29633092880249023
TRAIN,89b671bb,2,2,3,5,720,1280,1,0.921875,10.625,0.9999756813049316,1,8502,0.009225260416666667,8455,1.0055588409225311,0.874296435272045,344.12996941896023,361.5230533992002,342.5706874189365,359.780332507959,1,8615,0.8855474774179335,0.004640371229698376,1,0.3057868480682373
TRAIN,89b671bb,2,3,4,5,720,1280,1,0.97265625,9.75,0.9999417066574097,1,11469,0.012444661458333334,11497,0.9975645820648865,0.819412737148705,187.93434475542767,305.75473014212224,178.2358498668728,303.579146268144,1,11576,0.9586095529491756,0.004702351175587794,3,0.3030385375022888
TRAIN,89b671bb,2,4,5,5,720,1280,1,0.94140625,8.8125,0.9998511075973511,1,1799,0.0019520399305555556,1894,0.9498416050686378,0.8305954825462012,1207.468037798777,284.970539188438,1206.840973401245,282.6921335597057,1,1897,0.9320439100888657,0.0,1,0.28213757276535034
TRAIN,89b671bb,3,0,1,5,720,1280,1,0.90234375,11.1875,0.9999861717224121,1,4472,0.004852430555555555,4624,0.967128027681661,0.7848942598187311,344.4584078711986,339.9894901610018,345.50569476082006,336.80227790432804,1,4400,0.9042713028546898,0.010374241143471912,3,0.250439316034317
TRAIN,89b671bb,3,1,2,5,720,1280,1,0.98046875,11.0,0.9999833106994629,1,19758,0.021438802083333333,17859,1.106332941374097,0.7005143083212448,593.2733576272902,311.01412086243545,563.7421672742643,307.6512918053574,1,19847,0.9804480448044804,0.0,1,0.28981027007102966
TRAIN,89b671bb,3,2,3,5,720,1280,1,0.91015625,11.1875,0.9999861717224121,1,8498,0.009220920138888889,8455,1.0050857480780604,0.8450184501845018,342.79242174629326,364.7028712638268,344.12996941896023,361.5230533992002,1,8676,0.8734591469401113,0.003160270880361174,4,0.28961867094039917
TRAIN,89b671bb,3,3,4,5,720,1280,1,0.96484375,10.25,0.9999645948410034,1,11347,0.012312282986111112,11497,0.9869531182047491,0.836445589182228,195.26103815986605,307.4514849740019,187.93434475542767,305.75473014212224,1,11500,0.9612842304060434,0.0024531891458896564,3,0.28854429721832275
TRAIN,89b671bb,3,4,5,5,720,1280,1,0.9296875,8.75,0.999841570854187,1,1865,0.002023654513888889,1894,0.984688489968321,0.7113498365249883,1205.7361930294906,289.18016085790885,1207.468037798777,284.970539188438,1,1895,0.9232736572890026,0.0,1,0.3148825168609619
TRAIN,89b671bb,4,0,1,5,720,1280,1,0.90625,10.875,0.9999810457229614,1,4366,0.004737413194444444,4624,0.9442041522491349,0.9154746423927178,345.5306917086578,340.6665139715987,344.4584078711986,339.9894901610018,1,4351,0.89871487693313,0.00719765878351657,3,0.2529359757900238
TRAIN,89b671bb,4,1,2,5,720,1280,1,0.98046875,10.625,0.9999756813049316,1,20327,0.02205620659722222,17859,1.1381936278627023,0.6766354358373766,627.1959954740001,310.84788704678505,593.2733576272902,311.01412086243545,1,20556,0.9795187139882826,0.0,1,0.3355315327644348
TRAIN,89b671bb,4,2,3,5,720,1280,1,0.90625,10.75,0.9999785423278809,1,8536,0.009262152777777777,8455,1.0095801301005323,0.9111410299562437,343.88120899718837,364.61457357075915,342.79242174629326,364.7028712638268,1,8368,0.8571742474181498,0.01079763148728666,4,0.286868155002594
TRAIN,89b671bb,4,3,4,5,720,1280,1,0.9609375,10.125,0.9999599456787109,1,11304,0.012265625,11497,0.9832130120901105,0.801988862370724,207.7440728945506,307.77361995753716,195.26103815986605,307.4514849740019,1,11778,0.9388492230155396,0.002394904458598726,3,0.30118146538734436
TRAIN,89b671bb,4,4,5,5,720,1280,1,0.9296875,8.625,0.9998205304145813,1,1767,0.0019173177083333334,1894,0.9329461457233369,0.923728813559322,1205.823429541596,288.4221844934918,1205.7361930294906,289.18016085790885,1,1851,0.936830835117773,0.0,1,0.2773185670375824
TRAIN,89b671bb,5,0,1,5,720,1280,1,0.90234375,10.5625,0.9999741315841675,1,4319,0.004686414930555555,4624,0.9340397923875432,0.8653350515463918,345.1171567492475,342.2959018291271,345.5306917086578,340.6665139715987,1,4335,0.9095322153574581,0.00937280324923846,3,0.27801313996315
TRAIN,89b671bb,5,1,2,5,720,1280,1,0.984375,11.0625,0.9999842643737793,1,21285,0.023095703125,17859,1.1918360490508988,0.6579807155948681,664.4638007986845,313.7074935400517,627.1959954740001,310.84788704678505,1,21476,0.9757427343713903,0.0,1,0.3113764822483063
TRAIN,89b671bb,5,2,3,5,720,1280,1,0.89453125,10.375,0.9999687671661377,1,8422,0.009138454861111112,8455,0.9960969840331165,0.8639261376126621,343.67810496319163,367.8246259795773,343.88120899718837,364.61457357075915,1,8604,0.8829904888299049,0.004235810036378134,4,0.33841779828071594
TRAIN,89b671bb,5,3,4,5,720,1280,1,0.94921875,10.3125,0.9999667406082153,1,11178,0.01212890625,11497,0.9722536313820996,0.7901106776017199,220.1706029701199,308.76972624798714,207.7440728945506,307.77361995753716,1,11730,0.9367602299628002,0.001366742596810934,3,0.3174532949924469
TRAIN,89b671bb,5,4,5,5,720,1280,1,0.9296875,9.0,0.9998766183853149,1,1860,0.002018229166666667,1894,0.9820485744456178,0.718957345971564,1205.5290322580645,292.76720430107525,1205.823429541596,288.4221844934918,1,1830,0.9208745445080687,0.0,1,0.3132786154747009
TRAIN,89b671bb,6,0,1,5,720,1280,1,0.91015625,10.625,0.9999756813049316,1,4313,0.004679904513888889,4624,0.932742214532872,0.8069918358802596,347.67192209598886,343.0575005796429,345.1171567492475,342.2959018291271,1,4335,0.898989898989899,0.007388025242419579,3,0.26193925738334656
TRAIN,89b671bb,6,1,2,5,720,1280,1,0.98046875,10.9375,0.9999822378158569,1,22260,0.024153645833333334,17859,1.2464303712413909,0.6231176382883554,708.46576819407,313.46307277628034,664.4638007986845,313.7074935400517,1,22477,0.977500773549043,0.0,1,0.32328230142593384
TRAIN,89b671bb,6,2,3,5,720,1280,1,0.90234375,10.5625,0.9999741315841675,1,8396,0.009110243055555555,8455,0.9930218805440568,0.8726199755038414,346.2664363982849,368.00809909480705,343.67810496319163,367.8246259795773,1,8777,0.8850713501646542,0.002756773787019534,1,0.29588228464126587
TRAIN,89b671bb,6,3,4,5,720,1280,1,0.953125,10.0,0.9999545812606812,1,11060,0.012000868055555556,11497,0.9619900843698356,0.7422438107176433,235.71473779385173,308.51473779385174,220.1706029701199,308.76972624798714,1,11019,0.9583998580805393,0.008490086426029487,3,0.35063207149505615
TRAIN,89b671bb,6,4,5,5,720,1280,1,0.9296875,8.5625,0.9998089671134949,1,1860,0.002018229166666667,1894,0.9820485744456178,0.8352244696595955,1209.2408602150538,291.73279569892475,1205.5290322580645,292.76720430107525,1,1837,0.9265242313705054,0.0,1,0.35128989815711975
TRAIN,89b671bb,7,0,1,5,720,1280,1,0.89453125,10.5,0.9999724626541138,1,4498,0.004880642361111111,4624,0.9727508650519031,0.76431718061674,345.7674522009782,344.7641173855047,347.67192209598886,343.0575005796429,1,4534,0.9006734006734006,0.006645031679802195,3,0.29680824279785156
TRAIN,89b671bb,7,1,2,5,720,1280,1,0.98046875,11.3125,0.9999877214431763,1,24098,0.026148003472222223,17859,1.3493476678425445,0.6179108644819041,754.9807452900656,315.95750684704126,708.46576819407,313.46307277628034,1,24038,0.9810684006914149,0.0,1,0.2800757586956024
TRAIN,89b671bb,7,2,3,5,720,1280,1,0.88671875,11.1875,0.9999861717224121,1,8885,0.009640842013888888,8455,1.0508574807806033,0.80858189429618,343.13854811480024,368.5736634777715,346.2664363982849,368.00809909480705,1,8530,0.8348962174691813,0.033088994424943216,4,0.3286702036857605
TRAIN,89b671bb,7,3,4,5,720,1280,1,0.9296875,10.375,0.9999687671661377,1,10733,0.011646050347222223,11497,0.9335478820561885,0.7669044916491,248.07584086462313,309.8622006894624,235.71473779385173,308.51473779385174,1,11128,0.9276077947270964,0.00364716302818736,3,0.3766155242919922
TRAIN,89b671bb,7,4,5,5,720,1280,1,0.9296875,8.875,0.9998601675033569,1,1892,0.002052951388888889,1894,0.9989440337909187,0.8284600389863548,1210.7758985200846,293.985200845666,1209.2408602150538,291.73279569892475,1,1881,0.9338800615069195,0.0,1,0.40149086713790894
TRAIN,89b671bb,8,0,1,5,720,1280,1,0.875,10.3125,0.9999667406082153,1,4854,0.0052669270833333335,4624,1.0497404844290656,0.8409448818897638,345.88133498145856,342.2533992583436,345.7674522009782,344.7641173855047,1,4410,0.8557692307692307,0.020882136403185866,4,0.27892225980758667
TRAIN,89b671bb,8,1,2,5,720,1280,1,0.98046875,10.5625,0.9999741315841675,1,25964,0.028172743055555557,17859,1.4538328013886557,0.5697353568292989,809.4765444461563,311.576606069943,754.9807452900656,315.95750684704126,1,26230,0.9742037975641122,0.0,1,0.30726927518844604
TRAIN,89b671bb,8,2,3,5,720,1280,1,0.890625,9.9375,0.9999517202377319,1,9439,0.010241970486111111,8455,1.116380839739799,0.8351527290936405,342.2681428117385,364.14291768195784,343.13854811480024,368.5736634777715,1,8951,0.8443486109718182,0.03820389365710697,4,0.3665761351585388
TRAIN,89b671bb,8,3,4,5,720,1280,1,0.91015625,10.8125,0.9999798536300659,1,9503,0.010311414930555556,11497,0.8265634513351309,0.6748882635325277,262.42028833000103,304.14395454067136,248.07584086462313,309.8622006894624,1,10399,0.8650548214787742,0.011676991393015734,3,0.37133893370628357
TRAIN,89b671bb,8,4,5,5,720,1280,1,0.91015625,8.875,0.9998601675033569,1,1916,0.0020789930555555557,1894,1.0116156282998945,0.6301369863013698,1216.9248434237995,289.2286012526096,1210.7758985200846,293.985200845666,1,1824,0.9169656586365966,0.0,1,0.45204025506973267
TRAIN,89b671bb,9,0,1,5,720,1280,1,0.89453125,9.75,0.9999417066574097,1,4572,0.0049609375,4624,0.9887543252595156,0.5181188597197617,337.0671478565179,343.52646544181977,345.88133498145856,342.2533992583436,1,4378,0.8941798941798942,0.010652157253429382,3,0.3140459358692169
TRAIN,89b671bb,9,1,2,5,720,1280,1,0.98046875,10.625,0.9999756813049316,1,27203,0.029517144097222222,17859,1.5232095862030348,0.6258027031985811,858.0055508583612,311.7914935852663,809.4765444461563,311.576606069943,1,27655,0.9708280941261003,0.0,1,0.29354849457740784
TRAIN,89b671bb,9,2,3,5,720,1280,1,0.890625,10.0625,0.9999573230743408,1,8472,0.009192708333333334,8455,1.0020106445890007,0.6486561119293078,334.0756610009443,368.98477337110484,342.2681428117385,364.14291768195784,1,8616,0.8902654867256637,0.009928637914986037,4,0.3847305178642273
TRAIN,89b671bb,9,3,4,5,720,1280,1,0.90625,10.875,0.9999810457229614,1,10855,0.011778428819444445,11497,0.944159345916326,0.600220091180632,294.0118839244588,305.473146015661,262.42028833000103,304.14395454067136,1,11058,0.910462074978204,0.017134200491041113,3,0.38960161805152893
TRAIN,89b671bb,9,4,5,5,720,1280,1,0.91796875,8.6875,0.9998313188552856,1,1844,0.0020008680555555556,1894,0.9736008447729673,0.567319716548562,1202.1795010845988,289.7906724511931,1216.9248434237995,289.2286012526096,1,1866,0.9192964304190377,0.0,1,0.32347047328948975
TRAIN,89b671bb,10,0,1,5,720,1280,1,0.87890625,9.8125,0.9999452829360962,1,4496,0.004878472222222222,4624,0.972318339100346,0.5853146853146853,333.5444839857651,350.19217081850536,337.0671478565179,343.52646544181977,1,4513,0.881578947368421,0.010701107011070111,4,0.29940134286880493
TRAIN,89b671bb,10,1,2,5,720,1280,1,0.98046875,10.25,0.9999645948410034,1,28943,0.031405164930555556,17859,1.6206394534968362,0.5838528590369263,915.3930484054866,317.81771067270154,858.0055508583612,311.7914935852663,1,29246,0.9752537424895618,0.0,1,0.3373296856880188
TRAIN,89b671bb,10,2,3,5,720,1280,1,0.87890625,10.9375,0.9999822378158569,1,9274,0.010062934027777777,8455,1.0968657599053815,0.6648841354723708,332.1959240888506,370.7446624973043,334.0756610009443,368.98477337110484,1,8778,0.8759222695625065,0.02935895569466686,4,0.3893924355506897
TRAIN,89b671bb,10,3,4,5,720,1280,1,0.90625,10.4375,0.9999706745147705,1,11562,0.012545572916666666,11497,1.0056536487779422,0.5401580212985229,331.5001729804532,311.40088220031134,294.0118839244588,305.473146015661,1,11938,0.8902831402831403,0.01873184413502955,3,0.36968615651130676
TRAIN,89b671bb,10,4,5,5,720,1280,1,0.92578125,8.3125,0.9997546076774597,1,1745,0.0018934461805555556,1894,0.9213305174234424,0.48612836438923396,1193.1214899713468,296.8756446991404,1202.1795010845988,289.7906724511931,1,1819,0.9296155928532756,0.0,1,0.32567542791366577
TRAIN,89b671bb,11,0,1,5,720,1280,1,0.8984375,9.8125,0.9999452829360962,1,4527,0.004912109375,4624,0.9790224913494809,0.7282129860180042,330.31124364921584,350.56350784183786,333.5444839857651,350.19217081850536,1,4479,0.9108847867600255,0.007388976852899042,3,0.28979063034057617
TRAIN,89b671bb,11,1,2,5,720,1280,1,0.98046875,10.1875,0.999962329864502,1,31122,0.03376953125,17859,1.7426507643205107,0.5637447606154486,981.0591221643854,319.87812479917744,915.3930484054866,317.81771067270154,1,31700,0.9739206937723873,0.0,1,0.3333946466445923
TRAIN,89b671bb,11,2,3,5,720,1280,1,0.88671875,12.375,0.9999958276748657,1,8436,0.009153645833333333,8455,0.9977528089887641,0.7745490981963928,327.3880986249407,376.28556187766713,332.1959240888506,370.7446624973043,1,8834,0.8866069477823902,0.00412066552635671,1,0.37172380089759827
TRAIN,89b671bb,11,3,4,5,720,1280,1,0.93359375,10.25,0.9999645948410034,1,12886,0.013982204861111111,11497,1.1208141254240236,0.5790221533294582,371.5801645196337,314.54663976408506,331.5001729804532,311.40088220031134,1,12734,0.917521143626974,0.02274332532843622,3,0.33878499269485474
TRAIN,89b671bb,11,4,5,5,720,1280,1,0.91796875,8.1875,0.9997219443321228,1,1795,0.0019476996527777778,1894,0.9477296726504751,0.7019230769230769,1185.9615598885794,298.2774373259053,1193.1214899713468,296.8756446991404,1,1777,0.9318550567874527,0.0,1,0.33964723348617554
TRAIN,89b671bb,12,0,1,5,720,1280,1,0.89453125,9.1875,0.9998977184295654,1,4533,0.004918619791666667,4624,0.9803200692041523,0.26536312849162014,313.0266931392014,352.64570924332673,330.31124364921584,350.56350784183786,1,4613,0.8927980132450332,0.0044441039000842845,3,0.31257763504981995
TRAIN,89b671bb,12,1,2,5,720,1280,1,0.984375,9.4375,0.9999203681945801,1,33381,0.036220703125,17859,1.8691416092726356,0.6001736541801042,1040.530780983194,322.7435367424583,981.0591221643854,319.87812479917744,1,33029,0.9789028278554188,0.002164309644519553,5,0.31089359521865845
TRAIN,89b671bb,12,2,3,5,720,1280,1,0.90234375,10.6875,0.9999772310256958,1,8473,0.009193793402777779,8455,1.0021289178001183,0.42679942620875877,309.33471025610766,378.31157795349935,327.3880986249407,376.28556187766713,1,8576,0.8958078505504281,0.006395422224092229,4,0.37941429018974304
TRAIN,89b671bb,12,3,4,5,720,1280,1,0.94140625,10.3125,0.9999667406082153,1,15335,0.016639539930555555,11497,1.3338262155344873,0.6080341880341881,391.1750244538637,320.1248777306815,371.5801645196337,314.54663976408506,1,15446,0.9339658205579291,0.012791731966622899,3,0.31569623947143555
TRAIN,89b671bb,12,4,5,5,720,1280,1,0.77734375,3.109375,0.957277774810791,1,431,0.00046766493055555553,1894,0.2275607180570222,0.13803680981595093,1161.491879350348,291.25522041763344,1185.9615598885794,298.2774373259053,1,421,0.8166311300639659,0.00011956001912960307,2,0.3790702223777771
TRAIN,89b671bb,13,0,1,5,720,1280,1,0.88671875,9.6875,0.999937891960144,1,4536,0.004921875,4624,0.9809688581314879,0.564969801553063,306.4867724867725,354.30687830687833,313.0266931392014,352.64570924332673,1,4495,0.9133474576271187,0.007695722953973657,3,0.2973673939704895
TRAIN,89b671bb,13,1,2,5,720,1280,1,0.984375,9.4375,0.9999203681945801,1,33483,0.03633138020833333,17859,1.8748530152864102,0.5505774314734938,1108.9299047277723,319.6362034465251,1040.530780983194,322.7435367424583,1,33687,0.9775075808873318,0.0,1,0.3161567449569702
TRAIN,89b671bb,13,2,3,5,720,1280,1,0.90234375,10.875,0.9999810457229614,1,9176,0.009956597222222223,8455,1.0852749852158485,0.6692518679655727,305.4267654751526,378.6506102877071,309.33471025610766,378.31157795349935,1,9082,0.8703134603564844,0.015434901035046305,4,0.3175147473812103
TRAIN,89b671bb,13,3,4,5,720,1280,1,0.95703125,10.25,0.9999645948410034,1,18003,0.019534505208333334,11497,1.5658867530660172,0.6298215595208996,424.1665278009221,322.97983669388435,391.1750244538637,320.1248777306815,1,18784,0.9302655052996117,0.007401621661831437,3,0.2764016091823578
TRAIN,89b671bb,13,4,5,5,720,1280,1,2.481541837659083e-22,-2.625,0.06754669547080994,0,0,0.0,1894,0.0,0.0,,,1161.491879350348,291.25522041763344,0,0,,0.0,1,
TRAIN,89b671bb,14,0,1,5,720,1280,1,0.890625,9.75,0.9999417066574097,1,4640,0.0050347222222222225,4624,1.0034602076124568,0.44231373781829614,296.7810344827586,355.12004310344827,306.4867724867725,354.30687830687833,1,4483,0.8833608587943848,0.012243989314336599,3,0.28715234994888306
TRAIN,89b671bb,14,1,2,5,720,1280,1,0.984375,9.3125,0.9999097585678101,1,28115,0.030506727430555554,17859,1.5742762752673722,0.6228791231952787,1152.6470211630801,315.48639516272453,1108.9299047277723,319.6362034465251,1,27836,0.9596861756155651,0.0,1,0.32186391949653625
TRAIN,89b671bb,14,2,3,5,720,1280,1,0.91015625,11.3125,0.9999877214431763,1,8951,0.009712456597222223,8455,1.0586635127143702,0.6495586495586495,295.39950843481176,379.9813428667188,305.4267654751526,378.6506102877071,1,9001,0.8758620689655172,0.007470787306046868,4,0.373635858297348
TRAIN,89b671bb,14,3,4,5,720,1280,1,0.96875,9.8125,0.9999452829360962,1,22331,0.024230685763888888,11497,1.942332782464991,0.7317418745438152,444.8165778514173,324.67050288836145,424.1665278009221,322.97983669388435,1,22605,0.9581662890012201,0.005971874397996533,3,0.31416478753089905
TRAIN,89b671bb,14,4,5,5,720,1280,1,1.983707842718853e-32,-7.21875,0.0007321811863221228,0,0,0.0,1894,0.0,,,,,,0,0,,0.0,1,
TRAIN,89b671bb,15,0,1,5,720,1280,1,0.88671875,9.6875,0.999937891960144,1,4597,0.004988064236111111,4624,0.9941608996539792,0.44939588890632354,290.3358712203611,362.92060039155973,296.7810344827586,355.12004310344827,1,4636,0.8986222496401398,0.00915587315765967,3,0.3100670874118805
TRAIN,89b671bb,15,1,2,5,720,1280,1,0.984375,9.25,0.9999039173126221,1,19417,0.02106879340277778,17859,1.0872389271515763,0.5537903304893597,1198.1153113251275,324.1554308080548,1152.6470211630801,315.48639516272453,1,19495,0.9808592954591733,0.0,1,0.361286461353302
TRAIN,89b671bb,15,2,3,5,720,1280,1,0.90625,10.0625,0.9999573230743408,1,8555,0.009282769097222223,8455,1.011827321111768,0.5652718168812589,286.4562244301578,389.13313851548804,295.39950843481176,379.9813428667188,1,8960,0.8947425356988317,0.0018988303205225582,1,0.3275153636932373
TRAIN,89b671bb,15,3,4,5,720,1280,1,0.98046875,9.1875,0.9998977184295654,1,26488,0.028741319444444444,11497,2.3039053666173785,0.663565732978941,475.9334415584416,335.8779447296889,444.8165778514173,324.67050288836145,1,26587,0.9729016430005204,0.0019503095056389384,3,0.3592139184474945
TRAIN,89b671bb,15,4,5,5,720,1280,1,6.815758221109542e-27,-4.40625,0.0120537793263793,0,0,0.0,1894,0.0,,,,,,0,0,,0.0,1,
TRAIN,89b671bb,16,0,1,5,720,1280,1,0.87890625,9.875,0.9999485015869141,1,4783,0.005189887152777778,4624,1.0343858131487889,0.232264844981608,270.01254442818316,369.79343508258415,290.3358712203611,362.92060039155973,1,4710,0.9039310068190934,0.010920209668025626,3,0.31917643547058105
TRAIN,89b671bb,16,1,2,5,720,1280,1,0.984375,8.875,0.9998601675033569,1,10702,0.011612413194444445,17859,0.5992496780334845,0.471588410612205,1236.012147262194,332.25518594655205,1198.1153113251275,324.1554308080548,1,10598,0.9790021369506643,0.0,1,0.36662161350250244
TRAIN,89b671bb,16,2,3,5,720,1280,1,0.890625,10.0,0.9999545812606812,1,9665,0.010487196180555556,8455,1.143110585452395,0.3503298006373675,268.6382824624935,391.52478013450593,286.4562244301578,389.13313851548804,1,9103,0.8593223697245889,0.0025106353302182857,1,0.3962607979774475
TRAIN,89b671bb,16,3,4,5,720,1280,1,0.98046875,10.6875,0.9999772310256958,1,29268,0.0317578125,11497,2.5457075758893626,0.7168899153194765,506.0552138854722,342.2389298892989,475.9334415584416,335.8779447296889,1,29738,0.9733788167619812,0.0,1,0.3083268702030182
TRAIN,89b671bb,16,4,5,5,720,1280,1,0.9296875,6.71875,0.998793363571167,1,1696,0.0018402777777777777,1894,0.8954593453009504,0.0,1121.1332547169811,315.58608490566036,,,1,1675,0.9251856082238721,0.0,1,0.3611881136894226
TRAIN,89b671bb,17,0,1,5,720,1280,1,0.890625,9.3125,0.9999097585678101,1,4872,0.005286458333333333,4624,1.0536332179930796,0.12097991408336235,235.56917077175697,363.3682266009852,270.01254442818316,369.79343508258415,1,4869,0.9003121342177136,0.009331476323119777,3,0.3100854754447937
TRAIN,89b671bb,17,1,2,5,720,1280,1,0.96875,6.46875,0.9984512329101562,1,2723,0.0029546440972222222,17859,0.1524721428971387,0.25443842272472433,1262.7253029746603,326.22879177377894,1236.012147262194,332.25518594655205,1,2664,0.9710940358580314,0.0,1,0.4372635781764984
TRAIN,89b671bb,17,2,3,5,720,1280,1,0.90234375,10.3125,0.9999667406082153,1,9250,0.010036892361111112,8455,1.0940272028385571,0.21413441170806854,231.9012972972973,389.3187027027027,268.6382824624935,391.52478013450593,1,9622,0.884938074310827,0.003126110124333925,1,0.3710585832595825
TRAIN,89b671bb,17,3,4,5,720,1280,1,0.98046875,10.0,0.9999545812606812,1,32899,0.035697699652777776,11497,2.8615290945464036,0.7447447447447447,529.4783124107116,337.42207969847107,506.0552138854722,342.2389298892989,1,33259,0.97415851038434,0.0,1,0.3007354736328125
TRAIN,89b671bb,17,4,5,5,720,1280,1,0.91015625,7.375,0.999373733997345,1,1501,0.0016286892361111111,1894,0.7925026399155227,0.17840029487652045,1085.9533644237176,308.8074616922052,1121.1332547169811,315.58608490566036,1,1523,0.9484536082474226,0.0,1,0.31090572476387024
TRAIN,89b671bb,18,0,1,5,720,1280,1,0.87890625,10.0,0.9999545812606812,1,5068,0.0054991319444444445,4624,1.0960207612456747,0.21858526419026603,212.99408050513023,363.06333859510653,235.56917077175697,363.3682266009852,1,5068,0.8967065868263473,0.009918359085081978,3,0.2863188683986664
TRAIN,89b671bb,18,1,2,5,720,1280,1,3.975119405215255e-31,-4.4375,0.011687257327139378,0,0,0.0,17859,0.0,0.0,,,1262.7253029746603,326.22879177377894,0,0,,0.0,1,
TRAIN,89b671bb,18,2,3,5,720,1280,1,0.8984375,10.3125,0.9999667406082153,1,10075,0.010932074652777778,8455,1.1916026020106445,0.3503598630424149,210.05816377171215,387.1245657568238,231.9012972972973,389.3187027027027,1,9900,0.8851453378633447,0.00384487901889294,1,0.35259437561035156
TRAIN,89b671bb,18,3,4,5,720,1280,1,0.984375,10.375,0.9999687671661377,1,36693,0.039814453125,11497,3.1915282247542835,0.6849955206895717,570.5456081541438,339.69435587169215,529.4783124107116,337.42207969847107,1,36926,0.9814022338850761,0.0,1,0.31030625104904175
TRAIN,89b671bb,18,4,5,5,720,1280,1,0.91796875,8.125,0.9997040629386902,1,1472,0.0015972222222222223,1894,0.7771911298838438,0.37958236658932715,1063.936820652174,310.39402173913044,1085.9533644237176,308.8074616922052,1,1551,0.9378205128205128,0.0,1,0.32903459668159485
TRAIN,89b671bb,19,0,1,5,720,1280,1,0.89453125,9.5,0.9999251365661621,1,5107,0.0055414496527777775,4624,1.1044550173010381,0.17412877913685668,184.17485803798706,359.4591736831799,212.99408050513023,363.06333859510653,1,5217,0.8911888624290163,0.007411819204552974,3,0.3232203423976898
TRAIN,89b671bb,19,1,2,5,720,1280,1,9.870390964984584e-34,-5.90625,0.0027149852830916643,0,0,0.0,17859,0.0,,,,,,0,0,,0.0,1,
TRAIN,89b671bb,19,2,3,5,720,1280,1,0.9140625,10.1875,0.999962329864502,1,9820,0.010655381944444445,8455,1.1614429331756357,0.30262554835330324,181.86558044806517,385.27423625254585,210.05816377171215,387.1245657568238,1,10116,0.8916405731094031,0.00293470286133529,1,0.3546222150325775
TRAIN,89b671bb,19,3,4,5,720,1280,1,0.984375,10.1875,0.999962329864502,1,41572,0.045108506944444446,11497,3.6158997999478126,0.6711506843465078,612.717694602136,337.1038679880689,570.5456081541438,339.69435587169215,1,41745,0.9831242710589579,0.0,1,0.2983996272087097
TRAIN,89b671bb,19,4,5,5,720,1280,1,0.91796875,7.28125,0.999312162399292,1,1544,0.0016753472222222222,1894,0.8152059134107709,0.26989473684210524,1036.8827720207255,305.270725388601,1063.936820652174,310.39402173913044,1,1491,0.9355867346938775,0.0,1,0.2933568060398102
TRAIN,89b671bb,20,0,1,5,720,1280,1,0.875,9.875,0.9999485015869141,1,5161,0.005600043402777778,4624,1.1161332179930796,0.2820576851042577,168.17729122263128,358.4999031195505,184.17485803798706,359.4591736831799,1,5263,0.8870383779869659,0.009327028952652373,3,0.28811267018318176
TRAIN,89b671bb,20,1,2,5,720,1280,1,5.9884384208290615e-34,-6.09375,0.002251847181469202,0,0,0.0,17859,0.0,,,,,,0,0,,0.0,1,
TRAIN,89b671bb,20,2,3,5,720,1280,1,0.91796875,11.0625,0.9999842643737793,1,9946,0.010792100694444445,8455,1.1763453577764635,0.4872836719337848,164.8625578121858,384.5571083852805,181.86558044806517,385.27423625254585,1,10422,0.8901262063845583,0.004093219779494289,1,0.34646493196487427
TRAIN,89b671bb,20,3,4,5,720,1280,1,0.984375,10.5,0.9999724626541138,1,47612,0.05166232638888889,11497,4.1412542402365835,0.6142484795829714,672.9948122322104,337.6015080231874,612.717694602136,337.1038679880689,1,48561,0.9734271760988221,0.0,1,0.32277292013168335
TRAIN,89b671bb,20,4,5,5,720,1280,1,0.91015625,7.90625,0.9996316432952881,1,1486,0.0016124131944444445,1894,0.7845828933474129,0.5272177419354839,1022.4327052489906,303.4522207267833,1036.8827720207255,305.270725388601,1,1439,0.9180327868852459,0.0,1,0.3618430495262146
TRAIN,89b671bb,21,0,1,5,720,1280,1,0.90234375,9.9375,0.9999517202377319,1,5414,0.005874565972222222,4624,1.1708477508650519,0.3083013732525053,152.55005541189507,355.15349094939046,168.17729122263128,358.4999031195505,1,5335,0.9075421472937001,0.011486958177318018,3,0.2794276773929596
TRAIN,89b671bb,21,1,2,5,720,1280,1,1.1988913903810543e-32,-6.75,0.0011695103021338582,0,0,0.0,17859,0.0,,,,,,0,0,,0.0,1,
TRAIN,89b671bb,21,2,3,5,720,1280,1,0.91796875,10.0625,0.9999573230743408,1,10550,0.011447482638888888,8455,1.2477823772915435,0.5101679929266136,150.29914691943128,380.81355450236964,164.8625578121858,384.5571083852805,1,10524,0.9161665757410439,0.0037914691943127963,1,0.3805408179759979
TRAIN,89b671bb,21,3,4,5,720,1280,1,0.984375,9.5,0.9999251365661621,1,55784,0.060529513888888886,11497,4.852048360441854,0.5899983084470005,743.7766026100674,337.80788398106984,672.9948122322104,337.6015080231874,1,56960,0.9729114898680573,0.0,1,0.3527056574821472
TRAIN,89b671bb,21,4,5,5,720,1280,1,0.90625,8.1875,0.9997219443321228,1,1403,0.0015223524305555557,1894,0.7407602956705386,0.4953416149068323,1007.9893086243763,300.5445473984319,1022.4327052489906,303.4522207267833,1,1447,0.9322033898305084,0.0,1,0.3742944598197937
TRAIN,89b671bb,22,0,1,5,720,1280,1,0.90625,9.8125,0.9999452829360962,1,5619,0.006097005208333333,4624,1.215181660899654,0.17873931623931624,123.58035237586759,357.29951948745327,152.55005541189507,355.15349094939046,1,5552,0.8796903920578832,0.01316587792743599,3,0.28180962800979614
TRAIN,89b671bb,22,1,2,5,720,1280,1,3.218552493301728e-27,-6.125,0.002182716503739357,0,0,0.0,17859,0.0,,,,,,0,0,,0.0,1,
TRAIN,89b671bb,22,2,3,5,720,1280,1,0.92578125,9.8125,0.9999452829360962,1,10911,0.011839192708333333,8455,1.2904790065050267,0.27942053177536663,120.47731646961782,382.5629181559894,150.29914691943128,380.81355450236964,1,11080,0.9092724431324882,0.0037802573013840618,1,0.2886379659175873
TRAIN,89b671bb,22,3,4,5,720,1280,1,0.984375,9.625,0.9999339580535889,1,67329,0.073056640625,11497,5.856223362616335,0.6109628117557772,817.5034383400912,342.74863728853836,743.7766026100674,337.80788398106984,1,68637,0.9715789626321361,0.0,1,0.3333255350589752
TRAIN,89b671bb,22,4,5,5,720,1280,1,0.91015625,7.65625,0.9995272159576416,1,1259,0.0013661024305555555,1894,0.6647307286166843,0.3270189431704885,983.8776806989674,300.46068308181094,1007.9893086243763,300.5445473984319,1,1316,0.9245142002989537,5.7231156641675726e-05,4,0.35496219992637634
TRAIN,89b671bb,23,0,1,5,720,1280,1,0.9140625,9.75,0.9999417066574097,1,5675,0.006157769097222222,4624,1.2272923875432526,0.23864882649703884,101.57215859030838,356.44493392070484,123.58035237586759,357.29951948745327,1,5792,0.8938067712634187,0.009323040380047505,3,0.26175767183303833
TRAIN,89b671bb,23,1,2,5,720,1280,1,2.066815571679051e-28,-6.9375,0.0009697519708424807,0,0,0.0,17859,0.0,,,,,,0,0,,0.0,1,
TRAIN,89b671bb,23,2,3,5,720,1280,1,0.92578125,9.25,0.9999039173126221,1,11243,0.01219943576388889,8455,1.329745712596097,0.40064487576658026,99.64173263363871,382.16525838299384,120.47731646961782,382.5629181559894,1,11322,0.9045408507765024,0.0034754948162111217,1,0.2955307364463806
TRAIN,89b671bb,23,3,4,5,720,1280,1,0.984375,9.125,0.9998910427093506,1,85687,0.09297634548611111,11497,7.452987735931113,0.5626314822001185,915.8826076300955,349.354417823007,817.5034383400912,342.74863728853836,1,85289,0.9771954575941901,0.0,1,0.2774355411529541
TRAIN,89b671bb,23,4,5,5,720,1280,1,2.4035605705952703e-31,-5.15625,0.005730246659368277,0,0,0.0,1894,0.0,0.0,,,983.8776806989674,300.46068308181094,0,0,,0.0,1,
TRAIN,89b671bb,24,0,1,5,720,1280,1,0.90625,9.625,0.9999339580535889,1,6049,0.006563585069444444,4624,1.308174740484429,0.2555150995930606,82.24896677136717,359.95933212101176,101.57215859030838,356.44493392070484,1,5836,0.8868074297507541,0.011743666169895679,3,0.2527207136154175
TRAIN,89b671bb,24,1,2,5,720,1280,1,4.13994203059987e-27,-6.34375,0.0017546144081279635,0,0,0.0,17859,0.0,,,,,,0,0,,0.0,1,
TRAIN,89b671bb,24,2,3,5,720,1280,1,0.9140625,8.8125,0.9998511075973511,1,10847,0.011769748263888888,8455,1.2829095209934949,0.42112712300566135,84.32008850373376,387.3301373651701,99.64173263363871,382.16525838299384,1,10923,0.9024731276763086,0.0015609053250885514,1,0.3071444034576416
TRAIN,89b671bb,24,3,4,5,720,1280,1,0.984375,8.5625,0.9998089671134949,1,100496,0.10904513888888889,11497,8.741062885970253,0.5935686529606108,1011.0896951122432,357.7427459799395,915.8826076300955,349.354417823007,1,101596,0.9725144943096414,0.0,1,0.274357408285141
TRAIN,89b671bb,24,4,5,5,720,1280,1,7.270385540061815e-33,-7.71875,0.0004442183708306402,0,0,0.0,1894,0.0,,,,,,0,0,,0.0,1,
TRAIN,89b671bb,25,0,1,5,720,1280,1,0.91015625,8.625,0.9998205304145813,1,6371,0.0069129774305555555,4624,1.3778114186851211,0.19423076923076923,51.411709307800976,358.9423952283786,82.24896677136717,359.95933212101176,1,6037,0.8966676857230205,0.01771049060915518,3,0.24623100459575653
TRAIN,89b671bb,25,1,2,5,720,1280,1,5.916456789157589e-29,-6.53125,0.0014550630003213882,0,0,0.0,17859,0.0,,,,,,0,0,,0.0,1,
TRAIN,89b671bb,25,2,3,5,720,1280,1,0.91015625,7.8125,0.999595582485199,1,7768,0.008428819444444444,8455,0.9187463039621526,0.3181560685455318,82.7663491246138,388.82929969104015,84.32008850373376,387.3301373651701,1,7880,0.8875753920386007,0.003489132805117395,1,0.3177298903465271
TRAIN,89b671bb,25,3,4,5,720,1280,1,0.98828125,8.8125,0.9998511075973511,1,95684,0.10382378472222223,11497,8.322518917978604,0.6785741788094769,1063.8404748965345,345.280987416914,1011.0896951122432,357.7427459799395,1,96373,0.9836910491850689,0.0,1,0.29624074697494507
TRAIN,89b671bb,25,4,5,5,720,1280,1,4.405564747785802e-33,-8.0625,0.0003150386910419911,0,0,0.0,1894,0.0,,,,,,0,0,,0.0,1,
TRAIN,89b671bb,26,0,1,5,720,1280,1,0.89453125,8.0,0.9996646642684937,1,5047,0.005476345486111111,4624,1.0914792387543253,0.1721589159223899,23.715078264315434,372.70616207648106,51.411709307800976,358.9423952283786,1,5262,0.8887871015023818,0.010716248397142334,3,0.3522718548774719
TRAIN,89b671bb,26,1,2,5,720,1280,1,5.301145283085199e-27,-5.96875,0.0025509123224765062,0,0,0.0,17859,0.0,,,,,,0,0,,0.0,1,
TRAIN,89b671bb,26,2,3,5,720,1280,1,0.87109375,8.9375,0.999868631362915,1,6050,0.006564670138888889,8455,0.7155529272619752,0.20428795537737493,75.64429752066115,394.1085950413223,82.7663491246138,388.82929969104015,1,5988,0.8539966117357154,0.010631644777986242,1,0.34106823801994324
TRAIN,89b671bb,26,3,4,5,720,1280,1,0.984375,8.25,0.9997387528419495,1,79651,0.08642686631944445,11497,6.927981212490215,0.6825322189062365,1120.9492661736826,344.8601649696802,1063.8404748965345,345.280987416914,1,78809,0.9759090228939099,0.0,1,0.2887389659881592
TRAIN,89b671bb,26,4,5,5,720,1280,1,1.787262988391355e-30,-7.15625,0.0007793660624884069,0,0,0.0,1894,0.0,,,,,,0,0,,0.0,1,
TRAIN,89b671bb,27,0,1,5,720,1280,1,0.72265625,4.28125,0.9863631129264832,1,380,0.0004123263888888889,4624,0.08217993079584775,0.00221606648199446,4.65,424.0763157894737,23.715078264315434,372.70616207648106,1,344,0.7320574162679426,0.006885305308932777,3,0.3571651577949524
TRAIN,89b671bb,27,1,2,5,720,1280,1,7.496324301261813e-24,-4.34375,0.012821214273571968,0,0,0.0,17859,0.0,,,,,,0,0,,0.0,1,
TRAIN,89b671bb,27,2,3,5,720,1280,1,0.90625,7.625,0.9995121955871582,1,5412,0.005872395833333334,8455,0.6400946185688942,0.09193102791273697,31.598669623059866,399.4580561714708,75.64429752066115,394.1085950413223,1,5177,0.9113718411552346,0.0015660344527579607,1,0.4142298996448517
TRAIN,89b671bb,27,3,4,5,720,1280,1,0.984375,8.3125,0.9997546076774597,1,53315,0.057850477430555554,11497,4.637296686092024,0.5769773592513965,1183.4479039669886,356.02021945043606,1120.9492661736826,344.8601649696802,1,52686,0.9758979998881577,0.0,1,0.30232617259025574
TRAIN,89b671bb,27,4,5,5,720,1280,1,2.3829910224916325e-26,-6.78125,0.0011335690505802631,0,0,0.0,1894,0.0,,,,,,0,0,,0.0,1,
TRAIN,89b671bb,28,0,1,5,720,1280,1,3.5695955961250784e-29,-5.59375,0.0037072531413286924,0,0,0.0,4624,0.0,0.0,,,4.65,424.0763157894737,0,0,,0.0,4,
TRAIN,89b671bb,28,1,2,5,720,1280,1,4.9763185651190145e-21,-3.984375,0.018264278769493103,0,0,0.0,17859,0.0,,,,,,0,0,,0.0,4,
TRAIN,89b671bb,28,2,3,5,720,1280,1,3.017554874593445e-21,-3.09375,0.04336579889059067,0,0,0.0,8455,0.0,0.0,,,31.598669623059866,399.4580561714708,0,0,,0.0,4,
TRAIN,89b671bb,28,3,4,5,720,1280,1,0.96484375,7.03125,0.9991169571876526,1,13450,0.014594184027777778,11497,1.1698704009741672,0.25227421926287164,1246.952936802974,367.8721933085502,1183.4479039669886,356.02021945043606,1,14054,0.9521612605578821,0.0,1,0.3148863613605499
TRAIN,89b671bb,28,4,5,5,720,1280,1,6.056285572868247e-20,-3.484375,0.029760092496871948,0,0,0.0,1894,0.0,,,,,,0,0,,0.0,4,
TRAIN,89b671bb,29,0,1,5,720,1280,1,3.975119405215255e-31,-7.3125,0.0006667023408226669,0,0,0.0,4624,0.0,,,,,,0,0,,0.0,5,
TRAIN,89b671bb,29,1,2,5,720,1280,1,1.3589129821411916e-13,-3.75,0.022977370768785477,0,0,0.0,17859,0.0,,,,,,0,0,,0.0,5,
TRAIN,89b671bb,29,2,3,5,720,1280,1,1.078520768856852e-30,-7.1875,0.0007554056355729699,0,0,0.0,8455,0.0,,,,,,0,0,,0.0,5,
TRAIN,89b671bb,29,3,4,5,720,1280,1,8.859277744181285e-32,-4.96875,0.006903838831931353,0,0,0.0,11497,0.0,0.0,,,1246.952936802974,367.8721933085502,0,0,,0.0,5,
TRAIN,89b671bb,29,4,5,5,720,1280,1,0.89453125,5.125,0.9940890073776245,1,1109,0.001203342013888889,1894,0.585533262935586,0.0,756.6762849413886,313.77908025247973,,,1,1186,0.914095079232694,0.0,1,0.48573410511016846
TRAIN,89b671bb,30,0,1,5,720,1280,1,5.39260384428426e-32,-7.53125,0.0005357805639505386,0,0,0.0,4624,0.0,,,,,,0,0,,0.0,5,
TRAIN,89b671bb,30,1,2,5,720,1280,1,5.44811591673966e-18,-4.34375,0.012821214273571968,0,0,0.0,17859,0.0,,,,,,0,0,,0.0,5,
TRAIN,89b671bb,30,2,3,5,720,1280,1,1.1988913903810543e-32,-7.625,0.000487857119878754,0,0,0.0,8455,0.0,,,,,,0,0,,0.0,5,
TRAIN,89b671bb,30,3,4,5,720,1280,1,2.971649718878743e-35,-6.09375,0.002251847181469202,0,0,0.0,11497,0.0,,,,,,0,0,,0.0,5,
TRAIN,89b671bb,30,4,5,5,720,1280,1,0.90625,5.375,0.9953904151916504,1,1179,0.001279296875,1894,0.622492080253432,0.1366120218579235,723.4079728583546,310.21628498727733,756.6762849413886,313.77908025247973,1,1222,0.9070691024622717,0.0,1,0.3785903751850128
TRAIN,89b671bb,31,0,1,5,720,1280,1,3.975119405215255e-31,-7.875,0.0003799845289904624,0,0,0.0,4624,0.0,,,,,,0,0,,0.0,5,
TRAIN,89b671bb,31,1,2,5,720,1280,1,3.144186300207963e-17,-4.4375,0.011687257327139378,0,0,0.0,17859,0.0,,,,,,0,0,,0.0,5,
TRAIN,89b671bb,31,2,3,5,720,1280,1,1.983707842718853e-32,-7.53125,0.0005357805639505386,0,0,0.0,8455,0.0,,,,,,0,0,,0.0,5,
TRAIN,89b671bb,31,3,4,5,720,1280,1,2.971649718878743e-35,-6.4375,0.001597845577634871,0,0,0.0,11497,0.0,,,,,,0,0,,0.0,5,
TRAIN,89b671bb,31,4,5,5,720,1280,1,0.90625,5.65625,0.9965165853500366,1,1154,0.0012521701388888888,1894,0.6092925026399155,0.25160944206008584,696.9930675909878,310.28596187175043,723.4079728583546,310.21628498727733,1,1208,0.8926282051282052,0.0,1,0.2544385492801666
TRAIN,89b671bb,32,0,1,5,720,1280,1,8.859277744181285e-32,-8.125,0.0002959570847451687,0,0,0.0,4624,0.0,,,,,,0,0,,0.0,5,
TRAIN,89b671bb,32,1,2,5,720,1280,1,4.0862722260119567e-22,-6.53125,0.0014550630003213882,0,0,0.0,17859,0.0,,,,,,0,0,,0.0,5,
TRAIN,89b671bb,32,2,3,5,720,1280,1,3.2548216060144286e-32,-8.0625,0.0003150386910419911,0,0,0.0,8455,0.0,,,,,,0,0,,0.0,5,
TRAIN,89b671bb,32,3,4,5,720,1280,1,3.6261649734165925e-34,-6.59375,0.0013670255430042744,0,0,0.0,11497,0.0,,,,,,0,0,,0.0,5,
TRAIN,89b671bb,32,4,5,5,720,1280,1,0.90234375,5.59375,0.996292769908905,1,1169,0.0012684461805555556,1894,0.6172122492080253,0.25907859078590784,670.8614200171087,310.4473909324209,696.9930675909878,310.28596187175043,1,1208,0.9016,0.0,1,0.272263765335083
TRAIN,89b671bb,33,0,1,5,720,1280,1,2.4035605705952703e-31,-7.9375,0.0003569706459529698,0,0,0.0,4624,0.0,,,,,,0,0,,0.0,5,
TRAIN,89b671bb,33,1,2,5,720,1280,1,1.2304311611726287e-23,-6.0,0.0024726230185478926,0,0,0.0,17859,0.0,,,,,,0,0,,0.0,5,
TRAIN,89b671bb,33,2,3,5,720,1280,1,8.859277744181285e-32,-7.8125,0.0004044814850203693,0,0,0.0,8455,0.0,,,,,,0,0,,0.0,5,
TRAIN,89b671bb,33,3,4,5,720,1280,1,4.405564747785802e-33,-6.21875,0.001987774157896638,0,0,0.0,11497,0.0,,,,,,0,0,,0.0,5,
TRAIN,89b671bb,33,4,5,5,720,1280,1,0.890625,5.5625,0.9961755275726318,1,1173,0.0012727864583333332,1894,0.619324181626188,0.12542047092743874,636.38789428815,313.5251491901108,670.8614200171087,310.4473909324209,1,1149,0.9253731343283582,0.0,1,0.27491113543510437
TRAIN,89b671bb,34,0,1,5,720,1280,1,2.4035605705952703e-31,-7.96875,0.00034599160426296294,0,0,0.0,4624,0.0,,,,,,0,0,,0.0,5,
TRAIN,89b671bb,34,1,2,5,720,1280,1,2.8587361969832636e-20,-3.625,0.02595735713839531,0,0,0.0,17859,0.0,,,,,,0,0,,0.0,5,
TRAIN,89b671bb,34,2,3,5,720,1280,1,2.9335764912906377e-30,-7.46875,0.000570315751247108,0,0,0.0,8455,0.0,,,,,,0,0,,0.0,5,
TRAIN,89b671bb,34,3,4,5,720,1280,1,2.68426485998971e-33,-7.0625,0.0008559006964787841,0,0,0.0,11497,0.0,,,,,,0,0,,0.0,5,
TRAIN,89b671bb,34,4,5,5,720,1280,1,0.88671875,5.4375,0.9956685304641724,1,1148,0.0012456597222222222,1894,0.6061246040126715,0.19454451878538342,606.3083623693379,314.69686411149826,636.38789428815,313.5251491901108,1,1180,0.8819725141471302,0.0,1,0.27423614263534546
TRAIN,89b671bb,35,0,1,5,720,1280,1,1.787262988391355e-30,-8.375,0.00023050670279189944,0,0,0.0,4624,0.0,,,,,,0,0,,0.0,5,
TRAIN,89b671bb,35,1,2,5,720,1280,1,5.227781471335135e-22,-3.9375,0.01912403479218483,0,0,0.0,17859,0.0,,,,,,0,0,,0.0,5,
TRAIN,89b671bb,35,2,3,5,720,1280,1,4.831773044478697e-30,-7.5,0.000552778656128794,0,0,0.0,8455,0.0,,,,,,0,0,,0.0,5,
TRAIN,89b671bb,35,3,4,5,720,1280,1,6.5635692504717e-31,-6.40625,0.0016484829830005765,0,0,0.0,11497,0.0,,,,,,0,0,,0.0,5,
TRAIN,89b671bb,35,4,5,5,720,1280,1,0.890625,5.28125,0.9949396848678589,1,1312,0.0014236111111111112,1894,0.6927138331573389,0.2739513205592957,580.9001524390244,314.8010670731707,606.3083623693379,314.69686411149826,1,1267,0.8620938628158845,0.0,1,0.305429071187973
TRAIN,89b671bb,36,0,1,5,720,1280,1,1.3213420162451948e-29,-7.96875,0.00034599160426296294,0,0,0.0,4624,0.0,,,,,,0,0,,0.0,5,
TRAIN,89b671bb,36,1,2,5,720,1280,1,2.355810384551023e-21,-3.90625,0.01971912756562233,0,0,0.0,17859,0.0,,,,,,0,0,,0.0,5,
TRAIN,89b671bb,36,2,3,5,720,1280,1,1.078520768856852e-30,-7.0625,0.0008559006964787841,0,0,0.0,8455,0.0,,,,,,0,0,,0.0,5,
TRAIN,89b671bb,36,3,4,5,720,1280,1,5.301145283085199e-27,-5.125,0.0059110685251653194,0,0,0.0,11497,0.0,,,,,,0,0,,0.0,5,
TRAIN,89b671bb,36,4,5,5,720,1280,1,0.87109375,5.5,0.9959298968315125,1,1258,0.0013650173611111111,1894,0.6642027455121436,0.6183879093198993,572.6963434022258,317.6168521462639,580.9001524390244,314.8010670731707,1,1257,0.8838951310861424,0.0,1,0.2823447585105896
TRAIN,89b671bb,37,0,1,5,720,1280,1,1.3213420162451948e-29,-8.125,0.0002959570847451687,0,0,0.0,4624,0.0,,,,,,0,0,,0.0,5,
TRAIN,89b671bb,37,1,2,5,720,1280,1,9.994988777600744e-20,-3.9375,0.01912403479218483,0,0,0.0,17859,0.0,,,,,,0,0,,0.0,5,
TRAIN,89b671bb,37,2,3,5,720,1280,1,5.585135208964764e-28,-6.875,0.0010322310263291001,0,0,0.0,8455,0.0,,,,,,0,0,,0.0,5,
TRAIN,89b671bb,37,3,4,5,720,1280,1,5.916456789157589e-29,-6.28125,0.0018675660248845816,0,0,0.0,11497,0.0,,,,,,0,0,,0.0,5,
TRAIN,89b671bb,37,4,5,5,720,1280,1,0.8828125,5.78125,0.9969245791435242,1,1230,0.0013346354166666667,1894,0.6494192185850053,0.29179646936656284,589.7178861788618,326.6292682926829,572.6963434022258,317.6168521462639,1,1255,0.8768882175226587,0.0,1,0.3056367039680481
TRAIN,89b671bb,38,0,1,5,720,1280,1,1.3213420162451948e-29,-8.0625,0.0003150386910419911,0,0,0.0,4624,0.0,,,,,,0,0,,0.0,5,
TRAIN,89b671bb,38,1,2,5,720,1280,1,2.7529604761530452e-24,-5.40625,0.0044683837331831455,0,0,0.0,17859,0.0,,,,,,0,0,,0.0,5,
TRAIN,89b671bb,38,2,3,5,720,1280,1,3.3921018924503508e-28,-7.5,0.000552778656128794,0,0,0.0,8455,0.0,,,,,,0,0,,0.0,5,
TRAIN,89b671bb,38,3,4,5,720,1280,1,9.742432179479496e-29,-6.5625,0.0014103584690019488,0,0,0.0,11497,0.0,,,,,,0,0,,0.0,5,
TRAIN,89b671bb,38,4,5,5,720,1280,1,0.890625,6.0625,0.9976769089698792,1,1211,0.0013140190972222223,1894,0.6393875395987328,0.28812664907651714,614.7795210569777,326.3030553261767,589.7178861788618,326.6292682926829,1,1284,0.8815987933634992,0.0,1,0.3030761480331421
TRAIN,89b671bb,39,0,1,5,720,1280,1,2.1693674893577825e-29,-7.375,0.000626334105618298,0,0,0.0,4624,0.0,,,,,,0,0,,0.0,5,
TRAIN,89b671bb,39,1,2,5,720,1280,1,4.52364397489937e-24,-5.40625,0.0044683837331831455,0,0,0.0,17859,0.0,,,,,,0,0,,0.0,5,
TRAIN,89b671bb,39,2,3,5,720,1280,1,2.6505726415425997e-28,-7.03125,0.0008830457809381187,0,0,0.0,8455,0.0,,,,,,0,0,,0.0,5,
TRAIN,89b671bb,39,3,4,5,720,1280,1,4.354512196819985e-28,-6.875,0.0010322310263291001,0,0,0.0,11497,0.0,,,,,,0,0,,0.0,5,
TRAIN,89b671bb,39,4,5,5,720,1280,1,0.88671875,5.9375,0.997368335723877,1,1142,0.0012391493055555556,1894,0.6029567053854277,0.2160206718346253,644.1646234676007,325.61471103327494,614.7795210569777,326.3030553261767,1,1213,0.8870192307692307,0.0,1,0.28626325726509094
TRAIN,89b671bb,40,0,1,5,720,1280,1,3.5695955961250784e-29,-8.8125,0.00014883848780300468,0,0,0.0,4624,0.0,,,,,,0,0,,0.0,5,
TRAIN,89b671bb,40,1,2,5,720,1280,1,3.715850407953054e-25,-6.0625,0.002323162741959095,0,0,0.0,17859,0.0,,,,,,0,0,,0.0,5,
TRAIN,89b671bb,40,2,3,5,720,1280,1,1.44393100091654e-26,-7.4375,0.0005884087877348065,0,0,0.0,8455,0.0,,,,,,0,0,,0.0,5,
TRAIN,89b671bb,40,3,4,5,720,1280,1,1.0662875083691372e-25,-5.96875,0.0025509123224765062,0,0,0.0,11497,0.0,,,,,,0,0,,0.0,5,
TRAIN,89b671bb,40,4,5,5,720,1280,1,0.87890625,5.875,0.9971990585327148,1,1248,0.0013541666666666667,1894,0.6589229144667371,0.08636363636363636,683.6354166666666,321.69471153846155,644.1646234676007,325.61471103327494,1,1303,0.8840472673559823,0.0,1,0.3101761043071747
TRAIN,89b671bb,41,0,1,5,720,1280,1,1.4637067577342992e-31,-8.625,0.00017952796770259738,0,0,0.0,4624,0.0,,,,,,0,0,,0.0,5,
TRAIN,89b671bb,41,1,2,5,720,1280,1,5.816113682013476e-24,-6.3125,0.0018102108733728528,0,0,0.0,17859,0.0,,,,,,0,0,,0.0,5,
TRAIN,89b671bb,41,2,3,5,720,1280,1,2.066815571679051e-28,-7.75,0.00043055712012574077,0,0,0.0,8455,0.0,,,,,,0,0,,0.0,5,
TRAIN,89b671bb,41,3,4,5,720,1280,1,4.52364397489937e-24,-5.96875,0.0025509123224765062,0,0,0.0,11497,0.0,,,,,,0,0,,0.0,5,
TRAIN,89b671bb,41,4,5,5,720,1280,1,0.88671875,5.9375,0.997368335723877,1,1231,0.001335720486111111,1894,0.6499472016895459,0.008954008954008955,731.5028432168968,311.00243704305444,683.6354166666666,321.69471153846155,1,1197,0.9043137254901961,0.0,1,0.2695657014846802
TRAIN,89b671bb,42,0,1,5,720,1280,1,5.301145283085199e-27,-8.6875,0.0001686527393758297,0,0,0.0,4624,0.0,,,,,,0,0,,0.0,5,
TRAIN,89b671bb,42,1,2,5,720,1280,1,6.314393452555578e-16,-2.9375,0.05033063143491745,0,0,0.0,17859,0.0,,,,,,0,0,,0.0,5,
TRAIN,89b671bb,42,2,3,5,720,1280,1,6.716706573930585e-22,-4.6875,0.009125636890530586,0,0,0.0,8455,0.0,,,,,,0,0,,0.0,5,
TRAIN,89b671bb,42,3,4,5,720,1280,1,5.542110104105285e-23,-5.0,0.006692850962281227,0,0,0.0,11497,0.0,,,,,,0,0,,0.0,5,
TRAIN,89b671bb,42,4,5,5,720,1280,1,0.89453125,5.375,0.9953904151916504,1,1283,0.0013921440972222221,1894,0.67740232312566,0.10846560846560846,768.9485580670304,307.7661730319563,731.5028432168968,311.00243704305444,1,1213,0.9214780600461894,0.0,1,0.26255154609680176
TRAIN,89b671bb,43,0,1,5,720,1280,1,1.787262988391355e-30,-6.0,0.0024726230185478926,0,0,0.0,4624,0.0,,,,,,0,0,,0.0,3,
TRAIN,89b671bb,43,1,2,5,720,1280,1,1.3322676295501878e-15,-2.3125,0.09009299427270889,0,0,0.0,17859,0.0,,,,,,0,0,,0.0,3,
TRAIN,89b671bb,43,2,3,5,720,1280,1,0.75390625,1.609375,0.8333246111869812,1,202,0.00021918402777777778,8455,0.023891188645771732,0.0,2.272277227722772,414.7722772277228,,,1,172,0.7980769230769231,0.0,1,0.3337930142879486
TRAIN,89b671bb,43,3,4,5,720,1280,1,1.5209238252661108e-27,-5.5,0.00407013762742281,0,0,0.0,11497,0.0,,,,,,0,0,,0.0,3,
TRAIN,89b671bb,43,4,5,5,720,1280,1,0.890625,5.03125,0.9935117363929749,1,1334,0.001447482638888889,1894,0.7043294614572334,0.061232765612327655,807.7038980509745,296.784107946027,768.9485580670304,307.7661730319563,1,1278,0.9234167893961709,0.0,1,0.26587870717048645
TRAIN,89b671bb,44,0,1,5,720,1280,1,4.926614671774132e-16,-2.90625,0.05184546485543251,0,0,0.0,4624,0.0,,,,,,0,0,,0.0,3,
TRAIN,89b671bb,44,1,2,5,720,1280,1,6.635317295611287e-17,-2.453125,0.0792103186249733,0,0,0.0,17859,0.0,,,,,,0,0,,0.0,3,
TRAIN,89b671bb,44,2,3,5,720,1280,1,0.921875,4.34375,0.9871788024902344,1,2131,0.0023122829861111113,8455,0.25204021289178,0.09222846441947566,14.645236977944627,402.58329422806196,2.272277227722772,414.7722772277228,1,2094,0.9239526411657559,0.0,1,0.42314791679382324
TRAIN,89b671bb,44,3,4,5,720,1280,1,2.9335764912906377e-30,-6.0625,0.002323162741959095,0,0,0.0,11497,0.0,,,,,,0,0,,0.0,3,
TRAIN,89b671bb,44,4,5,5,720,1280,1,0.8828125,6.25,0.9980732202529907,1,1323,0.001435546875,1894,0.6985216473072862,0.394750656167979,824.8526077097506,292.46031746031747,807.7038980509745,296.784107946027,1,1263,0.8958944281524927,0.0,1,0.24886293709278107
TRAIN,89b671bb,45,0,1,5,720,1280,1,3.864587821847745e-21,-2.9375,0.05033063143491745,0,0,0.0,4624,0.0,,,,,,0,0,,0.0,3,
TRAIN,89b671bb,45,1,2,5,720,1280,1,4.9763185651190145e-21,-3.046875,0.04535258188843727,0,0,0.0,17859,0.0,,,,,,0,0,,0.0,3,
TRAIN,89b671bb,45,2,3,5,720,1280,1,0.9296875,5.28125,0.9949396848678589,1,3250,0.0035264756944444445,8455,0.384387936132466,0.5854449027695934,21.536923076923078,398.3833846153846,14.645236977944627,402.58329422806196,1,3034,0.9164379383958524,0.0,1,0.35459086298942566
TRAIN,89b671bb,45,3,4,5,720,1280,1,9.213895372981418e-28,-5.5,0.00407013762742281,0,0,0.0,11497,0.0,,,,,,0,0,,0.0,3,
TRAIN,89b671bb,45,4,5,5,720,1280,1,0.8828125,6.6875,0.9987550973892212,1,1236,0.0013411458333333333,1894,0.6525871172122492,0.6681877444589309,831.1334951456311,295.25970873786406,824.8526077097506,292.46031746031747,1,1207,0.8705972434915773,0.0,1,0.26735684275627136
TRAIN,89b671bb,46,0,1,5,720,1280,1,0.3359375,0.00946044921875,0.5023651123046875,1,15,1.6276041666666666e-05,4624,0.0032439446366782005,0.0,1.1333333333333333,430.06666666666666,,,0,0,0.0,0.0,2,0.33459559082984924
TRAIN,89b671bb,46,1,2,5,720,1280,1,8.205631676526035e-21,-3.078125,0.04401864856481552,0,0,0.0,17859,0.0,,,,,,0,0,,0.0,3,
TRAIN,89b671bb,46,2,3,5,720,1280,1,0.92578125,5.9375,0.997368335723877,1,3488,0.0037847222222222223,8455,0.41253696037847426,0.8156831042845594,23.318233944954127,394.5642201834862,21.536923076923078,398.3833846153846,1,3479,0.91033726350425,0.0,1,0.30376261472702026
TRAIN,89b671bb,46,3,4,5,720,1280,1,1.601387637598654e-28,-5.75,0.003172682598233223,0,0,0.0,11497,0.0,,,,,,0,0,,0.0,3,
TRAIN,89b671bb,46,4,5,5,720,1280,1,0.87890625,6.5625,0.9985895752906799,1,1186,0.001286892361111111,1894,0.6261879619852164,0.7743589743589744,835.7984822934233,294.5548060708263,831.1334951456311,295.25970873786406,1,1208,0.8732394366197183,0.0,1,0.2944374680519104
TRAIN,89b671bb,47,0,1,5,720,1280,1,2.8587361969832636e-20,-2.34375,0.08756384253501892,0,0,0.0,4624,0.0,0.0,,,1.1333333333333333,430.06666666666666,0,0,,0.0,3,
TRAIN,89b671bb,47,1,2,5,720,1280,1,4.52364397489937e-24,-3.984375,0.018264278769493103,0,0,0.0,17859,0.0,,,,,,0,0,,0.0,3,
TRAIN,89b671bb,47,2,3,5,720,1280,1,0.9375,7.375,0.999373733997345,1,3228,0.0035026041666666665,8455,0.381785925487877,0.7063008130081301,22.0817843866171,388.3314745972739,23.318233944954127,394.5642201834862,1,3108,0.9275935503498631,0.0,1,0.2988579571247101
TRAIN,89b671bb,47,3,4,5,720,1280,1,2.6505726415425997e-28,-5.5,0.00407013762742281,0,0,0.0,11497,0.0,,,,,,0,0,,0.0,3,
TRAIN,89b671bb,47,4,5,5,720,1280,1,0.8828125,7.0625,0.9991440773010254,1,1295,0.0014051649305555556,1894,0.6837381203801478,0.30304621848739494,832.7760617760617,282.3984555984556,835.7984822934233,294.5548060708263,1,1233,0.9050489826676714,0.0,1,0.28971067070961
TRAIN,89b671bb,48,0,1,5,720,1280,1,1.1988913903810543e-32,-5.21875,0.005384937860071659,0,0,0.0,4624,0.0,,,,,,0,0,,0.0,3,
TRAIN,89b671bb,48,1,2,5,720,1280,1,2.3829910224916325e-26,-4.375,0.012431650422513485,0,0,0.0,17859,0.0,,,,,,0,0,,0.0,3,
TRAIN,89b671bb,48,2,3,5,720,1280,1,0.921875,6.53125,0.9985449314117432,1,2191,0.0023773871527777777,8455,0.25913660555884094,0.574375363160953,14.954358740301233,393.96805111821084,22.0817843866171,388.3314745972739,1,2127,0.8897155361050328,0.0,1,0.28886768221855164
TRAIN,89b671bb,48,3,4,5,720,1280,1,3.2548216060144286e-32,-7.65625,0.0004728544445242733,0,0,0.0,11497,0.0,,,,,,0,0,,0.0,3,
TRAIN,89b671bb,48,4,5,5,720,1280,1,0.49609375,0.0888671875,0.52220219373703,1,355,0.00038519965277777776,1894,0.18743400211193242,0.2605042016806723,828.9577464788732,275.59718309859153,832.7760617760617,282.3984555984556,1,316,0.7657894736842106,0.0,1,0.28614068031311035
TRAIN,89b671bb,49,0,1,5,720,1280,1,9.742432179479496e-29,-4.40625,0.0120537793263793,0,0,0.0,4624,0.0,,,,,,0,0,,0.0,3,
TRAIN,89b671bb,49,1,2,5,720,1280,1,1.125862283931428e-26,-4.625,0.009708477184176445,0,0,0.0,17859,0.0,,,,,,0,0,,0.0,3,
TRAIN,89b671bb,49,2,3,5,720,1280,1,0.92578125,7.03125,0.9991169571876526,1,2663,0.0028895399305555554,8455,0.31496156120638674,0.7819383259911894,17.66503942921517,391.018775816748,14.954358740301233,393.96805111821084,1,2462,0.9009643916913946,0.0,1,0.2869156301021576
TRAIN,89b671bb,49,3,4,5,720,1280,1,1.4637067577342992e-31,-7.6875,0.000458312890259549,0,0,0.0,11497,0.0,,,,,,0,0,,0.0,3,
TRAIN,89b671bb,49,4,5,5,720,1280,1,1.078520768856852e-30,-4.1875,0.014957086183130741,0,0,0.0,1894,0.0,0.0,,,828.9577464788732,275.59718309859153,0,0,,0.0,3,
TRAIN,89b671bb,50,0,1,5,720,1280,1,7.270385540061815e-33,-5.28125,0.005060331895947456,0,0,0.0,4624,0.0,,,,,,0,0,,0.0,3,
TRAIN,89b671bb,50,1,2,5,720,1280,1,2.7529604761530452e-24,-4.125,0.01590639166533947,0,0,0.0,17859,0.0,,,,,,0,0,,0.0,3,
TRAIN,89b671bb,50,2,3,5,720,1280,1,0.92578125,6.3125,0.9981897473335266,1,2252,0.002443576388888889,8455,0.26635127143701953,0.7905282331511839,14.981349911190053,389.1025754884547,17.66503942921517,391.018775816748,1,2135,0.8876936316695353,0.0,1,0.32080742716789246
TRAIN,89b671bb,50,3,4,5,720,1280,1,5.0487097934144756e-26,-4.53125,0.01065251138061285,0,0,0.0,11497,0.0,,,,,,0,0,,0.0,3,
TRAIN,89b671bb,50,4,5,5,720,1280,1,0.88671875,6.34375,0.998245358467102,1,1265,0.0013726128472222221,1894,0.6678986272439282,0.0,821.6632411067194,282.1233201581028,,,1,1179,0.8557327258921792,0.0,1,0.3401188254356384
TRAIN,89b671bb,51,0,1,5,720,1280,1,1.078520768856852e-30,-4.78125,0.008315778337419033,0,0,0.0,4624,0.0,,,,,,0,0,,0.0,3,
TRAIN,89b671bb,51,1,2,5,720,1280,1,2.7529604761530452e-24,-3.9375,0.01912403479218483,0,0,0.0,17859,0.0,,,,,,0,0,,0.0,3,
TRAIN,89b671bb,51,2,3,5,720,1280,1,0.9140625,6.4375,0.9984021782875061,1,2107,0.0022862413194444445,8455,0.24920165582495565,0.7633495145631068,14.518272425249169,384.7764594209777,14.981349911190053,389.1025754884547,1,1904,0.8725490196078431,0.0,1,0.2906949520111084
TRAIN,89b671bb,51,3,4,5,720,1280,1,6.139231108792002e-25,-4.46875,0.011331753805279732,0,0,0.0,11497,0.0,,,,,,0,0,,0.0,3,
TRAIN,89b671bb,51,4,5,5,720,1280,1,0.8828125,5.5,0.9959298968315125,1,1329,0.0014420572916666666,1894,0.7016895459345301,0.62125,821.0775018811137,276.5831452219714,821.6632411067194,282.1233201581028,1,1239,0.896602658788774,0.0,1,0.22170136868953705
TRAIN,89b671bb,52,0,1,5,720,1280,1,2.4035605705952703e-31,-5.09375,0.0060975621454417706,0,0,0.0,4624,0.0,,,,,,0,0,,0.0,3,
TRAIN,89b671bb,52,1,2,5,720,1280,1,5.542110104105285e-23,-3.90625,0.01971912756562233,0,0,0.0,17859,0.0,,,,,,0,0,,0.0,3,
TRAIN,89b671bb,52,2,3,5,720,1280,1,0.9140625,5.71875,0.9967268705368042,1,2151,0.002333984375,8455,0.25440567711413364,0.8774250440917107,14.799628079962808,382.2264063226406,14.518272425249169,384.7764594209777,1,2013,0.8858695652173914,0.0,1,0.2527351677417755
TRAIN,89b671bb,52,3,4,5,720,1280,1,3.1763735522036263e-22,-3.828125,0.021287351846694946,0,0,0.0,11497,0.0,,,,,,0,0,,0.0,3,
TRAIN,89b671bb,52,4,5,5,720,1280,1,0.89453125,5.1875,0.9944451451301575,1,1210,0.0013129340277777779,1894,0.6388595564941922,0.9090225563909774,821.6198347107438,276.20578512396696,821.0775018811137,276.5831452219714,1,1157,0.8966346153846154,0.0,1,0.29621511697769165
TRAIN,89b671bb,53,0,1,5,720,1280,1,3.715850407953054e-25,-2.953125,0.04958902671933174,0,0,0.0,4624,0.0,,,,,,0,0,,0.0,3,
TRAIN,89b671bb,53,1,2,5,720,1280,1,1.760989975942969e-25,-4.625,0.009708477184176445,0,0,0.0,17859,0.0,,,,,,0,0,,0.0,3,
TRAIN,89b671bb,53,2,3,5,720,1280,1,0.890625,5.84375,0.9971103668212891,1,1667,0.0018088107638888889,8455,0.19716144293317564,0.7659574468085106,12.557888422315537,385.2147570485903,14.799628079962808,382.2264063226406,1,1642,0.8822525597269625,0.0,1,0.3196555972099304
TRAIN,89b671bb,53,3,4,5,720,1280,1,6.815758221109542e-27,-4.71875,0.008847354911267757,0,0,0.0,11497,0.0,,,,,,0,0,,0.0,3,
TRAIN,89b671bb,53,4,5,5,720,1280,1,0.890625,6.125,0.9978172779083252,1,1288,0.0013975694444444443,1894,0.6800422386483632,0.6855600539811066,817.7756211180124,279.70962732919253,821.6198347107438,276.20578512396696,1,1190,0.9017651573292402,0.0,1,0.23122020065784454
TRAIN,89b671bb,54,0,1,5,720,1280,1,5.542110104105285e-23,-2.375,0.08509904146194458,0,0,0.0,4624,0.0,,,,,,0,0,,0.0,3,
TRAIN,89b671bb,54,1,2,5,720,1280,1,1.5209238252661108e-27,-4.46875,0.011331753805279732,0,0,0.0,17859,0.0,,,,,,0,0,,0.0,3,
TRAIN,89b671bb,54,2,3,5,720,1280,1,0.8671875,3.71875,0.9763104915618896,1,1961,0.0021278211805555555,8455,0.2319337670017741,0.8500764915859256,12.869454360020399,382.7837837837838,12.557888422315537,385.2147570485903,1,1752,0.8363006923837785,0.0,1,0.29978519678115845
TRAIN,89b671bb,54,3,4,5,720,1280,1,1.014588720084573e-24,-3.96875,0.018546566367149353,0,0,0.0,11497,0.0,,,,,,0,0,,0.0,3,
TRAIN,89b671bb,54,4,5,5,720,1280,1,0.87890625,5.59375,0.996292769908905,1,1283,0.0013921440972222221,1894,0.67740232312566,0.9610983981693364,818.4824629773967,279.73421667965704,817.7756211180124,279.70962732919253,1,1228,0.9066059225512528,0.0,1,0.23122380673885345
TRAIN,89b671bb,55,0,1,5,720,1280,1,7.987216665362745e-30,-3.90625,0.01971912756562233,0,0,0.0,4624,0.0,,,,,,0,0,,0.0,3,
TRAIN,89b671bb,55,1,2,5,720,1280,1,3.715850407953054e-25,-4.3125,0.013222821988165379,0,0,0.0,17859,0.0,,,,,,0,0,,0.0,3,
TRAIN,89b671bb,55,2,3,5,720,1280,1,0.87890625,4.5,0.9890130758285522,1,1280,0.001388888888888889,8455,0.15138971023063277,0.6460132046724225,9.86796875,386.1328125,12.869454360020399,382.7837837837838,1,1174,0.8478915662650602,0.0,1,0.35988283157348633
TRAIN,89b671bb,55,3,4,5,720,1280,1,5.542110104105285e-23,-3.671875,0.024798160418868065,0,0,0.0,11497,0.0,,,,,,0,0,,0.0,3,
TRAIN,89b671bb,55,4,5,5,720,1280,1,0.890625,6.03125,0.9976032376289368,1,1322,0.0014344618055555556,1894,0.6979936642027456,0.6435331230283912,813.0332829046898,283.35098335854764,818.4824629773967,279.73421667965704,1,1263,0.899338721528288,0.0,1,0.2676335871219635
TRAIN,89b671bb,56,0,1,5,720,1280,1,3.975119405215255e-31,-4.5,0.010986941866576672,0,0,0.0,4624,0.0,,,,,,0,0,,0.0,3,
TRAIN,89b671bb,56,1,2,5,720,1280,1,3.218552493301728e-27,-4.53125,0.01065251138061285,0,0,0.0,17859,0.0,,,,,,0,0,,0.0,3,
TRAIN,89b671bb,56,2,3,5,720,1280,1,0.92578125,6.375,0.9982993006706238,1,2128,0.002309027777777778,8455,0.251685393258427,0.5719557195571956,14.239661654135338,380.16964285714283,9.86796875,386.1328125,1,1840,0.8430097538318625,0.0,1,0.3624109923839569
TRAIN,89b671bb,56,3,4,5,720,1280,1,1.44393100091654e-26,-4.03125,0.017442485317587852,0,0,0.0,11497,0.0,,,,,,0,0,,0.0,3,
TRAIN,89b671bb,56,4,5,5,720,1280,1,0.875,6.0625,0.9976769089698792,1,1270,0.0013780381944444445,1894,0.6705385427666315,0.6394686907020873,819.1685039370079,279.93307086614175,813.0332829046898,283.35098335854764,1,1227,0.8959757023538345,0.0,1,0.21839116513729095
TRAIN,89b671bb,57,0,1,5,720,1280,1,4.831773044478697e-30,-4.21875,0.014503579586744308,0,0,0.0,4624,0.0,,,,,,0,0,,0.0,3,
TRAIN,89b671bb,57,1,2,5,720,1280,1,1.9563750449481093e-27,-4.875,0.007577241398394108,0,0,0.0,17859,0.0,,,,,,0,0,,0.0,3,
TRAIN,89b671bb,57,2,3,5,720,1280,1,0.921875,6.65625,0.9987157583236694,1,2620,0.0028428819444444443,8455,0.30987581312832646,0.7353801169590644,17.13206106870229,376.562213740458,14.239661654135338,380.16964285714283,1,2591,0.9115920763022743,0.0,1,0.399308443069458
TRAIN,89b671bb,57,3,4,5,720,1280,1,4.782137916322191e-25,-4.03125,0.017442485317587852,0,0,0.0,11497,0.0,,,,,,0,0,,0.0,3,
TRAIN,89b671bb,57,4,5,5,720,1280,1,0.875,6.375,0.9982993006706238,1,1364,0.0014800347222222222,1894,0.720168954593453,0.7238219895287958,825.516129032258,279.05865102639297,819.1685039370079,279.93307086614175,1,1222,0.8820960698689956,0.0,1,0.2718455195426941
TRAIN,89b671bb,58,0,1,5,720,1280,1,5.916456789157589e-29,-4.375,0.012431650422513485,0,0,0.0,4624,0.0,,,,,,0,0,,0.0,3,
TRAIN,89b671bb,58,1,2,5,720,1280,1,6.815758221109542e-27,-4.78125,0.008315778337419033,0,0,0.0,17859,0.0,,,,,,0,0,,0.0,3,
TRAIN,89b671bb,58,2,3,5,720,1280,1,0.91796875,7.46875,0.9994296431541443,1,3145,0.003412543402777778,8455,0.3719692489651094,0.7629969418960245,20.443879173290938,373.0076311605723,17.13206106870229,376.562213740458,1,2865,0.8941065237945163,0.0,1,0.36013978719711304
TRAIN,89b671bb,58,3,4,5,720,1280,1,3.049420715222343e-26,-4.78125,0.008315778337419033,0,0,0.0,11497,0.0,,,,,,0,0,,0.0,3,
TRAIN,89b671bb,58,4,5,5,720,1280,1,0.87890625,6.375,0.9982993006706238,1,1275,0.0013834635416666667,1894,0.6731784582893348,0.82,829.1450980392157,279.75686274509803,825.516129032258,279.05865102639297,1,1206,0.878122634367903,0.0,1,0.2623034119606018
TRAIN,89b671bb,59,0,1,5,720,1280,1,3.5695955961250784e-29,-4.875,0.007577241398394108,0,0,0.0,4624,0.0,,,,,,0,0,,0.0,3,
TRAIN,89b671bb,59,1,2,5,720,1280,1,1.857925203976527e-26,-5.03125,0.0064882696606218815,0,0,0.0,17859,0.0,,,,,,0,0,,0.0,3,
TRAIN,89b671bb,59,2,3,5,720,1280,1,0.921875,8.125,0.9997040629386902,1,3088,0.0033506944444444443,8455,0.36522767593140154,0.9357142857142857,20.376619170984455,374.06379533678756,20.443879173290938,373.0076311605723,1,2992,0.9216182048040455,0.0,1,0.36091312766075134
TRAIN,89b671bb,59,3,4,5,720,1280,1,2.1454997138094155e-24,-4.6875,0.009125636890530586,0,0,0.0,11497,0.0,,,,,,0,0,,0.0,3,
TRAIN,89b671bb,59,4,5,5,720,1280,1,0.890625,6.5,0.998498797416687,1,1225,0.0013292100694444445,1894,0.646779303062302,0.7301038062283737,832.3069387755102,282.58367346938775,829.1450980392157,279.75686274509803,1,1235,0.8952234206471494,0.0,1,0.3092818558216095
TRAIN,89b671bb,60,0,1,5,720,1280,1,2.1693674893577825e-29,-4.53125,0.01065251138061285,0,0,0.0,4624,0.0,,,,,,0,0,,0.0,3,
TRAIN,89b671bb,60,1,2,5,720,1280,1,1.9563750449481093e-27,-5.15625,0.005730246659368277,0,0,0.0,17859,0.0,,,,,,0,0,,0.0,3,
TRAIN,89b671bb,60,2,3,5,720,1280,1,0.9375,7.28125,0.999312162399292,1,3319,0.003601345486111111,8455,0.39254878769958607,0.8690198366394399,21.26785176257909,370.90509189514916,20.376619170984455,374.06379533678756,1,3057,0.9106982319448607,0.0,1,0.3888552784919739
TRAIN,89b671bb,60,3,4,5,720,1280,1,5.0487097934144756e-26,-5.0625,0.00628990214318037,0,0,0.0,11497,0.0,,,,,,0,0,,0.0,3,
TRAIN,89b671bb,60,4,5,5,720,1280,1,0.8984375,6.21875,0.9980121850967407,1,1327,0.0014398871527777778,1894,0.7006335797254488,0.7384196185286104,835.0557648831951,279.6752072343632,832.3069387755102,282.58367346938775,1,1203,0.890881913303438,0.0,1,0.3024539649486542
TRAIN,89b671bb,61,0,1,5,720,1280,1,1.857925203976527e-26,-5.40625,0.0044683837331831455,0,0,0.0,4624,0.0,,,,,,0,0,,0.0,3,
TRAIN,89b671bb,61,1,2,5,720,1280,1,1.9563750449481093e-27,-5.28125,0.005060331895947456,0,0,0.0,17859,0.0,,,,,,0,0,,0.0,3,
TRAIN,89b671bb,61,2,3,5,720,1280,1,0.92578125,7.75,0.9995694756507874,1,2917,0.0031651475694444444,8455,0.34500295683027793,0.8406139315230224,18.811107302022627,370.55879328076793,21.26785176257909,370.90509189514916,1,2710,0.9139455782312925,0.0,1,0.348873108625412
TRAIN,89b671bb,61,3,4,5,720,1280,1,3.715850407953054e-25,-4.5,0.010986941866576672,0,0,0.0,11497,0.0,,,,,,0,0,,0.0,3,
TRAIN,89b671bb,61,4,5,5,720,1280,1,0.89453125,5.90625,0.997285008430481,1,1199,0.0013009982638888889,1894,0.633051742344245,0.5886792452830188,831.393661384487,274.08507089241033,835.0557648831951,279.6752072343632,1,1232,0.9081632653061225,0.0,1,0.33624017238616943
TRAIN,89b671bb,62,0,1,5,720,1280,1,1.5209238252661108e-27,-5.21875,0.005384937860071659,0,0,0.0,4624,0.0,,,,,,0,0,,0.0,3,
TRAIN,89b671bb,62,1,2,5,720,1280,1,5.916456789157589e-29,-6.96875,0.0009399438858963549,0,0,0.0,17859,0.0,,,,,,0,0,,0.0,3,
TRAIN,89b671bb,62,2,3,5,720,1280,1,0.921875,7.25,0.9992903470993042,1,2368,0.0025694444444444445,8455,0.28007096392667064,0.7109096795079314,15.92356418918919,376.27618243243245,18.811107302022627,370.55879328076793,1,2232,0.8961253091508656,0.0,1,0.3879018723964691
TRAIN,89b671bb,62,3,4,5,720,1280,1,5.585135208964764e-28,-7.25,0.0007096704212017357,0,0,0.0,11497,0.0,,,,,,0,0,,0.0,3,
TRAIN,89b671bb,62,4,5,5,720,1280,1,0.51953125,1.203125,0.7690802216529846,1,335,0.0003634982638888889,1894,0.17687434002111932,0.2793994995829858,837.0626865671642,270.0,831.393661384487,274.08507089241033,1,339,0.6124401913875598,0.0,1,0.3481409251689911
TRAIN,89b671bb,63,0,1,5,720,1280,1,1.125862283931428e-26,-5.21875,0.005384937860071659,0,0,0.0,4624,0.0,,,,,,0,0,,0.0,3,
TRAIN,89b671bb,63,1,2,5,720,1280,1,3.049420715222343e-26,-5.25,0.005220125429332256,0,0,0.0,17859,0.0,,,,,,0,0,,0.0,3,
TRAIN,89b671bb,63,2,3,5,720,1280,1,0.90625,7.78125,0.9995827078819275,1,1930,0.0020941840277777777,8455,0.22826729745712596,0.7908333333333334,13.796373056994819,376.00310880829016,15.92356418918919,376.27618243243245,1,1809,0.8902932254802831,0.0,1,0.41466301679611206
TRAIN,89b671bb,63,3,4,5,720,1280,1,1.0662875083691372e-25,-4.53125,0.01065251138061285,0,0,0.0,11497,0.0,,,,,,0,0,,0.0,3,
TRAIN,89b671bb,63,4,5,5,720,1280,1,0.890625,6.84375,0.9989350438117981,1,1253,0.001359592013888889,1894,0.6615628299894404,0.2673583399840383,826.1891460494812,273.7118914604948,837.0626865671642,270.0,1,1289,0.8941877794336811,0.0,1,0.35424384474754333
TRAIN,89b671bb,64,0,1,5,720,1280,1,5.301145283085199e-27,-5.90625,0.0027149852830916643,0,0,0.0,4624,0.0,,,,,,0,0,,0.0,3,
TRAIN,89b671bb,64,1,2,5,720,1280,1,8.734267942607043e-27,-5.25,0.005220125429332256,0,0,0.0,17859,0.0,,,,,,0,0,,0.0,3,
TRAIN,89b671bb,64,2,3,5,720,1280,1,0.91015625,7.90625,0.9996316432952881,1,1824,0.001979166666666667,8455,0.2157303370786517,0.8074145402022147,13.576754385964913,373.47752192982455,13.796373056994819,376.00310880829016,1,1806,0.903513371788149,0.0,1,0.3379268944263458
TRAIN,89b671bb,64,3,4,5,720,1280,1,5.0487097934144756e-26,-4.4375,0.011687257327139378,0,0,0.0,11497,0.0,,,,,,0,0,,0.0,3,
TRAIN,89b671bb,64,4,5,5,720,1280,1,0.890625,6.75,0.9988304972648621,1,1324,0.0014366319444444444,1894,0.6990496304118268,0.7043650793650794,824.8247734138973,269.8753776435045,826.1891460494812,273.7118914604948,1,1229,0.9038031319910514,0.0,1,0.26052114367485046
TRAIN,89b671bb,65,0,1,5,720,1280,1,2.3829910224916325e-26,-5.15625,0.005730246659368277,0,0,0.0,4624,0.0,,,,,,0,0,,0.0,3,
TRAIN,89b671bb,65,1,2,5,720,1280,1,2.1454997138094155e-24,-4.625,0.009708477184176445,0,0,0.0,17859,0.0,,,,,,0,0,,0.0,3,
TRAIN,89b671bb,65,2,3,5,720,1280,1,0.90625,6.75,0.9988304972648621,1,1435,0.0015570746527777779,8455,0.16972205795387343,0.7298301486199575,11.085714285714285,372.6383275261324,13.576754385964913,373.47752192982455,1,1391,0.8928332217012726,0.0,1,0.3865002989768982
TRAIN,89b671bb,65,3,4,5,720,1280,1,7.113753267956038e-23,-3.453125,0.030675802379846573,0,0,0.0,11497,0.0,,,,,,0,0,,0.0,3,
TRAIN,89b671bb,65,4,5,5,720,1280,1,0.89453125,6.09375,0.9977481961250305,1,1332,0.0014453125,1894,0.7032734952481521,0.8757062146892656,822.5893393393393,269.7102102102102,824.8247734138973,269.8753776435045,1,1241,0.8877476155539251,0.0,1,0.2676711976528168
TRAIN,89b671bb,66,0,1,5,720,1280,1,1.125862283931428e-26,-6.25,0.0019267346942797303,0,0,0.0,4624,0.0,,,,,,0,0,,0.0,3,
TRAIN,89b671bb,66,1,2,5,720,1280,1,1.0662875083691372e-25,-5.53125,0.0039454069919884205,0,0,0.0,17859,0.0,,,,,,0,0,,0.0,3,
TRAIN,89b671bb,66,2,3,5,720,1280,1,0.8984375,6.125,0.9978172779083252,1,1376,0.0014930555555555556,8455,0.16274393849793023,0.8993243243243243,10.414244186046512,371.0356104651163,11.085714285714285,372.6383275261324,1,1241,0.8827338129496403,0.0,1,0.33648887276649475
TRAIN,89b671bb,66,3,4,5,720,1280,1,1.014588720084573e-24,-4.25,0.014063628390431404,0,0,0.0,11497,0.0,,,,,,0,0,,0.0,3,
TRAIN,89b671bb,66,4,5,5,720,1280,1,0.8984375,6.46875,0.9984512329101562,1,1334,0.001447482638888889,1894,0.7043294614572334,0.9138549892318737,820.7863568215892,269.7826086956522,822.5893393393393,269.7102102102102,1,1258,0.911504424778761,0.0,1,0.2572183907032013
TRAIN,89b671bb,67,0,1,5,720,1280,1,2.7529604761530452e-24,-7.3125,0.0006667023408226669,0,0,0.0,4624,0.0,,,,,,0,0,,0.0,3,
TRAIN,89b671bb,67,1,2,5,720,1280,1,3.715850407953054e-25,-6.875,0.0010322310263291001,0,0,0.0,17859,0.0,,,,,,0,0,,0.0,3,
TRAIN,89b671bb,67,2,3,5,720,1280,1,0.91796875,9.0,0.9998766183853149,1,1755,0.001904296875,8455,0.20756948551153165,0.6478947368421053,13.307122507122507,366.48205128205126,10.414244186046512,371.0356104651163,1,1740,0.9004893964110929,0.0,1,0.28453880548477173
TRAIN,89b671bb,67,3,4,5,720,1280,1,2.7529604761530452e-24,-5.75,0.003172682598233223,0,0,0.0,11497,0.0,,,,,,0,0,,0.0,3,
TRAIN,89b671bb,67,4,5,5,720,1280,1,0.890625,7.40625,0.9993928670883179,1,1284,0.0013932291666666667,1894,0.6779303062302007,0.7033181522446325,825.3964174454828,267.07554517133957,820.7863568215892,269.7826086956522,1,1241,0.9070996978851964,0.0,1,0.23593124747276306
TRAIN,89b671bb,68,0,1,5,720,1280,1,2.8587361969832636e-20,-4.34375,0.012821214273571968,0,0,0.0,4624,0.0,,,,,,0,0,,0.0,3,
TRAIN,89b671bb,68,1,2,5,720,1280,1,1.6672859221771964e-24,-5.0625,0.00628990214318037,0,0,0.0,17859,0.0,,,,,,0,0,,0.0,3,
TRAIN,89b671bb,68,2,3,5,720,1280,1,0.92578125,8.0,0.9996646642684937,1,3522,0.0038216145833333335,8455,0.41655824955647547,0.39899257688229056,23.377058489494605,357.67688813174334,13.307122507122507,366.48205128205126,1,3360,0.9212730318257957,0.0,1,0.3652563989162445
TRAIN,89b671bb,68,3,4,5,720,1280,1,4.52364397489937e-24,-4.4375,0.011687257327139378,0,0,0.0,11497,0.0,,,,,,0,0,,0.0,3,
TRAIN,89b671bb,68,4,5,5,720,1280,1,0.890625,7.3125,0.9993333220481873,1,1401,0.0015201822916666666,1894,0.7397043294614573,0.40062597809076683,842.4018558172734,262.38401142041397,825.3964174454828,267.07554517133957,1,1268,0.8835568101623148,0.0,1,0.293876051902771
TRAIN,89b671bb,69,0,1,5,720,1280,1,0.68359375,4.0,0.9820137619972229,1,464,0.0005034722222222222,4624,0.10034602076124567,0.0,5.213362068965517,364.5344827586207,,,1,475,0.7885714285714286,0.0020389249304911955,3,0.37499991059303284
TRAIN,89b671bb,69,1,2,5,720,1280,1,5.816113682013476e-24,-5.09375,0.0060975621454417706,0,0,0.0,17859,0.0,,,,,,0,0,,0.0,1,
TRAIN,89b671bb,69,2,3,5,720,1280,1,0.91796875,8.75,0.999841570854187,1,5155,0.005593532986111111,8455,0.6096984033116499,0.4566056739969783,33.510766246362756,346.9123181377304,23.377058489494605,357.67688813174334,1,4942,0.9214081826831589,0.0046395431834403995,1,0.36918404698371887
TRAIN,89b671bb,69,3,4,5,720,1280,1,4.52364397489937e-24,-4.3125,0.013222821988165379,0,0,0.0,11497,0.0,,,,,,0,0,,0.0,1,
TRAIN,89b671bb,69,4,5,5,720,1280,1,0.890625,6.8125,0.9989012479782104,1,1333,0.0014463975694444444,1894,0.7038014783526927,0.4770394381415451,857.9017254313578,264.68042010502626,842.4018558172734,262.38401142041397,1,1269,0.8868745467730239,0.0,1,0.24499355256557465
TRAIN,89b671bb,70,0,1,5,720,1280,1,0.87109375,7.0625,0.9991440773010254,1,4200,0.004557291666666667,4624,0.9083044982698962,0.07095292766934558,20.95452380952381,336.3338095238095,5.213362068965517,364.5344827586207,1,4103,0.8874744260059104,0.018100920214379614,3,0.35912957787513733
TRAIN,89b671bb,70,1,2,5,720,1280,1,1.0662875083691372e-25,-6.53125,0.0014550630003213882,0,0,0.0,17859,0.0,,,,,,0,0,,0.0,1,
TRAIN,89b671bb,70,2,3,5,720,1280,1,0.88671875,10.625,0.9999756813049316,1,5922,0.00642578125,8455,0.7004139562389119,0.15965242881072028,71.67662951705505,350.17814927389395,33.510766246362756,346.9123181377304,1,5868,0.8681666930755824,0.007841560269427969,1,0.29801538586616516
TRAIN,89b671bb,70,3,4,5,720,1280,1,1.760989975942969e-25,-5.0,0.006692850962281227,0,0,0.0,11497,0.0,,,,,,0,0,,0.0,1,
TRAIN,89b671bb,70,4,5,5,720,1280,1,0.890625,6.75,0.9988304972648621,1,1422,0.00154296875,1894,0.750791974656811,0.14553014553014554,893.9135021097046,267.2081575246132,857.9017254313578,264.68042010502626,1,1292,0.8847222222222222,0.0,1,0.28185492753982544
TRAIN,89b671bb,71,0,1,5,720,1280,1,0.90625,8.25,0.9997387528419495,1,5881,0.006381293402777778,4624,1.2718425605536332,0.07484806482567438,55.28447542934875,321.137901717395,20.95452380952381,336.3338095238095,1,5836,0.910172807303554,0.010071131769842947,3,0.27645447850227356
TRAIN,89b671bb,71,1,2,5,720,1280,1,2.261821987449685e-25,-6.0625,0.002323162741959095,0,0,0.0,17859,0.0,,,,,,0,0,,0.0,1,
TRAIN,89b671bb,71,2,3,5,720,1280,1,0.90625,10.0625,0.9999573230743408,1,8269,0.00897243923611111,8455,0.9780011827321112,0.1364619203972131,81.84036763816664,350.9588825734672,71.67662951705505,350.17814927389395,1,8461,0.8867711740160145,0.0020602443876101165,1,0.29166537523269653
TRAIN,89b671bb,71,3,4,5,720,1280,1,1.125862283931428e-26,-4.78125,0.008315778337419033,0,0,0.0,11497,0.0,,,,,,0,0,,0.0,1,
TRAIN,89b671bb,71,4,5,5,720,1280,1,0.90234375,7.09375,0.9991704225540161,1,1353,0.0014680989583333334,1894,0.7143611404435058,0.14906832298136646,928.4634146341464,262.2209903917221,893.9135021097046,267.2081575246132,1,1328,0.9068278805120911,0.0,1,0.29597169160842896
TRAIN,89b671bb,72,0,1,5,720,1280,1,0.90234375,9.5625,0.999929666519165,1,5646,0.006126302083333333,4624,1.2210207612456747,0.1932712215320911,79.8907190931633,311.516294721927,55.28447542934875,321.137901717395,1,5784,0.9081803005008348,0.007503660322108346,3,0.25497496128082275
TRAIN,89b671bb,72,1,2,5,720,1280,1,1.760989975942969e-25,-6.0625,0.002323162741959095,0,0,0.0,17859,0.0,,,,,,0,0,,0.0,1,
TRAIN,89b671bb,72,2,3,5,720,1280,1,0.91015625,10.75,0.9999785423278809,1,10951,0.01188259548611111,8455,1.295209934949734,0.33778798635762514,84.90037439503242,337.16126381152407,81.84036763816664,350.9588825734672,1,10869,0.9016907791528673,0.0059509497475354655,1,0.3270221948623657
TRAIN,89b671bb,72,3,4,5,720,1280,1,1.3213420162451948e-29,-5.125,0.0059110685251653194,0,0,0.0,11497,0.0,,,,,,0,0,,0.0,1,
TRAIN,89b671bb,72,4,5,5,720,1280,1,0.890625,7.25,0.9992903470993042,1,1514,0.001642795138888889,1894,0.7993664202745512,0.28796046720575025,950.5746367239102,255.2556142668428,928.4634146341464,262.2209903917221,1,1371,0.8856209150326797,0.0,1,0.2524593472480774
TRAIN,89b671bb,73,0,1,5,720,1280,1,0.90234375,9.625,0.9999339580535889,1,5762,0.006252170138888889,4624,1.2461072664359862,0.19580712788259957,103.78861506421381,301.08989934050675,79.8907190931633,311.516294721927,1,5370,0.8960994719809232,0.012892780043175822,3,0.28590303659439087
TRAIN,89b671bb,73,1,2,5,720,1280,1,1.014588720084573e-24,-4.78125,0.008315778337419033,0,0,0.0,17859,0.0,,,,,,0,0,,0.0,1,
TRAIN,89b671bb,73,2,3,5,720,1280,1,0.90625,11.125,0.9999852180480957,1,11196,0.0121484375,8455,1.3241868716735659,0.3112492599171107,101.55993211861379,326.05117899249734,84.90037439503242,337.16126381152407,1,11129,0.8969326195938483,0.002784503631961259,1,0.3385438024997711
TRAIN,89b671bb,73,3,4,5,720,1280,1,0.0004444122314453125,-0.8046875,0.3090237081050873,0,0,0.0,11497,0.0,,,,,,0,0,,0.0,1,
TRAIN,89b671bb,73,4,5,5,720,1280,1,0.8984375,7.25,0.9992903470993042,1,1484,0.0016102430555555555,1894,0.7835269271383316,0.18544879398971925,970.2621293800539,240.5633423180593,950.5746367239102,255.2556142668428,1,1431,0.8953185955786735,0.0,1,0.2322738766670227
TRAIN,89b671bb,74,0,1,5,720,1280,1,0.90234375,9.6875,0.999937891960144,1,5498,0.005965711805555556,4624,1.1890138408304498,0.5142549757934374,105.88032011640597,289.96835212804655,103.78861506421381,301.08989934050675,1,5426,0.9041310789611295,0.009719353662981411,3,0.2999906539916992
TRAIN,89b671bb,74,1,2,5,720,1280,1,1.9563750449481093e-27,-5.40625,0.0044683837331831455,0,0,0.0,17859,0.0,,,,,,0,0,,0.0,1,
TRAIN,89b671bb,74,2,3,5,720,1280,1,0.90234375,11.375,0.9999885559082031,1,11181,0.012132161458333334,8455,1.3224127735068008,0.6075431034482759,104.33700026831231,314.96100527680886,101.55993211861379,326.05117899249734,1,11124,0.890574673673504,0.0032622485350087597,1,0.3604983687400818
TRAIN,89b671bb,74,3,4,5,720,1280,1,8.003553375601768e-11,-1.2734375,0.2186693549156189,0,0,0.0,11497,0.0,,,,,,0,0,,0.0,1,
TRAIN,89b671bb,74,4,5,5,720,1280,1,0.8984375,7.375,0.999373733997345,1,1538,0.0016688368055555556,1894,0.8120380147835269,0.5426237876467586,971.6840052015605,232.925877763329,970.2621293800539,240.5633423180593,1,1416,0.889955214331414,0.0,1,0.2439151108264923
TRAIN,89b671bb,75,0,1,5,720,1280,1,0.90234375,9.875,0.9999485015869141,1,5482,0.0059483506944444445,4624,1.185553633217993,0.49550531190411334,110.49051441079898,282.3414812112368,105.88032011640597,289.96835212804655,1,5380,0.9156966490299824,0.008148511211861291,3,0.2948150932788849
TRAIN,89b671bb,75,1,2,5,720,1280,1,1.3213420162451948e-29,-5.875,0.0028009270317852497,0,0,0.0,17859,0.0,,,,,,0,0,,0.0,1,
TRAIN,89b671bb,75,2,3,5,720,1280,1,0.88671875,10.3125,0.9999667406082153,1,11075,0.012017144097222222,8455,1.3098758131283263,0.6150943396226415,109.30817155756208,306.04171557562074,104.33700026831231,314.96100527680886,1,10973,0.9000344708721131,0.0018264840182648401,1,0.37247976660728455
TRAIN,89b671bb,75,3,4,5,720,1280,1,2.831068712794149e-15,-1.8515625,0.13568955659866333,0,0,0.0,11497,0.0,,,,,,0,0,,0.0,1,
TRAIN,89b671bb,75,4,5,5,720,1280,1,0.90625,7.5625,0.999480664730072,1,1574,0.0017078993055555556,1894,0.8310454065469906,0.534516765285996,976.6836086404066,225.83608640406607,971.6840052015605,232.925877763329,1,1445,0.8856964397251718,0.0,1,0.22547975182533264
TRAIN,89b671bb,76,0,1,5,720,1280,1,0.8984375,9.9375,0.9999517202377319,1,5490,0.00595703125,4624,1.1872837370242215,0.4075689544579859,119.73570127504554,276.0154826958106,110.49051441079898,282.3414812112368,1,5378,0.8933797909407666,0.010748038791772191,3,0.2824738919734955
TRAIN,89b671bb,76,1,2,5,720,1280,1,1.601387637598654e-28,-5.375,0.004609572235494852,0,0,0.0,17859,0.0,,,,,,0,0,,0.0,1,
TRAIN,89b671bb,76,2,3,5,720,1280,1,0.88671875,11.125,0.9999852180480957,1,11567,0.012550998263888889,8455,1.3680662329982258,0.5943947609323287,119.44056367251665,299.0863663871358,109.30817155756208,306.04171557562074,1,10873,0.8800268096514745,0.004207656750029631,1,0.4018321931362152
TRAIN,89b671bb,76,3,4,5,720,1280,1,2.1175823681357508e-19,-2.3125,0.09009299427270889,0,0,0.0,11497,0.0,,,,,,0,0,,0.0,1,
TRAIN,89b671bb,76,4,5,5,720,1280,1,0.90234375,6.8125,0.9989012479782104,1,1461,0.0015852864583333333,1894,0.7713833157338965,0.6521502449646163,984.9055441478439,223.9479808350445,976.6836086404066,225.83608640406607,1,1433,0.9102310231023102,0.0,1,0.33953598141670227
TRAIN,89b671bb,77,0,1,5,720,1280,1,0.8984375,10.0,0.9999545812606812,1,5373,0.005830078125,4624,1.1619809688581315,0.23851328240793523,139.52689372789877,274.3638563186302,119.73570127504554,276.0154826958106,1,5213,0.91014074341393,0.010842841833196747,3,0.2700078785419464
TRAIN,89b671bb,77,1,2,5,720,1280,1,9.742432179479496e-29,-5.875,0.0028009270317852497,0,0,0.0,17859,0.0,,,,,,0,0,,0.0,1,
TRAIN,89b671bb,77,2,3,5,720,1280,1,0.875,11.6875,0.9999916553497314,1,10856,0.01177951388888889,8455,1.283973979893554,0.418459008097166,137.85878776713338,298.64839719970524,119.44056367251665,299.0863663871358,1,10662,0.8717814892136395,0.003685196752029981,1,0.3323410749435425
TRAIN,89b671bb,77,3,4,5,720,1280,1,6.716706573930585e-22,-2.78125,0.05834583938121796,0,0,0.0,11497,0.0,,,,,,0,0,,0.0,1,
TRAIN,89b671bb,77,4,5,5,720,1280,1,0.90625,7.375,0.999373733997345,1,1582,0.0017165798611111112,1894,0.8352692713833157,0.39267734553775746,1002.4841972187105,218.19279393173198,984.9055441478439,223.9479808350445,1,1424,0.8893777498428661,0.0,1,0.25286367535591125
TRAIN,89b671bb,78,0,1,5,720,1280,1,0.90625,9.875,0.9999485015869141,1,5355,0.005810546875,4624,1.1580882352941178,0.456223700285055,148.81139122315594,271.80093370681607,139.52689372789877,274.3638563186302,1,5285,0.9081779053084649,0.009763164525069286,3,0.2550400197505951
TRAIN,89b671bb,78,1,2,5,720,1280,1,3.042011087472929e-14,-3.25,0.037326887249946594,0,0,0.0,17859,0.0,,,,,,0,0,,0.0,1,
TRAIN,89b671bb,78,2,3,5,720,1280,1,0.89453125,11.6875,0.9999916553497314,1,11049,0.011988932291666667,8455,1.3068007096392666,0.664007900334245,149.13666395148883,295.5934473708028,137.85878776713338,298.64839719970524,1,10676,0.8717153441888515,0.005045532857494462,1,0.33254796266555786
TRAIN,89b671bb,78,3,4,5,720,1280,1,1.053497228147536e-20,-2.546875,0.07263670116662979,0,0,0.0,11497,0.0,,,,,,0,0,,0.0,1,
TRAIN,89b671bb,78,4,5,5,720,1280,1,0.890625,6.78125,0.9988664388656616,1,1566,0.00169921875,1894,0.8268215417106652,0.6682564917859035,1011.3333333333334,219.20051085568326,1002.4841972187105,218.19279393173198,1,1469,0.9064070351758794,0.0,1,0.32439905405044556
TRAIN,89b671bb,79,0,1,5,720,1280,1,0.90234375,10.3125,0.9999667406082153,1,5295,0.005745442708333334,4624,1.145112456747405,0.6763733669132693,154.2685552407932,274.9197355996223,148.81139122315594,271.80093370681607,1,5175,0.9057153258099745,0.010867492850333652,3,0.2698482275009155
TRAIN,89b671bb,79,1,2,5,720,1280,1,3.864587821847745e-21,-3.578125,0.027169233188033104,0,0,0.0,17859,0.0,,,,,,0,0,,0.0,1,
TRAIN,89b671bb,79,2,3,5,720,1280,1,0.890625,10.3125,0.9999667406082153,1,10031,0.010884331597222222,8455,1.1863985807214665,0.7189920900269102,153.41272056624464,302.10158508623266,149.13666395148883,295.5934473708028,1,10611,0.8890820902351972,0.001778773305224323,1,0.31854015588760376
TRAIN,89b671bb,79,3,4,5,720,1280,1,2.8587361969832636e-20,-2.671875,0.06465348601341248,0,0,0.0,11497,0.0,,,,,,0,0,,0.0,1,
TRAIN,89b671bb,79,4,5,5,720,1280,1,0.91015625,7.78125,0.9995827078819275,1,1558,0.0016905381944444444,1894,0.82259767687434,0.6877363587250135,1014.1225930680359,223.46598202824134,1011.3333333333334,219.20051085568326,1,1448,0.913430935709739,0.0,1,0.23413337767124176
TRAIN,89b671bb,80,0,1,5,720,1280,1,0.8984375,10.0625,0.9999573230743408,1,5208,0.005651041666666667,4624,1.1262975778546713,0.6503771213073538,160.13172043010752,275.0483870967742,154.2685552407932,274.9197355996223,1,4989,0.9077642656688494,0.010872395833333333,3,0.2664234936237335
TRAIN,89b671bb,80,1,2,5,720,1280,1,6.139231108792002e-25,-4.375,0.012431650422513485,0,0,0.0,17859,0.0,,,,,,0,0,,0.0,1,
TRAIN,89b671bb,80,2,3,5,720,1280,1,0.89453125,10.0,0.9999545812606812,1,10432,0.011319444444444444,8455,1.233826138379657,0.7631397552989833,159.09250383435582,299.21309432515335,153.41272056624464,302.10158508623266,1,10319,0.8987098545155092,0.002144528203795165,1,0.33230119943618774
TRAIN,89b671bb,80,3,4,5,720,1280,1,1.3499587596865412e-20,-2.546875,0.07263670116662979,0,0,0.0,11497,0.0,,,,,,0,0,,0.0,1,
TRAIN,89b671bb,80,4,5,5,720,1280,1,0.89453125,7.15625,0.999220609664917,1,1592,0.0017274305555555556,1894,0.8405491024287223,0.7587939698492462,1019.4001256281407,224.731783919598,1014.1225930680359,223.46598202824134,1,1451,0.8947696139476962,0.0,1,0.31934115290641785
TRAIN,89b671bb,81,0,1,5,720,1280,1,0.8984375,10.5,0.9999724626541138,1,5243,0.0056890190972222225,4624,1.1338667820069204,0.5201454545454546,166.04691970246043,269.0804882700744,160.13172043010752,275.0483870967742,1,5172,0.9078585821579044,0.012056783561288649,3,0.27857357263565063
TRAIN,89b671bb,81,1,2,5,720,1280,1,1.014588720084573e-24,-3.765625,0.02262919954955578,0,0,0.0,17859,0.0,,,,,,0,0,,0.0,1,
TRAIN,89b671bb,81,2,3,5,720,1280,1,0.89453125,10.625,0.9999756813049316,1,10234,0.011104600694444444,8455,1.210408042578356,0.6455131778007803,165.1970881375806,294.5988860660543,159.09250383435582,299.21309432515335,1,10370,0.9042513863216266,0.0016905071521456437,1,0.38117286562919617
TRAIN,89b671bb,81,3,4,5,720,1280,1,7.386127300057499e-19,-2.265625,0.09401018172502518,0,0,0.0,11497,0.0,,,,,,0,0,,0.0,1,
TRAIN,89b671bb,81,4,5,5,720,1280,1,0.90625,7.90625,0.9996316432952881,1,1552,0.0016840277777777778,1894,0.8194297782470961,0.6687898089171974,1024.3163659793815,220.84471649484536,1019.4001256281407,224.731783919598,1,1466,0.9222929936305733,0.0,1,0.27632132172584534
TRAIN,89b671bb,82,0,1,5,720,1280,1,0.8984375,10.0625,0.9999573230743408,1,5287,0.005736762152777778,4624,1.1433823529411764,0.6046936909478817,173.13504823151126,269.39701153773404,166.04691970246043,269.0804882700744,1,5113,0.9079068060906256,0.009375610391301517,3,0.2611768841743469
TRAIN,89b671bb,82,1,2,5,720,1280,1,1.125862283931428e-26,-3.6875,0.024423090741038322,0,0,0.0,17859,0.0,,,,,,0,0,,0.0,1,
TRAIN,89b671bb,82,2,3,5,720,1280,1,0.9140625,11.3125,0.9999877214431763,1,9944,0.010789930555555556,8455,1.1761088113542282,0.7291970177393092,171.06355591311345,297.3391995172969,165.1970881375806,294.5988860660543,1,10216,0.902784332232185,0.0013300525370752146,1,0.326229989528656
TRAIN,89b671bb,82,3,4,5,720,1280,1,6.056285572868247e-20,-2.390625,0.0838903859257698,0,0,0.0,11497,0.0,,,,,,0,0,,0.0,1,
TRAIN,89b671bb,82,4,5,5,720,1280,1,0.8984375,7.75,0.9995694756507874,1,1470,0.0015950520833333333,1894,0.7761351636747624,0.7044557247602933,1030.443537414966,223.2,1024.3163659793815,220.84471649484536,1,1494,0.9347258485639687,0.0,1,0.3551686108112335
TRAIN,89b671bb,83,0,1,5,720,1280,1,0.90625,9.8125,0.9999452829360962,1,5272,0.005720486111111111,4624,1.1401384083044983,0.7124554005838469,177.00682852807284,268.2058042488619,173.13504823151126,269.39701153773404,1,5165,0.8990174672489083,0.009793679811961348,3,0.2697122395038605
TRAIN,89b671bb,83,1,2,5,720,1280,1,2.261821987449685e-25,-3.171875,0.04023794084787369,0,0,0.0,17859,0.0,,,,,,0,0,,0.0,1,
TRAIN,89b671bb,83,2,3,5,720,1280,1,0.91796875,10.25,0.9999645948410034,1,10225,0.011094835069444444,8455,1.2093435836782969,0.8090411696116243,176.0438141809291,294.8050855745721,171.06355591311345,297.3391995172969,1,10194,0.901918777943368,0.004306969459671104,1,0.35038018226623535
TRAIN,89b671bb,83,3,4,5,720,1280,1,2.234049398383217e-20,-2.6875,0.06371499598026276,0,0,0.0,11497,0.0,,,,,,0,0,,0.0,1,
TRAIN,89b671bb,83,4,5,5,720,1280,1,0.91015625,8.0,0.9996646642684937,1,1608,0.0017447916666666666,1894,0.8489968321013728,0.8267062314540059,1034.0360696517414,222.73134328358208,1030.443537414966,223.2,1,1520,0.9166666666666666,0.0,1,0.24887259304523468
TRAIN,89b671bb,84,0,1,5,720,1280,1,0.90625,9.8125,0.9999452829360962,1,5178,0.005618489583333333,4624,1.119809688581315,0.6819571865443425,182.41077636152954,269.1996910003862,177.00682852807284,268.2058042488619,1,5112,0.910154074624095,0.010826771653543307,3,0.2616141736507416
TRAIN,89b671bb,84,1,2,5,720,1280,1,5.301145283085199e-27,-3.375,0.03308597952127457,0,0,0.0,17859,0.0,,,,,,0,0,,0.0,1,
TRAIN,89b671bb,84,2,3,5,720,1280,1,0.91015625,10.5625,0.9999741315841675,1,10079,0.010936414930555555,8455,1.1920756948551152,0.7709550806803315,181.4235539240004,295.0129973211628,176.0438141809291,294.8050855745721,1,10227,0.9036280116246367,0.0005269050912204439,1,0.2893248200416565
TRAIN,89b671bb,84,3,4,5,720,1280,1,4.9763185651190145e-21,-2.59375,0.06954174488782883,0,0,0.0,11497,0.0,,,,,,0,0,,0.0,1,
TRAIN,89b671bb,84,4,5,5,720,1280,1,0.91015625,7.4375,0.9994115829467773,1,1634,0.0017730034722222223,1894,0.8627243928194298,0.7677208287895311,1039.0648714810281,224.078335373317,1034.0360696517414,222.73134328358208,1,1498,0.8958837772397095,0.0,1,0.2576371729373932
TRAIN,89b671bb,85,0,1,5,720,1280,1,0.90234375,9.625,0.9999339580535889,1,5190,0.005631510416666667,4624,1.1224048442906573,0.7047024005261427,187.00211946050095,269.1562620423892,182.41077636152954,269.1996910003862,1,5069,0.9129218720865188,0.010301741326598432,3,0.258611261844635
TRAIN,89b671bb,85,1,2,5,720,1280,1,2.3829910224916325e-26,-3.28125,0.03622005507349968,0,0,0.0,17859,0.0,,,,,,0,0,,0.0,1,
TRAIN,89b671bb,85,2,3,5,720,1280,1,0.91015625,10.0,0.9999545812606812,1,10098,0.01095703125,8455,1.1943228858663513,0.7979860987346284,186.13725490196077,294.49257278669046,181.4235539240004,295.0129973211628,1,10011,0.8938594838952721,0.0023129791171028285,1,0.3124130070209503
TRAIN,89b671bb,85,3,4,5,720,1280,1,4.255493527005605e-18,-2.421875,0.08151976019144058,0,0,0.0,11497,0.0,,,,,,0,0,,0.0,1,
TRAIN,89b671bb,85,4,5,5,720,1280,1,0.89453125,7.40625,0.9993928670883179,1,1606,0.0017426215277777778,1894,0.8479408658922915,0.7170111287758346,1044.0087173100871,221.29389788293898,1039.0648714810281,224.078335373317,1,1463,0.9050279329608939,0.0,1,0.30843645334243774
TRAIN,89b671bb,86,0,1,5,720,1280,1,0.90625,9.75,0.9999417066574097,1,5201,0.005643446180555556,4624,1.1247837370242215,0.3600785340314136,173.51374735627763,268.42837915785424,187.00211946050095,269.1562620423892,1,5142,0.9086547333456357,0.008756452983075215,3,0.2641170024871826
TRAIN,89b671bb,86,1,2,5,720,1280,1,2.5117331222237016e-27,-3.734375,0.023330770432949066,0,0,0.0,17859,0.0,,,,,,0,0,,0.0,1,
TRAIN,89b671bb,86,2,3,5,720,1280,1,0.9140625,9.6875,0.999937891960144,1,10158,0.011022135416666667,8455,1.2014192785334121,0.5429616087751371,172.43581413664108,295.32900177200236,186.13725490196077,294.49257278669046,1,10236,0.9084783829309376,0.004068775429846436,1,0.3419426679611206
TRAIN,89b671bb,86,3,4,5,720,1280,1,1.2197274440461925e-18,-2.421875,0.08151976019144058,0,0,0.0,11497,0.0,,,,,,0,0,,0.0,1,
TRAIN,89b671bb,86,4,5,5,720,1280,1,0.91015625,7.28125,0.999312162399292,1,1584,0.00171875,1894,0.8363252375923971,0.591816367265469,1031.7323232323233,222.7973484848485,1044.0087173100871,221.29389788293898,1,1499,0.9232688708671242,0.0,1,0.28320905566215515
TRAIN,89b671bb,87,0,1,5,720,1280,1,0.91015625,9.25,0.9999039173126221,1,5390,0.005848524305555556,4624,1.1656574394463668,0.20434387082101432,150.25213358070502,268.75899814471245,173.51374735627763,268.42837915785424,1,5254,0.910951526032316,0.010968110061497496,3,0.2831403613090515
TRAIN,89b671bb,87,1,2,5,720,1280,1,3.54136699749265e-24,-3.03125,0.04603390023112297,0,0,0.0,17859,0.0,,,,,,0,0,,0.0,1,
TRAIN,89b671bb,87,2,3,5,720,1280,1,0.90625,9.375,0.9999151229858398,1,10198,0.011065538194444445,8455,1.2061502069781194,0.3613321741456564,148.5648166307119,296.313885075505,172.43581413664108,295.32900177200236,1,10556,0.8982895819994512,0.003116073747078681,1,0.3260866403579712
TRAIN,89b671bb,87,3,4,5,720,1280,1,6.056285572868247e-20,-2.6875,0.06371499598026276,0,0,0.0,11497,0.0,,,,,,0,0,,0.0,1,
TRAIN,89b671bb,87,4,5,5,720,1280,1,3.979039320256561e-12,-1.0234375,0.26435837149620056,0,0,0.0,1894,0.0,0.0,,,1031.7323232323233,222.7973484848485,0,0,,0.0,1,
TRAIN,89b671bb,88,0,1,5,720,1280,1,0.90234375,8.1875,0.9997219443321228,1,5685,0.0061686197916666664,4624,1.2294550173010381,0.0037157875657059997,90.16851363236587,273.422691292876,150.25213358070502,268.75899814471245,1,5612,0.9028128684520802,0.009158068258135418,3,0.32757294178009033
TRAIN,89b671bb,88,1,2,5,720,1280,1,2.261821987449685e-25,-3.625,0.02595735713839531,0,0,0.0,17859,0.0,,,,,,0,0,,0.0,1,
TRAIN,89b671bb,88,2,3,5,720,1280,1,0.90625,7.625,0.9995121955871582,1,11079,0.012021484375,8455,1.310348905972797,0.09370823481032178,90.2197851791678,301.13313475945483,148.5648166307119,296.313885075505,1,10844,0.8780947485650646,0.0036680697534576066,1,0.40721961855888367
TRAIN,89b671bb,88,3,4,5,720,1280,1,7.386127300057499e-19,-2.6875,0.06371499598026276,0,0,0.0,11497,0.0,,,,,,0,0,,0.0,1,
TRAIN,89b671bb,88,4,5,5,720,1280,1,3.917798799689633e-26,-3.09375,0.04336579889059067,0,0,0.0,1894,0.0,,,,,,0,0,,0.0,1,
TRAIN,89b671bb,89,0,1,5,720,1280,1,0.81640625,6.46875,0.9984512329101562,1,1702,0.0018467881944444445,4624,0.3680795847750865,0.0,17.464159811985898,303.81551116333725,90.16851363236587,273.422691292876,1,1757,0.8224446786090621,0.0132054489852655,3,0.3151359558105469
TRAIN,89b671bb,89,1,2,5,720,1280,1,2.261821987449685e-25,-3.625,0.02595735713839531,0,0,0.0,17859,0.0,,,,,,0,0,,0.0,1,
TRAIN,89b671bb,89,2,3,5,720,1280,1,0.87109375,7.6875,0.9995417594909668,1,5805,0.006298828125,8455,0.6865759905381431,0.2619777262874654,54.556072351421186,296.66236003445306,90.2197851791678,301.13313475945483,1,5587,0.8412801034427024,0.010287241148964597,1,0.37611696124076843
TRAIN,89b671bb,89,3,4,5,720,1280,1,7.386127300057499e-19,-3.0,0.04742587357759476,0,0,0.0,11497,0.0,,,,,,0,0,,0.0,1,
TRAIN,89b671bb,89,4,5,5,720,1280,1,2.4035605705952703e-31,-6.25,0.0019267346942797303,0,0,0.0,1894,0.0,,,,,,0,0,,0.0,1,
TRAIN,89b671bb,90,0,1,5,720,1280,1,3.975119405215255e-31,-6.34375,0.0017546144081279635,0,0,0.0,4624,0.0,0.0,,,17.464159811985898,303.81551116333725,0,0,,0.0,5,
TRAIN,89b671bb,90,1,2,5,720,1280,1,4.0862722260119567e-22,-3.171875,0.04023794084787369,0,0,0.0,17859,0.0,,,,,,0,0,,0.0,5,
TRAIN,89b671bb,90,2,3,5,720,1280,1,7.987216665362745e-30,-5.6875,0.0033766122069209814,0,0,0.0,8455,0.0,0.0,,,54.556072351421186,296.66236003445306,0,0,,0.0,5,
TRAIN,89b671bb,90,3,4,5,720,1280,1,1.3499587596865412e-20,-2.734375,0.06097517907619476,0,0,0.0,11497,0.0,,,,,,0,0,,0.0,5,
TRAIN,89b671bb,90,4,5,5,720,1280,1,0.875,3.78125,0.9777138829231262,1,1138,0.0012348090277777778,1894,0.600844772967265,0.0,801.140597539543,216.38312829525483,,,1,1134,0.8933333333333333,0.0,1,0.3736947476863861
TRAIN,89b671bb,91,0,1,5,720,1280,1,2.4035605705952703e-31,-7.4375,0.0005884087877348065,0,0,0.0,4624,0.0,,,,,,0,0,,0.0,5,
TRAIN,89b671bb,91,1,2,5,720,1280,1,1.2304311611726287e-23,-3.796875,0.021948253735899925,0,0,0.0,17859,0.0,,,,,,0,0,,0.0,5,
TRAIN,89b671bb,91,2,3,5,720,1280,1,5.39260384428426e-32,-7.28125,0.0006878511630930007,0,0,0.0,8455,0.0,,,,,,0,0,,0.0,5,
TRAIN,89b671bb,91,3,4,5,720,1280,1,2.439454888092385e-17,-2.28125,0.09268777817487717,0,0,0.0,11497,0.0,,,,,,0,0,,0.0,5,
TRAIN,89b671bb,91,4,5,5,720,1280,1,0.890625,4.46875,0.9886682629585266,1,1252,0.0013585069444444445,1894,0.6610348468848997,0.0,725.0223642172524,218.97364217252397,801.140597539543,216.38312829525483,1,1186,0.9136577708006279,0.0,1,0.2741859257221222
TRAIN,89b671bb,92,0,1,5,720,1280,1,3.975119405215255e-31,-7.71875,0.0004442183708306402,0,0,0.0,4624,0.0,,,,,,0,0,,0.0,5,
TRAIN,89b671bb,92,1,2,5,720,1280,1,2.261821987449685e-25,-4.46875,0.011331753805279732,0,0,0.0,17859,0.0,,,,,,0,0,,0.0,5,
TRAIN,89b671bb,92,2,3,5,720,1280,1,1.4637067577342992e-31,-7.65625,0.0004728544445242733,0,0,0.0,8455,0.0,,,,,,0,0,,0.0,5,
TRAIN,89b671bb,92,3,4,5,720,1280,1,2.574980159653073e-18,-2.4375,0.08035746961832047,0,0,0.0,11497,0.0,,,,,,0,0,,0.0,5,
TRAIN,89b671bb,92,4,5,5,720,1280,1,0.8984375,4.375,0.9875683188438416,1,1209,0.0013118489583333333,1894,0.6383315733896515,0.004489795918367347,674.2001654259719,220.9106699751861,725.0223642172524,218.97364217252397,1,1145,0.8892455858747994,0.0,1,0.24658992886543274
TRAIN,89b671bb,93,0,1,5,720,1280,1,1.078520768856852e-30,-7.34375,0.0006462032906711102,0,0,0.0,4624,0.0,,,,,,0,0,,0.0,5,
TRAIN,89b671bb,93,1,2,5,720,1280,1,2.8919009696678116e-25,-4.3125,0.013222821988165379,0,0,0.0,17859,0.0,,,,,,0,0,,0.0,5,
TRAIN,89b671bb,93,2,3,5,720,1280,1,8.859277744181285e-32,-7.5625,0.0005193048855289817,0,0,0.0,8455,0.0,,,,,,0,0,,0.0,5,
TRAIN,89b671bb,93,3,4,5,720,1280,1,8.543513119185775e-17,-2.15625,0.1037486344575882,0,0,0.0,11497,0.0,,,,,,0,0,,0.0,5,
TRAIN,89b671bb,93,4,5,5,720,1280,1,0.890625,4.40625,0.9879462122917175,1,1229,0.0013335503472222223,1894,0.6488912354804647,0.08742194469223907,636.0162733930024,216.1545972335232,674.2001654259719,220.9106699751861,1,1175,0.9185953711093376,0.0,1,0.2430942952632904
TRAIN,89b671bb,94,0,1,5,720,1280,1,1.078520768856852e-30,-7.09375,0.0008295892039313912,0,0,0.0,4624,0.0,,,,,,0,0,,0.0,5,
TRAIN,89b671bb,94,1,2,5,720,1280,1,1.014588720084573e-24,-4.0625,0.016914913430809975,0,0,0.0,17859,0.0,,,,,,0,0,,0.0,5,
TRAIN,89b671bb,94,2,3,5,720,1280,1,2.4035605705952703e-31,-7.3125,0.0006667023408226669,0,0,0.0,8455,0.0,,,,,,0,0,,0.0,5,
TRAIN,89b671bb,94,3,4,5,720,1280,1,7.792703114739563e-20,-2.71875,0.06187598779797554,0,0,0.0,11497,0.0,,,,,,0,0,,0.0,5,
TRAIN,89b671bb,94,4,5,5,720,1280,1,0.89453125,4.4375,0.9883127808570862,1,1135,0.0012315538194444444,1894,0.5992608236536431,0.308245711123409,615.3339207048458,213.2352422907489,636.0162733930024,216.1545972335232,1,1138,0.880066170388751,0.0,1,0.3176698386669159
TRAIN,89b671bb,95,0,1,5,720,1280,1,6.5635692504717e-31,-7.78125,0.00041731575038284063,0,0,0.0,4624,0.0,,,,,,0,0,,0.0,5,
TRAIN,89b671bb,95,1,2,5,720,1280,1,6.139231108792002e-25,-4.625,0.009708477184176445,0,0,0.0,17859,0.0,,,,,,0,0,,0.0,5,
TRAIN,89b671bb,95,2,3,5,720,1280,1,2.4035605705952703e-31,-7.78125,0.00041731575038284063,0,0,0.0,8455,0.0,,,,,,0,0,,0.0,5,
TRAIN,89b671bb,95,3,4,5,720,1280,1,2.8919009696678116e-25,-4.5,0.010986941866576672,0,0,0.0,11497,0.0,,,,,,0,0,,0.0,5,
TRAIN,89b671bb,95,4,5,5,720,1280,1,0.90625,5.03125,0.9935117363929749,1,1246,0.0013519965277777777,1894,0.6578669482576558,0.7468818782098312,619.0264847512038,215.35152487961477,615.3339207048458,213.2352422907489,1,1141,0.889944576405384,0.0,1,0.3027822971343994
TRAIN,89b671bb,96,0,1,5,720,1280,1,1.078520768856852e-30,-8.5,0.00020342698553577065,0,0,0.0,4624,0.0,,,,,,0,0,,0.0,5,
TRAIN,89b671bb,96,1,2,5,720,1280,1,9.742432179479496e-29,-8.25,0.0002611903182696551,0,0,0.0,17859,0.0,,,,,,0,0,,0.0,5,
TRAIN,89b671bb,96,2,3,5,720,1280,1,5.916456789157589e-29,-7.96875,0.00034599160426296294,0,0,0.0,8455,0.0,,,,,,0,0,,0.0,5,
TRAIN,89b671bb,96,3,4,5,720,1280,1,7.496324301261813e-24,-4.84375,0.007815888151526451,0,0,0.0,11497,0.0,,,,,,0,0,,0.0,5,
TRAIN,89b671bb,96,4,5,5,720,1280,1,0.8984375,5.84375,0.9971103668212891,1,1196,0.0012977430555555555,1894,0.6314677930306231,0.3058823529411765,638.4816053511705,221.06772575250835,619.0264847512038,215.35152487961477,1,1103,0.8875205254515599,0.0,1,0.2628268301486969
TRAIN,89b671bb,97,0,1,5,720,1280,1,4.831773044478697e-30,-8.625,0.00017952796770259738,0,0,0.0,4624,0.0,,,,,,0,0,,0.0,5,
TRAIN,89b671bb,97,1,2,5,720,1280,1,2.066815571679051e-28,-8.25,0.0002611903182696551,0,0,0.0,17859,0.0,,,,,,0,0,,0.0,5,
TRAIN,89b671bb,97,2,3,5,720,1280,1,1.9563750449481093e-27,-8.3125,0.00024536947603337467,0,0,0.0,8455,0.0,,,,,,0,0,,0.0,5,
TRAIN,89b671bb,97,3,4,5,720,1280,1,2.6056189295420372e-23,-4.84375,0.007815888151526451,0,0,0.0,11497,0.0,,,,,,0,0,,0.0,5,
TRAIN,89b671bb,97,4,5,5,720,1280,1,0.8984375,6.3125,0.9981897473335266,1,1208,0.0013107638888888889,1894,0.6378035902851109,0.32671081677704195,660.3286423841059,222.02980132450332,638.4816053511705,221.06772575250835,1,1182,0.8657298985167837,0.0,1,0.23220689594745636
TRAIN,89b671bb,98,0,1,5,720,1280,1,1.3213420162451948e-29,-9.0,0.00012339458044152707,0,0,0.0,4624,0.0,,,,,,0,0,,0.0,5,
TRAIN,89b671bb,98,1,2,5,720,1280,1,3.218552493301728e-27,-7.75,0.00043055712012574077,0,0,0.0,17859,0.0,,,,,,0,0,,0.0,5,
TRAIN,89b671bb,98,2,3,5,720,1280,1,2.6505726415425997e-28,-8.5625,0.000191104321856983,0,0,0.0,8455,0.0,,,,,,0,0,,0.0,5,
TRAIN,89b671bb,98,3,4,5,720,1280,1,1.44393100091654e-26,-6.375,0.0017007222631946206,0,0,0.0,11497,0.0,,,,,,0,0,,0.0,5,
TRAIN,89b671bb,98,4,5,5,720,1280,1,0.89453125,5.96875,0.9974491000175476,1,1284,0.0013932291666666667,1894,0.6779303062302007,0.3143459915611814,681.018691588785,226.26246105919003,660.3286423841059,222.02980132450332,1,1172,0.9024012393493416,0.0,1,0.22617465257644653
TRAIN,89b671bb,99,0,1,5,720,1280,1,4.831773044478697e-30,-8.875,0.00013982206291984767,0,0,0.0,4624,0.0,,,,,,0,0,,0.0,5,
TRAIN,89b671bb,99,1,2,5,720,1280,1,4.354512196819985e-28,-8.3125,0.00024536947603337467,0,0,0.0,17859,0.0,,,,,,0,0,,0.0,5,
TRAIN,89b671bb,99,2,3,5,720,1280,1,4.354512196819985e-28,-8.3125,0.00024536947603337467,0,0,0.0,8455,0.0,,,,,,0,0,,0.0,5,
TRAIN,89b671bb,99,3,4,5,720,1280,1,2.5117331222237016e-27,-7.0,0.0009110511746257544,0,0,0.0,11497,0.0,,,,,,0,0,,0.0,5,
TRAIN,89b671bb,99,4,5,5,720,1280,1,0.8984375,5.96875,0.9974491000175476,1,1254,0.0013606770833333333,1894,0.662090813093981,0.6953907815631263,686.2049441786284,229.00637958532695,681.018691588785,226.26246105919003,1,1188,0.8813559322033898,0.0,1,0.2179427295923233
TRAIN,89b671bb,100,0,1,5,720,1280,1,7.987216665362745e-30,-9.0,0.00012339458044152707,0,0,0.0,4624,0.0,,,,,,0,0,,0.0,5,
TRAIN,89b671bb,100,1,2,5,720,1280,1,8.320273739547056e-26,-7.0,0.0009110511746257544,0,0,0.0,17859,0.0,,,,,,0,0,,0.0,5,
TRAIN,89b671bb,100,2,3,5,720,1280,1,7.194411455615628e-28,-7.96875,0.00034599160426296294,0,0,0.0,8455,0.0,,,,,,0,0,,0.0,5,
TRAIN,89b671bb,100,3,4,5,720,1280,1,4.52364397489937e-24,-5.21875,0.005384937860071659,0,0,0.0,11497,0.0,,,,,,0,0,,0.0,5,
TRAIN,89b671bb,100,4,5,5,720,1280,1,0.89453125,5.71875,0.9967268705368042,1,1234,0.0013389756944444445,1894,0.6515311510031679,0.5472636815920398,698.8200972447326,229.49513776337116,686.2049441786284,229.00637958532695,1,1127,0.8994368463395012,0.0,1,0.23186257481575012
TRAIN,89b671bb,101,0,1,5,720,1280,1,8.859277744181285e-32,-7.34375,0.0006462032906711102,0,0,0.0,4624,0.0,,,,,,0,0,,0.0,5,
TRAIN,89b671bb,101,1,2,5,720,1280,1,3.3921018924503508e-28,-5.84375,0.002889581024646759,0,0,0.0,17859,0.0,,,,,,0,0,,0.0,5,
TRAIN,89b671bb,101,2,3,5,720,1280,1,1.3213420162451948e-29,-6.28125,0.0018675660248845816,0,0,0.0,8455,0.0,,,,,,0,0,,0.0,5,
TRAIN,89b671bb,101,3,4,5,720,1280,1,1.2304311611726287e-23,-4.71875,0.008847354911267757,0,0,0.0,11497,0.0,,,,,,0,0,,0.0,5,
TRAIN,89b671bb,101,4,5,5,720,1280,1,0.890625,5.65625,0.9965165853500366,1,1230,0.0013346354166666667,1894,0.6494192185850053,0.41041785918717805,716.4731707317073,231.14227642276424,698.8200972447326,229.49513776337116,1,1090,0.856,0.0,1,0.24216237664222717
TRAIN,89b671bb,102,0,1,5,720,1280,1,3.2548216060144286e-32,-8.375,0.00023050670279189944,0,0,0.0,4624,0.0,,,,,,0,0,,0.0,5,
TRAIN,89b671bb,102,1,2,5,720,1280,1,2.3829910224916325e-26,-6.4375,0.001597845577634871,0,0,0.0,17859,0.0,,,,,,0,0,,0.0,5,
TRAIN,89b671bb,102,2,3,5,720,1280,1,2.9335764912906377e-30,-7.40625,0.0006070755189284682,0,0,0.0,8455,0.0,,,,,,0,0,,0.0,5,
TRAIN,89b671bb,102,3,4,5,720,1280,1,1.760989975942969e-25,-5.1875,0.005554925184696913,0,0,0.0,11497,0.0,,,,,,0,0,,0.0,5,
TRAIN,89b671bb,102,4,5,5,720,1280,1,0.8828125,5.65625,0.9965165853500366,1,1222,0.001325954861111111,1894,0.6451953537486801,0.23340040241448692,742.3019639934533,235.74959083469722,716.4731707317073,231.14227642276424,1,1074,0.8576051779935275,0.0,1,0.2513262629508972
TRAIN,89b671bb,103,0,1,5,720,1280,1,2.4035605705952703e-31,-8.5625,0.000191104321856983,0,0,0.0,4624,0.0,,,,,,0,0,,0.0,5,
TRAIN,89b671bb,103,1,2,5,720,1280,1,3.54136699749265e-24,-5.0,0.006692850962281227,0,0,0.0,17859,0.0,,,,,,0,0,,0.0,5,
TRAIN,89b671bb,103,2,3,5,720,1280,1,4.782137916322191e-25,-5.1875,0.005554925184696913,0,0,0.0,8455,0.0,,,,,,0,0,,0.0,5,
TRAIN,89b671bb,103,3,4,5,720,1280,1,1.9273308272485545e-22,-4.3125,0.013222821988165379,0,0,0.0,11497,0.0,,,,,,0,0,,0.0,5,
TRAIN,89b671bb,103,4,5,5,720,1280,1,0.86328125,5.71875,0.9967268705368042,1,1350,0.00146484375,1894,0.7127771911298838,0.05194274028629857,786.8488888888888,237.29185185185185,742.3019639934533,235.74959083469722,1,1153,0.8513313609467456,0.0,1,0.2594417929649353
TRAIN,89b671bb,104,0,1,5,720,1280,1,5.542110104105285e-23,-4.34375,0.012821214273571968,0,0,0.0,4624,0.0,,,,,,0,0,,0.0,3,
TRAIN,89b671bb,104,1,2,5,720,1280,1,5.585135208964764e-28,-4.75,0.008577484637498856,0,0,0.0,17859,0.0,,,,,,0,0,,0.0,3,
TRAIN,89b671bb,104,2,3,5,720,1280,1,0.92578125,2.640625,0.9334307909011841,1,3281,0.0035601128472222223,8455,0.38805440567711413,0.0,22.214263943919537,333.70161536117035,,,1,3061,0.8869384111871467,0.0,1,0.38439756631851196
TRAIN,89b671bb,104,3,4,5,720,1280,1,3.218552493301728e-27,-5.15625,0.005730246659368277,0,0,0.0,11497,0.0,,,,,,0,0,,0.0,3,
TRAIN,89b671bb,104,4,5,5,720,1280,1,0.88671875,5.15625,0.9942697286605835,1,1178,0.0012782118055555557,1894,0.6219640971488912,0.04118616144975288,831.6901528013582,243.32597623089984,786.8488888888888,237.29185185185185,1,1195,0.8481308411214953,0.0,1,0.34787309169769287
TRAIN,89b671bb,105,0,1,5,720,1280,1,0.703125,5.21875,0.9946150183677673,1,1704,0.0018489583333333333,4624,0.3685121107266436,0.0,15.866784037558686,324.73650234741785,,,1,1514,0.7291778613648576,0.014116002795248078,3,0.43384379148483276
TRAIN,89b671bb,105,1,2,5,720,1280,1,3.350081480839762e-23,-3.828125,0.021287351846694946,0,0,0.0,17859,0.0,,,,,,0,0,,0.0,1,
TRAIN,89b671bb,105,2,3,5,720,1280,1,0.84375,3.984375,0.9817357659339905,1,6009,0.006520182291666667,8455,0.7107037256061502,0.13182261208576998,51.0530870361125,317.6179064736229,22.214263943919537,333.70161536117035,1,5552,0.8047143303153294,0.004271792818048324,1,0.42412087321281433
TRAIN,89b671bb,105,3,4,5,720,1280,1,6.139231108792002e-25,-3.890625,0.020023440942168236,0,0,0.0,11497,0.0,,,,,,0,0,,0.0,1,
TRAIN,89b671bb,105,4,5,5,720,1280,1,0.890625,6.84375,0.9989350438117981,1,1332,0.0014453125,1894,0.7032734952481521,0.13626075147125397,867.5818318318318,241.6343843843844,831.6901528013582,243.32597623089984,1,1197,0.8845007451564829,0.0,1,0.23404352366924286
TRAIN,89b671bb,106,0,1,5,720,1280,1,0.89453125,7.53125,0.999464213848114,1,5915,0.006418185763888889,4624,1.2791955017301038,0.16498470948012234,30.51242603550296,296.5278106508876,15.866784037558686,324.73650234741785,1,5827,0.8932602386326991,0.01701213973077876,3,0.3982454538345337
TRAIN,89b671bb,106,1,2,5,720,1280,1,3.049420715222343e-26,-5.59375,0.0037072531413286924,0,0,0.0,17859,0.0,,,,,,0,0,,0.0,1,
TRAIN,89b671bb,106,2,3,5,720,1280,1,0.859375,5.53125,0.9960545301437378,1,6452,0.007000868055555555,8455,0.7630987581312833,0.17026671675432006,78.57935523868568,323.9269993800372,51.0530870361125,317.6179064736229,1,6400,0.844696426008325,0.007631708517971443,1,0.3370080590248108
TRAIN,89b671bb,106,3,4,5,720,1280,1,4.0862722260119567e-22,-4.03125,0.017442485317587852,0,0,0.0,11497,0.0,,,,,,0,0,,0.0,1,
TRAIN,89b671bb,106,4,5,5,720,1280,1,0.8828125,6.78125,0.9988664388656616,1,1335,0.0014485677083333334,1894,0.704857444561774,0.18850267379679145,899.0441947565544,244.23970037453182,867.5818318318318,241.6343843843844,1,1287,0.8675213675213675,0.0,1,0.24505756795406342
TRAIN,89b671bb,107,0,1,5,720,1280,1,0.90625,9.0,0.9998766183853149,1,5956,0.006462673611111111,4624,1.2880622837370241,0.15667933352820812,63.75503693754197,296.58663532572194,30.51242603550296,296.5278106508876,0,0,0.0,0.012026023526319249,3,0.3201429545879364
TRAIN,89b671bb,107,1,2,5,720,1280,1,2.5117331222237016e-27,-5.8125,0.0029810327105224133,0,0,0.0,17859,0.0,,,,,,0,0,,0.0,3,
TRAIN,89b671bb,107,2,3,5,720,1280,1,0.91796875,6.15625,0.9978843331336975,1,9753,0.010582682291666666,8455,1.153518628030751,0.2545482697220717,82.55090741310366,323.62093714754434,78.57935523868568,323.9269993800372,1,9444,0.8576543448809755,0.0,1,0.4045983850955963
TRAIN,89b671bb,107,3,4,5,720,1280,1,1.857925203976527e-26,-4.84375,0.007815888151526451,0,0,0.0,11497,0.0,,,,,,0,0,,0.0,3,
TRAIN,89b671bb,107,4,5,5,720,1280,1,0.890625,6.75,0.9988304972648621,1,1415,0.0015353732638888889,1894,0.7470960929250264,0.23207885304659498,929.3151943462898,243.90106007067138,899.0441947565544,244.23970037453182,1,1326,0.8916494133885439,0.0,1,0.26186731457710266
TRAIN,89b671bb,108,0,1,5,720,1280,1,0.90625,8.8125,0.9998511075973511,1,5823,0.006318359375,4624,1.2592993079584776,0.14392541516946683,97.29744118152155,291.5334020264468,63.75503693754197,296.58663532572194,1,5782,0.9090310906399078,0.01066902446212791,3,0.27621957659721375
TRAIN,89b671bb,108,1,2,5,720,1280,1,2.066815571679051e-28,-5.75,0.003172682598233223,0,0,0.0,17859,0.0,,,,,,0,0,,0.0,1,
TRAIN,89b671bb,108,2,3,5,720,1280,1,0.90625,6.71875,0.998793363571167,1,11375,0.012342664930555556,8455,1.345357776463631,0.2640899844441785,94.01415384615385,317.38637362637365,82.55090741310366,323.62093714754434,1,11323,0.8827140013271401,0.0025711447437620524,1,0.32347241044044495
TRAIN,89b671bb,108,3,4,5,720,1280,1,1.125862283931428e-26,-4.71875,0.008847354911267757,0,0,0.0,11497,0.0,,,,,,0,0,,0.0,1,
TRAIN,89b671bb,108,4,5,5,720,1280,1,0.90234375,6.8125,0.9989012479782104,1,1506,0.0016341145833333333,1894,0.795142555438226,0.2160699417152373,956.7994687915007,235.97078353253653,929.3151943462898,243.90106007067138,1,1353,0.8858839050131926,0.0,1,0.22419185936450958
TRAIN,89b671bb,109,0,1,5,720,1280,1,0.8984375,8.8125,0.9998511075973511,1,6043,0.0065570746527777776,4624,1.3068771626297577,0.396,111.22372993546252,292.58083733245076,97.29744118152155,291.5334020264468,1,5607,0.8848082834492801,0.014020350212967344,3,0.3210379481315613
TRAIN,89b671bb,109,1,2,5,720,1280,1,5.301145283085199e-27,-6.71875,0.0012065897462889552,0,0,0.0,17859,0.0,,,,,,0,0,,0.0,1,
TRAIN,89b671bb,109,2,3,5,720,1280,1,0.8984375,7.8125,0.999595582485199,1,11323,0.012286241319444445,8455,1.3392075694855115,0.5817421602787456,109.63251788395301,317.52344784950986,94.01415384615385,317.38637362637365,1,11098,0.8701309533739261,0.004151838671411625,1,0.3161616325378418
TRAIN,89b671bb,109,3,4,5,720,1280,1,6.815758221109542e-27,-5.4375,0.004331501666456461,0,0,0.0,11497,0.0,,,,,,0,0,,0.0,1,
TRAIN,89b671bb,109,4,5,5,720,1280,1,0.89453125,6.9375,0.9990302324295044,1,1469,0.001593967013888889,1894,0.7756071805702217,0.4698616600790514,969.3342409802586,241.1361470388019,956.7994687915007,235.97078353253653,1,1378,0.9145931405514459,0.0,1,0.2634873688220978
TRAIN,89b671bb,110,0,1,5,720,1280,1,0.89453125,9.75,0.9999417066574097,1,5488,0.005954861111111111,4624,1.1868512110726643,0.389946962391514,122.55666909620992,287.63483965014575,111.22372993546252,292.58083733245076,1,5530,0.8934524832445437,0.012303906490310674,3,0.3188362419605255
TRAIN,89b671bb,110,1,2,5,720,1280,1,6.815758221109542e-27,-7.09375,0.0008295892039313912,0,0,0.0,17859,0.0,,,,,,0,0,,0.0,1,
TRAIN,89b671bb,110,2,3,5,720,1280,1,0.90234375,8.375,0.9997695088386536,1,11047,0.011986762152777778,8455,1.3065641632170313,0.5431843267108167,121.00561238345252,313.25310038924596,109.63251788395301,317.52344784950986,1,10967,0.8984132459468782,0.005154014067426631,1,0.32527050375938416
TRAIN,89b671bb,110,3,4,5,720,1280,1,1.9563750449481093e-27,-6.25,0.0019267346942797303,0,0,0.0,11497,0.0,,,,,,0,0,,0.0,1,
TRAIN,89b671bb,110,4,5,5,720,1280,1,0.90234375,6.9375,0.9990302324295044,1,1511,0.0016395399305555555,1894,0.7977824709609292,0.38347260909935005,981.7432164129715,232.65122435473197,969.3342409802586,241.1361470388019,1,1411,0.8998699609882965,0.0,1,0.2701554298400879
TRAIN,89b671bb,111,0,1,5,720,1280,1,0.91015625,9.6875,0.999937891960144,1,5516,0.005985243055555555,4624,1.1929065743944636,0.7788554801163918,119.00815808556925,286.92548948513416,122.55666909620992,287.63483965014575,1,5610,0.8954003407155026,0.012649677617439362,3,0.29589831829071045
TRAIN,89b671bb,111,1,2,5,720,1280,1,1.125862283931428e-26,-6.78125,0.0011335690505802631,0,0,0.0,17859,0.0,,,,,,0,0,,0.0,1,
TRAIN,89b671bb,111,2,3,5,720,1280,1,0.90234375,8.375,0.9997695088386536,1,11187,0.012138671875,8455,1.3231224127735068,0.8287547293962823,118.04326450344149,312.4591043175114,121.00561238345252,313.25310038924596,1,10975,0.8800475059382423,0.00514631081323679,1,0.3021278977394104
TRAIN,89b671bb,111,3,4,5,720,1280,1,1.125862283931428e-26,-5.8125,0.0029810327105224133,0,0,0.0,11497,0.0,,,,,,0,0,,0.0,1,
TRAIN,89b671bb,111,4,5,5,720,1280,1,0.8984375,6.6875,0.9987550973892212,1,1421,0.0015418836805555555,1894,0.7502639915522703,0.7176332747510252,978.8557353976073,236.1639690358902,981.7432164129715,232.65122435473197,1,1423,0.8985313751668892,0.0,1,0.3292427659034729
TRAIN,89b671bb,112,0,1,5,720,1280,1,0.90234375,10.25,0.9999645948410034,1,5265,0.005712890625,4624,1.1386245674740485,0.3814710404920554,131.667616334283,287.9925925925926,119.00815808556925,286.92548948513416,1,5418,0.8981876332622601,0.00928714859437751,3,0.26664623618125916
TRAIN,89b671bb,112,1,2,5,720,1280,1,4.301339185275744e-23,-4.6875,0.009125636890530586,0,0,0.0,17859,0.0,,,,,,0,0,,0.0,1,
TRAIN,89b671bb,112,2,3,5,720,1280,1,0.90234375,8.875,0.9998601675033569,1,11195,0.012147352430555555,8455,1.3240685984624483,0.579088471849866,132.23528360875392,312.1258597588209,118.04326450344149,312.4591043175114,1,10819,0.8943292315635487,0.004535010279356633,1,0.27405402064323425
TRAIN,89b671bb,112,3,4,5,720,1280,1,3.049420715222343e-26,-5.4375,0.004331501666456461,0,0,0.0,11497,0.0,,,,,,0,0,,0.0,1,
TRAIN,89b671bb,112,4,5,5,720,1280,1,0.90234375,7.0625,0.9991440773010254,1,1554,0.0016861979166666666,1894,0.8204857444561774,0.5926124197002142,990.2773487773488,234.85263835263837,978.8557353976073,236.1639690358902,1,1453,0.9055766793409379,0.0,1,0.2515174150466919
TRAIN,89b671bb,113,0,1,5,720,1280,1,0.91015625,10.4375,0.9999706745147705,1,5765,0.0062554253472222225,4624,1.246756055363322,0.535570096060142,123.1071986123157,283.13755420641803,131.667616334283,287.9925925925926,1,5513,0.8960995292535306,0.013037414347219696,3,0.3269423544406891
TRAIN,89b671bb,113,1,2,5,720,1280,1,1.760989975942969e-25,-5.59375,0.0037072531413286924,0,0,0.0,17859,0.0,,,,,,0,0,,0.0,1,
TRAIN,89b671bb,113,2,3,5,720,1280,1,0.91015625,7.5625,0.999480664730072,1,11358,0.01232421875,8455,1.3433471318746304,0.6522344322344322,121.66182426483536,307.04983271702764,132.23528360875392,312.1258597588209,1,10941,0.8948844323589396,0.0027936281502615313,1,0.2636498212814331
TRAIN,89b671bb,113,3,4,5,720,1280,1,1.857925203976527e-26,-5.15625,0.005730246659368277,0,0,0.0,11497,0.0,,,,,,0,0,,0.0,1,
TRAIN,89b671bb,113,4,5,5,720,1280,1,0.89453125,6.34375,0.998245358467102,1,1500,0.0016276041666666667,1894,0.791974656810982,0.6938435940099834,982.7326666666667,234.236,990.2773487773488,234.85263835263837,1,1456,0.9107950872656755,0.0,1,0.30432450771331787
