split,video,frame_idx,obj_idx,object_id,n_objects,frame_height,frame_width,baseline_memory_encoded,mask_conf_iou_head,occ_score_logit,occ_score_prob,pointer_valid,pred_area_px,area_norm,frame0_anchor_area_px,area_ratio_anchor,temporal_iou_prev,centroid_x_px,centroid_y_px,prev_centroid_x_px,prev_centroid_y_px,target_visible,target_gt_area_px,target_iou,max_other_iou,max_other_object_id,ptr_sim_anchor_fp32
TRAIN,6bbyqk3u,1,0,1,2,1080,1920,1,0.9453125,6.875,0.9989677667617798,1,7180,0.003462577160493827,7192,0.9983314794215795,0.9132055378061767,1021.2608635097494,520.6103064066853,1019.7000834260289,522.4435483870968,1,6872,0.9147022755143752,0.0,2,0.25325852632522583
TRAIN,6bbyqk3u,1,1,2,2,1080,1920,1,0.349609375,2.890625,0.9473810195922852,1,175,8.439429012345679e-05,122,1.4344262295081966,0.4630541871921182,855.1314285714286,435.06857142857143,856.3770491803278,436.8606557377049,0,0,0.0,0.0,1,0.4516713619232178
TRAIN,6bbyqk3u,2,0,1,2,1080,1920,1,0.91796875,6.71875,0.998793363571167,1,6298,0.0030372299382716047,7192,0.8756952169076752,0.8389957702278619,1023.7068910765322,524.9980946332169,1021.2608635097494,520.6103064066853,1,6052,0.8878018954448181,0.0,2,0.3868696093559265
TRAIN,6bbyqk3u,2,1,2,2,1080,1920,1,0.30859375,4.03125,0.982557475566864,1,112,5.401234567901235e-05,122,0.9180327868852459,0.5185185185185185,856.1339285714286,432.60714285714283,855.1314285714286,435.06857142857143,1,424,0.2072072072072072,0.0,1,0.3870881497859955
TRAIN,6bbyqk3u,3,0,1,2,1080,1920,1,0.80859375,6.125,0.9978172779083252,1,2890,0.0013937114197530864,7192,0.4018353726362625,0.4198732807912224,1032.406920415225,517.4439446366782,1023.7068910765322,524.9980946332169,1,2772,0.8748344370860928,0.0,2,0.3998616933822632
TRAIN,6bbyqk3u,3,1,2,2,1080,1920,1,0.55078125,5.875,0.9971990585327148,1,1495,0.0007209683641975309,122,12.254098360655737,0.07204803202134756,856.3939799331104,473.9892976588629,856.1339285714286,432.60714285714283,1,1521,0.7668424135910955,0.0,1,0.4759902060031891
TRAIN,6bbyqk3u,4,0,1,2,1080,1920,1,0.5234375,2.046875,0.8856314420700073,1,1120,0.0005401234567901234,7192,0.1557285873192436,0.0,1003.0678571428572,544.2169642857143,1032.406920415225,517.4439446366782,1,521,0.40017064846416384,0.0,2,0.32672858238220215
TRAIN,6bbyqk3u,4,1,2,2,1080,1920,1,0.80859375,6.09375,0.9977481961250305,1,2012,0.0009702932098765432,122,16.491803278688526,0.6942028985507246,853.6247514910536,478.8836978131213,856.3939799331104,473.9892976588629,1,1745,0.8470993117010817,0.0,1,0.4937798082828522
TRAIN,6bbyqk3u,5,0,1,2,1080,1920,1,0.89453125,6.8125,0.9989012479782104,1,4551,0.002194733796296296,7192,0.6327864293659622,0.22246173744341452,1013.8734344100197,504.058228960668,1003.0678571428572,544.2169642857143,1,4326,0.9024860694384912,0.0,2,0.28395378589630127
TRAIN,6bbyqk3u,5,1,2,2,1080,1920,1,0.75390625,6.15625,0.9978843331336975,1,2001,0.0009649884259259259,122,16.401639344262296,0.892032060348892,854.3598200899551,477.167916041979,853.6247514910536,478.8836978131213,1,1721,0.8271968581246931,0.0,1,0.46514227986335754
TRAIN,6bbyqk3u,6,0,1,2,1080,1920,1,0.9375,6.75,0.9988304972648621,1,7013,0.0033820408950617285,7192,0.975111234705228,0.6407491486946651,1018.0952516754598,519.5994581491516,1013.8734344100197,504.058228960668,1,6597,0.9128601546029516,0.0,2,0.26291704177856445
TRAIN,6bbyqk3u,6,1,2,2,1080,1920,1,0.83203125,5.875,0.9971990585327148,1,2157,0.0010402199074074075,122,17.68032786885246,0.8908594815825375,854.2178952248494,478.246638850255,854.3598200899551,477.167916041979,1,1705,0.7675057208237986,0.0,1,0.44247686862945557
TRAIN,6bbyqk3u,7,0,1,2,1080,1920,1,0.93359375,6.40625,0.9983515739440918,1,7152,0.003449074074074074,7192,0.9944382647385984,0.93722647702407,1017.7477628635347,520.9842002237136,1018.0952516754598,519.5994581491516,1,6760,0.9231407243572021,0.0,2,0.2071426808834076
TRAIN,6bbyqk3u,7,1,2,2,1080,1920,1,0.8125,5.75,0.9968273043632507,1,1915,0.0009235146604938271,122,15.69672131147541,0.8636155606407323,852.5827676240209,477.3942558746736,854.2178952248494,478.246638850255,1,1700,0.8567026194144838,0.0,1,0.4083254337310791
TRAIN,6bbyqk3u,8,0,1,2,1080,1920,1,0.92578125,6.53125,0.9985449314117432,1,6561,0.0031640625,7192,0.9122636262513905,0.9088251670378619,1016.7340344459686,521.667428745618,1017.7477628635347,520.9842002237136,1,6497,0.9202941176470588,0.0,2,0.33852648735046387
TRAIN,6bbyqk3u,8,1,2,2,1080,1920,1,0.80078125,5.28125,0.9949396848678589,1,2002,0.0009654706790123457,122,16.40983606557377,0.9352766798418972,853.0184815184815,476.84965034965035,852.5827676240209,477.3942558746736,1,1702,0.8041889917194349,0.0,1,0.3748489320278168
TRAIN,6bbyqk3u,9,0,1,2,1080,1920,1,0.9140625,6.75,0.9988304972648621,1,7378,0.0035580632716049384,7192,1.0258620689655173,0.8760430686406461,1017.3426402819192,518.3895364597452,1016.7340344459686,521.667428745618,1,6883,0.9114059777509718,0.0,2,0.29949748516082764
TRAIN,6bbyqk3u,9,1,2,2,1080,1920,1,0.796875,5.53125,0.9960545301437378,1,1898,0.0009153163580246914,122,15.557377049180328,0.9249753208292202,852.7307692307693,476.48103266596416,853.0184815184815,476.84965034965035,1,1759,0.8734631147540983,0.0,1,0.3806188106536865
TRAIN,6bbyqk3u,10,0,1,2,1080,1920,1,0.9140625,7.1875,0.9992445707321167,1,7294,0.003517554012345679,7192,1.014182424916574,0.8189933052318373,1020.9398135453798,517.4252810529202,1017.3426402819192,518.3895364597452,1,7117,0.9232617109302015,0.0,2,0.3487425744533539
TRAIN,6bbyqk3u,10,1,2,2,1080,1920,1,0.796875,5.28125,0.9949396848678589,1,1877,0.0009051890432098766,122,15.385245901639344,0.9349051768323936,852.2115077250933,476.4922749067661,852.7307692307693,476.48103266596416,1,1711,0.8834645669291339,0.0,1,0.3761196732521057
TRAIN,6bbyqk3u,11,0,1,2,1080,1920,1,0.921875,7.34375,0.99935382604599,1,6956,0.0033545524691358025,7192,0.9671857619577308,0.7644873699851411,1025.4424956871765,517.1768257619322,1020.9398135453798,517.4252810529202,1,7201,0.8989939637826961,0.0,2,0.3901083469390869
TRAIN,6bbyqk3u,11,1,2,2,1080,1920,1,0.76171875,5.0625,0.9937100410461426,1,1828,0.0008815586419753087,122,14.98360655737705,0.9377615062761506,852.487964989059,476.5421225382932,852.2115077250933,476.4922749067661,1,1707,0.8833244539158231,0.0,1,0.3718484044075012
TRAIN,6bbyqk3u,12,0,1,2,1080,1920,1,0.921875,7.28125,0.999312162399292,1,7227,0.0034852430555555557,7192,1.0048665183537264,0.8481886890800104,1028.0041511000416,517.6824408468244,1025.4424956871765,517.1768257619322,1,7206,0.9091269841269841,0.0,2,0.3408588171005249
TRAIN,6bbyqk3u,12,1,2,2,1080,1920,1,0.81640625,4.84375,0.9921841025352478,1,1907,0.0009196566358024691,122,15.631147540983607,0.9432882414151925,852.1746198217095,476.73833245936027,852.487964989059,476.5421225382932,1,1707,0.8754540736896731,0.0,1,0.3712560534477234
TRAIN,6bbyqk3u,13,0,1,2,1080,1920,1,0.9296875,6.96875,0.9990600943565369,1,7270,0.0035059799382716047,7192,1.010845383759733,0.8773633773633773,1030.0909215955983,518.7807427785419,1028.0041511000416,517.6824408468244,1,7148,0.9308959421454399,0.0,2,0.3304078280925751
TRAIN,6bbyqk3u,13,1,2,2,1080,1920,1,0.80078125,4.8125,0.9919379353523254,1,1729,0.000833815586419753,122,14.172131147540984,0.902668759811617,852.1596298438403,476.0057836899942,852.1746198217095,476.73833245936027,1,1707,0.9099499722067815,0.0,1,0.3524586260318756
TRAIN,6bbyqk3u,14,0,1,2,1080,1920,1,0.9296875,6.90625,0.9989995360374451,1,7328,0.0035339506172839506,7192,1.0189098998887653,0.8722585609849942,1031.332560043668,520.65625,1030.0909215955983,518.7807427785419,1,7363,0.934044233807267,0.0,2,0.39869654178619385
TRAIN,6bbyqk3u,14,1,2,2,1080,1920,1,0.79296875,4.71875,0.9911527037620544,1,1963,0.0009466628086419753,122,16.09016393442623,0.865588681152097,851.7692307692307,477.2924095771778,852.1596298438403,476.0057836899942,1,1728,0.8594458438287154,0.0,1,0.382732629776001
TRAIN,6bbyqk3u,15,0,1,2,1080,1920,1,0.92578125,7.15625,0.999220609664917,1,7217,0.003480420524691358,7192,1.003476084538376,0.9388163156491602,1031.312733822918,521.4120825827906,1031.332560043668,520.65625,1,7464,0.9185833768949294,0.0,2,0.35607773065567017
TRAIN,6bbyqk3u,15,1,2,2,1080,1920,1,0.78515625,4.375,0.9875683188438416,1,2062,0.0009944058641975309,122,16.901639344262296,0.9157544026653974,852.1784675072745,476.4650824442289,851.7692307692307,477.2924095771778,1,1707,0.817261330761813,0.0,1,0.393272340297699
TRAIN,6bbyqk3u,16,0,1,2,1080,1920,1,0.92578125,7.0625,0.9991440773010254,1,6917,0.003335744598765432,7192,0.9617630700778643,0.9380227615521733,1030.3286106693654,522.1792684689894,1031.312733822918,521.4120825827906,1,7127,0.9217296113847838,0.0,2,0.33059853315353394
TRAIN,6bbyqk3u,16,1,2,2,1080,1920,1,0.76171875,4.46875,0.9886682629585266,1,1447,0.0006978202160493827,122,11.860655737704919,0.6821668264621285,849.6986869384934,470.9751209398756,852.1784675072745,476.4650824442289,1,1377,0.873921698739217,0.0,1,0.3743462562561035
TRAIN,6bbyqk3u,17,0,1,2,1080,1920,1,0.91796875,7.1875,0.9992445707321167,1,6818,0.0032880015432098764,7192,0.9479977753058955,0.9518260622424328,1029.8634496919917,521.7981812848343,1030.3286106693654,522.1792684689894,1,6972,0.9243650572146246,0.0,2,0.3027881681919098
TRAIN,6bbyqk3u,17,1,2,2,1080,1920,1,0.33984375,2.875,0.9465966820716858,1,865,0.0004171489197530864,122,7.090163934426229,0.5101241018941868,845.2138728323699,475.2763005780347,849.6986869384934,470.9751209398756,1,505,0.5222222222222223,0.0,1,0.3869401514530182
TRAIN,6bbyqk3u,18,0,1,2,1080,1920,1,0.921875,6.875,0.9989677667617798,1,6778,0.0032687114197530866,7192,0.9424360400444939,0.9114297764656263,1028.1478312186487,521.6125700796695,1029.8634496919917,521.7981812848343,1,6755,0.9195744680851063,0.0,2,0.3290991187095642
TRAIN,6bbyqk3u,18,1,2,2,1080,1920,1,0.396484375,2.765625,0.9407896995544434,1,401,0.000193383487654321,122,3.2868852459016393,0.08205128205128205,856.0673316708229,441.0947630922693,845.2138728323699,475.2763005780347,1,257,0.5592417061611374,0.0,1,0.42221131920814514
TRAIN,6bbyqk3u,19,0,1,2,1080,1920,1,0.92578125,7.1875,0.9992445707321167,1,6570,0.003168402777777778,7192,0.9135150166852057,0.9200230149597238,1027.2812785388128,521.2800608828006,1028.1478312186487,521.6125700796695,1,6546,0.905287623474724,0.0,2,0.3349899649620056
TRAIN,6bbyqk3u,19,1,2,2,1080,1920,1,0.07373046875,0.9921875,0.729519784450531,1,51,2.4594907407407408e-05,122,0.4180327868852459,0.013452914798206279,866.0,431.72549019607845,856.0673316708229,441.0947630922693,1,23,0.0,0.0,1,0.39330795407295227
TRAIN,6bbyqk3u,20,0,1,2,1080,1920,1,0.7890625,7.25,0.9992903470993042,1,3511,0.001693190586419753,7192,0.4881813125695217,0.4892894075934407,1018.4485901452578,519.712902307035,1027.2812785388128,521.2800608828006,1,3306,0.7262598126107875,0.0,2,0.4063214063644409
TRAIN,6bbyqk3u,20,1,2,2,1080,1920,1,0.5078125,4.75,0.9914224743843079,1,820,0.00039544753086419754,122,6.721311475409836,0.0,855.4560975609756,465.4219512195122,866.0,431.72549019607845,1,642,0.5925925925925926,0.0,1,0.4160049259662628
TRAIN,6bbyqk3u,21,0,1,2,1080,1920,1,0.40234375,3.734375,0.976669192314148,1,1030,0.0004967206790123457,7192,0.1432146829810901,0.08923003118253778,1029.852427184466,522.4825242718447,1018.4485901452578,519.712902307035,1,1849,0.30982711555959963,0.0,2,0.4287794530391693
TRAIN,6bbyqk3u,21,1,2,2,1080,1920,1,0.58203125,4.59375,0.9899863600730896,1,616,0.0002970679012345679,122,5.049180327868853,0.5541125541125541,855.4237012987013,450.52435064935065,855.4560975609756,465.4219512195122,1,557,0.6638297872340425,0.0,1,0.3886513113975525
TRAIN,6bbyqk3u,22,0,1,2,1080,1920,1,0.7734375,6.03125,0.9976032376289368,1,4267,0.0020577739197530863,7192,0.5932981090100111,0.09532671629445823,1033.547457229904,534.3025544879306,1029.852427184466,522.4825242718447,1,4326,0.7576191450194314,0.0,2,0.43710610270500183
TRAIN,6bbyqk3u,22,1,2,2,1080,1920,1,9.918585419654846e-08,-0.8203125,0.30569732189178467,0,0,0.0,122,0.0,0.0,,,855.4237012987013,450.52435064935065,0,0,,0.0,1,
TRAIN,6bbyqk3u,23,0,1,2,1080,1920,1,0.5546875,3.140625,0.9585376977920532,1,1447,0.0006978202160493827,7192,0.20119577308120135,0.13126113640863196,1016.2854181064271,561.0338631651694,1033.547457229904,534.3025544879306,1,1437,0.6120737842370039,0.0,2,0.3868665099143982
TRAIN,6bbyqk3u,23,1,2,2,1080,1920,1,0.33203125,1.7578125,0.8529354333877563,1,785,0.0003785686728395062,122,6.434426229508197,0.0,843.8649681528663,476.0917197452229,,,1,192,0.18712029161603888,0.0,1,0.3994550406932831
TRAIN,6bbyqk3u,24,0,1,2,1080,1920,1,0.46875,0.2392578125,0.5595307350158691,1,220,0.00010609567901234568,7192,0.030589543937708564,0.11729222520107238,1010.4318181818181,576.6136363636364,1016.2854181064271,561.0338631651694,1,172,0.6,0.0,2,0.4357909560203552
TRAIN,6bbyqk3u,24,1,2,2,1080,1920,1,3.123283386230469e-05,-0.63671875,0.3459886312484741,0,0,0.0,122,0.0,0.0,,,843.8649681528663,476.0917197452229,0,0,,0.0,1,
TRAIN,6bbyqk3u,25,0,1,2,1080,1920,1,1.0972125985553305e-16,-1.421875,0.19436779618263245,0,0,0.0,7192,0.0,0.0,,,1010.4318181818181,576.6136363636364,0,0,,0.0,2,
TRAIN,6bbyqk3u,25,1,2,2,1080,1920,1,0.283203125,2.859375,0.9458011984825134,1,149,7.18557098765432e-05,122,1.221311475409836,0.0,858.0134228187919,434.67785234899327,,,1,350,0.13151927437641722,0.0,1,0.39966699481010437
TRAIN,6bbyqk3u,26,0,1,2,1080,1920,1,1.5819829215076654e-23,-2.671875,0.06465348601341248,0,0,0.0,7192,0.0,,,,,,0,0,,0.0,2,
TRAIN,6bbyqk3u,26,1,2,2,1080,1920,1,0.10986328125,0.7421875,0.6774740219116211,1,121,5.835262345679012e-05,122,0.9918032786885246,0.2857142857142857,861.198347107438,436.1652892561983,858.0134228187919,434.67785234899327,1,76,0.0,0.0,1,0.4259883463382721
TRAIN,6bbyqk3u,27,0,1,2,1080,1920,1,0.8359375,6.03125,0.9976032376289368,1,3905,0.0018831983024691359,7192,0.5429644048943271,0.0,1032.4640204865557,550.7531370038412,,,1,3954,0.8116643614568926,0.0,2,0.37333717942237854
TRAIN,6bbyqk3u,27,1,2,2,1080,1920,1,0.36328125,2.140625,0.894789457321167,1,325,0.00015673225308641974,122,2.6639344262295084,0.1524547803617571,850.9661538461538,440.43692307692305,861.198347107438,436.1652892561983,1,772,0.2229654403567447,0.0,1,0.47686395049095154
TRAIN,6bbyqk3u,28,0,1,2,1080,1920,1,0.6796875,6.0,0.9975274205207825,1,3256,0.001570216049382716,7192,0.45272525027808674,0.4949895615866388,1034.7238943488944,524.4029484029484,1032.4640204865557,550.7531370038412,1,3101,0.7712454722764001,0.0,2,0.43384480476379395
TRAIN,6bbyqk3u,28,1,2,2,1080,1920,1,1.6079866327345371e-09,-0.78515625,0.3132096529006958,0,0,0.0,122,0.0,0.0,,,850.9661538461538,440.43692307692305,1,15,0.0,0.0,1,
TRAIN,6bbyqk3u,29,0,1,2,1080,1920,1,0.412109375,2.875,0.9465966820716858,1,548,0.0002642746913580247,7192,0.07619577308120133,0.13586145117945655,1028.9616788321168,593.9215328467153,1034.7238943488944,524.4029484029484,1,722,0.4221724524076148,0.0,2,0.3643321692943573
TRAIN,6bbyqk3u,29,1,2,2,1080,1920,1,1.125862283931428e-26,-4.65625,0.009412589482963085,0,0,0.0,122,0.0,,,,,,0,0,,0.0,1,
TRAIN,6bbyqk3u,30,0,1,2,1080,1920,1,0.81640625,5.75,0.9968273043632507,1,3684,0.0017766203703703705,7192,0.5122358175750834,0.0,998.2690010857764,501.48154180238873,1028.9616788321168,593.9215328467153,1,3360,0.8187451587916343,0.0,2,0.4499710500240326
TRAIN,6bbyqk3u,30,1,2,2,1080,1920,1,6.815758221109542e-27,-5.59375,0.0037072531413286924,0,0,0.0,122,0.0,,,,,,0,0,,0.0,1,
TRAIN,6bbyqk3u,31,0,1,2,1080,1920,1,0.90234375,6.8125,0.9989012479782104,1,6565,0.003165991512345679,7192,0.9128197997775306,0.516348572274005,1005.1361766945926,510.34226961157657,998.2690010857764,501.48154180238873,1,7078,0.8815335815749552,0.0,2,0.42266061902046204
TRAIN,6bbyqk3u,31,1,2,2,1080,1920,1,3.864587821847745e-21,-3.4375,0.031143832951784134,0,0,0.0,122,0.0,,,,,,0,0,,0.0,1,
TRAIN,6bbyqk3u,32,0,1,2,1080,1920,1,0.90625,7.3125,0.9993333220481873,1,7839,0.0037803819444444443,7192,1.0899610678531702,0.7933266932270916,1007.4925373134329,517.8110728409235,1005.1361766945926,510.34226961157657,1,8193,0.8854521933435258,0.0,2,0.3599005341529846
TRAIN,6bbyqk3u,32,1,2,2,1080,1920,1,0.0028839111328125,-0.380859375,0.4059196412563324,0,0,0.0,122,0.0,,,,,,1,108,0.0,0.0,1,
TRAIN,6bbyqk3u,33,0,1,2,1080,1920,1,0.921875,7.5625,0.999480664730072,1,8537,0.004116994598765432,7192,1.1870133481646274,0.87432757239327,1006.366287923158,516.9969544336418,1007.4925373134329,517.8110728409235,1,8344,0.9185134674394818,0.0,2,0.3854902684688568
TRAIN,6bbyqk3u,33,1,2,2,1080,1920,1,0.1494140625,1.5625,0.8267117738723755,1,229,0.00011043595679012346,122,1.8770491803278688,0.0,851.8471615720524,432.7685589519651,,,1,1093,0.13671539122957868,0.0,1,0.40038326382637024
TRAIN,6bbyqk3u,34,0,1,2,1080,1920,1,0.91015625,7.1875,0.9992445707321167,1,8357,0.004030189043209877,7192,1.1619855394883203,0.9121675155631013,1005.0777791073351,519.0814885724542,1006.366287923158,516.9969544336418,1,8176,0.8975094686101228,0.0,2,0.3190625011920929
TRAIN,6bbyqk3u,34,1,2,2,1080,1920,1,4.839897155761719e-05,0.09912109375,0.5247600078582764,1,433,0.0002088155864197531,122,3.5491803278688523,0.0,851.4826789838337,460.53348729792145,851.8471615720524,432.7685589519651,1,628,0.327909887359199,0.0,1,0.4870481789112091
TRAIN,6bbyqk3u,35,0,1,2,1080,1920,1,0.91796875,6.84375,0.9989350438117981,1,7707,0.003716724537037037,7192,1.0716073414905452,0.9030920507048927,1005.0884909822239,521.455559880628,1005.0777791073351,519.0814885724542,1,7909,0.8928484848484849,0.0,2,0.35591423511505127
TRAIN,6bbyqk3u,35,1,2,2,1080,1920,1,0.2734375,1.640625,0.837619960308075,1,177,8.53587962962963e-05,122,1.4508196721311475,0.0,848.5254237288135,437.03389830508473,851.4826789838337,460.53348729792145,1,82,0.3776595744680851,0.0,1,0.4402115046977997
TRAIN,6bbyqk3u,36,0,1,2,1080,1920,1,0.921875,6.59375,0.9986329674720764,1,8004,0.0038599537037037036,7192,1.1129032258064515,0.9384330660086366,1005.1210644677661,520.9429035482259,1005.0884909822239,521.455559880628,1,7689,0.8916345226615237,0.0,2,0.3329786956310272
TRAIN,6bbyqk3u,36,1,2,2,1080,1920,1,0.26953125,3.1875,0.9603611826896667,1,591,0.0002850115740740741,122,4.844262295081967,0.26108374384236455,845.2216582064298,446.8764805414552,848.5254237288135,437.03389830508473,1,184,0.16716867469879518,0.0,1,0.4480692148208618
TRAIN,6bbyqk3u,37,0,1,2,1080,1920,1,0.92578125,6.21875,0.9980121850967407,1,7665,0.0036964699074074074,7192,1.0657675194660734,0.9155256723716382,1006.7484670580561,520.2249184605349,1005.1210644677661,520.9429035482259,1,7812,0.9060344827586206,0.0,2,0.30978405475616455
TRAIN,6bbyqk3u,37,1,2,2,1080,1920,1,0.302734375,2.890625,0.9473810195922852,1,436,0.00021026234567901234,122,3.5737704918032787,0.191415313225058,855.506880733945,448.72935779816515,845.2216582064298,446.8764805414552,1,643,0.577485380116959,0.0,1,0.4573947787284851
TRAIN,6bbyqk3u,38,0,1,2,1080,1920,1,0.91796875,6.09375,0.9977481961250305,1,7662,0.0036950231481481482,7192,1.0653503893214682,0.9497519399567486,1007.4367006003654,519.1104150352388,1006.7484670580561,520.2249184605349,1,7991,0.9003277892436566,0.0,2,0.2651950418949127
TRAIN,6bbyqk3u,38,1,2,2,1080,1920,1,0.46484375,4.4375,0.9883127808570862,1,1855,0.000894579475308642,122,15.204918032786885,0.22841823056300267,851.7423180592992,475.4458221024259,855.506880733945,448.72935779816515,1,1612,0.8266596417281349,0.0,1,0.4980050325393677
TRAIN,6bbyqk3u,39,0,1,2,1080,1920,1,0.91015625,6.40625,0.9983515739440918,1,7976,0.0038464506172839505,7192,1.1090100111234704,0.9320484309364961,1006.7289368104313,519.4027081243731,1007.4367006003654,519.1104150352388,1,7912,0.8934572756524848,0.0,2,0.3420017659664154
TRAIN,6bbyqk3u,39,1,2,2,1080,1920,1,0.703125,4.3125,0.9867772459983826,1,2113,0.0010190007716049383,122,17.31967213114754,0.7580859548072663,848.9678182678656,475.1940369143398,851.7423180592992,475.4458221024259,1,1690,0.758206195099399,0.0,1,0.46922993659973145
TRAIN,6bbyqk3u,40,0,1,2,1080,1920,1,0.9140625,7.0625,0.9991440773010254,1,7246,0.0034944058641975307,7192,1.0075083426028921,0.889054355919583,1008.555478884902,519.3962186033674,1006.7289368104313,519.4027081243731,1,7490,0.9051066580478345,0.0,2,0.37541139125823975
TRAIN,6bbyqk3u,40,1,2,2,1080,1920,1,0.248046875,2.671875,0.9353464841842651,1,1300,0.000626929012345679,122,10.655737704918034,0.5168888888888888,842.5576923076923,476.2507692307692,848.9678182678656,475.1940369143398,1,799,0.5025053686471009,0.0,1,0.3440273702144623
TRAIN,6bbyqk3u,41,0,1,2,1080,1920,1,0.7578125,6.8125,0.9989012479782104,1,2400,0.0011574074074074073,7192,0.3337041156840934,0.32245681381957775,1016.1066666666667,485.4508333333333,1008.555478884902,519.3962186033674,1,2484,0.789010989010989,0.0,2,0.45166048407554626
TRAIN,6bbyqk3u,41,1,2,2,1080,1920,1,0.040283203125,0.6328125,0.6531268954277039,1,16,7.71604938271605e-06,122,0.13114754098360656,0.0,836.5625,437.1875,842.5576923076923,476.2507692307692,1,44,0.0,0.0,1,0.3726842701435089
TRAIN,6bbyqk3u,42,0,1,2,1080,1920,1,0.67578125,4.6875,0.9908744096755981,1,1332,0.0006423611111111111,7192,0.18520578420467185,0.05186020293122886,992.6388888888889,460.1816816816817,1016.1066666666667,485.4508333333333,1,1529,0.6829411764705883,0.0,2,0.41947832703590393
TRAIN,6bbyqk3u,42,1,2,2,1080,1920,1,0.53515625,3.90625,0.9802808165550232,1,765,0.0003689236111111111,122,6.270491803278689,0.0,854.1869281045751,458.240522875817,836.5625,437.1875,1,821,0.6872340425531915,0.0,1,0.41964754462242126
TRAIN,6bbyqk3u,43,0,1,2,1080,1920,1,0.59765625,3.046875,0.954647421836853,1,686,0.0003308256172839506,7192,0.09538375973303671,0.4082344731332868,986.1195335276968,462.8862973760933,992.6388888888889,460.1816816816817,1,455,0.45907928388746805,0.0,2,0.44745567440986633
TRAIN,6bbyqk3u,43,1,2,2,1080,1920,1,0.396484375,3.9375,0.9808759689331055,1,190,9.162808641975309e-05,122,1.5573770491803278,0.21501272264631044,852.8736842105263,433.63684210526316,854.1869281045751,458.240522875817,1,143,0.5781990521327014,0.0,1,0.36283496022224426
TRAIN,6bbyqk3u,44,0,1,2,1080,1920,1,0.55078125,3.09375,0.9566342234611511,1,1433,0.0006910686728395062,7192,0.1992491657397108,0.020712909441233142,1000.5275645498954,518.1172365666434,986.1195335276968,462.8862973760933,1,1003,0.25437693099897013,0.0,2,0.4498724341392517
TRAIN,6bbyqk3u,44,1,2,2,1080,1920,1,0.494140625,4.1875,0.985042929649353,1,774,0.0003732638888888889,122,6.344262295081967,0.22802547770700637,852.4405684754522,455.3837209302326,852.8736842105263,433.63684210526316,1,833,0.5481695568400771,0.0,1,0.3891887068748474
TRAIN,6bbyqk3u,45,0,1,2,1080,1920,1,0.53125,3.078125,0.9559813141822815,1,1782,0.000859375,7192,0.2477753058954394,0.10178204249485949,1017.3080808080808,546.1105499438833,1000.5275645498954,518.1172365666434,1,1598,0.3728675873273761,0.0,2,0.3599317669868469
TRAIN,6bbyqk3u,45,1,2,2,1080,1920,1,0.53125,4.53125,0.9893474578857422,1,1070,0.0005160108024691358,122,8.770491803278688,0.42614075792730083,854.6065420560748,475.4672897196262,852.4405684754522,455.3837209302326,1,963,0.6815550041356493,0.0,1,0.405851274728775
TRAIN,6bbyqk3u,46,0,1,2,1080,1920,1,0.8046875,6.21875,0.9980121850967407,1,4575,0.00220630787037037,7192,0.6361234705228032,0.1888909668973256,1012.3897267759563,514.9825136612022,1017.3080808080808,546.1105499438833,1,5309,0.8351281099145934,0.0,2,0.43167322874069214
TRAIN,6bbyqk3u,46,1,2,2,1080,1920,1,0.263671875,3.96875,0.9814534187316895,1,785,0.0003785686728395062,122,6.434426229508197,0.49355877616747185,857.1019108280254,470.88662420382167,854.6065420560748,475.4672897196262,1,435,0.3707865168539326,0.0,1,0.38422179222106934
TRAIN,6bbyqk3u,47,0,1,2,1080,1920,1,0.6015625,5.3125,0.9950946569442749,1,2575,0.0012418016975308643,7192,0.35803670745272526,0.06114574057583853,995.8753398058252,494.3922330097087,1012.3897267759563,514.9825136612022,1,3439,0.6346833378635499,0.0,2,0.44449877738952637
TRAIN,6bbyqk3u,47,1,2,2,1080,1920,1,0.0888671875,1.9609375,0.8766343593597412,1,463,0.00022328317901234567,122,3.7950819672131146,0.19197707736389685,860.9352051835854,502.3520518358531,857.1019108280254,470.88662420382167,1,123,0.006872852233676976,0.0,1,0.48709002137184143
TRAIN,6bbyqk3u,48,0,1,2,1080,1920,1,0.69921875,4.625,0.9902915358543396,1,2093,0.0010093557098765432,7192,0.29101779755283647,0.04757630161579892,1023.4438604873387,549.0057333970377,995.8753398058252,494.3922330097087,1,2264,0.7462925851703407,0.0,2,0.4629390835762024
TRAIN,6bbyqk3u,48,1,2,2,1080,1920,1,0.33984375,2.953125,0.9504110217094421,1,1632,0.000787037037037037,122,13.37704918032787,0.0,840.7714460784314,481.83639705882354,860.9352051835854,502.3520518358531,1,152,0.06634787806335923,0.0,1,0.44068676233291626
TRAIN,6bbyqk3u,49,0,1,2,1080,1920,1,0.89453125,7.21875,0.9992678761482239,1,5547,0.00267505787037037,7192,0.771273637374861,0.35605253816116433,1013.1898323418064,517.827113755183,1023.4438604873387,549.0057333970377,1,5872,0.9085742938325255,0.0,2,0.3940914571285248
TRAIN,6bbyqk3u,49,1,2,2,1080,1920,1,7.963180541992188e-05,-0.0084228515625,0.4978942573070526,0,0,0.0,122,0.0,0.0,,,840.7714460784314,481.83639705882354,0,0,,0.0,1,
TRAIN,6bbyqk3u,50,0,1,2,1080,1920,1,0.8828125,7.59375,0.9994966983795166,1,8371,0.004036940586419753,7192,1.163932146829811,0.652380387035498,1005.093417751762,520.9989248596345,1013.1898323418064,517.827113755183,1,7887,0.868735632183908,0.0,2,0.3321494460105896
TRAIN,6bbyqk3u,50,1,2,2,1080,1920,1,4.798173904418945e-06,-0.53125,0.37022536993026733,0,0,0.0,122,0.0,,,,,,1,200,0.0,0.0,1,
TRAIN,6bbyqk3u,51,0,1,2,1080,1920,1,0.90234375,8.0,0.9996646642684937,1,7579,0.0036549961419753084,7192,1.05380978865406,0.901072705601907,1006.7268768966882,519.63662752342,1005.093417751762,520.9989248596345,1,7846,0.891013853132279,0.0,2,0.34439611434936523
TRAIN,6bbyqk3u,51,1,2,2,1080,1920,1,9.5367431640625e-06,-0.306640625,0.4239349663257599,0,0,0.0,122,0.0,,,,,,0,0,,0.0,1,
TRAIN,6bbyqk3u,52,0,1,2,1080,1920,1,0.86328125,7.125,0.9991958737373352,1,5685,0.0027416087962962962,7192,0.7904616240266963,0.6944302503832397,1001.0012313104661,510.70114335971857,1006.7268768966882,519.63662752342,1,6158,0.8650393700787402,0.0,2,0.37087446451187134
TRAIN,6bbyqk3u,52,1,2,2,1080,1920,1,0.294921875,1.34375,0.793105959892273,1,426,0.00020543981481481482,122,3.4918032786885247,0.0,849.3896713615023,444.0,,,1,339,0.4599236641221374,0.0,1,0.4405254125595093
TRAIN,6bbyqk3u,53,0,1,2,1080,1920,1,0.5703125,5.09375,0.9939024448394775,1,1974,0.0009519675925925926,7192,0.27447163515016687,0.29244009449881875,988.4280648429584,507.84245187436676,1001.0012313104661,510.70114335971857,1,2419,0.6627554882664648,0.0,2,0.4227566719055176
TRAIN,6bbyqk3u,53,1,2,2,1080,1920,1,2.342858351767063e-09,-0.73828125,0.32338011264801025,0,0,0.0,122,0.0,0.0,,,849.3896713615023,444.0,0,0,,0.0,1,
TRAIN,6bbyqk3u,54,0,1,2,1080,1920,1,0.5234375,3.703125,0.9759464263916016,1,2334,0.0011255787037037037,7192,0.32452725250278086,0.029144768275203056,1019.264353041988,517.6362467866323,988.4280648429584,507.84245187436676,1,2496,0.75764192139738,0.0,2,0.418715238571167
TRAIN,6bbyqk3u,54,1,2,2,1080,1920,1,0.1611328125,2.078125,0.8887587189674377,1,256,0.0001234567901234568,122,2.098360655737705,0.0,855.125,442.82421875,,,1,674,0.29346314325452016,0.0,1,0.41017135977745056
TRAIN,6bbyqk3u,55,0,1,2,1080,1920,1,0.84765625,6.46875,0.9984512329101562,1,5569,0.002685667438271605,7192,0.7743325917686318,0.09718172983479106,1003.3440474052792,514.9529538516789,1019.264353041988,517.6362467866323,1,6010,0.858289199165463,0.0,2,0.4036165475845337
TRAIN,6bbyqk3u,55,1,2,2,1080,1920,1,0.396484375,2.84375,0.9449946880340576,1,637,0.0003071952160493827,122,5.221311475409836,0.23002754820936638,854.2229199372057,462.2103610675039,855.125,442.82421875,1,703,0.6361416361416361,0.0,1,0.5245420336723328
TRAIN,6bbyqk3u,56,0,1,2,1080,1920,1,0.74609375,5.84375,0.9971103668212891,1,3370,0.001625192901234568,7192,0.4685761957730812,0.45019467878001296,992.9480712166172,505.34124629080117,1003.3440474052792,514.9529538516789,1,2860,0.7729083665338645,0.0,2,0.43601226806640625
TRAIN,6bbyqk3u,56,1,2,2,1080,1920,1,0.275390625,1.1328125,0.7563575506210327,1,132,6.36574074074074e-05,122,1.0819672131147542,0.0846262341325811,855.7727272727273,436.5378787878788,854.2229199372057,462.2103610675039,1,96,0.4430379746835443,0.0,1,0.3861645460128784
TRAIN,6bbyqk3u,57,0,1,2,1080,1920,1,0.50390625,2.015625,0.8824278712272644,1,337,0.0001625192901234568,7192,0.04685761957730812,0.0,1018.2551928783383,428.9347181008902,992.9480712166172,505.34124629080117,0,0,0.0,0.0,2,0.3650110363960266
TRAIN,6bbyqk3u,57,1,2,2,1080,1920,1,4.52364397489937e-24,-3.96875,0.018546566367149353,0,0,0.0,122,0.0,0.0,,,855.7727272727273,436.5378787878788,0,0,,0.0,,
TRAIN,6bbyqk3u,58,0,1,2,1080,1920,1,0.341796875,1.015625,0.7341195344924927,1,462,0.00022280092592592593,7192,0.06423804226918799,0.2562893081761006,1010.030303030303,431.9805194805195,1018.2551928783383,428.9347181008902,0,0,0.0,0.0,2,0.4057806730270386
TRAIN,6bbyqk3u,58,1,2,2,1080,1920,1,1.2197274440461925e-18,-2.25,0.09534945338964462,0,0,0.0,122,0.0,,,,,,0,0,,0.0,,
TRAIN,6bbyqk3u,59,0,1,2,1080,1920,1,0.059326171875,0.173828125,0.543347954750061,1,170,8.198302469135803e-05,7192,0.023637374860956618,0.13464991023339318,1001.1470588235294,443.0529411764706,1010.030303030303,431.9805194805195,0,0,0.0,0.0,2,0.38604849576950073
TRAIN,6bbyqk3u,59,1,2,2,1080,1920,1,0.000179290771484375,-0.2294921875,0.4428774416446686,0,0,0.0,122,0.0,,,,,,1,75,0.0,0.0,,
TRAIN,6bbyqk3u,60,0,1,2,1080,1920,1,6.993104012531504e-18,-2.09375,0.10970578342676163,0,0,0.0,7192,0.0,0.0,,,1001.1470588235294,443.0529411764706,0,0,,0.0,2,
TRAIN,6bbyqk3u,60,1,2,2,1080,1920,1,0.69140625,4.15625,0.9845753908157349,1,2085,0.0010054976851851852,122,17.09016393442623,0.0,849.3318944844125,482.9601918465228,,,1,1628,0.7293898462971589,0.0,1,0.5160163044929504
TRAIN,6bbyqk3u,61,0,1,2,1080,1920,1,8.205631676526035e-21,-2.171875,0.10230471193790436,0,0,0.0,7192,0.0,,,,,,0,0,,0.0,2,
TRAIN,6bbyqk3u,61,1,2,2,1080,1920,1,0.77734375,5.28125,0.9949396848678589,1,2286,0.0011024305555555555,122,18.737704918032787,0.7739448051948052,851.2292213473315,480.7471566054243,849.3318944844125,482.9601918465228,1,1667,0.6994840928632846,0.0,1,0.45815426111221313
TRAIN,6bbyqk3u,62,0,1,2,1080,1920,1,2.8919009696678116e-25,-3.140625,0.04146226868033409,0,0,0.0,7192,0.0,,,,,,0,0,,0.0,2,
TRAIN,6bbyqk3u,62,1,2,2,1080,1920,1,0.65625,4.5,0.9890130758285522,1,1178,0.0005680941358024691,122,9.655737704918034,0.43318163011998345,844.6086587436333,475.8981324278438,851.2292213473315,480.7471566054243,1,998,0.7408,0.0,1,0.3964207172393799
TRAIN,6bbyqk3u,63,0,1,2,1080,1920,1,1.166324663699769e-22,-2.5625,0.07159119844436646,0,0,0.0,7192,0.0,,,,,,0,0,,0.0,,
TRAIN,6bbyqk3u,63,1,2,2,1080,1920,1,1.8041124150158794e-16,-2.375,0.08509904146194458,0,0,0.0,122,0.0,0.0,,,844.6086587436333,475.8981324278438,0,0,,0.0,,
TRAIN,6bbyqk3u,64,0,1,2,1080,1920,1,0.000335693359375,-0.2421875,0.43974733352661133,0,0,0.0,7192,0.0,,,,,,1,456,0.0,0.0,,
TRAIN,6bbyqk3u,64,1,2,2,1080,1920,1,9.012222290039062e-05,-0.287109375,0.4287116527557373,0,0,0.0,122,0.0,,,,,,0,0,,0.0,1,
TRAIN,6bbyqk3u,65,0,1,2,1080,1920,1,0.498046875,2.796875,0.9425067901611328,1,781,0.0003766396604938272,7192,0.10859288097886541,0.0,1031.157490396927,469.4122919334187,,,1,1016,0.5626086956521739,0.0,2,0.4052574634552002
TRAIN,6bbyqk3u,65,1,2,2,1080,1920,1,0.625,5.1875,0.9944451451301575,1,1203,0.000580150462962963,122,9.860655737704919,0.0,854.9268495428097,473.7838736492103,,,1,626,0.4678972712680578,0.0,1,0.44573384523391724
TRAIN,6bbyqk3u,66,0,1,2,1080,1920,1,0.7109375,4.75,0.9914224743843079,1,1888,0.0009104938271604938,7192,0.2625139043381535,0.3893805309734513,1031.5233050847457,470.5074152542373,1031.157490396927,469.4122919334187,1,2256,0.6576,0.0,2,0.3978101909160614
TRAIN,6bbyqk3u,66,1,2,2,1080,1920,1,0.3984375,2.984375,0.9518632292747498,1,184,8.873456790123456e-05,122,1.5081967213114753,0.08784313725490196,847.070652173913,440.39130434782606,854.9268495428097,473.7838736492103,1,149,0.3760330578512397,0.0,1,0.4032672643661499
TRAIN,6bbyqk3u,67,0,1,2,1080,1920,1,0.78125,5.9375,0.997368335723877,1,4818,0.0023234953703703703,7192,0.6699110122358176,0.3452357071213641,1024.6297218762973,510.34703196347033,1031.5233050847457,470.5074152542373,1,5032,0.7545422158888493,0.0,2,0.367732435464859
TRAIN,6bbyqk3u,67,1,2,2,1080,1920,1,2.2065682614424986e-15,-1.84375,0.13660839200019836,0,0,0.0,122,0.0,0.0,,,847.070652173913,440.39130434782606,0,0,,0.0,1,
TRAIN,6bbyqk3u,68,0,1,2,1080,1920,1,0.90234375,6.5625,0.9985895752906799,1,8380,0.004041280864197531,7192,1.1651835372636263,0.5596785629874734,1017.1928400954654,517.4930787589499,1024.6297218762973,510.34703196347033,1,8306,0.8991577509674482,0.0,2,0.3803286850452423
TRAIN,6bbyqk3u,68,1,2,2,1080,1920,1,8.404254913330078e-06,-0.59765625,0.35488009452819824,0,0,0.0,122,0.0,,,,,,0,0,,0.0,1,
TRAIN,6bbyqk3u,69,0,1,2,1080,1920,1,0.90625,6.46875,0.9984512329101562,1,8602,0.004148341049382716,7192,1.1960511679644048,0.9093771081628064,1018.3645663799116,516.624273424785,1017.1928400954654,517.4930787589499,1,8302,0.9094092398057155,0.0,2,0.3088836967945099
TRAIN,6bbyqk3u,69,1,2,2,1080,1920,1,2.710505431213761e-19,-2.3125,0.09009299427270889,0,0,0.0,122,0.0,,,,,,0,0,,0.0,1,
TRAIN,6bbyqk3u,70,0,1,2,1080,1920,1,0.90234375,6.4375,0.9984021782875061,1,8538,0.004117476851851852,7192,1.1871523915461624,0.9341006544798014,1019.4722417427969,518.3456312953854,1018.3645663799116,516.624273424785,1,8328,0.9042565202664559,0.0,2,0.3412196934223175
TRAIN,6bbyqk3u,70,1,2,2,1080,1920,1,2.540190280342358e-13,-1.2421875,0.2240554392337799,0,0,0.0,122,0.0,,,,,,1,81,0.0,0.0,1,
TRAIN,6bbyqk3u,71,0,1,2,1080,1920,1,0.890625,7.40625,0.9993928670883179,1,7944,0.0038310185185185183,7192,1.1045606229143492,0.9105135041149879,1018.6646525679758,517.8001007049345,1019.4722417427969,518.3456312953854,1,7946,0.9025383141762452,0.0,2,0.37965983152389526
TRAIN,6bbyqk3u,71,1,2,2,1080,1920,1,0.0185546875,-0.0908203125,0.47731050848960876,0,0,0.0,122,0.0,,,,,,0,0,,0.0,1,
TRAIN,6bbyqk3u,72,0,1,2,1080,1920,1,0.77734375,6.9375,0.9990302324295044,1,3675,0.0017722800925925927,7192,0.5109844271412681,0.40921770770163735,1006.1700680272108,506.7591836734694,1018.6646525679758,517.8001007049345,1,3369,0.7928226011707814,0.0,2,0.4226444959640503
TRAIN,6bbyqk3u,72,1,2,2,1080,1920,1,0.0390625,0.85546875,0.7017130851745605,1,233,0.00011236496913580248,122,1.9098360655737705,0.0,869.1545064377682,454.6695278969957,,,1,141,0.0,0.0,1,0.4321326017379761
TRAIN,6bbyqk3u,73,0,1,2,1080,1920,1,0.4375,0.25390625,0.5631377100944519,1,609,0.00029369212962962964,7192,0.0846774193548387,0.0,1030.8275862068965,567.9573070607553,1006.1700680272108,506.7591836734694,1,431,0.5950920245398773,0.0,2,0.3689189553260803
TRAIN,6bbyqk3u,73,1,2,2,1080,1920,1,0.0267333984375,1.4453125,0.8092759251594543,1,1126,0.000543016975308642,122,9.229508196721312,0.03424657534246575,880.9458259325045,472.8410301953819,869.1545064377682,454.6695278969957,1,500,0.0,0.0,1,0.47275790572166443
TRAIN,6bbyqk3u,74,0,1,2,1080,1920,1,0.61328125,3.328125,0.9653811454772949,1,1515,0.0007306134259259259,7192,0.210650723025584,0.0023596035865974517,1020.4613861386139,479.61584158415843,1030.8275862068965,567.9573070607553,1,1708,0.572962420693021,0.0,2,0.39555609226226807
TRAIN,6bbyqk3u,74,1,2,2,1080,1920,1,0.054931640625,3.1875,0.9603611826896667,1,715,0.00034481095679012345,122,5.860655737704918,0.08999407933688573,889.4951048951049,494.06433566433566,880.9458259325045,472.8410301953819,1,1096,0.011731843575418994,0.0,1,0.482139527797699
TRAIN,6bbyqk3u,75,0,1,2,1080,1920,1,0.58203125,5.75,0.9968273043632507,1,2155,0.001039255401234568,7192,0.2996384872080089,0.04767342278047388,1021.7262180974478,501.16426914153135,1020.4613861386139,479.61584158415843,1,1939,0.6317257871662016,0.0,2,0.41664621233940125
TRAIN,6bbyqk3u,75,1,2,2,1080,1920,1,0.314453125,2.65625,0.9343951344490051,1,1965,0.0009476273148148148,122,16.10655737704918,0.008276899924755455,846.7857506361323,475.99491094147584,889.4951048951049,494.06433566433566,1,1882,0.8171941426547,0.0,1,0.5102154612541199
TRAIN,6bbyqk3u,76,0,1,2,1080,1920,1,0.79296875,7.34375,0.99935382604599,1,4088,0.0019714506172839505,7192,0.5684093437152391,0.20242681047765793,1029.7651663405088,506.32216242661445,1021.7262180974478,501.16426914153135,1,3925,0.8416455987129395,0.0,2,0.3765963017940521
TRAIN,6bbyqk3u,76,1,2,2,1080,1920,1,0.462890625,2.703125,0.937210738658905,1,2167,0.001045042438271605,122,17.762295081967213,0.7718696397941681,847.8689432395016,476.44900784494695,846.7857506361323,475.99491094147584,1,2021,0.8264282599215003,0.0,1,0.4835323095321655
TRAIN,6bbyqk3u,77,0,1,2,1080,1920,1,0.90625,6.78125,0.9988664388656616,1,7617,0.0036733217592592594,7192,1.0590934371523915,0.4693698217424052,1020.4726270185113,518.1100170670868,1029.7651663405088,506.32216242661445,1,7492,0.9193343495934959,0.0,2,0.3372904062271118
TRAIN,6bbyqk3u,77,1,2,2,1080,1920,1,0.2158203125,2.171875,0.8976953029632568,1,263,0.00012683256172839506,122,2.1557377049180326,0.10354223433242507,850.0760456273764,435.6577946768061,847.8689432395016,476.44900784494695,1,853,0.25112107623318386,0.0,1,0.38976743817329407
TRAIN,6bbyqk3u,78,0,1,2,1080,1920,1,0.90625,7.15625,0.999220609664917,1,8212,0.003960262345679012,7192,1.1418242491657398,0.8898042024832856,1018.5181441792499,518.1732830004871,1020.4726270185113,518.1100170670868,1,8293,0.9067698706099815,0.0,2,0.37202203273773193
TRAIN,6bbyqk3u,78,1,2,2,1080,1920,1,2.648448571562767e-09,-0.453125,0.3886180520057678,0,0,0.0,122,0.0,0.0,,,850.0760456273764,435.6577946768061,0,0,,0.0,1,
TRAIN,6bbyqk3u,79,0,1,2,1080,1920,1,0.9140625,7.3125,0.9993333220481873,1,8238,0.003972800925925926,7192,1.1454393770856508,0.9081313072729382,1016.888201019665,517.3650157805292,1018.5181441792499,518.1732830004871,1,8318,0.9111162414867828,0.0,2,0.3209039270877838
TRAIN,6bbyqk3u,79,1,2,2,1080,1920,1,0.21484375,2.03125,0.8840392827987671,1,985,0.0004750192901234568,122,8.073770491803279,0.0,856.2680203045685,463.18477157360405,,,1,674,0.5095541401273885,0.0,1,0.40993207693099976
TRAIN,6bbyqk3u,80,0,1,2,1080,1920,1,0.91015625,7.40625,0.9993928670883179,1,8488,0.0040933641975308644,7192,1.1802002224694104,0.8686180315048598,1014.2274976437324,517.5994344957587,1016.888201019665,517.3650157805292,1,8274,0.9095465937571201,0.0,2,0.33320266008377075
TRAIN,6bbyqk3u,80,1,2,2,1080,1920,1,0.05419921875,0.71875,0.672331690788269,1,483,0.00023292824074074074,122,3.959016393442623,0.13271604938271606,849.8550724637681,471.3064182194617,856.2680203045685,463.18477157360405,0,0,0.0,0.0,1,0.3256711959838867
TRAIN,6bbyqk3u,81,0,1,2,1080,1920,1,0.9140625,7.34375,0.99935382604599,1,8376,0.004039351851851852,7192,1.164627363737486,0.8036363636363636,1009.3658070678129,516.8785816618911,1014.2274976437324,517.5994344957587,1,7957,0.8952193084242284,0.0,2,0.3365122675895691
TRAIN,6bbyqk3u,81,1,2,2,1080,1920,1,2.066371962428093e-09,-0.314453125,0.42202815413475037,0,0,0.0,122,0.0,0.0,,,849.8550724637681,471.3064182194617,0,0,,0.0,1,
TRAIN,6bbyqk3u,82,0,1,2,1080,1920,1,0.91796875,7.5625,0.999480664730072,1,7533,0.0036328125,7192,1.0474137931034482,0.7811240483654277,1004.5481215983008,521.7910527014469,1009.3658070678129,516.8785816618911,1,7674,0.9362108479755539,0.0,2,0.4124928116798401
TRAIN,6bbyqk3u,82,1,2,2,1080,1920,1,4.4517219066619873e-07,-0.0322265625,0.4919440448284149,0,0,0.0,122,0.0,,,,,,0,0,,0.0,1,
TRAIN,6bbyqk3u,83,0,1,2,1080,1920,1,0.91796875,7.09375,0.9991704225540161,1,7230,0.003486689814814815,7192,1.0052836484983314,0.8670798027064627,1002.3196403872753,523.1807745504841,1004.5481215983008,521.7910527014469,1,7401,0.894961792513923,0.0,2,0.31652209162712097
TRAIN,6bbyqk3u,83,1,2,2,1080,1920,1,0.018798828125,0.64453125,0.6557770371437073,1,227,0.00010947145061728395,122,1.860655737704918,0.0,823.1013215859031,441.1806167400881,,,0,0,0.0,0.0,1,0.3130190670490265
TRAIN,6bbyqk3u,84,0,1,2,1080,1920,1,0.91796875,7.28125,0.999312162399292,1,7448,0.003591820987654321,7192,1.03559510567297,0.9074723846653672,1000.6439312567132,523.7250268528464,1002.3196403872753,523.1807745504841,1,7453,0.918254376930999,0.0,2,0.367186576128006
TRAIN,6bbyqk3u,84,1,2,2,1080,1920,1,0.40234375,2.28125,0.907312273979187,1,984,0.00047453703703703704,122,8.065573770491802,0.0,855.4918699186992,466.0162601626016,823.1013215859031,441.1806167400881,1,646,0.49954001839926404,0.0,1,0.39465951919555664
TRAIN,6bbyqk3u,85,0,1,2,1080,1920,1,0.91015625,7.3125,0.9993333220481873,1,7145,0.0034456983024691358,7192,0.9934649610678532,0.9026075619295958,999.2244926522044,523.2487053883835,1000.6439312567132,523.7250268528464,1,7196,0.9157093240716003,0.0,2,0.3309749364852905
TRAIN,6bbyqk3u,85,1,2,2,1080,1920,1,0.140625,1.546875,0.8244618773460388,1,322,0.0001552854938271605,122,2.639344262295082,0.09747899159663866,844.8913043478261,448.6801242236025,855.4918699186992,466.0162601626016,1,236,0.47229551451187335,0.0,1,0.3096683621406555
TRAIN,6bbyqk3u,86,0,1,2,1080,1920,1,0.90625,6.9375,0.9990302324295044,1,6857,0.003306809413580247,7192,0.953420467185762,0.8641991745440021,998.039959165816,524.1920665013854,999.2244926522044,523.2487053883835,1,6835,0.9230337078651686,0.0,2,0.3554908037185669
TRAIN,6bbyqk3u,86,1,2,2,1080,1920,1,3.123283386230469e-05,0.10595703125,0.5264645218849182,1,38,1.8325617283950617e-05,122,0.3114754098360656,0.07462686567164178,845.2894736842105,436.2368421052632,844.8913043478261,448.6801242236025,1,103,0.128,0.0,1,0.34136316180229187
TRAIN,6bbyqk3u,87,0,1,2,1080,1920,1,0.90234375,7.0625,0.9991440773010254,1,6549,0.003158275462962963,7192,0.91059510567297,0.9140491147915477,997.9154069323561,523.9821346770499,998.039959165816,524.1920665013854,1,6721,0.9137582924718777,0.0,2,0.3801681101322174
TRAIN,6bbyqk3u,87,1,2,2,1080,1920,1,0.0028839111328125,0.25390625,0.5631377100944519,1,660,0.00031828703703703706,122,5.409836065573771,0.0,896.7848484848485,487.25,845.2894736842105,436.2368421052632,0,0,0.0,0.0,1,0.35776805877685547
TRAIN,6bbyqk3u,88,0,1,2,1080,1920,1,0.86328125,6.71875,0.998793363571167,1,5060,0.0024402006172839505,7192,0.703559510567297,0.7509803921568627,998.1071146245059,520.1314229249011,997.9154069323561,523.9821346770499,1,4880,0.8551698394923479,0.0,2,0.4554915428161621
TRAIN,6bbyqk3u,88,1,2,2,1080,1920,1,0.006103515625,0.69140625,0.666279673576355,1,133,6.413966049382716e-05,122,1.0901639344262295,0.0,844.5112781954887,452.6616541353383,896.7848484848485,487.25,1,50,0.24489795918367346,0.0,1,0.35271692276000977
TRAIN,6bbyqk3u,89,0,1,2,1080,1920,1,0.57421875,2.203125,0.9005298018455505,1,421,0.00020302854938271606,7192,0.05853726362625139,0.0787246604999016,992.3491686460808,592.4109263657957,998.1071146245059,520.1314229249011,1,509,0.6518650088809946,0.0,2,0.4126416742801666
TRAIN,6bbyqk3u,89,1,2,2,1080,1920,1,0.00124359130859375,1.1015625,0.750552773475647,1,912,0.0004398148148148148,122,7.475409836065574,0.0,901.7225877192982,515.6030701754386,844.5112781954887,452.6616541353383,1,117,0.0,0.0,1,0.4162047803401947
TRAIN,6bbyqk3u,90,0,1,2,1080,1920,1,0.1298828125,0.1669921875,0.5416513085365295,1,145,6.99266975308642e-05,7192,0.020161290322580645,0.01615798922800718,1007.7793103448275,597.7379310344828,992.3491686460808,592.4109263657957,0,0,0.0,0.0,2,0.3729931712150574
TRAIN,6bbyqk3u,90,1,2,2,1080,1920,1,0.00128173828125,1.171875,0.7634837031364441,1,491,0.00023678626543209878,122,4.024590163934426,0.0,806.3075356415478,449.5336048879837,901.7225877192982,515.6030701754386,1,88,0.0,0.0,1,0.29259446263313293
TRAIN,6bbyqk3u,91,0,1,2,1080,1920,1,2.4158453015843406e-12,-1.0078125,0.26740819215774536,0,0,0.0,7192,0.0,0.0,,,1007.7793103448275,597.7379310344828,0,0,,0.0,2,
TRAIN,6bbyqk3u,91,1,2,2,1080,1920,1,0.016357421875,1.15625,0.7606506943702698,1,1092,0.0005266203703703703,122,8.950819672131148,0.08054607508532423,824.8223443223443,447.60164835164835,806.3075356415478,449.5336048879837,1,209,0.0,0.0,1,0.36541086435317993
TRAIN,6bbyqk3u,92,0,1,2,1080,1920,1,6.635317295611287e-17,-1.4765625,0.18594719469547272,0,0,0.0,7192,0.0,,,,,,0,0,,0.0,2,
TRAIN,6bbyqk3u,92,1,2,2,1080,1920,1,0.0634765625,1.5703125,0.8278281688690186,1,2035,0.0009813850308641975,122,16.68032786885246,0.007734450531743474,848.9759213759214,481.2928746928747,824.8223443223443,447.60164835164835,1,1486,0.6225806451612903,0.0,1,0.4083358645439148
TRAIN,6bbyqk3u,93,0,1,2,1080,1920,1,0.69140625,4.09375,0.9835969805717468,1,1522,0.0007339891975308642,7192,0.21162402669632926,0.0,1009.03876478318,551.7457293035479,,,1,1687,0.6314184036603966,0.0,2,0.4315139949321747
TRAIN,6bbyqk3u,93,1,2,2,1080,1920,1,0.337890625,2.421875,0.9184802770614624,1,438,0.00021122685185185185,122,3.5901639344262297,0.21463654223968565,851.189497716895,445.17123287671234,848.9759213759214,481.2928746928747,1,1484,0.26198292843072885,0.0,1,0.4229908287525177
TRAIN,6bbyqk3u,94,0,1,2,1080,1920,1,0.7890625,6.3125,0.9981897473335266,1,3953,0.0019063464506172839,7192,0.5496384872080089,0.26326718966312873,1001.7629648368328,524.3379711611434,1009.03876478318,551.7457293035479,1,4526,0.7876871178578958,0.0,2,0.4121183753013611
TRAIN,6bbyqk3u,94,1,2,2,1080,1920,1,0.03955078125,1.5390625,0.8233283758163452,1,1824,0.0008796296296296296,122,14.950819672131148,0.12313803376365443,848.171052631579,486.4248903508772,851.189497716895,445.17123287671234,1,713,0.34731810939989377,0.0,1,0.3782951831817627
TRAIN,6bbyqk3u,95,0,1,2,1080,1920,1,0.86328125,6.46875,0.9984512329101562,1,6031,0.002908468364197531,7192,0.8385706340378198,0.4682352941176471,992.148399933676,519.7705189852429,1001.7629648368328,524.3379711611434,1,6197,0.7647568191658248,0.0,2,0.3724762797355652
TRAIN,6bbyqk3u,95,1,2,2,1080,1920,1,5.893525667488575e-10,-0.2060546875,0.44866785407066345,0,0,0.0,122,0.0,0.0,,,848.171052631579,486.4248903508772,0,0,,0.0,1,
TRAIN,6bbyqk3u,96,0,1,2,1080,1920,1,0.8359375,7.21875,0.9992678761482239,1,6407,0.003089795524691358,7192,0.8908509454949944,0.6810379781051493,986.5195879506789,520.9238333073201,992.148399933676,519.7705189852429,1,6449,0.8274342572850035,0.0,2,0.368203729391098
TRAIN,6bbyqk3u,96,1,2,2,1080,1920,1,1.2931877790833823e-12,-0.400390625,0.4012185335159302,0,0,0.0,122,0.0,,,,,,0,0,,0.0,1,
TRAIN,6bbyqk3u,97,0,1,2,1080,1920,1,0.875,7.6875,0.9995417594909668,1,6158,0.0029697145061728394,7192,0.8562291434927698,0.8601036269430051,985.1719714192919,528.5250081195193,986.5195879506789,520.9238333073201,1,6376,0.8741028708133971,0.0,2,0.37867313623428345
TRAIN,6bbyqk3u,97,1,2,2,1080,1920,1,4.519051799434237e-12,-0.474609375,0.3835258483886719,0,0,0.0,122,0.0,,,,,,1,325,0.0,0.0,1,
TRAIN,6bbyqk3u,98,0,1,2,1080,1920,1,0.890625,7.21875,0.9992678761482239,1,6703,0.003232542438271605,7192,0.932007786429366,0.8750546726928123,984.2319856780546,531.5411009995524,985.1719714192919,528.5250081195193,1,6727,0.9006510048117747,0.0,2,0.337541788816452
TRAIN,6bbyqk3u,98,1,2,2,1080,1920,1,3.144186300207963e-17,-0.86328125,0.29665425419807434,0,0,0.0,122,0.0,,,,,,0,0,,0.0,1,
TRAIN,6bbyqk3u,99,0,1,2,1080,1920,1,0.890625,7.21875,0.9992678761482239,1,6373,0.0030733989197530864,7192,0.8861234705228032,0.9033478893740903,984.2101051310215,530.2874627334065,984.2319856780546,531.5411009995524,1,6813,0.8632188780556733,0.0,2,0.324593186378479
TRAIN,6bbyqk3u,99,1,2,2,1080,1920,1,0.53515625,0.69921875,0.6680145263671875,1,2154,0.001038773148148148,122,17.65573770491803,0.0,875.1815227483751,476.9633240482823,,,1,111,0.00044169611307420494,0.0,1,0.34257936477661133
TRAIN,6bbyqk3u,100,0,1,2,1080,1920,1,0.890625,7.125,0.9991958737373352,1,6567,0.0031669560185185186,7192,0.9130978865406006,0.8854728252950604,985.4125171311101,526.8480280188822,984.2101051310215,530.2874627334065,1,6628,0.8833856694262061,0.0,2,0.26177293062210083
TRAIN,6bbyqk3u,100,1,2,2,1080,1920,1,0.064453125,2.3125,0.9099069833755493,1,1627,0.0007846257716049383,122,13.336065573770492,0.0029177718832891246,848.1450522433928,478.31714812538416,875.1815227483751,476.9633240482823,1,1700,0.8120915032679739,0.0,1,0.47074660658836365
TRAIN,6bbyqk3u,101,0,1,2,1080,1920,1,0.890625,6.96875,0.9990600943565369,1,6442,0.003106674382716049,7192,0.8957174638487208,0.9255476613380699,985.0847562868674,527.5915864638312,985.4125171311101,526.8480280188822,1,6692,0.865625,0.0,2,0.25258567929267883
TRAIN,6bbyqk3u,101,1,2,2,1080,1920,1,0.166015625,2.578125,0.929440438747406,1,2284,0.001101466049382716,122,18.721311475409838,0.6586089906700594,847.1615586690018,475.4106830122592,848.1450522433928,478.31714812538416,1,1926,0.8091963902019768,0.0,1,0.4247123599052429
TRAIN,6bbyqk3u,102,0,1,2,1080,1920,1,0.890625,6.65625,0.9987157583236694,1,5996,0.0028915895061728397,7192,0.8337041156840934,0.9262815549016571,984.9944963308873,527.3842561707805,985.0847562868674,527.5915864638312,1,6728,0.8297382801265458,0.0,2,0.24341365694999695
TRAIN,6bbyqk3u,102,1,2,2,1080,1920,1,0.31640625,3.09375,0.9566342234611511,1,2485,0.0011983989197530865,122,20.368852459016395,0.8455882352941176,848.0136820925553,477.9963782696177,847.1615586690018,475.4106830122592,1,1852,0.721031746031746,0.0,1,0.3748314082622528
TRAIN,6bbyqk3u,103,0,1,2,1080,1920,1,0.89453125,6.65625,0.9987157583236694,1,6586,0.0031761188271604937,7192,0.9157397107897665,0.8894728938279021,986.6075007591861,524.2131794716064,984.9944963308873,527.3842561707805,1,6752,0.8746310611384399,0.0,2,0.24460506439208984
TRAIN,6bbyqk3u,103,1,2,2,1080,1920,1,0.1298828125,3.375,0.9669140577316284,1,108,5.208333333333334e-05,122,0.8852459016393442,0.041783848935315386,849.0,432.3240740740741,848.0136820925553,477.9963782696177,1,1691,0.06198347107438017,0.0,1,0.27063125371932983
TRAIN,6bbyqk3u,104,0,1,2,1080,1920,1,0.88671875,6.34375,0.998245358467102,1,6162,0.0029716435185185184,7192,0.8567853170189099,0.9103851341225836,985.1225251541707,527.1041869522883,986.6075007591861,524.2131794716064,1,6752,0.8312535450935905,0.0,2,0.22602596879005432
TRAIN,6bbyqk3u,104,1,2,2,1080,1920,1,0.328125,3.265625,0.963230550289154,1,2086,0.0010059799382716049,122,17.098360655737704,0.051269765213224724,850.7257909875359,474.3259827420901,849.0,432.3240740740741,1,1634,0.7294281729428173,0.0,1,0.35871922969818115
TRAIN,6bbyqk3u,105,0,1,2,1080,1920,1,0.89453125,6.34375,0.998245358467102,1,5936,0.0028626543209876545,7192,0.8253615127919911,0.9335144638005434,985.4287398921833,527.0845687331537,985.1225251541707,527.1041869522883,1,6495,0.8515043193327375,0.0,2,0.22859138250350952
TRAIN,6bbyqk3u,105,1,2,2,1080,1920,1,0.27734375,3.578125,0.9728307723999023,1,1934,0.0009326774691358025,122,15.852459016393443,0.8706375058166589,849.741468459152,473.2605997931748,850.7257909875359,474.3259827420901,1,1642,0.7915831663326653,0.0,1,0.3498733639717102
TRAIN,6bbyqk3u,106,0,1,2,1080,1920,1,0.8984375,6.40625,0.9983515739440918,1,5963,0.0028756751543209877,7192,0.8291156840934372,0.9503360104900835,984.8916652691598,528.3649169880932,985.4287398921833,527.0845687331537,1,6731,0.8330685920577617,0.0,2,0.24839504063129425
TRAIN,6bbyqk3u,106,1,2,2,1080,1920,1,0.2392578125,3.5,0.970687747001648,1,2065,0.00099585262345679,122,16.92622950819672,0.8881019830028328,848.5738498789347,474.50169491525423,849.741468459152,473.2605997931748,1,1713,0.7879791765262659,0.0,1,0.32671210169792175
TRAIN,6bbyqk3u,107,0,1,2,1080,1920,1,0.8984375,6.40625,0.9983515739440918,1,6340,0.0030574845679012344,7192,0.8815350389321468,0.9274635751214163,984.810094637224,526.4044164037855,984.8916652691598,528.3649169880932,1,6724,0.8504249291784702,0.0,2,0.3138584494590759
TRAIN,6bbyqk3u,107,1,2,2,1080,1920,1,0.2490234375,3.8125,0.9783847332000732,1,2177,0.0010498649691358024,122,17.84426229508197,0.8443478260869566,847.4281120808452,477.112540192926,848.5738498789347,474.50169491525423,1,1793,0.7794710891976692,0.0,1,0.32769128680229187
TRAIN,6bbyqk3u,108,0,1,2,1080,1920,1,0.90234375,6.8125,0.9989012479782104,1,6027,0.002906539351851852,7192,0.8380144605116796,0.9037869458128078,983.5123610419778,527.4720424755268,984.810094637224,526.4044164037855,1,6878,0.8276448095170655,0.0,2,0.26846790313720703
TRAIN,6bbyqk3u,108,1,2,2,1080,1920,1,0.140625,3.71875,0.9763104915618896,1,2716,0.0013097993827160493,122,22.262295081967213,0.776043557168784,847.5508100147275,481.63917525773195,847.4281120808452,477.112540192926,1,1832,0.6526162790697675,0.0,1,0.33371731638908386
TRAIN,6bbyqk3u,109,0,1,2,1080,1920,1,0.8984375,6.4375,0.9984021782875061,1,6069,0.0029267939814814816,7192,0.8438542825361512,0.9572815533980582,983.040369088812,527.3306969846763,983.5123610419778,527.4720424755268,1,6903,0.8283298097251586,0.0,2,0.2886589765548706
TRAIN,6bbyqk3u,109,1,2,2,1080,1920,1,0.2001953125,3.078125,0.9559813141822815,1,1680,0.0008101851851851852,122,13.770491803278688,0.6032093362509118,850.2815476190476,471.8208333333333,847.5508100147275,481.63917525773195,1,1508,0.6894541600423953,0.0,1,0.33124127984046936
TRAIN,6bbyqk3u,110,0,1,2,1080,1920,1,0.90234375,6.3125,0.9981897473335266,1,6008,0.0028973765432098765,7192,0.8353726362625139,0.9479032258064516,983.2922769640479,527.9031291611185,983.040369088812,527.3306969846763,1,6775,0.8369018537146141,0.0,2,0.2686512768268585
TRAIN,6bbyqk3u,110,1,2,2,1080,1920,1,0.34375,2.0,0.8807970285415649,1,679,0.00032744984567901233,122,5.565573770491803,0.3667439165701043,854.8409425625921,462.0839469808542,850.2815476190476,471.8208333333333,1,216,0.3084795321637427,0.0,1,0.28532078862190247
TRAIN,6bbyqk3u,111,0,1,2,1080,1920,1,0.8984375,6.1875,0.9979493021965027,1,6441,0.0031061921296296298,7192,0.8955784204671857,0.9217351034269836,984.0040366402733,526.1470268591834,983.2922769640479,527.9031291611185,1,6439,0.8685623095894386,0.0,2,0.2580814063549042
TRAIN,6bbyqk3u,111,1,2,2,1080,1920,1,0.296875,3.078125,0.9559813141822815,1,654,0.0003153935185185185,122,5.360655737704918,0.1461736887360275,844.5963302752293,450.3394495412844,854.8409425625921,462.0839469808542,1,450,0.5397489539748954,0.0,1,0.324690043926239
TRAIN,6bbyqk3u,112,0,1,2,1080,1920,1,0.91015625,6.4375,0.9984021782875061,1,5901,0.002845775462962963,7192,0.8204949944382648,0.9152700186219739,984.2333502796137,526.8474834773767,984.0040366402733,526.1470268591834,1,6694,0.8288078989400319,0.0,2,0.2914956212043762
TRAIN,6bbyqk3u,112,1,2,2,1080,1920,1,0.546875,3.265625,0.963230550289154,1,1722,0.0008304398148148148,122,14.114754098360656,0.3076499724821134,850.0760743321719,473.7793263646922,844.5963302752293,450.3394495412844,1,1213,0.6144114411441144,0.0,1,0.32142600417137146
TRAIN,6bbyqk3u,113,0,1,2,1080,1920,1,0.8984375,6.6875,0.9987550973892212,1,5893,0.002841917438271605,7192,0.8193826473859844,0.966322107369123,984.4148990327507,526.7780417444426,984.2333502796137,526.8474834773767,1,6631,0.8334065290587029,0.0,2,0.3036139905452728
TRAIN,6bbyqk3u,113,1,2,2,1080,1920,1,0.68359375,3.078125,0.9559813141822815,1,1769,0.0008531057098765432,122,14.5,0.844162704701532,849.5008479366874,474.344262295082,850.0760743321719,473.7793263646922,1,1529,0.723092998955068,0.0,1,0.31838083267211914
TRAIN,6bbyqk3u,114,0,1,2,1080,1920,1,0.89453125,6.625,0.9986749291419983,1,6175,0.0029779128086419755,7192,0.8585928809788654,0.9373896291539573,984.2476113360324,524.9714979757085,984.4148990327507,526.7780417444426,1,6565,0.8614845119812975,0.0,2,0.3590252995491028
TRAIN,6bbyqk3u,114,1,2,2,1080,1920,1,0.60546875,3.15625,0.9591543078422546,1,1718,0.0008285108024691358,122,14.081967213114755,0.8342977380326144,849.9400465657742,472.99708963911525,849.5008479366874,474.344262295082,1,1543,0.7848932676518884,0.0,1,0.3070947229862213
TRAIN,6bbyqk3u,115,0,1,2,1080,1920,1,0.890625,6.78125,0.9988664388656616,1,6227,0.0030029899691358026,7192,0.8658231368186874,0.9215990083669042,983.6744820941063,525.4368074514213,984.2476113360324,524.9714979757085,1,6655,0.8553939219357627,0.0,2,0.3194581866264343
TRAIN,6bbyqk3u,115,1,2,2,1080,1920,1,0.640625,3.328125,0.9653811454772949,1,1697,0.000818383487654321,122,13.90983606557377,0.8805066079295154,849.2133176193282,472.8243959929287,849.9400465657742,472.99708963911525,1,1551,0.7954671088999448,0.0,1,0.3085198700428009
TRAIN,6bbyqk3u,116,0,1,2,1080,1920,1,0.8828125,7.0,0.9990890026092529,1,6454,0.0031124614197530864,7192,0.8973859844271412,0.9017696460707858,983.32352029749,523.8923148435078,983.6744820941063,525.4368074514213,1,6677,0.8408804149726623,0.0,2,0.3601401746273041
TRAIN,6bbyqk3u,116,1,2,2,1080,1920,1,0.72265625,3.046875,0.954647421836853,1,1516,0.0007310956790123457,122,12.426229508196721,0.7605479452054794,851.4782321899736,475.22295514511876,849.2133176193282,472.8243959929287,1,1357,0.7636586863106201,0.0,1,0.29500994086265564
TRAIN,6bbyqk3u,117,0,1,2,1080,1920,1,0.89453125,7.21875,0.9992678761482239,1,6247,0.0030126350308641975,7192,0.8686040044493882,0.8639565600234811,981.3059068352809,524.5823595325757,983.32352029749,523.8923148435078,1,6947,0.825653798256538,0.0,2,0.3450189530849457
TRAIN,6bbyqk3u,117,1,2,2,1080,1920,1,0.69921875,2.734375,0.939024806022644,1,1254,0.0006047453703703704,122,10.278688524590164,0.7620865139949109,852.5398724082935,468.35326953748006,851.4782321899736,475.22295514511876,1,1239,0.7193103448275862,0.0,1,0.2793440818786621
TRAIN,6bbyqk3u,118,0,1,2,1080,1920,1,0.87109375,7.1875,0.9992445707321167,1,6174,0.0029774305555555556,7192,0.8584538375973304,0.9003977968176254,982.2758341431811,527.4643666990606,981.3059068352809,524.5823595325757,1,6708,0.8259390503189228,0.0,2,0.34844714403152466
TRAIN,6bbyqk3u,118,1,2,2,1080,1920,1,0.6640625,2.9375,0.949669361114502,1,1306,0.0006298225308641975,122,10.704918032786885,0.8823529411764706,852.3660030627872,470.0084226646248,852.5398724082935,468.35326953748006,1,1211,0.7227926078028748,0.0,1,0.2770930528640747
TRAIN,6bbyqk3u,119,0,1,2,1080,1920,1,0.8828125,6.71875,0.998793363571167,1,6502,0.0031356095679012344,7192,0.9040600667408232,0.8936360920227069,982.5184558597355,525.8225161488773,982.2758341431811,527.4643666990606,1,6585,0.8229558434322329,0.0,2,0.3636663258075714
TRAIN,6bbyqk3u,119,1,2,2,1080,1920,1,0.64453125,2.9375,0.949669361114502,1,1355,0.0006534529320987655,122,11.10655737704918,0.8952991452991453,852.0738007380074,470.09741697416973,852.3660030627872,470.0084226646248,1,1241,0.746971736204576,0.0,1,0.27519822120666504
TRAIN,6bbyqk3u,120,0,1,2,1080,1920,1,0.8984375,7.03125,0.9991169571876526,1,6351,0.0030627893518518517,7192,0.8830645161290323,0.9348186060514828,982.2876712328767,527.0278696268305,982.5184558597355,525.8225161488773,1,6525,0.8542626728110599,0.0,2,0.2947169244289398
TRAIN,6bbyqk3u,120,1,2,2,1080,1920,1,0.61328125,3.0,0.9525741338729858,1,1545,0.0007450810185185185,122,12.663934426229508,0.8068535825545171,852.9171521035598,472.6705501618123,852.0738007380074,470.09741697416973,1,1227,0.6810187992722863,0.0,1,0.3233617842197418
TRAIN,6bbyqk3u,121,0,1,2,1080,1920,1,0.8984375,7.1875,0.9992445707321167,1,5869,0.002830343364197531,7192,0.8160456062291435,0.9153605015673981,981.6202078718692,527.743227125575,982.2876712328767,527.0278696268305,1,6448,0.8594504830917874,0.0,2,0.35499048233032227
TRAIN,6bbyqk3u,121,1,2,2,1080,1920,1,0.3828125,2.671875,0.9353464841842651,1,695,0.0003351658950617284,122,5.69672131147541,0.4358974358974359,851.1884892086331,455.40143884892086,852.9171521035598,472.6705501618123,1,656,0.4621212121212121,0.0,1,0.28844717144966125
TRAIN,6bbyqk3u,122,0,1,2,1080,1920,1,0.84765625,6.21875,0.9980121850967407,1,4602,0.002219328703703704,7192,0.6398776418242491,0.6702823416812889,979.6629726205997,522.9858757062146,981.6202078718692,527.743227125575,1,4551,0.8171530673019655,0.0,2,0.38189607858657837
TRAIN,6bbyqk3u,122,1,2,2,1080,1920,1,0.001068115234375,0.015869140625,0.5039672255516052,1,79,3.809799382716049e-05,122,0.6475409836065574,0.0,837.1772151898734,424.60759493670884,851.1884892086331,455.40143884892086,0,0,0.0,0.0,1,0.2894769012928009
TRAIN,6bbyqk3u,123,0,1,2,1080,1920,1,0.66015625,3.8125,0.9783847332000732,1,1738,0.0008381558641975309,7192,0.24165739710789766,0.12272002833362848,988.7721518987341,564.337169159954,979.6629726205997,522.9858757062146,1,2016,0.6153184165232358,0.0,2,0.4238104224205017
TRAIN,6bbyqk3u,123,1,2,2,1080,1920,1,0.42578125,1.25,0.7772998809814453,1,376,0.00018132716049382717,122,3.081967213114754,0.0,852.9627659574468,443.5585106382979,837.1772151898734,424.60759493670884,1,302,0.6104513064133017,0.0,1,0.24450278282165527
TRAIN,6bbyqk3u,124,0,1,2,1080,1920,1,0.77734375,5.8125,0.9970190525054932,1,4102,0.001978202160493827,7192,0.5703559510567296,0.32727272727272727,990.1782057532911,538.1036079960994,988.7721518987341,564.337169159954,1,4347,0.7675732217573221,0.0,2,0.44112876057624817
TRAIN,6bbyqk3u,124,1,2,2,1080,1920,1,0.203125,0.83203125,0.696784257888794,1,171,8.246527777777778e-05,122,1.401639344262295,0.3675,854.5964912280701,437.77777777777777,852.9627659574468,443.5585106382979,1,180,0.36046511627906974,0.0,1,0.2884511947631836
TRAIN,6bbyqk3u,125,0,1,2,1080,1920,1,0.83984375,6.03125,0.9976032376289368,1,4904,0.0023649691358024693,7192,0.681868743047831,0.6353731614309062,985.3372756933115,535.9912316476345,990.1782057532911,538.1036079960994,1,5479,0.790789927561228,0.0,2,0.34659653902053833
TRAIN,6bbyqk3u,125,1,2,2,1080,1920,1,0.07373046875,0.357421875,0.5884161591529846,1,137,6.606867283950618e-05,122,1.1229508196721312,0.04054054054054054,840.985401459854,430.7299270072993,854.5964912280701,437.77777777777777,1,126,0.039525691699604744,0.0,1,0.25682124495506287
TRAIN,6bbyqk3u,126,0,1,2,1080,1920,1,0.72265625,4.09375,0.9835969805717468,1,2689,0.0012967785493827161,7192,0.3738876529477197,0.31526069634505455,971.9152101152845,514.4068426924507,985.3372756933115,535.9912316476345,1,2634,0.7625827814569537,0.0,2,0.43271955847740173
TRAIN,6bbyqk3u,126,1,2,2,1080,1920,1,0.1298828125,0.7734375,0.6842640042304993,1,160,7.716049382716049e-05,122,1.3114754098360655,0.125,848.4625,432.21875,840.985401459854,430.7299270072993,1,167,0.10472972972972973,0.0,1,0.2628622353076935
TRAIN,6bbyqk3u,127,0,1,2,1080,1920,1,3.4897757426877174e-19,-1.640625,0.16238002479076385,0,0,0.0,7192,0.0,0.0,,,971.9152101152845,514.4068426924507,0,0,,0.0,2,
TRAIN,6bbyqk3u,127,1,2,2,1080,1920,1,0.41796875,2.015625,0.8824278712272644,1,1268,0.0006114969135802469,122,10.39344262295082,0.10440835266821345,842.5433753943217,468.16640378548897,848.4625,432.21875,1,929,0.6166298749080206,0.0,1,0.46366211771965027
TRAIN,6bbyqk3u,128,0,1,2,1080,1920,1,2.1693674893577825e-29,-3.625,0.02595735713839531,0,0,0.0,7192,0.0,,,,,,0,0,,0.0,2,
TRAIN,6bbyqk3u,128,1,2,2,1080,1920,1,0.26171875,1.7109375,0.8469578623771667,1,1506,0.0007262731481481482,122,12.344262295081966,0.492200107584723,841.2596281540505,478.3413014608234,842.5433753943217,468.16640378548897,1,941,0.5879299156391953,0.0,1,0.4077437222003937
TRAIN,6bbyqk3u,129,0,1,2,1080,1920,1,4.472333961502706e-19,-1.7265625,0.15102779865264893,0,0,0.0,7192,0.0,,,,,,0,0,,0.0,2,
TRAIN,6bbyqk3u,129,1,2,2,1080,1920,1,0.051025390625,0.00830078125,0.5020751953125,1,1751,0.0008444251543209876,122,14.352459016393443,0.4638202247191011,836.9040548258138,482.3860651056539,841.2596281540505,478.3413014608234,1,107,0.061107938320959454,0.0,1,0.36466237902641296
TRAIN,6bbyqk3u,130,0,1,2,1080,1920,1,0.291015625,1.1015625,0.750552773475647,1,2530,0.0012201003086419753,7192,0.3517797552836485,0.0,949.0569169960474,562.2557312252965,,,0,0,0.0,0.0,2,0.3578406870365143
TRAIN,6bbyqk3u,130,1,2,2,1080,1920,1,1.4637067577342992e-31,-3.421875,0.031618766486644745,0,0,0.0,122,0.0,0.0,,,836.9040548258138,482.3860651056539,0,0,,0.0,,
TRAIN,6bbyqk3u,131,0,1,2,1080,1920,1,0.5703125,4.3125,0.9867772459983826,1,1672,0.0008063271604938271,7192,0.2324805339265851,0.013506994693680656,996.116028708134,561.7404306220096,949.0569169960474,562.2557312252965,1,2226,0.5449861276258422,0.0,2,0.40160852670669556
TRAIN,6bbyqk3u,131,1,2,2,1080,1920,1,3.975119405215255e-31,-3.34375,0.034100424498319626,0,0,0.0,122,0.0,,,,,,0,0,,0.0,1,
TRAIN,6bbyqk3u,132,0,1,2,1080,1920,1,0.8203125,6.03125,0.9976032376289368,1,6192,0.0029861111111111113,7192,0.8609566184649611,0.24765984451848327,985.6033591731266,527.8218669250646,996.116028708134,561.7404306220096,1,6485,0.7895256916996047,0.0,2,0.43783965706825256
TRAIN,6bbyqk3u,132,1,2,2,1080,1920,1,9.615974620928947e-24,-1.890625,0.13117322325706482,0,0,0.0,122,0.0,,,,,,0,0,,0.0,1,
TRAIN,6bbyqk3u,133,0,1,2,1080,1920,1,0.87890625,7.03125,0.9991169571876526,1,7146,0.0034461805555555556,7192,0.9936040044493882,0.7750865051903114,985.7096277637839,524.2125664707529,985.6033591731266,527.8218669250646,1,7102,0.8525549343388376,0.0,2,0.43892133235931396
TRAIN,6bbyqk3u,133,1,2,2,1080,1920,1,3.259629011154175e-07,-0.384765625,0.40497803688049316,0,0,0.0,122,0.0,,,,,,1,394,0.0,0.0,1,
TRAIN,6bbyqk3u,134,0,1,2,1080,1920,1,0.90234375,6.5,0.998498797416687,1,6808,0.003283179012345679,7192,0.946607341490545,0.9122927230368645,987.2517626321974,525.3335781433608,985.7096277637839,524.2125664707529,1,6821,0.8537812840043526,0.0,2,0.3321710228919983
TRAIN,6bbyqk3u,134,1,2,2,1080,1920,1,2.831068712794149e-15,-0.88671875,0.29178744554519653,0,0,0.0,122,0.0,,,,,,1,9,0.0,0.0,1,
TRAIN,6bbyqk3u,135,0,1,2,1080,1920,1,0.89453125,6.4375,0.9984021782875061,1,6153,0.002967303240740741,7192,0.8555339265850945,0.8571428571428571,987.0260035754916,527.790183650252,987.2517626321974,525.3335781433608,1,6626,0.8315895083846926,0.0,2,0.3303271234035492
TRAIN,6bbyqk3u,135,1,2,2,1080,1920,1,7.66053886991358e-15,-0.9921875,0.270480215549469,0,0,0.0,122,0.0,,,,,,0,0,,0.0,1,
TRAIN,6bbyqk3u,136,0,1,2,1080,1920,1,0.875,6.71875,0.998793363571167,1,5855,0.0028235918209876545,7192,0.8140989988876529,0.813349441256418,985.5356105892399,525.3836037574722,987.0260035754916,527.790183650252,1,6308,0.884275755228505,0.0,2,0.38259434700012207
TRAIN,6bbyqk3u,136,1,2,2,1080,1920,1,2.3245294578089215e-16,-0.83984375,0.3015677034854889,0,0,0.0,122,0.0,,,,,,0,0,,0.0,1,
TRAIN,6bbyqk3u,137,0,1,2,1080,1920,1,0.875,6.34375,0.998245358467102,1,5190,0.0025028935185185184,7192,0.7216351501668521,0.7968114527411746,983.5327552986513,526.9034682080925,985.5356105892399,525.3836037574722,1,5614,0.8776503302050748,0.0,2,0.38626953959465027
TRAIN,6bbyqk3u,137,1,2,2,1080,1920,1,0.26953125,1.234375,0.7745833992958069,1,162,7.8125e-05,122,1.3278688524590163,0.0,852.8703703703703,434.58024691358025,,,1,492,0.2625482625482625,0.0,1,0.46757858991622925
TRAIN,6bbyqk3u,138,0,1,2,1080,1920,1,0.72265625,5.59375,0.996292769908905,1,2992,0.0014429012345679012,7192,0.41601779755283647,0.4339291973361374,980.3633021390374,517.4351604278074,983.5327552986513,526.9034682080925,1,3072,0.776215582893966,0.0,2,0.39536339044570923
TRAIN,6bbyqk3u,138,1,2,2,1080,1920,1,0.54296875,2.6875,0.9362850189208984,1,1482,0.0007146990740740741,122,12.147540983606557,0.09819639278557114,852.5101214574898,477.0600539811066,852.8703703703703,434.58024691358025,1,1421,0.6887725421756835,0.0,1,0.4630314111709595
TRAIN,6bbyqk3u,139,0,1,2,1080,1920,1,0.62109375,5.0625,0.9937100410461426,1,1917,0.0009244791666666667,7192,0.26654616240266965,0.22023365647526721,981.302034428795,539.736567553469,980.3633021390374,517.4351604278074,1,1739,0.6686444545869465,0.0,2,0.4236088991165161
TRAIN,6bbyqk3u,139,1,2,2,1080,1920,1,0.58203125,3.46875,0.9697853922843933,1,1415,0.0006823881172839506,122,11.598360655737705,0.7493961352657005,850.8473498233216,480.80848056537104,852.5101214574898,477.0600539811066,1,1184,0.6585832801531589,0.0,1,0.47853848338127136
TRAIN,6bbyqk3u,140,0,1,2,1080,1920,1,3.688037395477295e-07,-0.6015625,0.35398629307746887,0,0,0.0,7192,0.0,0.0,,,981.302034428795,539.736567553469,0,0,,0.0,2,
TRAIN,6bbyqk3u,140,1,2,2,1080,1920,1,0.353515625,3.5625,0.9724147915840149,1,1163,0.0005608603395061728,122,9.532786885245901,0.7005277044854882,853.2674118658641,478.33619948409284,850.8473498233216,480.80848056537104,1,660,0.4572342126298961,0.0,1,0.42349058389663696
TRAIN,6bbyqk3u,141,0,1,2,1080,1920,1,0.53125,0.66015625,0.6592954993247986,1,427,0.00020592206790123456,7192,0.059371523915461626,0.0,1009.7775175644028,592.4332552693209,,,1,728,0.42066420664206644,0.0,2,0.40930572152137756
TRAIN,6bbyqk3u,141,1,2,2,1080,1920,1,0.462890625,3.4375,0.9688562154769897,1,1234,0.0005951003086419754,122,10.114754098360656,0.5267515923566879,849.1474878444084,480.0858995137763,853.2674118658641,478.33619948409284,1,320,0.11397849462365592,0.0,1,0.38694465160369873
TRAIN,6bbyqk3u,142,0,1,2,1080,1920,1,0.59765625,3.921875,0.9805806875228882,1,2363,0.0011395640432098765,7192,0.328559510567297,0.022352510076951264,1005.1591197630131,498.69868810833685,1009.7775175644028,592.4332552693209,1,2287,0.6084399861639571,0.0,2,0.43879854679107666
TRAIN,6bbyqk3u,142,1,2,2,1080,1920,1,0.5859375,3.4375,0.9688562154769897,1,1334,0.0006433256172839507,122,10.934426229508198,0.6232616940581542,852.1821589205397,473.1911544227886,849.1474878444084,480.0858995137763,1,141,0.0619150467962563,0.0,1,0.38630062341690063
TRAIN,6bbyqk3u,143,0,1,2,1080,1920,1,0.796875,6.34375,0.998245358467102,1,5683,0.002740644290123457,7192,0.7901835372636262,0.23121652639632748,989.6793946859053,520.6137603378497,1005.1591197630131,498.69868810833685,1,6359,0.79865571321882,0.0,2,0.41783207654953003
TRAIN,6bbyqk3u,143,1,2,2,1080,1920,1,0.546875,3.109375,0.957277774810791,1,1243,0.0005994405864197531,122,10.188524590163935,0.5694275274056029,855.385358004827,472.8037007240547,852.1821589205397,473.1911544227886,1,88,0.0656525220176141,0.0,1,0.3633424937725067
TRAIN,6bbyqk3u,144,0,1,2,1080,1920,1,0.859375,6.65625,0.9987157583236694,1,6660,0.0032118055555555554,7192,0.9260289210233593,0.8050599590523545,986.2303303303303,521.2340840840841,989.6793946859053,520.6137603378497,1,7196,0.7927286841764782,0.0,2,0.451872318983078
TRAIN,6bbyqk3u,144,1,2,2,1080,1920,1,9.918585419654846e-08,-0.546875,0.3665897250175476,0,0,0.0,122,0.0,0.0,,,855.385358004827,472.8037007240547,0,0,,0.0,1,
TRAIN,6bbyqk3u,145,0,1,2,1080,1920,1,0.8828125,6.65625,0.9987157583236694,1,6581,0.003173707561728395,7192,0.9150444938820912,0.8436368699526594,988.2783771463304,521.3672694119434,986.2303303303303,521.2340840840841,1,7405,0.85,0.0,2,0.496406614780426
TRAIN,6bbyqk3u,145,1,2,2,1080,1920,1,0.349609375,0.427734375,0.6053325533866882,1,114,5.497685185185185e-05,122,0.9344262295081968,0.0,865.9736842105264,425.0263157894737,,,0,0,0.0,0.0,1,0.28668835759162903
TRAIN,6bbyqk3u,146,0,1,2,1080,1920,1,0.875,6.75,0.9988304972648621,1,7028,0.0033892746913580245,7192,0.9771968854282537,0.9194640338504937,989.2707740466705,520.9574558907228,988.2783771463304,521.3672694119434,1,7556,0.8818064516129033,0.0,2,0.32866162061691284
TRAIN,6bbyqk3u,146,1,2,2,1080,1920,1,0.203125,1.265625,0.7799928784370422,1,207,9.98263888888889e-05,122,1.6967213114754098,0.2788844621513944,860.5314009661836,428.6376811594203,865.9736842105264,425.0263157894737,0,0,0.0,0.0,1,0.3002789318561554
TRAIN,6bbyqk3u,147,0,1,2,1080,1920,1,0.890625,7.09375,0.9991704225540161,1,6390,0.003081597222222222,7192,0.8884872080088988,0.8914575697772765,987.453834115806,524.2092331768388,989.2707740466705,520.9574558907228,1,7512,0.8268068331143232,0.0,2,0.31309470534324646
TRAIN,6bbyqk3u,147,1,2,2,1080,1920,1,0.66796875,2.453125,0.9207897186279297,1,1821,0.0008781828703703704,122,14.926229508196721,0.0009871668311944718,878.447556287754,471.3953871499176,860.5314009661836,428.6376811594203,1,39,0.0,0.0,1,0.4386889636516571
TRAIN,6bbyqk3u,148,0,1,2,1080,1920,1,0.88671875,7.09375,0.9991704225540161,1,6134,0.0029581404320987654,7192,0.8528921023359288,0.8972882896530828,986.0264101728073,527.1256928594718,987.453834115806,524.2092331768388,1,7203,0.8254859019983575,0.0,2,0.2975655198097229
TRAIN,6bbyqk3u,148,1,2,2,1080,1920,1,0.34375,1.21875,0.7718434929847717,1,194,9.35570987654321e-05,122,1.5901639344262295,0.05663345568956476,883.5824742268042,431.2216494845361,878.447556287754,471.3953871499176,1,261,0.0,0.0,1,0.27458950877189636
TRAIN,6bbyqk3u,149,0,1,2,1080,1920,1,0.88671875,7.125,0.9991958737373352,1,5519,0.002661554783950617,7192,0.7673804226918799,0.7788123950541902,981.6919731835477,520.6019206377968,986.0264101728073,527.1256928594718,1,6111,0.8622898318654924,0.0,2,0.3121364712715149
TRAIN,6bbyqk3u,149,1,2,2,1080,1920,1,0.333984375,1.8828125,0.8679338097572327,1,1221,0.0005888310185185185,122,10.008196721311476,0.0,846.8468468468468,465.042588042588,883.5824742268042,431.2216494845361,1,1419,0.6127061698228466,0.0,1,0.41451016068458557
TRAIN,6bbyqk3u,150,0,1,2,1080,1920,1,0.85546875,6.625,0.9986749291419983,1,4200,0.002025462962962963,7192,0.5839822024471635,0.659381936144784,977.3447619047619,505.2492857142857,981.6919731835477,520.6019206377968,1,4735,0.8098035244075349,0.0,2,0.3372308313846588
TRAIN,6bbyqk3u,150,1,2,2,1080,1920,1,0.07177734375,1.125,0.7549149990081787,1,125,6.028163580246913e-05,122,1.0245901639344261,0.08286403861625101,849.304,432.544,846.8468468468468,465.042588042588,1,204,0.1384083044982699,0.0,1,0.31294411420822144
TRAIN,6bbyqk3u,151,0,1,2,1080,1920,1,0.7421875,4.46875,0.9886682629585266,1,1569,0.0007566550925925926,7192,0.2181590656284761,0.2721058434399118,966.836201402167,498.8565965583174,977.3447619047619,505.2492857142857,1,1515,0.7622857142857142,0.0,2,0.43319204449653625
TRAIN,6bbyqk3u,151,1,2,2,1080,1920,1,0.06103515625,1.203125,0.7690802216529846,1,3848,0.0018557098765432099,122,31.540983606557376,0.0,893.2551975051975,480.1637214137214,849.304,432.544,0,0,0.0,0.0,1,0.38011592626571655
TRAIN,6bbyqk3u,152,0,1,2,1080,1920,1,0.484375,0.078125,0.5195213556289673,1,763,0.0003679591049382716,7192,0.10609010011123471,0.0,1017.0799475753604,559.5832241153342,966.836201402167,498.8565965583174,0,0,0.0,0.0,2,0.40408384799957275
TRAIN,6bbyqk3u,152,1,2,2,1080,1920,1,0.35546875,2.375,0.9149009585380554,1,1115,0.0005377121913580247,122,9.139344262295081,0.00040314452731304173,850.4403587443946,470.0726457399103,893.2551975051975,480.1637214137214,1,1147,0.7201520912547529,0.0,1,0.4556742310523987
TRAIN,6bbyqk3u,153,0,1,2,1080,1920,1,0.333984375,2.0625,0.8872045874595642,1,1273,0.0006139081790123457,7192,0.17700222469410457,0.0,992.2702278083268,505.27101335428125,1017.0799475753604,559.5832241153342,1,906,0.5553176302640971,0.0,2,0.3711015582084656
TRAIN,6bbyqk3u,153,1,2,2,1080,1920,1,2.6056189295420372e-23,-1.3359375,0.20817892253398895,0,0,0.0,122,0.0,0.0,,,850.4403587443946,470.0726457399103,0,0,,0.0,1,
TRAIN,6bbyqk3u,154,0,1,2,1080,1920,1,0.7734375,5.0,0.9933071732521057,1,3276,0.001579861111111111,7192,0.45550611790878753,0.220225321888412,981.8192918192918,524.8522588522588,992.2702278083268,505.27101335428125,1,4257,0.7269601100412655,0.0,2,0.4353239834308624
TRAIN,6bbyqk3u,154,1,2,2,1080,1920,1,1.1546753136970622e-17,-0.7734375,0.31573596596717834,0,0,0.0,122,0.0,,,,,,0,0,,0.0,1,
TRAIN,6bbyqk3u,155,0,1,2,1080,1920,1,0.74609375,5.21875,0.9946150183677673,1,2758,0.001330054012345679,7192,0.3834816462736374,0.2623430962343096,968.899564902103,520.4517766497462,981.8192918192918,524.8522588522588,0,0,0.0,0.0,2,0.43178093433380127
TRAIN,6bbyqk3u,155,1,2,2,1080,1920,1,1.1399388313293457e-06,-0.203125,0.4493926167488098,0,0,0.0,122,0.0,,,,,,0,0,,0.0,,
TRAIN,6bbyqk3u,156,0,1,2,1080,1920,1,6.056285572868247e-20,-2.484375,0.07696083933115005,0,0,0.0,7192,0.0,0.0,,,968.899564902103,520.4517766497462,0,0,,0.0,2,
TRAIN,6bbyqk3u,156,1,2,2,1080,1920,1,0.2021484375,2.109375,0.8918110132217407,1,1489,0.0007180748456790124,122,12.204918032786885,0.0,840.9583613163197,470.5466756212223,,,1,1508,0.7505841121495327,0.0,1,0.37920698523521423
TRAIN,6bbyqk3u,157,0,1,2,1080,1920,1,0.03515625,-0.1328125,0.4668455719947815,0,0,0.0,7192,0.0,,,,,,0,0,,0.0,,
TRAIN,6bbyqk3u,157,1,2,2,1080,1920,1,2.6056189295420372e-23,-1.640625,0.16238002479076385,0,0,0.0,122,0.0,0.0,,,840.9583613163197,470.5466756212223,0,0,,0.0,,
TRAIN,6bbyqk3u,158,0,1,2,1080,1920,1,0.3515625,0.68359375,0.6645402908325195,1,2875,0.0013864776234567902,7192,0.39974972191323693,0.0,949.1269565217391,530.7860869565218,,,0,0,0.0,0.0,2,0.45201241970062256
TRAIN,6bbyqk3u,158,1,2,2,1080,1920,1,5.759824041329242e-19,-1.2109375,0.22953522205352783,0,0,0.0,122,0.0,,,,,,0,0,,0.0,,
TRAIN,6bbyqk3u,159,0,1,2,1080,1920,1,0.40625,2.28125,0.907312273979187,1,2374,0.0011448688271604938,7192,0.33008898776418244,0.003249235474006116,990.8955349620893,505.4608256107835,949.1269565217391,530.7860869565218,1,1966,0.523876404494382,0.0,2,0.3758643865585327
TRAIN,6bbyqk3u,159,1,2,2,1080,1920,1,0.35546875,2.234375,0.9032942056655884,1,644,0.000310570987654321,122,5.278688524590164,0.0,851.77950310559,468.9503105590062,,,1,594,0.447953216374269,0.0,1,0.4162975251674652
TRAIN,6bbyqk3u,160,0,1,2,1080,1920,1,0.7109375,5.09375,0.9939024448394775,1,3460,0.0016685956790123456,7192,0.4810901001112347,0.2538147431764453,985.0566473988439,501.08670520231215,990.8955349620893,505.4608256107835,1,3325,0.7103604739097554,0.0,2,0.45427313446998596
TRAIN,6bbyqk3u,160,1,2,2,1080,1920,1,7.729977369308472e-08,-0.365234375,0.40969306230545044,0,0,0.0,122,0.0,0.0,,,851.77950310559,468.9503105590062,0,0,,0.0,1,
TRAIN,6bbyqk3u,161,0,1,2,1080,1920,1,1.6916601452976465e-10,-1.0390625,0.2613309323787689,0,0,0.0,7192,0.0,0.0,,,985.0566473988439,501.08670520231215,1,208,0.0,0.0,2,
TRAIN,6bbyqk3u,161,1,2,2,1080,1920,1,0.322265625,1.09375,0.7490872144699097,1,284,0.00013695987654320987,122,2.3278688524590163,0.0,844.2112676056338,440.57394366197184,,,1,76,0.23711340206185566,0.0,1,0.3297613859176636
TRAIN,6bbyqk3u,162,0,1,2,1080,1920,1,0.7109375,3.5,0.970687747001648,1,1629,0.0007855902777777777,7192,0.22650166852057843,0.0,972.7458563535912,464.9349294045427,,,1,1617,0.6535914416709119,0.0,2,0.4281284511089325
TRAIN,6bbyqk3u,162,1,2,2,1080,1920,1,7.486343383789062e-05,-0.15625,0.46101677417755127,0,0,0.0,122,0.0,0.0,,,844.2112676056338,440.57394366197184,1,77,0.0,0.0,1,
TRAIN,6bbyqk3u,163,0,1,2,1080,1920,1,0.412109375,2.0625,0.8872045874595642,1,808,0.0003896604938271605,7192,0.11234705228031146,0.0,998.2636138613861,443.04455445544556,972.7458563535912,464.9349294045427,0,0,0.0,0.0,2,0.3919065594673157
TRAIN,6bbyqk3u,163,1,2,2,1080,1920,1,0.2734375,1.921875,0.8723474144935608,1,699,0.00033709490740740743,122,5.729508196721311,0.0,841.4678111587983,455.79828326180257,,,1,585,0.2358036573628489,0.0,1,0.41998863220214844
TRAIN,6bbyqk3u,164,0,1,2,1080,1920,1,9.424984455108643e-07,-0.44140625,0.39140594005584717,0,0,0.0,7192,0.0,0.0,,,998.2636138613861,443.04455445544556,1,247,0.0,0.0,2,
TRAIN,6bbyqk3u,164,1,2,2,1080,1920,1,0.1845703125,0.8359375,0.6976089477539062,1,185,8.921682098765432e-05,122,1.5163934426229508,0.2260748959778086,839.5405405405405,444.4108108108108,841.4678111587983,455.79828326180257,1,238,0.07088607594936709,0.0,1,0.29939162731170654
TRAIN,6bbyqk3u,165,0,1,2,1080,1920,1,0.72265625,4.84375,0.9921841025352478,1,2025,0.0009765625,7192,0.28156284760845385,0.0,970.2681481481482,462.4459259259259,,,1,3079,0.5875583203732504,0.0,2,0.4541402757167816
TRAIN,6bbyqk3u,165,1,2,2,1080,1920,1,8.404254913330078e-06,-0.1572265625,0.46077415347099304,0,0,0.0,122,0.0,0.0,,,839.5405405405405,444.4108108108108,1,49,0.0,0.0,1,
TRAIN,6bbyqk3u,166,0,1,2,1080,1920,1,0.76953125,4.71875,0.9911527037620544,1,1395,0.0006727430555555556,7192,0.1939655172413793,0.5545454545454546,968.4523297491039,452.45017921146956,970.2681481481482,462.4459259259259,1,1338,0.8900414937759336,0.0,2,0.5076335668563843
TRAIN,6bbyqk3u,166,1,2,2,1080,1920,1,0.5859375,2.34375,0.9124361872673035,1,761,0.0003669945987654321,122,6.237704918032787,0.0,848.6070959264126,458.1957950065703,,,1,1130,0.5152243589743589,0.0,1,0.4500836133956909
TRAIN,6bbyqk3u,167,0,1,2,1080,1920,1,2.6056189295420372e-23,-3.53125,0.02843603305518627,0,0,0.0,7192,0.0,0.0,,,968.4523297491039,452.45017921146956,0,0,,0.0,2,
TRAIN,6bbyqk3u,167,1,2,2,1080,1920,1,0.470703125,2.890625,0.9473810195922852,1,594,0.00028645833333333333,122,4.868852459016393,0.5521191294387171,850.9612794612794,453.2946127946128,848.6070959264126,458.1957950065703,1,781,0.5093304061470911,0.0,1,0.4099735617637634
TRAIN,6bbyqk3u,168,0,1,2,1080,1920,1,3.350081480839762e-23,-2.734375,0.06097517907619476,0,0,0.0,7192,0.0,,,,,,0,0,,0.0,2,
TRAIN,6bbyqk3u,168,1,2,2,1080,1920,1,0.53125,2.28125,0.907312273979187,1,340,0.00016396604938271605,122,2.7868852459016393,0.459375,848.2764705882353,442.85,850.9612794612794,453.2946127946128,1,367,0.6518691588785047,0.0,1,0.3509325385093689
TRAIN,6bbyqk3u,169,0,1,2,1080,1920,1,0.5859375,2.078125,0.8887587189674377,1,3221,0.0015533371913580246,7192,0.4478587319243604,0.0,974.5904998447687,496.64638311083513,,,1,1173,0.14367516918271733,0.0,2,0.3813667297363281
TRAIN,6bbyqk3u,169,1,2,2,1080,1920,1,2.066815571679051e-28,-3.203125,0.039048291742801666,0,0,0.0,122,0.0,0.0,,,848.2764705882353,442.85,0,0,,0.0,1,
TRAIN,6bbyqk3u,170,0,1,2,1080,1920,1,0.7265625,4.125,0.9840936064720154,1,4244,0.0020466820987654322,7192,0.5901001112347052,0.28706896551724137,970.540999057493,535.305136663525,974.5904998447687,496.64638311083513,1,5048,0.7277798438081071,0.0,2,0.4697541296482086
TRAIN,6bbyqk3u,170,1,2,2,1080,1920,1,1.601387637598654e-28,-3.859375,0.020645929500460625,0,0,0.0,122,0.0,,,,,,0,0,,0.0,1,
TRAIN,6bbyqk3u,171,0,1,2,1080,1920,1,0.4765625,3.734375,0.976669192314148,1,2226,0.0010734953703703703,7192,0.30951056729699666,0.23709369024856597,964.3620844564241,497.8409703504043,970.540999057493,535.305136663525,1,2005,0.5728624535315985,0.0,2,0.44733327627182007
TRAIN,6bbyqk3u,171,1,2,2,1080,1920,1,0.365234375,2.28125,0.907312273979187,1,523,0.0002522183641975309,122,4.286885245901639,0.0,845.0038240917783,452.0286806883365,,,1,780,0.4178454842219804,0.0,1,0.4127434492111206
TRAIN,6bbyqk3u,172,0,1,2,1080,1920,1,0.453125,2.953125,0.9504110217094421,1,1914,0.0009230324074074075,7192,0.2661290322580645,0.04969574036511156,979.8505747126437,566.201671891327,964.3620844564241,497.8409703504043,1,1403,0.33857949959644873,0.0,2,0.38486191630363464
TRAIN,6bbyqk3u,172,1,2,2,1080,1920,1,1.545430450278218e-13,-1.125,0.24508501589298248,0,0,0.0,122,0.0,0.0,,,845.0038240917783,452.0286806883365,0,0,,0.0,1,
TRAIN,6bbyqk3u,173,0,1,2,1080,1920,1,0.75,6.0625,0.9976769089698792,1,3400,0.0016396604938271604,7192,0.4727474972191324,0.1827286890718896,974.0820588235295,529.4317647058823,979.8505747126437,566.201671891327,1,4100,0.7482517482517482,0.0,2,0.41057902574539185
TRAIN,6bbyqk3u,173,1,2,2,1080,1920,1,0.01165771484375,0.031494140625,0.5078728795051575,1,51,2.4594907407407408e-05,122,0.4180327868852459,0.0,849.2156862745098,426.2549019607843,,,0,0,0.0,0.0,1,0.4256473183631897
TRAIN,6bbyqk3u,174,0,1,2,1080,1920,1,0.87890625,6.0625,0.9976769089698792,1,5670,0.002734375,7192,0.7883759733036707,0.5689327106037018,969.45291005291,523.4541446208112,974.0820588235295,529.4317647058823,1,6216,0.8735813366960908,0.0,2,0.5054106116294861
TRAIN,6bbyqk3u,174,1,2,2,1080,1920,1,8.543513119185775e-17,-1.421875,0.19436779618263245,0,0,0.0,122,0.0,0.0,,,849.2156862745098,426.2549019607843,0,0,,0.0,1,
TRAIN,6bbyqk3u,175,0,1,2,1080,1920,1,0.8828125,6.8125,0.9989012479782104,1,5422,0.002614776234567901,7192,0.7538932146829811,0.84375,966.5372556252305,521.840833640723,969.45291005291,523.4541446208112,1,6234,0.8481052798477882,0.0,2,0.4856221079826355
TRAIN,6bbyqk3u,175,1,2,2,1080,1920,1,0.39453125,0.83984375,0.6984323263168335,1,62,2.9899691358024692e-05,122,0.5081967213114754,0.0,849.2741935483871,431.03225806451616,,,1,227,0.27312775330396477,0.0,1,0.33783167600631714
TRAIN,6bbyqk3u,176,0,1,2,1080,1920,1,0.7734375,7.0,0.9990890026092529,1,3481,0.0016787229938271604,7192,0.48401001112347053,0.5726903373962198,960.8621085894857,502.33869577707554,966.5372556252305,521.840833640723,1,3473,0.8391959798994975,0.0,2,0.44009241461753845
TRAIN,6bbyqk3u,176,1,2,2,1080,1920,1,1.485356976305141e-17,-1.421875,0.19436779618263245,0,0,0.0,122,0.0,0.0,,,849.2741935483871,431.03225806451616,0,0,,0.0,1,
TRAIN,6bbyqk3u,177,0,1,2,1080,1920,1,0.1552734375,0.17578125,0.543832540512085,1,1062,0.0005121527777777778,7192,0.14766407119021135,0.15715741212429954,949.1045197740114,486.4482109227872,960.8621085894857,502.33869577707554,1,528,0.3754325259515571,0.0,2,0.39491525292396545
TRAIN,6bbyqk3u,177,1,2,2,1080,1920,1,1.1368683772161603e-12,-0.98828125,0.27125170826911926,0,0,0.0,122,0.0,,,,,,0,0,,0.0,1,
TRAIN,6bbyqk3u,178,0,1,2,1080,1920,1,0.0216064453125,-0.11181640625,0.4720749855041504,0,0,0.0,7192,0.0,0.0,,,949.1045197740114,486.4482109227872,0,0,,0.0,2,
TRAIN,6bbyqk3u,178,1,2,2,1080,1920,1,0.61328125,1.9375,0.8740772008895874,1,1135,0.0005473572530864197,122,9.30327868852459,0.0,847.4775330396476,472.79118942731276,,,1,1404,0.6949265687583445,0.0,1,0.45626962184906006
TRAIN,6bbyqk3u,179,0,1,2,1080,1920,1,0.0057373046875,0.158203125,0.53946852684021,1,705,0.00033998842592592593,7192,0.09802558398220244,0.0,983.8737588652482,561.6042553191489,,,1,78,0.0,0.0,2,0.4486154615879059
TRAIN,6bbyqk3u,179,1,2,2,1080,1920,1,0.74609375,3.796875,0.9780517220497131,1,2028,0.0009780092592592592,122,16.62295081967213,0.54443359375,843.5729783037475,473.5724852071006,847.4775330396476,472.79118942731276,1,2455,0.7416472416472416,0.0,1,0.4681762456893921
TRAIN,6bbyqk3u,180,0,1,2,1080,1920,1,0.228515625,0.64453125,0.6557770371437073,1,905,0.00043643904320987654,7192,0.12583426028921024,0.0,956.2707182320441,544.2508287292818,983.8737588652482,561.6042553191489,1,1369,0.3765133171912833,0.0,2,0.5087293982505798
TRAIN,6bbyqk3u,180,1,2,2,1080,1920,1,0.7265625,4.78125,0.9916841983795166,1,2144,0.0010339506172839506,122,17.57377049180328,0.8980891719745223,843.0727611940298,474.88199626865674,843.5729783037475,473.5724852071006,1,2455,0.77088948787062,0.0,1,0.437761127948761
TRAIN,6bbyqk3u,181,0,1,2,1080,1920,1,0.8828125,7.40625,0.9993928670883179,1,5107,0.002462866512345679,7192,0.7100945494994438,0.16308763784097505,965.1026042686509,520.4325435676523,956.2707182320441,544.2508287292818,1,5476,0.8898214285714285,0.0,2,0.4009329676628113
TRAIN,6bbyqk3u,181,1,2,2,1080,1920,1,0.65625,4.34375,0.9871788024902344,1,1582,0.0007629243827160494,122,12.967213114754099,0.6349275998244844,838.3862199747156,471.51453855878634,843.0727611940298,474.88199626865674,1,1787,0.7528616024973985,0.0,1,0.4471433460712433
TRAIN,6bbyqk3u,182,0,1,2,1080,1920,1,0.91796875,7.09375,0.9991704225540161,1,5658,0.002728587962962963,7192,0.7867074527252503,0.861812521618817,966.1062212796041,521.9004948745139,965.1026042686509,520.4325435676523,1,6281,0.8884846567541917,0.0,2,0.41465651988983154
TRAIN,6bbyqk3u,182,1,2,2,1080,1920,1,1.053497228147536e-20,-2.421875,0.08151976019144058,0,0,0.0,122,0.0,0.0,,,838.3862199747156,471.51453855878634,0,0,,0.0,1,
TRAIN,6bbyqk3u,183,0,1,2,1080,1920,1,0.921875,6.9375,0.9990302324295044,1,5722,0.0027594521604938273,7192,0.7956062291434928,0.9570077386070507,966.4005592450193,523.0400209716883,966.1062212796041,521.9004948745139,1,6342,0.8741649836880534,0.0,2,0.3418395519256592
TRAIN,6bbyqk3u,183,1,2,2,1080,1920,1,4.52364397489937e-24,-2.984375,0.048136770725250244,0,0,0.0,122,0.0,,,,,,0,0,,0.0,1,
TRAIN,6bbyqk3u,184,0,1,2,1080,1920,1,0.92578125,7.03125,0.9991169571876526,1,5795,0.0027946566358024692,7192,0.8057563959955506,0.9707392197125256,966.6398619499569,523.3225194132873,966.4005592450193,523.0400209716883,1,6236,0.8907747917648908,0.0,2,0.30481472611427307
TRAIN,6bbyqk3u,184,1,2,2,1080,1920,1,1.9190338207408786e-10,-1.109375,0.24798744916915894,0,0,0.0,122,0.0,,,,,,1,144,0.0,0.0,1,
TRAIN,6bbyqk3u,185,0,1,2,1080,1920,1,0.9140625,7.09375,0.9991704225540161,1,5766,0.0027806712962962963,7192,0.8017241379310345,0.9701772324471711,966.767429760666,523.0352063822407,966.6398619499569,523.3225194132873,1,6225,0.8865638766519823,0.0,2,0.28353822231292725
TRAIN,6bbyqk3u,185,1,2,2,1080,1920,1,0.73046875,5.375,0.9953904151916504,1,1468,0.0007079475308641975,122,12.032786885245901,0.0,845.0320163487738,470.39645776566755,,,1,1839,0.7581073896863371,0.0,1,0.44785815477371216
TRAIN,6bbyqk3u,186,0,1,2,1080,1920,1,0.9140625,7.34375,0.99935382604599,1,5596,0.002698688271604938,7192,0.7780867630700778,0.940895114451657,966.8554324517512,521.962830593281,966.767429760666,523.0352063822407,1,6205,0.8773464842507159,0.0,2,0.3068312406539917
TRAIN,6bbyqk3u,186,1,2,2,1080,1920,1,0.7421875,5.8125,0.9970190525054932,1,1989,0.0009592013888888889,122,16.30327868852459,0.7285,842.3564605329311,472.8582202111614,845.0320163487738,470.39645776566755,1,2331,0.7807089859851608,0.0,1,0.45933297276496887
TRAIN,6bbyqk3u,187,0,1,2,1080,1920,1,0.83203125,6.6875,0.9987550973892212,1,2561,0.0012350501543209878,7192,0.3560901001112347,0.4228152799581371,956.5825849277626,513.6372510737993,966.8554324517512,521.962830593281,1,2833,0.8353181354202109,0.0,2,0.4175387918949127
TRAIN,6bbyqk3u,187,1,2,2,1080,1920,1,0.81640625,5.71875,0.9967268705368042,1,2232,0.0010763888888888889,122,18.295081967213115,0.8368146214099217,841.0613799283154,476.89605734767025,842.3564605329311,472.8582202111614,1,2354,0.7893094030433087,0.0,1,0.4335739314556122
TRAIN,6bbyqk3u,188,0,1,2,1080,1920,1,9.994988777600744e-20,-2.515625,0.07477004081010818,0,0,0.0,7192,0.0,0.0,,,956.5825849277626,513.6372510737993,0,0,,0.0,2,
TRAIN,6bbyqk3u,188,1,2,2,1080,1920,1,0.8359375,5.6875,0.9966233968734741,1,2375,0.0011453510802469137,122,19.4672131147541,0.9171868497711194,840.4244210526316,478.2075789473684,841.0613799283154,476.89605734767025,1,2418,0.7765011119347665,0.0,1,0.41720157861709595
TRAIN,6bbyqk3u,189,0,1,2,1080,1920,1,0.796875,5.6875,0.9966233968734741,1,1462,0.000705054012345679,7192,0.20328142380422692,0.0,981.0629274965801,561.3023255813954,,,1,2237,0.633112582781457,0.0,2,0.40937483310699463
TRAIN,6bbyqk3u,189,1,2,2,1080,1920,1,0.7890625,5.4375,0.9956685304641724,1,2164,0.0010435956790123457,122,17.737704918032787,0.8725247524752475,840.5683918669131,476.0083179297597,840.4244210526316,478.2075789473684,1,2450,0.7995319812792512,0.0,1,0.41108816862106323
TRAIN,6bbyqk3u,190,0,1,2,1080,1920,1,0.91015625,6.96875,0.9990600943565369,1,5188,0.002501929012345679,7192,0.721357063403782,0.259946949602122,968.6748265227448,528.0612952968388,981.0629274965801,561.3023255813954,1,6217,0.8126191989828353,0.0,2,0.3634721338748932
TRAIN,6bbyqk3u,190,1,2,2,1080,1920,1,0.734375,4.71875,0.9911527037620544,1,3027,0.0014597800925925926,122,24.811475409836067,0.6621837976304835,837.2679220350182,472.2547076313181,840.5683918669131,476.0083179297597,1,1985,0.6095054592164418,0.0,1,0.4440838098526001
TRAIN,6bbyqk3u,191,0,1,2,1080,1920,1,0.921875,7.3125,0.9993333220481873,1,5712,0.0027546296296296294,7192,0.7942157953281423,0.8999477078612516,967.9115896358544,523.9894957983194,968.6748265227448,528.0612952968388,1,6314,0.8671013817730167,0.0,2,0.3076736330986023
TRAIN,6bbyqk3u,191,1,2,2,1080,1920,1,4.926614671774132e-16,-1.7578125,0.14706450700759888,0,0,0.0,122,0.0,0.0,,,837.2679220350182,472.2547076313181,0,0,,0.0,1,
TRAIN,6bbyqk3u,192,0,1,2,1080,1920,1,0.921875,7.59375,0.9994966983795166,1,5746,0.0027710262345679013,7192,0.7989432703003337,0.9690668499742223,967.7415593456318,523.9161155586495,967.9115896358544,523.9894957983194,1,6330,0.8705080545229245,0.0,2,0.27927154302597046
TRAIN,6bbyqk3u,192,1,2,2,1080,1920,1,6.007030606269836e-08,-0.69921875,0.3319854736328125,0,0,0.0,122,0.0,,,,,,0,0,,0.0,1,
TRAIN,6bbyqk3u,193,0,1,2,1080,1920,1,0.9140625,7.28125,0.999312162399292,1,5587,0.0026943479938271605,7192,0.7768353726362626,0.931980906921241,967.399319849651,522.298729192769,967.7415593456318,523.9161155586495,1,6239,0.8647114474929044,0.0,2,0.2875113785266876
TRAIN,6bbyqk3u,193,1,2,2,1080,1920,1,0.78515625,4.8125,0.9919379353523254,1,2089,0.0010074266975308643,122,17.12295081967213,0.0,842.193393968406,478.5830540928674,,,1,1857,0.7944520236471123,0.0,1,0.4571687877178192
TRAIN,6bbyqk3u,194,0,1,2,1080,1920,1,0.87109375,6.96875,0.9990600943565369,1,5048,0.0024344135802469137,7192,0.7018909899888766,0.8129901125127855,964.8516244057053,517.5376386687797,967.399319849651,522.298729192769,1,5610,0.8132017693092889,0.0,2,0.3193822503089905
TRAIN,6bbyqk3u,194,1,2,2,1080,1920,1,0.7734375,6.03125,0.9976032376289368,1,2404,0.0011593364197530864,122,19.704918032786885,0.8073209975864843,840.0191347753744,479.0794509151414,842.193393968406,478.5830540928674,1,2383,0.7855277881387542,0.0,1,0.42941945791244507
TRAIN,6bbyqk3u,195,0,1,2,1080,1920,1,0.76953125,6.21875,0.9980121850967407,1,2494,0.0012027391975308643,7192,0.3467741935483871,0.4052543320290665,959.1010425020048,513.7349639133921,964.8516244057053,517.5376386687797,1,2078,0.7831513260530422,0.0,2,0.38582152128219604
TRAIN,6bbyqk3u,195,1,2,2,1080,1920,1,0.78125,5.59375,0.996292769908905,1,2357,0.001136670524691358,122,19.31967213114754,0.9369406021155411,840.4730589732711,477.95248196860416,840.0191347753744,479.0794509151414,1,2381,0.7751967028849757,0.0,1,0.4090102016925812
TRAIN,6bbyqk3u,196,0,1,2,1080,1920,1,0.80859375,3.90625,0.9802808165550232,1,800,0.00038580246913580245,7192,0.11123470522803114,0.2999210734017364,950.8375,476.28125,959.1010425020048,513.7349639133921,1,1003,0.7303262955854126,0.0,2,0.28257012367248535
TRAIN,6bbyqk3u,196,1,2,2,1080,1920,1,0.73828125,4.96875,0.9930961728096008,1,2327,0.0011222029320987655,122,19.07377049180328,0.856520015854142,839.0313708637731,475.02922217447355,840.4730589732711,477.95248196860416,1,2385,0.8543880362062181,0.0,1,0.4028504490852356
TRAIN,6bbyqk3u,197,0,1,2,1080,1920,1,7.496324301261813e-24,-2.90625,0.05184546485543251,0,0,0.0,7192,0.0,0.0,,,950.8375,476.28125,0,0,,0.0,2,
TRAIN,6bbyqk3u,197,1,2,2,1080,1920,1,0.71875,5.125,0.9940890073776245,1,2198,0.0010599922839506172,122,18.016393442622952,0.8334683954619124,841.0600545950864,476.8980891719745,839.0313708637731,475.02922217447355,1,2256,0.8025091056252529,0.0,1,0.4213496446609497
TRAIN,6bbyqk3u,198,0,1,2,1080,1920,1,3.635980405647388e-15,-1.4296875,0.19314736127853394,0,0,0.0,7192,0.0,,,,,,0,0,,0.0,2,
TRAIN,6bbyqk3u,198,1,2,2,1080,1920,1,0.58203125,4.65625,0.9905874133110046,1,1143,0.0005512152777777777,122,9.368852459016393,0.5076714801444043,845.5774278215223,468.5949256342957,841.0600545950864,476.8980891719745,1,1257,0.7142857142857143,0.0,1,0.4130517244338989
TRAIN,6bbyqk3u,199,0,1,2,1080,1920,1,2.261821987449685e-25,-3.15625,0.04084571450948715,0,0,0.0,7192,0.0,,,,,,0,0,,0.0,2,
TRAIN,6bbyqk3u,199,1,2,2,1080,1920,1,0.23046875,3.0,0.9525741338729858,1,693,0.00033420138888888887,122,5.680327868852459,0.013804527885146328,825.7460317460317,463.7878787878788,845.5774278215223,468.5949256342957,1,736,0.586015538290788,0.0,1,0.44182631373405457
TRAIN,6bbyqk3u,200,0,1,2,1080,1920,1,0.65625,2.46875,0.9219217896461487,1,1422,0.0006857638888888889,7192,0.19771968854282537,0.0,968.0864978902954,518.7883263009845,,,1,1167,0.6574903969270166,0.0,2,0.40418359637260437
TRAIN,6bbyqk3u,200,1,2,2,1080,1920,1,0.69921875,4.3125,0.9867772459983826,1,2007,0.0009678819444444445,122,16.450819672131146,0.10837438423645321,839.8031888390633,472.56302939711014,825.7460317460317,463.7878787878788,1,1891,0.7630031659882406,0.0,1,0.45265668630599976
TRAIN,6bbyqk3u,201,0,1,2,1080,1920,1,0.875,6.0,0.9975274205207825,1,3854,0.0018586033950617285,7192,0.53587319243604,0.19231638418079097,958.8386092371562,520.8967306694343,968.0864978902954,518.7883263009845,1,3740,0.8365175332527207,0.0,2,0.3981596529483795
TRAIN,6bbyqk3u,201,1,2,2,1080,1920,1,6.056285572868247e-20,-2.59375,0.06954174488782883,0,0,0.0,122,0.0,0.0,,,839.8031888390633,472.56302939711014,0,0,,0.0,1,
TRAIN,6bbyqk3u,202,0,1,2,1080,1920,1,0.88671875,5.96875,0.9974491000175476,1,4320,0.0020833333333333333,7192,0.6006674082313682,0.798064232292125,960.5113425925925,521.6375,958.8386092371562,520.8967306694343,1,4419,0.8842173350582148,0.0,2,0.337763249874115
TRAIN,6bbyqk3u,202,1,2,2,1080,1920,1,0.00113677978515625,-0.423828125,0.3956010639667511,0,0,0.0,122,0.0,,,,,,0,0,,0.0,1,
TRAIN,6bbyqk3u,203,0,1,2,1080,1920,1,0.70703125,5.5625,0.9961755275726318,1,2620,0.001263503086419753,7192,0.364293659621802,0.24752831206183715,970.3293893129771,512.6503816793893,960.5113425925925,521.6375,1,1959,0.6729996346364633,0.0,2,0.4330834150314331
TRAIN,6bbyqk3u,203,1,2,2,1080,1920,1,0.51953125,3.8125,0.9783847332000732,1,341,0.0001644483024691358,122,2.7950819672131146,0.0,841.7067448680352,443.66568914956014,,,1,384,0.6552511415525114,0.0,1,0.3807150721549988
TRAIN,6bbyqk3u,204,0,1,2,1080,1920,1,0.65234375,4.25,0.9859364032745361,1,877,0.00042293595679012346,7192,0.12194104560622915,0.0,948.0798175598632,478.99429874572405,970.3293893129771,512.6503816793893,1,703,0.7873303167420814,0.0,2,0.46557122468948364
TRAIN,6bbyqk3u,204,1,2,2,1080,1920,1,0.74609375,5.96875,0.9974491000175476,1,1915,0.0009235146604938271,122,15.69672131147541,0.17561229807191245,842.6715404699739,478.72950391644906,841.7067448680352,443.66568914956014,1,1796,0.7172605275335493,0.0,1,0.5001792311668396
TRAIN,6bbyqk3u,205,0,1,2,1080,1920,1,0.373046875,3.0625,0.9553191661834717,1,1136,0.0005478395061728395,7192,0.15795328142380421,0.22073984232868404,963.4911971830986,506.92165492957747,948.0798175598632,478.99429874572405,1,840,0.5258687258687259,0.0,2,0.3536442220211029
TRAIN,6bbyqk3u,205,1,2,2,1080,1920,1,0.1708984375,3.71875,0.9763104915618896,1,361,0.00017409336419753086,122,2.959016393442623,0.12173484475110892,848.9695290858725,447.74238227146816,842.6715404699739,478.72950391644906,1,535,0.2619718309859155,0.0,1,0.2852109968662262
TRAIN,6bbyqk3u,206,0,1,2,1080,1920,1,0.77734375,5.25,0.9947799444198608,1,2435,0.0011742862654320987,7192,0.3385706340378198,0.09910741766697445,956.3921971252566,498.53305954825464,963.4911971830986,506.92165492957747,1,2307,0.8301813971439599,0.0,2,0.3790283203125
TRAIN,6bbyqk3u,206,1,2,2,1080,1920,1,0.375,4.9375,0.9928786158561707,1,657,0.00031684027777777776,122,5.385245901639344,0.045174537987679675,835.2374429223744,473.076103500761,848.9695290858725,447.74238227146816,1,967,0.3963886500429923,0.0,1,0.42729005217552185
TRAIN,6bbyqk3u,207,0,1,2,1080,1920,1,0.54296875,0.390625,0.596433162689209,1,484,0.00023341049382716048,7192,0.06729699666295884,0.0,955.6425619834711,578.4504132231405,956.3921971252566,498.53305954825464,1,363,0.6739130434782609,0.0,2,0.35775870084762573
TRAIN,6bbyqk3u,207,1,2,2,1080,1920,1,0.6484375,5.84375,0.9971103668212891,1,1271,0.0006129436728395061,122,10.418032786885245,0.3115646258503401,840.9197482297403,468.9559402045633,835.2374429223744,473.076103500761,1,1545,0.4515463917525773,0.0,1,0.45120999217033386
TRAIN,6bbyqk3u,208,0,1,2,1080,1920,1,3.3921018924503508e-28,-2.671875,0.06465348601341248,0,0,0.0,7192,0.0,0.0,,,955.6425619834711,578.4504132231405,0,0,,0.0,2,
TRAIN,6bbyqk3u,208,1,2,2,1080,1920,1,0.31640625,3.953125,0.9811668992042542,1,596,0.0002874228395061728,122,4.885245901639344,0.171267252195734,843.3473154362416,484.80536912751677,840.9197482297403,468.9559402045633,1,885,0.2625745950554135,0.0,1,0.45153215527534485
TRAIN,6bbyqk3u,209,0,1,2,1080,1920,1,5.9884384208290615e-34,-5.34375,0.004755199886858463,0,0,0.0,7192,0.0,,,,,,0,0,,0.0,2,
TRAIN,6bbyqk3u,209,1,2,2,1080,1920,1,0.41796875,3.5,0.970687747001648,1,446,0.00021508487654320989,122,3.6557377049180326,0.03373015873015873,836.4775784753364,488.8542600896861,843.3473154362416,484.80536912751677,1,532,0.4954128440366973,0.0,1,0.4122403860092163
TRAIN,6bbyqk3u,210,0,1,2,1080,1920,1,9.870390964984584e-34,-6.21875,0.001987774157896638,0,0,0.0,7192,0.0,,,,,,0,0,,0.0,,
TRAIN,6bbyqk3u,210,1,2,2,1080,1920,1,1.9563750449481093e-27,-5.78125,0.0030753696337342262,0,0,0.0,122,0.0,0.0,,,836.4775784753364,488.8542600896861,0,0,,0.0,,
TRAIN,6bbyqk3u,211,0,1,2,1080,1920,1,1.1988913903810543e-32,-5.4375,0.004331501666456461,0,0,0.0,7192,0.0,,,,,,0,0,,0.0,,
TRAIN,6bbyqk3u,211,1,2,2,1080,1920,1,8.734267942607043e-27,-6.25,0.0019267346942797303,0,0,0.0,122,0.0,,,,,,0,0,,0.0,,
TRAIN,6bbyqk3u,212,0,1,2,1080,1920,1,1.1117307432712692e-21,-3.171875,0.04023794084787369,0,0,0.0,7192,0.0,,,,,,0,0,,0.0,,
TRAIN,6bbyqk3u,212,1,2,2,1080,1920,1,8.66885281955573e-22,-6.6875,0.0012448433553799987,0,0,0.0,122,0.0,,,,,,0,0,,0.0,,
TRAIN,6bbyqk3u,213,0,1,2,1080,1920,1,8.585629984736443e-10,-1.0859375,0.2523840367794037,0,0,0.0,7192,0.0,,,,,,0,0,,0.0,2,
TRAIN,6bbyqk3u,213,1,2,2,1080,1920,1,0.349609375,2.171875,0.8976953029632568,1,610,0.0002941743827160494,122,5.0,0.0,847.3491803278689,497.4737704918033,,,1,297,0.4512,0.0,1,0.47805362939834595
TRAIN,6bbyqk3u,214,0,1,2,1080,1920,1,2.439454888092385e-17,-1.484375,0.18476751446723938,0,0,0.0,7192,0.0,,,,,,0,0,,0.0,2,
TRAIN,6bbyqk3u,214,1,2,2,1080,1920,1,0.4765625,5.71875,0.9967268705368042,1,892,0.00043016975308641977,122,7.311475409836065,0.03586206896551724,839.4977578475336,461.51008968609864,847.3491803278689,497.4737704918033,1,1190,0.26565349544072947,0.0,1,0.4732684791088104
TRAIN,6bbyqk3u,215,0,1,2,1080,1920,1,0.0004444122314453125,-0.396484375,0.4021573066711426,0,0,0.0,7192,0.0,,,,,,0,0,,0.0,,
TRAIN,6bbyqk3u,215,1,2,2,1080,1920,1,1.857925203976527e-26,-3.6875,0.024423090741038322,0,0,0.0,122,0.0,0.0,,,839.4977578475336,461.51008968609864,0,0,,0.0,,
TRAIN,6bbyqk3u,216,0,1,2,1080,1920,1,3.864587821847745e-21,-2.15625,0.1037486344575882,0,0,0.0,7192,0.0,,,,,,0,0,,0.0,2,
TRAIN,6bbyqk3u,216,1,2,2,1080,1920,1,0.2431640625,2.609375,0.9314625263214111,1,395,0.00019048996913580246,122,3.237704918032787,0.0,841.2,444.23037974683547,,,1,291,0.6179245283018868,0.0,1,0.4281908869743347
TRAIN,6bbyqk3u,217,0,1,2,1080,1920,1,3.917798799689633e-26,-2.703125,0.06278920918703079,0,0,0.0,7192,0.0,,,,,,0,0,,0.0,2,
TRAIN,6bbyqk3u,217,1,2,2,1080,1920,1,0.73828125,6.09375,0.9977481961250305,1,1499,0.0007228973765432099,122,12.28688524590164,0.22036082474226804,840.6864576384256,468.84789859906607,841.2,444.23037974683547,1,1634,0.7483258928571429,0.0,1,0.4729439616203308
TRAIN,6bbyqk3u,218,0,1,2,1080,1920,1,1.826414792517085e-21,-1.953125,0.12421301752328873,0,0,0.0,7192,0.0,,,,,,0,0,,0.0,2,
TRAIN,6bbyqk3u,218,1,2,2,1080,1920,1,0.7578125,6.3125,0.9981897473335266,1,1925,0.0009283371913580247,122,15.778688524590164,0.5735294117647058,837.8914285714286,481.054025974026,840.6864576384256,468.84789859906607,1,1711,0.8143712574850299,0.0,1,0.46426841616630554
TRAIN,6bbyqk3u,219,0,1,2,1080,1920,1,1.4227506535912076e-21,-2.46875,0.07807816565036774,0,0,0.0,7192,0.0,,,,,,0,0,,0.0,2,
TRAIN,6bbyqk3u,219,1,2,2,1080,1920,1,0.7890625,7.0,0.9990890026092529,1,1583,0.0007634066358024692,122,12.975409836065573,0.781615033011681,836.6121288692357,486.25268477574224,837.8914285714286,481.054025974026,1,1633,0.8840070298769771,0.0,1,0.43745386600494385
TRAIN,6bbyqk3u,220,0,1,2,1080,1920,1,9.994988777600744e-20,-2.015625,0.11757213622331619,0,0,0.0,7192,0.0,,,,,,0,0,,0.0,2,
TRAIN,6bbyqk3u,220,1,2,2,1080,1920,1,0.7890625,7.3125,0.9993333220481873,1,1826,0.0008805941358024692,122,14.967213114754099,0.5017621145374449,842.5553121577218,476.14238773274917,836.6121288692357,486.25268477574224,1,2159,0.7894027840143691,0.0,1,0.413569837808609
TRAIN,6bbyqk3u,221,0,1,2,1080,1920,1,1.4603137969970703e-06,-0.55859375,0.3638729155063629,0,0,0.0,7192,0.0,,,,,,0,0,,0.0,2,
TRAIN,6bbyqk3u,221,1,2,2,1080,1920,1,0.796875,7.375,0.999373733997345,1,2007,0.0009678819444444445,122,16.450819672131146,0.878921568627451,841.2745391131041,476.4768310911809,842.5553121577218,476.14238773274917,1,2195,0.8775692582663092,0.0,1,0.43594616651535034
TRAIN,6bbyqk3u,222,0,1,2,1080,1920,1,7.884065213396045e-25,-2.578125,0.07055959850549698,0,0,0.0,7192,0.0,,,,,,0,0,,0.0,2,
TRAIN,6bbyqk3u,222,1,2,2,1080,1920,1,0.82421875,6.75,0.9988304972648621,1,2025,0.0009765625,122,16.598360655737704,0.9181731684110371,841.9654320987654,476.6716049382716,841.2745391131041,476.4768310911809,1,2162,0.8775784753363228,0.0,1,0.48971232771873474
TRAIN,6bbyqk3u,223,0,1,2,1080,1920,1,0.734375,0.490234375,0.6201616525650024,1,597,0.0002879050925925926,7192,0.08300889877641825,0.0,938.7805695142379,545.3366834170854,,,0,0,0.0,0.0,2,0.3102942407131195
TRAIN,6bbyqk3u,223,1,2,2,1080,1920,1,0.8515625,6.28125,0.9981324076652527,1,2137,0.0010305748456790123,122,17.516393442622952,0.9224018475750577,842.2058961160506,477.4071127749181,841.9654320987654,476.6716049382716,1,2127,0.8883968113374667,0.0,1,0.4894181489944458
TRAIN,6bbyqk3u,224,0,1,2,1080,1920,1,1.2989320556496763e-24,-2.25,0.09534945338964462,0,0,0.0,7192,0.0,0.0,,,938.7805695142379,545.3366834170854,0,0,,0.0,2,
TRAIN,6bbyqk3u,224,1,2,2,1080,1920,1,0.87109375,6.5625,0.9985895752906799,1,1952,0.000941358024691358,122,16.0,0.9098552078468005,841.7689549180328,476.98002049180326,842.2058961160506,477.4071127749181,1,2128,0.8784530386740331,0.0,1,0.44824081659317017
TRAIN,6bbyqk3u,225,0,1,2,1080,1920,1,4.192202140984591e-13,-0.8984375,0.28937169909477234,0,0,0.0,7192,0.0,,,,,,0,0,,0.0,2,
TRAIN,6bbyqk3u,225,1,2,2,1080,1920,1,0.84375,6.0625,0.9976769089698792,1,1949,0.0009399112654320988,122,15.975409836065573,0.9407960199004975,841.9974345818368,476.866085171883,841.7689549180328,476.98002049180326,1,2099,0.8836668217775709,0.0,1,0.46973904967308044
TRAIN,6bbyqk3u,226,0,1,2,1080,1920,1,4.52364397489937e-24,-2.046875,0.11436853557825089,0,0,0.0,7192,0.0,,,,,,0,0,,0.0,2,
TRAIN,6bbyqk3u,226,1,2,2,1080,1920,1,0.73828125,6.21875,0.9980121850967407,1,1428,0.0006886574074074074,122,11.704918032786885,0.68428927680798,841.999299719888,471.609243697479,841.9974345818368,476.866085171883,1,1768,0.7275675675675676,0.0,1,0.44929590821266174
TRAIN,6bbyqk3u,227,0,1,2,1080,1920,1,3.715850407953054e-25,-2.09375,0.10970578342676163,0,0,0.0,7192,0.0,,,,,,0,0,,0.0,2,
TRAIN,6bbyqk3u,227,1,2,2,1080,1920,1,0.58984375,5.21875,0.9946150183677673,1,1058,0.0005102237654320988,122,8.672131147540984,0.42464183381088827,839.7013232514178,469.9914933837429,841.999299719888,471.609243697479,1,964,0.6546644844517185,0.0,1,0.4348185360431671
TRAIN,6bbyqk3u,228,0,1,2,1080,1920,1,7.270385540061815e-33,-3.921875,0.019419347867369652,0,0,0.0,7192,0.0,,,,,,0,0,,0.0,,
TRAIN,6bbyqk3u,228,1,2,2,1080,1920,1,4.602043190971017e-10,-1.078125,0.2538610100746155,0,0,0.0,122,0.0,0.0,,,839.7013232514178,469.9914933837429,0,0,,0.0,,
TRAIN,6bbyqk3u,229,0,1,2,1080,1920,1,1.601387637598654e-28,-2.515625,0.07477004081010818,0,0,0.0,7192,0.0,,,,,,0,0,,0.0,,
TRAIN,6bbyqk3u,229,1,2,2,1080,1920,1,1.4637067577342992e-31,-5.875,0.0028009270317852497,0,0,0.0,122,0.0,,,,,,0,0,,0.0,,
TRAIN,6bbyqk3u,230,0,1,2,1080,1920,1,9.742432179479496e-29,-2.609375,0.06853749603033066,0,0,0.0,7192,0.0,,,,,,0,0,,0.0,,
TRAIN,6bbyqk3u,230,1,2,2,1080,1920,1,5.39260384428426e-32,-8.1875,0.0002780309587251395,0,0,0.0,122,0.0,,,,,,0,0,,0.0,,
TRAIN,6bbyqk3u,231,0,1,2,1080,1920,1,7.270385540061815e-33,-3.75,0.022977370768785477,0,0,0.0,7192,0.0,,,,,,0,0,,0.0,,
TRAIN,6bbyqk3u,231,1,2,2,1080,1920,1,4.354512196819985e-28,-8.4375,0.00021654405281879008,0,0,0.0,122,0.0,,,,,,0,0,,0.0,,
TRAIN,6bbyqk3u,232,0,1,2,1080,1920,1,5.585135208964764e-28,-2.59375,0.06954174488782883,0,0,0.0,7192,0.0,,,,,,0,0,,0.0,,
TRAIN,6bbyqk3u,232,1,2,2,1080,1920,1,9.742432179479496e-29,-8.75,0.00015843621804378927,0,0,0.0,122,0.0,,,,,,0,0,,0.0,,
TRAIN,6bbyqk3u,233,0,1,2,1080,1920,1,2.4035605705952703e-31,-2.8125,0.05665242671966553,0,0,0.0,7192,0.0,,,,,,0,0,,0.0,,
TRAIN,6bbyqk3u,233,1,2,2,1080,1920,1,3.715850407953054e-25,-9.0625,0.00011591933434829116,0,0,0.0,122,0.0,,,,,,0,0,,0.0,,
TRAIN,6bbyqk3u,234,0,1,2,1080,1920,1,0.6328125,0.578125,0.6406359076499939,1,2526,0.0012181712962962962,7192,0.35122358175750834,0.0,953.159936658749,534.0059382422803,,,0,0,0.0,0.0,2,0.3155509829521179
TRAIN,6bbyqk3u,234,1,2,2,1080,1920,1,0.71484375,4.125,0.9840936064720154,1,1598,0.0007706404320987655,122,13.098360655737705,0.0,839.8404255319149,473.909887359199,,,1,1308,0.7390783961699581,0.0,1,0.4884815514087677
TRAIN,6bbyqk3u,235,0,1,2,1080,1920,1,4.782137916322191e-25,-1.6796875,0.15713684260845184,0,0,0.0,7192,0.0,0.0,,,953.159936658749,534.0059382422803,0,0,,0.0,2,
TRAIN,6bbyqk3u,235,1,2,2,1080,1920,1,0.416015625,5.0625,0.9937100410461426,1,777,0.00037471064814814816,122,6.368852459016393,0.38242142025611175,836.3397683397683,462.5701415701416,839.8404255319149,473.909887359199,1,588,0.5964912280701754,0.0,1,0.4375125765800476
TRAIN,6bbyqk3u,236,0,1,2,1080,1920,1,0.21875,0.1962890625,0.5489152669906616,1,930,0.00044849537037037037,7192,0.12931034482758622,0.0,972.6043010752688,576.9924731182796,,,1,2053,0.3234250221827862,0.0,2,0.26070159673690796
TRAIN,6bbyqk3u,236,1,2,2,1080,1920,1,0.50390625,5.4375,0.9956685304641724,1,623,0.0003004436728395062,122,5.10655737704918,0.17154811715481172,846.1894060995185,456.70304975922954,836.3397683397683,462.5701415701416,1,705,0.40380549682875266,0.0,1,0.44316524267196655
TRAIN,6bbyqk3u,237,0,1,2,1080,1920,1,0.76171875,3.46875,0.9697853922843933,1,3893,0.0018774112654320987,7192,0.5412958843159066,0.058604038630377525,968.1006935525302,502.18135114307734,972.6043010752688,576.9924731182796,1,3761,0.7853977140191276,0.0,2,0.4627555310726166
TRAIN,6bbyqk3u,237,1,2,2,1080,1920,1,0.6796875,7.0,0.9990890026092529,1,1385,0.000667920524691358,122,11.352459016393443,0.43326195574589577,842.9046931407943,467.5783393501805,846.1894060995185,456.70304975922954,1,1268,0.7138242894056848,0.0,1,0.4500562250614166
TRAIN,6bbyqk3u,238,0,1,2,1080,1920,1,0.55078125,2.765625,0.9407896995544434,1,3275,0.0015793788580246914,7192,0.4553670745272525,0.20248280489850695,953.7175572519084,536.2745038167939,968.1006935525302,502.18135114307734,1,1830,0.4071113561190739,0.0,2,0.4480706453323364
TRAIN,6bbyqk3u,238,1,2,2,1080,1920,1,2.4158453015843406e-12,-1.6640625,0.15921740233898163,0,0,0.0,122,0.0,0.0,,,842.9046931407943,467.5783393501805,0,0,,0.0,1,
TRAIN,6bbyqk3u,239,0,1,2,1080,1920,1,0.25390625,0.89453125,0.7098243832588196,1,519,0.00025028935185185186,7192,0.0721635150166852,0.029020884187686467,958.8131021194605,572.2042389210019,953.7175572519084,536.2745038167939,0,0,0.0,0.0,2,0.44405877590179443
TRAIN,6bbyqk3u,239,1,2,2,1080,1920,1,2.1736923372372985e-10,-1.515625,0.18010666966438293,0,0,0.0,122,0.0,,,,,,0,0,,0.0,,
TRAIN,6bbyqk3u,240,0,1,2,1080,1920,1,0.302734375,2.34375,0.9124361872673035,1,1014,0.0004890046296296296,7192,0.14098998887652947,0.0,981.4033530571992,492.21696252465483,958.8131021194605,572.2042389210019,1,1224,0.23102310231023102,0.0,2,0.416198194026947
TRAIN,6bbyqk3u,240,1,2,2,1080,1920,1,0.74609375,6.15625,0.9978843331336975,1,1870,0.0009018132716049383,122,15.327868852459016,0.0,840.8700534759358,474.92139037433157,,,1,2031,0.8593898951382268,0.0,1,0.5359613299369812
TRAIN,6bbyqk3u,241,0,1,2,1080,1920,1,0.71484375,4.4375,0.9883127808570862,1,4195,0.0020230516975308643,7192,0.5832869855394883,0.042008401680336066,963.5930870083432,517.5060786650774,981.4033530571992,492.21696252465483,1,4667,0.8023184868822453,0.0,2,0.4466272294521332
TRAIN,6bbyqk3u,241,1,2,2,1080,1920,1,0.81640625,6.84375,0.9989350438117981,1,2038,0.0009828317901234569,122,16.704918032786885,0.852132701421801,841.1589793915604,475.4651619234544,840.8700534759358,474.92139037433157,1,2104,0.8973889143380669,0.0,1,0.5188705325126648
TRAIN,6bbyqk3u,242,0,1,2,1080,1920,1,0.625,3.5,0.970687747001648,1,2023,0.0009755979938271605,7192,0.2812847608453838,0.28630533719486967,953.838358872961,506.4700939199209,963.5930870083432,517.5060786650774,1,2158,0.6697284345047924,0.0,2,0.4379335641860962
TRAIN,6bbyqk3u,242,1,2,2,1080,1920,1,0.86328125,6.90625,0.9989995360374451,1,2119,0.0010218942901234567,122,17.368852459016395,0.9033882783882784,840.2496460594621,475.31996224634264,841.1589793915604,475.4651619234544,1,2147,0.9053148727110317,0.0,1,0.5087441205978394
TRAIN,6bbyqk3u,243,0,1,2,1080,1920,1,0.384765625,2.5625,0.9284088015556335,1,1541,0.0007431520061728395,7192,0.214265850945495,0.0,979.3283582089553,503.2284231018819,953.838358872961,506.4700939199209,1,1783,0.43833838165296407,0.0,2,0.4042081832885742
TRAIN,6bbyqk3u,243,1,2,2,1080,1920,1,0.404296875,2.3125,0.9099069833755493,1,406,0.00019579475308641975,122,3.3278688524590163,0.10794207985958754,826.4901477832512,465.6970443349754,840.2496460594621,475.31996224634264,1,257,0.541860465116279,0.0,1,0.51951664686203
TRAIN,6bbyqk3u,244,0,1,2,1080,1920,1,0.765625,6.375,0.9982993006706238,1,4963,0.0023934220679012346,7192,0.6900723025583982,0.2154737432255653,969.3522063268184,524.2534757203305,979.3283582089553,503.2284231018819,1,5426,0.634261444077395,0.0,2,0.47693127393722534
TRAIN,6bbyqk3u,244,1,2,2,1080,1920,1,0.5546875,6.28125,0.9981324076652527,1,603,0.0002907986111111111,122,4.942622950819672,0.0,845.195688225539,461.3333333333333,826.4901477832512,465.6970443349754,1,882,0.4761431411530815,0.0,1,0.4088423252105713
TRAIN,6bbyqk3u,245,0,1,2,1080,1920,1,0.8828125,6.8125,0.9989012479782104,1,5975,0.0028814621913580245,7192,0.8307842046718577,0.676835811743063,964.2641004184101,521.3417573221757,969.3522063268184,524.2534757203305,1,7023,0.8212133949838868,0.0,2,0.425476998090744
TRAIN,6bbyqk3u,245,1,2,2,1080,1920,1,0.28125,1.546875,0.8244618773460388,1,188,9.066358024691358e-05,122,1.540983606557377,0.23981191222570533,847.1010638297872,443.56382978723406,845.195688225539,461.3333333333333,0,0,0.0,0.0,1,0.43786001205444336
TRAIN,6bbyqk3u,246,0,1,2,1080,1920,1,0.8515625,6.90625,0.9989995360374451,1,5955,0.0028718171296296295,7192,0.8280033370411568,0.8879569552144326,963.9445843828715,522.2047019311503,964.2641004184101,521.3417573221757,1,6788,0.8059807256235828,0.0,2,0.3466813564300537
TRAIN,6bbyqk3u,246,1,2,2,1080,1920,1,0.2353515625,0.57421875,0.6397360563278198,1,351,0.00016927083333333334,122,2.877049180327869,0.0,830.3076923076923,491.0,847.1010638297872,443.56382978723406,1,82,0.026066350710900472,0.0,1,0.3876665234565735
TRAIN,6bbyqk3u,247,0,1,2,1080,1920,1,0.875,6.125,0.9978172779083252,1,5977,0.0028824266975308642,7192,0.8310622914349277,0.882612811612496,962.9583403045006,524.5566337627572,963.9445843828715,522.2047019311503,1,6834,0.8241492239783569,0.0,2,0.3582080602645874
TRAIN,6bbyqk3u,247,1,2,2,1080,1920,1,0.640625,5.96875,0.9974491000175476,1,1856,0.0008950617283950618,122,15.21311475409836,0.13470437017994857,837.7634698275862,475.36691810344826,830.3076923076923,491.0,1,1626,0.7392607392607392,0.0,1,0.4535011351108551
TRAIN,6bbyqk3u,248,0,1,2,1080,1920,1,0.84765625,6.0625,0.9976769089698792,1,4549,0.002193769290123457,7192,0.6325083426028921,0.5914726338070759,970.3877775335238,511.7403825016487,962.9583403045006,524.5566337627572,1,5197,0.7905566783024067,0.0,2,0.4344100058078766
TRAIN,6bbyqk3u,248,1,2,2,1080,1920,1,0.134765625,0.8046875,0.6909762620925903,1,135,6.510416666666667e-05,122,1.1065573770491803,0.017373530914665303,829.9555555555555,449.94074074074075,837.7634698275862,475.36691810344826,1,94,0.03619909502262444,0.0,1,0.48534318804740906
TRAIN,6bbyqk3u,249,0,1,2,1080,1920,1,0.56640625,5.34375,0.9952448010444641,1,770,0.0003713348765432099,7192,0.10706340378197998,0.11322729175387192,961.251948051948,591.2688311688312,970.3877775335238,511.7403825016487,1,1158,0.5842235004108464,0.0,2,0.4238831102848053
TRAIN,6bbyqk3u,249,1,2,2,1080,1920,1,0.68359375,7.03125,0.9991169571876526,1,1286,0.0006201774691358024,122,10.540983606557377,0.01790830945558739,842.2021772939347,477.3024883359254,829.9555555555555,449.94074074074075,1,1398,0.7405966277561609,0.0,1,0.45545437932014465
TRAIN,6bbyqk3u,250,0,1,2,1080,1920,1,0.86328125,7.0625,0.9991440773010254,1,6145,0.0029634452160493827,7192,0.8544215795328143,0.04503551458364818,964.4032546786004,509.83254678600485,961.251948051948,591.2688311688312,1,6514,0.8594300822561692,0.0,2,0.42820361256599426
TRAIN,6bbyqk3u,250,1,2,2,1080,1920,1,0.0233154296875,-0.283203125,0.429668664932251,0,0,0.0,122,0.0,0.0,,,842.2021772939347,477.3024883359254,0,0,,0.0,1,
TRAIN,6bbyqk3u,251,0,1,2,1080,1920,1,0.89453125,7.34375,0.99935382604599,1,6198,0.0029890046296296297,7192,0.8617908787541713,0.8221139651609094,964.9004517586318,520.674411100355,964.4032546786004,509.83254678600485,1,6939,0.8450842696629214,0.0,2,0.3801339268684387
TRAIN,6bbyqk3u,251,1,2,2,1080,1920,1,0.6953125,7.0625,0.9991440773010254,1,1643,0.0007923418209876543,122,13.467213114754099,0.0,835.46195982958,487.3901399878271,,,1,1142,0.46117523609653727,0.0,1,0.42470085620880127
TRAIN,6bbyqk3u,252,0,1,2,1080,1920,1,0.890625,7.125,0.9991958737373352,1,5771,0.0027830825617283952,7192,0.8024193548387096,0.909845220998883,965.2025645468723,520.0457459712355,964.9004517586318,520.674411100355,1,7131,0.7902039683640905,0.0,2,0.3384418487548828
TRAIN,6bbyqk3u,252,1,2,2,1080,1920,1,0.78515625,7.375,0.999373733997345,1,1962,0.0009461805555555556,122,16.081967213114755,0.6830065359477124,833.5468909276249,491.59887869520895,835.46195982958,487.3901399878271,1,2044,0.8209090909090909,0.0,1,0.5232616066932678
TRAIN,6bbyqk3u,253,0,1,2,1080,1920,1,0.6875,3.78125,0.9777138829231262,1,2621,0.0012639853395061728,7192,0.364432703003337,0.3707938582162692,968.9545974818772,505.7588706600534,965.2025645468723,520.0457459712355,1,3104,0.5057864281956865,0.0,2,0.4320926070213318
TRAIN,6bbyqk3u,253,1,2,2,1080,1920,1,0.609375,7.25,0.9992903470993042,1,1360,0.0006558641975308642,122,11.147540983606557,0.47513321492007105,829.6948529411765,492.33529411764704,833.5468909276249,491.59887869520895,1,1680,0.599158337716991,0.0,1,0.4199889898300171
TRAIN,6bbyqk3u,254,0,1,2,1080,1920,1,0.83984375,7.28125,0.999312162399292,1,3592,0.001732253086419753,7192,0.4994438264738598,0.21205618415918845,959.1046770601337,501.70183741648106,968.9545974818772,505.7588706600534,1,4278,0.8071182548794489,0.0,2,0.4128062129020691
TRAIN,6bbyqk3u,254,1,2,2,1080,1920,1,0.298828125,3.859375,0.9793540239334106,1,281,0.00013551311728395062,122,2.30327868852459,0.18142548596112312,830.5907473309609,501.7366548042705,829.6948529411765,492.33529411764704,1,775,0.27690447400241835,0.0,1,0.4686886966228485
TRAIN,6bbyqk3u,255,0,1,2,1080,1920,1,0.86328125,7.21875,0.9992678761482239,1,5023,0.00242235725308642,7192,0.6984149054505006,0.6465978593272171,962.3089786979892,518.8612383038025,959.1046770601337,501.70183741648106,1,5487,0.8386983904828551,0.0,2,0.41207364201545715
TRAIN,6bbyqk3u,255,1,2,2,1080,1920,1,4.0332320816460765e-17,-3.96875,0.018546566367149353,0,0,0.0,122,0.0,0.0,,,830.5907473309609,501.7366548042705,0,0,,0.0,1,
TRAIN,6bbyqk3u,256,0,1,2,1080,1920,1,0.62109375,5.125,0.9940890073776245,1,1850,0.0008921682098765432,7192,0.257230255839822,0.29386295180722893,954.9448648648648,520.22,962.3089786979892,518.8612383038025,1,2146,0.6054640417838489,0.0,2,0.40415143966674805
TRAIN,6bbyqk3u,256,1,2,2,1080,1920,1,1.5054687148465104e-22,-5.3125,0.004905405919998884,0,0,0.0,122,0.0,,,,,,0,0,,0.0,1,
TRAIN,6bbyqk3u,257,0,1,2,1080,1920,1,0.37109375,1.9609375,0.8766343593597412,1,1903,0.0009177276234567901,7192,0.2645995550611791,0.04134295227524972,976.9143457698372,530.1755123489228,954.9448648648648,520.22,1,940,0.30054894784995423,0.0,2,0.3474017083644867
TRAIN,6bbyqk3u,257,1,2,2,1080,1920,1,5.995204332975845e-15,-2.65625,0.06560483574867249,0,0,0.0,122,0.0,,,,,,0,0,,0.0,1,
TRAIN,6bbyqk3u,258,0,1,2,1080,1920,1,0.37109375,2.40625,0.917302668094635,1,570,0.0002748842592592593,7192,0.0792547274749722,0.08751099384344767,969.6333333333333,586.7368421052631,976.9143457698372,530.1755123489228,1,1323,0.32470258922323303,0.0,2,0.3783131241798401
TRAIN,6bbyqk3u,258,1,2,2,1080,1920,1,0.6640625,4.9375,0.9928786158561707,1,1457,0.0007026427469135802,122,11.942622950819672,0.0,824.9938229238161,495.63486616334933,,,1,1089,0.6905710491367862,0.0,1,0.47455406188964844
TRAIN,6bbyqk3u,259,0,1,2,1080,1920,1,0.419921875,1.125,0.7549149990081787,1,316,0.00015239197530864197,7192,0.0439377085650723,0.0022624434389140274,987.0569620253165,552.9272151898734,969.6333333333333,586.7368421052631,1,620,0.3584905660377358,0.0,2,0.3321041464805603
TRAIN,6bbyqk3u,259,1,2,2,1080,1920,1,0.7265625,6.5,0.998498797416687,1,1529,0.0007373649691358024,122,12.532786885245901,0.34202247191011237,816.7141922825376,489.9182472204055,824.9938229238161,495.63486616334933,1,1573,0.7756153405838581,0.0,1,0.43813207745552063
TRAIN,6bbyqk3u,260,0,1,2,1080,1920,1,6.993104012531504e-18,-1.6171875,0.16559311747550964,0,0,0.0,7192,0.0,0.0,,,987.0569620253165,552.9272151898734,0,0,,0.0,2,
TRAIN,6bbyqk3u,260,1,2,2,1080,1920,1,0.58203125,6.15625,0.9978843331336975,1,1043,0.0005029899691358024,122,8.549180327868852,0.21435316336166194,806.6979865771812,492.2866730584851,816.7141922825376,489.9182472204055,1,924,0.6378018318068276,0.0,1,0.3723171651363373
TRAIN,6bbyqk3u,261,0,1,2,1080,1920,1,0.384765625,1.0390625,0.7386690378189087,1,361,0.00017409336419753086,7192,0.050194660734149056,0.0,953.1135734072022,564.1717451523546,,,0,0,0.0,0.0,2,0.43921321630477905
TRAIN,6bbyqk3u,261,1,2,2,1080,1920,1,0.2119140625,1.4296875,0.8068526387214661,1,298,0.0001437114197530864,122,2.442622950819672,0.17941952506596306,801.4395973154362,473.56040268456377,806.6979865771812,492.2866730584851,1,256,0.15416666666666667,0.0,1,0.2656695246696472
TRAIN,6bbyqk3u,262,0,1,2,1080,1920,1,0.474609375,2.078125,0.8887587189674377,1,1137,0.0005483217592592592,7192,0.15809232480533927,0.01697216564833673,975.4212840809147,563.1292875989446,953.1135734072022,564.1717451523546,1,671,0.24689655172413794,0.0,2,0.42540907859802246
TRAIN,6bbyqk3u,262,1,2,2,1080,1920,1,0.0003147125244140625,-0.50390625,0.37662312388420105,0,0,0.0,122,0.0,0.0,,,801.4395973154362,473.56040268456377,0,0,,0.0,1,
TRAIN,6bbyqk3u,263,0,1,2,1080,1920,1,0.51953125,2.28125,0.907312273979187,1,588,0.00028356481481481483,7192,0.0817575083426029,0.31880733944954126,970.8469387755102,579.5561224489796,975.4212840809147,563.1292875989446,1,1227,0.2992125984251969,0.0,2,0.3500499427318573
TRAIN,6bbyqk3u,263,1,2,2,1080,1920,1,0.6015625,5.125,0.9940890073776245,1,938,0.0004523533950617284,122,7.688524590163935,0.0,816.7110874200426,493.3272921108742,,,1,989,0.7470534904805077,0.0,1,0.44629836082458496
TRAIN,6bbyqk3u,264,0,1,2,1080,1920,1,0.279296875,1.0859375,0.7476159334182739,1,322,0.0001552854938271605,7192,0.044771968854282536,0.0,985.7732919254659,551.9006211180124,970.8469387755102,579.5561224489796,1,521,0.3819672131147541,0.0,2,0.35397759079933167
TRAIN,6bbyqk3u,264,1,2,2,1080,1920,1,0.703125,6.46875,0.9984512329101562,1,2439,0.0011762152777777778,122,19.991803278688526,0.38062142273098937,814.5981959819599,494.73144731447314,816.7110874200426,493.3272921108742,1,2658,0.7138533960995292,0.0,1,0.5161691308021545
TRAIN,6bbyqk3u,265,0,1,2,1080,1920,1,0.87109375,6.5,0.998498797416687,1,5344,0.0025771604938271604,7192,0.743047830923248,0.04097005327944148,966.627245508982,514.1029191616766,985.7732919254659,551.9006211180124,1,6125,0.809561375828337,0.0,2,0.5087597966194153
TRAIN,6bbyqk3u,265,1,2,2,1080,1920,1,0.62890625,6.4375,0.9984021782875061,1,1124,0.0005420524691358025,122,9.21311475409836,0.26571936056838363,802.7802491103203,492.8985765124555,814.5981959819599,494.73144731447314,1,941,0.6653225806451613,0.0,1,0.4693235158920288
TRAIN,6bbyqk3u,266,0,1,2,1080,1920,1,0.8984375,7.0,0.9990890026092529,1,6209,0.002994309413580247,7192,0.8633203559510567,0.8128040169464931,964.2412626832019,517.5113544854244,966.627245508982,514.1029191616766,1,7153,0.809833401056481,0.0,2,0.40861088037490845
TRAIN,6bbyqk3u,266,1,2,2,1080,1920,1,0.1787109375,1.578125,0.8289388418197632,1,79,3.809799382716049e-05,122,0.6475409836065574,0.050655021834061134,796.367088607595,481.2025316455696,802.7802491103203,492.8985765124555,0,0,0.0,0.0,1,0.3780708312988281
TRAIN,6bbyqk3u,267,0,1,2,1080,1920,1,0.90625,7.1875,0.9992445707321167,1,6345,0.0030598958333333333,7192,0.8822302558398221,0.9652473387601753,963.9442080378251,518.4843183609141,964.2412626832019,517.5113544854244,1,7055,0.8406593406593407,0.0,2,0.3385728597640991
TRAIN,6bbyqk3u,267,1,2,2,1080,1920,1,1.0654330253601074e-06,-0.5546875,0.3647775650024414,0,0,0.0,122,0.0,0.0,,,796.367088607595,481.2025316455696,0,0,,0.0,1,
TRAIN,6bbyqk3u,268,0,1,2,1080,1920,1,0.90625,7.625,0.9995121955871582,1,6109,0.0029460841049382715,7192,0.8494160177975528,0.9329504889026851,964.1815354395154,519.8220658045507,963.9442080378251,518.4843183609141,1,7103,0.8183319570602807,0.0,2,0.3206031024456024
TRAIN,6bbyqk3u,268,1,2,2,1080,1920,1,8.083811398051921e-16,-2.3125,0.09009299427270889,0,0,0.0,122,0.0,,,,,,0,0,,0.0,1,
TRAIN,6bbyqk3u,269,0,1,2,1080,1920,1,0.9140625,7.46875,0.9994296431541443,1,6329,0.0030521797839506174,7192,0.8800055617352615,0.9388932190179268,964.3869489650814,519.1436245852425,964.1815354395154,519.8220658045507,1,7219,0.8303161307754661,0.0,2,0.32233938574790955
TRAIN,6bbyqk3u,269,1,2,2,1080,1920,1,5.995204332975845e-15,-1.5078125,0.18126320838928223,0,0,0.0,122,0.0,,,,,,0,0,,0.0,1,
TRAIN,6bbyqk3u,270,0,1,2,1080,1920,1,0.9140625,7.65625,0.9995272159576416,1,6245,0.003011670524691358,7192,0.8683259176863182,0.9628473306275367,964.5500400320257,517.9783827061649,964.3869489650814,519.1436245852425,1,7124,0.8152070604209097,0.0,2,0.3131862282752991
TRAIN,6bbyqk3u,270,1,2,2,1080,1920,1,0.353515625,2.828125,0.9441768527030945,1,553,0.00026668595679012343,122,4.532786885245901,0.0,831.5913200723327,494.00542495479203,,,1,349,0.18528252299605782,0.0,1,0.4887574017047882
TRAIN,6bbyqk3u,271,0,1,2,1080,1920,1,0.9140625,7.4375,0.9994115829467773,1,6325,0.0030502507716049384,7192,0.8794493882091212,0.9631422770576292,964.6874308300395,516.7381818181818,964.5500400320257,517.9783827061649,1,7126,0.8174571003918389,0.0,2,0.30274656414985657
TRAIN,6bbyqk3u,271,1,2,2,1080,1920,1,0.67578125,5.6875,0.9966233968734741,1,1851,0.0008926504629629629,122,15.172131147540984,0.14150047483380818,818.8514316585629,494.70610480821176,831.5913200723327,494.00542495479203,1,2146,0.794791198922317,0.0,1,0.5379275679588318
TRAIN,6bbyqk3u,272,0,1,2,1080,1920,1,0.91015625,6.3125,0.9981897473335266,1,6528,0.003148148148148148,7192,0.9076751946607341,0.9477193514168814,964.3261335784314,518.8731617647059,964.6874308300395,516.7381818181818,1,6997,0.8585955750996289,0.0,2,0.3426435589790344
TRAIN,6bbyqk3u,272,1,2,2,1080,1920,1,0.80078125,6.09375,0.9977481961250305,1,1873,0.0009032600308641975,122,15.352459016393443,0.7475363679023932,820.8969567538708,490.9642285104111,818.8514316585629,494.70610480821176,1,1949,0.8526417838099855,0.0,1,0.4955516457557678
TRAIN,6bbyqk3u,273,0,1,2,1080,1920,1,0.9140625,6.34375,0.998245358467102,1,6435,0.003103298611111111,7192,0.8947441601779755,0.9637933646417209,964.1073815073815,519.3866355866356,964.3261335784314,518.8731617647059,1,7164,0.8180481283422459,0.0,2,0.2689886689186096
TRAIN,6bbyqk3u,273,1,2,2,1080,1920,1,0.609375,5.5,0.9959298968315125,1,1056,0.0005092592592592592,122,8.655737704918034,0.5588078765300691,819.0501893939394,484.186553030303,820.8969567538708,490.9642285104111,1,1253,0.5413885180240321,0.0,1,0.41914719343185425
TRAIN,6bbyqk3u,274,0,1,2,1080,1920,1,0.9140625,6.21875,0.9980121850967407,1,6460,0.003115354938271605,7192,0.8982202447163515,0.9756396506817834,964.185294117647,520.0116099071207,964.1073815073815,519.3866355866356,1,7052,0.8451454321999181,0.0,2,0.27427443861961365
TRAIN,6bbyqk3u,274,1,2,2,1080,1920,1,0.53125,5.59375,0.996292769908905,1,1089,0.0005251736111111111,122,8.926229508196721,0.4386317907444668,824.1285583103765,481.4031221303949,819.0501893939394,484.186553030303,1,963,0.5132743362831859,0.0,1,0.3931886553764343
TRAIN,6bbyqk3u,275,0,1,2,1080,1920,1,0.9140625,6.90625,0.9989995360374451,1,6607,0.0031862461419753085,7192,0.9186596218020022,0.9614229960972681,964.2768276070834,518.0334493718783,964.185294117647,520.0116099071207,1,7210,0.8373670212765958,0.0,2,0.2549566328525543
TRAIN,6bbyqk3u,275,1,2,2,1080,1920,1,4.0332320816460765e-17,-2.375,0.08509904146194458,0,0,0.0,122,0.0,0.0,,,824.1285583103765,481.4031221303949,0,0,,0.0,1,
TRAIN,6bbyqk3u,276,0,1,2,1080,1920,1,0.91796875,6.6875,0.9987550973892212,1,6495,0.003132233796296296,7192,0.9030867630700778,0.9625524266027562,964.6152424942263,519.5351809083911,964.2768276070834,518.0334493718783,1,7078,0.8421552660152009,0.0,2,0.2917124629020691
TRAIN,6bbyqk3u,276,1,2,2,1080,1920,1,0.22265625,0.37109375,0.5917232036590576,1,356,0.0001716820987654321,122,2.918032786885246,0.0,817.064606741573,500.33988764044943,,,0,0,0.0,0.0,1,0.37743693590164185
TRAIN,6bbyqk3u,277,0,1,2,1080,1920,1,0.9140625,6.34375,0.998245358467102,1,6563,0.0031650270061728395,7192,0.9125417130144605,0.9588958895889589,964.8438214231296,519.9151302757886,964.6152424942263,519.5351809083911,1,7096,0.8433198380566802,0.0,2,0.33791106939315796
TRAIN,6bbyqk3u,277,1,2,2,1080,1920,1,0.423828125,3.640625,0.9744347929954529,1,871,0.00042004243827160496,122,7.139344262295082,0.0,841.1687715269804,492.7014925373134,817.064606741573,500.33988764044943,1,829,0.527403414195867,0.0,1,0.4307898283004761
TRAIN,6bbyqk3u,278,0,1,2,1080,1920,1,0.83203125,6.65625,0.9987157583236694,1,4206,0.0020283564814814817,7192,0.5848164627363738,0.5815831987075929,971.5691868758915,504.0420827389444,964.8438214231296,519.9151302757886,1,4470,0.7576985413290114,0.0,2,0.433745801448822
TRAIN,6bbyqk3u,278,1,2,2,1080,1920,1,0.4296875,3.5625,0.9724147915840149,1,1216,0.0005864197530864197,122,9.967213114754099,0.4343642611683849,838.1496710526316,481.8264802631579,841.1687715269804,492.7014925373134,1,1285,0.5572851805728518,0.0,1,0.43317854404449463
TRAIN,6bbyqk3u,279,0,1,2,1080,1920,1,0.55078125,5.0625,0.9937100410461426,1,539,0.0002599344135802469,7192,0.07494438264738598,0.10297536029753603,963.8460111317254,575.0519480519481,971.5691868758915,504.0420827389444,1,819,0.38571428571428573,0.0,2,0.45733463764190674
TRAIN,6bbyqk3u,279,1,2,2,1080,1920,1,0.00445556640625,-0.35546875,0.41205689311027527,0,0,0.0,122,0.0,0.0,,,838.1496710526316,481.8264802631579,0,0,,0.0,1,
TRAIN,6bbyqk3u,280,0,1,2,1080,1920,1,0.90625,7.09375,0.9991704225540161,1,6351,0.0030627893518518517,7192,0.8830645161290323,0.07337591525159683,964.7264997638167,518.4955125177138,963.8460111317254,575.0519480519481,1,6806,0.8917325664989216,0.0,2,0.40647804737091064
TRAIN,6bbyqk3u,280,1,2,2,1080,1920,1,6.3792168840089494e-21,-2.296875,0.09138210862874985,0,0,0.0,122,0.0,,,,,,0,0,,0.0,1,
TRAIN,6bbyqk3u,281,0,1,2,1080,1920,1,0.88671875,7.53125,0.999464213848114,1,6184,0.002982253086419753,7192,0.8598442714126807,0.921367259350092,964.4311125485123,518.2466041397154,964.7264997638167,518.4955125177138,1,6425,0.9035326086956522,0.0,2,0.41193681955337524
TRAIN,6bbyqk3u,281,1,2,2,1080,1920,1,3.864587821847745e-21,-2.171875,0.10230471193790436,0,0,0.0,122,0.0,,,,,,0,0,,0.0,1,
TRAIN,6bbyqk3u,282,0,1,2,1080,1920,1,0.5703125,3.1875,0.9603611826896667,1,1895,0.0009138695987654321,7192,0.2634872080088988,0.29222648752399233,968.5176781002639,491.5968337730871,964.4311125485123,518.2466041397154,1,1329,0.5688564476885645,0.0,2,0.4469248056411743
TRAIN,6bbyqk3u,282,1,2,2,1080,1920,1,0.10107421875,0.06005859375,0.5150101780891418,1,268,0.00012924382716049382,122,2.19672131147541,0.0,848.6940298507462,441.57462686567163,,,0,0,0.0,0.0,1,0.3433877229690552
TRAIN,6bbyqk3u,283,0,1,2,1080,1920,1,5.816113682013476e-24,-3.625,0.02595735713839531,0,0,0.0,7192,0.0,0.0,,,968.5176781002639,491.5968337730871,0,0,,0.0,,
TRAIN,6bbyqk3u,283,1,2,2,1080,1920,1,0.0289306640625,0.20703125,0.5515737533569336,1,498,0.00024016203703703705,122,4.081967213114754,0.0,900.2168674698795,478.97791164658634,848.6940298507462,441.57462686567163,0,0,0.0,0.0,1,0.4563119113445282
TRAIN,6bbyqk3u,284,0,1,2,1080,1920,1,0.578125,1.1796875,0.7648916244506836,1,1056,0.0005092592592592592,7192,0.1468298109010011,0.0,971.749053030303,554.1638257575758,,,0,0,0.0,0.0,2,0.438355028629303
TRAIN,6bbyqk3u,284,1,2,2,1080,1920,1,0.033203125,0.58984375,0.6433292627334595,1,350,0.00016878858024691357,122,2.8688524590163933,0.0,883.1428571428571,442.74,900.2168674698795,478.97791164658634,0,0,0.0,0.0,1,0.466545969247818
TRAIN,6bbyqk3u,285,0,1,2,1080,1920,1,0.7734375,6.71875,0.998793363571167,1,3151,0.001519579475308642,7192,0.4381256952169077,0.31880877742946706,974.3170422088226,519.6207553157727,971.749053030303,554.1638257575758,1,4363,0.6514285714285715,0.0,2,0.42061135172843933
TRAIN,6bbyqk3u,285,1,2,2,1080,1920,1,3.049420715222343e-26,-3.203125,0.039048291742801666,0,0,0.0,122,0.0,0.0,,,883.1428571428571,442.74,0,0,,0.0,1,
TRAIN,6bbyqk3u,286,0,1,2,1080,1920,1,0.80078125,6.40625,0.9983515739440918,1,2866,0.0013821373456790124,7192,0.3984983314794216,0.6512074643249177,976.1849267271458,503.23656664340547,974.3170422088226,519.6207553157727,1,4307,0.5922308546059933,0.0,2,0.4200478792190552
TRAIN,6bbyqk3u,286,1,2,2,1080,1920,1,0.38671875,1.6484375,0.8386797308921814,1,1279,0.0006168016975308642,122,10.48360655737705,0.0,846.3737294761532,480.4941360437842,,,1,811,0.2806372549019608,0.0,1,0.473860502243042
TRAIN,6bbyqk3u,287,0,1,2,1080,1920,1,0.494140625,0.82421875,0.6951311230659485,1,1795,0.0008656442901234568,7192,0.24958286985539488,0.06659038901601831,959.1325905292479,561.715877437326,976.1849267271458,503.23656664340547,0,0,0.0,0.0,2,0.4966285824775696
TRAIN,6bbyqk3u,287,1,2,2,1080,1920,1,0.189453125,1.796875,0.8577680587768555,1,672,0.00032407407407407406,122,5.508196721311475,0.3558026407227241,848.1666666666666,477.2842261904762,846.3737294761532,480.4941360437842,1,214,0.020737327188940093,0.0,1,0.3785654902458191
TRAIN,6bbyqk3u,288,0,1,2,1080,1920,1,0.90234375,7.75,0.9995694756507874,1,6160,0.002970679012345679,7192,0.8565072302558399,0.28763353836192945,965.6288961038961,518.4412337662337,959.1325905292479,561.715877437326,1,6861,0.8697587593337163,0.0,2,0.4653032124042511
TRAIN,6bbyqk3u,288,1,2,2,1080,1920,1,0.07470703125,0.259765625,0.564578652381897,1,1250,0.0006028163580246913,122,10.245901639344263,0.31824417009602196,842.62,466.2856,848.1666666666666,477.2842261904762,0,0,0.0,0.0,1,0.3759983777999878
TRAIN,6bbyqk3u,289,0,1,2,1080,1920,1,0.8984375,8.3125,0.9997546076774597,1,6228,0.003003472222222222,7192,0.8659621802002224,0.9310989867498052,965.0722543352601,516.7846820809249,965.6288961038961,518.4412337662337,1,7055,0.8366980088495575,0.0,2,0.38985690474510193
TRAIN,6bbyqk3u,289,1,2,2,1080,1920,1,0.451171875,1.3984375,0.8019358515739441,1,1452,0.0007002314814814815,122,11.901639344262295,0.0,879.3436639118457,481.9690082644628,842.62,466.2856,0,0,0.0,0.0,1,0.43137693405151367
TRAIN,6bbyqk3u,290,0,1,2,1080,1920,1,0.8984375,8.4375,0.999783456325531,1,6402,0.0030873842592592593,7192,0.8901557285873193,0.9445727482678984,964.9965635738831,516.9860980943455,965.0722543352601,516.7846820809249,1,7105,0.8230530435956269,0.0,2,0.40537452697753906
TRAIN,6bbyqk3u,290,1,2,2,1080,1920,1,0.0791015625,1.1015625,0.750552773475647,1,704,0.00033950617283950616,122,5.770491803278689,0.20044543429844097,872.6590909090909,460.984375,879.3436639118457,481.9690082644628,0,0,0.0,0.0,1,0.3310988247394562
TRAIN,6bbyqk3u,291,0,1,2,1080,1920,1,0.90625,8.0625,0.9996849298477173,1,5992,0.0028896604938271606,7192,0.8331479421579533,0.9032555282555282,965.3261014686249,519.2139519359146,964.9965635738831,516.9860980943455,1,6902,0.8209292472814574,0.0,2,0.3484785556793213
TRAIN,6bbyqk3u,291,1,2,2,1080,1920,1,0.0419921875,1.203125,0.7690802216529846,1,2018,0.0009731867283950617,122,16.540983606557376,0.12525837122778008,889.1149653121903,474.3790882061447,872.6590909090909,460.984375,1,29,0.0,0.0,1,0.4200337529182434
TRAIN,6bbyqk3u,292,0,1,2,1080,1920,1,0.90234375,7.96875,0.9996540546417236,1,5813,0.002803337191358025,7192,0.8082591768631813,0.9432098765432099,964.9459831412352,521.0887665577154,965.3261014686249,519.2139519359146,1,7028,0.8131883648686812,0.0,2,0.33006876707077026
TRAIN,6bbyqk3u,292,1,2,2,1080,1920,1,0.26953125,2.296875,0.9086179733276367,1,1306,0.0006298225308641975,122,10.704918032786885,0.5122838944494995,892.8147013782542,480.5490045941807,889.1149653121903,474.3790882061447,1,1033,0.0,0.0,1,0.458587646484375
TRAIN,6bbyqk3u,293,0,1,2,1080,1920,1,0.90625,7.34375,0.99935382604599,1,5934,0.0028616898148148147,7192,0.825083426028921,0.9500332005312085,964.9039433771486,521.0449949443882,964.9459831412352,521.0887665577154,1,7052,0.8147009502515372,0.0,2,0.33250856399536133
TRAIN,6bbyqk3u,293,1,2,2,1080,1920,1,0.00689697265625,1.015625,0.7341195344924927,1,215,0.00010368441358024692,122,1.7622950819672132,0.0013166556945358788,859.0837209302325,425.3767441860465,892.8147013782542,480.5490045941807,1,2366,0.0,0.0,1,0.3484024405479431
TRAIN,6bbyqk3u,294,0,1,2,1080,1920,1,0.9140625,7.3125,0.9993333220481873,1,6196,0.0029880401234567903,7192,0.8615127919911012,0.9482814005782204,964.8294060684312,520.4488379599742,964.9039433771486,521.0449949443882,1,6975,0.8367033886487241,0.0,2,0.3286879360675812
TRAIN,6bbyqk3u,294,1,2,2,1080,1920,1,0.10986328125,1.3125,0.7879312038421631,1,356,0.0001716820987654321,122,2.918032786885246,0.21748400852878466,862.4634831460675,432.9719101123595,859.0837209302325,425.3767441860465,1,2701,0.0003272251308900524,0.0,1,0.38247671723365784
TRAIN,6bbyqk3u,295,0,1,2,1080,1920,1,0.9140625,7.5625,0.999480664730072,1,6063,0.0029239004629629628,7192,0.8430200222469411,0.9100966033032097,964.6981692231568,523.5099785584694,964.8294060684312,520.4488379599742,1,6849,0.8450985995998856,0.0,2,0.34032317996025085
TRAIN,6bbyqk3u,295,1,2,2,1080,1920,1,0.006103515625,0.9765625,0.7264255881309509,1,224,0.0001080246913580247,122,1.8360655737704918,0.1485148514851485,874.8303571428571,431.89732142857144,862.4634831460675,432.9719101123595,1,2886,0.000321646831778707,0.0,1,0.3496483564376831
TRAIN,6bbyqk3u,296,0,1,2,1080,1920,1,0.9140625,7.125,0.9991958737373352,1,6265,0.003021315586419753,7192,0.8711067853170189,0.9319855821971478,964.9786113328013,522.5278531524342,964.6981692231568,523.5099785584694,1,6836,0.8622601279317698,0.0,2,0.38053542375564575
TRAIN,6bbyqk3u,296,1,2,2,1080,1920,1,0.1796875,1.8203125,0.8606036305427551,1,649,0.0003129822530864198,122,5.319672131147541,0.012761020881670533,859.0785824345146,471.4838212634823,874.8303571428571,431.89732142857144,1,3095,0.0024096385542168677,0.0,1,0.42083895206451416
TRAIN,6bbyqk3u,297,0,1,2,1080,1920,1,0.91015625,7.78125,0.9995827078819275,1,6206,0.002992862654320988,7192,0.8629032258064516,0.9413138231631383,965.4376409925878,523.4184660006446,964.9786113328013,522.5278531524342,1,6957,0.8534215713883413,0.0,2,0.3712232708930969
TRAIN,6bbyqk3u,297,1,2,2,1080,1920,1,0.6015625,2.40625,0.917302668094635,1,1633,0.0007875192901234568,122,13.385245901639344,0.3534994068801898,862.5223515003062,483.56582976117573,859.0785824345146,471.4838212634823,1,2928,0.0,0.0,1,0.4115975499153137
TRAIN,6bbyqk3u,298,0,1,2,1080,1920,1,0.8671875,7.59375,0.9994966983795166,1,5626,0.002713155864197531,7192,0.782258064516129,0.6963440860215053,962.240668325631,532.7822609313899,965.4376409925878,523.4184660006446,1,5593,0.9118950238582141,0.0,2,0.4214477837085724
TRAIN,6bbyqk3u,298,1,2,2,1080,1920,1,0.1767578125,2.859375,0.9458011984825134,1,1633,0.0007875192901234568,122,13.385245901639344,0.6264940239043825,861.162890385793,492.4537660747091,862.5223515003062,483.56582976117573,1,3140,0.006962025316455696,0.0,1,0.38487130403518677
TRAIN,6bbyqk3u,299,0,1,2,1080,1920,1,0.6875,5.28125,0.9949396848678589,1,1479,0.0007132523148148148,7192,0.2056451612903226,0.2502199542495161,950.5557809330629,558.1095334685598,962.240668325631,532.7822609313899,1,1525,0.7165714285714285,0.0,2,0.4390462636947632
TRAIN,6bbyqk3u,299,1,2,2,1080,1920,1,0.5234375,2.84375,0.9449946880340576,1,1655,0.0007981288580246914,122,13.565573770491802,0.5502121640735502,866.5033232628399,498.06827794561934,861.162890385793,492.4537660747091,1,3362,0.0019972039145196726,0.0,1,0.3831602931022644
TRAIN,6bbyqk3u,300,0,1,2,1080,1920,1,2.3647750424515834e-14,-1.5,0.18242552876472473,0,0,0.0,7192,0.0,0.0,,,950.5557809330629,558.1095334685598,0,0,,0.0,2,
TRAIN,6bbyqk3u,300,1,2,2,1080,1920,1,0.09423828125,2.59375,0.9304582476615906,1,363,0.00017505787037037037,122,2.9754098360655736,0.0967391304347826,853.6280991735537,458.8484848484849,866.5033232628399,498.06827794561934,1,3702,0.009436304941643903,0.0,1,0.2987869381904602
TRAIN,6bbyqk3u,301,0,1,2,1080,1920,1,7.884065213396045e-25,-4.375,0.012431650422513485,0,0,0.0,7192,0.0,,,,,,0,0,,0.0,2,
TRAIN,6bbyqk3u,301,1,2,2,1080,1920,1,0.44921875,2.171875,0.8976953029632568,1,807,0.0003891782407407407,122,6.614754098360656,0.03631532329495128,857.0359355638166,484.3543990086741,853.6280991735537,458.8484848484849,1,3845,0.003451251078515962,0.0,1,0.31882011890411377
TRAIN,6bbyqk3u,302,0,1,2,1080,1920,1,0.33203125,2.015625,0.8824278712272644,1,853,0.0004113618827160494,7192,0.1186040044493882,0.0,991.9355216881594,488.8171160609613,,,1,982,0.3502575423105224,0.0,2,0.4322148561477661
TRAIN,6bbyqk3u,302,1,2,2,1080,1920,1,0.451171875,2.109375,0.8918110132217407,1,826,0.00039834104938271604,122,6.770491803278689,0.5686839577329491,855.047215496368,484.24818401937046,857.0359355638166,484.3543990086741,1,3755,0.005266622778143515,0.0,1,0.29167380928993225
TRAIN,6bbyqk3u,303,0,1,2,1080,1920,1,0.89453125,6.96875,0.9990600943565369,1,6131,0.002956693672839506,7192,0.8524749721913237,0.0012903225806451613,965.7215788615234,536.4421790898712,991.9355216881594,488.8171160609613,1,7212,0.8119228680065183,0.0,2,0.4560323655605316
TRAIN,6bbyqk3u,303,1,2,2,1080,1920,1,0.10107421875,0.421875,0.6039317846298218,1,65,3.134645061728395e-05,122,0.5327868852459017,0.0,825.4153846153846,447.4769230769231,855.047215496368,484.24818401937046,1,2804,0.023181169757489302,0.0,1,0.2732608914375305
TRAIN,6bbyqk3u,304,0,1,2,1080,1920,1,0.90625,8.0,0.9996646642684937,1,6668,0.0032156635802469136,7192,0.9271412680756396,0.6285786995800993,960.0607378524295,522.0866826634673,965.7215788615234,536.4421790898712,1,7159,0.8119512514742497,0.0,2,0.45354411005973816
TRAIN,6bbyqk3u,304,1,2,2,1080,1920,1,2.3245294578089215e-16,-0.95703125,0.27747300267219543,0,0,0.0,122,0.0,0.0,,,825.4153846153846,447.4769230769231,0,0,,0.0,1,
TRAIN,6bbyqk3u,305,0,1,2,1080,1920,1,0.9140625,8.1875,0.9997219443321228,1,6459,0.0031148726851851854,7192,0.8980812013348165,0.9267576691618964,959.0915002322341,522.9117510450534,960.0607378524295,522.0866826634673,1,7077,0.8249966293649723,0.0,2,0.35519129037857056
TRAIN,6bbyqk3u,305,1,2,2,1080,1920,1,1.014588720084573e-24,-1.828125,0.13846178352832794,0,0,0.0,122,0.0,,,,,,0,0,,0.0,1,
TRAIN,6bbyqk3u,306,0,1,2,1080,1920,1,0.90234375,6.78125,0.9988664388656616,1,6706,0.003233989197530864,7192,0.9324249165739711,0.9440342587123449,959.239934387116,521.9540709812109,959.0915002322341,522.9117510450534,1,7273,0.8140410070075266,0.0,2,0.2666689455509186
TRAIN,6bbyqk3u,306,1,2,2,1080,1920,1,7.792703114739563e-20,-1.171875,0.23651622235774994,0,0,0.0,122,0.0,,,,,,0,0,,0.0,1,
TRAIN,6bbyqk3u,307,0,1,2,1080,1920,1,0.90625,7.375,0.999373733997345,1,6582,0.003174189814814815,7192,0.9151835372636262,0.884822695035461,957.7835004557885,523.6780613795199,959.239934387116,521.9540709812109,1,7452,0.8233077822528257,0.0,2,0.3435342609882355
TRAIN,6bbyqk3u,307,1,2,2,1080,1920,1,2.983724378680108e-16,-0.9140625,0.28616926074028015,0,0,0.0,122,0.0,,,,,,1,828,0.0,0.0,1,
TRAIN,6bbyqk3u,308,0,1,2,1080,1920,1,0.9140625,7.59375,0.9994966983795166,1,6485,0.0031274112654320987,7192,0.9016963292547274,0.89569128100972,958.7037779491134,521.1967617579029,957.7835004557885,523.6780613795199,1,7250,0.8267056789466685,0.0,2,0.35863393545150757
TRAIN,6bbyqk3u,308,1,2,2,1080,1920,1,0.14453125,0.8515625,0.700894832611084,1,103,4.967206790123457e-05,122,0.8442622950819673,0.0,836.4466019417475,435.0388349514563,,,1,3413,0.023282887077997673,0.0,1,0.2895955741405487
TRAIN,6bbyqk3u,309,0,1,2,1080,1920,1,0.9140625,7.75,0.9995694756507874,1,6426,0.0030989583333333333,7192,0.8934927697441601,0.9461863129333735,958.6118892001244,522.2331154684096,958.7037779491134,521.1967617579029,1,7453,0.8178127046496398,0.0,2,0.3172978460788727
TRAIN,6bbyqk3u,309,1,2,2,1080,1920,1,0.099609375,1.71875,0.8479677438735962,1,90,4.340277777777778e-05,122,0.7377049180327869,0.5317460317460317,837.4,433.77777777777777,836.4466019417475,435.0388349514563,1,3682,0.023053973420124763,0.0,1,0.3082921802997589
