split,video,frame_idx,obj_idx,object_id,n_objects,baseline_memory_encoded,pointer_valid,pointer_is_no_obj_sentinel,object_score_logit,object_score_prob,self_anchor_cos_fp32,max_tracked_competitor_cos_fp32,competitor_object_id,identity_margin_fp32,distance_to_no_obj_ptr,max_abs_diff_to_no_obj_ptr,obj_ptr_l2_norm
TRAIN,0f7r7f3f,1,0,1,2,1,1,0,6.96875,0.9990600943565369,0.41679394245147705,0.31360068917274475,2,0.1031932532787323,12.225098609924316,2.2319233417510986,11.220808029174805
TRAIN,0f7r7f3f,1,1,2,2,1,1,0,8.0625,0.9996849298477173,0.2781391143798828,0.31764695048332214,1,-0.03950783610343933,10.809732437133789,2.195908546447754,9.792837142944336
TRAIN,0f7r7f3f,2,0,1,2,1,1,0,6.75,0.9988304972648621,0.5112795233726501,0.43096432089805603,2,0.08031520247459412,10.604486465454102,1.7467870712280273,9.53176498413086
TRAIN,0f7r7f3f,2,1,2,2,1,1,0,7.9375,0.9996429681777954,0.2898334860801697,0.35333380103111267,1,-0.063500314950943,11.217233657836914,2.164658546447754,10.156163215637207
TRAIN,0f7r7f3f,3,0,1,2,1,1,0,7.28125,0.999312162399292,0.5117396116256714,0.4142955541610718,2,0.09744405746459961,10.5408935546875,1.6957221031188965,9.42294692993164
TRAIN,0f7r7f3f,3,1,2,2,1,1,0,8.125,0.9997040629386902,0.2535242438316345,0.28596121072769165,1,-0.03243696689605713,11.398414611816406,2.195908546447754,10.520496368408203
TRAIN,0f7r7f3f,4,0,1,2,1,1,0,7.4375,0.9994115829467773,0.5218612551689148,0.3729811906814575,2,0.14888006448745728,12.53225326538086,1.9930837154388428,11.64231014251709
TRAIN,0f7r7f3f,4,1,2,2,1,1,0,8.3125,0.9997546076774597,0.24325373768806458,0.25985923409461975,1,-0.016605496406555176,10.595375061035156,2.0287983417510986,9.826090812683105
TRAIN,0f7r7f3f,5,0,1,2,1,1,0,7.375,0.999373733997345,0.47157737612724304,0.34589827060699463,2,0.1256791055202484,12.04610824584961,2.000596046447754,11.07193660736084
TRAIN,0f7r7f3f,5,1,2,2,1,1,0,8.375,0.9997695088386536,0.3131110668182373,0.3401602804660797,1,-0.027049213647842407,11.056859970092773,2.109971046447754,10.063817977905273
TRAIN,0f7r7f3f,6,0,1,2,1,1,0,7.28125,0.999312162399292,0.45122167468070984,0.3320739269256592,2,0.11914774775505066,12.172199249267578,2.0912983417510986,11.285297393798828
TRAIN,0f7r7f3f,6,1,2,2,1,1,0,8.25,0.9997387528419495,0.2993776500225067,0.39502355456352234,1,-0.09564590454101562,11.960453033447266,2.031846046447754,11.01907730102539
TRAIN,0f7r7f3f,7,0,1,2,1,1,0,6.625,0.9986749291419983,0.5623935461044312,0.39255836606025696,2,0.1698351800441742,11.623682022094727,1.9540212154388428,10.571996688842773
TRAIN,0f7r7f3f,7,1,2,2,1,1,0,7.875,0.9996199607849121,0.2899720072746277,0.30976465344429016,1,-0.019792646169662476,10.750265121459961,1.914658546447754,9.854848861694336
TRAIN,0f7r7f3f,8,0,1,2,1,1,0,6.28125,0.9981324076652527,0.47383055090904236,0.346591055393219,2,0.12723949551582336,10.7057466506958,1.5555837154388428,9.696760177612305
TRAIN,0f7r7f3f,8,1,2,2,1,1,0,7.59375,0.9994966983795166,0.237340047955513,0.28080955147743225,1,-0.04346950352191925,11.096388816833496,2.109971046447754,10.262392044067383
TRAIN,0f7r7f3f,9,0,1,2,1,1,0,6.59375,0.9986329674720764,0.47979795932769775,0.3566838502883911,2,0.12311410903930664,11.302810668945312,2.086533546447754,10.203974723815918
TRAIN,0f7r7f3f,9,1,2,2,1,1,0,7.90625,0.9996316432952881,0.27229031920433044,0.33163827657699585,1,-0.059347957372665405,10.808658599853516,1.969346046447754,9.914728164672852
TRAIN,0f7r7f3f,10,0,1,2,1,1,0,5.65625,0.9965165853500366,0.4706977903842926,0.3637726902961731,2,0.1069251000881195,10.467369079589844,1.680283546447754,9.372334480285645
TRAIN,0f7r7f3f,10,1,2,2,1,1,0,7.71875,0.999555766582489,0.28530898690223694,0.3433030843734741,1,-0.05799409747123718,11.055158615112305,1.875596046447754,10.229915618896484
TRAIN,0f7r7f3f,11,0,1,2,1,1,0,5.9375,0.997368335723877,0.5570204854011536,0.4153987467288971,2,0.14162173867225647,10.594902038574219,1.7635397911071777,9.571792602539062
TRAIN,0f7r7f3f,11,1,2,2,1,1,0,8.1875,0.9997219443321228,0.3846927583217621,0.48378628492355347,1,-0.09909352660179138,11.10362434387207,1.8729147911071777,10.091209411621094
TRAIN,0f7r7f3f,12,0,1,2,1,1,0,6.5,0.998498797416687,0.4889593720436096,0.3788342773914337,2,0.1101250946521759,11.44998836517334,2.078721046447754,10.350489616394043
TRAIN,0f7r7f3f,12,1,2,2,1,1,0,8.125,0.9997040629386902,0.2404942810535431,0.2872054874897003,1,-0.04671120643615723,11.662904739379883,2.281846046447754,10.763601303100586
TRAIN,0f7r7f3f,13,0,1,2,1,1,0,6.09375,0.9977481961250305,0.4485263228416443,0.36127394437789917,2,0.08725237846374512,11.26318645477295,1.8725484609603882,10.332469940185547
TRAIN,0f7r7f3f,13,1,2,2,1,1,0,7.96875,0.9996540546417236,0.2831387221813202,0.3240102231502533,1,-0.040871500968933105,10.426554679870605,1.8803609609603882,9.571725845336914
TRAIN,0f7r7f3f,14,0,1,2,1,1,0,5.84375,0.9971103668212891,0.44182389974594116,0.29259416460990906,2,0.1492297351360321,11.972358703613281,1.9975484609603882,11.058937072753906
TRAIN,0f7r7f3f,14,1,2,2,1,1,0,7.625,0.9995121955871582,0.2799604833126068,0.36257243156433105,1,-0.08261194825172424,11.253774642944336,1.977158546447754,10.362191200256348
TRAIN,0f7r7f3f,15,0,1,2,1,1,0,6.3125,0.9981897473335266,0.4743291735649109,0.32774418592453003,2,0.14658498764038086,12.618193626403809,2.024033546447754,11.679437637329102
TRAIN,0f7r7f3f,15,1,2,2,1,1,0,8.125,0.9997040629386902,0.33122095465660095,0.3838392496109009,1,-0.05261829495429993,11.277289390563965,1.930283546447754,10.329214096069336
TRAIN,0f7r7f3f,16,0,1,2,1,1,0,6.4375,0.9984021782875061,0.45062708854675293,0.33302825689315796,2,0.11759883165359497,12.007732391357422,2.1225483417510986,11.123546600341797
TRAIN,0f7r7f3f,16,1,2,2,1,1,0,7.84375,0.9996079802513123,0.25179576873779297,0.28948724269866943,1,-0.037691473960876465,11.29941177368164,2.070908546447754,10.517032623291016
TRAIN,0f7r7f3f,17,0,1,2,1,1,0,6.4375,0.9984021782875061,0.4840107262134552,0.31263265013694763,2,0.17137807607650757,13.190218925476074,1.9696462154388428,12.279131889343262
TRAIN,0f7r7f3f,17,1,2,2,1,1,0,8.1875,0.9997219443321228,0.28490304946899414,0.3714272081851959,1,-0.08652415871620178,11.886100769042969,2.0444233417510986,11.034493446350098
TRAIN,0f7r7f3f,18,0,1,2,1,1,0,6.1875,0.9979493021965027,0.4348936676979065,0.2938891351222992,2,0.1410045325756073,11.915695190429688,1.977158546447754,10.982390403747559
TRAIN,0f7r7f3f,18,1,2,2,1,1,0,8.0625,0.9996849298477173,0.28911924362182617,0.33929577469825745,1,-0.050176531076431274,12.045748710632324,2.102158546447754,11.145978927612305
TRAIN,0f7r7f3f,19,0,1,2,1,1,0,6.3125,0.9981897473335266,0.3744649887084961,0.28047528862953186,2,0.09398970007896423,10.80794906616211,1.820908546447754,9.915823936462402
TRAIN,0f7r7f3f,19,1,2,2,1,1,0,7.8125,0.999595582485199,0.3101247251033783,0.3937934339046478,1,-0.08366870880126953,11.587246894836426,1.9573757648468018,10.680257797241211
TRAIN,0f7r7f3f,20,0,1,2,1,1,0,6.125,0.9978172779083252,0.4496913254261017,0.3028852343559265,2,0.14680609107017517,11.365593910217285,1.8959859609603882,10.441329956054688
TRAIN,0f7r7f3f,20,1,2,2,1,1,0,7.5,0.9994471669197083,0.3833693265914917,0.48030886054039,1,-0.09693953394889832,11.413856506347656,1.8338522911071777,10.383581161499023
TRAIN,0f7r7f3f,21,0,1,2,1,1,0,5.84375,0.9971103668212891,0.4315608739852905,0.2993984520435333,2,0.1321624219417572,11.89499282836914,2.3725483417510986,11.121264457702637
TRAIN,0f7r7f3f,21,1,2,2,1,1,0,7.9375,0.9996429681777954,0.2745818495750427,0.2859063446521759,1,-0.011324495077133179,11.467804908752441,2.2230007648468018,10.668927192687988
TRAIN,0f7r7f3f,22,0,1,2,1,1,0,5.8125,0.9970190525054932,0.4980316758155823,0.3267695903778076,2,0.17126208543777466,12.094555854797363,1.7587087154388428,11.284754753112793
TRAIN,0f7r7f3f,22,1,2,2,1,1,0,7.59375,0.9994966983795166,0.3032936453819275,0.3629480004310608,1,-0.0596543550491333,11.612284660339355,2.070908546447754,10.738710403442383
TRAIN,0f7r7f3f,23,0,1,2,1,1,0,5.8125,0.9970190525054932,0.5024580955505371,0.33232381939888,2,0.1701342761516571,11.593172073364258,1.7977712154388428,10.745713233947754
TRAIN,0f7r7f3f,23,1,2,2,1,1,0,7.75,0.9995694756507874,0.3134058713912964,0.4284669756889343,1,-0.11506110429763794,11.075428009033203,1.828721046447754,10.111308097839355
TRAIN,0f7r7f3f,24,0,1,2,1,1,0,6.4375,0.9984021782875061,0.44891196489334106,0.34173518419265747,2,0.1071767807006836,12.124499320983887,2.109971046447754,11.150586128234863
TRAIN,0f7r7f3f,24,1,2,2,1,1,0,7.625,0.9995121955871582,0.3106430768966675,0.35579490661621094,1,-0.04515182971954346,10.901634216308594,1.6911808252334595,10.046878814697266
TRAIN,0f7r7f3f,25,0,1,2,1,1,0,6.0,0.9975274205207825,0.48154395818710327,0.3689124882221222,2,0.11263146996498108,11.457331657409668,1.8133962154388428,10.478706359863281
TRAIN,0f7r7f3f,25,1,2,2,1,1,0,7.28125,0.999312162399292,0.261414498090744,0.3296351432800293,1,-0.06822064518928528,11.745999336242676,2.1136257648468018,10.883963584899902
TRAIN,0f7r7f3f,26,0,1,2,1,1,0,2.90625,0.9481545686721802,0.4237111508846283,0.28327909111976624,2,0.14043205976486206,12.58672046661377,2.1649587154388428,11.879193305969238
TRAIN,0f7r7f3f,26,1,2,2,1,1,0,6.3125,0.9981897473335266,0.2646612226963043,0.30816417932510376,1,-0.04350295662879944,10.56777572631836,1.8323757648468018,9.757852554321289
TRAIN,0f7r7f3f,27,0,1,2,1,1,0,5.15625,0.9942697286605835,0.49432700872421265,0.3546208441257477,2,0.13970616459846497,12.318582534790039,1.8055837154388428,11.315925598144531
TRAIN,0f7r7f3f,27,1,2,2,1,1,0,6.6875,0.9987550973892212,0.30730968713760376,0.36069419980049133,1,-0.05338451266288757,12.114255905151367,2.063096046447754,11.179658889770508
TRAIN,0f7r7f3f,28,0,1,2,1,1,0,5.0625,0.9937100410461426,0.4606514275074005,0.32322990894317627,2,0.13742151856422424,11.322343826293945,1.6147359609603882,10.394432067871094
TRAIN,0f7r7f3f,28,1,2,2,1,1,0,7.03125,0.9991169571876526,0.3343166708946228,0.4536377787590027,1,-0.11932110786437988,11.358930587768555,1.6697897911071777,10.385239601135254
TRAIN,0f7r7f3f,29,0,1,2,1,1,0,5.0625,0.9937100410461426,0.36590850353240967,0.2806740999221802,2,0.08523440361022949,11.243392944335938,2.094346046447754,10.363706588745117
TRAIN,0f7r7f3f,29,1,2,2,1,1,0,6.75,0.9988304972648621,0.28466737270355225,0.3571915030479431,1,-0.07252413034439087,11.241094589233398,1.8083683252334595,10.4358549118042
TRAIN,0f7r7f3f,30,0,1,2,1,1,0,5.3125,0.9950946569442749,0.46949946880340576,0.33569297194480896,2,0.1338064968585968,11.691880226135254,1.977158546447754,10.68465518951416
TRAIN,0f7r7f3f,30,1,2,2,1,1,0,7.09375,0.9991704225540161,0.2964977025985718,0.35822078585624695,1,-0.06172308325767517,11.737133026123047,2.180283546447754,10.864401817321777
TRAIN,0f7r7f3f,31,0,1,2,1,1,0,5.03125,0.9935117363929749,0.4382445216178894,0.3631976246833801,2,0.07504689693450928,10.280631065368652,1.7571808099746704,9.248621940612793
TRAIN,0f7r7f3f,31,1,2,2,1,1,0,6.5625,0.9985895752906799,0.34078121185302734,0.4573025703430176,1,-0.11652135848999023,11.0552396774292,1.7557272911071777,10.058517456054688
TRAIN,0f7r7f3f,32,0,1,2,1,1,0,5.3125,0.9950946569442749,0.5811629295349121,0.41639482975006104,2,0.16476809978485107,11.409967422485352,2.0633962154388428,10.322015762329102
TRAIN,0f7r7f3f,32,1,2,2,1,1,0,6.90625,0.9989995360374451,0.2573259770870209,0.3277429938316345,1,-0.07041701674461365,12.501724243164062,2.2631733417510986,11.734402656555176
TRAIN,0f7r7f3f,33,0,1,2,1,1,0,5.46875,0.9958011507987976,0.5401419997215271,0.38842126727104187,2,0.15172073245048523,13.21358585357666,2.1175971031188965,12.279518127441406
TRAIN,0f7r7f3f,33,1,2,2,1,1,0,6.75,0.9988304972648621,0.31122201681137085,0.3594468832015991,1,-0.04822486639022827,10.752403259277344,1.8256734609603882,9.891845703125
TRAIN,0f7r7f3f,34,0,1,2,1,1,0,5.375,0.9953904151916504,0.4965316355228424,0.3376474380493164,2,0.158884197473526,11.104755401611328,1.6883962154388428,10.173205375671387
TRAIN,0f7r7f3f,34,1,2,2,1,1,0,7.15625,0.999220609664917,0.3153615891933441,0.42110076546669006,1,-0.10573917627334595,11.692292213439941,1.9428609609603882,10.733465194702148
TRAIN,0f7r7f3f,35,0,1,2,1,1,0,5.15625,0.9942697286605835,0.5081087946891785,0.33078819513320923,2,0.17732059955596924,12.827008247375488,2.0712087154388428,11.892135620117188
TRAIN,0f7r7f3f,35,1,2,2,1,1,0,6.71875,0.998793363571167,0.2808077931404114,0.3378678858280182,1,-0.05706009268760681,11.879372596740723,2.0756733417510986,11.060550689697266
TRAIN,0f7r7f3f,36,0,1,2,1,1,0,4.78125,0.9916841983795166,0.44453468918800354,0.27474284172058105,2,0.16979184746742249,12.720803260803223,1.9149587154388428,11.976037979125977
TRAIN,0f7r7f3f,36,1,2,2,1,1,0,6.71875,0.998793363571167,0.28098446130752563,0.30495500564575195,1,-0.02397054433822632,10.626581192016602,1.914658546447754,9.678678512573242
TRAIN,0f7r7f3f,37,0,1,2,1,1,0,4.0,0.9820137619972229,0.47387802600860596,0.35962432622909546,2,0.1142536997795105,11.991626739501953,1.9144721031188965,11.135189056396484
TRAIN,0f7r7f3f,37,1,2,2,1,1,0,6.875,0.9989677667617798,0.2942875027656555,0.3751002252101898,1,-0.0808127224445343,11.98029613494873,2.2631733417510986,11.16112995147705
TRAIN,0f7r7f3f,38,0,1,2,1,1,0,2.25,0.9046505093574524,0.3822772800922394,0.32143306732177734,2,0.060844212770462036,9.651982307434082,1.6459859609603882,9.103782653808594
TRAIN,0f7r7f3f,38,1,2,2,1,1,0,7.25,0.9992903470993042,0.2544262707233429,0.27822721004486084,1,-0.023800939321517944,11.601003646850586,2.2319233417510986,10.82206916809082
TRAIN,0f7r7f3f,39,0,1,2,1,1,0,0.5546875,0.6352224349975586,0.32686036825180054,0.2782232165336609,2,0.04863715171813965,11.20688247680664,2.091330051422119,11.206860542297363
TRAIN,0f7r7f3f,39,1,2,2,1,1,0,6.9375,0.9990302324295044,0.2837755084037781,0.3393005132675171,1,-0.055525004863739014,11.57810115814209,2.070908546447754,10.661661148071289
TRAIN,0f7r7f3f,40,0,1,2,1,1,0,0.109375,0.5273165106773376,0.33297625184059143,0.287905752658844,2,0.045070499181747437,11.1153564453125,2.060080051422119,11.08852767944336
TRAIN,0f7r7f3f,40,1,2,2,1,1,0,7.09375,0.9991704225540161,0.29184842109680176,0.33564528822898865,1,-0.04379686713218689,11.064375877380371,1.914658546447754,10.135814666748047
TRAIN,0f7r7f3f,41,0,1,2,1,0,1,-0.12158203125,0.46964189410209656,,,,,0.0,0.0,2.8216605186462402
TRAIN,0f7r7f3f,41,1,2,2,1,1,0,7.09375,0.9991704225540161,0.23219674825668335,0.2560105621814728,1,-0.02381381392478943,11.111605644226074,1.992783546447754,10.321593284606934
TRAIN,0f7r7f3f,42,0,1,2,1,1,0,0.1015625,0.5253688097000122,0.40349525213241577,0.33029690384864807,2,0.0731983482837677,11.17776870727539,1.9507050514221191,10.82471752166748
TRAIN,0f7r7f3f,42,1,2,2,1,1,0,7.40625,0.9993928670883179,0.2587171196937561,0.3101564943790436,1,-0.051439374685287476,11.893336296081543,2.141221046447754,11.055509567260742
TRAIN,0f7r7f3f,43,0,1,2,1,1,0,0.35546875,0.5879430770874023,0.37459468841552734,0.3310668468475342,2,0.043527841567993164,10.860876083374023,1.725935935974121,10.395270347595215
TRAIN,0f7r7f3f,43,1,2,2,1,1,0,7.375,0.999373733997345,0.3482826054096222,0.4234979450702667,1,-0.07521533966064453,11.22238540649414,1.8260397911071777,10.175126075744629
TRAIN,0f7r7f3f,44,0,1,2,1,1,0,0.87109375,0.7049732804298401,0.4200288951396942,0.28501713275909424,2,0.13501176238059998,13.400630950927734,2.231955051422119,12.816418647766113
TRAIN,0f7r7f3f,44,1,2,2,1,1,0,7.21875,0.9992678761482239,0.35706573724746704,0.4824000298976898,1,-0.12533429265022278,11.570878028869629,1.9588522911071777,10.692914009094238
TRAIN,0f7r7f3f,45,0,1,2,1,1,0,0.6015625,0.6460136771202087,0.2945723831653595,0.23919570446014404,2,0.055376678705215454,9.952644348144531,1.7710175514221191,9.650899887084961
TRAIN,0f7r7f3f,45,1,2,2,1,1,0,6.96875,0.9990600943565369,0.2812831997871399,0.3270120918750763,1,-0.0457288920879364,10.78572940826416,1.8334859609603882,9.974864959716797
TRAIN,0f7r7f3f,46,0,1,2,1,1,0,0.5625,0.637030839920044,0.29492872953414917,0.24885088205337524,2,0.046077847480773926,9.976746559143066,1.6701817512512207,9.439592361450195
TRAIN,0f7r7f3f,46,1,2,2,1,1,0,7.40625,0.9993928670883179,0.3784782290458679,0.4071212112903595,1,-0.028642982244491577,9.803431510925293,1.6764745712280273,8.779048919677734
TRAIN,0f7r7f3f,47,0,1,2,1,1,0,1.765625,0.8539127111434937,0.447495698928833,0.3364080786705017,2,0.1110876202583313,10.810322761535645,1.6337087154388428,9.848695755004883
TRAIN,0f7r7f3f,47,1,2,2,1,1,0,7.375,0.999373733997345,0.2875184118747711,0.36207419633865356,1,-0.07455578446388245,11.821030616760254,1.969346046447754,10.912736892700195
TRAIN,0f7r7f3f,48,0,1,2,1,1,0,2.90625,0.9481545686721802,0.4777691662311554,0.38090765476226807,2,0.09686151146888733,12.242792129516602,1.8837087154388428,10.942842483520508
TRAIN,0f7r7f3f,48,1,2,2,1,1,0,7.40625,0.9993928670883179,0.3601123094558716,0.42821934819221497,1,-0.06810703873634338,11.07632827758789,1.9573757648468018,10.080986022949219
TRAIN,0f7r7f3f,49,0,1,2,1,1,0,2.5,0.9241418242454529,0.2981484830379486,0.25185632705688477,2,0.04629215598106384,9.32547664642334,1.7084859609603882,9.03858470916748
TRAIN,0f7r7f3f,49,1,2,2,1,1,0,7.6875,0.9995417594909668,0.299408882856369,0.3447002172470093,1,-0.04529133439064026,10.404013633728027,1.8647359609603882,9.632356643676758
TRAIN,0f7r7f3f,50,0,1,2,1,1,0,0.466796875,0.6146253347396851,0.3176829516887665,0.27968382835388184,2,0.037999123334884644,10.045315742492676,1.7632050514221191,9.824938774108887
TRAIN,0f7r7f3f,50,1,2,2,1,1,0,6.8125,0.9989012479782104,0.2740582823753357,0.3313656747341156,1,-0.05730739235877991,10.901810646057129,1.9116109609603882,10.170173645019531
TRAIN,0f7r7f3f,51,0,1,2,1,1,0,1.421875,0.8056321740150452,0.20595324039459229,0.19235306978225708,2,0.013600170612335205,11.347122192382812,2.2162983417510986,11.05408763885498
TRAIN,0f7r7f3f,51,1,2,2,1,1,0,7.5,0.9994471669197083,0.2797601819038391,0.302452027797699,1,-0.022691845893859863,11.480860710144043,2.031846046447754,10.580492973327637
TRAIN,0f7r7f3f,52,0,1,2,1,1,0,2.0,0.8807970285415649,0.5267744660377502,0.35994741320610046,2,0.16682705283164978,14.363726615905762,2.5790212154388428,13.480792045593262
TRAIN,0f7r7f3f,52,1,2,2,1,1,0,7.375,0.999373733997345,0.29145944118499756,0.3458486795425415,1,-0.054389238357543945,10.781598091125488,1.813096046447754,9.833719253540039
TRAIN,0f7r7f3f,53,0,1,2,1,1,0,1.5859375,0.8300437331199646,0.3542640209197998,0.3127599358558655,2,0.041504085063934326,10.127222061157227,1.5991109609603882,9.473726272583008
TRAIN,0f7r7f3f,53,1,2,2,1,1,0,7.21875,0.9992678761482239,0.2050444483757019,0.20712994039058685,1,-0.0020854920148849487,11.298830032348633,1.9724308252334595,10.697772979736328
TRAIN,0f7r7f3f,54,0,1,2,1,1,0,1.0078125,0.7325918078422546,0.3213905692100525,0.28019770979881287,2,0.041192859411239624,11.188026428222656,2.1225483417510986,10.888319969177246
TRAIN,0f7r7f3f,54,1,2,2,1,1,0,7.40625,0.9993928670883179,0.3124442398548126,0.3685675263404846,1,-0.056123286485672,11.173051834106445,1.899033546447754,10.151246070861816
TRAIN,0f7r7f3f,55,0,1,2,1,1,0,0.86328125,0.703345775604248,0.3776152729988098,0.2794996201992035,2,0.09811565279960632,12.219368934631348,2.2787983417510986,12.002033233642578
TRAIN,0f7r7f3f,55,1,2,2,1,1,0,7.5,0.9994471669197083,0.24782569706439972,0.2825389504432678,1,-0.0347132533788681,12.087983131408691,2.17555570602417,11.2568998336792
TRAIN,0f7r7f3f,56,0,1,2,1,1,0,0.73828125,0.6766199469566345,0.29628780484199524,0.22370268404483795,2,0.07258512079715729,11.425169944763184,2.0287983417510986,11.017447471618652
TRAIN,0f7r7f3f,56,1,2,2,1,1,0,6.53125,0.9985449314117432,0.3380930423736572,0.44491860270500183,1,-0.1068255603313446,11.937938690185547,1.9432272911071777,10.900924682617188
TRAIN,0f7r7f3f,57,0,1,2,1,1,0,0.6875,0.665410578250885,0.36747294664382935,0.24925440549850464,2,0.11821854114532471,11.948155403137207,2.013205051422119,11.395852088928223
TRAIN,0f7r7f3f,57,1,2,2,1,1,0,6.3125,0.9981897473335266,0.2776798903942108,0.3561723828315735,1,-0.07849249243736267,12.02319049835205,1.9116109609603882,11.192638397216797
TRAIN,0f7r7f3f,58,0,1,2,1,1,0,0.2099609375,0.5522982478141785,0.30361059308052063,0.24414154887199402,2,0.05946904420852661,12.42225456237793,2.3412983417510986,12.513307571411133
TRAIN,0f7r7f3f,58,1,2,2,1,1,0,6.75,0.9988304972648621,0.3116612136363983,0.3753700256347656,1,-0.06370881199836731,10.585986137390137,1.6868683099746704,9.634861946105957
TRAIN,0f7r7f3f,59,0,1,2,1,1,0,0.322265625,0.5798763036727905,0.29486867785453796,0.2284696251153946,2,0.06639905273914337,12.692140579223633,2.153830051422119,12.440963745117188
TRAIN,0f7r7f3f,59,1,2,2,1,1,0,6.28125,0.9981324076652527,0.29968389868736267,0.32998359203338623,1,-0.03029969334602356,11.60307788848877,1.744488000869751,10.777826309204102
TRAIN,0f7r7f3f,60,0,1,2,1,0,1,-0.5390625,0.36840569972991943,,,,,0.0,0.0,2.8216605186462402
TRAIN,0f7r7f3f,60,1,2,2,1,1,0,5.40625,0.9955315589904785,0.3004229664802551,0.3981052041053772,1,-0.09768223762512207,10.87309455871582,1.7430837154388428,10.020392417907715
TRAIN,0f7r7f3f,61,0,1,2,1,0,1,-0.1337890625,0.46660250425338745,,,,,0.0,0.0,2.8216605186462402
TRAIN,0f7r7f3f,61,1,2,2,1,1,0,6.96875,0.9990600943565369,0.32311195135116577,0.3652048707008362,1,-0.04209291934967041,10.561442375183105,1.852158546447754,9.453478813171387
TRAIN,0f7r7f3f,62,0,1,2,1,1,0,0.427734375,0.6053325533866882,0.2789357006549835,0.19534365832805634,2,0.08359204232692719,12.124495506286621,1.9585175514221191,11.796632766723633
TRAIN,0f7r7f3f,62,1,2,2,1,1,0,6.53125,0.9985449314117432,0.2453109174966812,0.28966864943504333,1,-0.04435773193836212,12.06566047668457,2.164658546447754,11.208802223205566
TRAIN,0f7r7f3f,63,0,1,2,1,0,1,-0.08935546875,0.47767600417137146,,,,,0.0,0.0,2.8216605186462402
TRAIN,0f7r7f3f,63,1,2,2,1,1,0,6.53125,0.9985449314117432,0.2988150715827942,0.32642313838005066,1,-0.02760806679725647,10.813797950744629,1.8353058099746704,9.900646209716797
TRAIN,0f7r7f3f,64,0,1,2,1,1,0,0.1142578125,0.528533399105072,0.3390619158744812,0.23381222784519196,2,0.10524968802928925,11.689412117004395,2.044455051422119,11.351357460021973
TRAIN,0f7r7f3f,64,1,2,2,1,1,0,6.875,0.9989677667617798,0.3158998191356659,0.35951805114746094,1,-0.043618232011795044,10.261710166931152,1.7024933099746704,9.230020523071289
TRAIN,0f7r7f3f,65,0,1,2,1,1,0,0.00408935546875,0.5010223388671875,0.3058653771877289,0.22791928052902222,2,0.07794609665870667,11.408520698547363,1.8882050514221191,11.06460189819336
TRAIN,0f7r7f3f,65,1,2,2,1,1,0,7.03125,0.9991169571876526,0.3424261808395386,0.3380138576030731,1,0.004412323236465454,10.080246925354004,1.5931183099746704,9.051287651062012
TRAIN,0f7r7f3f,66,0,1,2,1,0,1,-0.7734375,0.31573596596717834,,,,,0.0,0.0,2.8216605186462402
TRAIN,0f7r7f3f,66,1,2,2,1,1,0,6.90625,0.9989995360374451,0.32827675342559814,0.31257447600364685,1,0.015702277421951294,11.034658432006836,1.9993683099746704,10.127751350402832
TRAIN,0f7r7f3f,67,0,1,2,1,0,1,-1.4296875,0.19314736127853394,,,,,0.0,0.0,2.8216605186462402
TRAIN,0f7r7f3f,67,1,2,2,1,1,0,6.3125,0.9981897473335266,0.3349620997905731,0.33404701948165894,1,0.0009150803089141846,10.544000625610352,1.9134308099746704,9.628332138061523
TRAIN,0f7r7f3f,68,0,1,2,1,0,1,-1.5703125,0.17217184603214264,,,,,0.0,0.0,2.8216605186462402
TRAIN,0f7r7f3f,68,1,2,2,1,1,0,5.8125,0.9970190525054932,0.38059002161026,0.41915619373321533,1,-0.03856617212295532,11.326003074645996,1.9915558099746704,10.384888648986816
TRAIN,0f7r7f3f,69,0,1,2,1,0,1,-1.90625,0.12940272688865662,,,,,0.0,0.0,2.8216605186462402
TRAIN,0f7r7f3f,69,1,2,2,1,1,0,5.875,0.9971990585327148,0.2782402038574219,0.2974342107772827,1,-0.01919400691986084,11.661956787109375,2.03843092918396,10.861906051635742
TRAIN,0f7r7f3f,70,0,1,2,1,0,1,-1.2421875,0.2240554392337799,,,,,0.0,0.0,2.8216605186462402
TRAIN,0f7r7f3f,70,1,2,2,1,1,0,6.84375,0.9989350438117981,0.3614497780799866,0.3643253445625305,1,-0.0028755664825439453,10.763900756835938,1.977158546447754,9.741996765136719
TRAIN,0f7r7f3f,71,0,1,2,1,0,1,-1.203125,0.23091977834701538,,,,,0.0,0.0,2.8216605186462402
TRAIN,0f7r7f3f,71,1,2,2,1,1,0,6.28125,0.9981324076652527,0.2642226815223694,0.26726362109184265,1,-0.0030409395694732666,10.950424194335938,1.9681183099746704,10.112371444702148
TRAIN,0f7r7f3f,72,0,1,2,1,0,1,-1.046875,0.25982561707496643,,,,,0.0,0.0,2.8216605186462402
TRAIN,0f7r7f3f,72,1,2,2,1,1,0,6.21875,0.9980121850967407,0.3242519795894623,0.3434416949748993,1,-0.01918971538543701,11.597643852233887,2.10093092918396,10.678667068481445
TRAIN,0f7r7f3f,73,0,1,2,1,0,1,-0.7265625,0.3259495198726654,,,,,0.0,0.0,2.8216605186462402
TRAIN,0f7r7f3f,73,1,2,2,1,1,0,6.5625,0.9985895752906799,0.35315415263175964,0.34349966049194336,1,0.009654492139816284,11.982894897460938,2.172471046447754,10.944079399108887
TRAIN,0f7r7f3f,74,0,1,2,1,1,0,1.359375,0.7956580519676208,0.47224050760269165,0.33532658219337463,2,0.13691392540931702,12.984046936035156,2.4696462154388428,12.049551963806152
TRAIN,0f7r7f3f,74,1,2,2,1,1,0,7.28125,0.999312162399292,0.2633448839187622,0.24782975018024445,1,0.015515133738517761,12.828888893127441,2.430283546447754,12.084308624267578
TRAIN,0f7r7f3f,75,0,1,2,1,1,0,1.4296875,0.8068526387214661,0.2976522147655487,0.27183106541633606,2,0.025821149349212646,9.388508796691895,1.6321808099746704,8.55443286895752
TRAIN,0f7r7f3f,75,1,2,2,1,1,0,7.15625,0.999220609664917,0.34277424216270447,0.3382141888141632,1,0.00456005334854126,11.120901107788086,1.859971046447754,10.284221649169922
TRAIN,0f7r7f3f,76,0,1,2,1,1,0,2.875,0.9465966820716858,0.3879433274269104,0.3439083993434906,2,0.0440349280834198,10.867621421813965,1.8743683099746704,9.749844551086426
TRAIN,0f7r7f3f,76,1,2,2,1,1,0,7.3125,0.9993333220481873,0.3092454671859741,0.3998106122016907,1,-0.09056514501571655,12.547114372253418,2.11305570602417,11.65320873260498
TRAIN,0f7r7f3f,77,0,1,2,1,1,0,3.515625,0.9711290597915649,0.4078627824783325,0.2895786464214325,2,0.11828413605690002,12.146986961364746,2.2162983417510986,11.208017349243164
TRAIN,0f7r7f3f,77,1,2,2,1,1,0,7.5,0.9994471669197083,0.3211972415447235,0.2915736436843872,1,0.029623597860336304,10.911083221435547,2.008408546447754,10.075849533081055
TRAIN,0f7r7f3f,78,0,1,2,1,1,0,2.921875,0.9489172697067261,0.45393627882003784,0.2805267572402954,2,0.17340952157974243,12.194775581359863,2.1415212154388428,11.31214427947998
TRAIN,0f7r7f3f,78,1,2,2,1,1,0,7.0,0.9990890026092529,0.3268551528453827,0.3380799889564514,1,-0.011224836111068726,11.629571914672852,2.05405592918396,10.753829002380371
TRAIN,0f7r7f3f,79,0,1,2,1,1,0,0.58984375,0.6433292627334595,0.3129420578479767,0.22931809723377228,2,0.0836239606142044,12.280356407165527,2.247580051422119,12.0049409866333
TRAIN,0f7r7f3f,79,1,2,2,1,1,0,6.625,0.9986749291419983,0.24682678282260895,0.2570825219154358,1,-0.010255739092826843,11.971400260925293,2.211533546447754,11.217652320861816
TRAIN,0f7r7f3f,80,0,1,2,1,0,1,-0.466796875,0.38537469506263733,,,,,0.0,0.0,2.8216605186462402
TRAIN,0f7r7f3f,80,1,2,2,1,1,0,7.46875,0.9994296431541443,0.29935625195503235,0.2667422294616699,1,0.03261402249336243,11.243762016296387,2.0756733417510986,10.517594337463379
TRAIN,0f7r7f3f,81,0,1,2,1,0,1,-0.98828125,0.27125170826911926,,,,,0.0,0.0,2.8216605186462402
TRAIN,0f7r7f3f,81,1,2,2,1,1,0,7.21875,0.9992678761482239,0.33128997683525085,0.37754637002944946,1,-0.04625639319419861,12.17551326751709,2.172471046447754,11.181695938110352
TRAIN,0f7r7f3f,82,0,1,2,1,0,1,-0.392578125,0.4030968248844147,,,,,0.0,0.0,2.8216605186462402
TRAIN,0f7r7f3f,82,1,2,2,1,1,0,7.34375,0.99935382604599,0.24436801671981812,0.25719332695007324,1,-0.012825310230255127,11.726420402526855,2.320908546447754,10.889015197753906
TRAIN,0f7r7f3f,83,0,1,2,1,0,1,-0.74609375,0.32167303562164307,,,,,0.0,0.0,2.8216605186462402
TRAIN,0f7r7f3f,83,1,2,2,1,1,0,7.53125,0.999464213848114,0.2925202548503876,0.2879265248775482,1,0.0045937299728393555,10.449774742126465,1.8647359609603882,9.652965545654297
TRAIN,0f7r7f3f,84,0,1,2,1,0,1,-1.34375,0.20689405500888824,,,,,0.0,0.0,2.8216605186462402
TRAIN,0f7r7f3f,84,1,2,2,1,1,0,7.0625,0.9991440773010254,0.3430984318256378,0.40539947152137756,1,-0.062301039695739746,11.538251876831055,1.9446808099746704,10.609004974365234
TRAIN,0f7r7f3f,85,0,1,2,1,0,1,-0.921875,0.2845759987831116,,,,,0.0,0.0,2.8216605186462402
TRAIN,0f7r7f3f,85,1,2,2,1,1,0,6.9375,0.9990302324295044,0.32301563024520874,0.34222671389579773,1,-0.01921108365058899,10.538050651550293,1.8178609609603882,9.707368850708008
TRAIN,0f7r7f3f,86,0,1,2,1,0,1,-1.4453125,0.19072403013706207,,,,,0.0,0.0,2.8216605186462402
TRAIN,0f7r7f3f,86,1,2,2,1,1,0,7.21875,0.9992678761482239,0.3578483462333679,0.4024345874786377,1,-0.044586241245269775,11.168251037597656,1.977158546447754,10.132983207702637
TRAIN,0f7r7f3f,87,0,1,2,1,1,0,1.0390625,0.7386690378189087,0.4958932399749756,0.34895023703575134,2,0.14694300293922424,11.147316932678223,1.7587087154388428,10.20904541015625
TRAIN,0f7r7f3f,87,1,2,2,1,1,0,7.375,0.999373733997345,0.2766864597797394,0.3022114336490631,1,-0.02552497386932373,11.721818923950195,2.211533546447754,10.81906509399414
TRAIN,0f7r7f3f,88,0,1,2,1,1,0,2.5625,0.9284088015556335,0.5124127268791199,0.38515782356262207,2,0.1272549033164978,11.263808250427246,1.7713522911071777,10.200298309326172
TRAIN,0f7r7f3f,88,1,2,2,1,1,0,7.0,0.9990890026092529,0.33168160915374756,0.37336671352386475,1,-0.04168510437011719,11.062466621398926,1.828721046447754,10.129291534423828
TRAIN,0f7r7f3f,89,0,1,2,1,1,0,3.59375,0.9732407331466675,0.4967760443687439,0.40540164709091187,2,0.09137439727783203,9.663579940795898,1.477158546447754,8.464234352111816
TRAIN,0f7r7f3f,89,1,2,2,1,1,0,7.34375,0.99935382604599,0.34926944971084595,0.3631579279899597,1,-0.01388847827911377,12.228864669799805,2.17124342918396,11.160798072814941
TRAIN,0f7r7f3f,90,0,1,2,1,1,0,3.890625,0.9799765348434448,0.5000095963478088,0.34722763299942017,2,0.15278196334838867,11.303200721740723,1.7587087154388428,10.272534370422363
TRAIN,0f7r7f3f,90,1,2,2,1,1,0,7.1875,0.9992445707321167,0.2848542034626007,0.3238551914691925,1,-0.0390009880065918,11.353475570678711,1.9759308099746704,10.574756622314453
TRAIN,0f7r7f3f,91,0,1,2,1,1,0,4.46875,0.9886682629585266,0.525831401348114,0.3836608827114105,2,0.1421705186367035,11.280171394348145,1.6962087154388428,10.157999038696289
TRAIN,0f7r7f3f,91,1,2,2,1,1,0,7.46875,0.9994296431541443,0.32053399085998535,0.36855101585388184,1,-0.048017024993896484,11.345010757446289,1.9037984609603882,10.410207748413086
TRAIN,0f7r7f3f,92,0,1,2,1,1,0,5.1875,0.9944451451301575,0.548294186592102,0.40518829226493835,2,0.1431058943271637,12.868202209472656,2.2040212154388428,11.844208717346191
TRAIN,0f7r7f3f,92,1,2,2,1,1,0,7.53125,0.999464213848114,0.29659900069236755,0.3254151940345764,1,-0.028816193342208862,11.887070655822754,2.0287983417510986,11.023292541503906
TRAIN,0f7r7f3f,93,0,1,2,1,1,0,4.875,0.9924227595329285,0.4730769693851471,0.35361137986183167,2,0.11946558952331543,11.765002250671387,1.9925971031188965,10.911355018615723
TRAIN,0f7r7f3f,93,1,2,2,1,1,0,7.78125,0.9995827078819275,0.3038909435272217,0.3073539137840271,1,-0.00346297025680542,11.420760154724121,1.930283546447754,10.538576126098633
TRAIN,0f7r7f3f,94,0,1,2,1,1,0,5.4375,0.9956685304641724,0.41652023792266846,0.31594544649124146,2,0.100574791431427,11.508211135864258,1.9194234609603882,10.656785011291504
TRAIN,0f7r7f3f,94,1,2,2,1,1,0,7.71875,0.999555766582489,0.33115971088409424,0.39185258746147156,1,-0.06069287657737732,11.610756874084473,1.992783546447754,10.598222732543945
TRAIN,0f7r7f3f,95,0,1,2,1,1,0,5.1875,0.9944451451301575,0.42022204399108887,0.3232399821281433,2,0.09698206186294556,11.146928787231445,1.8100484609603882,10.26999282836914
TRAIN,0f7r7f3f,95,1,2,2,1,1,0,7.53125,0.999464213848114,0.3458234965801239,0.359528124332428,1,-0.013704627752304077,11.239943504333496,1.852158546447754,10.18087100982666
TRAIN,0f7r7f3f,96,0,1,2,1,1,0,2.296875,0.9086179733276367,0.3226579427719116,0.2747485637664795,2,0.04790937900543213,11.612674713134766,2.007185935974121,11.212451934814453
TRAIN,0f7r7f3f,96,1,2,2,1,1,0,7.5,0.9994471669197083,0.2638014853000641,0.2685301899909973,1,-0.0047287046909332275,10.800235748291016,1.9350484609603882,10.062980651855469
TRAIN,0f7r7f3f,97,0,1,2,1,1,0,3.625,0.9740425944328308,0.4451560080051422,0.3050130605697632,2,0.14014294743537903,12.662476539611816,2.1649587154388428,11.859315872192383
TRAIN,0f7r7f3f,97,1,2,2,1,1,0,7.0625,0.9991440773010254,0.36703741550445557,0.40671661496162415,1,-0.03967919945716858,10.872148513793945,1.6364933252334595,9.883028984069824
TRAIN,0f7r7f3f,98,0,1,2,1,1,0,4.4375,0.9883127808570862,0.3861370384693146,0.29713505506515503,2,0.08900198340415955,11.53056812286377,1.8118683099746704,10.645421028137207
TRAIN,0f7r7f3f,98,1,2,2,1,1,0,7.46875,0.9994296431541443,0.3907420337200165,0.3888869881629944,1,0.0018550455570220947,10.352032661437988,1.7545995712280273,9.296770095825195
TRAIN,0f7r7f3f,99,0,1,2,1,1,0,4.8125,0.9919379353523254,0.36846187710762024,0.2844579219818115,2,0.08400395512580872,12.309853553771973,2.3100483417510986,11.56177806854248
TRAIN,0f7r7f3f,99,1,2,2,1,1,0,7.34375,0.99935382604599,0.32286423444747925,0.3900684714317322,1,-0.06720423698425293,11.558647155761719,1.891221046447754,10.579545974731445
TRAIN,0f7r7f3f,100,0,1,2,1,1,0,4.71875,0.9911527037620544,0.4579392671585083,0.36898574233055115,2,0.08895352482795715,11.981998443603516,2.016221046447754,11.000624656677246
TRAIN,0f7r7f3f,100,1,2,2,1,1,0,7.59375,0.9994966983795166,0.2619614601135254,0.29478803277015686,1,-0.03282657265663147,11.205771446228027,1.883408546447754,10.420222282409668
TRAIN,0f7r7f3f,101,0,1,2,1,1,0,5.15625,0.9942697286605835,0.4954003691673279,0.35821250081062317,2,0.1371878683567047,11.972460746765137,2.0756733417510986,11.068587303161621
TRAIN,0f7r7f3f,101,1,2,2,1,1,0,7.8125,0.999595582485199,0.3402559161186218,0.3420538008213043,1,-0.0017978847026824951,10.26290225982666,1.836533546447754,9.310517311096191
TRAIN,0f7r7f3f,102,0,1,2,1,1,0,5.5625,0.9961755275726318,0.46616411209106445,0.3709084987640381,2,0.09525561332702637,10.480362892150879,1.6097846031188965,9.572713851928711
TRAIN,0f7r7f3f,102,1,2,2,1,1,0,7.3125,0.9993333220481873,0.2781457006931305,0.3229084014892578,1,-0.04476270079612732,11.133830070495605,1.9261257648468018,10.367021560668945
TRAIN,0f7r7f3f,103,0,1,2,1,1,0,5.21875,0.9946150183677673,0.4504558742046356,0.31303247809410095,2,0.13742339611053467,11.986458778381348,1.7665212154388428,10.962940216064453
TRAIN,0f7r7f3f,103,1,2,2,1,1,0,7.90625,0.9996316432952881,0.28507331013679504,0.29736071825027466,1,-0.012287408113479614,11.470845222473145,2.109971046447754,10.55431079864502
TRAIN,0f7r7f3f,104,0,1,2,1,1,0,5.09375,0.9939024448394775,0.47929099202156067,0.35061773657798767,2,0.128673255443573,12.212479591369629,2.0008962154388428,11.11202335357666
TRAIN,0f7r7f3f,104,1,2,2,1,1,0,7.65625,0.9995272159576416,0.299868643283844,0.2992746829986572,1,0.0005939602851867676,10.943650245666504,1.969346046447754,10.017440795898438
TRAIN,0f7r7f3f,105,0,1,2,1,1,0,3.625,0.9740425944328308,0.4252353608608246,0.2969397008419037,2,0.1282956600189209,12.981731414794922,2.3988471031188965,12.1799955368042
TRAIN,0f7r7f3f,105,1,2,2,1,1,0,7.21875,0.9992678761482239,0.3066020905971527,0.35774683952331543,1,-0.05114474892616272,11.235907554626465,1.852158546447754,10.354374885559082
TRAIN,0f7r7f3f,106,0,1,2,1,1,0,4.53125,0.9893474578857422,0.27118247747421265,0.26267334818840027,2,0.008509129285812378,11.028861045837402,1.9681183099746704,10.217324256896973
TRAIN,0f7r7f3f,106,1,2,2,1,1,0,8.0625,0.9996849298477173,0.32613614201545715,0.36213934421539307,1,-0.03600320219993591,10.356916427612305,1.609971046447754,9.386713027954102
TRAIN,0f7r7f3f,107,0,1,2,1,1,0,5.59375,0.996292769908905,0.4109336733818054,0.3585893213748932,2,0.05234435200691223,11.598358154296875,2.399033546447754,10.528604507446289
TRAIN,0f7r7f3f,107,1,2,2,1,1,0,7.65625,0.9995272159576416,0.30491167306900024,0.3219478726387024,1,-0.01703619956970215,11.644694328308105,2.274033546447754,10.693449974060059
TRAIN,0f7r7f3f,108,0,1,2,1,1,0,5.15625,0.9942697286605835,0.4667152762413025,0.3530827462673187,2,0.11363252997398376,11.569195747375488,2.055283546447754,10.476061820983887
TRAIN,0f7r7f3f,108,1,2,2,1,1,0,7.96875,0.9996540546417236,0.27160346508026123,0.2812204658985138,1,-0.009617000818252563,11.924299240112305,2.281846046447754,11.087769508361816
TRAIN,0f7r7f3f,109,0,1,2,1,1,0,5.0,0.9933071732521057,0.5100535750389099,0.3505248427391052,2,0.1595287322998047,13.400924682617188,2.3602712154388428,12.575395584106445
TRAIN,0f7r7f3f,109,1,2,2,1,1,0,7.5,0.9994471669197083,0.24878129363059998,0.2705039381980896,1,-0.021722644567489624,12.10330581665039,2.359971046447754,11.263980865478516
TRAIN,0f7r7f3f,110,0,1,2,1,1,0,1.328125,0.7905303239822388,0.310030996799469,0.24176117777824402,2,0.06826981902122498,13.077654838562012,2.200705051422119,12.820252418518066
TRAIN,0f7r7f3f,110,1,2,2,1,1,0,7.25,0.9992903470993042,0.2544160485267639,0.3027685284614563,1,-0.04835247993469238,11.648640632629395,2.164658546447754,10.803889274597168
TRAIN,0f7r7f3f,111,0,1,2,1,1,0,0.2333984375,0.5580862164497375,0.34671884775161743,0.2827773988246918,2,0.06394144892692566,12.287944793701172,2.263205051422119,12.09977912902832
TRAIN,0f7r7f3f,111,1,2,2,1,1,0,7.40625,0.9993928670883179,0.27042078971862793,0.3304460644721985,1,-0.06002527475357056,12.3065185546875,2.297471046447754,11.471508979797363
TRAIN,0f7r7f3f,112,0,1,2,1,1,0,1.1015625,0.750552773475647,0.4108039140701294,0.2908163070678711,2,0.1199876070022583,13.893014907836914,2.304060935974121,13.410715103149414
TRAIN,0f7r7f3f,112,1,2,2,1,1,0,7.46875,0.9994296431541443,0.301998108625412,0.31677600741386414,1,-0.014777898788452148,11.536648750305176,2.180283546447754,10.641471862792969
TRAIN,0f7r7f3f,113,0,1,2,1,1,0,4.75,0.9914224743843079,0.48245012760162354,0.4301373064517975,2,0.05231282114982605,12.880109786987305,2.024033546447754,11.872111320495605
TRAIN,0f7r7f3f,113,1,2,2,1,1,0,7.5625,0.999480664730072,0.3331024944782257,0.3585154116153717,1,-0.025412917137145996,11.559517860412598,2.149033546447754,10.592087745666504
TRAIN,0f7r7f3f,114,0,1,2,1,1,0,4.3125,0.9867772459983826,0.5085510015487671,0.4200668931007385,2,0.08848410844802856,12.36917781829834,2.109971046447754,11.220653533935547
TRAIN,0f7r7f3f,114,1,2,2,1,1,0,7.21875,0.9992678761482239,0.30187344551086426,0.2906782329082489,1,0.011195212602615356,11.247361183166504,2.172471046447754,10.40772819519043
TRAIN,0f7r7f3f,115,0,1,2,1,1,0,4.46875,0.9886682629585266,0.528278112411499,0.4132467210292816,2,0.11503139138221741,11.60162353515625,1.8915212154388428,10.71886920928955
TRAIN,0f7r7f3f,115,1,2,2,1,1,0,7.59375,0.9994966983795166,0.2652340531349182,0.2646196186542511,1,0.0006144344806671143,12.203059196472168,2.422471046447754,11.426843643188477
TRAIN,0f7r7f3f,116,0,1,2,1,1,0,5.15625,0.9942697286605835,0.4454564154148102,0.3818206787109375,2,0.06363573670387268,12.021169662475586,2.3725483417510986,11.287836074829102
TRAIN,0f7r7f3f,116,1,2,2,1,1,0,7.96875,0.9996540546417236,0.3272082805633545,0.31872034072875977,1,0.008487939834594727,10.107736587524414,1.805283546447754,9.213968276977539
TRAIN,0f7r7f3f,117,0,1,2,1,1,0,3.1875,0.9603611826896667,0.37697505950927734,0.27989304065704346,2,0.09708201885223389,11.871451377868652,1.8899933099746704,11.02096939086914
TRAIN,0f7r7f3f,117,1,2,2,1,1,0,5.90625,0.997285008430481,0.32891595363616943,0.37938588857650757,1,-0.050469934940338135,11.004185676574707,1.8665558099746704,10.129907608032227
TRAIN,0f7r7f3f,118,0,1,2,1,1,0,4.78125,0.9916841983795166,0.4171258509159088,0.3572506606578827,2,0.05987519025802612,13.009749412536621,2.7631733417510986,12.642654418945312
TRAIN,0f7r7f3f,118,1,2,2,1,1,0,7.46875,0.9994296431541443,0.3316520154476166,0.3607964515686035,1,-0.02914443612098694,11.222798347473145,2.164658546447754,10.164684295654297
TRAIN,0f7r7f3f,119,0,1,2,1,1,0,5.40625,0.9955315589904785,0.5009448528289795,0.4190997779369354,2,0.08184507489204407,11.201645851135254,1.7352712154388428,10.295279502868652
TRAIN,0f7r7f3f,119,1,2,2,1,1,0,7.875,0.9996199607849121,0.3042300343513489,0.3081789016723633,1,-0.003948867321014404,10.218949317932129,1.883408546447754,9.330891609191895
TRAIN,0f7r7f3f,120,0,1,2,1,1,0,5.0,0.9933071732521057,0.47250139713287354,0.33722513914108276,2,0.13527625799179077,12.868229866027832,2.2006733417510986,12.057642936706543
TRAIN,0f7r7f3f,120,1,2,2,1,1,0,7.625,0.9995121955871582,0.28699609637260437,0.36858516931533813,1,-0.08158907294273376,12.902607917785645,2.422471046447754,11.993764877319336
TRAIN,0f7r7f3f,121,0,1,2,1,1,0,5.28125,0.9949396848678589,0.4262820780277252,0.3323567509651184,2,0.09392532706260681,11.505748748779297,2.3412983417510986,10.835715293884277
TRAIN,0f7r7f3f,121,1,2,2,1,1,0,7.84375,0.9996079802513123,0.26342350244522095,0.32502803206443787,1,-0.06160452961921692,11.035160064697266,2.070908546447754,10.145821571350098
TRAIN,0f7r7f3f,122,0,1,2,1,1,0,5.0,0.9933071732521057,0.5089631080627441,0.36581146717071533,2,0.1431516408920288,13.485477447509766,2.2475483417510986,12.615283012390137
TRAIN,0f7r7f3f,122,1,2,2,1,1,0,7.875,0.9996199607849121,0.343144029378891,0.434726744890213,1,-0.09158271551132202,11.361164093017578,1.969346046447754,10.31572437286377
TRAIN,0f7r7f3f,123,0,1,2,1,1,0,5.375,0.9953904151916504,0.554987907409668,0.4078177213668823,2,0.14717018604278564,12.241263389587402,2.2040212154388428,11.181056022644043
TRAIN,0f7r7f3f,123,1,2,2,1,1,0,7.84375,0.9996079802513123,0.3067120313644409,0.3181520402431488,1,-0.011440008878707886,10.22220516204834,1.844346046447754,9.390918731689453
TRAIN,0f7r7f3f,124,0,1,2,1,1,0,5.53125,0.9960545301437378,0.41531670093536377,0.4020021855831146,2,0.013314515352249146,10.239097595214844,2.016221046447754,9.047124862670898
TRAIN,0f7r7f3f,124,1,2,2,1,1,0,7.90625,0.9996316432952881,0.34048277139663696,0.42464181780815125,1,-0.08415904641151428,11.19471549987793,1.984971046447754,10.175641059875488
TRAIN,0f7r7f3f,125,0,1,2,1,1,0,5.375,0.9953904151916504,0.44302424788475037,0.3360113203525543,2,0.10701292753219604,10.309332847595215,1.867783546447754,9.344353675842285
TRAIN,0f7r7f3f,125,1,2,2,1,1,0,8.1875,0.9997219443321228,0.2772669494152069,0.2942069172859192,1,-0.01693996787071228,11.309622764587402,2.328721046447754,10.361077308654785
TRAIN,0f7r7f3f,126,0,1,2,1,1,0,5.125,0.9940890073776245,0.5639225244522095,0.40987351536750793,2,0.15404900908470154,11.435811042785645,2.0555837154388428,10.419183731079102
TRAIN,0f7r7f3f,126,1,2,2,1,1,0,7.65625,0.9995272159576416,0.3032042384147644,0.391309916973114,1,-0.08810567855834961,11.728063583374023,2.219346046447754,10.769168853759766
TRAIN,0f7r7f3f,127,0,1,2,1,1,0,4.96875,0.9930961728096008,0.5313742756843567,0.3444449007511139,2,0.1869293749332428,14.41957950592041,2.5633962154388428,13.566856384277344
TRAIN,0f7r7f3f,127,1,2,2,1,1,0,7.625,0.9995121955871582,0.31017911434173584,0.3666994571685791,1,-0.05652034282684326,10.114407539367676,1.649033546447754,9.224723815917969
TRAIN,0f7r7f3f,128,0,1,2,1,1,0,4.15625,0.9845753908157349,0.5184670090675354,0.3392341434955597,2,0.1792328655719757,13.604853630065918,2.2352712154388428,12.82847785949707
TRAIN,0f7r7f3f,128,1,2,2,1,1,0,7.75,0.9995694756507874,0.3565653860569,0.44727811217308044,1,-0.09071272611618042,10.740935325622559,1.8290212154388428,9.772979736328125
TRAIN,0f7r7f3f,129,0,1,2,1,1,0,4.625,0.9902915358543396,0.5308690667152405,0.3633570969104767,2,0.1675119698047638,11.862505912780762,1.8055837154388428,11.00947093963623
TRAIN,0f7r7f3f,129,1,2,2,1,1,0,7.4375,0.9994115829467773,0.3312995731830597,0.36110109090805054,1,-0.029801517724990845,11.539523124694824,2.242783546447754,10.620540618896484
TRAIN,0f7r7f3f,130,0,1,2,1,1,0,4.875,0.9924227595329285,0.5203340649604797,0.37311625480651855,2,0.14721781015396118,10.573824882507324,1.5087087154388428,9.667534828186035
TRAIN,0f7r7f3f,130,1,2,2,1,1,0,7.75,0.9995694756507874,0.3099665641784668,0.3497352600097656,1,-0.03976869583129883,11.578633308410645,2.0355007648468018,10.805869102478027
TRAIN,0f7r7f3f,131,0,1,2,1,1,0,3.640625,0.9744347929954529,0.5102450847625732,0.3476887047290802,2,0.16255638003349304,11.39930534362793,1.8885397911071777,10.522722244262695
TRAIN,0f7r7f3f,131,1,2,2,1,1,0,7.875,0.9996199607849121,0.34517666697502136,0.35536450147628784,1,-0.01018783450126648,11.463855743408203,2.164658546447754,10.511359214782715
TRAIN,0f7r7f3f,132,0,1,2,1,1,0,4.84375,0.9921841025352478,0.40908926725387573,0.26849493384361267,2,0.14059433341026306,13.769736289978027,2.2006733417510986,13.118541717529297
TRAIN,0f7r7f3f,132,1,2,2,1,1,0,8.0625,0.9996849298477173,0.3615510165691376,0.42390695214271545,1,-0.06235593557357788,10.989686965942383,1.836533546447754,9.8671236038208
TRAIN,0f7r7f3f,133,0,1,2,1,1,0,5.25,0.9947799444198608,0.5411958694458008,0.4080062508583069,2,0.1331896185874939,10.467000007629395,1.5589081048965454,9.411619186401367
TRAIN,0f7r7f3f,133,1,2,2,1,1,0,8.375,0.9997695088386536,0.30502697825431824,0.37621164321899414,1,-0.0711846649646759,11.611234664916992,2.078721046447754,10.647278785705566
TRAIN,0f7r7f3f,134,0,1,2,1,1,0,1.984375,0.8791467547416687,0.4890351891517639,0.3566758632659912,2,0.1323593258857727,10.224830627441406,1.7508962154388428,9.539387702941895
TRAIN,0f7r7f3f,134,1,2,2,1,1,0,6.25,0.9980732202529907,0.28251057863235474,0.33158937096595764,1,-0.049078792333602905,10.185945510864258,1.641221046447754,9.359379768371582
TRAIN,0f7r7f3f,135,0,1,2,1,1,0,6.0,0.9975274205207825,0.5089572668075562,0.38812097907066345,2,0.1208362877368927,12.131843566894531,1.852158546447754,11.107767105102539
TRAIN,0f7r7f3f,135,1,2,2,1,1,0,7.40625,0.9993928670883179,0.27660518884658813,0.33314594626426697,1,-0.05654075741767883,11.029090881347656,1.969346046447754,10.17090892791748
TRAIN,0f7r7f3f,136,0,1,2,1,1,0,6.34375,0.998245358467102,0.49596741795539856,0.424307644367218,2,0.07165977358818054,12.150911331176758,1.9926540851593018,11.192306518554688
TRAIN,0f7r7f3f,136,1,2,2,1,1,0,7.75,0.9995694756507874,0.34822118282318115,0.3754066824913025,1,-0.027185499668121338,11.452228546142578,2.008408546447754,10.55076789855957
TRAIN,0f7r7f3f,137,0,1,2,1,1,0,7.65625,0.9995272159576416,0.4930382966995239,0.4063086211681366,2,0.08672967553138733,11.053425788879395,2.047471046447754,9.890142440795898
TRAIN,0f7r7f3f,137,1,2,2,1,1,0,8.0625,0.9996849298477173,0.3181236684322357,0.4050593674182892,1,-0.08693569898605347,11.628652572631836,2.180283546447754,10.587997436523438
TRAIN,0f7r7f3f,138,0,1,2,1,1,0,5.15625,0.9942697286605835,0.5394898056983948,0.410288006067276,2,0.12920179963111877,10.444289207458496,1.7113471031188965,9.619853019714355
TRAIN,0f7r7f3f,138,1,2,2,1,1,0,6.625,0.9986749291419983,0.32604825496673584,0.38633716106414795,1,-0.06028890609741211,11.441813468933105,1.8743683099746704,10.650960922241211
TRAIN,0f7r7f3f,139,0,1,2,1,1,0,5.5625,0.9961755275726318,0.5007286071777344,0.3632631003856659,2,0.13746550679206848,11.765481948852539,2.0444233417510986,10.997360229492188
TRAIN,0f7r7f3f,139,1,2,2,1,1,0,7.5625,0.999480664730072,0.3221932649612427,0.360383003950119,1,-0.03818973898887634,11.643500328063965,2.016221046447754,10.704110145568848
TRAIN,0f7r7f3f,140,0,1,2,1,1,0,5.8125,0.9970190525054932,0.5170468091964722,0.38332051038742065,2,0.1337262988090515,12.592483520507812,1.9149587154388428,11.822744369506836
TRAIN,0f7r7f3f,140,1,2,2,1,1,0,7.6875,0.9995417594909668,0.2855791449546814,0.3353220224380493,1,-0.04974287748336792,11.956655502319336,2.438096046447754,11.101142883300781
TRAIN,0f7r7f3f,141,0,1,2,1,1,0,6.5625,0.9985895752906799,0.4933660328388214,0.39852023124694824,2,0.09484580159187317,11.98509693145752,1.9930837154388428,10.94200611114502
TRAIN,0f7r7f3f,141,1,2,2,1,1,0,7.40625,0.9993928670883179,0.3539883494377136,0.39022403955459595,1,-0.036235690116882324,11.370850563049316,1.914658546447754,10.521470069885254
TRAIN,0f7r7f3f,142,0,1,2,1,1,0,1.5625,0.8267117738723755,0.3046875596046448,0.24667216837406158,2,0.05801539123058319,11.443836212158203,1.9826817512512207,11.124699592590332
TRAIN,0f7r7f3f,142,1,2,2,1,1,0,7.1875,0.9992445707321167,0.3844376802444458,0.4241477847099304,1,-0.03971010446548462,11.326247215270996,1.7322897911071777,10.540018081665039
TRAIN,0f7r7f3f,143,0,1,2,1,1,0,1.5,0.8175744414329529,0.34150245785713196,0.27531999349594116,2,0.0661824643611908,11.469157218933105,2.013205051422119,11.073596954345703
TRAIN,0f7r7f3f,143,1,2,2,1,1,0,7.65625,0.9995272159576416,0.33837080001831055,0.39844176173210144,1,-0.060070961713790894,11.316643714904785,1.930283546447754,10.31617259979248
TRAIN,0f7r7f3f,144,0,1,2,1,1,0,6.75,0.9988304972648621,0.5944313406944275,0.4764534831047058,2,0.11797785758972168,13.267939567565918,1.9901022911071777,12.199586868286133
TRAIN,0f7r7f3f,144,1,2,2,1,1,0,7.25,0.9992903470993042,0.35480016469955444,0.41670361161231995,1,-0.0619034469127655,11.786977767944336,1.8910346031188965,10.85246753692627
TRAIN,0f7r7f3f,145,0,1,2,1,1,0,6.625,0.9986749291419983,0.5068886876106262,0.4418402910232544,2,0.06504839658737183,12.13094711303711,2.016221046447754,10.98000431060791
TRAIN,0f7r7f3f,145,1,2,2,1,1,0,7.0,0.9990890026092529,0.26254352927207947,0.304690420627594,1,-0.042146891355514526,13.191174507141113,2.633408546447754,12.350320816040039
TRAIN,0f7r7f3f,146,0,1,2,1,1,0,6.25,0.9980732202529907,0.4806988537311554,0.3981132209300995,2,0.08258563280105591,10.770306587219238,1.9385958909988403,9.711957931518555
TRAIN,0f7r7f3f,146,1,2,2,1,1,0,7.28125,0.999312162399292,0.35691919922828674,0.40964841842651367,1,-0.05272921919822693,11.923942565917969,2.094346046447754,10.975574493408203
TRAIN,0f7r7f3f,147,0,1,2,1,1,0,6.71875,0.998793363571167,0.430651992559433,0.3325389325618744,2,0.0981130599975586,12.409613609313965,2.4975483417510986,11.743583679199219
TRAIN,0f7r7f3f,147,1,2,2,1,1,0,7.15625,0.999220609664917,0.31257379055023193,0.3598341643810272,1,-0.04726037383079529,12.025474548339844,2.203721046447754,11.104331970214844
TRAIN,0f7r7f3f,148,0,1,2,1,1,0,6.875,0.9989677667617798,0.4268963634967804,0.36964380741119385,2,0.05725255608558655,11.653383255004883,1.9307833909988403,10.883933067321777
TRAIN,0f7r7f3f,148,1,2,2,1,1,0,6.875,0.9989677667617798,0.29774773120880127,0.3317384421825409,1,-0.033990710973739624,12.69161319732666,2.492783546447754,11.838210105895996
TRAIN,0f7r7f3f,149,0,1,2,1,1,0,6.28125,0.9981324076652527,0.5206776857376099,0.3410172760486603,2,0.17966040968894958,13.8822660446167,2.4383962154388428,13.126049995422363
TRAIN,0f7r7f3f,149,1,2,2,1,1,0,6.8125,0.9989012479782104,0.28985345363616943,0.30854281783103943,1,-0.018689364194869995,12.459959983825684,2.602158546447754,11.52280044555664
TRAIN,0f7r7f3f,150,0,1,2,1,1,0,6.4375,0.9984021782875061,0.40831199288368225,0.3233027160167694,2,0.08500927686691284,11.932876586914062,2.2006733417510986,11.328509330749512
TRAIN,0f7r7f3f,150,1,2,2,1,1,0,7.03125,0.9991169571876526,0.23207315802574158,0.2898486256599426,1,-0.05777546763420105,12.95500373840332,2.524033546447754,12.156782150268555
TRAIN,0f7r7f3f,151,0,1,2,1,1,0,6.5,0.998498797416687,0.4327152371406555,0.34277406334877014,2,0.08994117379188538,12.326383590698242,2.2475483417510986,11.703828811645508
TRAIN,0f7r7f3f,151,1,2,2,1,1,0,7.21875,0.9992678761482239,0.28075310587882996,0.37012699246406555,1,-0.0893738865852356,11.950843811035156,2.078721046447754,11.03657341003418
TRAIN,0f7r7f3f,152,0,1,2,1,1,0,5.5625,0.9961755275726318,0.46068793535232544,0.3413880169391632,2,0.11929991841316223,12.897735595703125,2.0912983417510986,12.177531242370605
TRAIN,0f7r7f3f,152,1,2,2,1,1,0,7.03125,0.9991169571876526,0.2883320450782776,0.33971861004829407,1,-0.05138656497001648,12.407928466796875,2.375596046447754,11.51780891418457
TRAIN,0f7r7f3f,153,0,1,2,1,1,0,5.5,0.9959298968315125,0.403602659702301,0.3317797780036926,2,0.0718228816986084,12.613302230834961,2.4037983417510986,12.093036651611328
TRAIN,0f7r7f3f,153,1,2,2,1,1,0,7.0625,0.9991440773010254,0.28404220938682556,0.37639862298965454,1,-0.09235641360282898,12.412378311157227,2.352158546447754,11.541621208190918
TRAIN,0f7r7f3f,154,0,1,2,1,1,0,5.0,0.9933071732521057,0.49691715836524963,0.35219529271125793,2,0.1447218656539917,13.001107215881348,2.2196462154388428,12.169517517089844
TRAIN,0f7r7f3f,154,1,2,2,1,1,0,6.6875,0.9987550973892212,0.3356271982192993,0.3689420521259308,1,-0.03331485390663147,10.735584259033203,1.992783546447754,9.82567024230957
TRAIN,0f7r7f3f,155,0,1,2,1,1,0,5.125,0.9940890073776245,0.38314956426620483,0.3278457820415497,2,0.05530378222465515,13.256834983825684,2.2475483417510986,12.56014347076416
TRAIN,0f7r7f3f,155,1,2,2,1,1,0,7.0625,0.9991440773010254,0.3254079222679138,0.40776875615119934,1,-0.08236083388328552,11.548163414001465,2.141221046447754,10.459770202636719
TRAIN,0f7r7f3f,156,0,1,2,1,1,0,4.1875,0.985042929649353,0.43447941541671753,0.30156031250953674,2,0.1329191029071808,13.157052993774414,2.1102712154388428,12.435158729553223
TRAIN,0f7r7f3f,156,1,2,2,1,1,0,7.40625,0.9993928670883179,0.29560697078704834,0.33275488018989563,1,-0.03714790940284729,11.641103744506836,2.063096046447754,10.738556861877441
TRAIN,0f7r7f3f,157,0,1,2,1,1,0,4.25,0.9859364032745361,0.4567032754421234,0.302751749753952,2,0.1539515256881714,14.270764350891113,2.5008962154388428,13.488632202148438
TRAIN,0f7r7f3f,157,1,2,2,1,1,0,7.59375,0.9994966983795166,0.32652291655540466,0.34332582354545593,1,-0.01680290699005127,11.728585243225098,1.930283546447754,10.857704162597656
TRAIN,0f7r7f3f,158,0,1,2,1,1,0,4.1875,0.985042929649353,0.37707558274269104,0.2915579378604889,2,0.08551764488220215,12.216401100158691,1.9759308099746704,11.402284622192383
TRAIN,0f7r7f3f,158,1,2,2,1,1,0,7.40625,0.9993928670883179,0.24619635939598083,0.2908807694911957,1,-0.044684410095214844,12.468450546264648,2.203721046447754,11.724946022033691
TRAIN,0f7r7f3f,159,0,1,2,1,1,0,4.4375,0.9883127808570862,0.42878812551498413,0.3464142978191376,2,0.08237382769584656,13.361577987670898,2.4662983417510986,12.689376831054688
TRAIN,0f7r7f3f,159,1,2,2,1,1,0,7.28125,0.999312162399292,0.29444825649261475,0.33093762397766113,1,-0.03648936748504639,11.245220184326172,2.149033546447754,10.33685302734375
TRAIN,0f7r7f3f,160,0,1,2,1,1,0,3.8125,0.9783847332000732,0.3891231417655945,0.2998349368572235,2,0.08928820490837097,13.562325477600098,2.0131733417510986,12.938509941101074
TRAIN,0f7r7f3f,160,1,2,2,1,1,0,7.5625,0.999480664730072,0.251921147108078,0.28644970059394836,1,-0.03452855348587036,11.881969451904297,2.141221046447754,11.117817878723145
TRAIN,0f7r7f3f,161,0,1,2,1,1,0,3.53125,0.971563994884491,0.3880329132080078,0.30640166997909546,2,0.08163124322891235,12.909518241882324,1.9774587154388428,12.042718887329102
TRAIN,0f7r7f3f,161,1,2,2,1,1,0,7.3125,0.9993333220481873,0.3052937388420105,0.3313438296318054,1,-0.026050090789794922,11.414868354797363,2.211533546447754,10.525345802307129
TRAIN,0f7r7f3f,162,0,1,2,1,1,0,3.625,0.9740425944328308,0.3419250249862671,0.30107831954956055,2,0.04084670543670654,11.886971473693848,1.9603058099746704,10.973724365234375
TRAIN,0f7r7f3f,162,1,2,2,1,1,0,7.28125,0.999312162399292,0.25954681634902954,0.31559649109840393,1,-0.05604967474937439,12.490474700927734,2.344346046447754,11.686700820922852
TRAIN,0f7r7f3f,163,0,1,2,1,1,0,3.328125,0.9653811454772949,0.35454216599464417,0.29980963468551636,2,0.05473253130912781,13.571088790893555,2.3412983417510986,12.941494941711426
TRAIN,0f7r7f3f,163,1,2,2,1,1,0,7.09375,0.9991704225540161,0.333951860666275,0.37923967838287354,1,-0.04528781771659851,12.292878150939941,2.281846046447754,11.438971519470215
TRAIN,0f7r7f3f,164,0,1,2,1,1,0,2.625,0.9324532747268677,0.3463456630706787,0.2465897500514984,2,0.0997559130191803,12.601508140563965,2.0529942512512207,12.075850486755371
TRAIN,0f7r7f3f,164,1,2,2,1,1,0,7.625,0.9995121955871582,0.31796592473983765,0.36653876304626465,1,-0.048572838306427,10.987716674804688,2.039658546447754,10.040815353393555
TRAIN,0f7r7f3f,165,0,1,2,1,1,0,2.765625,0.9407896995544434,0.43725526332855225,0.3614988327026367,2,0.07575643062591553,12.643503189086914,2.14780592918396,11.832598686218262
TRAIN,0f7r7f3f,165,1,2,2,1,1,0,7.125,0.9991958737373352,0.32190337777137756,0.339537113904953,1,-0.01763373613357544,11.030488967895508,1.844346046447754,10.266944885253906
TRAIN,0f7r7f3f,166,0,1,2,1,1,0,2.84375,0.9449946880340576,0.41669777035713196,0.2866824269294739,2,0.13001534342765808,13.314249992370605,2.2118337154388428,12.512524604797363
TRAIN,0f7r7f3f,166,1,2,2,1,1,0,7.84375,0.9996079802513123,0.3072736859321594,0.3444710373878479,1,-0.03719735145568848,11.970939636230469,2.414658546447754,11.058357238769531
TRAIN,0f7r7f3f,167,0,1,2,1,1,0,2.484375,0.9230391979217529,0.28978651762008667,0.2277022749185562,2,0.06208424270153046,12.497562408447266,2.179060935974121,12.004936218261719
TRAIN,0f7r7f3f,167,1,2,2,1,1,0,7.09375,0.9991704225540161,0.3054337501525879,0.36404672265052795,1,-0.058612972497940063,12.242715835571289,2.156846046447754,11.347128868103027
TRAIN,0f7r7f3f,168,0,1,2,1,1,0,2.96875,0.9511421918869019,0.33792757987976074,0.32315513491630554,2,0.0147724449634552,13.41328239440918,2.49155592918396,12.754903793334961
TRAIN,0f7r7f3f,168,1,2,2,1,1,0,7.5625,0.999480664730072,0.3018377721309662,0.30633682012557983,1,-0.0044990479946136475,11.706622123718262,2.195908546447754,10.806735038757324
TRAIN,0f7r7f3f,169,0,1,2,1,1,0,1.375,0.7981867790222168,0.3522658348083496,0.24021261930465698,2,0.11205321550369263,12.661796569824219,2.1415212154388428,12.061906814575195
TRAIN,0f7r7f3f,169,1,2,2,1,1,0,5.875,0.9971990585327148,0.36140167713165283,0.3934950828552246,1,-0.03209340572357178,11.548487663269043,1.9524933099746704,10.709948539733887
TRAIN,0f7r7f3f,170,0,1,2,1,1,0,2.34375,0.9124361872673035,0.41149622201919556,0.3306581377983093,2,0.08083808422088623,12.570494651794434,2.16343092918396,11.709229469299316
TRAIN,0f7r7f3f,170,1,2,2,1,1,0,6.90625,0.9989995360374451,0.2726156413555145,0.2792077362537384,1,-0.006592094898223877,11.821105003356934,2.274033546447754,10.992369651794434
TRAIN,0f7r7f3f,171,0,1,2,1,1,0,2.765625,0.9407896995544434,0.4471769332885742,0.3510917127132416,2,0.09608522057533264,12.487159729003906,2.05405592918396,11.573751449584961
TRAIN,0f7r7f3f,171,1,2,2,1,1,0,6.96875,0.9990600943565369,0.32551172375679016,0.3579683005809784,1,-0.03245657682418823,11.924995422363281,2.188096046447754,10.995282173156738
TRAIN,0f7r7f3f,172,0,1,2,1,1,0,1.4375,0.8080672025680542,0.3093666732311249,0.26607123017311096,2,0.043295443058013916,12.3329439163208,2.06968092918396,11.81781005859375
TRAIN,0f7r7f3f,172,1,2,2,1,1,0,5.25,0.9947799444198608,0.303024023771286,0.30650070309638977,1,-0.0034766793251037598,10.579930305480957,1.8899933099746704,9.84268856048584
TRAIN,0f7r7f3f,173,0,1,2,1,1,0,2.1875,0.8991213440895081,0.4114912152290344,0.28097832202911377,2,0.13051289319992065,10.934399604797363,1.8680837154388428,10.186698913574219
TRAIN,0f7r7f3f,173,1,2,2,1,1,0,7.375,0.999373733997345,0.4107358753681183,0.4109251797199249,1,-0.00018930435180664062,10.97592544555664,1.8327245712280273,9.802617073059082
TRAIN,0f7r7f3f,174,0,1,2,1,1,0,1.421875,0.8056321740150452,0.2589910626411438,0.2581155002117157,2,0.0008755624294281006,12.237783432006836,2.0238471031188965,11.885651588439941
TRAIN,0f7r7f3f,174,1,2,2,1,1,0,7.71875,0.999555766582489,0.27911698818206787,0.3214930295944214,1,-0.042376041412353516,12.04418659210205,2.203721046447754,11.160594940185547
TRAIN,0f7r7f3f,175,0,1,2,1,0,1,-0.73828125,0.32338011264801025,,,,,0.0,0.0,2.8216605186462402
TRAIN,0f7r7f3f,175,1,2,2,1,1,0,7.09375,0.9991704225540161,0.2778218388557434,0.2713847756385803,1,0.006437063217163086,11.093954086303711,1.9272359609603882,10.410289764404297
TRAIN,0f7r7f3f,176,0,1,2,1,0,1,-0.62890625,0.34775856137275696,,,,,0.0,0.0,2.8216605186462402
TRAIN,0f7r7f3f,176,1,2,2,1,1,0,7.59375,0.9994966983795166,0.3045206069946289,0.3144507110118866,1,-0.00993010401725769,11.216522216796875,2.164658546447754,10.277569770812988
TRAIN,0f7r7f3f,177,0,1,2,1,0,1,-1.46875,0.18713268637657166,,,,,0.0,0.0,2.8216605186462402
TRAIN,0f7r7f3f,177,1,2,2,1,1,0,7.34375,0.99935382604599,0.31682854890823364,0.38078105449676514,1,-0.0639525055885315,12.464963912963867,2.19118070602417,11.584312438964844
TRAIN,0f7r7f3f,178,0,1,2,1,0,1,-1.7421875,0.1490352898836136,,,,,0.0,0.0,2.8216605186462402
TRAIN,0f7r7f3f,178,1,2,2,1,1,0,7.03125,0.9991169571876526,0.2891649007797241,0.3215167820453644,1,-0.03235188126564026,11.244863510131836,1.953721046447754,10.39301586151123
TRAIN,0f7r7f3f,179,0,1,2,1,0,1,-1.3046875,0.2133771777153015,,,,,0.0,0.0,2.8216605186462402
TRAIN,0f7r7f3f,179,1,2,2,1,1,0,7.3125,0.9993333220481873,0.2722265422344208,0.29604047536849976,1,-0.02381393313407898,11.678622245788574,2.227158546447754,10.81152057647705
TRAIN,0f7r7f3f,180,0,1,2,1,0,1,-1.140625,0.2422056347131729,,,,,0.0,0.0,2.8216605186462402
TRAIN,0f7r7f3f,180,1,2,2,1,1,0,7.53125,0.999464213848114,0.2904110848903656,0.346873939037323,1,-0.0564628541469574,12.073064804077148,2.070908546447754,11.173746109008789
TRAIN,0f7r7f3f,181,0,1,2,1,1,0,2.265625,0.9059898257255554,0.564922034740448,0.43846821784973145,2,0.12645381689071655,11.229584693908691,1.6493337154388428,10.12755298614502
TRAIN,0f7r7f3f,181,1,2,2,1,1,0,7.53125,0.999464213848114,0.27579352259635925,0.30270642042160034,1,-0.02691289782524109,12.407453536987305,2.258408546447754,11.590693473815918
TRAIN,0f7r7f3f,182,0,1,2,1,1,0,1.1796875,0.7648916244506836,0.3488714098930359,0.28301942348480225,2,0.06585198640823364,12.835439682006836,2.272810935974121,12.475008010864258
TRAIN,0f7r7f3f,182,1,2,2,1,1,0,7.34375,0.99935382604599,0.27513062953948975,0.31427520513534546,1,-0.03914457559585571,11.997173309326172,2.2162983417510986,11.222082138061523
TRAIN,0f7r7f3f,183,0,1,2,1,0,1,-0.1552734375,0.4612594246864319,,,,,0.0,0.0,2.8216605186462402
TRAIN,0f7r7f3f,183,1,2,2,1,1,0,7.3125,0.9993333220481873,0.31687235832214355,0.34175634384155273,1,-0.02488398551940918,10.275679588317871,1.797471046447754,9.296274185180664
TRAIN,0f7r7f3f,184,0,1,2,1,1,0,0.1064453125,0.5265862345695496,0.35097891092300415,0.33962610363960266,2,0.01135280728340149,9.261030197143555,1.7397359609603882,9.182802200317383
TRAIN,0f7r7f3f,184,1,2,2,1,1,0,7.53125,0.999464213848114,0.29739364981651306,0.3278878331184387,1,-0.03049418330192566,11.369963645935059,2.117783546447754,10.448107719421387
TRAIN,0f7r7f3f,185,0,1,2,1,0,1,-0.294921875,0.42679935693740845,,,,,0.0,0.0,2.8216605186462402
TRAIN,0f7r7f3f,185,1,2,2,1,1,0,7.28125,0.999312162399292,0.3097051978111267,0.35094672441482544,1,-0.04124152660369873,11.459562301635742,1.844346046447754,10.524949073791504
TRAIN,0f7r7f3f,186,0,1,2,1,0,1,-0.265625,0.43398144841194153,,,,,0.0,0.0,2.8216605186462402
TRAIN,0f7r7f3f,186,1,2,2,1,1,0,7.28125,0.999312162399292,0.3213666081428528,0.4081873595714569,1,-0.08682075142860413,12.42033863067627,1.9417507648468018,11.4401216506958
TRAIN,0f7r7f3f,187,0,1,2,1,0,1,-0.412109375,0.39840641617774963,,,,,0.0,0.0,2.8216605186462402
TRAIN,0f7r7f3f,187,1,2,2,1,1,0,7.46875,0.9994296431541443,0.25976279377937317,0.27955594658851624,1,-0.019793152809143066,12.189590454101562,2.266221046447754,11.354625701904297
TRAIN,0f7r7f3f,188,0,1,2,1,1,0,0.220703125,0.5549529194831848,0.3564383387565613,0.2952743470668793,2,0.06116399168968201,11.498322486877441,1.9358067512512207,11.340757369995117
TRAIN,0f7r7f3f,188,1,2,2,1,1,0,7.65625,0.9995272159576416,0.3169008195400238,0.3671570122241974,1,-0.050256192684173584,11.025314331054688,1.852158546447754,10.029460906982422
TRAIN,0f7r7f3f,189,0,1,2,1,0,1,-1.015625,0.2658804655075073,,,,,0.0,0.0,2.8216605186462402
TRAIN,0f7r7f3f,189,1,2,2,1,1,0,7.3125,0.9993333220481873,0.293771892786026,0.3454594016075134,1,-0.05168750882148743,12.139617919921875,2.1694233417510986,11.264557838439941
TRAIN,0f7r7f3f,190,0,1,2,1,0,1,-0.62109375,0.34953272342681885,,,,,0.0,0.0,2.8216605186462402
TRAIN,0f7r7f3f,190,1,2,2,1,1,0,7.8125,0.999595582485199,0.25036218762397766,0.292508989572525,1,-0.04214680194854736,12.361899375915527,2.274033546447754,11.52315902709961
TRAIN,0f7r7f3f,191,0,1,2,1,0,1,-0.4921875,0.37937837839126587,,,,,0.0,0.0,2.8216605186462402
TRAIN,0f7r7f3f,191,1,2,2,1,1,0,7.59375,0.9994966983795166,0.2654326260089874,0.3037346601486206,1,-0.03830203413963318,11.921699523925781,2.172471046447754,11.090059280395508
TRAIN,0f7r7f3f,192,0,1,2,1,0,1,-0.9296875,0.2829881012439728,,,,,0.0,0.0,2.8216605186462402
TRAIN,0f7r7f3f,192,1,2,2,1,1,0,7.625,0.9995121955871582,0.31000685691833496,0.3106010854244232,1,-0.0005942285060882568,10.620672225952148,1.9116109609603882,9.735550880432129
TRAIN,0f7r7f3f,193,0,1,2,1,0,1,-1.8671875,0.13386748731136322,,,,,0.0,0.0,2.8216605186462402
TRAIN,0f7r7f3f,193,1,2,2,1,1,0,7.09375,0.9991704225540161,0.30496716499328613,0.38938552141189575,1,-0.08441835641860962,11.639816284179688,1.8725484609603882,10.724010467529297
TRAIN,0f7r7f3f,194,0,1,2,1,0,1,-1.9765625,0.12168574333190918,,,,,0.0,0.0,2.8216605186462402
TRAIN,0f7r7f3f,194,1,2,2,1,1,0,7.71875,0.999555766582489,0.2829839587211609,0.29884567856788635,1,-0.015861719846725464,12.117949485778809,2.258408546447754,11.252934455871582
TRAIN,0f7r7f3f,195,0,1,2,1,0,1,-1.46875,0.18713268637657166,,,,,0.0,0.0,2.8216605186462402
TRAIN,0f7r7f3f,195,1,2,2,1,1,0,7.65625,0.9995272159576416,0.2892429530620575,0.31595420837402344,1,-0.026711255311965942,11.339250564575195,1.9099308252334595,10.53115463256836
TRAIN,0f7r7f3f,196,0,1,2,1,0,1,-2.140625,0.10521054267883301,,,,,0.0,0.0,2.8216605186462402
TRAIN,0f7r7f3f,196,1,2,2,1,1,0,7.25,0.9992903470993042,0.2905176877975464,0.34267139434814453,1,-0.052153706550598145,11.406384468078613,1.7771183252334595,10.587579727172852
TRAIN,0f7r7f3f,197,0,1,2,1,0,1,-1.984375,0.12085322290658951,,,,,0.0,0.0,2.8216605186462402
TRAIN,0f7r7f3f,197,1,2,2,1,1,0,7.53125,0.999464213848114,0.31248393654823303,0.3276293873786926,1,-0.015145450830459595,11.39387035369873,2.055283546447754,10.500082015991211
TRAIN,0f7r7f3f,198,0,1,2,1,0,1,-1.765625,0.14608724415302277,,,,,0.0,0.0,2.8216605186462402
TRAIN,0f7r7f3f,198,1,2,2,1,1,0,7.65625,0.9995272159576416,0.27537521719932556,0.2933867871761322,1,-0.01801156997680664,12.410429000854492,2.4194233417510986,11.681597709655762
TRAIN,0f7r7f3f,199,0,1,2,1,0,1,-1.765625,0.14608724415302277,,,,,0.0,0.0,2.8216605186462402
TRAIN,0f7r7f3f,199,1,2,2,1,1,0,7.25,0.9992903470993042,0.36511313915252686,0.47727009654045105,1,-0.1121569573879242,12.542577743530273,2.0994772911071777,11.581788063049316
TRAIN,0f7r7f3f,200,0,1,2,1,0,1,-1.1953125,0.23231014609336853,,,,,0.0,0.0,2.8216605186462402
TRAIN,0f7r7f3f,200,1,2,2,1,1,0,7.03125,0.9991169571876526,0.24480056762695312,0.2658241093158722,1,-0.021023541688919067,12.09269905090332,2.234971046447754,11.315093994140625
TRAIN,0f7r7f3f,201,0,1,2,1,0,1,-1.796875,0.14223189651966095,,,,,0.0,0.0,2.8216605186462402
TRAIN,0f7r7f3f,201,1,2,2,1,1,0,7.28125,0.999312162399292,0.2869102656841278,0.3674650490283966,1,-0.0805547833442688,12.741039276123047,2.22243070602417,11.887127876281738
TRAIN,0f7r7f3f,202,0,1,2,1,0,1,-1.8125,0.14033624529838562,,,,,0.0,0.0,2.8216605186462402
TRAIN,0f7r7f3f,202,1,2,2,1,1,0,7.25,0.9992903470993042,0.29459524154663086,0.3584631383419037,1,-0.06386789679527283,12.077545166015625,2.06618070602417,11.198943138122559
TRAIN,0f7r7f3f,203,0,1,2,1,0,1,-2.390625,0.0838903859257698,,,,,0.0,0.0,2.8216605186462402
TRAIN,0f7r7f3f,203,1,2,2,1,1,0,7.15625,0.999220609664917,0.29566723108291626,0.31663790345191956,1,-0.020970672369003296,10.943775177001953,1.9350484609603882,10.16408920288086
TRAIN,0f7r7f3f,204,0,1,2,1,0,1,-1.2578125,0.22135066986083984,,,,,0.0,0.0,2.8216605186462402
TRAIN,0f7r7f3f,204,1,2,2,1,1,0,6.9375,0.9990302324295044,0.3650503158569336,0.464995801448822,1,-0.09994548559188843,12.327527046203613,1.9901022911071777,11.426349639892578
TRAIN,0f7r7f3f,205,0,1,2,1,0,1,-2.578125,0.07055959850549698,,,,,0.0,0.0,2.8216605186462402
TRAIN,0f7r7f3f,205,1,2,2,1,1,0,6.875,0.9989677667617798,0.24502252042293549,0.24297091364860535,1,0.002051606774330139,11.420145988464355,2.125596046447754,10.664328575134277
TRAIN,0f7r7f3f,206,0,1,2,1,0,1,-3.015625,0.04672495648264885,,,,,0.0,0.0,2.8216605186462402
TRAIN,0f7r7f3f,206,1,2,2,1,1,0,7.0625,0.9991440773010254,0.275949090719223,0.30950596928596497,1,-0.03355687856674194,12.711353302001953,2.305283546447754,11.933035850524902
TRAIN,0f7r7f3f,207,0,1,2,1,0,1,-3.203125,0.039048291742801666,,,,,0.0,0.0,2.8216605186462402
TRAIN,0f7r7f3f,207,1,2,2,1,1,0,7.625,0.9995121955871582,0.26661601662635803,0.30062082409858704,1,-0.034004807472229004,11.708815574645996,2.266221046447754,10.83083438873291
TRAIN,0f7r7f3f,208,0,1,2,1,0,1,-1.9140625,0.12852513790130615,,,,,0.0,0.0,2.8216605186462402
TRAIN,0f7r7f3f,208,1,2,2,1,1,0,7.84375,0.9996079802513123,0.35678067803382874,0.35839182138442993,1,-0.0016111433506011963,11.381025314331055,2.024033546447754,10.375460624694824
TRAIN,0f7r7f3f,209,0,1,2,1,0,1,-3.359375,0.03358950838446617,,,,,0.0,0.0,2.8216605186462402
TRAIN,0f7r7f3f,209,1,2,2,1,1,0,7.4375,0.9994115829467773,0.2810470461845398,0.3124566078186035,1,-0.03140956163406372,11.689566612243652,2.172471046447754,10.823854446411133
TRAIN,0f7r7f3f,210,0,1,2,1,0,1,-2.671875,0.06465348601341248,,,,,0.0,0.0,2.8216605186462402
TRAIN,0f7r7f3f,210,1,2,2,1,1,0,7.625,0.9995121955871582,0.3283664584159851,0.3719124495983124,1,-0.04354599118232727,12.604155540466309,2.156846046447754,11.710081100463867
TRAIN,0f7r7f3f,211,0,1,2,1,0,1,-2.921875,0.05108273774385452,,,,,0.0,0.0,2.8216605186462402
TRAIN,0f7r7f3f,211,1,2,2,1,1,0,7.46875,0.9994296431541443,0.2673299312591553,0.29439252614974976,1,-0.027062594890594482,12.532340049743652,2.305283546447754,11.736529350280762
TRAIN,0f7r7f3f,212,0,1,2,1,0,1,-2.6875,0.06371499598026276,,,,,0.0,0.0,2.8216605186462402
TRAIN,0f7r7f3f,212,1,2,2,1,1,0,7.625,0.9995121955871582,0.25203025341033936,0.32049402594566345,1,-0.0684637725353241,12.394023895263672,2.3100483417510986,11.64273738861084
TRAIN,0f7r7f3f,213,0,1,2,1,0,1,-2.78125,0.05834583938121796,,,,,0.0,0.0,2.8216605186462402
TRAIN,0f7r7f3f,213,1,2,2,1,1,0,7.90625,0.9996316432952881,0.28400444984436035,0.29612448811531067,1,-0.012120038270950317,10.852239608764648,1.9272359609603882,10.044133186340332
TRAIN,0f7r7f3f,214,0,1,2,1,0,1,-2.609375,0.06853749603033066,,,,,0.0,0.0,2.8216605186462402
TRAIN,0f7r7f3f,214,1,2,2,1,1,0,7.5,0.9994471669197083,0.34175220131874084,0.341526597738266,1,0.00022560358047485352,10.779610633850098,1.820908546447754,9.901525497436523
TRAIN,0f7r7f3f,215,0,1,2,1,0,1,-2.703125,0.06278920918703079,,,,,0.0,0.0,2.8216605186462402
TRAIN,0f7r7f3f,215,1,2,2,1,1,0,7.9375,0.9996429681777954,0.3479746878147125,0.3879985511302948,1,-0.040023863315582275,11.147501945495605,1.8725484609603882,10.316600799560547
TRAIN,0f7r7f3f,216,0,1,2,1,0,1,-2.765625,0.05921025574207306,,,,,0.0,0.0,2.8216605186462402
TRAIN,0f7r7f3f,216,1,2,2,1,1,0,7.84375,0.9996079802513123,0.31586751341819763,0.40236347913742065,1,-0.08649596571922302,12.274030685424805,2.031846046447754,11.33188247680664
TRAIN,0f7r7f3f,217,0,1,2,1,0,1,-2.71875,0.06187598779797554,,,,,0.0,0.0,2.8216605186462402
TRAIN,0f7r7f3f,217,1,2,2,1,1,0,8.0,0.9996646642684937,0.27372175455093384,0.34317800402641296,1,-0.06945624947547913,12.453977584838867,2.14430570602417,11.664144515991211
TRAIN,0f7r7f3f,218,0,1,2,1,0,1,-2.140625,0.10521054267883301,,,,,0.0,0.0,2.8216605186462402
TRAIN,0f7r7f3f,218,1,2,2,1,1,0,7.4375,0.9994115829467773,0.2441287338733673,0.27197232842445374,1,-0.027843594551086426,10.964865684509277,2.1537983417510986,10.35991096496582
TRAIN,0f7r7f3f,219,0,1,2,1,0,1,-1.9765625,0.12168574333190918,,,,,0.0,0.0,2.8216605186462402
TRAIN,0f7r7f3f,219,1,2,2,1,1,0,7.5625,0.999480664730072,0.36355453729629517,0.39574283361434937,1,-0.0321882963180542,11.888688087463379,2.078721046447754,10.905892372131348
TRAIN,0f7r7f3f,220,0,1,2,1,0,1,-2.171875,0.10230471193790436,,,,,0.0,0.0,2.8216605186462402
TRAIN,0f7r7f3f,220,1,2,2,1,1,0,7.375,0.999373733997345,0.29874762892723083,0.38654273748397827,1,-0.08779510855674744,12.784602165222168,2.20680570602417,11.918124198913574
TRAIN,0f7r7f3f,221,0,1,2,1,0,1,-2.25,0.09534945338964462,,,,,0.0,0.0,2.8216605186462402
TRAIN,0f7r7f3f,221,1,2,2,1,1,0,7.8125,0.999595582485199,0.28590714931488037,0.30335482954978943,1,-0.017447680234909058,11.944831848144531,2.203721046447754,11.11033821105957
TRAIN,0f7r7f3f,222,0,1,2,1,0,1,-1.5390625,0.1766715943813324,,,,,0.0,0.0,2.8216605186462402
TRAIN,0f7r7f3f,222,1,2,2,1,1,0,7.65625,0.9995272159576416,0.2959555387496948,0.3644906282424927,1,-0.06853508949279785,12.356451034545898,2.180283546447754,11.46489143371582
TRAIN,0f7r7f3f,223,0,1,2,1,0,1,-2.953125,0.04958902671933174,,,,,0.0,0.0,2.8216605186462402
TRAIN,0f7r7f3f,223,1,2,2,1,1,0,6.96875,0.9990600943565369,0.25074321031570435,0.3049083352088928,1,-0.05416512489318848,10.718902587890625,1.9975484609603882,10.02738094329834
TRAIN,0f7r7f3f,224,0,1,2,1,0,1,-2.875,0.053403329104185104,,,,,0.0,0.0,2.8216605186462402
TRAIN,0f7r7f3f,224,1,2,2,1,1,0,7.46875,0.9994296431541443,0.256021648645401,0.28770118951797485,1,-0.03167954087257385,11.58746337890625,2.1069233417510986,10.876038551330566
TRAIN,0f7r7f3f,225,0,1,2,1,0,1,-2.328125,0.08882029354572296,,,,,0.0,0.0,2.8216605186462402
TRAIN,0f7r7f3f,225,1,2,2,1,1,0,7.5,0.9994471669197083,0.3324924409389496,0.3725983798503876,1,-0.04010593891143799,11.73623275756836,1.961533546447754,10.745705604553223
TRAIN,0f7r7f3f,226,0,1,2,1,0,1,-2.296875,0.09138210862874985,,,,,0.0,0.0,2.8216605186462402
TRAIN,0f7r7f3f,226,1,2,2,1,1,0,7.65625,0.9995272159576416,0.36278218030929565,0.3804917335510254,1,-0.017709553241729736,10.857202529907227,1.8665558099746704,9.931053161621094
TRAIN,0f7r7f3f,227,0,1,2,1,0,1,-2.53125,0.07369627058506012,,,,,0.0,0.0,2.8216605186462402
TRAIN,0f7r7f3f,227,1,2,2,1,1,0,7.90625,0.9996316432952881,0.2618437707424164,0.3061439096927643,1,-0.0443001389503479,12.164667129516602,2.281846046447754,11.35305404663086
TRAIN,0f7r7f3f,228,0,1,2,1,0,1,-1.875,0.13296423852443695,,,,,0.0,0.0,2.8216605186462402
TRAIN,0f7r7f3f,228,1,2,2,1,1,0,7.875,0.9996199607849121,0.3240371346473694,0.3890748620033264,1,-0.06503772735595703,11.958649635314941,2.172471046447754,10.989082336425781
TRAIN,0f7r7f3f,229,0,1,2,1,0,1,-2.09375,0.10970578342676163,,,,,0.0,0.0,2.8216605186462402
TRAIN,0f7r7f3f,229,1,2,2,1,1,0,7.6875,0.9995417594909668,0.31409621238708496,0.3520742654800415,1,-0.03797805309295654,11.680110931396484,1.906846046447754,10.80497932434082
TRAIN,0f7r7f3f,230,0,1,2,1,0,1,-2.625,0.06754669547080994,,,,,0.0,0.0,2.8216605186462402
TRAIN,0f7r7f3f,230,1,2,2,1,1,0,7.5625,0.999480664730072,0.2737070620059967,0.29582706093788147,1,-0.022119998931884766,12.214137077331543,2.297471046447754,11.390366554260254
TRAIN,0f7r7f3f,231,0,1,2,1,0,1,-1.90625,0.12940272688865662,,,,,0.0,0.0,2.8216605186462402
TRAIN,0f7r7f3f,231,1,2,2,1,1,0,7.53125,0.999464213848114,0.2781001031398773,0.3449345827102661,1,-0.0668344795703888,11.15393352508545,1.930283546447754,10.310412406921387
TRAIN,0f7r7f3f,232,0,1,2,1,0,1,-2.5,0.07585817575454712,,,,,0.0,0.0,2.8216605186462402
TRAIN,0f7r7f3f,232,1,2,2,1,1,0,7.3125,0.9993333220481873,0.3354780972003937,0.42205220460891724,1,-0.08657410740852356,11.027606010437012,1.8260397911071777,10.023956298828125
TRAIN,0f7r7f3f,233,0,1,2,1,0,1,-1.9296875,0.12678517401218414,,,,,0.0,0.0,2.8216605186462402
TRAIN,0f7r7f3f,233,1,2,2,1,1,0,6.4375,0.9984021782875061,0.3079923987388611,0.3894139230251312,1,-0.08142152428627014,10.224828720092773,1.5931183099746704,9.295158386230469
TRAIN,0f7r7f3f,234,0,1,2,1,0,1,-1.890625,0.13117322325706482,,,,,0.0,0.0,2.8216605186462402
TRAIN,0f7r7f3f,234,1,2,2,1,1,0,7.40625,0.9993928670883179,0.3243866264820099,0.3857700824737549,1,-0.061383455991744995,11.054424285888672,1.766221046447754,10.076784133911133
TRAIN,0f7r7f3f,235,0,1,2,1,0,1,-2.484375,0.07696083933115005,,,,,0.0,0.0,2.8216605186462402
TRAIN,0f7r7f3f,235,1,2,2,1,1,0,7.46875,0.9994296431541443,0.3011881113052368,0.36751654744148254,1,-0.06632843613624573,11.371109962463379,2.086533546447754,10.380932807922363
TRAIN,0f7r7f3f,236,0,1,2,1,0,1,-2.640625,0.06656918674707413,,,,,0.0,0.0,2.8216605186462402
TRAIN,0f7r7f3f,236,1,2,2,1,1,0,8.0625,0.9996849298477173,0.31604552268981934,0.32977136969566345,1,-0.013725847005844116,10.259414672851562,1.781846046447754,9.304842948913574
TRAIN,0f7r7f3f,237,0,1,2,1,0,1,-3.0625,0.044680867344141006,,,,,0.0,0.0,2.8216605186462402
TRAIN,0f7r7f3f,237,1,2,2,1,1,0,7.46875,0.9994296431541443,0.2988143563270569,0.3549745976924896,1,-0.05616024136543274,11.386994361877441,2.203721046447754,10.434041023254395
TRAIN,0f7r7f3f,238,0,1,2,1,0,1,-2.375,0.08509904146194458,,,,,0.0,0.0,2.8216605186462402
TRAIN,0f7r7f3f,238,1,2,2,1,1,0,7.75,0.9995694756507874,0.2654813826084137,0.29258760809898376,1,-0.02710622549057007,11.478156089782715,2.320908546447754,10.599698066711426
TRAIN,0f7r7f3f,239,0,1,2,1,0,1,-1.53125,0.17781086266040802,,,,,0.0,0.0,2.8216605186462402
TRAIN,0f7r7f3f,239,1,2,2,1,1,0,7.96875,0.9996540546417236,0.33373311161994934,0.30148786306381226,1,0.032245248556137085,10.727635383605957,2.016221046447754,9.678234100341797
TRAIN,0f7r7f3f,240,0,1,2,1,0,1,-2.671875,0.06465348601341248,,,,,0.0,0.0,2.8216605186462402
TRAIN,0f7r7f3f,240,1,2,2,1,1,0,7.71875,0.999555766582489,0.3057432770729065,0.34910261631011963,1,-0.043359339237213135,10.685747146606445,1.7927433252334595,9.875741958618164
TRAIN,0f7r7f3f,241,0,1,2,1,0,1,-2.21875,0.09807931631803513,,,,,0.0,0.0,2.8216605186462402
TRAIN,0f7r7f3f,241,1,2,2,1,1,0,7.34375,0.99935382604599,0.3002889156341553,0.3779008686542511,1,-0.07761195302009583,11.64029312133789,2.055283546447754,10.696069717407227
TRAIN,0f7r7f3f,242,0,1,2,1,0,1,-2.9375,0.05033063143491745,,,,,0.0,0.0,2.8216605186462402
TRAIN,0f7r7f3f,242,1,2,2,1,1,0,8.0625,0.9996849298477173,0.3564380705356598,0.33804333209991455,1,0.01839473843574524,9.654053688049316,1.547471046447754,8.707198143005371
TRAIN,0f7r7f3f,243,0,1,2,1,0,1,-2.953125,0.04958902671933174,,,,,0.0,0.0,2.8216605186462402
TRAIN,0f7r7f3f,243,1,2,2,1,1,0,7.3125,0.9993333220481873,0.3659138083457947,0.3891639709472656,1,-0.023250162601470947,10.839415550231934,1.8353058099746704,9.881509780883789
TRAIN,0f7r7f3f,244,0,1,2,1,0,1,-2.484375,0.07696083933115005,,,,,0.0,0.0,2.8216605186462402
TRAIN,0f7r7f3f,244,1,2,2,1,1,0,6.96875,0.9990600943565369,0.35989439487457275,0.39978620409965515,1,-0.0398918092250824,11.045258522033691,1.9134308099746704,10.15683650970459
TRAIN,0f7r7f3f,245,0,1,2,1,0,1,-1.796875,0.14223189651966095,,,,,0.0,0.0,2.8216605186462402
TRAIN,0f7r7f3f,245,1,2,2,1,1,0,7.34375,0.99935382604599,0.28235968947410583,0.27497681975364685,1,0.007382869720458984,10.490572929382324,2.078721046447754,9.61201286315918
TRAIN,0f7r7f3f,246,0,1,2,1,0,1,-1.984375,0.12085322290658951,,,,,0.0,0.0,2.8216605186462402
TRAIN,0f7r7f3f,246,1,2,2,1,1,0,7.53125,0.999464213848114,0.310417115688324,0.3971409797668457,1,-0.08672386407852173,12.52495288848877,2.289658546447754,11.379548072814941
TRAIN,0f7r7f3f,247,0,1,2,1,0,1,-2.09375,0.10970578342676163,,,,,0.0,0.0,2.8216605186462402
TRAIN,0f7r7f3f,247,1,2,2,1,1,0,7.5625,0.999480664730072,0.276873916387558,0.3376813530921936,1,-0.06080743670463562,12.942939758300781,2.477158546447754,11.93091106414795
TRAIN,0f7r7f3f,248,0,1,2,1,0,1,-1.40625,0.19682618975639343,,,,,0.0,0.0,2.8216605186462402
TRAIN,0f7r7f3f,248,1,2,2,1,1,0,7.09375,0.9991704225540161,0.2651776671409607,0.2751999795436859,1,-0.01002231240272522,11.377654075622559,2.0355007648468018,10.600841522216797
TRAIN,0f7r7f3f,249,0,1,2,1,0,1,-2.171875,0.10230471193790436,,,,,0.0,0.0,2.8216605186462402
TRAIN,0f7r7f3f,249,1,2,2,1,1,0,7.59375,0.9994966983795166,0.34034162759780884,0.3614908754825592,1,-0.021149247884750366,11.161240577697754,1.969346046447754,10.266969680786133
TRAIN,0f7r7f3f,250,0,1,2,1,0,1,-2.40625,0.08269733935594559,,,,,0.0,0.0,2.8216605186462402
TRAIN,0f7r7f3f,250,1,2,2,1,1,0,7.09375,0.9991704225540161,0.2733233571052551,0.28788572549819946,1,-0.014562368392944336,11.498064994812012,2.102158546447754,10.634976387023926
TRAIN,0f7r7f3f,251,0,1,2,1,0,1,-2.5,0.07585817575454712,,,,,0.0,0.0,2.8216605186462402
TRAIN,0f7r7f3f,251,1,2,2,1,1,0,6.96875,0.9990600943565369,0.3145555853843689,0.38003337383270264,1,-0.06547778844833374,10.905757904052734,1.859971046447754,9.931314468383789
TRAIN,0f7r7f3f,252,0,1,2,1,0,1,-2.328125,0.08882029354572296,,,,,0.0,0.0,2.8216605186462402
TRAIN,0f7r7f3f,252,1,2,2,1,1,0,6.90625,0.9989995360374451,0.3181105852127075,0.41311660408973694,1,-0.09500601887702942,11.469100952148438,1.938096046447754,10.492305755615234
TRAIN,0f7r7f3f,253,0,1,2,1,0,1,-1.78125,0.14414885640144348,,,,,0.0,0.0,2.8216605186462402
TRAIN,0f7r7f3f,253,1,2,2,1,1,0,6.96875,0.9990600943565369,0.24428705871105194,0.2658576965332031,1,-0.021570637822151184,11.40659236907959,2.297471046447754,10.56054401397705
TRAIN,0f7r7f3f,254,0,1,2,1,0,1,-1.765625,0.14608724415302277,,,,,0.0,0.0,2.8216605186462402
TRAIN,0f7r7f3f,254,1,2,2,1,1,0,6.875,0.9989677667617798,0.27807196974754333,0.2915366590023041,1,-0.013464689254760742,10.638638496398926,2.063096046447754,9.833113670349121
TRAIN,0f7r7f3f,255,0,1,2,1,0,1,-1.3359375,0.20817892253398895,,,,,0.0,0.0,2.8216605186462402
TRAIN,0f7r7f3f,255,1,2,2,1,1,0,6.96875,0.9990600943565369,0.32389846444129944,0.3392758369445801,1,-0.01537737250328064,10.761676788330078,1.820908546447754,9.931012153625488
TRAIN,0f7r7f3f,256,0,1,2,1,0,1,-1.3671875,0.2030746340751648,,,,,0.0,0.0,2.8216605186462402
TRAIN,0f7r7f3f,256,1,2,2,1,1,0,6.90625,0.9989995360374451,0.3282316029071808,0.3825344443321228,1,-0.05430284142494202,12.588902473449707,2.102158546447754,11.724570274353027
TRAIN,0f7r7f3f,257,0,1,2,1,0,1,-2.46875,0.07807816565036774,,,,,0.0,0.0,2.8216605186462402
TRAIN,0f7r7f3f,257,1,2,2,1,1,0,7.21875,0.9992678761482239,0.2806270718574524,0.291730672121048,1,-0.011103600263595581,11.135066986083984,2.203721046447754,10.214802742004395
TRAIN,0f7r7f3f,258,0,1,2,1,0,1,-1.5390625,0.1766715943813324,,,,,0.0,0.0,2.8216605186462402
TRAIN,0f7r7f3f,258,1,2,2,1,1,0,7.21875,0.9992678761482239,0.3202113211154938,0.361620157957077,1,-0.04140883684158325,11.148639678955078,2.031846046447754,10.116559028625488
TRAIN,0f7r7f3f,259,0,1,2,1,0,1,-2.234375,0.09670579433441162,,,,,0.0,0.0,2.8216605186462402
TRAIN,0f7r7f3f,259,1,2,2,1,1,0,7.53125,0.999464213848114,0.30406031012535095,0.34246939420700073,1,-0.03840908408164978,11.115355491638184,2.156846046447754,10.079874992370605
TRAIN,0f7r7f3f,260,0,1,2,1,0,1,-2.296875,0.09138210862874985,,,,,0.0,0.0,2.8216605186462402
TRAIN,0f7r7f3f,260,1,2,2,1,1,0,6.90625,0.9989995360374451,0.26413676142692566,0.25856053829193115,1,0.005576223134994507,11.21117115020752,2.133408546447754,10.418001174926758
TRAIN,0f7r7f3f,261,0,1,2,1,0,1,-2.703125,0.06278920918703079,,,,,0.0,0.0,2.8216605186462402
TRAIN,0f7r7f3f,261,1,2,2,1,1,0,7.71875,0.999555766582489,0.3394266963005066,0.3509870767593384,1,-0.011560380458831787,10.409248352050781,1.758408546447754,9.508199691772461
TRAIN,0f7r7f3f,262,0,1,2,1,0,1,-1.859375,0.13477590680122375,,,,,0.0,0.0,2.8216605186462402
TRAIN,0f7r7f3f,262,1,2,2,1,1,0,7.4375,0.9994115829467773,0.27736344933509827,0.33141815662384033,1,-0.054054707288742065,12.354384422302246,2.274033546447754,11.527649879455566
TRAIN,0f7r7f3f,263,0,1,2,1,0,1,-2.125,0.10669060051441193,,,,,0.0,0.0,2.8216605186462402
TRAIN,0f7r7f3f,263,1,2,2,1,1,0,7.5,0.9994471669197083,0.28157877922058105,0.33726510405540466,1,-0.05568632483482361,11.210734367370605,2.000596046447754,10.312911033630371
TRAIN,0f7r7f3f,264,0,1,2,1,0,1,-1.5546875,0.17441026866436005,,,,,0.0,0.0,2.8216605186462402
TRAIN,0f7r7f3f,264,1,2,2,1,1,0,7.28125,0.999312162399292,0.30520421266555786,0.30489903688430786,1,0.00030517578125,10.108755111694336,1.695908546447754,9.291596412658691
TRAIN,0f7r7f3f,265,0,1,2,1,0,1,-1.7421875,0.1490352898836136,,,,,0.0,0.0,2.8216605186462402
TRAIN,0f7r7f3f,265,1,2,2,1,1,0,7.5625,0.999480664730072,0.2546350061893463,0.24237973988056183,1,0.012255266308784485,11.528533935546875,2.352158546447754,10.702850341796875
TRAIN,0f7r7f3f,266,0,1,2,1,0,1,-0.9609375,0.2766905128955841,,,,,0.0,0.0,2.8216605186462402
TRAIN,0f7r7f3f,266,1,2,2,1,1,0,7.34375,0.99935382604599,0.368246853351593,0.4605906307697296,1,-0.0923437774181366,11.574934959411621,1.797471046447754,10.447315216064453
TRAIN,0f7r7f3f,267,0,1,2,1,0,1,-1.765625,0.14608724415302277,,,,,0.0,0.0,2.8216605186462402
TRAIN,0f7r7f3f,267,1,2,2,1,1,0,7.6875,0.9995417594909668,0.26776057481765747,0.2854117453098297,1,-0.01765117049217224,11.05776309967041,1.992783546447754,10.160358428955078
TRAIN,0f7r7f3f,268,0,1,2,1,0,1,-1.53125,0.17781086266040802,,,,,0.0,0.0,2.8216605186462402
TRAIN,0f7r7f3f,268,1,2,2,1,1,0,7.0,0.9990890026092529,0.30666136741638184,0.3713475465774536,1,-0.06468617916107178,10.254554748535156,1.5774933099746704,9.353775978088379
TRAIN,0f7r7f3f,269,0,1,2,1,0,1,-1.90625,0.12940272688865662,,,,,0.0,0.0,2.8216605186462402
TRAIN,0f7r7f3f,269,1,2,2,1,1,0,7.15625,0.999220609664917,0.30380696058273315,0.3446612060070038,1,-0.04085424542427063,10.72446346282959,1.789658546447754,9.86612319946289
TRAIN,0f7r7f3f,270,0,1,2,1,0,1,-1.1796875,0.2351083904504776,,,,,0.0,0.0,2.8216605186462402
TRAIN,0f7r7f3f,270,1,2,2,1,1,0,7.59375,0.9994966983795166,0.3154726028442383,0.3262690305709839,1,-0.010796427726745605,10.256112098693848,1.711533546447754,9.427963256835938
TRAIN,0f7r7f3f,271,0,1,2,1,0,1,-0.88671875,0.29178744554519653,,,,,0.0,0.0,2.8216605186462402
TRAIN,0f7r7f3f,271,1,2,2,1,1,0,7.28125,0.999312162399292,0.2938031256198883,0.3312718868255615,1,-0.03746876120567322,11.127419471740723,1.859971046447754,10.308247566223145
TRAIN,0f7r7f3f,272,0,1,2,1,0,1,-1.171875,0.23651622235774994,,,,,0.0,0.0,2.8216605186462402
TRAIN,0f7r7f3f,272,1,2,2,1,1,0,6.84375,0.9989350438117981,0.25493818521499634,0.336806982755661,1,-0.08186879754066467,12.708273887634277,2.22243070602417,11.899861335754395
TRAIN,0f7r7f3f,273,0,1,2,1,1,0,0.40234375,0.5992506742477417,0.35091644525527954,0.28745236992836,2,0.06346407532691956,13.71142864227295,2.3585822582244873,13.662492752075195
TRAIN,0f7r7f3f,273,1,2,2,1,1,0,7.28125,0.999312162399292,0.3148205578327179,0.33466970920562744,1,-0.019849151372909546,9.937976837158203,1.695908546447754,9.039527893066406
TRAIN,0f7r7f3f,274,0,1,2,1,0,1,-0.302734375,0.4248892068862915,,,,,0.0,0.0,2.8216605186462402
TRAIN,0f7r7f3f,274,1,2,2,1,1,0,7.0,0.9990890026092529,0.28328296542167664,0.3422360122203827,1,-0.058953046798706055,11.408577919006348,1.875596046447754,10.517023086547852
TRAIN,0f7r7f3f,275,0,1,2,1,0,1,-0.88671875,0.29178744554519653,,,,,0.0,0.0,2.8216605186462402
TRAIN,0f7r7f3f,275,1,2,2,1,1,0,7.5,0.9994471669197083,0.2775963246822357,0.319200336933136,1,-0.04160401225090027,10.487482070922852,1.852158546447754,9.595407485961914
TRAIN,0f7r7f3f,276,0,1,2,1,0,1,-1.421875,0.19436779618263245,,,,,0.0,0.0,2.8216605186462402
TRAIN,0f7r7f3f,276,1,2,2,1,1,0,7.71875,0.999555766582489,0.3266308605670929,0.3205499053001404,1,0.006080955266952515,10.270759582519531,1.781846046447754,9.396708488464355
TRAIN,0f7r7f3f,277,0,1,2,1,0,1,-1.1328125,0.2436424344778061,,,,,0.0,0.0,2.8216605186462402
TRAIN,0f7r7f3f,277,1,2,2,1,1,0,7.4375,0.9994115829467773,0.315313458442688,0.34169310331344604,1,-0.026379644870758057,10.556673049926758,1.820908546447754,9.687021255493164
TRAIN,0f7r7f3f,278,0,1,2,1,0,1,-0.447265625,0.3900110721588135,,,,,0.0,0.0,2.8216605186462402
TRAIN,0f7r7f3f,278,1,2,2,1,1,0,7.25,0.9992903470993042,0.3004358410835266,0.3195077180862427,1,-0.019071877002716064,11.367568969726562,2.102158546447754,10.47591781616211
TRAIN,0f7r7f3f,279,0,1,2,1,0,1,-0.031494140625,0.49212712049484253,,,,,0.0,0.0,2.8216605186462402
TRAIN,0f7r7f3f,279,1,2,2,1,1,0,6.875,0.9989677667617798,0.29786914587020874,0.3857868015766144,1,-0.08791765570640564,12.249772071838379,2.320908546447754,11.311491966247559
TRAIN,0f7r7f3f,280,0,1,2,1,0,1,-0.62890625,0.34775856137275696,,,,,0.0,0.0,2.8216605186462402
TRAIN,0f7r7f3f,280,1,2,2,1,1,0,7.21875,0.9992678761482239,0.2705012261867523,0.31650233268737793,1,-0.04600110650062561,10.716187477111816,1.781846046447754,9.877325057983398
TRAIN,0f7r7f3f,281,0,1,2,1,0,1,-1.2578125,0.22135066986083984,,,,,0.0,0.0,2.8216605186462402
TRAIN,0f7r7f3f,281,1,2,2,1,1,0,7.15625,0.999220609664917,0.37198755145072937,0.3800928592681885,1,-0.008105307817459106,10.34914779663086,1.805283546447754,9.288662910461426
TRAIN,0f7r7f3f,282,0,1,2,1,0,1,-0.828125,0.30404165387153625,,,,,0.0,0.0,2.8216605186462402
TRAIN,0f7r7f3f,282,1,2,2,1,1,0,7.25,0.9992903470993042,0.31103232502937317,0.30630913376808167,1,0.004723191261291504,10.616752624511719,1.914658546447754,9.651302337646484
TRAIN,0f7r7f3f,283,0,1,2,1,0,1,-1.3515625,0.20561504364013672,,,,,0.0,0.0,2.8216605186462402
TRAIN,0f7r7f3f,283,1,2,2,1,1,0,7.5625,0.999480664730072,0.23371432721614838,0.24722222983837128,1,-0.0135079026222229,13.461515426635742,2.664658546447754,12.681443214416504
TRAIN,0f7r7f3f,284,0,1,2,1,0,1,-0.5703125,0.36116471886634827,,,,,0.0,0.0,2.8216605186462402
TRAIN,0f7r7f3f,284,1,2,2,1,1,0,7.8125,0.999595582485199,0.31695717573165894,0.40002191066741943,1,-0.0830647349357605,11.236345291137695,1.774033546447754,10.20197868347168
TRAIN,0f7r7f3f,285,0,1,2,1,0,1,-0.51953125,0.3729618787765503,,,,,0.0,0.0,2.8216605186462402
TRAIN,0f7r7f3f,285,1,2,2,1,1,0,8.0,0.9996646642684937,0.3031693398952484,0.3774111270904541,1,-0.07424178719520569,11.538642883300781,2.109971046447754,10.466168403625488
TRAIN,0f7r7f3f,286,0,1,2,1,0,1,-0.61328125,0.351311057806015,,,,,0.0,0.0,2.8216605186462402
TRAIN,0f7r7f3f,286,1,2,2,1,1,0,7.71875,0.999555766582489,0.29776477813720703,0.3332274854183197,1,-0.03546270728111267,11.437216758728027,2.031846046447754,10.570503234863281
TRAIN,0f7r7f3f,287,0,1,2,1,1,0,0.15625,0.5389832258224487,0.3258459270000458,0.27872905135154724,2,0.047116875648498535,13.847591400146484,2.4367072582244873,13.673600196838379
TRAIN,0f7r7f3f,287,1,2,2,1,1,0,7.59375,0.9994966983795166,0.33261558413505554,0.38962364196777344,1,-0.057008057832717896,10.128969192504883,1.766221046447754,9.116002082824707
TRAIN,0f7r7f3f,288,0,1,2,1,1,0,0.279296875,0.5693738460540771,0.2607758939266205,0.24132320284843445,2,0.019452691078186035,13.53707218170166,2.2821013927459717,13.560086250305176
TRAIN,0f7r7f3f,288,1,2,2,1,1,0,7.40625,0.9993928670883179,0.32405778765678406,0.36096957325935364,1,-0.03691178560256958,10.139213562011719,1.805283546447754,9.168333053588867
TRAIN,0f7r7f3f,289,0,1,2,1,1,0,0.60546875,0.6469064354896545,0.26241907477378845,0.22666311264038086,2,0.03575596213340759,13.78258228302002,2.6381733417510986,13.858390808105469
TRAIN,0f7r7f3f,289,1,2,2,1,1,0,8.0625,0.9996849298477173,0.3038218319416046,0.326680451631546,1,-0.022858619689941406,11.227783203125,2.180283546447754,10.38284969329834
TRAIN,0f7r7f3f,290,0,1,2,1,1,0,1.28125,0.7826625108718872,0.31079936027526855,0.27991026639938354,2,0.03088909387588501,12.226905822753906,2.2039763927459717,12.000338554382324
TRAIN,0f7r7f3f,290,1,2,2,1,1,0,7.96875,0.9996540546417236,0.29472616314888,0.3208680748939514,1,-0.02614191174507141,10.460365295410156,2.039658546447754,9.531454086303711
TRAIN,0f7r7f3f,291,0,1,2,1,1,0,1.3984375,0.8019358515739441,0.2646562159061432,0.2578291594982147,2,0.006827056407928467,13.150633811950684,2.4071013927459717,12.963083267211914
TRAIN,0f7r7f3f,291,1,2,2,1,1,0,7.71875,0.999555766582489,0.3332313895225525,0.3625948429107666,1,-0.02936345338821411,10.470553398132324,2.063096046447754,9.409132957458496
TRAIN,0f7r7f3f,292,0,1,2,1,1,0,1.890625,0.8688268065452576,0.3110702335834503,0.2624497711658478,2,0.04862046241760254,14.034456253051758,2.4975483417510986,13.885170936584473
TRAIN,0f7r7f3f,292,1,2,2,1,1,0,7.84375,0.9996079802513123,0.2977723777294159,0.3475988507270813,1,-0.049826472997665405,10.947108268737793,2.102158546447754,9.995266914367676
TRAIN,0f7r7f3f,293,0,1,2,1,1,0,1.953125,0.8757869601249695,0.24919302761554718,0.22377988696098328,2,0.025413140654563904,13.101068496704102,2.4383513927459717,12.827730178833008
TRAIN,0f7r7f3f,293,1,2,2,1,1,0,7.96875,0.9996540546417236,0.25744080543518066,0.3108828365802765,1,-0.053442031145095825,11.579450607299805,2.320908546447754,10.645074844360352
TRAIN,0f7r7f3f,294,0,1,2,1,1,0,2.15625,0.896251380443573,0.3258907198905945,0.2714102566242218,2,0.05448046326637268,12.897497177124023,2.6225483417510986,12.688456535339355
TRAIN,0f7r7f3f,294,1,2,2,1,1,0,8.4375,0.999783456325531,0.3145233988761902,0.35623064637184143,1,-0.041707247495651245,11.29169750213623,2.141221046447754,10.236928939819336
TRAIN,0f7r7f3f,295,0,1,2,1,1,0,1.9296875,0.873214840888977,0.24004672467708588,0.20452693104743958,2,0.0355197936296463,14.401860237121582,3.0912983417510986,14.472260475158691
TRAIN,0f7r7f3f,295,1,2,2,1,1,0,8.375,0.9997695088386536,0.322523832321167,0.38558000326156616,1,-0.06305617094039917,10.504474639892578,1.844346046447754,9.459821701049805
TRAIN,0f7r7f3f,296,0,1,2,1,1,0,2.109375,0.8918110132217407,0.21291083097457886,0.1831105351448059,2,0.02980029582977295,14.028905868530273,3.0912983417510986,14.164689064025879
TRAIN,0f7r7f3f,296,1,2,2,1,1,0,7.875,0.9996199607849121,0.30208104848861694,0.35256263613700867,1,-0.050481587648391724,10.632996559143066,1.961533546447754,9.656950950622559
TRAIN,0f7r7f3f,297,0,1,2,1,1,0,2.359375,0.9136765599250793,0.23897220194339752,0.21012882888317108,2,0.02884337306022644,13.100556373596191,2.7319233417510986,13.184114456176758
TRAIN,0f7r7f3f,297,1,2,2,1,1,0,7.46875,0.9994296431541443,0.2902666926383972,0.3333016037940979,1,-0.043034911155700684,10.239148139953613,1.836533546447754,9.369359016418457
TRAIN,0f7r7f3f,298,0,1,2,1,1,0,1.90625,0.8705973029136658,0.17968355119228363,0.15327458083629608,2,0.02640897035598755,14.790682792663574,3.1537983417510986,14.97196102142334
TRAIN,0f7r7f3f,298,1,2,2,1,1,0,7.625,0.9995121955871582,0.2514166533946991,0.2702021598815918,1,-0.0187855064868927,12.285557746887207,2.477158546447754,11.416632652282715
TRAIN,0f7r7f3f,299,0,1,2,1,1,0,1.90625,0.8705973029136658,0.25083985924720764,0.1815940886735916,2,0.06924577057361603,14.52432918548584,3.1381733417510986,14.616869926452637
TRAIN,0f7r7f3f,299,1,2,2,1,1,0,7.84375,0.9996079802513123,0.3703197240829468,0.4840810298919678,1,-0.113761305809021,10.771079063415527,1.6493337154388428,9.674617767333984
TRAIN,0f7r7f3f,300,0,1,2,1,1,0,2.0625,0.8872045874595642,0.2351314127445221,0.1763225495815277,2,0.058808863162994385,14.640647888183594,3.2162983417510986,14.746137619018555
TRAIN,0f7r7f3f,300,1,2,2,1,1,0,8.25,0.9997387528419495,0.311271607875824,0.3764691650867462,1,-0.06519755721092224,10.854177474975586,1.7035346031188965,10.078699111938477
TRAIN,0f7r7f3f,301,0,1,2,1,1,0,2.171875,0.8976953029632568,0.2688373327255249,0.20490075647830963,2,0.06393657624721527,13.712604522705078,2.9975483417510986,13.769292831420898
TRAIN,0f7r7f3f,301,1,2,2,1,1,0,7.6875,0.9995417594909668,0.32319414615631104,0.40102964639663696,1,-0.07783550024032593,10.927475929260254,1.938096046447754,9.867155075073242
TRAIN,0f7r7f3f,302,0,1,2,1,1,0,2.5,0.9241418242454529,0.2820124626159668,0.21423092484474182,2,0.06778153777122498,14.510123252868652,3.1537983417510986,14.520509719848633
TRAIN,0f7r7f3f,302,1,2,2,1,1,0,8.625,0.9998205304145813,0.2653639614582062,0.30258694291114807,1,-0.037222981452941895,11.366111755371094,2.477158546447754,10.404590606689453
TRAIN,0f7r7f3f,303,0,1,2,1,1,0,2.828125,0.9441768527030945,0.3222968280315399,0.25186556577682495,2,0.07043126225471497,14.23474407196045,2.7631733417510986,14.178916931152344
TRAIN,0f7r7f3f,303,1,2,2,1,1,0,7.9375,0.9996429681777954,0.2791765630245209,0.3788306713104248,1,-0.09965410828590393,11.62679386138916,1.969346046447754,10.733156204223633
TRAIN,0f7r7f3f,304,0,1,2,1,1,0,2.765625,0.9407896995544434,0.3045179843902588,0.23021884262561798,2,0.07429914176464081,13.903915405273438,2.9506733417510986,13.841805458068848
TRAIN,0f7r7f3f,304,1,2,2,1,1,0,7.3125,0.9993333220481873,0.3664609491825104,0.4859471321105957,1,-0.11948618292808533,11.003653526306152,1.7425971031188965,10.053839683532715
TRAIN,0f7r7f3f,305,0,1,2,1,1,0,2.71875,0.9381240010261536,0.2934103012084961,0.2227441668510437,2,0.07066613435745239,13.617268562316895,2.7319233417510986,13.514260292053223
TRAIN,0f7r7f3f,305,1,2,2,1,1,0,6.1875,0.9979493021965027,0.3175744116306305,0.3418858051300049,1,-0.02431139349937439,9.69525146484375,1.7728058099746704,8.783523559570312
TRAIN,0f7r7f3f,306,0,1,2,1,1,0,2.859375,0.9458011984825134,0.2889878749847412,0.2113306224346161,2,0.07765725255012512,13.963421821594238,2.7787983417510986,13.893474578857422
TRAIN,0f7r7f3f,306,1,2,2,1,1,0,5.96875,0.9974491000175476,0.29316750168800354,0.32875490188598633,1,-0.03558740019798279,10.322978973388672,1.7962433099746704,9.704910278320312
TRAIN,0f7r7f3f,307,0,1,2,1,1,0,2.796875,0.9425067901611328,0.2798861265182495,0.1997700333595276,2,0.08011609315872192,12.90147590637207,2.4819233417510986,12.664612770080566
TRAIN,0f7r7f3f,307,1,2,2,1,1,0,5.0625,0.9937100410461426,0.27985894680023193,0.3450535237789154,1,-0.06519457697868347,11.245627403259277,1.9446808099746704,10.649673461914062
TRAIN,0f7r7f3f,308,0,1,2,1,1,0,2.328125,0.9111796617507935,0.23959270119667053,0.1804266721010208,2,0.05916602909564972,10.803633689880371,2.0444233417510986,10.647603034973145
TRAIN,0f7r7f3f,308,1,2,2,1,1,0,4.5,0.9890130758285522,0.2920677661895752,0.3479980528354645,1,-0.05593028664588928,10.577759742736816,1.9681183099746704,9.707345962524414
TRAIN,0f7r7f3f,309,0,1,2,1,1,0,2.046875,0.8856314420700073,0.25172364711761475,0.23509791493415833,2,0.01662573218345642,9.741596221923828,1.9819234609603882,9.611811637878418
TRAIN,0f7r7f3f,309,1,2,2,1,1,0,4.9375,0.9928786158561707,0.31536221504211426,0.3334878087043762,1,-0.018125593662261963,10.742981910705566,2.01499342918396,9.80721378326416
TRAIN,0f7r7f3f,310,0,1,2,1,1,0,3.15625,0.9591543078422546,0.2545042335987091,0.2073044776916504,2,0.047199755907058716,13.626173973083496,2.7944233417510986,13.581083297729492
TRAIN,0f7r7f3f,310,1,2,2,1,1,0,5.09375,0.9939024448394775,0.3649376630783081,0.4380083382129669,1,-0.07307067513465881,11.047983169555664,1.8988471031188965,10.175872802734375
TRAIN,0f7r7f3f,311,0,1,2,1,1,0,3.34375,0.9658995866775513,0.28959396481513977,0.23324641585350037,2,0.056347548961639404,14.601302146911621,2.9350483417510986,14.444478988647461
TRAIN,0f7r7f3f,311,1,2,2,1,1,0,6.71875,0.998793363571167,0.35714736580848694,0.329134464263916,1,0.028012901544570923,10.609115600585938,2.070908546447754,9.557440757751465
TRAIN,0f7r7f3f,312,0,1,2,1,1,0,3.40625,0.9678993225097656,0.25970888137817383,0.23147013783454895,2,0.028238743543624878,14.764466285705566,2.9037983417510986,14.73128890991211
TRAIN,0f7r7f3f,312,1,2,2,1,1,0,7.03125,0.9991169571876526,0.29916566610336304,0.2912963926792145,1,0.00786927342414856,11.08552360534668,2.125596046447754,10.297185897827148
TRAIN,0f7r7f3f,313,0,1,2,1,1,0,3.140625,0.9585376977920532,0.2784108519554138,0.22332778573036194,2,0.05508306622505188,13.376843452453613,2.4350483417510986,13.148449897766113
TRAIN,0f7r7f3f,313,1,2,2,1,1,0,7.84375,0.9996079802513123,0.3724462687969208,0.32227301597595215,1,0.05017325282096863,10.491748809814453,2.047471046447754,9.509444236755371
TRAIN,0f7r7f3f,314,0,1,2,1,1,0,3.140625,0.9585376977920532,0.28828561305999756,0.23994825780391693,2,0.04833735525608063,12.236540794372559,2.5287983417510986,12.07393741607666
TRAIN,0f7r7f3f,314,1,2,2,1,1,0,9.5,0.9999251365661621,0.371407687664032,0.4085724353790283,1,-0.03716474771499634,10.575736999511719,1.930283546447754,9.513084411621094
TRAIN,0f7r7f3f,315,0,1,2,1,1,0,3.671875,0.9752018451690674,0.35022786259651184,0.2792370617389679,2,0.07099080085754395,13.170628547668457,2.2162983417510986,12.63424015045166
TRAIN,0f7r7f3f,315,1,2,2,1,1,0,8.875,0.9998601675033569,0.3336537480354309,0.3804457187652588,1,-0.04679197072982788,11.427772521972656,2.477158546447754,10.426421165466309
TRAIN,0f7r7f3f,316,0,1,2,1,1,0,4.34375,0.9871788024902344,0.260683536529541,0.22826680541038513,2,0.032416731119155884,14.46970272064209,2.9819233417510986,14.351190567016602
TRAIN,0f7r7f3f,316,1,2,2,1,1,0,8.3125,0.9997546076774597,0.31498074531555176,0.3115173578262329,1,0.0034633874893188477,11.318707466125488,2.219346046447754,10.312064170837402
TRAIN,0f7r7f3f,317,0,1,2,1,1,0,4.375,0.9875683188438416,0.24549847841262817,0.2025199830532074,2,0.042978495359420776,14.775066375732422,3.2006733417510986,14.726433753967285
TRAIN,0f7r7f3f,317,1,2,2,1,1,0,9.125,0.9998910427093506,0.24838711321353912,0.2671118676662445,1,-0.018724754452705383,12.023221969604492,2.477158546447754,11.224163055419922
TRAIN,0f7r7f3f,318,0,1,2,1,1,0,4.28125,0.9863631129264832,0.22816058993339539,0.20105892419815063,2,0.02710166573524475,15.498425483703613,3.4194233417510986,15.481584548950195
TRAIN,0f7r7f3f,318,1,2,2,1,1,0,9.0625,0.9998840093612671,0.24963639676570892,0.2664688229560852,1,-0.016832426190376282,11.859525680541992,2.461533546447754,11.07225227355957
TRAIN,0f7r7f3f,319,0,1,2,1,1,0,4.375,0.9875683188438416,0.2287052869796753,0.20052286982536316,2,0.028182417154312134,14.841245651245117,3.2944233417510986,14.847312927246094
TRAIN,0f7r7f3f,319,1,2,2,1,1,0,8.875,0.9998601675033569,0.2699171006679535,0.32189664244651794,1,-0.05197954177856445,11.537138938903809,2.266221046447754,10.609111785888672
TRAIN,0f7r7f3f,320,0,1,2,1,1,0,4.21875,0.985496461391449,0.2660031318664551,0.21974845230579376,2,0.046254679560661316,15.172121047973633,3.2787983417510986,15.091819763183594
TRAIN,0f7r7f3f,320,1,2,2,1,1,0,9.1875,0.9998977184295654,0.2958284318447113,0.347226083278656,1,-0.0513976514339447,10.465971946716309,2.024033546447754,9.465408325195312
TRAIN,0f7r7f3f,321,0,1,2,1,1,0,3.921875,0.9805806875228882,0.2541675269603729,0.21778374910354614,2,0.03638377785682678,14.44352912902832,3.2475483417510986,14.489891052246094
TRAIN,0f7r7f3f,321,1,2,2,1,1,0,9.375,0.9999151229858398,0.3277536928653717,0.3861687183380127,1,-0.05841502547264099,10.229846954345703,1.797471046447754,9.202496528625488
TRAIN,0f7r7f3f,322,0,1,2,1,1,0,3.8125,0.9783847332000732,0.2296910583972931,0.18522801995277405,2,0.04446303844451904,14.906693458557129,3.4350483417510986,15.021194458007812
TRAIN,0f7r7f3f,322,1,2,2,1,1,0,8.75,0.999841570854187,0.36611586809158325,0.40844666957855225,1,-0.042330801486968994,10.75225830078125,2.133408546447754,9.670256614685059
TRAIN,0f7r7f3f,323,0,1,2,1,1,0,3.4375,0.9688562154769897,0.22255703806877136,0.17301183938980103,2,0.04954519867897034,14.418464660644531,3.2319233417510986,14.493941307067871
TRAIN,0f7r7f3f,323,1,2,2,1,1,0,7.625,0.9995121955871582,0.3474395275115967,0.4436259865760803,1,-0.09618645906448364,9.972878456115723,1.578721046447754,8.889646530151367
TRAIN,0f7r7f3f,324,0,1,2,1,1,0,3.359375,0.9664104580879211,0.25838911533355713,0.1968151181936264,2,0.061573997139930725,14.47885799407959,3.1694233417510986,14.50927734375
TRAIN,0f7r7f3f,324,1,2,2,1,0,1,-1.3203125,0.2107662856578827,,,,,0.0,0.0,2.8216605186462402
TRAIN,0f7r7f3f,325,0,1,2,1,1,0,3.234375,0.9621075391769409,0.2553436756134033,0.1946304738521576,2,0.06071320176124573,14.12002944946289,2.9819233417510986,14.122835159301758
TRAIN,0f7r7f3f,325,1,2,2,1,0,1,-1.5390625,0.1766715943813324,,,,,0.0,0.0,2.8216605186462402
TRAIN,0f7r7f3f,326,0,1,2,1,1,0,2.390625,0.9161096215248108,0.25102266669273376,0.19642506539821625,2,0.05459760129451752,13.690685272216797,2.8569233417510986,13.697467803955078
TRAIN,0f7r7f3f,326,1,2,2,1,1,0,4.8125,0.9919379353523254,0.33893001079559326,0.3739732503890991,1,-0.03504323959350586,9.602655410766602,1.7389745712280273,8.631986618041992
TRAIN,0f7r7f3f,327,0,1,2,1,1,0,3.015625,0.9532750844955444,0.3089107275009155,0.2339663803577423,2,0.07494434714317322,13.804327011108398,2.9194233417510986,13.699466705322266
TRAIN,0f7r7f3f,327,1,2,2,1,1,0,8.125,0.9997040629386902,0.39664843678474426,0.4448750615119934,1,-0.048226624727249146,12.578896522521973,2.156846046447754,11.515074729919434
TRAIN,0f7r7f3f,328,0,1,2,1,1,0,3.046875,0.954647421836853,0.2876022756099701,0.2163989245891571,2,0.07120335102081299,13.913995742797852,2.9506733417510986,13.782820701599121
TRAIN,0f7r7f3f,328,1,2,2,1,1,0,8.875,0.9998601675033569,0.36673086881637573,0.42556247115135193,1,-0.058831602334976196,10.517251968383789,1.875596046447754,9.446773529052734
TRAIN,0f7r7f3f,329,0,1,2,1,1,0,2.359375,0.9136765599250793,0.24213163554668427,0.18198543787002563,2,0.06014619767665863,13.573738098144531,2.6225483417510986,13.480016708374023
TRAIN,0f7r7f3f,329,1,2,2,1,1,0,8.625,0.9998205304145813,0.3383544981479645,0.40824297070503235,1,-0.06988847255706787,11.135438919067383,2.211533546447754,10.138176918029785
TRAIN,0f7r7f3f,330,0,1,2,1,1,0,2.734375,0.939024806022644,0.262331485748291,0.20937977731227875,2,0.05295170843601227,12.870477676391602,2.6225483417510986,12.716965675354004
TRAIN,0f7r7f3f,330,1,2,2,1,1,0,8.4375,0.999783456325531,0.36883217096328735,0.4456999599933624,1,-0.07686778903007507,11.312599182128906,2.242783546447754,10.251279830932617
TRAIN,0f7r7f3f,331,0,1,2,1,1,0,2.6875,0.9362850189208984,0.21842186152935028,0.16541239619255066,2,0.05300946533679962,13.733962059020996,2.9662983417510986,13.754944801330566
TRAIN,0f7r7f3f,331,1,2,2,1,1,0,8.9375,0.999868631362915,0.34655117988586426,0.4239030182361603,1,-0.07735183835029602,11.589640617370605,1.8989040851593018,10.618112564086914
TRAIN,0f7r7f3f,332,0,1,2,1,1,0,2.578125,0.929440438747406,0.20982393622398376,0.1548367291688919,2,0.05498720705509186,14.104726791381836,3.0287983417510986,14.151235580444336
TRAIN,0f7r7f3f,332,1,2,2,1,1,0,9.0,0.9998766183853149,0.34416526556015015,0.34832632541656494,1,-0.004161059856414795,10.328506469726562,1.883408546447754,9.343950271606445
TRAIN,0f7r7f3f,333,0,1,2,1,1,0,2.625,0.9324532747268677,0.2191784381866455,0.1675511598587036,2,0.051627278327941895,14.179703712463379,3.1069233417510986,14.15963077545166
TRAIN,0f7r7f3f,333,1,2,2,1,1,0,9.1875,0.9998977184295654,0.31354376673698425,0.3464979827404022,1,-0.03295421600341797,11.391258239746094,2.445908546447754,10.425929069519043
TRAIN,0f7r7f3f,334,0,1,2,1,1,0,2.5,0.9241418242454529,0.13413171470165253,0.1008898988366127,2,0.033241815865039825,14.364954948425293,3.1225483417510986,14.43333911895752
TRAIN,0f7r7f3f,334,1,2,2,1,1,0,8.5625,0.9998089671134949,0.3327738642692566,0.33960193395614624,1,-0.0068280696868896484,10.465173721313477,2.086533546447754,9.479837417602539
TRAIN,0f7r7f3f,335,0,1,2,1,1,0,2.359375,0.9136765599250793,0.19545716047286987,0.15188568830490112,2,0.04357147216796875,13.238587379455566,2.7631733417510986,13.137724876403809
TRAIN,0f7r7f3f,335,1,2,2,1,1,0,8.5,0.9997965693473816,0.3331984579563141,0.4278067946434021,1,-0.09460833668708801,12.021810531616211,2.281846046447754,10.988336563110352
TRAIN,0f7r7f3f,336,0,1,2,1,1,0,2.59375,0.9304582476615906,0.1704043298959732,0.12862463295459747,2,0.04177969694137573,13.923233032226562,3.0756733417510986,13.925721168518066
TRAIN,0f7r7f3f,336,1,2,2,1,1,0,8.5,0.9997965693473816,0.4045795202255249,0.4447886347770691,1,-0.04020911455154419,9.665184020996094,1.774033546447754,8.552543640136719
TRAIN,0f7r7f3f,337,0,1,2,1,1,0,2.734375,0.939024806022644,0.17927035689353943,0.16336312890052795,2,0.015907227993011475,12.30612564086914,2.7475483417510986,12.286469459533691
TRAIN,0f7r7f3f,337,1,2,2,1,1,0,6.5,0.998498797416687,0.44233715534210205,0.5624066591262817,1,-0.12006950378417969,11.631980895996094,1.9930837154388428,10.751838684082031
TRAIN,0f7r7f3f,338,0,1,2,1,1,0,2.6875,0.9362850189208984,0.21892699599266052,0.16156594455242157,2,0.05736105144023895,13.97148609161377,2.9350483417510986,13.847213745117188
TRAIN,0f7r7f3f,338,1,2,2,1,0,1,-0.1953125,0.45132648944854736,,,,,0.0,0.0,2.8216605186462402
TRAIN,0f7r7f3f,339,0,1,2,1,1,0,2.640625,0.9334307909011841,0.20101505517959595,0.17220427095890045,2,0.028810784220695496,14.526320457458496,3.1225483417510986,14.488861083984375
TRAIN,0f7r7f3f,339,1,2,2,1,0,1,-3.421875,0.031618766486644745,,,,,0.0,0.0,2.8216605186462402
TRAIN,0f7r7f3f,340,0,1,2,1,1,0,2.703125,0.937210738658905,0.1643540859222412,0.1530146300792694,2,0.011339455842971802,14.606887817382812,3.2787983417510986,14.726479530334473
TRAIN,0f7r7f3f,340,1,2,2,1,0,1,-1.0546875,0.2583259642124176,,,,,0.0,0.0,2.8216605186462402
TRAIN,0f7r7f3f,341,0,1,2,1,1,0,2.65625,0.9343951344490051,0.17692457139492035,0.13740766048431396,2,0.039516910910606384,13.958870887756348,3.0444233417510986,13.989226341247559
TRAIN,0f7r7f3f,341,1,2,2,1,0,1,-0.33984375,0.41584742069244385,,,,,0.0,0.0,2.8216605186462402
TRAIN,0f7r7f3f,342,0,1,2,1,1,0,2.59375,0.9304582476615906,0.1551649570465088,0.12835665047168732,2,0.026808306574821472,14.16594123840332,3.0756733417510986,14.262072563171387
TRAIN,0f7r7f3f,342,1,2,2,1,1,0,6.125,0.9978172779083252,0.5228952169418335,0.5469996929168701,1,-0.02410447597503662,10.409915924072266,1.680283546447754,9.066173553466797
TRAIN,0f7r7f3f,343,0,1,2,1,1,0,2.6875,0.9362850189208984,0.18453045189380646,0.15572860836982727,2,0.028801843523979187,14.647260665893555,3.3256733417510986,14.795204162597656
TRAIN,0f7r7f3f,343,1,2,2,1,1,0,4.625,0.9902915358543396,0.40289297699928284,0.5050163269042969,1,-0.10212334990501404,12.048102378845215,1.9774587154388428,11.21767807006836
TRAIN,0f7r7f3f,344,0,1,2,1,1,0,2.65625,0.9343951344490051,0.192138671875,0.1569042056798935,2,0.035234466195106506,15.099324226379395,3.3725483417510986,15.204489707946777
TRAIN,0f7r7f3f,344,1,2,2,1,1,0,3.53125,0.971563994884491,0.3333210051059723,0.3191579282283783,1,0.014163076877593994,9.065816879272461,1.5053609609603882,8.450389862060547
TRAIN,0f7r7f3f,345,0,1,2,1,1,0,2.578125,0.929440438747406,0.16484975814819336,0.14252834022045135,2,0.022321417927742004,15.035055160522461,3.3725483417510986,15.203929901123047
TRAIN,0f7r7f3f,345,1,2,2,1,1,0,7.5625,0.999480664730072,0.43411678075790405,0.45118841528892517,1,-0.017071634531021118,11.313279151916504,1.7931421995162964,10.32327938079834
TRAIN,0f7r7f3f,346,0,1,2,1,1,0,2.53125,0.9263036847114563,0.15613678097724915,0.14705300331115723,2,0.009083777666091919,14.93497371673584,3.3725483417510986,15.156608581542969
TRAIN,0f7r7f3f,346,1,2,2,1,1,0,8.5,0.9997965693473816,0.3439164459705353,0.34187984466552734,1,0.0020366013050079346,9.851731300354004,1.930283546447754,9.062118530273438
TRAIN,0f7r7f3f,347,0,1,2,1,1,0,2.578125,0.929440438747406,0.1847093552350998,0.16346347332000732,2,0.021245881915092468,15.120752334594727,3.3881733417510986,15.265875816345215
TRAIN,0f7r7f3f,347,1,2,2,1,1,0,8.5625,0.9998089671134949,0.419301301240921,0.4433203339576721,1,-0.0240190327167511,9.108766555786133,1.711533546447754,7.899533748626709
TRAIN,0f7r7f3f,348,0,1,2,1,1,0,2.46875,0.9219217896461487,0.17530812323093414,0.15800735354423523,2,0.017300769686698914,14.627596855163574,3.3569233417510986,14.811822891235352
TRAIN,0f7r7f3f,348,1,2,2,1,1,0,8.6875,0.9998313188552856,0.4058918356895447,0.47648411989212036,1,-0.07059228420257568,10.275781631469727,1.7348415851593018,9.187578201293945
TRAIN,0f7r7f3f,349,0,1,2,1,1,0,2.5,0.9241418242454529,0.19656531512737274,0.1791325807571411,2,0.01743273437023163,14.19951343536377,3.3100483417510986,14.353736877441406
TRAIN,0f7r7f3f,349,1,2,2,1,1,0,8.625,0.9998205304145813,0.392089307308197,0.34776318073272705,1,0.04432612657546997,11.141743659973145,2.125596046447754,10.210463523864746
TRAIN,0f7r7f3f,350,0,1,2,1,1,0,2.65625,0.9343951344490051,0.20092502236366272,0.16868063807487488,2,0.03224438428878784,14.609516143798828,3.3725483417510986,14.736738204956055
TRAIN,0f7r7f3f,350,1,2,2,1,1,0,8.875,0.9998601675033569,0.32800936698913574,0.3436439633369446,1,-0.015634596347808838,11.411065101623535,2.383408546447754,10.454920768737793
TRAIN,0f7r7f3f,351,0,1,2,1,1,0,2.828125,0.9441768527030945,0.2091446965932846,0.18550771474838257,2,0.02363698184490204,15.197458267211914,3.4662983417510986,15.289949417114258
TRAIN,0f7r7f3f,351,1,2,2,1,1,0,8.0,0.9996646642684937,0.4072282314300537,0.43947988748550415,1,-0.03225165605545044,10.561467170715332,2.102158546447754,9.426851272583008
TRAIN,0f7r7f3f,352,0,1,2,1,1,0,2.796875,0.9425067901611328,0.20303349196910858,0.1747663915157318,2,0.02826710045337677,15.493287086486816,3.5756733417510986,15.641108512878418
TRAIN,0f7r7f3f,352,1,2,2,1,1,0,8.5,0.9997965693473816,0.3181506395339966,0.340360164642334,1,-0.022209525108337402,10.683365821838379,2.297471046447754,9.674792289733887
TRAIN,0f7r7f3f,353,0,1,2,1,1,0,2.796875,0.9425067901611328,0.21083134412765503,0.16912423074245453,2,0.0417071133852005,14.898870468139648,3.4194233417510986,15.004417419433594
TRAIN,0f7r7f3f,353,1,2,2,1,1,0,8.5625,0.9998089671134949,0.44611307978630066,0.5439023971557617,1,-0.09778931736946106,11.43083381652832,1.930283546447754,10.349222183227539
TRAIN,0f7r7f3f,354,0,1,2,1,1,0,2.703125,0.937210738658905,0.20229896903038025,0.16405045986175537,2,0.03824850916862488,14.704660415649414,3.3100483417510986,14.790628433227539
TRAIN,0f7r7f3f,354,1,2,2,1,1,0,9.3125,0.9999097585678101,0.37398761510849,0.42380812764167786,1,-0.049820512533187866,11.209609985351562,1.922471046447754,10.042510986328125
TRAIN,0f7r7f3f,355,0,1,2,1,1,0,2.859375,0.9458011984825134,0.18964652717113495,0.1645602136850357,2,0.025086313486099243,14.738088607788086,3.2944233417510986,14.815474510192871
TRAIN,0f7r7f3f,355,1,2,2,1,1,0,8.5,0.9997965693473816,0.39168575406074524,0.3906109035015106,1,0.0010748505592346191,10.43020248413086,2.195908546447754,9.344691276550293
