video,primary_event_count,identity_competitor_defined,identity_pressure_value,identity_pressure_rank,gap_duration_value,gap_duration_rank,target_size_value,target_size_rank,crowding_value,crowding_rank,reappearance_displacement_value,reappearance_displacement_rank,di_v1_score,visual_cluster
006e6b64,2,1,0.9675145149230957,0.69316239316239314,7,0.14017094017094017,8.4360328638497653e-05,0.86495726495726499,1.7692307692307692,0.79786324786324792,0.024182985968848394,0.12051282051282051,0.52333333333333332,12
028f6f64,1,1,0.98758721351623535,0.75384615384615383,6,0.089743589743589744,0.0021235447303921567,0.31196581196581197,2.75,0.87136752136752138,0.11073575745764447,0.47264957264957264,0.49991452991452989,9
02a236b4,1,0,,0.33888888888888891,31,0.67905982905982909,0.0010221354166666666,0.44615384615384618,0.6875,0.44145299145299144,0.053016722005296509,0.27777777777777779,0.43666666666666665,0
02b72b8d,2,1,0.99122160673141479,0.78888888888888886,22,0.54230769230769227,0.00035447112038970079,0.63675213675213671,4.5074626865671643,0.92991452991452994,0.16746424102517854,0.61282051282051286,0.70213675213675208,16
02de2f2a,1,0,,0.33888888888888891,25,0.58974358974358976,0.0071921291881238475,0.13418803418803418,0.67105263157894735,0.42649572649572648,0.040932117546797812,0.2153846153846154,0.34094017094017098,16
02deca50,1,1,0.99847060441970825,0.96153846153846156,6,0.089743589743589744,0.00448989898989899,0.19401709401709402,3.1272727272727274,0.88717948717948714,0.15833087662985285,0.59401709401709402,0.54529914529914536,0
03012cfd,1,0,,0.33888888888888891,28,0.6333333333333333,0.0014509789737654321,0.38119658119658117,0.79738562091503273,0.5675213675213675,0.03439213016964187,0.17692307692307693,0.41957264957264961,3
03z5yv5b,5,0,,0.33888888888888891,42,0.77521367521367524,0.00010320216049382716,0.83247863247863252,0.75531914893617025,0.52179487179487183,0.14054192315132863,0.56068376068376069,0.60581196581196584,3
04ae7a6b,1,1,0.98743033409118652,0.75299145299145298,12,0.32350427350427352,0.00029224537037037039,0.66880341880341876,4.5138888888888893,0.93076923076923079,0.17803001561238865,0.63504273504273501,0.66222222222222227,0
04oehxxo,1,0,,0.33888888888888891,11,0.29059829059829062,0.020244984567901234,0.05128205128205128,0.34653465346534651,0.1517094017094017,0.26590975111077331,0.74444444444444446,0.31538461538461543,10
06273084,1,0,,0.33888888888888891,13,0.35256410256410259,0.0013020833333333333,0.40256410256410258,0.37037037037037035,0.17094017094017094,0.038596712463291084,0.20341880341880342,0.29367521367521371,0
06ea172e,1,1,0.99890565872192383,0.97179487179487178,8,0.18247863247863247,0.00010374748490945674,0.82991452991452996,8.6500000000000004,0.98632478632478637,0.012399833056270456,0.054700854700854701,0.60504273504273498,7
06ebc138,1,0,,0.33888888888888891,5,0.031623931623931623,7.0301783264746224e-05,0.88461538461538458,0.77272727272727271,0.54487179487179482,0.1035706648592792,0.45042735042735044,0.45008547008547006,4
06z6pse9,2,1,0.98700153827667236,0.74957264957264957,11,0.29059829059829062,9.1628086419753092e-05,0.85085470085470083,1.3137254901960784,0.74102564102564106,0.2610793745351066,0.74188034188034191,0.67478632478632483,4
076n9ud8,1,0,,0.33888888888888891,89,0.93974358974358974,2.6041666666666668e-05,0.95940170940170943,0.21551724137931033,0.066666666666666666,0.41680031766741171,0.85555555555555551,0.63205128205128214,1
0770ad03,1,1,0.99019402265548706,0.77692307692307694,18,0.46410256410256412,0.0004861111111111111,0.58205128205128209,2.5609756097560976,0.85470085470085466,0.054625629854547185,0.2829059829059829,0.59213675213675221,4
07b5d86c,2,1,0.99774479866027832,0.93931623931623931,12,0.32350427350427352,0.0014637586805555556,0.37948717948717947,5.5405405405405403,0.95641025641025645,0.035075167933165681,0.18119658119658119,0.55598290598290601,0
07po1k6h,1,0,,0.33888888888888891,15,0.40555555555555556,0.046090020073784724,0.015384615384615385,0.20202020202020202,0.062393162393162394,0.49981492478892664,0.89829059829059832,0.34410256410256412,9
08a5c662,1,1,0.97971326112747192,0.7153846153846154,10,0.25341880341880341,5.6423611111111109e-05,0.90982905982905982,1.8571428571428572,0.81196581196581197,0.14073384091089855,0.56153846153846154,0.65042735042735045,4
09d305d1,1,0,,0.33888888888888891,11,0.29059829059829062,0.00046727594339622644,0.5871794871794872,0.660377358490566,0.41709401709401711,0.19092893405054961,0.65384615384615385,0.45752136752136757,12
0cbfxuq5,17,1,0.99939918518066406,0.98547008547008552,61,0.85769230769230764,0.00098717206790123447,0.45384615384615384,0.53968253968253965,0.29230769230769232,0.031975741845386527,0.15811965811965811,0.54948717948717951,14
0d8d30ae,4,0,,0.33888888888888891,18,0.46410256410256412,3.0381944444444444e-05,0.95170940170940166,0.61988304093567248,0.36752136752136755,0.12849041308406536,0.52905982905982907,0.53025641025641024,7
0d967fd1,3,1,0.99391055107116699,0.83675213675213678,11,0.29059829059829062,0.00013116388271325609,0.8008547008547009,5.2878787878787881,0.95470085470085475,0.31198052704011059,0.78974358974358971,0.73452991452991445,16
0e05fabe,1,0,,0.33888888888888891,7,0.14017094017094017,0.00015817901234567902,0.77393162393162396,0.71875,0.47606837606837604,0.0084440717303879368,0.035897435897435895,0.35299145299145301,12
0fc00006,1,0,,0.33888888888888891,19,0.49059829059829058,0.00044379340277777776,0.59658119658119657,0.76543209876543206,0.53888888888888886,0.28129161825008298,0.76581196581196587,0.5461538461538461,4
0gu8wqpd,2,0,,0.33888888888888891,82,0.92051282051282046,0.0017621527777777778,0.34273504273504274,0.24293785310734464,0.083760683760683755,0.24377864090644355,0.72307692307692306,0.48179487179487179,11
0hvbhkgs,1,0,,0.33888888888888891,83,0.92350427350427355,0.0012789351851851853,0.40769230769230769,0.077777777777777779,0.0076923076923076927,0.79958858048330217,0.96410256410256412,0.52837606837606832,4
0hyak3az,9,0,,0.33888888888888891,85,0.92863247863247866,6.2692901234567906e-05,0.89871794871794874,0.5725490196078431,0.32136752136752139,0.2580120074674585,0.7384615384615385,0.64521367521367523,3
0j354ezu,17,1,0.99922740459442139,0.9786324786324786,43,0.78076923076923077,7.9571759259259266e-05,0.87350427350427351,1.0888888888888888,0.71794871794871795,0.87870595023584153,0.99145299145299148,0.8684615384615384,2
0k0ka5yq,2,1,0.97579777240753174,0.70598290598290603,24,0.57606837606837602,0.00010271990740740741,0.83589743589743593,1.3200000000000001,0.74188034188034191,0.012523456565426293,0.055555555555555552,0.58307692307692305,15
0mpk5bxc,1,1,0.99610769748687744,0.88376068376068373,8,0.18247863247863247,0.00028886959876543212,0.67179487179487174,1.8524590163934427,0.81111111111111112,0.083352827466632279,0.39316239316239315,0.58846153846153837,16
0q0os99c,2,0,,0.33888888888888891,18,0.46410256410256412,0.095602334104938277,0.0034188034188034188,0.22222222222222221,0.070940170940170938,0.30215190283776727,0.77863247863247864,0.33119658119658119,10
0qfhv12x,1,0,,0.33888888888888891,24,0.57606837606837602,0.002472511574074074,0.28717948717948716,0.72093023255813948,0.47991452991452993,0.083706676279332481,0.39401709401709401,0.41521367521367525,5
0qiandl3,1,0,,0.33888888888888891,30,0.6645299145299145,0.0048828125,0.18034188034188034,0.68686868686868685,0.44017094017094016,0.057740078339966527,0.29487179487179488,0.38376068376068379,1
0soqbyfo,1,0,,0.33888888888888891,7,0.14017094017094017,0.00032600308641975308,0.652991452991453,0.90000000000000002,0.67136752136752131,0.2027041293906495,0.67008547008547004,0.49470085470085462,10
0tlww5ko,2,1,0.99746799468994141,0.92735042735042739,14,0.38076923076923075,0.0052768132716049382,0.16923076923076924,2.6440677966101696,0.86153846153846159,0.16156788113360279,0.60341880341880338,0.58846153846153848,4
0u4ufcam,1,0,,0.33888888888888891,11,0.29059829059829062,0.0048423032407407408,0.18205128205128204,0.44827586206896552,0.22393162393162394,0.024656183219884668,0.12307692307692308,0.23170940170940174,6
0uy7cbug,2,0,,0.33888888888888891,53,0.82350427350427347,0.0003631365740740741,0.63418803418803416,0.23456790123456789,0.079487179487179482,0.44011164907248307,0.86581196581196584,0.54837606837606834,14
0wrf8ule,1,1,0.99439752101898193,0.847008547008547,6,0.089743589743589744,0.00341796875,0.23931623931623933,1.8085106382978724,0.80341880341880345,0.0046141615575903379,0.011965811965811967,0.39829059829059832,0
0xqxup43,1,0,,0.33888888888888891,48,0.80341880341880345,0.001865354938271605,0.33504273504273502,0.44,0.21495726495726497,0.11043198391079498,0.47008547008547008,0.43247863247863244,12
0y054yaj,9,0,,0.33888888888888891,105,0.96153846153846156,2.7006172839506174e-05,0.95598290598290603,0.33600000000000002,0.14444444444444443,0.3836352017403285,0.83333333333333337,0.64683760683760683,3
0zp43ehc,1,0,,0.33888888888888891,10,0.25341880341880341,3.1828703703703701e-05,0.95042735042735038,0.9417721518987342,0.70085470085470081,0.046036115855232949,0.2376068376068376,0.49623931623931627,5
0zvohcp2,21,1,0.99930286407470703,0.982051282051282,51,0.81367521367521367,0.0041203703703703706,0.20854700854700856,1.1666666666666667,0.72735042735042732,0.26017327665166284,0.74017094017094021,0.69435897435897442,2
10552818,1,0,,0.33888888888888891,5,0.031623931623931623,5.3461199294532627e-05,0.91794871794871791,0.85106382978723405,0.62692307692307692,0.05719512776844024,0.28974358974358977,0.44102564102564096,12
110da3cf,1,0,,0.33888888888888891,31,0.67905982905982909,0.0006404507816937195,0.52820512820512822,0.29139072847682118,0.1094017094017094,0.15886533682936319,0.59658119658119657,0.45042735042735044,16
111e0a5c,1,1,0.99798434972763062,0.95128205128205123,44,0.78632478632478631,0.012867647058823529,0.0811965811965812,4.628571428571429,0.9358974358974359,0.065093364282991409,0.3247863247863248,0.61589743589743595,0
11cdeb64,1,0,,0.33888888888888891,6,0.089743589743589744,0.00026041666666666666,0.69316239316239314,0.7857142857142857,0.55811965811965814,0.038164465592785225,0.19829059829059828,0.37564102564102564,0
125x18d5,5,0,,0.33888888888888891,18,0.46410256410256412,2.6041666666666668e-05,0.95940170940170943,0.62698412698412698,0.37521367521367521,0.68305282818915558,0.94529914529914527,0.61658119658119648,16
134a2ab0,1,0,,0.33888888888888891,13,0.35256410256410259,0.0045634920634920638,0.19145299145299147,0.64864864864864868,0.40000000000000002,0.054491054564783592,0.28205128205128205,0.31299145299145292,0
15c41c4b,2,1,0.99540889263153076,0.86581196581196584,12,0.32350427350427352,0.0026654128086419752,0.27179487179487177,1.5714285714285714,0.76923076923076927,0.037563703646657079,0.19401709401709402,0.48487179487179494,16
15e7e4d1,1,1,0.98146301507949829,0.72393162393162391,16,0.4252136752136752,0.0054530353367562671,0.15982905982905982,1.7377049180327868,0.79059829059829057,0.30011180810586918,0.77777777777777779,0.57547008547008538,17
15f0b0cd,1,0,,0.33888888888888891,20,0.5115384615384615,0.00057400173611111107,0.55470085470085473,0.63636363636363635,0.38675213675213677,0.047463249685581146,0.24615384615384617,0.40760683760683758,15
16cggr07,1,0,,0.33888888888888891,32,0.69358974358974357,5.4563492063492063e-05,0.91367521367521365,0.57425742574257421,0.32307692307692309,0.010534012639023713,0.044444444444444446,0.46273504273504268,17
18a76zpx,3,0,,0.33888888888888891,32,0.69358974358974357,0.013016010802469136,0.079487179487179482,0.23255813953488372,0.077777777777777779,0.069740301898969667,0.34102564102564104,0.30615384615384611,6
18d8931e,1,1,0.99405825138092041,0.83931623931623933,27,0.61880341880341883,0.0016069878472222223,0.36239316239316238,3.1538461538461537,0.88888888888888884,0.079883780252864536,0.37863247863247862,0.61760683760683766,0
19247506,1,1,0.9915650486946106,0.79572649572649568,18,0.46410256410256412,0.0096507352941176475,0.10854700854700855,2.6833333333333331,0.86410256410256414,0.034135246266152358,0.1752136752136752,0.48153846153846153,0
198021ad,1,0,,0.33888888888888891,9,0.21752136752136753,0.000941358024691358,0.46068376068376066,0.94736842105263153,0.7038461538461539,0.1222372157834416,0.51196581196581192,0.4465811965811966,4
199995b5,1,1,0.98047888278961182,0.71794871794871795,6,0.089743589743589744,0.011639105466130114,0.089743589743589744,5.1384615384615389,0.95042735042735038,0.33367914798451698,0.80512820512820515,0.53059829059829067,0
1a6a731f,1,1,0.98992615938186646,0.77264957264957268,9,0.21752136752136753,0.0047440423654015887,0.18547008547008548,3.3703703703703702,0.89316239316239321,0.049561465320904337,0.258974358974359,0.46555555555555561,9
1b1l7h15,2,0,,0.33888888888888891,30,0.6645299145299145,0.0079436728395061735,0.12649572649572649,0.69354838709677424,0.44786324786324788,0.14138291833471572,0.5641025641025641,0.42837606837606834,8
1c28e081,1,0,,0.33888888888888891,10,0.25341880341880341,0.0001335841049382716,0.79700854700854706,0.54411764705882348,0.29572649572649573,0.058928438706639809,0.3034188034188034,0.39769230769230768,19
1d3lb4oc,1,0,,0.33888888888888891,23,0.56025641025641026,0.028627989969135802,0.034188034188034191,0.74725274725274726,0.51282051282051277,0.11342711540721948,0.48205128205128206,0.38564102564102565,5
1d63qx4j,2,0,,0.33888888888888891,61,0.85769230769230764,1.7843364197530866e-05,0.97564102564102562,0.14444444444444443,0.035897435897435895,0.74281727858736502,0.95299145299145294,0.63222222222222213,2
1d64aff3,1,0,,0.33888888888888891,38,0.7482905982905983,0.00063919223435604088,0.52905982905982907,0.71851851851851856,0.47521367521367519,0.29110630636535262,0.77264957264957268,0.57282051282051283,4
1d7a23e0,3,1,0.99533373117446899,0.86239316239316244,38,0.7482905982905983,0.0011211158192090396,0.42991452991452994,3.6111111111111112,0.90427350427350428,0.31384939368453713,0.79145299145299142,0.74726495726495723,0
1e0fb02a,2,0,,0.33888888888888891,20,0.5115384615384615,0.0020210537918871254,0.31880341880341878,0.82122905027932958,0.59059829059829061,0.21122773612028578,0.67777777777777781,0.48752136752136754,15
1e207fe0,1,0,,0.33888888888888891,24,0.57606837606837602,0.00015046296296296297,0.78076923076923077,0.61956521739130432,0.36623931623931621,0.038447472965007334,0.20170940170940171,0.45273504273504273,12
1fab1d1c,1,0,,0.33888888888888891,5,0.031623931623931623,0.00054939516129032262,0.56068376068376069,0.6029411764705882,0.34786324786324785,0.11049739931967757,0.47094017094017093,0.34999999999999998,0
1is3mqqg,2,1,0.99926787614822388,0.9803418803418803,14,0.38076923076923075,0.00021846064814814815,0.71794871794871795,1.5333333333333334,0.7649572649572649,0.054022548233305184,0.27948717948717949,0.62470085470085468,0
1jikcikj,1,0,,0.33888888888888891,12,0.32350427350427352,0.061178144290123457,0.0094017094017094013,0.5,0.25811965811965815,0.009165718804277816,0.038461538461538464,0.19367521367521368,10
1mgutbc4,5,1,0.99015408754348755,0.77521367521367524,17,0.44188034188034186,0.002193287037037037,0.30683760683760686,1.2857142857142858,0.73589743589743595,0.27776768374611982,0.75726495726495724,0.60341880341880338,9
1o69tuyr,3,0,,0.33888888888888891,17,0.44188034188034186,0.0023750964506172841,0.28974358974358977,0.5625,0.31452991452991452,0.38125238093986807,0.82991452991452996,0.44299145299145304,14
1qjqdu64,1,0,,0.33888888888888891,32,0.69358974358974357,0.00015922299180001591,0.77094017094017098,0.59999999999999998,0.34572649572649572,0.057763475619768995,0.29572649572649573,0.48897435897435892,17
1qx22u2q,2,0,,0.33888888888888891,77,0.90854700854700854,6.0281635802469132e-05,0.90384615384615385,0.81200000000000006,0.58119658119658124,0.25718235850246685,0.73760683760683765,0.69401709401709399,3
1sbd4ima,2,1,0.99550819396972656,0.86923076923076925,19,0.49059829059829058,0.0011048418209876542,0.4324786324786325,2.1967213114754101,0.83418803418803422,0.032874240263434093,0.16581196581196581,0.55846153846153845,4
1tfc6bfb,3,0,,0.33888888888888891,32,0.69358974358974357,7.8125000000000002e-05,0.87521367521367521,0.35416666666666669,0.15982905982905982,0.2262686203185359,0.6991452991452991,0.55333333333333334,14
1tpliusu,1,0,,0.33888888888888891,6,0.089743589743589744,0.0028462577160493826,0.26324786324786326,0.84810126582278478,0.62136752136752138,0.22699081442796121,0.70085470085470081,0.40282051282051279,6
1w2d8bhf,2,0,,0.33888888888888891,51,0.81367521367521367,5.4253472222222224e-06,0.99914529914529915,0.28999999999999998,0.10854700854700855,0.051961153301606611,0.26752136752136751,0.50555555555555554,1
1wga7gtu,2,0,,0.33888888888888891,10,0.25341880341880341,5.3530092592592594e-05,0.91666666666666663,0.76119402985074625,0.53333333333333333,0.079927647734140517,0.37948717948717947,0.48435897435897435,4
20660b72,2,0,,0.33888888888888891,14,0.38076923076923075,0.0022837136560745004,0.29914529914529914,0.63636363636363635,0.38675213675213677,0.16339779887916972,0.60769230769230764,0.40264957264957263,9
214aeac3,1,1,0.9969361424446106,0.90683760683760684,17,0.44188034188034186,0.00028147977941176468,0.67606837606837611,7.8910256410256414,0.982051282051282,0.1379544258960328,0.55042735042735047,0.71145299145299146,0
214pv9si,1,0,,0.33888888888888891,5,0.031623931623931623,0.0021320408950617283,0.31111111111111112,0.9285714285714286,0.69487179487179485,0.040587338169719045,0.21452991452991452,0.3182051282051282,0
21fe05d9,1,0,,0.33888888888888891,35,0.72222222222222221,3.6678403755868545e-05,0.94273504273504272,0.40322580645161288,0.19102564102564101,0.031215157576969806,0.15213675213675212,0.46940170940170944,12
21r6cy51,2,0,,0.33888888888888891,26,0.60427350427350424,0.0059572723765432102,0.152991452991453,0.5714285714285714,0.32008547008547006,0.11022047523056697,0.46837606837606838,0.37692307692307692,16
22167a50,1,0,,0.33888888888888891,55,0.83162393162393167,0.00019624425362130279,0.73333333333333328,0.63576158940397354,0.38461538461538464,0.20623450380313396,0.67350427350427355,0.59239316239316242,17
225rqpr2,1,0,,0.33888888888888891,11,0.29059829059829062,0.0020256787215292842,0.31794871794871793,0.84057971014492749,0.61324786324786329,0.020884563480867709,0.09914529914529914,0.33196581196581199,0
228a0234,1,1,0.99334430694580078,0.82649572649572645,9,0.21752136752136753,0.00060317095588235297,0.54273504273504269,3.7428571428571429,0.9128205128205128,0.063939236547732689,0.32222222222222224,0.56435897435897431,0
22e8b380,1,0,,0.33888888888888891,26,0.60427350427350424,0.029104082661290321,0.032478632478632481,0.62765957446808507,0.37606837606837606,0.13519651811494576,0.54786324786324792,0.37991452991452995,9
22fdee40,1,0,,0.33888888888888891,5,0.031623931623931623,0.00086456126412429374,0.47264957264957264,0.90384615384615385,0.67777777777777781,0.020385050836912479,0.094871794871794868,0.32316239316239315,0
22p90xzq,28,1,0.99955904483795166,0.99230769230769234,71,0.89230769230769236,0.0053959297839506169,0.1641025641025641,0.87671232876712324,0.6495726495726496,0.63730462566743595,0.9358974358974359,0.72683760683760679,2
233406ef,2,0,,0.33888888888888891,15,0.40555555555555556,0.00023678626543209878,0.70683760683760688,0.59999999999999998,0.34572649572649572,0.11864970672406509,0.49401709401709404,0.45820512820512826,4
23454d80,1,1,0.96771281957626343,0.69401709401709399,23,0.56025641025641026,0.0081857638888888883,0.12136752136752137,4.3611111111111107,0.92564102564102568,0.14683218716400126,0.57264957264957261,0.57478632478632474,16
23b9a3ea,4,1,0.99722492694854736,0.91709401709401706,19,0.49059829059829058,0.00010320216049382716,0.83247863247863252,9.907692307692308,0.99572649572649574,0.069573371524219205,0.34017094017094018,0.71521367521367529,16
23df06e1,3,1,0.99336481094360352,0.82820512820512826,12,0.32350427350427352,0.0012424242424242424,0.41025641025641024,1.3333333333333333,0.74444444444444446,0.37268824899354897,0.8273504273504273,0.62675213675213681,7
2461z6fp,1,1,0.99595749378204346,0.87863247863247862,10,0.25341880341880341,0.0099879436728395055,0.10000000000000001,1.7324840764331211,0.78888888888888886,0.088656020632391253,0.40940170940170939,0.48606837606837605,6
2463609b,1,1,0.99099105596542358,0.78547008547008546,53,0.82350427350427347,0.018999807098765434,0.054700854700854701,3.4905660377358489,0.89914529914529917,0.17335350266442304,0.62649572649572649,0.63786324786324788,15
25153e58,1,1,0.96627306938171387,0.69145299145299144,11,0.29059829059829062,0.0002060525984648295,0.72905982905982902,3.04,0.88461538461538458,0.01814510008462876,0.0811965811965812,0.53538461538461546,0
254uk60a,1,0,,0.33888888888888891,15,0.40555555555555556,0.00034673996913580247,0.64273504273504278,0.765625,0.54017094017094014,0.15916275010143027,0.59743589743589742,0.5049572649572649,5
255f86ef,1,1,0.99886906147003174,0.96923076923076923,9,0.21752136752136753,0.00017500477828746177,0.75811965811965809,5.9272727272727277,0.96410256410256412,0.027413456979479618,0.13162393162393163,0.60811965811965807,12
258944c8,1,1,0.98514896631240845,0.7367521367521368,24,0.57606837606837602,0.0016611552028218694,0.35641025641025642,2.6090909090909089,0.85726495726495722,0.11290450054449169,0.48119658119658121,0.60153846153846158,15
26163977,1,1,0.99576854705810547,0.87435897435897436,13,0.35256410256410259,0.006956115779645191,0.13760683760683762,5.0238095238095237,0.94871794871794868,0.09332146951477098,0.41880341880341881,0.54641025641025631,0
269872de,1,0,,0.33888888888888891,36,0.72948717948717945,0.00043744531933508313,0.59914529914529913,0.28000000000000003,0.10299145299145299,0.12056343577770454,0.50341880341880341,0.45478632478632475,0
2786f841,1,0,,0.33888888888888891,11,0.29059829059829062,0.00083912037037037039,0.47692307692307695,0.78333333333333333,0.55598290598290601,0.0028089765586037378,0.0042735042735042739,0.33333333333333337,16
28d25ok1,2,0,,0.33888888888888891,148,0.98632478632478637,0.001531032986111111,0.37179487179487181,0.41952506596306066,0.20256410256410257,0.86197264205983004,0.98717948717948723,0.57735042735042741,13
2982de7a,2,1,0.99515843391418457,0.85726495726495722,29,0.64914529914529917,0.010184151785714286,0.098290598290598288,2.8867924528301887,0.87948717948717947,0.87581295002592319,0.99059829059829063,0.69495726495726495,0
2a2745e5,2,1,0.99767285585403442,0.9324786324786325,9,0.21752136752136753,0.00015082465277777777,0.77948717948717949,9.0250000000000004,0.98974358974358978,0.058078469700675803,0.29829059829059829,0.64350427350427342,0
2a3a0571,1,0,,0.33888888888888891,6,0.089743589743589744,0.00087706367924528304,0.47094017094017093,0.7592592592592593,0.52948717948717949,0.099889058700231931,0.43760683760683761,0.37333333333333335,12
2b0e34d3,2,1,0.98074066638946533,0.7188034188034188,12,0.32350427350427352,0.0013085937500000001,0.40170940170940173,3.6333333333333333,0.90683760683760684,0.11162563158625725,0.47435897435897434,0.56504273504273506,11
2bcd6c3b,1,0,,0.33888888888888891,8,0.18247863247863247,0.0003773834745762712,0.62735042735042734,0.78947368421052633,0.55940170940170941,0.017405402446492555,0.078632478632478631,0.35735042735042732,0
2bdb692f,1,0,,0.33888888888888891,60,0.85299145299145296,8.0467372134038795e-05,0.87179487179487181,0.30232558139534882,0.11538461538461539,0.2803931588674517,0.7649572649572649,0.5888034188034188,12
2bf49664,1,0,,0.33888888888888891,5,0.031623931623931623,0.00020833333333333335,0.72393162393162391,0.86111111111111116,0.63760683760683756,0.47175774082332556,0.88461538461538458,0.52333333333333332,4
2ea465de,1,0,,0.33888888888888891,15,0.40555555555555556,0.0015917968749999999,0.36410256410256409,0.92500000000000004,0.69230769230769229,0.23292221167347407,0.70854700854700858,0.50188034188034192,14
2efd5e50,1,0,,0.33888888888888891,41,0.77051282051282055,0.0026572090692722036,0.27264957264957262,0.60576923076923073,0.35128205128205126,0.047996079472194447,0.24786324786324787,0.39623931623931624,2
2esj86gk,4,1,0.99796652793884277,0.94957264957264953,10,0.25341880341880341,0.0039758045571999063,0.2170940170940171,2.4473684210526314,0.84957264957264955,0.086645160905232346,0.40512820512820513,0.53495726495726492,17
2f477d05,4,1,0.9956316351890564,0.87264957264957266,32,0.69358974358974357,0.00020171957671957671,0.73076923076923073,11.775,0.9982905982905983,0.15633015174533363,0.59059829059829061,0.77717948717948715,15
2fab8h8c,1,0,,0.33888888888888891,56,0.83632478632478635,0.018603395061728395,0.057264957264957263,0.33333333333333331,0.14102564102564102,0.091453967467037864,0.4128205128205128,0.35726495726495722,6
2fb5a55b,1,1,0.99356025457382202,0.82905982905982911,19,0.49059829059829058,0.0046532600308641977,0.18888888888888888,0.19047619047619047,0.056410256410256411,0.057436789980498872,0.29230769230769232,0.37145299145299149,4
2fc476f9,1,0,,0.33888888888888891,5,0.031623931623931623,0.0080372643849206341,0.12564102564102564,0.87804878048780488,0.65213675213675215,0.12356652261084811,0.51709401709401714,0.33307692307692305,0
2fkfe27d,26,1,0.99999016523361206,1,81,0.91837606837606833,6.7515432098765436e-06,0.99487179487179489,1.0714285714285714,0.71623931623931625,0.12082973379475495,0.50512820512820511,0.82692307692307698,17
2gae65s3,2,1,0.99689781665802002,0.90598290598290598,11,0.29059829059829062,0.003853202160493827,0.22222222222222221,2.6705882352941175,0.86324786324786329,0.17807101443310547,0.63589743589743586,0.58358974358974358,5
2i0wbnk1,4,0,,0.33888888888888891,26,0.60427350427350424,9.0663580246913583e-05,0.85299145299145296,0.48780487804878048,0.24957264957264957,0.35888484123383446,0.81794871794871793,0.57273504273504261,10
2qjsn6c1,1,0,,0.33888888888888891,94,0.94871794871794868,0.01255835262345679,0.08461538461538462,0.14545454545454545,0.036752136752136753,0.48598885859658536,0.89145299145299151,0.46008547008547007,14
2qu4s0et,2,0,,0.33888888888888891,29,0.64914529914529917,7.5231481481481487e-05,0.88034188034188032,0.45454545454545453,0.22735042735042735,0.33352514185692511,0.8042735042735043,0.58000000000000007,16
2r58guz2,1,0,,0.33888888888888891,5,0.031623931623931623,0.00099681712962962962,0.45042735042735044,0.75,0.51666666666666672,0.14907405755557021,0.57863247863247869,0.38324786324786331,6
2t8e78ov,1,0,,0.33888888888888891,80,0.91581196581196578,0.011977237654320988,0.088034188034188041,0.1111111111111111,0.022649572649572649,0.10611850498344513,0.45299145299145299,0.3636752136752136,3
2tkd7bla,1,0,,0.33888888888888891,64,0.87051282051282053,0.0025829475308641976,0.28034188034188035,0.35849056603773582,0.1641025641025641,0.69489296443733517,0.94700854700854697,0.52017094017094023,12
2tzepzze,1,0,,0.33888888888888891,18,0.46410256410256412,4.9189814814814815e-05,0.9226495726495727,0.63636363636363635,0.38675213675213677,0.023215229919443168,0.11282051282051282,0.44504273504273506,18
2u8x1k06,1,0,,0.33888888888888891,208,0.99316239316239319,0.0019700038580246913,0.32222222222222224,0.35603715170278638,0.16153846153846155,0.28224407839995919,0.76752136752136757,0.51666666666666672,14
2ug2ry5m,5,1,0.99850094318389893,0.96239316239316242,20,0.5115384615384615,0.0019589120370370372,0.3247863247863248,1.2911392405063291,0.7367521367521368,0.75651026240638386,0.95726495726495731,0.69854700854700857,18
2vmoedob,1,0,,0.33888888888888891,16,0.4252136752136752,0.0027271412037037038,0.26752136752136751,0.79012345679012341,0.56068376068376069,0.052903021675765993,0.27435897435897438,0.37333333333333335,11
2wq92crf,1,1,0.99016815423965454,0.77606837606837609,8,0.18247863247863247,0.0016734182098765433,0.35555555555555557,3.4623655913978495,0.89743589743589747,0.27950907755219928,0.7632478632478632,0.59495726495726498,10
2xz9ls1x,1,0,,0.33888888888888891,8,0.18247863247863247,0.078584104938271601,0.0076923076923076927,0.73737373737373735,0.50085470085470085,0.5573050167321455,0.91880341880341876,0.38974358974358969,9
2yrkujhc,2,0,,0.33888888888888891,22,0.54230769230769227,4.4367283950617282e-05,0.93076923076923079,0.64102564102564108,0.39401709401709401,0.23322945766569739,0.70940170940170943,0.58307692307692316,3
2ze3f84n,1,0,,0.33888888888888891,7,0.14017094017094017,0.00037712191358024689,0.62820512820512819,0.88709677419354838,0.66239316239316237,0.10983983139598115,0.46666666666666667,0.4472649572649573,15
30nvt12k,1,0,,0.33888888888888891,40,0.7632478632478632,0.021918402777777776,0.048717948717948718,0.56043956043956045,0.31367521367521367,0.12273216416694353,0.51452991452991448,0.39581196581196582,1
31rry8ca,2,0,,0.33888888888888891,37,0.7384615384615385,0.002218846450617284,0.30512820512820515,0.53260869565217395,0.28974358974358977,0.50104468925725942,0.90085470085470087,0.5146153846153847,14
320ohgwr,2,0,,0.33888888888888891,13,0.35256410256410259,0.00076630015432098766,0.49059829059829058,0.74285714285714288,0.50555555555555554,0.069804532985293238,0.34188034188034189,0.40589743589743588,9
32h0yfhc,1,0,,0.33888888888888891,48,0.80341880341880345,0.0030999228395061727,0.25042735042735043,0.22727272727272727,0.073931623931623933,0.33494743237944363,0.80683760683760686,0.4547008547008547,6
33602f6b,1,0,,0.33888888888888891,28,0.6333333333333333,0.0020814043209876542,0.31367521367521367,0.7021276595744681,0.45299145299145299,0.36401492943596975,0.82307692307692304,0.51239316239316235,15
337dfa1e,1,0,,0.33888888888888891,47,0.79829059829059834,0.00010199652777777778,0.83846153846153848,0.62992125984251968,0.37692307692307692,0.22329327927649881,0.69487179487179485,0.60948717948717945,14
342c0b2a,1,1,0.99216866493225098,0.80683760683760686,9,0.21752136752136753,0.011310040509259258,0.092307692307692313,1.7954545454545454,0.8008547008547009,0.25155655637446928,0.73076923076923073,0.5296581196581196,0
3466ygen,1,0,,0.33888888888888891,133,0.9786324786324786,0.0015113811728395062,0.37350427350427351,0.082758620689655171,0.011965811965811967,0.27592105320564225,0.75641025641025639,0.49188034188034191,6
34a5f964,1,1,0.98325389623641968,0.72905982905982902,9,0.21752136752136753,0.00062307098765432094,0.53376068376068375,12.606741573033707,0.99914529914529915,0.022643578948109741,0.1094017094017094,0.51777777777777778,12
36mc2h0y,1,0,,0.33888888888888891,37,0.7384615384615385,0.0012794174382716049,0.40683760683760684,0.44210526315789472,0.21794871794871795,0.041754652156910807,0.22136752136752136,0.38470085470085474,5
37303a3b,1,1,0.9731522798538208,0.6991452991452991,18,0.46410256410256412,0.060753761574074076,0.010256410256410256,2.2083333333333335,0.83675213675213678,0.19912812837058952,0.66495726495726493,0.53504273504273503,9
3784e3f6,1,0,,0.33888888888888891,13,0.35256410256410259,0.00017252604166666667,0.75982905982905979,0.1875,0.053418803418803416,0.099423496251766788,0.4358974358974359,0.3881196581196581,0
37af9ac1,11,1,0.99782377481460571,0.94444444444444442,110,0.96581196581196582,0.00026775234741784038,0.68461538461538463,8.0166666666666675,0.98461538461538467,0.37120666175161027,0.82564102564102559,0.88102564102564096,15
37b07a28,8,1,0.99736601114273071,0.92393162393162398,25,0.58974358974358976,0.00016782407407407406,0.76282051282051277,1.2258064516129032,0.73076923076923073,0.3416909625075879,0.81196581196581197,0.76384615384615384,0
37bb38fe,2,0,,0.33888888888888891,7,0.14017094017094017,0.0010934744268077602,0.4358974358974359,0.84868421052631582,0.62307692307692308,0.17008625950782874,0.62136752136752138,0.43188034188034197,15
37rs935v,1,0,,0.33888888888888891,104,0.96068376068376071,0.01287085262345679,0.080341880341880348,0.30666666666666664,0.1188034188034188,0.17402580250382152,0.6299145299145299,0.42572649572649574,1
3a0f4ml1,2,0,,0.33888888888888891,36,0.72948717948717945,0.00016010802469135801,0.7696581196581197,0.51694915254237284,0.27435897435897438,0.40999242774165773,0.85128205128205126,0.59273504273504274,8
3a6e6ace,1,1,0.99880218505859375,0.96666666666666667,8,0.18247863247863247,0.00070684523809523808,0.50769230769230766,3.9714285714285715,0.91794871794871791,0.10627752571375267,0.4547008547008547,0.60589743589743583,17
3a739934,1,1,0.97645819187164307,0.70769230769230773,5,0.031623931623931623,0.00020634920634920634,0.72735042735042732,3.7999999999999998,0.91367521367521365,0.076235105743530665,0.36666666666666664,0.5494017094017094,12
3b19c5c3,1,1,0.98535603284835815,0.74017094017094021,23,0.56025641025641026,0.00039388020833333332,0.61538461538461542,4.6849315068493151,0.93760683760683761,0.13870004021440363,0.55470085470085473,0.68162393162393164,0
3b1a4616,2,1,0.99735516309738159,0.92307692307692313,22,0.54230769230769227,0.0003837625788845301,0.62222222222222223,5.1749999999999998,0.95128205128205123,0.27191226811661862,0.75128205128205128,0.75803418803418798,7
3b97c07b,2,1,0.9970095157623291,0.90854700854700854,8,0.18247863247863247,0.0090465856481481473,0.11367521367521367,4.716981132075472,0.93931623931623931,0.23209153475774566,0.70683760683760688,0.57017094017094017,12
3bce0gtq,1,0,,0.33888888888888891,32,0.69358974358974357,0.00014515817901234569,0.78632478632478631,0.67475728155339809,0.43076923076923079,0.15551489141894875,0.58803418803418805,0.5675213675213675,17
3cvo2v88,5,0,,0.33888888888888891,12,0.32350427350427352,4.3402777777777779e-05,0.9324786324786325,0.58964143426294824,0.33504273504273502,0.041967569820238658,0.22222222222222221,0.43042735042735042,3
3d08dadd,1,1,0.97803491353988647,0.71111111111111114,5,0.031623931623931623,7.2071814925287931e-05,0.88290598290598288,6.5,0.97094017094017093,0.20575859412963049,0.67179487179487174,0.65367521367521364,0
3gumroz3,1,0,,0.33888888888888891,8,0.18247863247863247,4.1473765432098767e-05,0.93675213675213675,0.88732394366197187,0.66324786324786322,0.016058631511364073,0.072649572649572655,0.43880341880341883,12
3hfp5bp8,1,0,,0.33888888888888891,69,0.88504273504273501,0.0097482638888888896,0.10598290598290598,0.4344262295081967,0.21025641025641026,0.8440048296501631,0.97692307692307689,0.50341880341880341,16
3iu5qznd,28,1,0.99960726499557495,0.99487179487179489,76,0.90598290598290598,0.00028356481481481483,0.67521367521367526,1.2435897435897436,0.73333333333333328,0.76625729782924201,0.95897435897435901,0.85367521367521371,2
3k63z2kb,3,1,0.99236893653869629,0.81025641025641026,22,0.54230769230769227,0.00082561728395061731,0.48119658119658121,1.1147540983606556,0.72307692307692306,0.15168999432783839,0.5837606837606838,0.6281196581196582,4
3k6x255n,2,0,,0.33888888888888891,77,0.90854700854700854,0.00017505787037037037,0.75726495726495724,0.82545454545454544,0.59743589743589742,0.020682484086383273,0.096581196581196585,0.53974358974358982,5
3kcukszd,6,1,0.98760104179382324,0.75470085470085468,27,0.61880341880341883,2.6041666666666668e-05,0.95940170940170943,1.4645161290322581,0.75641025641025639,0.34047333952969389,0.81111111111111112,0.78008547008547013,3
3m7dxrkv,1,0,,0.33888888888888891,5,0.031623931623931623,0.00044994212962962962,0.59316239316239316,0.75,0.51666666666666672,0.11073276358247934,0.47179487179487178,0.39042735042735044,17
3mcal3cl,1,1,0.99460077285766602,0.84786324786324785,23,0.56025641025641026,0.0012249228395061729,0.41367521367521365,2.6166666666666667,0.85811965811965807,0.084756946187531851,0.39914529914529917,0.61581196581196573,19
3mkpwq2r,21,1,0.99921339750289917,0.97777777777777775,54,0.82863247863247869,0.00044319058641975308,0.59743589743589742,1.3928571428571428,0.75042735042735043,0.65822250457647435,0.93846153846153846,0.81854700854700846,2
3mynm0b3,1,0,,0.33888888888888891,12,0.32350427350427352,0.024412133487654322,0.041025641025641026,0.85185185185185186,0.62820512820512819,0.048814618852470092,0.25384615384615383,0.31709401709401713,11
3ohezf7p,2,0,,0.33888888888888891,88,0.9358974358974359,0.00052179783950617286,0.57008547008547006,0.28985507246376813,0.1076923076923077,0.27546416814842095,0.75470085470085468,0.54145299145299153,3
3ojyo18h,1,0,,0.33888888888888891,5,0.031623931623931623,1.7361111111111111e-05,0.97735042735042732,0.83333333333333337,0.60726495726495722,0.055909092722961233,0.28717948717948716,0.44846153846153847,2
3q5s65nd,1,0,,0.33888888888888891,19,0.49059829059829058,0.00026861496913580245,0.68376068376068377,0.68674698795180722,0.43931623931623931,0.021754729100728534,0.10683760683760683,0.41188034188034184,3
3rgyid4v,5,0,,0.33888888888888891,124,0.97350427350427349,0.00028742283950617282,0.67350427350427355,0.58855585831062673,0.33418803418803417,0.39134079267329991,0.83846153846153848,0.63170940170940182,16
3sjgaexp,1,0,,0.33888888888888891,8,0.18247863247863247,0.00019097222222222223,0.73974358974358978,0.60999999999999999,0.35641025641025642,0.030091125262557094,0.14700854700854701,0.35290598290598291,3
3up9ulso,4,0,,0.33888888888888891,114,0.96837606837606838,0.00019531250000000001,0.73418803418803413,0.7563218390804598,0.52478632478632481,0.054107511914795681,0.28034188034188035,0.5693162393162392,5
3v5xbt1q,1,0,,0.33888888888888891,14,0.38076923076923075,0.00070710358796296298,0.50683760683760681,0.85416666666666663,0.63247863247863245,0.073449433713602783,0.35641025641025642,0.44307692307692309,11
3w5jvbwz,1,0,,0.33888888888888891,21,0.52649572649572651,0.034745852623456787,0.024786324786324785,0.66315789473684206,0.41880341880341881,0.27976880645367214,0.76410256410256405,0.41461538461538455,5
3wk221hp,1,0,,0.33888888888888891,30,0.6645299145299145,0.0013286072530864198,0.39743589743589741,0.59999999999999998,0.34572649572649572,0.16917694704590813,0.61965811965811968,0.47324786324786328,3
3wwwxabv,29,1,0.99923038482666016,0.97948717948717945,64,0.87051282051282053,0.00030719521604938272,0.65769230769230769,1.6515151515151516,0.77863247863247864,0.71336550674748977,0.94957264957264953,0.84717948717948721,17
3zh20m6g,2,0,,0.33888888888888891,32,0.69358974358974357,0.0023220486111111111,0.29572649572649573,0.58999999999999997,0.33846153846153848,0.13333131629670578,0.54273504273504269,0.44188034188034181,10
4023fc77,1,1,0.99283510446548462,0.81794871794871793,26,0.60427350427350424,0.00030616292329813078,0.65897435897435896,2.6875,0.86495726495726499,0.0099127928246149962,0.041025641025641026,0.59743589743589731,0
414ca58b,3,1,0.99785321950912476,0.94786324786324783,28,0.6333333333333333,6.4858490566037738e-05,0.89487179487179491,1.5636363636363637,0.76837606837606842,0.65710460116772951,0.93760683760683761,0.83641025641025646,12
4201m2wh,2,0,,0.33888888888888891,34,0.7153846153846154,8.0536265432098762e-05,0.87094017094017095,0.45535714285714285,0.2282051282051282,0.47666832754837202,0.88888888888888884,0.60846153846153839,3
429zpaoy,2,1,0.99321484565734863,0.82307692307692304,13,0.35256410256410259,6.7515432098765436e-06,0.99487179487179489,1.6000000000000001,0.77094017094017098,0.16447642936305298,0.60940170940170946,0.71017094017094018,16
42dn1p4x,1,0,,0.33888888888888891,36,0.72948717948717945,0.00019241898148148148,0.73803418803418808,0.65714285714285714,0.41153846153846152,0.1845270112629514,0.64615384615384619,0.57282051282051283,6
43030c4c,1,0,,0.33888888888888891,5,0.031623931623931623,0.0077832458442694662,0.12991452991452992,0.73333333333333328,0.49316239316239319,0.4514829262844689,0.8700854700854701,0.37273504273504277,2
4344808d,3,0,,0.33888888888888891,16,0.4252136752136752,8.3791473765432102e-05,0.8666666666666667,0.88414634146341464,0.66068376068376067,0.029892963359858759,0.14444444444444443,0.48717948717948711,3
43dc67f7,1,0,,0.33888888888888891,20,0.5115384615384615,0.00057291666666666667,0.55598290598290601,0.77777777777777779,0.55042735042735047,0.047478101127044432,0.24700854700854702,0.4407692307692308,16
46e00caf,1,1,0.99033808708190918,0.77948717948717949,35,0.72222222222222221,0.0019447576099210823,0.3264957264957265,1.3759398496240602,0.74786324786324787,0.09369950501856808,0.42051282051282052,0.59931623931623923,16
47891b4c,1,0,,0.33888888888888891,8,0.18247863247863247,0.00077758215962441316,0.48803418803418802,0.82978723404255317,0.60427350427350424,0.0052524221903738674,0.016239316239316241,0.32598290598290597,0
4795259b,4,1,0.98680394887924194,0.74786324786324787,15,0.40555555555555556,0.00013780381944444444,0.79316239316239312,3.9666666666666668,0.91709401709401706,0.17582997945194953,0.63076923076923075,0.69888888888888878,4
4819exz4,1,0,,0.33888888888888891,9,0.21752136752136753,0.0025704089506172838,0.28205128205128205,0.75806451612903225,0.52777777777777779,0.20219370619817956,0.66923076923076918,0.40709401709401705,9
484d48a3,3,1,0.96895766258239746,0.69487179487179485,33,0.70683760683760688,7.0529513888888882e-05,0.88376068376068373,1.2291666666666667,0.73247863247863243,0.22542028487836005,0.69658119658119655,0.74290598290598298,4
48piegqg,2,1,0.98904979228973389,0.76581196581196587,10,0.25341880341880341,0.0017216435185185186,0.34786324786324785,1.6785714285714286,0.7829059829059829,0.3340879186261147,0.80598290598290601,0.59119658119658125,16
49s7f9p4,3,0,,0.33888888888888891,11,0.29059829059829062,7.2337962962962959e-05,0.88205128205128203,0.5178571428571429,0.27692307692307694,0.051848180706308852,0.26666666666666666,0.41102564102564099,3
4a41cbf8,1,1,0.9920574426651001,0.80512820512820515,9,0.21752136752136753,0.00018663194444444445,0.74188034188034191,4.833333333333333,0.94358974358974357,0.12305261011811792,0.51623931623931629,0.64487179487179491,16
4a6fb202,1,1,0.99508577585220337,0.85555555555555551,16,0.4252136752136752,0.0029737285539215685,0.2606837606837607,5.5256410256410255,0.9555555555555556,0.020322740424142869,0.093162393162393164,0.5180341880341881,0
4a7162bd,2,1,0.99038136005401611,0.78034188034188035,41,0.77051282051282055,5.8593749999999998e-05,0.90769230769230769,0.73684210526315785,0.49957264957264957,0.36719175613538713,0.82393162393162389,0.75641025641025639,4
4bhktxfz,3,0,,0.33888888888888891,26,0.60427350427350424,0.001969039351851852,0.32307692307692309,0.40196078431372551,0.18974358974358974,0.27455160292862202,0.75299145299145298,0.44179487179487181,8
4c94e4f3,1,1,0.98404353857040405,0.73333333333333328,28,0.6333333333333333,0.0013961226851851851,0.38974358974358975,1.2033898305084745,0.72991452991452987,0.0074301654303280994,0.029914529914529916,0.50324786324786319,4
4cb11a5f,1,0,,0.33888888888888891,26,0.60427350427350424,0.0006428433641975309,0.52649572649572651,0.38095238095238093,0.17692307692307693,0.067594897665823009,0.33247863247863246,0.39581196581196582,9
4e0597a0,2,1,0.98415160179138184,0.73418803418803413,10,0.25341880341880341,0.00016699735449735449,0.76410256410256405,2.8708333333333331,0.87863247863247862,0.18609289300667198,0.64786324786324789,0.65564102564102567,9
4e05j6cz,1,0,,0.33888888888888891,5,0.031623931623931623,0.00058207947530864194,0.55128205128205132,0.80000000000000004,0.57307692307692304,0.17305146790852563,0.62564102564102564,0.42410256410256408,16
4e3020fe,1,0,,0.33888888888888891,7,0.14017094017094017,0.00020693887453795544,0.72564102564102562,0.64000000000000001,0.3923076923076923,0.25863774735752015,0.73931623931623935,0.4672649572649572,0
4ea934d8,1,0,,0.33888888888888891,6,0.089743589743589744,5.9455859969558596e-05,0.90598290598290598,0.87755102040816324,0.65042735042735045,0.076470224246945329,0.3683760683760684,0.47068376068376072,9
4fvph6vi,1,0,,0.33888888888888891,22,0.54230769230769227,0.00048852237654320983,0.57948717948717954,0.35384615384615387,0.15897435897435896,0.36299888122791518,0.82051282051282048,0.48803418803418808,9
4heroisd,3,1,0.97081989049911499,0.6974358974358974,9,0.21752136752136753,0.00017903645833333332,0.75128205128205128,1.323076923076923,0.74273504273504276,0.22707890354832938,0.70170940170940166,0.62213675213675201,9
4jljw05k,1,0,,0.33888888888888891,33,0.70683760683760688,0.013060860339506174,0.078632478632478631,0.51470588235294112,0.27094017094017092,0.12652908353132647,0.52222222222222225,0.38350427350427346,5
4lh7zbh8,1,0,,0.33888888888888891,43,0.78076923076923077,0.0051249035493827156,0.17264957264957265,0.58653846153846156,0.32905982905982906,0.091931430412234547,0.41623931623931626,0.40752136752136747,1
4m4nusqa,1,0,,0.33888888888888891,5,0.031623931623931623,0.01464988425925926,0.069230769230769235,0.8571428571428571,0.63376068376068373,0.034366397794641769,0.17606837606837608,0.24991452991452992,12
4numtahu,1,1,0.99514114856719971,0.85641025641025637,5,0.031623931623931623,0.00073832947530864197,0.50042735042735043,2.6176470588235294,0.85897435897435892,0.13210080455995435,0.53760683760683758,0.55700854700854696,10
4ny5gf5t,2,1,0.99185281991958618,0.8025641025641026,31,0.67905982905982909,0.00016927083333333334,0.7615384615384615,0.98039215686274506,0.71025641025641029,0.25106909348947432,0.72991452991452987,0.73666666666666669,11
4o7up402,2,0,,0.33888888888888891,26,0.60427350427350424,0.00019422743055555556,0.73589743589743595,0.63529411764705879,0.38290598290598293,0.14980034627532879,0.57948717948717954,0.52829059829059832,9
4rgqys4y,2,0,,0.33888888888888891,8,0.18247863247863247,0.0006558641975308642,0.52222222222222225,0.78301886792452835,0.55470085470085473,0.071728595945723936,0.35213675213675216,0.39008547008547012,16
4rx06t9m,1,0,,0.33888888888888891,123,0.97264957264957264,0.022310956790123456,0.047863247863247867,0.086330935251798566,0.015384615384615385,0.85594202296202382,0.98547008547008552,0.47205128205128205,12
4se4eppr,2,1,0.99721187353134155,0.91538461538461535,29,0.64914529914529917,3.9544753086419755e-05,0.94102564102564101,0.79487179487179482,0.56452991452991452,0.27798000146469176,0.75897435897435894,0.76581196581196576,4
4sjypulp,1,0,,0.33888888888888891,6,0.089743589743589744,0.0013107638888888889,0.40085470085470087,0.83673469387755106,0.61025641025641031,0.053007109773205809,0.27692307692307694,0.34333333333333338,16
4swjc6h9,1,0,,0.33888888888888891,99,0.9555555555555556,0.018587962962962962,0.058119658119658121,0.23369565217391305,0.078632478632478631,0.057523252744278705,0.29316239316239318,0.34487179487179487,1
4usfhcji,1,0,,0.33888888888888891,13,0.35256410256410259,4.2920524691358025e-05,0.93333333333333335,0.7846153846153846,0.55726495726495728,0.023589499213316087,0.11538461538461539,0.45948717948717954,11
4vi126r8,2,0,,0.33888888888888891,8,0.18247863247863247,0.0011202739197530864,0.43076923076923079,0.60416666666666663,0.34957264957264955,0.42275835830993297,0.85811965811965807,0.43196581196581196,16
4znujm0e,1,0,,0.33888888888888891,21,0.52649572649572651,0.013683449074074074,0.074358974358974358,0.60747663551401865,0.35384615384615387,0.082571641554190833,0.3888888888888889,0.33649572649572651,2
50qauky1,6,1,0.99870514869689941,0.96581196581196582,14,0.38076923076923075,6.5104166666666666e-05,0.89358974358974363,2.0675675675675675,0.8273504273504273,0.094631383880522446,0.42393162393162392,0.69829059829059825,19
511clhlf,3,0,,0.33888888888888891,18,0.46410256410256412,0.00035011574074074074,0.64017094017094012,0.63541666666666663,0.38376068376068379,0.11502467902458162,0.48547008547008547,0.46247863247863241,8
51befc31,2,1,0.99061906337738037,0.7811965811965812,12,0.32350427350427352,9.5591012084592143e-05,0.84358974358974359,2.7373737373737375,0.86923076923076925,0.12250095029383846,0.51282051282051277,0.6660683760683761,9
51e5ca25,1,0,,0.33888888888888891,7,0.14017094017094017,0.00048278892318244168,0.5837606837606838,0.41176470588235292,0.19914529914529913,0.51664700717868228,0.90512820512820513,0.4334188034188034,7
526195de,1,0,,0.33888888888888891,32,0.69358974358974357,0.0049301014419852445,0.17863247863247864,0.87351778656126478,0.64615384615384619,0.028664312136017708,0.13675213675213677,0.3988034188034188,15
5397b01d,1,0,,0.33888888888888891,14,0.38076923076923075,0.039537037037037037,0.019658119658119658,0.77049180327868849,0.54358974358974355,0.44660305492736119,0.86752136752136755,0.43008547008547005,15
53f67585,1,1,0.99936282634735107,0.98461538461538467,30,0.6645299145299145,0.0025876390794086269,0.27863247863247864,8.7619047619047628,0.98717948717948723,0.13403877762642585,0.54358974358974355,0.69170940170940165,15
53sca9ee,1,1,0.93600398302078247,0.68205128205128207,7,0.14017094017094017,9.5003858024691361e-05,0.84658119658119657,3.4393939393939394,0.89658119658119662,0.021475821704685424,0.10170940170940171,0.53341880341880343,17
5416fbb7,2,0,,0.33888888888888891,7,0.14017094017094017,0.00041510757717492982,0.60427350427350424,0.86507936507936511,0.63931623931623927,0.066668876753692666,0.33076923076923076,0.41068376068376067,9
54b9dbba,1,0,,0.33888888888888891,8,0.18247863247863247,0.00180908203125,0.34102564102564104,0.90361445783132532,0.67692307692307696,0.077338010315771671,0.3700854700854701,0.38188034188034192,9
55v46njo,2,0,,0.33888888888888891,24,0.57606837606837602,0.0038064236111111111,0.22564102564102564,0.50617283950617287,0.2623931623931624,0.1678449187199243,0.61538461538461542,0.40367521367521364,14
578f71da,2,1,0.98875266313552856,0.7632478632478632,18,0.46410256410256412,0.013388671875000001,0.07521367521367521,4.8342857142857145,0.94444444444444442,0.19301140995281621,0.65811965811965811,0.58102564102564103,9
57ad022e,1,1,0.99415391683578491,0.84017094017094018,53,0.82350427350427347,0.0012022569444444444,0.41623931623931626,4.536458333333333,0.9324786324786325,0.057569171261162559,0.29401709401709403,0.6612820512820512,9
58f24fa4,1,0,,0.33888888888888891,30,0.6645299145299145,0.00089891975308641981,0.46666666666666667,0.53246753246753242,0.28888888888888886,0.027738844210634196,0.13418803418803418,0.37863247863247862,0
59992293,2,1,0.98683357238769531,0.74871794871794872,16,0.4252136752136752,0.0012879609544468548,0.40512820512820513,6.4528301886792452,0.97008547008547008,0.31103979569973367,0.78803418803418801,0.66743589743589748,15
5ae23f9f,1,0,,0.33888888888888891,6,0.089743589743589744,0.00070180084745762711,0.51111111111111107,0.84615384615384615,0.6200854700854701,0.011095730788218393,0.046153846153846156,0.32119658119658123,0
5bad0bab,2,1,0.92621707916259766,0.68034188034188037,68,0.88205128205128203,0.00015046296296296297,0.78076923076923077,0.9555555555555556,0.70683760683760688,0.53363505284018808,0.90940170940170939,0.79188034188034195,9
5bc7ea74,2,1,0.95745247602462769,0.68803418803418803,88,0.9358974358974359,0.00029031635802469137,0.67008547008547004,1.1049723756906078,0.72051282051282051,0.088449731290970585,0.40854700854700854,0.68461538461538463,19
5csodh3t,3,0,,0.33888888888888891,18,0.46410256410256412,0.00019917052469135802,0.73162393162393158,0.43103448275862066,0.20854700854700856,0.55065559639166339,0.91709401709401706,0.53205128205128205,10
5d107jy0,1,0,,0.33888888888888891,5,0.031623931623931623,0.0030724344135802471,0.25299145299145298,0.79545454545454541,0.5658119658119658,0.027614664749129495,0.13333333333333333,0.26452991452991453,17
5e81394i,4,0,,0.33888888888888891,90,0.94145299145299144,0.00015287422839506173,0.77735042735042736,0.40934065934065933,0.19829059829059828,0.19231279436556001,0.65555555555555556,0.5823076923076923,5
5e9412c0,3,1,0.99659770727157593,0.89572649572649576,24,0.57606837606837602,0.00013213633360537874,0.79914529914529919,6.9818181818181815,0.97606837606837604,0.10101407624500498,0.43846153846153846,0.73709401709401712,0
5f3fcff6,2,0,,0.33888888888888891,10,0.25341880341880341,0.00012152777777777777,0.80940170940170941,0.71621621621621623,0.47008547008547008,0.070130036573431836,0.34444444444444444,0.44324786324786325,0
5gffh7gx,1,0,,0.33888888888888891,28,0.6333333333333333,0.0061318479938271605,0.15042735042735042,0.55555555555555558,0.30811965811965814,0.082867551292236205,0.39145299145299145,0.36444444444444446,11
5ixdd0df,2,0,,0.33888888888888891,9,0.21752136752136753,0.00018614969135802469,0.74273504273504276,0.82442748091603058,0.59572649572649572,0.20979577146996878,0.67606837606837611,0.51418803418803416,6
5m4ckpop,2,1,0.99802702665328979,0.95213675213675208,23,0.56025641025641026,0.0001943479938271605,0.7350427350427351,1.0350877192982457,0.71452991452991454,0.35763987133846192,0.81709401709401708,0.75581196581196575,17
5ne9na4f,3,0,,0.33888888888888891,33,0.70683760683760688,0.0013898533950617285,0.3905982905982906,0.26315789473684209,0.094017094017094016,0.23323874672064529,0.71025641025641029,0.44811965811965815,4
5nwr1e15,2,1,0.99516570568084717,0.85897435897435892,25,0.58974358974358976,0.00035397376543209877,0.63760683760683756,1.528169014084507,0.7632478632478632,0.11375671618135212,0.48290598290598291,0.66649572649572641,9
5oe1xea6,2,0,,0.33888888888888891,22,0.54230769230769227,0.0019379340277777778,0.3282051282051282,0.69047619047619047,0.44529914529914527,0.092087994415560551,0.41709401709401711,0.41435897435897429,9
5rttndn7,1,0,,0.33888888888888891,16,0.4252136752136752,0.0045052083333333333,0.19230769230769232,0.71764705882352942,0.47393162393162391,0.018271692881491382,0.082905982905982903,0.3026495726495726,7
5vn6m21a,2,0,,0.33888888888888891,10,0.25341880341880341,0.0013623649691358024,0.39487179487179486,0.70731707317073167,0.4564102564102564,0.282426427239588,0.76837606837606842,0.4423931623931624,2
5w2wm25n,4,1,0.99956691265106201,0.99401709401709404,8,0.18247863247863247,0.00025318287037037036,0.6991452991452991,2.408450704225352,0.84786324786324785,0.10865317216839869,0.46068376068376066,0.63683760683760693,4
5wf117rp,1,0,,0.33888888888888891,6,0.089743589743589744,0.00011138916015625,0.82307692307692304,0.88235294117647056,0.65811965811965811,0.017769785907982318,0.079487179487179482,0.39786324786324784,5
5wsg1nxs,3,1,0.99824422597885132,0.95811965811965816,10,0.25341880341880341,0.0066449652777777774,0.14273504273504273,2.1785714285714284,0.83247863247863252,0.02183496128613532,0.1076923076923077,0.45888888888888896,10
5yq4u9wv,2,0,,0.33888888888888891,22,0.54230769230769227,0.00018373842592592593,0.74487179487179489,0.69565217391304346,0.44871794871794873,0.098485953103565102,0.4341880341880342,0.50179487179487181,14
5z2z78q3,1,0,,0.33888888888888891,6,0.089743589743589744,0.00010947145061728395,0.82435897435897432,0.9107142857142857,0.68632478632478633,0.013930760070689023,0.066666666666666666,0.40119658119658119,5
5z6j8sms,2,0,,0.33888888888888891,31,0.67905982905982909,0.00016107253086419752,0.76837606837606842,0.88010899182561309,0.65384615384615385,0.10339337216195574,0.44871794871794873,0.57777777777777772,1
5zabac5l,1,0,,0.33888888888888891,6,0.089743589743589744,0.035254147376543213,0.023931623931623933,0.85106382978723405,0.62692307692307692,0.40308425672699616,0.84358974358974359,0.38461538461538469,16
5zxrotef,3,0,,0.33888888888888891,26,0.60427350427350424,0.00076147762345679009,0.49401709401709404,0.38823529411764707,0.18034188034188034,0.55923518813254658,0.91965811965811961,0.50743589743589745,14
6075d6b0,1,1,0.99238085746765137,0.81111111111111112,7,0.14017094017094017,0.00070105820105820108,0.51282051282051277,4.6600000000000001,0.93675213675213675,0.22846436458713654,0.70256410256410251,0.62068376068376063,12
60827ada,1,1,0.99667823314666748,0.89829059829059832,80,0.91581196581196578,1.7361111111111111e-05,0.97735042735042732,3.4666666666666668,0.89829059829059832,0.032756106413541784,0.16495726495726495,0.77094017094017087,15
6092nsl8,2,1,0.97984707355499268,0.71623931623931625,23,0.56025641025641026,0.0065890239197530865,0.14529914529914531,1.2950819672131149,0.73760683760683765,0.018850039195751237,0.085470085470085472,0.448974358974359,3
60f4fa43,1,0,,0.33888888888888891,10,0.25341880341880341,0.0010863485046932984,0.43675213675213675,0.84848484848484851,0.62222222222222223,0.011606727679551147,0.050427350427350429,0.34034188034188034,0
61403519,1,1,0.98988771438598633,0.77094017094017098,11,0.29059829059829062,0.00073873471816509793,0.49914529914529915,2.5145631067961167,0.85128205128205126,0.095229579044383381,0.42649572649572648,0.56769230769230761,9
62529cd4,1,1,0.99607956409454346,0.88290598290598288,5,0.031623931623931623,0.007006655092592593,0.13589743589743589,2.96875,0.88376068376068373,0.062791551201967083,0.31965811965811963,0.45076923076923076,15
627jnkn9,3,1,0.99243593215942383,0.81367521367521367,29,0.64914529914529917,0.00091242283950617288,0.46410256410256412,2.2666666666666666,0.83931623931623933,0.13928548697747617,0.55641025641025643,0.66452991452991461,1
62c501f8,1,0,,0.33888888888888891,8,0.18247863247863247,0.00048369984567901236,0.58290598290598294,0.86868686868686873,0.64358974358974363,0.28322411031280698,0.76923076923076927,0.50341880341880341,7
63437cf3,2,1,0.9810829758644104,0.72051282051282051,22,0.54230769230769227,0.00029793432203389832,0.66581196581196578,2.5714285714285716,0.85641025641025637,0.30904435118941864,0.78547008547008546,0.71410256410256401,0
63qpq8pc,1,1,0.99832135438919067,0.95982905982905986,5,0.031623931623931623,0.00036410108024691358,0.63290598290598288,2.8356164383561642,0.87692307692307692,0.077425660251288886,0.37094017094017095,0.57444444444444442,4
64044df1,1,1,0.98888128995895386,0.76410256410256405,7,0.14017094017094017,0.0099348958333333338,0.10256410256410256,4.5166666666666666,0.93162393162393164,0.025252483901024983,0.12649572649572649,0.41299145299145296,4
64b89eb5,3,1,0.99853515625,0.96324786324786327,79,0.91239316239316237,0.00025390625000000001,0.69786324786324783,1.631578947368421,0.77692307692307694,0.10179239892209013,0.44102564102564101,0.75829059829059831,1
65ll50bt,6,0,,0.33888888888888891,93,0.94529914529914527,7.659313725490196e-05,0.87777777777777777,0.39909297052154197,0.18717948717948718,0.10335395693940816,0.44786324786324788,0.55940170940170941,5
662a1846,13,1,0.99591255187988281,0.87692307692307692,18,0.46410256410256412,0.0001779513888888889,0.75470085470085468,5.8615384615384611,0.96239316239316242,0.059537909147984888,0.30683760683760686,0.67299145299145313,16
66a25278,4,0,,0.33888888888888891,24,0.57606837606837602,0.00012015548406862744,0.81111111111111112,0.74122807017543857,0.50341880341880341,0.67274826473472082,0.94273504273504272,0.63444444444444448,9
673adbcc,1,0,,0.33888888888888891,14,0.38076923076923075,0.0041835239955357144,0.20512820512820512,0.51282051282051277,0.27008547008547007,0.75424617393491999,0.9555555555555556,0.43008547008547005,0
6783a303,1,0,,0.33888888888888891,34,0.7153846153846154,0.00066406250000000005,0.52051282051282055,0.86454183266932272,0.63846153846153841,0.19448869895347851,0.66153846153846152,0.57495726495726496,14
68c879f2,1,1,0.98960596323013306,0.76923076923076927,55,0.83162393162393167,0.00014322916666666667,0.78760683760683758,1.5769230769230769,0.77008547008547013,0.082500090909373963,0.38803418803418804,0.70931623931623933,4
68d2b259,3,0,,0.33888888888888891,20,0.5115384615384615,2.1494708994708996e-05,0.96837606837606838,0.33333333333333331,0.14102564102564102,0.15116498744742124,0.58119658119658124,0.5082051282051282,12
6a50e93a,1,0,,0.33888888888888891,7,0.14017094017094017,5.5338541666666664e-05,0.9128205128205128,0.75,0.51666666666666672,0.0042297800046967263,0.010256410256410256,0.38376068376068373,4
6acd353f,2,1,0.99505788087844849,0.85213675213675211,11,0.29059829059829062,0.0024817503609818707,0.28632478632478631,3.2857142857142856,0.89145299145299151,0.14842835838010179,0.57692307692307687,0.57948717948717943,12
6ad44b86,6,1,0.99928545951843262,0.98119658119658115,34,0.7153846153846154,0.00019673123486682809,0.73247863247863243,6.2357142857142858,0.96752136752136753,0.059020653913576922,0.30427350427350425,0.74017094017094009,15
6bwl408d,1,0,,0.33888888888888891,39,0.75598290598290596,0.015480806327160495,0.066666666666666666,0.1875,0.053418803418803416,0.50834386218636685,0.90341880341880343,0.42367521367521366,10
6da17988,1,1,0.99816465377807617,0.95641025641025645,5,0.031623931623931623,0.0012261284722222222,0.4128205128205128,7.0166666666666666,0.97692307692307689,0.070168662666681675,0.34529914529914529,0.54461538461538461,0
6e2dce1b,1,0,,0.33888888888888891,7,0.14017094017094017,8.7770061728395068e-05,0.85726495726495722,0.90277777777777779,0.67606837606837611,0.0078623049190796445,0.031623931623931623,0.40880341880341875,0
6f5144b6,2,1,0.99323809146881104,0.82478632478632474,23,0.56025641025641026,0.0002499534970238095,0.69999999999999996,4.3272727272727272,0.92393162393162398,0.50095311722518721,0.90000000000000002,0.78179487179487173,0
6f6e6c37,1,0,,0.33888888888888891,14,0.38076923076923075,0.0059447337962962961,0.15384615384615385,0.77419354838709675,0.54700854700854706,0.049013255425931858,0.25641025641025639,0.33538461538461539,16
6fl146dc,1,1,0.98179799318313599,0.72564102564102562,7,0.14017094017094017,4.0509259259259258e-05,0.93888888888888888,1.8833333333333333,0.81623931623931623,0.0058850835026649966,0.019658119658119658,0.52811965811965811,11
6k69zqfl,2,0,,0.33888888888888891,147,0.98547008547008552,0.00034529320987654322,0.64358974358974363,0.19213973799126638,0.058974358974358973,0.36150097759650862,0.81965811965811963,0.5693162393162392,15
6lf2676j,3,0,,0.33888888888888891,17,0.44188034188034186,0.0019077932098765433,0.33247863247863246,0.63855421686746983,0.3905982905982906,0.22270638509846419,0.69316239316239314,0.43940170940170942,8
6ljnqtty,1,0,,0.33888888888888891,12,0.32350427350427352,0.00062258873456790128,0.53504273504273503,0.84615384615384615,0.6200854700854701,0.19236678794313833,0.65641025641025641,0.49478632478632478,6
6m6nyj7h,1,0,,0.33888888888888891,88,0.9358974358974359,0.020845389660493829,0.04957264957264957,0.31782945736434109,0.12905982905982907,0.8227930227144139,0.97094017094017093,0.48487179487179483,3
6moh35ox,2,0,,0.33888888888888891,94,0.94871794871794868,0.00020929783950617283,0.72307692307692306,0.7142857142857143,0.46666666666666667,0.8938034200590923,0.99572649572649574,0.69461538461538463,17
6nnkxfh7,6,0,,0.33888888888888891,339,0.99743589743589745,2.5077160493827159e-05,0.96239316239316242,0.26143790849673204,0.092307692307692313,0.85257757581306115,0.982051282051282,0.67461538461538473,3
6pbz05ig,1,0,,0.33888888888888891,13,0.35256410256410259,0.00057291666666666667,0.55598290598290601,0.77272727272727271,0.54487179487179482,0.060319460264804052,0.31025641025641026,0.42051282051282046,4
6q2cpioc,1,0,,0.33888888888888891,7,0.14017094017094017,0.00078944830246913578,0.48547008547008547,0.12345679012345678,0.025213675213675214,0.17179185062397559,0.62222222222222223,0.3223931623931624,0
6t0fk8k0,1,1,0.97750163078308105,0.71025641025641029,38,0.7482905982905983,0.0029359567901234567,0.2623931623931624,4.1714285714285717,0.91965811965811961,0.12256525924998732,0.51367521367521363,0.63085470085470086,10
6uspxt1h,1,1,0.97647655010223389,0.70854700854700858,9,0.21752136752136753,0.00052662037037037033,0.56923076923076921,1.7450980392156863,0.79316239316239312,0.026092313579628084,0.12820512820512819,0.48333333333333328,9
6y72c98u,1,0,,0.33888888888888891,7,0.14017094017094017,0.0018579167311561678,0.33589743589743587,0.22857142857142856,0.07521367521367521,0.03211086620229571,0.16153846153846155,0.21034188034188034,12
6yym3qel,2,0,,0.33888888888888891,15,0.40555555555555556,0.00098668981481481481,0.4547008547008547,0.74336283185840712,0.50854700854700852,0.10680881891269375,0.4564102564102564,0.43282051282051281,3
70bcaf68,1,1,0.99547523260116577,0.8683760683760684,6,0.089743589743589744,0.00040910883280757099,0.60683760683760679,3.6190476190476191,0.90512820512820513,0.12861500438755913,0.52991452991452992,0.59999999999999998,15
70n9xuii,1,0,,0.33888888888888891,49,0.80854700854700856,0.0026277970679012344,0.27521367521367524,0.55855855855855852,0.31111111111111112,0.019068945288209259,0.089743589743589744,0.36470085470085467,16
70xyb5u3,1,0,,0.33888888888888891,35,0.72222222222222221,0.0050043402777777777,0.17606837606837608,0.65000000000000002,0.40170940170940173,0.048094001465754627,0.24871794871794872,0.3775213675213675,3
70yjjtka,2,0,,0.33888888888888891,40,0.7632478632478632,0.0078660300925925929,0.12820512820512819,0.36274509803921567,0.16794871794871793,0.53431535843103961,0.91025641025641024,0.46170940170940178,6
71u0twg5,1,0,,0.33888888888888891,17,0.44188034188034186,0.00099922839506172835,0.44829059829059831,0.734375,0.49572649572649574,0.010129676233216768,0.042735042735042736,0.35350427350427355,0
723fd024,2,1,0.99678170680999756,0.90341880341880343,6,0.089743589743589744,7.9365079365079365e-05,0.87435897435897436,1.1627906976744187,0.72649572649572647,0.2020448123623588,0.66837606837606833,0.65247863247863247,12
72yz5sum,3,0,,0.33888888888888891,13,0.35256410256410259,0.00018325617283950618,0.74658119658119659,0.57608695652173914,0.32435897435897437,0.36810470523416178,0.82478632478632474,0.51743589743589735,14
7457k6l5,2,0,,0.33888888888888891,12,0.32350427350427352,0.0004933449074074074,0.57777777777777772,0.72826086956521741,0.48888888888888887,0.058137718884487169,0.29999999999999999,0.40581196581196577,8
758gaily,1,0,,0.33888888888888891,22,0.54230769230769227,0.0001853660300925926,0.74358974358974361,0.72839506172839508,0.48974358974358972,0.222841475856249,0.69401709401709399,0.56170940170940165,11
75bagjky,4,1,0.99360573291778564,0.83333333333333337,10,0.25341880341880341,0.00044174194335937499,0.59829059829059827,1.4310344827586208,0.75470085470085468,0.051811729105156017,0.26495726495726496,0.54094017094017099,5
75c34dc5,1,0,,0.33888888888888891,10,0.25341880341880341,0.024688368756165365,0.040170940170940174,0.95327102803738317,0.70598290598290603,0.064868013347316705,0.32393162393162395,0.33247863247863252,16
77110e80,5,1,0.99883633852005005,0.96837606837606838,24,0.57606837606837602,0.00037326388888888891,0.6299145299145299,4.3294117647058821,0.92478632478632483,0.86341092568797839,0.98888888888888893,0.8176068376068375,0
781af187,1,0,,0.33888888888888891,14,0.38076923076923075,0.0061913412049651832,0.14957264957264957,0.13235294117647059,0.028205128205128206,0.062827640664132545,0.32051282051282054,0.24358974358974361,0
788da8e8,1,1,0.99538719654083252,0.86324786324786329,12,0.32350427350427352,0.0054389565677966101,0.16153846153846155,3.9047619047619047,0.9145299145299145,0.0097878614478050067,0.040170940170940174,0.46059829059829055,17
78bf9b51,2,0,,0.33888888888888891,12,0.32350427350427352,0.00010271990740740741,0.83589743589743593,0.59999999999999998,0.34572649572649572,0.018976565726783492,0.087179487179487175,0.38623931623931623,0
797a7b7e,1,1,0.99578899145126343,0.87521367521367521,7,0.14017094017094017,0.0017980475791051702,0.34188034188034189,4.291666666666667,0.92222222222222228,0.16734114235698591,0.61196581196581201,0.57829059829059826,9
79acac96,1,0,,0.33888888888888891,5,0.031623931623931623,0.0006851263339610797,0.51538461538461533,0.90566037735849059,0.67905982905982909,0.1628908035061736,0.60598290598290594,0.43418803418803414,0
79af6097,1,0,,0.33888888888888891,13,0.35256410256410259,0.00076186284372904093,0.49316239316239319,0.31877729257641924,0.13076923076923078,0.3297455666696541,0.8025641025641026,0.42358974358974361,15
7ade3068,5,1,0.97557300329208374,0.70512820512820518,28,0.6333333333333333,0.00054253472222222225,0.5641025641025641,1.1071428571428572,0.72136752136752136,0.071110247773320465,0.34957264957264955,0.59470085470085476,0
7b75dace,2,1,0.9952659010887146,0.86153846153846159,7,0.14017094017094017,6.8925009589566549e-05,0.88803418803418799,3.5444444444444443,0.90085470085470087,0.10226036056632563,0.44444444444444442,0.64700854700854704,12
7be91184,1,1,0.99772447347640991,0.93760683760683761,7,0.14017094017094017,0.0011265432098765433,0.42905982905982903,9.5999999999999996,0.99230769230769234,0.030821389357732484,0.15128205128205127,0.53008547008547002,15
7bfe9b57,1,1,0.99770140647888184,0.93504273504273505,7,0.14017094017094017,8.246527777777778e-05,0.86965811965811968,6.7380952380952381,0.97435897435897434,0.0037304934684900364,0.0094017094017094013,0.58572649572649571,15
7dctqmif,3,1,0.98611456155776978,0.74444444444444446,19,0.49059829059829058,0.0032605131172839508,0.24444444444444444,2.4788732394366195,0.8504273504273504,0.15110584464854776,0.58034188034188039,0.58205128205128209,4
7dsy26e9,2,0,,0.33888888888888891,9,0.21752136752136753,0.00027054398148148147,0.68034188034188037,0.7432432432432432,0.50726495726495724,0.084335306704904869,0.39743589743589741,0.42829059829059829,16
7e704f2e,1,0,,0.33888888888888891,114,0.96837606837606838,0.00091471354166666665,0.46324786324786327,0.51489361702127656,0.27179487179487177,0.1199435040433658,0.5,0.50846153846153841,0
7e709e2d,1,1,0.99160999059677124,0.79658119658119653,5,0.031623931623931623,0.01258546197732553,0.083760683760683755,1.9242424242424243,0.82136752136752134,0.075292039509665523,0.36410256410256409,0.41948717948717951,15
7edd8b4f,3,1,0.99627375602722168,0.88888888888888884,24,0.57606837606837602,0.00014962389063108487,0.78205128205128205,4.1527777777777777,0.91880341880341876,0.059296708887829806,0.30598290598290601,0.69435897435897442,0
7fgahwsf,2,0,,0.33888888888888891,19,0.49059829059829058,0.00070842978395061732,0.50598290598290596,0.72131147540983609,0.48247863247863249,0.042017631560180291,0.22393162393162394,0.40837606837606832,5
7grbiaif,1,0,,0.33888888888888891,18,0.46410256410256412,0.0019425154320987655,0.32735042735042735,0.40476190476190477,0.19401709401709402,0.046336084829218485,0.24102564102564103,0.31307692307692309,6
7hslvk3q,2,0,,0.33888888888888891,47,0.79829059829059834,0.0009032600308641975,0.46581196581196582,0.24489795918367346,0.085470085470085472,0.72907760236429575,0.95128205128205123,0.52794871794871789,10
7isbzje8,1,0,,0.33888888888888891,15,0.40555555555555556,0.00084201388888888889,0.47606837606837604,0.7142857142857143,0.46666666666666667,0.22554307268782453,0.69829059829059825,0.47709401709401716,16
7jwolo4g,6,0,,0.33888888888888891,30,0.6645299145299145,2.8935185185185186e-05,0.95299145299145294,0.67781155015197569,0.4341880341880342,0.10996089687198739,0.46752136752136753,0.57162393162393166,3
7k0ragb5,4,0,,0.33888888888888891,24,0.57606837606837602,0.0019574652777777776,0.32564102564102565,0.33734939759036142,0.14529914529914531,0.27949332587756603,0.76239316239316235,0.42965811965811962,6
7kj92j8k,2,1,0.97588753700256348,0.70683760683760688,8,0.18247863247863247,0.00076340663580246916,0.49230769230769234,1.3725490196078431,0.74700854700854702,0.0157920982953745,0.070940170940170938,0.43991452991452995,4
7l85cwoa,4,0,,0.33888888888888891,84,0.92649572649572653,0.0050496720679012348,0.1752136752136752,0.13079019073569481,0.02735042735042735,0.32429644356943793,0.79829059829059834,0.45324786324786326,4
7mk89tt9,3,0,,0.33888888888888891,21,0.52649572649572651,0.0011670524691358025,0.42478632478632478,0.46052631578947367,0.23076923076923078,0.5371348626013428,0.91196581196581195,0.48658119658119664,14
7n0qwzrs,3,0,,0.33888888888888891,11,0.29059829059829062,0.0001273148148148148,0.80341880341880345,0.52054794520547942,0.28034188034188035,0.84771663737965308,0.98119658119658115,0.53888888888888897,2
7ogfnlwi,3,1,0.99075818061828613,0.78205128205128205,17,0.44188034188034186,0.00094949494949494952,0.4581196581196581,1.1499999999999999,0.72478632478632476,0.079293689859080599,0.37692307692307692,0.55675213675213675,10
7ologesu,1,0,,0.33888888888888891,10,0.25341880341880341,0.0022960069444444443,0.29743589743589743,0.83333333333333337,0.60726495726495722,0.033303242518403761,0.16752136752136751,0.33290598290598294,19
7ql545cz,6,1,0.99787026643753052,0.94871794871794868,19,0.49059829059829058,0.00085919660748403931,0.47350427350427349,4.5909090909090908,0.9341880341880342,0.034085226759672953,0.17435897435897435,0.60427350427350413,10
7rloc0sf,1,0,,0.33888888888888891,6,0.089743589743589744,0.00038628472222222222,0.62136752136752138,0.78333333333333333,0.55598290598290601,0.04898662032644116,0.25555555555555554,0.37230769230769234,9
7sro7l05,2,1,0.99701327085494995,0.90940170940170939,7,0.14017094017094017,0.00043016975308641977,0.60085470085470083,1.8311688311688312,0.80769230769230771,0.18202989429031724,0.64102564102564108,0.61982905982905989,4
7txdm1bs,3,0,,0.33888888888888891,21,0.52649572649572651,4.7260802469135803e-05,0.92478632478632483,0.51020408163265307,0.26752136752136751,0.082287187582151824,0.38717948717948719,0.48897435897435904,8
7v9ztirf,1,0,,0.33888888888888891,36,0.72948717948717945,0.0014274691358024691,0.38632478632478634,0.14285714285714285,0.033333333333333333,0.14759165280437425,0.57435897435897432,0.41247863247863242,6
7vw4tnzi,4,1,0.99140870571136475,0.79316239316239312,15,0.40555555555555556,0.00029947916666666664,0.66495726495726493,2.2826086956521738,0.84017094017094018,0.11237290040549157,0.4777777777777778,0.6363247863247864,10
7wutyllc,1,1,0.97507220506668091,0.70341880341880347,28,0.6333333333333333,0.0026807598039215686,0.27094017094017092,1.4074074074074074,0.75213675213675213,0.1519807242471366,0.58632478632478635,0.58923076923076922,8
7ywnbfed,3,0,,0.33888888888888891,32,0.69358974358974357,0.00030767746913580249,0.65641025641025641,0.16037735849056603,0.045299145299145298,0.12895916804204055,0.53076923076923077,0.45299145299145299,10
7zdbvd3m,1,0,,0.33888888888888891,86,0.92991452991452994,0.028704185956790123,0.033333333333333333,0.56999999999999995,0.31880341880341878,0.16857634157107662,0.61794871794871797,0.44777777777777777,5
800b5eac,1,0,,0.33888888888888891,9,0.21752136752136753,0.0080605158730158739,0.12393162393162394,0.51923076923076927,0.27948717948717949,0.16957794894733438,0.62051282051282053,0.31606837606837612,0
8036b58e,1,1,0.98127537965774536,0.72222222222222221,11,0.29059829059829062,7.4266975308641978e-05,0.88119658119658117,5.7222222222222223,0.95982905982905986,0.05182614017418264,0.26581196581196581,0.62393162393162394,0
80906bf9,1,0,,0.33888888888888891,11,0.29059829059829062,0.00033227237654320985,0.64615384615384619,0.55882352941176472,0.31239316239316239,0.026710949524228179,0.12991452991452992,0.34358974358974359,0
80a7cf7b,6,1,0.99416631460189819,0.84102564102564104,19,0.49059829059829058,4.1887125220458555e-05,0.9358974358974359,6.020833333333333,0.96495726495726497,0.053157065887047106,0.27863247863247864,0.70222222222222219,12
80c1bsgj,1,0,,0.33888888888888891,37,0.7384615384615385,0.00045476466049382714,0.59230769230769231,0.54320987654320985,0.29401709401709403,0.0084109080306908734,0.035042735042735043,0.39974358974358981,0
8108b358,1,0,,0.33888888888888891,87,0.93162393162393164,0.0013151041666666667,0.39914529914529917,0.33587786259541985,0.14358974358974358,0.033354042871801215,0.16837606837606839,0.39632478632478629,14
81d12756,1,0,,0.33888888888888891,6,0.089743589743589744,0.0023292824074074075,0.29316239316239318,0.7142857142857143,0.46666666666666667,0.015501598361440798,0.070085470085470086,0.25170940170940176,0
81fdc526,1,1,0.99743008613586426,0.92564102564102568,9,0.21752136752136753,0.00065247687824654757,0.52564102564102566,7.7599999999999998,0.9803418803418803,0.018445958695774142,0.08461538461538462,0.54675213675213674,9
81sl9avs,1,0,,0.33888888888888891,34,0.7153846153846154,0.0019155092592592592,0.33162393162393161,0.65740740740740744,0.4128205128205128,0.4583878805010323,0.87521367521367521,0.53478632478632471,2
8248698e,1,1,0.99651032686233521,0.89145299145299151,5,0.031623931623931623,0.0044950590503735838,0.19316239316239317,4.9245283018867925,0.94615384615384612,0.13093075563349396,0.53418803418803418,0.51931623931623927,15
82667d52,8,1,0.99659311771392822,0.89487179487179491,13,0.35256410256410259,0.00030474113042920382,0.66068376068376067,8.5600000000000005,0.98547008547008552,0.38572479760949868,0.83675213675213678,0.74606837606837606,7
82df0888,1,1,0.93897920846939087,0.68376068376068377,20,0.5115384615384615,0.0005321344339622641,0.56666666666666665,1.103448275862069,0.71965811965811965,0.56609516266289428,0.92136752136752131,0.68059829059829058,12
835qgtax,1,0,,0.33888888888888891,16,0.4252136752136752,0.0065880594135802467,0.14615384615384616,0.77586206896551724,0.54871794871794877,0.049072578852163151,0.25726495726495724,0.34324786324786327,5
83b7c53c,1,1,0.99473613500595093,0.84957264957264955,12,0.32350427350427352,0.0036534288194444444,0.23418803418803419,3.7073170731707319,0.91111111111111109,0.0026269794812578051,0.0034188034188034188,0.46435897435897439,17
83fko2hp,1,1,0.99310070276260376,0.82051282051282048,11,0.29059829059829062,0.0038736979166666668,0.22051282051282051,3.625,0.90598290598290598,0.0029966428361316586,0.0059829059829059833,0.44871794871794873,10
83qvx5bk,2,0,,0.33888888888888891,64,0.87051282051282053,0.0001779513888888889,0.75470085470085468,0.085106382978723402,0.013675213675213675,0.26306048959714962,0.74358974358974361,0.54427350427350429,6
83y40rzo,2,0,,0.33888888888888891,9,0.21752136752136753,0.00017023533950617285,0.76068376068376065,0.6875,0.44145299145299144,0.4496108475680558,0.86923076923076925,0.52555555555555555,5
843d3bf7,1,1,0.99721550941467285,0.9162393162393162,6,0.089743589743589744,0.0025583526234567899,0.2829059829059829,9.7142857142857135,0.99358974358974361,0.15119873286831975,0.58205128205128209,0.57290598290598294,15
8466eeb2,1,1,0.99421215057373047,0.84358974358974359,47,0.79829059829059834,0.02079692940804052,0.050427350427350429,0.33884297520661155,0.14700854700854701,0.54764726421485277,0.9162393162393162,0.55111111111111111,0
84cgr6m0,1,0,,0.33888888888888891,18,0.46410256410256412,0.00041754785532237948,0.60256410256410253,0.73148148148148151,0.49059829059829058,0.1380757878763158,0.55128205128205132,0.48948717948717951,17
851gcyau,1,0,,0.33888888888888891,30,0.6645299145299145,9.4039351851851852e-05,0.84829059829059827,0.54545454545454541,0.29743589743589743,0.097272523497943242,0.43333333333333335,0.51649572649572639,4
8554c402,2,1,0.98529595136642456,0.73931623931623935,12,0.32350427350427352,0.00039028250037424349,0.61880341880341883,1.5227272727272727,0.76068376068376065,0.040568701688316722,0.21367521367521367,0.53119658119658131,7
85585220,1,0,,0.33888888888888891,8,0.18247863247863247,0.00037109375,0.63076923076923075,0.76363636363636367,0.53717948717948716,0.022923051690190904,0.1111111111111111,0.36008547008547004,15
86a2b59f,3,1,0.99689006805419922,0.90512820512820513,7,0.14017094017094017,3.6436899862825789e-05,0.94358974358974357,16.911764705882351,1,0.034894412243109928,0.18034188034188034,0.63384615384615384,12
86a88668,1,1,0.98083037137985229,0.71965811965811965,7,0.14017094017094017,0.00013406635802469137,0.79572649572649568,0.69883040935672514,0.45042735042735044,0.070256709636967285,0.34615384615384615,0.49042735042735047,4
86d5b29b,1,0,,0.33888888888888891,10,0.25341880341880341,0.009760066606115652,0.10512820512820513,0.61290322580645162,0.36068376068376068,0.15845045667803329,0.59487179487179487,0.3305982905982906,0
86l5tqpe,1,0,,0.33888888888888891,21,0.52649572649572651,0.0030395507812499998,0.25470085470085468,0.71621621621621623,0.47008547008547008,0.029520235495749513,0.14273504273504273,0.34658119658119657,11
86vx5lfe,4,0,,0.33888888888888891,33,0.70683760683760688,0.0085165895061728395,0.1188034188034188,0.26415094339622641,0.094871794871794868,0.55644774161867916,0.91794871794871791,0.43547008547008542,2
8788747f,1,0,,0.33888888888888891,16,0.4252136752136752,0.0021766493055555554,0.30854700854700856,0.76249999999999996,0.53504273504273503,0.12082251230405276,0.50427350427350426,0.42239316239316238,0
89b5mx0s,1,0,,0.33888888888888891,25,0.58974358974358976,0.014430941358024691,0.070940170940170938,0.6376811594202898,0.3888888888888889,0.030145475996086146,0.14786324786324787,0.30726495726495723,1
89fe6899,3,1,0.99846106767654419,0.96068376068376071,40,0.7632478632478632,0.0032099184782608697,0.24700854700854702,4.770833333333333,0.94102564102564101,0.80058405625214168,0.96581196581196582,0.77555555555555566,0
8a48f62a,1,0,,0.33888888888888891,6,0.089743589743589744,0.00077690972222222224,0.48888888888888887,0.82352941176470584,0.59358974358974359,0.21871730323229177,0.68803418803418803,0.43982905982905984,16
8bb9a221,1,0,,0.33888888888888891,23,0.56025641025641026,8.3550347222222218e-05,0.86794871794871797,0.6619718309859155,0.41794871794871796,0.13845734420129024,0.55384615384615388,0.54777777777777781,0
8bex1hz5,1,0,,0.33888888888888891,7,0.14017094017094017,8.487654320987654e-05,0.86410256410256414,0.90000000000000002,0.67136752136752131,0.10763341429212937,0.45897435897435895,0.49470085470085473,17
8euadjai,1,0,,0.33888888888888891,8,0.18247863247863247,0.0053554205246913577,0.16666666666666666,0.73684210526315785,0.49957264957264957,0.058335620232263873,0.30085470085470084,0.2976923076923077,2
8fa50320,3,1,0.99889975786209106,0.97094017094017093,69,0.88504273504273501,0.00011815200617283951,0.81367521367521367,5.882352941176471,0.96324786324786327,0.14339784317827664,0.5675213675213675,0.84008547008547008,0
8hnrmeu3,1,0,,0.33888888888888891,76,0.90598290598290598,0.0053163580246913577,0.16752136752136751,0.050000000000000003,0.0034188034188034188,0.83529780267635412,0.97350427350427349,0.47786324786324785,2
8jfizvdz,1,1,0.99153852462768555,0.79487179487179482,31,0.67905982905982909,0.001064332561728395,0.44017094017094016,1.9736842105263157,0.82649572649572645,0.15994894945681232,0.60085470085470083,0.66829059829059834,4
8joekpqr,1,0,,0.33888888888888891,16,0.4252136752136752,0.00038773148148148147,0.62051282051282053,0.74242424242424243,0.50427350427350426,0.24978711805126705,0.72735042735042732,0.52324786324786321,16
8k2g8yo4,2,0,,0.33888888888888891,53,0.82350427350427347,0.010084876543209876,0.09914529914529914,0.28000000000000003,0.10299145299145299,0.73858333355303751,0.95213675213675208,0.46333333333333326,5
8os4qdkx,1,0,,0.33888888888888891,61,0.85769230769230764,0.0093258101851851852,0.11196581196581197,0.31914893617021278,0.13162393162393163,0.336018845564169,0.80940170940170941,0.4499145299145299,8
8p4phgwd,2,0,,0.33888888888888891,7,0.14017094017094017,3.3275462962962965e-05,0.94786324786324783,0.79807692307692313,0.57008547008547006,0.082655948648704375,0.38974358974358975,0.47735042735042732,3
8rcn91yv,1,0,,0.33888888888888891,14,0.38076923076923075,0.0010368441358024692,0.44529914529914527,0.81818181818181823,0.58846153846153848,0.0091010038150027891,0.036752136752136753,0.35803418803418807,15
8tvotg2q,1,0,,0.33888888888888891,18,0.46410256410256412,0.00065393518518518513,0.52393162393162396,0.59322033898305082,0.34188034188034189,0.18918366623299462,0.65042735042735045,0.46384615384615391,1
8u2tbyaj,1,0,,0.33888888888888891,89,0.93974358974358974,0.030164448302469136,0.029059829059829061,0.30069930069930068,0.11452991452991453,0.90225590579716941,0.9982905982905983,0.48410256410256408,14
8xl2rojx,1,0,,0.33888888888888891,7,0.14017094017094017,0.00038049768518518516,0.62393162393162394,0.86842105263157898,0.64273504273504278,0.020344200596913029,0.094017094017094016,0.36794871794871797,6
8xqb6in8,5,0,,0.33888888888888891,67,0.87948717948717947,6.655092592592593e-05,0.89059829059829054,0.53301886792452835,0.29059829059829062,0.09169091634355761,0.41367521367521365,0.5626495726495726,15
8ypfmpw8,1,0,,0.33888888888888891,25,0.58974358974358976,0.014031153549382716,0.073504273504273507,0.6853932584269663,0.43846153846153846,0.090041161967563677,0.41111111111111109,0.37034188034188037,12
905d8740,3,1,0.99597090482711792,0.87948717948717947,22,0.54230769230769227,0.00011918540564373898,0.81196581196581197,4.9880952380952381,0.94700854700854697,0.039683656949857066,0.21025641025641026,0.67820512820512824,0
9061dac9,1,1,0.99670279026031494,0.90000000000000002,6,0.089743589743589744,0.00032828282828282828,0.64871794871794874,3.7037037037037037,0.90940170940170939,0.011425069452932481,0.048717948717948718,0.51931623931623927,7
91b2f707,2,1,0.9991113543510437,0.97692307692307689,9,0.21752136752136753,0.011618923611111111,0.090598290598290596,4.2999999999999998,0.92307692307692313,0.14228976967977738,0.5658119658119658,0.55478632478632472,12
924f5d88,1,1,0.99506473541259766,0.85299145299145296,31,0.67905982905982909,0.0057824158096390398,0.15555555555555556,4.8125,0.94188034188034186,0.21753820488188971,0.68632478632478633,0.66316239316239312,0
93e22d48,2,1,0.99653011560440063,0.89230769230769236,83,0.92350427350427355,0.0026256497317236754,0.27606837606837609,9.325925925925926,0.99059829059829063,0.059774640008287382,0.30854700854700856,0.67820512820512824,9
94f7c53e,1,1,0.99587821960449219,0.87606837606837606,8,0.18247863247863247,0.00030048076923076925,0.66410256410256407,2.2545454545454544,0.83846153846153848,0.11259868700796694,0.47863247863247865,0.60794871794871796,16
95215aa1,2,0,,0.33888888888888891,34,0.7153846153846154,0.00032310956790123458,0.65427350427350428,0.43396226415094341,0.20940170940170941,0.036829685874872523,0.18974358974358974,0.42153846153846153,15
95hiop0z,1,0,,0.33888888888888891,30,0.6645299145299145,0.01460985725308642,0.070085470085470086,0.6428571428571429,0.39658119658119656,0.034886859188394494,0.17948717948717949,0.32991452991452991,11
95ndszvf,1,0,,0.33888888888888891,79,0.91239316239316237,0.0020047260802469138,0.31965811965811963,0.47468354430379744,0.24188034188034188,0.89874930663089903,0.99658119658119659,0.56188034188034186,18
96on06h2,3,0,,0.33888888888888891,49,0.80854700854700856,0.0006163194444444444,0.53760683760683758,0.4065040650406504,0.19487179487179487,0.25625397167266106,0.73589743589743595,0.5231623931623931,5
97rmpio3,1,1,0.98001313209533691,0.7170940170940171,8,0.18247863247863247,0.0085257523148148141,0.11794871794871795,1.8823529411764706,0.81538461538461537,0.023802591613527452,0.11709401709401709,0.39000000000000001,17
98weslia,2,0,,0.33888888888888891,26,0.60427350427350424,0.0015432098765432098,0.36923076923076925,0.46875,0.23504273504273504,0.035315820485705411,0.18205128205128204,0.34589743589743593,18
999e07cb,2,1,0.9748985767364502,0.70256410256410251,8,0.18247863247863247,0.0002463107638888889,0.70341880341880347,1.8024691358024691,0.8025641025641026,0.072793928582867928,0.35299145299145301,0.54880341880341887,15
99mkjwfy,5,0,,0.33888888888888891,64,0.87051282051282053,0.00014081790123456791,0.79059829059829057,0.59863945578231292,0.34358974358974359,0.055347904177307061,0.28547008547008546,0.52581196581196576,0
99nxo22x,2,1,0.93556636571884155,0.68119658119658122,10,0.25341880341880341,2.6041666666666668e-05,0.95940170940170943,1.4716981132075471,0.75726495726495724,0.08079211673404417,0.38376068376068379,0.60700854700854701,9
9a1146b3,2,0,,0.33888888888888891,63,0.86410256410256414,0.0096981272977941183,0.1076923076923077,0.47393364928909953,0.24102564102564103,0.29554007643565083,0.77435897435897438,0.46521367521367524,9
9agsjvi9,1,0,,0.33888888888888891,15,0.40555555555555556,0.00026379243827160493,0.68846153846153846,0.74285714285714288,0.50555555555555554,0.80025916925177976,0.96495726495726497,0.58068376068376071,18
9aj0g67z,1,0,,0.33888888888888891,20,0.5115384615384615,0.0026909722222222222,0.26923076923076922,0.71621621621621623,0.47008547008547008,0.14872147041956968,0.57777777777777772,0.43350427350427356,3
9ap4lfgx,2,1,0.99775952100753784,0.94102564102564101,22,0.54230769230769227,3.9682539682539683e-05,0.94017094017094016,3.418181818181818,0.89572649572649576,0.045275552238828599,0.23418803418803419,0.71068376068376071,17
9b5f0f47,2,1,0.99555903673171997,0.8700854700854701,14,0.38076923076923075,0.0014705882352941176,0.37692307692307692,5.5789473684210522,0.95811965811965816,0.13302819765895202,0.54102564102564099,0.62538461538461543,16
9bbdl24k,1,1,0.99245524406433105,0.81538461538461537,25,0.58974358974358976,0.00061149691358024694,0.53846153846153844,2.6202531645569622,0.85982905982905988,0.031592919246243606,0.15470085470085471,0.59162393162393156,4
9byaysdp,1,0,,0.33888888888888891,79,0.91239316239316237,0.017379918981481481,0.059829059829059832,0.081395348837209308,0.011111111111111112,0.2359671023073947,0.71367521367521369,0.40717948717948715,2
9c88ae45,1,0,,0.33888888888888891,9,0.21752136752136753,0.0025361689814814817,0.2846153846153846,0.83606557377049184,0.60940170940170946,0.01581656602820845,0.07179487179487179,0.30444444444444446,16
9cjp8r8h,2,1,0.98997604846954346,0.77350427350427353,18,0.46410256410256412,0.0069632523148148145,0.13675213675213677,1.3125,0.73974358974358978,0.61082314617545774,0.9324786324786325,0.60931623931623924,18
9e3s6s3u,1,0,,0.33888888888888891,24,0.57606837606837602,0.0049537037037037041,0.17777777777777778,0.5714285714285714,0.32008547008547006,0.11933489265146521,0.49572649572649574,0.38170940170940171,11
9ee59f51,2,1,0.99775457382202148,0.94017094017094016,10,0.25341880341880341,1.193576388888889e-05,0.98461538461538467,2.7540983606557377,0.87264957264957266,0.059577430617448732,0.30769230769230771,0.67170940170940185,1
9g0v3wxp,1,0,,0.33888888888888891,12,0.32350427350427352,0.0080516975308641981,0.12478632478632479,0.97999999999999998,0.70940170940170943,0.15859279139994811,0.59572649572649572,0.4184615384615385,12
9im7obz8,1,0,,0.33888888888888891,14,0.38076923076923075,0.0060609567901234564,0.15128205128205127,0.72093023255813948,0.47991452991452993,0.19563153170552344,0.66410256410256407,0.402991452991453,11
9kp85suk,1,0,,0.33888888888888891,20,0.5115384615384615,0.0128173828125,0.082051282051282051,0.66666666666666663,0.42264957264957265,0.018927921434903898,0.086324786324786323,0.28829059829059828,10
9lav7dy0,4,1,0.98301035165786743,0.72735042735042732,17,0.44188034188034186,5.6423611111111109e-05,0.90982905982905982,1.0294117647058822,0.71367521367521369,0.081603261411092254,0.38547008547008549,0.63564102564102565,4
9qhx6u5e,1,0,,0.33888888888888891,7,0.14017094017094017,0.0066266396604938273,0.14358974358974358,0.90243902439024393,0.67521367521367526,0.25501636056020249,0.73333333333333328,0.40623931623931619,6
9uy07xcw,1,0,,0.33888888888888891,22,0.54230769230769227,0.0014670138888888888,0.37863247863247862,0.38636363636363635,0.17777777777777778,0.12820747002626465,0.52820512820512822,0.39316239316239321,14
9y93ldk0,7,0,,0.33888888888888891,11,0.29059829059829062,0.0002416087962962963,0.70512820512820518,0.25961538461538464,0.091452991452991447,0.36119847471430477,0.81880341880341878,0.448974358974359,10
9yevc674,2,0,,0.33888888888888891,101,0.95683760683760688,0.00080439814814814816,0.48376068376068376,0.51136363636363635,0.26923076923076922,0.24719920837354481,0.72564102564102562,0.55487179487179494,17
VID_20250810_100938,1,0,,0.33888888888888891,42,0.77521367521367524,0.00012586805555555555,0.8042735042735043,0.125,0.026495726495726495,0.79230389443579718,0.96239316239316242,0.58145299145299145,1
a02ed92c,1,0,,0.33888888888888891,10,0.25341880341880341,0.0023484347442680777,0.29230769230769232,0.72222222222222221,0.48547008547008547,0.27906734410063444,0.76068376068376065,0.42615384615384616,16
a1f4c54d,1,1,0.99439048767089844,0.84615384615384615,5,0.031623931623931623,0.00046322422874341612,0.59059829059829061,6.833333333333333,0.97521367521367519,0.056861532175232599,0.28888888888888886,0.54649572649572653,17
a1fmtf80,2,0,,0.33888888888888891,48,0.80341880341880345,0.0020423418209876542,0.31623931623931623,0.35294117647058826,0.15769230769230769,0.050637952817363274,0.2623931623931624,0.37572649572649575,14
a20baeec,2,1,0.98720967769622803,0.75128205128205128,13,0.35256410256410259,0.00057671106681164675,0.55384615384615388,3.5737704918032787,0.90170940170940173,0.13259358199272553,0.53931623931623929,0.61974358974358978,0
a386eaa2,1,1,0.96529299020767212,0.68974358974358974,6,0.089743589743589744,0.0032488986784140971,0.24529914529914529,5.0166666666666666,0.94786324786324783,0.49959314096130153,0.89743589743589747,0.574017094017094,15
a46b7b77,2,1,0.9910312294960022,0.78632478632478631,23,0.56025641025641026,9.7656250000000005e-05,0.84273504273504274,1.6583333333333334,0.78034188034188035,0.14604124125580201,0.57094017094017091,0.70811965811965805,4
a5905593,2,1,0.99218404293060303,0.80854700854700856,11,0.29059829059829062,0.00047309027777777779,0.58632478632478635,1.3761904761904762,0.74871794871794872,0.15761239717876291,0.59316239316239316,0.60547008547008552,19
a5rqwkmb,1,0,,0.33888888888888891,24,0.57606837606837602,0.083787615740740742,0.0051282051282051282,0.67460317460317465,0.42991452991452994,0.032547723668704849,0.1641025641025641,0.30282051282051287,3
a658e949,1,1,0.98113822937011719,0.72136752136752136,13,0.35256410256410259,0.00059640066964285719,0.5444444444444444,3.3799999999999999,0.89401709401709406,0.47451006219881808,0.88717948717948714,0.67991452991452994,0
a76ee415,1,0,,0.33888888888888891,7,0.14017094017094017,0.005414128707627119,0.16324786324786325,0.79411764705882348,0.56324786324786325,0.046307449704839153,0.24017094017094018,0.28914529914529918,0
a7eb6616,1,0,,0.33888888888888891,14,0.38076923076923075,0.00032662429378531072,0.65042735042735045,0.65853658536585369,0.41367521367521365,0.03393228686684148,0.17264957264957265,0.39128205128205129,0
a7gk2m38,2,0,,0.33888888888888891,38,0.7482905982905983,0.0037278163580246912,0.2299145299145299,0.23684210526315788,0.080341880341880348,0.42383462022443874,0.85897435897435892,0.45128205128205129,3
a8nqsxj4,1,0,,0.33888888888888891,16,0.4252136752136752,0.0010788001543209876,0.43760683760683761,0.65432098765432101,0.40683760683760684,0.26811726097135241,0.74700854700854702,0.47111111111111115,11
a938c6b2,4,1,0.99666988849639893,0.89743589743589747,10,0.25341880341880341,0.0001128239843277229,0.82136752136752134,3.657142857142857,0.90769230769230769,0.037227290092294286,0.19316239316239317,0.61461538461538467,12
a95f0aea,2,1,0.97543764114379883,0.70427350427350432,13,0.35256410256410259,0.00026951058201058202,0.68290598290598292,4.4752475247524757,0.92905982905982909,0.37182176752103835,0.82649572649572645,0.69905982905982911,12
a966d7fd,2,1,0.99180454015731812,0.80170940170940175,28,0.6333333333333333,0.00050925925925925921,0.57521367521367517,7.7121212121212119,0.9786324786324786,0.02970522140962549,0.14358974358974358,0.62649572649572649,15
a97wplik,4,1,0.99671542644500732,0.90085470085470087,88,0.9358974358974359,0.0023234953703703703,0.29487179487179488,0.15555555555555556,0.041025641025641026,0.12400290851729526,0.51880341880341885,0.53829059829059822,16
aa718745,1,0,,0.33888888888888891,6,0.089743589743589744,3.747795414462081e-05,0.94188034188034186,0.36065573770491804,0.16581196581196581,0.038543188161829625,0.20256410256410257,0.3477777777777778,12
aac33bff,1,0,,0.33888888888888891,5,0.031623931623931623,7.0194615912208509e-05,0.88547008547008543,0.35714285714285715,0.16324786324786325,0.11828992306221181,0.49316239316239319,0.38247863247863251,7
aaecaa39,2,0,,0.33888888888888891,45,0.79102564102564099,0.00099392361111111101,0.45299145299145299,0.60869565217391308,0.35512820512820514,0.094970417141057209,0.42478632478632478,0.47256410256410258,0
aatd0ihe,1,0,,0.33888888888888891,33,0.70683760683760688,0.0012923177083333333,0.40341880341880343,0.69158878504672894,0.44615384615384618,0.0017542322999939248,0.0025641025641025641,0.37957264957264958,13
ab2714f3,1,1,0.99215489625930786,0.80598290598290601,7,0.14017094017094017,0.00021657547699214367,0.7188034188034188,5.5714285714285712,0.95726495726495731,0.0050320190443896122,0.013675213675213675,0.52717948717948715,15
abcb7665,1,0,,0.33888888888888891,5,0.031623931623931623,0.0014751503640392529,0.37521367521367521,0.22727272727272727,0.073931623931623933,0.031441927885977716,0.152991452991453,0.19452991452991453,0
abhlzx1b,2,1,0.98604667186737061,0.74358974358974361,5,0.031623931623931623,0.0084547580500089949,0.11965811965811966,1.7727272727272727,0.79914529914529919,0.055509513108443917,0.28632478632478631,0.39606837606837608,17
adf443e1,3,1,0.99171310663223267,0.79829059829059834,21,0.52649572649572651,0.00014628343621399178,0.78547008547008546,9.545454545454545,0.99145299145299148,0.19480094933367806,0.66324786324786322,0.75299145299145298,7
ae470d2b,1,0,,0.33888888888888891,11,0.29059829059829062,0.003898499503968254,0.2188034188034188,0.32000000000000001,0.13247863247863248,0.090458284633091454,0.41196581196581195,0.27854700854700853,0
aef0d049,3,1,0.99336099624633789,0.8273504273504273,10,0.25341880341880341,6.5104166666666671e-06,0.99658119658119659,2.6633663366336635,0.86239316239316244,0.024935542760722393,0.12393162393162394,0.61273504273504265,19
aeq4gg50,11,1,0.99998140335083008,0.99914529914529915,71,0.89230769230769236,4.6296296296296294e-05,0.92735042735042739,0.58666666666666667,0.32991452991452991,0.25394266596055964,0.73247863247863243,0.77623931623931619,2
aesj889h,1,0,,0.33888888888888891,17,0.44188034188034186,0.00020941840277777777,0.72222222222222221,0.47999999999999998,0.24529914529914529,0.025983336989921547,0.12735042735042734,0.37512820512820511,1
ah5t8wcp,13,1,0.99933189153671265,0.98290598290598286,56,0.83632478632478635,0.0045688657407407405,0.19059829059829059,0.60344827586206895,0.3487179487179487,0.66204218203248333,0.94017094017094016,0.65974358974358971,16
aj8v749b,2,0,,0.33888888888888891,88,0.9358974358974359,0.00026041666666666666,0.69316239316239314,0.39285714285714285,0.18290598290598289,0.096479374969100251,0.43076923076923079,0.51632478632478629,0
ajs0hbue,1,0,,0.33888888888888891,7,0.14017094017094017,0.0048953510802469133,0.17948717948717949,0.80681818181818177,0.57777777777777772,0.31389907201317058,0.79230769230769227,0.40572649572649572,9
alfdbu4o,1,0,,0.33888888888888891,17,0.44188034188034186,0.00035927854938271606,0.63504273504273501,0.57352941176470584,0.32222222222222224,0.0060544585390171751,0.021367521367521368,0.35188034188034184,5
aml08r44,1,0,,0.33888888888888891,28,0.6333333333333333,0.0023278356481481483,0.29401709401709403,0.63291139240506333,0.37948717948717947,0.054263311409738654,0.2811965811965812,0.38538461538461533,15
amv2ud0g,5,0,,0.33888888888888891,53,0.82350427350427347,0.00029610339506172837,0.66666666666666663,0.7055961070559611,0.45555555555555555,0.26186900648096634,0.74273504273504276,0.60547008547008541,17
aourmvs1,3,1,0.99654197692871094,0.89401709401709406,22,0.54230769230769227,0.0014631558641975309,0.38034188034188032,2.9508196721311477,0.88290598290598288,0.20433615769412236,0.67094017094017089,0.67410256410256408,4
appng8ek,7,0,,0.33888888888888891,49,0.80854700854700856,0.00034866898148148149,0.64188034188034193,0.67800000000000005,0.43504273504273505,0.31366924778571292,0.79059829059829057,0.60299145299145296,16
atdixk0j,1,0,,0.33888888888888891,7,0.14017094017094017,0.00015625,0.77521367521367524,0.79746835443037978,0.56880341880341878,0.21986144322824025,0.68888888888888888,0.50239316239316234,10
atwg18fz,1,0,,0.33888888888888891,62,0.86111111111111116,0.0017144097222222222,0.34999999999999998,0.40384615384615385,0.19230769230769232,0.13930580895370351,0.55726495726495728,0.45991452991452997,18
ax5w48j9,4,0,,0.33888888888888891,36,0.72948717948717945,0.00071662808641975305,0.50341880341880341,0.50340136054421769,0.2606837606837607,0.78996043139293659,0.96068376068376071,0.55863247863247856,3
aztoshv3,1,0,,0.33888888888888891,6,0.089743589743589744,1.1091820987654321e-05,0.98888888888888893,0.90769230769230769,0.68376068376068377,0.0032911241669713121,0.0068376068376068376,0.42162393162393164,4
b0d09e6a,3,1,0.99468052387237549,0.8487179487179487,10,0.25341880341880341,0.0030039544753086419,0.25641025641025639,3.7058823529411766,0.91025641025641024,0.036082729316851768,0.18461538461538463,0.49068376068376074,15
b0f7e75c,1,1,0.95288372039794922,0.68632478632478633,12,0.32350427350427352,0.00071232183632575076,0.50427350427350426,3.7000000000000002,0.90854700854700854,0.068613135365823905,0.33589743589743587,0.55170940170940175,0
b0ffaf3b,2,1,0.99819755554199219,0.95726495726495731,13,0.35256410256410259,0.00038349917081260363,0.62307692307692308,3.3823529411764706,0.89487179487179491,0.22914358641370386,0.70341880341880347,0.70623931623931635,9
b1sdh8l4,4,0,,0.33888888888888891,22,0.54230769230769227,0.0013700810185185185,0.39316239316239315,0.30769230769230771,0.11965811965811966,0.19101111564246764,0.65470085470085471,0.40974358974358971,6
b1vj9u8n,2,0,,0.33888888888888891,6,0.089743589743589744,2.2786458333333334e-05,0.96495726495726497,0.80000000000000004,0.57307692307692304,0.013215429777922585,0.057264957264957263,0.40478632478632476,11
b30744df,7,1,0.99812895059585571,0.9555555555555556,76,0.90598290598290598,4.6657986111111113e-05,0.92564102564102568,4.8611111111111107,0.94529914529914527,0.12113934220105124,0.50769230769230766,0.84803418803418806,0
b39ike6r,1,0,,0.33888888888888891,26,0.60427350427350424,0.0011586948461253244,0.42564102564102563,0.10344827586206896,0.019658119658119658,0.13992557112820961,0.55982905982905984,0.38965811965811964,9
b3f5d019,1,0,,0.33888888888888891,15,0.40555555555555556,0.0003314512233714752,0.64700854700854704,0.58974358974358976,0.33675213675213678,0.89064981331108573,0.99487179487179489,0.54461538461538461,0
b3whg9cn,1,0,,0.33888888888888891,14,0.38076923076923075,0.010581114969135802,0.096581196581196585,0.82692307692307687,0.59999999999999998,0.13433827393689687,0.54529914529914525,0.39230769230769225,11
b40cvjbt,1,0,,0.33888888888888891,5,0.031623931623931623,0.0008960262345679012,0.46837606837606838,0.62553191489361704,0.37350427350427351,0.0172171118865075,0.076923076923076927,0.25786324786324788,5
b5276b3f,1,0,,0.33888888888888891,41,0.77051282051282055,0.0032026829423358128,0.24786324786324787,0.38805970149253732,0.17863247863247864,0.0073654741776116167,0.029059829059829061,0.31299145299145298,16
b563b04f,3,0,,0.33888888888888891,18,0.46410256410256412,0.0032384535845588237,0.24615384615384617,0.83111111111111113,0.60512820512820509,0.23847589829927787,0.71452991452991454,0.47376068376068375,9
b56be4b1,1,1,0.99605000019073486,0.88119658119658117,28,0.6333333333333333,0.001557632398753894,0.36666666666666664,2.5333333333333332,0.85213675213675211,0.13186743606826729,0.53589743589743588,0.65384615384615385,16
b604f2dd,1,1,0.99177467823028564,0.80000000000000004,5,0.031623931623931623,8.3550347222222218e-05,0.86794871794871797,3.9203539823008851,0.91538461538461535,0.013302998657920746,0.058119658119658121,0.5346153846153846,4
b68rhj9g,1,1,0.95136058330535889,0.68547008547008548,43,0.78076923076923077,0.11414641203703704,0.0025641025641025641,2.1400000000000001,0.83076923076923082,0.18921971011364658,0.6512820512820513,0.59017094017094018,19
b69cfwx2,1,0,,0.33888888888888891,19,0.49059829059829058,0.017743055555555557,0.058974358974358973,0.29411764705882354,0.1111111111111111,0.087839498642083805,0.40683760683760684,0.28128205128205125,11
b7uypu57,1,0,,0.33888888888888891,87,0.93162393162393164,0.00048707561728395063,0.58034188034188039,0.23008849557522124,0.076068376068376062,0.13809451286989399,0.55213675213675217,0.49581196581196585,2
b942ce0a,1,0,,0.33888888888888891,12,0.32350427350427352,0.00010220946416144746,0.83760683760683763,0.71739130434782605,0.47264957264957264,0.037127779363781109,0.19230769230769232,0.43299145299145303,16
ba0e4dd4,1,1,0.99783784151077271,0.94615384615384612,14,0.38076923076923075,0.00083053645492250602,0.48034188034188036,7.0410958904109586,0.97777777777777775,0.032972079949217234,0.16666666666666666,0.59034188034188029,0
ba538072,9,1,0.99705690145492554,0.91111111111111109,10,0.25341880341880341,4.243827160493827e-05,0.93461538461538463,9.7142857142857135,0.99358974358974361,0.046141937364954415,0.23846153846153847,0.6662393162393162,4
barjazzs,2,0,,0.33888888888888891,9,0.21752136752136753,0.00022460937500000001,0.71367521367521369,0.88023952095808389,0.65470085470085471,0.029226712606806638,0.14102564102564102,0.41316239316239312,16
bb8639e1,1,1,0.98612910509109497,0.74529914529914532,19,0.49059829059829058,0.00051215277777777782,0.57264957264957261,3.2714285714285714,0.89059829059829054,0.013690297256971821,0.064102564102564097,0.5526495726495726,15
bbe97d18,3,1,0.99734711647033691,0.92222222222222228,8,0.18247863247863247,7.7954474586841281e-06,0.99145299145299148,5.1944444444444446,0.95213675213675208,0.13882640391826767,0.55555555555555558,0.72076923076923072,9
bbggbe9r,2,0,,0.33888888888888891,13,0.35256410256410259,0.0018209876543209876,0.33931623931623933,0.46969696969696972,0.23589743589743589,0.0287811301269431,0.13931623931623932,0.2811965811965812,19
bc844942,1,1,0.9918663501739502,0.80341880341880345,13,0.35256410256410259,0.0016451831750339213,0.35726495726495727,1.74,0.79145299145299142,0.028830961127574418,0.14017094017094017,0.48897435897435904,7
bcb6e338,1,1,0.99396222829818726,0.83846153846153848,5,0.031623931623931623,0.00020640432098765433,0.72649572649572647,4.6190476190476186,0.93504273504273505,0.017126657812990252,0.076068376068376062,0.52153846153846151,17
bdd5e6b3,1,1,0.98191583156585693,0.72649572649572647,7,0.14017094017094017,0.00010271990740740741,0.83589743589743593,4.7636363636363637,0.94017094017094016,0.011205697389519029,0.047008547008547008,0.53794871794871801,11
bfa42a75,1,0,,0.33888888888888891,6,0.089743589743589744,0.0030985169491525425,0.25128205128205128,0.82857142857142863,0.60256410256410253,0.038696120897345511,0.20598290598290597,0.29769230769230764,0
bg5mb9f0,2,0,,0.33888888888888891,23,0.56025641025641026,0.0094613233024691355,0.11025641025641025,0.60869565217391308,0.35512820512820514,0.26018107468871216,0.74102564102564106,0.4211111111111111,16
bhgb8g74,1,0,,0.33888888888888891,13,0.35256410256410259,0.0041010802469135799,0.21025641025641026,0.79032258064516125,0.56196581196581197,0.037790864177942189,0.19572649572649573,0.33188034188034188,16
bi0x1yv0,5,0,,0.33888888888888891,30,0.6645299145299145,0.0013401813271604938,0.39658119658119656,0.17499999999999999,0.050427350427350429,0.30548584270463836,0.78376068376068375,0.44683760683760687,10
bina7akt,1,0,,0.33888888888888891,25,0.58974358974358976,0.0030020254629629629,0.25726495726495724,0.77931034482758621,0.55128205128205132,0.20149077410774024,0.66666666666666663,0.48076923076923073,11
bltnhjdf,1,0,,0.33888888888888891,87,0.93162393162393164,0.00012345679012345679,0.80769230769230771,0.13861386138613863,0.029059829059829061,0.022270380581827589,0.10854700854700855,0.44316239316239309,8
bryllipv,1,0,,0.33888888888888891,26,0.60427350427350424,0.00078607253086419751,0.48632478632478632,0.34782608695652173,0.15384615384615385,0.049674192799647271,0.25982905982905985,0.36863247863247867,6
bsai0maq,3,0,,0.33888888888888891,24,0.57606837606837602,0.0034133873456790123,0.24102564102564103,0.40404040404040403,0.19316239316239317,0.27467663592585517,0.75384615384615383,0.42059829059829051,14
bsk7omj7,20,1,0.9997856616973877,0.9982905982905983,66,0.87735042735042734,0.0068489583333333336,0.14017094017094017,0.58823529411764708,0.33290598290598289,0.08466239297054344,0.39829059829059826,0.5494017094017094,17
bt1liakw,2,0,,0.33888888888888891,10,0.25341880341880341,6.1728395061728397e-05,0.90085470085470087,0.7432432432432432,0.50726495726495724,0.034746056461192755,0.17863247863247864,0.4358119658119658,5
btjs8cuu,1,0,,0.33888888888888891,11,0.29059829059829062,0.0046865354938271601,0.18717948717948718,0.7142857142857143,0.46666666666666667,0.46982438837457086,0.88205128205128203,0.43307692307692303,14
bts4u1jf,2,0,,0.33888888888888891,37,0.7384615384615385,0.00066792052469135798,0.517948717948718,0.640625,0.39316239316239315,0.15181296383655871,0.58461538461538465,0.5146153846153847,15
bvmdlnk1,1,0,,0.33888888888888891,57,0.84059829059829061,0.00010368441358024692,0.83076923076923082,0.3258426966292135,0.13846153846153847,0.47533985526296946,0.88803418803418799,0.60735042735042732,8
bw8x5hf6,1,0,,0.33888888888888891,91,0.94316239316239314,0.0047468171296296295,0.18376068376068377,0.021505376344086023,0.0008547008547008547,0.75331105865596881,0.95470085470085475,0.48427350427350424,2
bxrhtygu,2,0,,0.33888888888888891,32,0.69358974358974357,0.0073177083333333332,0.13247863247863248,0.30864197530864196,0.12222222222222222,0.42159292796691356,0.85726495726495722,0.42888888888888888,8
by08t752,1,0,,0.33888888888888891,70,0.88846153846153841,0.0068716242283950613,0.13846153846153847,0.078947368421052627,0.0094017094017094013,0.8383100428911231,0.97521367521367519,0.47008547008547008,2
byuenv6o,1,0,,0.33888888888888891,10,0.25341880341880341,0.00060570987654320983,0.54017094017094014,0.7592592592592593,0.52948717948717949,0.051390073725879733,0.26410256410256411,0.38521367521367517,0
c062f4d7,1,1,0.973366379737854,0.69999999999999996,16,0.4252136752136752,0.0023592801841389411,0.29059829059829062,1.9684210526315788,0.82478632478632474,0.060565489957718148,0.31111111111111112,0.51034188034188033,16
c097af8e,13,1,0.98400998115539551,0.73247863247863243,41,0.77051282051282055,0.0030948414522058822,0.25213675213675213,3.1333333333333333,0.88803418803418799,0.5662418460427272,0.92222222222222228,0.71307692307692305,9
c0k0eajg,1,1,0.99755924940109253,0.93076923076923079,8,0.18247863247863247,0.0036159336419753088,0.23504273504273504,2.7558139534883721,0.87350427350427351,0.13289090497874068,0.54017094017094014,0.55239316239316238,3
c2e88575,23,1,0.9960554838180542,0.88205128205128203,52,0.81709401709401708,4.5211226851851849e-05,0.92991452991452994,7.9080000000000004,0.98290598290598286,0.31481441323059972,0.79316239316239312,0.88102564102564107,3
c2lhrrfz,1,0,,0.33888888888888891,8,0.18247863247863247,0.00026150173611111111,0.69145299145299144,0.80392156862745101,0.57606837606837602,0.01492340901025648,0.068376068376068383,0.37145299145299149,11
c2p9kbtr,1,1,0.99243152141571045,0.81282051282051282,6,0.089743589743589744,0.00035349151234567901,0.63846153846153841,1.8999999999999999,0.81880341880341878,0.20725493263812886,0.67521367521367526,0.60700854700854701,0
c357gs27,20,1,0.99909305572509766,0.97606837606837604,70,0.88846153846153841,0.00031925154320987655,0.65555555555555556,0.625,0.37179487179487181,0.2184828002747482,0.68717948717948718,0.71581196581196571,14
c3i3wddf,1,0,,0.33888888888888891,5,0.031623931623931623,0.00032889660493827158,0.64786324786324789,0.14285714285714285,0.033333333333333333,0.10253144216614737,0.44700854700854703,0.29974358974358972,4
c4byyr29,1,0,,0.33888888888888891,9,0.21752136752136753,0.030063657407407407,0.029914529914529916,0.33333333333333331,0.14102564102564102,0.060199711881648389,0.30940170940170941,0.20735042735042736,1
c575434d,1,1,0.98819297552108765,0.75897435897435894,18,0.46410256410256412,0.0015253212396069539,0.37264957264957266,3.2999999999999998,0.89230769230769236,0.0092281462260391418,0.039316239316239315,0.50547008547008543,17
c5z6ao6m,2,0,,0.33888888888888891,16,0.4252136752136752,1.1574074074074073e-05,0.9867521367521368,0.66666666666666663,0.42264957264957265,0.03705932608020774,0.19059829059829059,0.47282051282051274,11
c65d0736,1,1,0.98700779676437378,0.75042735042735043,5,0.031623931623931623,0.00075038580246913585,0.49658119658119659,0.859375,0.63504273504273501,0.029271173899281494,0.14188034188034188,0.41111111111111109,4
c6d7f94b,1,0,,0.33888888888888891,25,0.58974358974358976,0.0010546875000000001,0.44273504273504272,0.30303030303030304,0.11623931623931624,0.09427220686007047,0.42307692307692307,0.38213675213675213,0
c7fe0584,6,0,,0.33888888888888891,22,0.54230769230769227,0.00013201678240740741,0.80000000000000004,0.63636363636363635,0.38675213675213677,0.30323755985724921,0.78034188034188035,0.56965811965811963,3
c7ria50r,2,0,,0.33888888888888891,31,0.67905982905982909,0.00040846836419753085,0.60982905982905988,0.37373737373737376,0.1717948717948718,0.80740799610501168,0.96752136752136753,0.55341880341880345,2
c83aa6a1,1,1,0.97856098413467407,0.71196581196581199,17,0.44188034188034186,0.0044639151726427627,0.19487179487179487,1.6833333333333333,0.7846153846153846,0.11571350231101417,0.48717948717948717,0.52410256410256406,16
c8frbbeq,1,1,0.96896684169769287,0.6957264957264957,10,0.25341880341880341,0.0098823302469135798,0.10341880341880341,0.74358974358974361,0.50982905982905979,0.016699038319330145,0.07521367521367521,0.32752136752136751,17
c9351029,1,1,0.99712789058685303,0.9145299145299145,5,0.031623931623931623,0.00058786651234567905,0.54871794871794877,2.8902439024390243,0.88034188034188032,0.037856200986990628,0.19658119658119658,0.51435897435897437,0
c9f7f69d,1,0,,0.33888888888888891,5,0.031623931623931623,0.030532209559987339,0.02735042735042735,0.22608695652173913,0.07179487179487179,0.17207720080524067,0.62393162393162394,0.21871794871794875,0
cb170015,1,1,0.99543523788452148,0.86752136752136755,10,0.25341880341880341,0.001056985294117647,0.44188034188034186,2.6944444444444446,0.86581196581196584,0.038675429034988495,0.20512820512820512,0.52675213675213683,0
cbnf9yfu,6,1,0.98986077308654785,0.77008547008547013,26,0.60427350427350424,0.00025704089506172839,0.6957264957264957,2.203883495145631,0.83589743589743593,0.4592440806022568,0.87606837606837606,0.75641025641025639,3
cc32235b,6,1,0.99668478965759277,0.89914529914529917,30,0.6645299145299145,2.0392416225749559e-05,0.96923076923076923,1.6031746031746033,0.77179487179487183,0.40689418407906963,0.847008547008547,0.83034188034188028,12
cc41ba05,1,0,,0.33888888888888891,5,0.031623931623931623,0.00049768518518518521,0.57692307692307687,0.92380952380952386,0.69145299145299144,0.020538388345048345,0.095726495726495733,0.34692307692307695,0
ccf14ee0,2,1,0.9949830174446106,0.85128205128205126,19,0.49059829059829058,0.0037207031250000001,0.23076923076923078,7.715686274509804,0.97948717948717945,0.20155670631808986,0.66752136752136748,0.64393162393162384,16
ccp90wle,3,0,,0.33888888888888891,14,0.38076923076923075,5.7870370370370373e-05,0.90854700854700854,0.77337110481586402,0.5461538461538461,0.16814851470093656,0.61709401709401712,0.55829059829059824,5
cdhyb1sm,1,0,,0.33888888888888891,55,0.83162393162393167,0.00052131558641975309,0.57094017094017091,0.68844221105527637,0.44273504273504272,0.0034611448299967412,0.0076923076923076927,0.43837606837606841,5
cdkcp5xi,1,0,,0.33888888888888891,28,0.6333333333333333,0.029266975308641974,0.031623931623931623,0.70161290322580649,0.45213675213675214,0.11797711941690066,0.49230769230769234,0.38965811965811964,5
ce691ee6,1,1,0.99420613050460815,0.84273504273504274,5,0.031623931623931623,0.0025919405320813773,0.27777777777777779,3.9298245614035086,0.9162393162393162,0.093378170338996688,0.41965811965811967,0.49760683760683755,9
ceuol9pe,1,0,,0.33888888888888891,6,0.089743589743589744,0.00059461805555555559,0.54529914529914525,0.83999999999999997,0.61196581196581201,0.031682212359443233,0.15641025641025641,0.34846153846153849,3
cftszh8m,1,1,0.98425161838531494,0.7350427350427351,5,0.031623931623931623,5.5459104938271606e-05,0.91196581196581195,2.75,0.87136752136752138,0.041058711640515756,0.21794871794871795,0.55358974358974355,4
clbhnmq3,1,0,,0.33888888888888891,5,0.031623931623931623,0.0032672646604938274,0.24358974358974358,0.97005988023952094,0.70769230769230773,0.00059723339320537523,0.0008547008547008547,0.26452991452991459,6
cm99t7wb,2,1,0.99624508619308472,0.88717948717948714,23,0.56025641025641026,0.001342526756979268,0.39572649572649571,1.532258064516129,0.76410256410256405,0.43566682541459639,0.86324786324786329,0.69410256410256399,9
cmmzeeko,3,0,,0.33888888888888891,33,0.70683760683760688,0.023925540123456789,0.043589743589743588,0.37414965986394561,0.17264957264957265,0.10116852231757829,0.44017094017094016,0.34042735042735045,2
cpllzhnh,2,1,0.99258697032928467,0.81623931623931623,31,0.67905982905982909,0.00012779706790123457,0.8025641025641026,2.1551724137931036,0.83162393162393167,0.11792236885474734,0.49145299145299143,0.72418803418803424,4
cq3m4de8,1,0,,0.33888888888888891,10,0.25341880341880341,0.0019868827160493827,0.32051282051282054,0.70833333333333337,0.45897435897435895,0.21384579458231148,0.68290598290598292,0.41094017094017088,6
cqgzvw67,2,0,,0.33888888888888891,48,0.80341880341880345,0.0011371527777777777,0.42820512820512818,0.26582278481012656,0.096153846153846159,0.232081271770156,0.70598290598290603,0.47452991452991455,10
csokkzd1,1,0,,0.33888888888888891,35,0.72222222222222221,0.018782793209876542,0.056410256410256411,0.6428571428571429,0.39658119658119656,0.11435934197068343,0.48461538461538461,0.39974358974358976,6
cssul0b3,1,1,0.97025400400161743,0.69658119658119655,102,0.95854700854700858,0.00014770723104056438,0.7846153846153846,7.7652173913043478,0.98119658119658115,0.027247480087637468,0.13076923076923078,0.71034188034188028,17
cszsr84k,1,0,,0.33888888888888891,45,0.79102564102564099,0.0043605324074074076,0.19658119658119658,0.25,0.086752136752136749,0.7672403138530961,0.95982905982905986,0.47461538461538461,3
ctu5ydy8,2,0,,0.33888888888888891,70,0.88846153846153841,0.00010754243827160494,0.82649572649572645,0.2857142857142857,0.10598290598290598,0.16620243611097762,0.61111111111111116,0.5541880341880342,1
cv93mtux,1,0,,0.33888888888888891,5,0.031623931623931623,0.00043740354938271602,0.59999999999999998,0.90769230769230769,0.68376068376068377,0.30495008425572384,0.7829059829059829,0.48743589743589738,6
cvcwg4bh,3,0,,0.33888888888888891,184,0.99145299145299148,0.00026475694444444447,0.68632478632478633,0.21899736147757257,0.069230769230769235,0.065913083018675586,0.3282051282051282,0.48282051282051286,15
cxhkrobf,1,0,,0.33888888888888891,9,0.21752136752136753,0.001814718364197531,0.34017094017094018,0.72131147540983609,0.48247863247863249,0.12021478255553628,0.50256410256410255,0.37632478632478633,17
cxlteppe,1,0,,0.33888888888888891,5,0.031623931623931623,0.056049864969135804,0.011111111111111112,0.90740740740740744,0.68076923076923079,0.023344598165530785,0.11367521367521367,0.23521367521367523,17
cy6jwsdj,1,0,,0.33888888888888891,26,0.60427350427350424,0.00050974151234567898,0.57435897435897432,0.51851851851851849,0.27777777777777779,0.17190512308158151,0.62307692307692308,0.48367521367521366,16
czo7tdq5,1,0,,0.33888888888888891,28,0.6333333333333333,0.0015456211419753087,0.36752136752136755,0.62637362637362637,0.37435897435897436,0.15183517277690617,0.5854700854700855,0.45991452991452997,14
d0722d0f,1,1,0.99431771039962769,0.84529914529914529,7,0.14017094017094017,0.00028979682184631159,0.67094017094017089,1.893939393939394,0.81794871794871793,0.16293524534022746,0.60683760683760679,0.61623931623931627,15
d1d95c61,1,0,,0.33888888888888891,9,0.21752136752136753,9.1145833333333337e-05,0.85213675213675211,0.84057971014492749,0.61324786324786329,0.041149921320912317,0.2188034188034188,0.44811965811965815,0
d1rvvqxj,3,0,,0.33888888888888891,20,0.5115384615384615,0.00074025848765432094,0.4982905982905983,0.43809523809523809,0.21282051282051281,0.2794486559888828,0.7615384615384615,0.46461538461538454,8
d262b7e4,9,1,0.99725055694580078,0.91880341880341876,10,0.25341880341880341,0.00012104552469135802,0.81025641025641026,5.75,0.96068376068376071,0.11027616807419094,0.46923076923076923,0.6824786324786325,19
d37e29a7,7,1,0.99323785305023193,0.82393162393162389,107,0.96282051282051284,0.00035156249999999999,0.63931623931623927,3.1171171171171173,0.88632478632478628,0.82456365619651173,0.97179487179487178,0.85683760683760679,0
d387ccfj,2,0,,0.33888888888888891,5,0.031623931623931623,0.00026041666666666666,0.69316239316239314,0.80000000000000004,0.57307692307692304,0.060712066814194915,0.31196581196581197,0.38974358974358975,5
d46e771b,2,0,,0.33888888888888891,53,0.82350427350427347,7.6973664544286011e-05,0.87692307692307692,0.61956521739130432,0.36623931623931621,0.30925789653535374,0.78632478632478631,0.63837606837606831,16
d48c552d,1,1,0.97364258766174316,0.70085470085470081,20,0.5115384615384615,0.0032021604938271605,0.24871794871794872,2.7183098591549295,0.86752136752136755,0.5242547005423267,0.90683760683760684,0.64709401709401704,9
d5eaeuil,1,0,,0.33888888888888891,13,0.35256410256410259,0.0044304591049382719,0.19572649572649573,0.82352941176470584,0.59358974358974359,0.086349966691199778,0.40170940170940173,0.37649572649572649,2
d7058a0d,1,0,,0.33888888888888891,58,0.84529914529914529,0.0017144097222222222,0.34999999999999998,0.76056338028169013,0.53247863247863247,0.089773603819856496,0.41025641025641024,0.49538461538461531,3
d8scju3l,2,0,,0.33888888888888891,19,0.49059829059829058,0.00070650077160493824,0.50854700854700852,0.65656565656565657,0.41025641025641024,0.33822052624478688,0.81025641025641026,0.51170940170940171,5
d97c9309,1,0,,0.33888888888888891,19,0.49059829059829058,7.5954861111111109e-06,0.99230769230769234,0.84297520661157022,0.61623931623931627,0.19072018880289934,0.65213675213675215,0.61803418803418808,4
da5e4bc5,1,0,,0.33888888888888891,15,0.40555555555555556,0.0014702690972222222,0.37777777777777777,0.4420289855072464,0.2170940170940171,0.29775788163470224,0.77692307692307694,0.42324786324786323,0
dafeb75e,1,0,,0.33888888888888891,5,0.031623931623931623,8.4969788519637462e-05,0.86324786324786329,0.5,0.25811965811965815,0.0072589534023147287,0.02735042735042735,0.30384615384615382,9
dc2c570d,1,0,,0.33888888888888891,25,0.58974358974358976,6.6137566137566142e-05,0.89230769230769236,0.58064516129032262,0.3282051282051282,0.019003696018754592,0.088888888888888892,0.44760683760683773,12
dc4jf8pa,1,0,,0.33888888888888891,64,0.87051282051282053,0.0015678047839506172,0.36581196581196579,0.20212765957446807,0.063247863247863245,0.65851122526739181,0.93931623931623931,0.51555555555555554,8
ddd383cc,1,1,0.99614608287811279,0.88547008547008543,5,0.031623931623931623,0.012099811676082862,0.085470085470085472,2.9074074074074074,0.88205128205128203,0.091845492429284373,0.41538461538461541,0.45999999999999996,15
dde85a9d,1,0,,0.33888888888888891,7,0.14017094017094017,0.00079318576388888885,0.48461538461538461,0.5161290322580645,0.27307692307692305,0.037639528892149832,0.19487179487179487,0.28632478632478631,0
dduhmge2,2,0,,0.33888888888888891,10,0.25341880341880341,2.652391975308642e-05,0.95726495726495731,0.71999999999999997,0.47863247863247865,0.052211497504728893,0.27008547008547007,0.45965811965811965,11
dec1f5rb,2,0,,0.33888888888888891,28,0.6333333333333333,0.006420235339506173,0.14786324786324787,0.36170212765957449,0.16666666666666666,0.51252525586505049,0.90427350427350428,0.43820512820512825,14
deg4avnp,3,0,,0.33888888888888891,145,0.98376068376068371,0.0020594618055555557,0.31452991452991452,0.35882352941176471,0.16495726495726495,0.12205512650944493,0.51111111111111107,0.46264957264957263,9
dfm72atf,1,0,,0.33888888888888891,9,0.21752136752136753,0.00076388888888888893,0.49145299145299143,0.88157894736842102,0.65641025641025641,0.13608452330488519,0.54957264957264962,0.45076923076923076,9
dfninzty,1,0,,0.33888888888888891,5,0.031623931623931623,0.00016010802469135801,0.7696581196581197,0.625,0.37179487179487181,0.10900421361065188,0.46324786324786327,0.39504273504273507,3
dgampbmq,3,0,,0.33888888888888891,29,0.64914529914529917,0.00010561342592592592,0.82820512820512826,0.52873563218390807,0.28589743589743588,0.068933735445392233,0.33760683760683763,0.48794871794871797,0
dhgcw08t,1,0,,0.33888888888888891,95,0.95256410256410251,0.017374614197530863,0.060683760683760683,0.15929203539823009,0.044444444444444446,0.050447054195038921,0.26153846153846155,0.33162393162393161,5
dhs0jgxo,2,1,0.99173694849014282,0.79914529914529919,43,0.78076923076923077,5.3530092592592594e-05,0.91666666666666663,0.49090909090909091,0.25299145299145298,0.10613442714944858,0.45384615384615384,0.64068376068376076,16
dj5rdtah,4,0,,0.33888888888888891,11,0.29059829059829062,0.00023003472222222221,0.71025641025641029,0.58695652173913049,0.33076923076923076,0.09517965744460799,0.42564102564102563,0.41923076923076924,8
dkcfmv1a,1,1,0.99317032098770142,0.82222222222222219,9,0.21752136752136753,0.00030430169753086422,0.66153846153846152,6.333333333333333,0.96837606837606838,0.033632512079491181,0.17094017094017094,0.56811965811965803,17
dn5s83qr,1,1,0.99139320850372314,0.79145299145299142,6,0.089743589743589744,0.00011236496913580248,0.82222222222222219,1.8243243243243243,0.80683760683760686,0.032072426606619069,0.1606837606837607,0.53418803418803418,3
dnfi0g62,2,0,,0.33888888888888891,19,0.49059829059829058,0.00048659336419753087,0.58119658119658124,0.71304347826086956,0.46410256410256412,0.33576970506121206,0.80854700854700856,0.53666666666666674,14
du39lcoi,3,1,0.99506819248199463,0.85384615384615381,21,0.52649572649572651,0.00074893904320987655,0.49743589743589745,1.6808510638297873,0.78376068376068375,0.14716884211427492,0.57350427350427347,0.64700854700854704,6
dukliiqc,1,1,0.9952470064163208,0.86068376068376073,7,0.14017094017094017,2.3148148148148147e-05,0.96410256410256412,1.653061224489796,0.77948717948717949,0.041388735155914097,0.22051282051282051,0.59299145299145306,4
dwohtf0a,1,1,0.98797708749771118,0.75726495726495724,8,0.18247863247863247,0.0042727623456790126,0.20085470085470086,1.875,0.81367521367521367,0.28460632534923225,0.77008547008547013,0.54487179487179493,15
dwzutkgj,1,0,,0.33888888888888891,49,0.80854700854700856,0.0094116512345679016,0.1111111111111111,0.33333333333333331,0.14102564102564102,0.48704363629022895,0.89230769230769236,0.45837606837606837,8
dxcmql4o,4,0,,0.33888888888888891,73,0.89786324786324789,0.00073688271604938267,0.5017094017094017,0.51706036745406825,0.27521367521367524,0.79652069180697138,0.96324786324786327,0.5953846153846154,5
dydonjyb,1,0,,0.33888888888888891,29,0.64914529914529917,0.0036627121913580247,0.23333333333333334,0.70999999999999996,0.46153846153846156,0.013754962923291526,0.064957264957264962,0.34957264957264961,15
dzfqjewm,1,0,,0.33888888888888891,31,0.67905982905982909,0.00059365354938271605,0.5461538461538461,0.66666666666666663,0.42264957264957265,0.0071155378110837652,0.024786324786324785,0.40230769230769231,16
e14d1f96,1,0,,0.33888888888888891,6,0.089743589743589744,0.00067660108024691359,0.51709401709401714,0.76237623762376239,0.53418803418803418,0.015077059063077769,0.069230769230769235,0.30982905982905984,0
e15225j4,2,0,,0.33888888888888891,103,0.95982905982905986,0.0029726080246913582,0.26153846153846155,0.18681318681318682,0.052136752136752139,0.79206604939355274,0.96153846153846156,0.5147863247863248,8
e1c48bdd,2,1,0.99712777137756348,0.91367521367521365,27,0.61880341880341883,8.3912037037037031e-05,0.86581196581196584,5.7530864197530862,0.96153846153846156,0.0083225179698525435,0.034188034188034191,0.67880341880341877,15
e2qxuriu,2,1,0.98991954326629639,0.77179487179487183,56,0.83632478632478635,0.00084249614197530866,0.47521367521367519,0.27868852459016391,0.10170940170940171,0.04680408975858906,0.24273504273504273,0.48555555555555563,15
e3dcd186,2,1,0.98509353399276733,0.73589743589743595,23,0.56025641025641026,0.00020592206790123456,0.72991452991452987,6.7017543859649127,0.97350427350427349,0.079851463628893185,0.37777777777777777,0.67547008547008547,16
e4a72496,1,1,0.98173129558563232,0.72478632478632476,17,0.44188034188034186,0.0040480324074074073,0.21452991452991452,1.8023255813953489,0.80170940170940175,0.084319314650321331,0.39658119658119656,0.51589743589743586,9
e4b6d2a0,1,0,,0.33888888888888891,19,0.49059829059829058,0.00014853395061728396,0.78376068376068375,0.88082901554404147,0.65555555555555556,0.021561293855036433,0.10256410256410256,0.47427350427350429,7
e4b6f2ef,1,1,0.99240964651107788,0.81196581196581197,18,0.46410256410256412,0.0014406095468765768,0.38461538461538464,1.6875,0.78547008547008546,0.12990832356232321,0.53247863247863247,0.59572649572649561,0
e5be4781,2,1,0.99967974424362183,0.99572649572649574,8,0.18247863247863247,7.5976693494299129e-05,0.87863247863247862,1.734375,0.78974358974358971,0.011894547576269373,0.052991452991452991,0.57991452991452985,12
e5e9eb29,2,1,0.98596203327178955,0.74273504273504276,71,0.89230769230769236,1.8446180555555556e-05,0.97435897435897434,0.90082644628099173,0.6726495726495727,0.40764644060215838,0.84957264957264955,0.82632478632478623,4
e5ry3cp2,1,0,,0.33888888888888891,13,0.35256410256410259,0.023447145061728396,0.046153846153846156,0.79032258064516125,0.56196581196581197,0.25638764950404713,0.7367521367521368,0.40726495726495726,2
e638e950,4,1,0.99698001146316528,0.90769230769230769,8,0.18247863247863247,4.5241878531073447e-05,0.92905982905982909,11.066666666666666,0.99743589743589745,0.058135659194631512,0.29914529914529914,0.66316239316239312,7
e681ogmx,2,0,,0.33888888888888891,40,0.7632478632478632,0.00098524305555555561,0.45555555555555555,0.83924843423799578,0.61111111111111116,0.16159179105171737,0.60427350427350424,0.55461538461538473,12
e6gjwl0h,2,0,,0.33888888888888891,12,0.32350427350427352,0.00047791280864197531,0.5854700854700855,0.80952380952380953,0.57863247863247869,0.096168784049608269,0.42905982905982903,0.45111111111111113,5
e79ecd47,2,1,0.99797791242599487,0.95042735042735038,6,0.089743589743589744,0.00040164925001777207,0.61367521367521372,6.2295081967213113,0.96666666666666667,0.074570281436144137,0.36324786324786323,0.59675213675213679,9
e7habwfg,1,0,,0.33888888888888891,126,0.97564102564102562,0.0041124131944444446,0.20940170940170941,0.34031413612565448,0.14871794871794872,0.85705739500481393,0.98632478632478637,0.53179487179487173,13
e7rejjns,1,0,,0.33888888888888891,27,0.61880341880341883,0.00054479528356481479,0.56324786324786325,0.92708333333333337,0.69401709401709399,0.11996294007717413,0.50085470085470085,0.54316239316239323,16
e944mlk3,6,1,0.99866366386413574,0.96495726495726497,93,0.94529914529914527,0.01075954861111111,0.094871794871794868,0.16842105263157894,0.047863247863247867,0.38169235238753252,0.83076923076923082,0.57675213675213677,3
e96b9b04,4,1,0.99418288469314575,0.84188034188034189,45,0.79102564102564099,5.2358906525573191e-05,0.91880341880341876,2.8141592920353982,0.87606837606837606,0.10914630636022062,0.46410256410256412,0.77837606837606832,0
e99bd793,4,1,0.99654155969619751,0.89316239316239321,17,0.44188034188034186,0.00011332947530864197,0.81880341880341878,2.6335403726708075,0.86068376068376073,0.22184714988543935,0.69145299145299144,0.74119658119658127,12
ea65e6b7,1,0,,0.33888888888888891,12,0.32350427350427352,0.00016348379629629628,0.76752136752136757,0.74509803921568629,0.51111111111111107,0.026098024512601872,0.12905982905982907,0.41401709401709408,16
eac1a9e6,1,0,,0.33888888888888891,6,0.089743589743589744,0.00050672743055555551,0.57606837606837602,0.85365853658536583,0.6316239316239316,0.07764123051085986,0.37179487179487181,0.40162393162393162,17
eaff3301,3,1,0.99737876653671265,0.92478632478632483,7,0.14017094017094017,0.00010127314814814815,0.84017094017094018,1.8777777777777778,0.81452991452991452,0.052342359958438653,0.27179487179487177,0.59829059829059827,15
eb93ed20,1,1,0.99287807941436768,0.81880341880341878,8,0.18247863247863247,0.00070167824074074078,0.51196581196581192,1.3125,0.73974358974358978,0.019631480431448228,0.091452991452991447,0.46888888888888891,17
ec27366a,3,1,0.98548972606658936,0.74102564102564106,6,0.089743589743589744,0.0037894454656862745,0.22735042735042735,4.7166666666666668,0.93846153846153846,0.038906016492856792,0.20854700854700856,0.44102564102564107,15
edny03oq,2,0,,0.33888888888888891,14,0.38076923076923075,0.0022916666666666667,0.29829059829059829,0.72164948453608246,0.48461538461538461,0.34539894352874534,0.81367521367521367,0.46324786324786321,14
eec4c008,1,1,0.98303109407424927,0.72820512820512817,21,0.52649572649572651,0.0013127318594885046,0.40000000000000002,0.89230769230769236,0.66709401709401706,0.10182048864903041,0.44188034188034186,0.5527350427350427,16
efk04oqc,3,0,,0.33888888888888891,35,0.72222222222222221,0.00099971064814814822,0.44700854700854703,0.32142857142857145,0.13461538461538461,0.23334521879524037,0.71111111111111114,0.47076923076923077,10
ejor2496,1,0,,0.33888888888888891,6,0.089743589743589744,0.00038917824074074072,0.61965811965811968,0.94696969696969702,0.70170940170940166,0.15267582522573131,0.5871794871794872,0.46743589743589747,6
ek2kew2p,1,0,,0.33888888888888891,75,0.90213675213675215,0.00012490354938271604,0.80512820512820515,0.48275862068965519,0.24700854700854702,0.11395121990965994,0.48376068376068376,0.55538461538461537,1
eken71z2,1,0,,0.33888888888888891,126,0.97564102564102562,0.078406635802469135,0.0085470085470085479,0.12162162162162163,0.023931623931623933,0.65699981524136142,0.93675213675213675,0.45675213675213672,14
ekxyvgl9,3,0,,0.33888888888888891,9,0.21752136752136753,0.0014207175925925926,0.38803418803418804,0.75238095238095237,0.5196581196581197,0.12743031616628453,0.52564102564102566,0.39794871794871794,3
em21z9mn,2,1,0.99743080139160156,0.92649572649572653,36,0.72948717948717945,0.00018952546296296295,0.74102564102564106,1.7083333333333333,0.78717948717948716,0.045354659606876742,0.23504273504273504,0.68384615384615377,4
endmg0a1,1,0,,0.33888888888888891,5,0.031623931623931623,0.0006076388888888889,0.53931623931623929,0.6166666666666667,0.36239316239316238,0.15134724425698232,0.58290598290598294,0.37102564102564106,15
enlil56y,3,0,,0.33888888888888891,38,0.7482905982905983,0.00021219135802469136,0.72136752136752136,0.39516129032258063,0.18461538461538463,0.099861023287521403,0.43675213675213675,0.48598290598290605,3
eogrrm2m,1,0,,0.33888888888888891,64,0.87051282051282053,2.2183641975308641e-05,0.96581196581196582,0.30851063829787234,0.12136752136752137,0.067591117920054566,0.33162393162393161,0.52564102564102577,5
epxoelt8,6,1,0.98850893974304199,0.7615384615384615,262,0.99487179487179489,0.00022569444444444443,0.71282051282051284,0.59785522788203749,0.34273504273504274,0.82746317477988718,0.97264957264957264,0.75692307692307703,5
eq0oe7ux,1,0,,0.33888888888888891,5,0.031623931623931623,0.00013840663580246915,0.79230769230769227,0.86092715231788075,0.63675213675213671,0.2437435851056293,0.72222222222222221,0.50435897435897437,16
esew5ebz,1,0,,0.33888888888888891,84,0.92649572649572653,0.013367573302469135,0.076068376068376062,0.46496815286624205,0.23333333333333334,0.02167578273722591,0.10427350427350428,0.33581196581196582,14
esny8g6w,1,0,,0.33888888888888891,6,0.089743589743589744,0.0037808641975308642,0.2282051282051282,0.89830508474576276,0.66923076923076918,0.18668901878815566,0.64871794871794874,0.39495726495726496,0
et9fou59,11,1,0.99941647052764893,0.98888888888888893,69,0.88504273504273501,0.0046966628086419753,0.18632478632478633,0.30985915492957744,0.12307692307692308,0.10205378563185706,0.44358974358974357,0.52538461538461534,16
euzp36eu,2,0,,0.33888888888888891,39,0.75598290598290596,0.00022087191358024691,0.71452991452991454,0.43564356435643564,0.21111111111111111,0.52440593345700315,0.90769230769230769,0.58564102564102571,2
ew8x2uw7,2,0,,0.33888888888888891,75,0.90213675213675215,0.0042216435185185187,0.20256410256410257,0.31827956989247314,0.12991452991452992,0.16418104875680778,0.60854700854700849,0.43641025641025638,16
eywxjtzh,1,0,,0.33888888888888891,152,0.98717948717948723,0.030656828703703703,0.026495726495726495,0.089820359281437126,0.016239316239316241,0.28910807501077473,0.77179487179487183,0.42811965811965813,17
f0ba8748,1,1,0.99262624979019165,0.81709401709401708,8,0.18247863247863247,0.028596047794117646,0.035042735042735043,2.7118644067796609,0.8666666666666667,0.058889315390903481,0.30256410256410254,0.4407692307692308,9
f1pigade,1,0,,0.33888888888888891,32,0.69358974358974357,0.0003023726851851852,0.66324786324786322,0.52631578947368418,0.28376068376068375,0.028703224828012259,0.13760683760683762,0.42341880341880334,5
f24rbcm7,2,0,,0.33888888888888891,29,0.64914529914529917,0.00023582175925925927,0.70769230769230773,0.39534883720930231,0.18547008547008548,0.44330301070052236,0.8666666666666667,0.54957264957264962,14
f2usscoi,1,0,,0.33888888888888891,27,0.61880341880341883,0.015849247685185187,0.064957264957264962,0.70408163265306123,0.4547008547008547,0.14074943489243105,0.56239316239316239,0.4079487179487179,5
f33d3c15,2,1,0.990886390209198,0.7846153846153846,9,0.21752136752136753,0.00028790509259259259,0.6726495726495727,6.4000000000000004,0.96923076923076923,0.18600474000706141,0.64700854700854704,0.65820512820512822,9
f45d3823,1,1,0.99662381410598755,0.89658119658119662,9,0.21752136752136753,0.00017650462962962962,0.75641025641025639,8.9199999999999999,0.98888888888888893,0.0073081092782643605,0.028205128205128206,0.57752136752136751,7
f4y4902x,1,0,,0.33888888888888891,6,0.089743589743589744,0.014683159722222222,0.068376068376068383,0.89166666666666672,0.66581196581196578,0.26963783775219158,0.74957264957264957,0.38247863247863245,6
f509054f,1,1,0.99521458148956299,0.85982905982905988,15,0.40555555555555556,0.00020630279402209228,0.72820512820512817,2.855855855855856,0.87777777777777777,0.14175202082083957,0.56495726495726495,0.68726495726495729,15
f54tbvr8,1,1,0.99022001028060913,0.77863247863247864,7,0.14017094017094017,0.0019261188271604938,0.32991452991452991,1.8518518518518519,0.81025641025641026,0.23889829309607288,0.7153846153846154,0.55487179487179483,4
f5bdw4ng,2,0,,0.33888888888888891,39,0.75598290598290596,0.00063850308641975309,0.52991452991452992,0.44318181818181818,0.21965811965811965,0.57265281706679483,0.92393162393162398,0.55367521367521366,14
f5d2d8d3,1,1,0.99771595001220703,0.93675213675213675,19,0.49059829059829058,0.0011948853615520282,0.41709401709401711,3.5833333333333335,0.90256410256410258,0.10108496488066583,0.43931623931623931,0.63726495726495735,15
f5tc3jxg,2,0,,0.33888888888888891,176,0.98931623931623935,0.00030574845679012347,0.65982905982905982,0.32537960954446854,0.13675213675213677,0.84276738463885292,0.97606837606837604,0.62017094017094021,5
f6786ab5,1,1,0.9902193546295166,0.77777777777777779,13,0.35256410256410259,0.00056315104166666666,0.55726495726495728,4.3866666666666667,0.92649572649572653,0.071716370852269604,0.35128205128205126,0.59307692307692306,0
f6bfc699,3,1,0.99613058567047119,0.88461538461538458,11,0.29059829059829062,0.00039303626543209875,0.6166666666666667,4.5606060606060606,0.93333333333333335,0.07403377085305575,0.35897435897435898,0.61683760683760691,15
f6de8226,2,1,0.99806571006774902,0.9538461538461539,29,0.64914529914529917,0.00066489361702127658,0.5196581196581197,4.4262295081967213,0.92820512820512824,0.1346137467430514,0.54700854700854706,0.71957264957264955,16
f6f8b4a6,2,1,0.99934166669845581,0.98376068376068371,42,0.77521367521367524,0.00014105902777777776,0.78974358974358971,8,0.98376068376068371,0.030565415608818654,0.14957264957264957,0.73641025641025637,0
f7203226,2,1,0.97725594043731689,0.70940170940170943,20,0.5115384615384615,9.9129801097393695e-05,0.84188034188034189,0.80000000000000004,0.57307692307692304,0.0787527452928488,0.37606837606837606,0.60239316239316243,7
f7375ab3,1,0,,0.33888888888888891,56,0.83632478632478635,0.00093836827757775285,0.46153846153846156,0.1111111111111111,0.022649572649572649,0.40740495200858851,0.8487179487179487,0.5016239316239316,16
f7d36a47,1,0,,0.33888888888888891,10,0.25341880341880341,0.00015287422839506173,0.77735042735042736,0.55072463768115942,0.30213675213675212,0.045017216771224305,0.23333333333333334,0.38102564102564107,19
f7tji6df,1,0,,0.33888888888888891,5,0.031623931623931623,0.043328993055555556,0.017094017094017096,0.90909090909090906,0.68547008547008548,0.038598396329666683,0.20427350427350427,0.25547008547008543,17
f8e5f837,1,1,0.99178397655487061,0.8008547008547009,6,0.089743589743589744,0.024840339781746032,0.039316239316239315,2.4166666666666665,0.8487179487179487,0.074161109952128254,0.36068376068376068,0.42786324786324786,0
f9c20062,2,1,0.99329096078872681,0.82564102564102559,22,0.54230769230769227,6.1610772357723582e-05,0.90170940170940173,5.2199999999999998,0.95299145299145294,0.10458734680044413,0.45128205128205129,0.73478632478632488,12
fabae187,2,1,0.99673491716384888,0.90256410256410258,11,0.29059829059829062,0.001095679012345679,0.43504273504273505,9.768518518518519,0.99487179487179489,0.070827884055758406,0.3487179487179487,0.59435897435897433,16
faby6kx9,1,0,,0.33888888888888891,31,0.67905982905982909,0.00022665895061728394,0.71196581196581199,0.55714285714285716,0.30940170940170941,0.012746408642674154,0.056410256410256411,0.41914529914529908,15
fac3378e,3,1,0.99386352300643921,0.83589743589743593,66,0.87735042735042734,0.0053874092009685232,0.16495726495726495,2.5566666666666666,0.85299145299145296,0.30358873808368098,0.7811965811965812,0.70247863247863251,16
faf7d852,2,1,0.99769949913024902,0.9341880341880342,10,0.25341880341880341,8.8734567901234564e-05,0.85555555555555551,8.8000000000000007,0.98803418803418808,0.08011924913420769,0.38119658119658117,0.6824786324786325,9
famn2us3,1,0,,0.33888888888888891,12,0.32350427350427352,0.0053771219135802465,0.16581196581196581,0.84507042253521125,0.61880341880341883,0.22084163401245133,0.68974358974358974,0.42735042735042744,18
fbfb6e30,6,1,0.99749147891998291,0.92905982905982909,21,0.52649572649572651,0.0001244212962962963,0.80598290598290601,10.6,0.99658119658119659,0.31790445732624745,0.79487179487179482,0.81059829059829058,0
fdb2e432,2,1,0.99767404794692993,0.93333333333333335,24,0.57606837606837602,0.00055664062499999995,0.55982905982905984,6.6388888888888893,0.97179487179487178,0.12520179188488531,0.52051282051282055,0.71230769230769231,15
fe21fd5c,1,1,0.95756328105926514,0.68888888888888888,37,0.7384615384615385,0.0097417840375586852,0.10683760683760683,4.2000000000000002,0.92051282051282046,0.15930598740026788,0.59914529914529913,0.61076923076923084,9
febmmwzw,2,0,,0.33888888888888891,53,0.82350427350427347,0.00058979552469135802,0.54786324786324792,0.29999999999999999,0.11324786324786325,0.88422070724422441,0.99316239316239319,0.56333333333333324,16
fecd10d2,1,1,0.98783278465270996,0.75641025641025639,7,0.14017094017094017,0.0047458526234567897,0.18461538461538463,2.7666666666666666,0.87521367521367521,0.028450329576850765,0.13504273504273503,0.41829059829059834,9
fiec8nko,1,0,,0.33888888888888891,13,0.35256410256410259,0.014346547067901234,0.07179487179487179,0.75,0.51666666666666672,0.4038367514899851,0.84529914529914529,0.42504273504273504,6
fihg1bdo,2,0,,0.33888888888888891,15,0.40555555555555556,0.00077980324074074074,0.48717948717948717,0.62318840579710144,0.36923076923076925,0.49303264521984563,0.89487179487179491,0.49914529914529915,2
fl2c1h0y,2,1,0.99220293760299683,0.80940170940170941,29,0.64914529914529917,0.0063652584876543209,0.14871794871794872,1.109375,0.72222222222222221,0.18027017044801857,0.63675213675213671,0.59324786324786327,4
flg5ike4,1,0,,0.33888888888888891,19,0.49059829059829058,9.5486111111111116e-05,0.84487179487179487,0.77000000000000002,0.54273504273504269,0.066406024663823573,0.32991452991452991,0.50940170940170937,5
flnj4yuc,1,1,0.99083065986633301,0.7829059829059829,7,0.14017094017094017,0.00061921296296296301,0.53675213675213673,1.8444444444444446,0.80940170940170941,0.18039287046533992,0.63760683760683756,0.58136752136752134,8
fmzx1ro9,7,0,,0.33888888888888891,26,0.60427350427350424,6.8479938271604935e-05,0.88888888888888884,0.66382978723404251,0.41965811965811967,0.6310070480787151,0.9341880341880342,0.63717948717948725,12
fom0ccgy,1,0,,0.33888888888888891,109,0.96495726495726497,0.0016126543209876542,0.36068376068376068,0.28363636363636363,0.10512820512820513,0.23944878917315032,0.7170940170940171,0.49735042735042734,3
fsi3n9sa,1,1,0.99710673093795776,0.9128205128205128,25,0.58974358974358976,0.035550733024691361,0.021367521367521368,1.3934426229508197,0.75128205128205128,0.68898295053038283,0.94615384615384612,0.64427350427350427,4
fvuleox7,2,0,,0.33888888888888891,60,0.85299145299145296,0.0070654899691358023,0.13504273504273503,0.31137724550898205,0.12393162393162394,0.12114151642083773,0.50854700854700852,0.39188034188034188,2
g06t0xax,2,0,,0.33888888888888891,165,0.98803418803418808,2.5559413580246914e-05,0.96153846153846156,0.36774193548387096,0.17008547008547009,0.83660587995431246,0.97435897435897434,0.68658119658119665,5
g2uddkam,1,0,,0.33888888888888891,17,0.44188034188034186,0.0016764322916666666,0.35470085470085472,0.55263157894736847,0.30427350427350425,0.050272433699456491,0.2606837606837607,0.34008547008547008,5
g4zcpt2m,1,0,,0.33888888888888891,11,0.29059829059829062,0.00016782407407407406,0.76282051282051277,0.63793103448275867,0.38974358974358975,0.18845474260747294,0.6495726495726496,0.48632478632478626,10
g6ir5t2f,9,1,0.99899441003799438,0.97435897435897434,18,0.46410256410256412,0.0038396990740740739,0.22307692307692309,1.9727272727272727,0.82564102564102559,0.23995679097250758,0.71794871794871795,0.64102564102564108,2
gdef16mu,5,0,,0.33888888888888891,143,0.98290598290598286,4.9785539215686274e-05,0.92136752136752131,0.31302876480541453,0.12478632478632479,0.45184679901394159,0.87179487179487181,0.647948717948718,3
gfvtx21c,2,0,,0.33888888888888891,30,0.6645299145299145,0.00026620370370370372,0.68547008547008548,0.40000000000000002,0.18803418803418803,0.076337305018470775,0.36752136752136755,0.44888888888888889,6
ggmod0c3,1,0,,0.33888888888888891,11,0.29059829059829062,0.00013261959876543209,0.79829059829059834,0.73333333333333328,0.49316239316239319,0.1159931809044286,0.48803418803418802,0.48179487179487179,4
gi6yxol1,1,1,0.96598494052886963,0.69059829059829059,9,0.21752136752136753,0.0011922200520833334,0.41880341880341881,1.6274509803921569,0.77478632478632481,0.16101511772621752,0.60256410256410253,0.54085470085470089,11
gkj4gy4v,1,0,,0.33888888888888891,96,0.95470085470085475,0.0095081018518518527,0.1094017094017094,0.040000000000000001,0.0017094017094017094,0.70915607773969669,0.94871794871794868,0.47068376068376072,3
gm432ls3,1,0,,0.33888888888888891,15,0.40555555555555556,0.00046657986111111113,0.58803418803418805,0.69999999999999996,0.45128205128205129,0.013567284084622939,0.062393162393162394,0.36923076923076925,5
gmch721h,3,0,,0.33888888888888891,18,0.46410256410256412,0.0012278163580246913,0.41196581196581195,0.55303030303030298,0.30512820512820515,0.046441939213178317,0.24188034188034188,0.35239316239316243,6
gnmih6ba,1,0,,0.33888888888888891,12,0.32350427350427352,0.028132233796296296,0.035897435897435895,0.79816513761467889,0.57094017094017091,0.018222536242963303,0.082051282051282051,0.27025641025641023,3
go6pnv02,5,0,,0.33888888888888891,18,0.46410256410256412,0.029660011574074073,0.030769230769230771,0.51724137931034486,0.27606837606837609,0.12020668301329762,0.5017094017094017,0.3223076923076923,2
gosqrxdh,2,0,,0.33888888888888891,48,0.80341880341880345,0.00040268132716049385,0.61282051282051286,0.3392857142857143,0.14786324786324787,0.70228175582060348,0.94786324786324783,0.57017094017094005,3
gqvq4n5t,2,0,,0.33888888888888891,38,0.7482905982905983,0.0068494405864197531,0.13931623931623932,0.30434782608695654,0.11794871794871795,0.50059383229303112,0.89914529914529917,0.44871794871794873,14
gr2jr5mq,1,0,,0.33888888888888891,13,0.35256410256410259,0.0014723186728395061,0.37606837606837606,0.88793103448275867,0.66410256410256407,0.32377594024709494,0.79743589743589749,0.50581196581196575,9
grc82wel,3,0,,0.33888888888888891,31,0.67905982905982909,0.00063802083333333332,0.53076923076923077,0.36274509803921567,0.16794871794871793,0.41256270746908985,0.85299145299145296,0.51393162393162384,14
gsh2x1h3,2,0,,0.33888888888888891,79,0.91239316239316237,1.1574074074074073e-05,0.9867521367521368,0.27559055118110237,0.10000000000000001,0.45989936121190644,0.87692307692307692,0.64299145299145299,4
gsybruwj,1,0,,0.33888888888888891,13,0.35256410256410259,0.00069782021604938274,0.51452991452991448,0.82432432432432434,0.59487179487179487,0.035987832205538035,0.18376068376068377,0.39692307692307688,4
gy34qcdq,1,0,,0.33888888888888891,58,0.84529914529914529,0.028011670524691359,0.036752136752136753,0.18181818181818182,0.05128205128205128,0.065792292616899894,0.32735042735042735,0.31991452991452995,4
gynlnqq1,4,0,,0.33888888888888891,27,0.61880341880341883,0.00011284722222222222,0.82008547008547006,0.88512035010940915,0.66153846153846152,0.075900796489318134,0.36581196581196579,0.56102564102564101,7
gz9huf37,1,0,,0.33888888888888891,40,0.7632478632478632,0.0079142554012345684,0.12735042735042734,0.49411764705882355,0.25384615384615383,0.30711716688395124,0.7846153846153846,0.45358974358974358,17
h0txtc32,1,0,,0.33888888888888891,6,0.089743589743589744,4.8225308641975306e-05,0.92393162393162398,0.58974358974358976,0.33675213675213678,0.12183349699489096,0.51025641025641022,0.43991452991452995,4
h1ftiuhk,1,0,,0.33888888888888891,18,0.46410256410256412,1.8807870370370372e-05,0.97307692307692306,0.76315789473684215,0.53589743589743588,0.01652876663614217,0.073504273504273507,0.47709401709401711,5
h1tjut91,1,0,,0.33888888888888891,10,0.25341880341880341,0.00011863425925925926,0.81282051282051282,0.88888888888888884,0.66495726495726493,0.24920903003853093,0.72649572649572647,0.55931623931623931,3
h5cgy7jf,1,0,,0.33888888888888891,78,0.91025641025641024,0.0077845293209876541,0.12905982905982907,0.52873563218390807,0.28589743589743588,0.19333598001410579,0.65982905982905982,0.46478632478632476,13
h6rqsag9,3,1,0.97942787408828735,0.71452991452991454,5,0.031623931623931623,0.00062307098765432094,0.53376068376068375,2.7205882352941178,0.8683760683760684,0.036379558449138857,0.18547008547008548,0.46675213675213667,10
h7btlkbi,1,0,,0.33888888888888891,63,0.86410256410256414,0.009186439043209876,0.11282051282051282,0.29999999999999999,0.11324786324786325,0.4677582251344638,0.88034188034188032,0.46188034188034194,14
hasdlhvf,1,0,,0.33888888888888891,57,0.84059829059829061,0.0034042245370370372,0.24273504273504273,0.32142857142857145,0.13461538461538461,0.5831048090649813,0.92649572649572653,0.4966666666666667,8
hcujxvqd,4,0,,0.33888888888888891,26,0.60427350427350424,0.00017409336419753086,0.75897435897435894,0.43820224719101125,0.21367521367521367,0.47713938526882355,0.88974358974358969,0.56111111111111112,14
hg1pk891,2,0,,0.33888888888888891,53,0.82350427350427347,7.7642746913580247e-05,0.87606837606837606,0.42056074766355139,0.20341880341880342,0.11183471637710062,0.47606837606837604,0.54358974358974366,5
hgpnic22,1,0,,0.33888888888888891,10,0.25341880341880341,0.0023784722222222224,0.28888888888888886,0.20000000000000001,0.061111111111111109,0.35505499415549557,0.81623931623931623,0.35170940170940168,0
hgpup8kq,1,0,,0.33888888888888891,7,0.14017094017094017,0.00044560185185185187,0.59572649572649572,0.91249999999999998,0.68717948717948718,0.05743557360637154,0.29145299145299147,0.41068376068376067,9
hi1d4128,3,1,0.99887210130691528,0.97008547008547008,12,0.32350427350427352,9.3074845679012343e-05,0.84957264957264955,2.2884615384615383,0.84102564102564104,0.10191150356491475,0.44273504273504272,0.68538461538461548,19
hi45r2a9,8,0,,0.33888888888888891,20,0.5115384615384615,4.3721580972367962e-05,0.93162393162393164,0.54545454545454541,0.29743589743589743,0.14828602007832592,0.57606837606837602,0.53111111111111098,9
hk6xfpt6,7,1,0.995414137840271,0.8666666666666667,33,0.70683760683760688,5.931712962962963e-05,0.90683760683760684,1.5458715596330275,0.76666666666666672,0.14655928160858722,0.57179487179487176,0.76376068376068373,3
hlore8i0,1,0,,0.33888888888888891,63,0.86410256410256414,0.0019724151234567903,0.32136752136752139,0.17105263157894737,0.04957264957264957,0.13310705372134851,0.54188034188034184,0.42316239316239318,6
hlsugcx2,1,1,0.99903535842895508,0.97521367521367519,5,0.031623931623931623,0.0027828282828282827,0.26581196581196581,3.25,0.88974358974358969,0.074156722873068043,0.35982905982905983,0.50444444444444447,10
hm8b1caq,2,0,,0.33888888888888891,27,0.61880341880341883,0.00044704861111111112,0.59401709401709402,0.44578313253012047,0.22307692307692309,0.5902294690896811,0.92820512820512824,0.54059829059829068,10
hmaj8vpu,1,0,,0.33888888888888891,11,0.29059829059829062,0.0017042824074074074,0.35128205128205126,0.86991869918699183,0.64444444444444449,0.11285344850459744,0.48034188034188036,0.4211111111111111,6
hpo05a0c,2,0,,0.33888888888888891,101,0.95683760683760688,0.016343557098765431,0.061538461538461542,0.109375,0.021367521367521368,0.675461093410332,0.94358974358974357,0.46444444444444438,2
hvezqwwt,2,1,0.98527175188064575,0.7384615384615385,8,0.18247863247863247,4.6296296296296294e-05,0.92735042735042739,1.7407407407407407,0.79230769230769227,0.041343347937710329,0.21965811965811965,0.57205128205128208,19
hvib8xhl,1,0,,0.33888888888888891,7,0.14017094017094017,0.0052358217592592595,0.17094017094017094,0.84999999999999998,0.62521367521367521,0.052919852841872395,0.27521367521367524,0.31008547008547005,10
hwwc7m58,1,0,,0.33888888888888891,12,0.32350427350427352,0.0022656249999999998,0.30085470085470084,0.65714285714285714,0.41153846153846152,0.16807130786591179,0.61623931623931627,0.39820512820512821,10
hxaid41o,1,0,,0.33888888888888891,29,0.64914529914529917,0.010785108024691358,0.094017094017094016,0.73394495412844041,0.49487179487179489,0.011240673102654204,0.047863247863247867,0.32495726495726501,5
hy97dn1d,1,0,,0.33888888888888891,6,0.089743589743589744,0.0022063078703703702,0.30598290598290601,0.8833333333333333,0.65897435897435896,0.061395738003322306,0.31452991452991452,0.34162393162393162,6
hymuhio1,2,1,0.99561172723770142,0.87179487179487181,10,0.25341880341880341,0.00051700367647058824,0.57179487179487176,1.3571428571428572,0.74615384615384617,0.0067094902017886676,0.022222222222222223,0.49307692307692308,17
hyn8kbwe,11,1,0.99973368644714355,0.99658119658119659,94,0.94871794871794868,0.0016001157407407407,0.36324786324786323,0.42708333333333331,0.20598290598290597,0.21010148035545173,0.67692307692307696,0.63829059829059831,16
hzkwgfld,2,0,,0.33888888888888891,36,0.72948717948717945,0.00040798611111111114,0.61111111111111116,0.44,0.21495726495726497,0.18061243786421285,0.63846153846153841,0.5065811965811966,1
i0ikg524,5,0,,0.33888888888888891,50,0.81196581196581197,2.170138888888889e-05,0.96752136752136753,0.72112676056338032,0.48119658119658121,0.12166078387455678,0.50940170940170937,0.62179487179487181,3
i3bi3vff,2,0,,0.33888888888888891,43,0.78076923076923077,0.0054451195987654322,0.1606837606837607,0.35051546391752575,0.15641025641025641,0.57327390558528868,0.92478632478632483,0.47230769230769243,14
i52snehv,2,0,,0.33888888888888891,139,0.982051282051282,0.0002700617283950617,0.68162393162393164,0.3881856540084388,0.17948717948717949,0.38295564308603364,0.83247863247863252,0.60290598290598285,1
i87r48vo,1,1,0.98397451639175415,0.73162393162393158,5,0.031623931623931623,0.011016107253086421,0.093162393162393164,1.7692307692307692,0.79786324786324792,0.035425262336271947,0.18290598290598289,0.36743589743589744,9
iaci5bab,2,0,,0.33888888888888891,268,0.99658119658119659,8.8252314814814809e-05,0.85641025641025637,0.2021978021978022,0.064102564102564097,0.14379640428427748,0.56837606837606836,0.56487179487179484,1
ic7cze5x,2,1,0.98831361532211304,0.76068376068376065,37,0.7384615384615385,0.0018504050925925925,0.33760683760683763,1.3855421686746987,0.74957264957264957,0.06561847416119429,0.3264957264957265,0.58256410256410263,4
igtifzkv,3,1,0.99705624580383301,0.91025641025641024,5,0.031623931623931623,0.01208912037037037,0.087179487179487175,3.7118644067796609,0.91196581196581195,0.0072527024205708748,0.026495726495726495,0.39350427350427342,10
iijj01lq,2,0,,0.33888888888888891,27,0.61880341880341883,0.002648051697530864,0.27350427350427353,0.61904761904761907,0.36495726495726494,0.18062031074008286,0.63931623931623927,0.44709401709401708,11
ik2wfqj1,10,1,0.99951964616775513,0.99145299145299148,61,0.85769230769230764,0.0017476851851851852,0.34529914529914529,0.3968253968253968,0.18632478632478633,0.4993731106294742,0.89658119658119662,0.65547008547008556,10
indxj6zk,1,0,,0.33888888888888891,11,0.29059829059829062,0.0002126736111111111,0.72051282051282051,0.53000000000000003,0.28803418803418801,0.033473621327747997,0.16923076923076924,0.36145299145299148,5
inkwjqj7,1,0,,0.33888888888888891,20,0.5115384615384615,0.013259066358024691,0.076923076923076927,0.71951219512195119,0.47692307692307695,0.049426778010047336,0.25811965811965815,0.33247863247863252,12
ip1mn7f8,1,0,,0.33888888888888891,19,0.49059829059829058,0.0002642746913580247,0.68717948717948718,0.64772727272727271,0.39914529914529917,0.22655286588021062,0.69999999999999996,0.5231623931623931,9
iq25nid0,1,0,,0.33888888888888891,54,0.82863247863247869,0.00075424382716049378,0.49487179487179489,0.12345679012345678,0.025213675213675214,0.88898478982747919,0.99401709401709404,0.53632478632478642,9
iqxext8k,2,0,,0.33888888888888891,14,0.38076923076923075,0.00062548225308641978,0.53247863247863247,0.66981132075471694,0.42564102564102563,0.039885329466430794,0.21196581196581196,0.37794871794871793,3
ir8q519z,1,0,,0.33888888888888891,6,0.089743589743589744,0.0002700617283950617,0.68162393162393164,0.56521739130434778,0.3158119658119658,0.021120147121950154,0.10000000000000001,0.30521367521367526,16
is9cesnk,2,1,0.9972350001335144,0.91794871794871791,6,0.089743589743589744,0.00033564814814814812,0.64529914529914534,1.8205128205128205,0.80598290598290601,0.068514633225545712,0.33504273504273502,0.55880341880341888,16
ixvf0apv,1,0,,0.33888888888888891,40,0.7632478632478632,0.0026856674382716049,0.27008547008547007,0.48051948051948051,0.24615384615384617,0.0082388739358041606,0.033333333333333333,0.33034188034188039,2
j10o202t,1,0,,0.33888888888888891,108,0.96410256410256412,0.079854841820987649,0.0068376068376068376,0.076923076923076927,0.0068376068376068376,0.4265246659931009,0.85982905982905988,0.43529914529914537,14
j1vg5ksv,2,0,,0.33888888888888891,194,0.99230769230769234,0.00023485725308641976,0.70854700854700858,0.3408450704225352,0.14957264957264957,0.076774390490265285,0.36923076923076925,0.51170940170940171,3
j338igfx,4,1,0.99893617630004883,0.97264957264957264,77,0.90854700854700854,0.0025945216049382716,0.27692307692307694,0.24390243902439024,0.08461538461538462,0.43815339651966567,0.86495726495726499,0.6215384615384616,2
j4f2a97n,28,0,,0.33888888888888891,833,1,4.0991512345679013e-05,0.93760683760683761,0.34670926517571887,0.152991452991453,0.40967437587902866,0.8504273504273504,0.65598290598290598,4
j5ck2wtw,5,0,,0.33888888888888891,34,0.7153846153846154,3.5204475308641977e-05,0.94529914529914527,0.64885496183206104,0.40085470085470087,0.048423720678561322,0.24957264957264957,0.53000000000000003,3
j6obrhs3,1,0,,0.33888888888888891,9,0.21752136752136753,6.9594109195402298e-05,0.88632478632478628,0.66666666666666663,0.42264957264957265,0.12769547779442944,0.52735042735042736,0.47854700854700855,9
j7i1pg5v,1,0,,0.33888888888888891,12,0.32350427350427352,0.0011525848765432099,0.42649572649572648,0.78082191780821919,0.55213675213675217,0.038738727345348896,0.20683760683760682,0.36957264957264957,12
jgrk0o29,2,1,0.99358469247817993,0.83247863247863252,14,0.38076923076923075,0.00094618055555555558,0.45897435897435895,2.3599999999999999,0.84572649572649572,0.13819630304683928,0.55299145299145303,0.61418803418803414,6
ji42gktw,12,0,,0.33888888888888891,64,0.87051282051282053,3.6381740196078431e-05,0.94444444444444442,0.59194395796847632,0.34102564102564104,0.56721964811579628,0.92307692307692313,0.68358974358974367,3
jjcy06bh,2,0,,0.33888888888888891,37,0.7384615384615385,0.0043132716049382718,0.19743589743589743,0.34343434343434343,0.15042735042735042,0.81632615292005406,0.96923076923076923,0.47888888888888886,4
jo07pdif,2,0,,0.33888888888888891,9,0.21752136752136753,0.0028317901234567902,0.26410256410256411,0.52830188679245282,0.2846153846153846,0.3933940249607864,0.84017094017094018,0.38905982905982911,6
jt2ygstu,1,0,,0.33888888888888891,7,0.14017094017094017,0.00083526234567901235,0.4777777777777778,0.91463414634146345,0.68803418803418803,0.194571412740738,0.66239316239316237,0.4614529914529914,17
jtx41psl,1,0,,0.33888888888888891,6,0.089743589743589744,0.0011077353395061728,0.43162393162393164,0.92592592592592593,0.69316239316239314,0.21177925177570825,0.67863247863247866,0.44641025641025645,9
jvwfdb4c,10,1,0.99946904182434082,0.99059829059829063,90,0.94145299145299144,0.00142554012345679,0.38717948717948719,0.33333333333333331,0.14102564102564102,0.36333470841063542,0.82136752136752134,0.6563247863247863,10
jvx5mxcz,1,0,,0.33888888888888891,42,0.77521367521367524,3.279320987654321e-05,0.94871794871794868,0.10309278350515463,0.018803418803418803,0.18383677758704195,0.64529914529914534,0.54538461538461536,2
jy044tyz,3,0,,0.33888888888888891,28,0.6333333333333333,0.0038126929012345678,0.22478632478632479,0.50877192982456143,0.26581196581196581,0.05787020891354426,0.29743589743589743,0.35205128205128206,8
k0vcz0st,1,0,,0.33888888888888891,5,0.031623931623931623,0.00010706018518518519,0.8273504273504273,0.44104803493449779,0.21623931623931625,0.02858181214372409,0.13589743589743589,0.30999999999999994,1
k369x08x,1,0,,0.33888888888888891,13,0.35256410256410259,0.00011393229166666667,0.81794871794871793,0.34999999999999998,0.15555555555555556,0.016598507374540016,0.074358974358974358,0.34786324786324785,3
k52lrn32,1,0,,0.33888888888888891,6,0.089743589743589744,4.243827160493827e-05,0.93461538461538463,0.9152542372881356,0.68931623931623931,0.061430629238967249,0.31538461538461537,0.47358974358974348,11
k6mwrhcn,1,0,,0.33888888888888891,67,0.87948717948717947,0.00040895061728395062,0.60811965811965807,0.31632653061224492,0.12649572649572649,0.23922437660554544,0.71623931623931625,0.53384615384615386,6
k8w3vjn1,2,0,,0.33888888888888891,23,0.56025641025641026,0.00037760416666666666,0.62606837606837606,0.44262295081967212,0.2188034188034188,0.41383807231610842,0.85384615384615381,0.51957264957264959,14
k91meps2,7,1,0.99725896120071411,0.91965811965811961,17,0.44188034188034186,0.0010710841049382715,0.43931623931623931,1.9146341463414633,0.82051282051282048,0.045887076262277074,0.23675213675213674,0.57162393162393166,2
k9bxt0u7,12,1,0.99773645401000977,0.93846153846153846,49,0.80854700854700856,8.6805555555555559e-05,0.85940170940170946,5.6202531645569618,0.95897435897435901,0.13226671582888994,0.53846153846153844,0.82076923076923092,17
kdd87l6w,2,1,0.99167507886886597,0.79743589743589749,5,0.031623931623931623,1.6878858024691356e-05,0.97905982905982902,1.6399999999999999,0.77777777777777779,0.02463049175099136,0.12222222222222222,0.54162393162393163,4
kfku0fdg,2,0,,0.33888888888888891,40,0.7632478632478632,0.015329378858024691,0.067521367521367517,0.34653465346534651,0.1517094017094017,0.040354773008765901,0.21282051282051281,0.3068376068376068,5
kgb5t4u3,3,0,,0.33888888888888891,25,0.58974358974358976,0.0029923804012345679,0.258974358974359,0.56989247311827962,0.31794871794871793,0.18378735195148846,0.64444444444444449,0.42999999999999999,14
km3lycqv,2,1,0.76476997137069702,0.67777777777777781,8,0.18247863247863247,0.00032310956790123458,0.65427350427350428,1.523076923076923,0.7615384615384615,0.05785161005019511,0.29658119658119658,0.51452991452991448,5
kmg8ysk5,2,0,,0.33888888888888891,33,0.70683760683760688,0.00018036265432098766,0.74871794871794872,0.3902439024390244,0.18205128205128204,0.12364418856311002,0.517948717948718,0.49888888888888888,14
ksl55n8i,1,0,,0.33888888888888891,6,0.089743589743589744,0.00015576774691358024,0.77606837606837609,0.69230769230769229,0.44700854700854703,0.021708619051583188,0.10512820512820513,0.35136752136752142,16
kuyatgrp,5,0,,0.33888888888888891,61,0.85769230769230764,0.00011284722222222222,0.82008547008547006,0.71962616822429903,0.4777777777777778,0.2955742171386313,0.77521367521367524,0.65393162393162396,17
kv53tjsw,1,0,,0.33888888888888891,130,0.97692307692307689,0.0022198109567901233,0.30427350427350425,0.078014184397163122,0.0085470085470085479,0.54332593207039293,0.9145299145299145,0.50863247863247862,14
kwac9t6i,1,0,,0.33888888888888891,19,0.49059829059829058,0.0049701003086419756,0.17692307692307693,0.74712643678160917,0.51196581196581192,0.087158927455518204,0.40598290598290598,0.38487179487179485,14
kwwh43ve,1,1,0.99315673112869263,0.82136752136752134,7,0.14017094017094017,0.00046296296296296298,0.59145299145299146,0.79591836734693877,0.56666666666666665,0.45784866089455539,0.87350427350427351,0.59863247863247859,15
kxy8pcfk,1,0,,0.33888888888888891,19,0.49059829059829058,0.00018036265432098766,0.74871794871794872,0.71212121212121215,0.46282051282051284,0.23258814668621622,0.70769230769230773,0.54974358974358972,16
kz5ukgux,4,1,0.98831140995025635,0.75982905982905979,23,0.56025641025641026,0.00022038966049382717,0.71581196581196582,1.7647058823529411,0.79572649572649568,0.086433780627735157,0.40341880341880343,0.64700854700854693,4
l0ek62ei,2,0,,0.33888888888888891,20,0.5115384615384615,6.4621913580246911e-05,0.89572649572649576,0.30357142857142855,0.11709401709401709,0.11531219389217101,0.48632478632478632,0.46991452991452992,15
l2s1vt3z,1,0,,0.33888888888888891,59,0.84957264957264955,0.00088445216049382719,0.47008547008547008,0.44859813084112149,0.22478632478632479,0.86458332385449921,0.98974358974358978,0.57461538461538464,0
l2x7mrxz,1,0,,0.33888888888888891,20,0.5115384615384615,0.0080936535493827157,0.12307692307692308,0.56521739130434778,0.3158119658119658,0.073213160711029485,0.35470085470085472,0.32880341880341879,5
l3x9425h,1,0,,0.33888888888888891,23,0.56025641025641026,0.00073832947530864197,0.50042735042735043,0.75531914893617025,0.52179487179487183,0.24987709800790225,0.72820512820512817,0.52991452991452992,15
l4a70q85,6,1,0.99778330326080322,0.94188034188034186,131,0.97777777777777775,0.0025843942901234568,0.27948717948717949,0.31764705882352939,0.12820512820512819,0.80140005718872998,0.96666666666666667,0.65880341880341875,5
l55pegqb,1,0,,0.33888888888888891,44,0.78632478632478631,0.0045823688271604936,0.18974358974358974,0.6333333333333333,0.38076923076923075,0.12681354658217736,0.52393162393162396,0.44393162393162394,16
l5locryc,2,1,0.98372602462768555,0.73076923076923073,10,0.25341880341880341,0.043725887345679011,0.016239316239316241,2.2000000000000002,0.83504273504273507,0.020785191068870886,0.097435897435897437,0.38658119658119661,10
l6zdy2cc,1,1,0.99627333879470825,0.88803418803418799,14,0.38076923076923075,0.0016438008130081302,0.35897435897435898,4.8214285714285712,0.94273504273504272,0.048882978587010753,0.25470085470085468,0.56504273504273494,10
l7b35u95,2,0,,0.33888888888888891,18,0.46410256410256412,0.023675250771604938,0.044444444444444446,0.68478260869565222,0.43760683760683761,0.24524062005008734,0.72478632478632476,0.40196581196581194,2
l7k00l6c,1,0,,0.33888888888888891,43,0.78076923076923077,0.00099537037037037042,0.45128205128205129,0.37634408602150538,0.1735042735042735,0.12565776483749022,0.5213675213675214,0.45316239316239315,3
l7ne5cdc,1,0,,0.33888888888888891,11,0.29059829059829062,0.0021414397341353217,0.31025641025641026,0.52173913043478259,0.28205128205128205,0.032417261390815251,0.16324786324786325,0.27700854700854705,9
l7x9zvsk,8,1,0.93629121780395508,0.68290598290598292,95,0.95256410256410251,2.797067901234568e-05,0.9538461538461539,1.1270358306188926,0.72393162393162391,0.16243086087951575,0.60512820512820509,0.78367521367521376,3
la1w5eyj,3,0,,0.33888888888888891,73,0.89786324786324789,0.00029224537037037039,0.66880341880341876,0.58734177215189876,0.33162393162393161,0.15649527750296496,0.59145299145299146,0.5657264957264958,15
lbvmnhiu,3,0,,0.33888888888888891,88,0.9358974358974359,0.00040846836419753085,0.60982905982905988,0.54696132596685088,0.29914529914529914,0.41213836177199903,0.85213675213675211,0.60717948717948711,15
ldkjqdxo,1,0,,0.33888888888888891,7,0.14017094017094017,0.00033709490740740743,0.64444444444444449,0.83333333333333337,0.60726495726495722,0.084253196102057754,0.39572649572649571,0.42529914529914531,3
leu252hn,4,0,,0.33888888888888891,37,0.7384615384615385,2.7006172839506174e-05,0.95598290598290603,0.68877551020408168,0.44444444444444442,0.13411516623983016,0.5444444444444444,0.60444444444444445,3
lfc2jl2f,2,0,,0.33888888888888891,18,0.46410256410256412,0.0016078317901234568,0.36153846153846153,0.61627906976744184,0.36153846153846153,0.16100167197389342,0.60170940170940168,0.42555555555555558,11
lhcjpfjz,1,0,,0.33888888888888891,15,0.40555555555555556,7.2337962962962966e-06,0.99316239316239319,0.71212121212121215,0.46282051282051284,0.0060288772819406455,0.020512820512820513,0.44418803418803421,9
ljgaeiyc,1,1,0.99507647752761841,0.85470085470085466,13,0.35256410256410259,0.047112268518518519,0.01452991452991453,1.8374999999999999,0.80854700854700856,0.11952580350230153,0.49743589743589745,0.50555555555555554,19
ljkfbrl3,2,0,,0.33888888888888891,35,0.72222222222222221,0.0076398533950617284,0.13076923076923078,0.35555555555555557,0.1606837606837607,0.11115004187667984,0.47350427350427349,0.36521367521367526,2
ljyiw2uc,1,0,,0.33888888888888891,14,0.38076923076923075,0.0041673448350694441,0.20683760683760682,0.71666666666666667,0.47179487179487178,0.02743996199161312,0.13247863247863248,0.30615384615384611,1
llnifik4,1,0,,0.33888888888888891,58,0.84529914529914529,0.0015436921296296297,0.3683760683760684,0.26582278481012656,0.096153846153846159,0.04849348416223577,0.25128205128205128,0.38,1
lrrnx1q2,1,0,,0.33888888888888891,22,0.54230769230769227,0.035509801793981478,0.022222222222222223,0.80991735537190079,0.57948717948717954,0.10889807165989392,0.46153846153846156,0.38888888888888895,11
lskh81dd,1,1,0.99644792079925537,0.89059829059829054,5,0.031623931623931623,0.00065569196428571423,0.52307692307692311,3.5897435897435899,0.90341880341880343,0.031936240233639182,0.15726495726495726,0.50119658119658117,10
ltr39cd6,1,0,,0.33888888888888891,75,0.90213675213675215,0.011516203703703704,0.091452991452991447,0.15730337078651685,0.041880341880341877,0.051289817297380802,0.26324786324786326,0.32752136752136751,10
ltzj3wpm,2,0,,0.33888888888888891,14,0.38076923076923075,0.0054769483024691354,0.15897435897435896,0.72151898734177211,0.48376068376068376,0.32182434667395371,0.79658119658119653,0.43179487179487175,14
lutp0n8m,1,0,,0.33888888888888891,7,0.14017094017094017,0.00039560439560439563,0.61452991452991457,0.56756756756756754,0.31709401709401708,0.0036477042486815119,0.0085470085470085479,0.28384615384615386,8
luzfqr88,1,0,,0.33888888888888891,16,0.4252136752136752,0.00062017746913580244,0.53589743589743588,0.75714285714285712,0.52649572649572651,0.0055604178797535962,0.017094017094017096,0.36871794871794866,3
lvlnz494,3,0,,0.33888888888888891,85,0.92863247863247866,8.246527777777778e-05,0.86965811965811968,0.52116402116402116,0.2811965811965812,0.060747504067584113,0.31282051282051282,0.54623931623931621,17
lw6pr7h4,1,0,,0.33888888888888891,29,0.64914529914529917,0.0252758487654321,0.038461538461538464,0.42307692307692307,0.20512820512820512,0.40618494303510794,0.84615384615384615,0.41555555555555557,14
lxgx30qb,2,0,,0.33888888888888891,52,0.81709401709401708,0.0012837577160493827,0.40598290598290598,0.20999999999999999,0.065811965811965814,0.38488333163872096,0.83504273504273507,0.49256410256410249,11
lxidwwy1,1,0,,0.33888888888888891,120,0.97136752136752136,0.0015326003086419753,0.37094017094017095,0.083969465648854963,0.01282051282051282,0.85318769182518817,0.98290598290598286,0.53538461538461535,8
m0n3lxv7,4,0,,0.33888888888888891,14,0.38076923076923075,0.00066599151234567901,0.51880341880341885,0.54400000000000004,0.29487179487179488,0.20580977549852561,0.6726495726495727,0.44119658119658123,2
m0vk576h,1,0,,0.33888888888888891,5,0.031623931623931623,1.1574074074074073e-05,0.9867521367521368,0.79487179487179482,0.56452991452991452,0.013410707681333319,0.058974358974358973,0.39615384615384619,17
m10d91f4,20,1,0.99751865863800049,0.92991452991452994,63,0.86410256410256414,6.3657407407407402e-05,0.89743589743589747,6.6705882352941179,0.97264957264957264,0.10837949578191598,0.45982905982905981,0.82478632478632485,14
m2dpw86v,1,0,,0.33888888888888891,69,0.88504273504273501,0.0011815200617283951,0.42051282051282052,0.29591836734693877,0.11196581196581197,0.54270621568893629,0.9128205128205128,0.53384615384615386,16
m3duvjd8,16,0,,0.33888888888888891,22,0.54230769230769227,3.2310956790123456e-05,0.94957264957264953,0.62479338842975207,0.3700854700854701,0.39729539598757296,0.84273504273504274,0.60871794871794882,12
m98296ym,1,0,,0.33888888888888891,5,0.031623931623931623,1.0609567901234568e-05,0.98974358974358978,0.90740740740740744,0.68076923076923079,0.048747851980581257,0.25299145299145298,0.45880341880341879,7
m9ogq2aw,1,0,,0.33888888888888891,18,0.46410256410256412,0.0057478611607476313,0.15726495726495726,0.37931034482758619,0.17606837606837608,0.013864666868384888,0.065811965811965814,0.24042735042735042,0
m9to226x,2,0,,0.33888888888888891,53,0.82350427350427347,0.0051967592592592595,0.1717948717948718,0.20238095238095238,0.064957264957264962,0.89908805626998523,0.99743589743589745,0.47931623931623929,14
mb2wf06i,2,1,0.97281819581985474,0.69829059829059825,25,0.58974358974358976,0.0012205825617283951,0.41538461538461541,0.76923076923076927,0.54188034188034184,0.078396948486479934,0.37435897435897436,0.52393162393162396,14
mdkrg4tg,1,0,,0.33888888888888891,13,0.35256410256410259,0.0037934027777777779,0.2264957264957265,0.45000000000000001,0.22564102564102564,0.030721289636393829,0.15042735042735042,0.25880341880341878,1
merapj4t,2,0,,0.33888888888888891,27,0.61880341880341883,8.6323302469135804e-05,0.86196581196581201,0.65625,0.40940170940170939,0.47199865886549297,0.88547008547008543,0.62290598290598287,5
mfble881,1,0,,0.33888888888888891,30,0.6645299145299145,0.00044608410493827158,0.59487179487179487,0.6428571428571429,0.39658119658119656,0.31525303633659529,0.79401709401709397,0.55777777777777771,14
mfxnh5ru,2,1,0.99784904718399048,0.94700854700854697,12,0.32350427350427352,0.00090571384803921572,0.46495726495726497,2.347826086956522,0.84444444444444444,0.054777351531348689,0.28376068376068375,0.57273504273504272,16
mjwfbdod,1,0,,0.33888888888888891,6,0.089743589743589744,0.003410011574074074,0.24188034188034188,0.47058823529411764,0.2376068376068376,0.019620702828607631,0.090598290598290596,0.19974358974358977,11
mm4bj76f,1,0,,0.33888888888888891,23,0.56025641025641026,0.012098765432098766,0.086324786324786323,0.6742424242424242,0.42820512820512818,0.25045865053224697,0.72905982905982902,0.42854700854700856,5
mn4s0gi8,26,1,0.99940437078475952,0.98717948717948723,61,0.85769230769230764,0.0017269483024691357,0.347008547008547,0.84126984126984128,0.61452991452991457,0.13439457191558468,0.5461538461538461,0.67051282051282057,3
mnpzb7g9,1,0,,0.33888888888888891,28,0.6333333333333333,0.014302179783950618,0.072649572649572655,0.78125,0.55299145299145303,0.041028500999021146,0.2170940170940171,0.36299145299145302,3
mnrf445t,2,0,,0.33888888888888891,38,0.7482905982905983,0.00429639274691358,0.19829059829059828,0.25274725274725274,0.088034188034188041,0.39168348017607507,0.83931623931623933,0.44256410256410261,14
mqdvl4nz,3,0,,0.33888888888888891,16,0.4252136752136752,0.0001779513888888889,0.75470085470085468,0.93761467889908257,0.69829059829059825,0.22979373643190434,0.70427350427350432,0.58427350427350433,3
mrjjsc78,1,1,0.95414334535598755,0.68717948717948718,37,0.7384615384615385,0.0087606095679012338,0.11538461538461539,1.263157894736842,0.7350427350427351,0.11968766421683801,0.49914529914529915,0.55504273504273505,4
ms668l3a,3,1,0.99540477991104126,0.86495726495726499,8,0.18247863247863247,0.00060564663023679422,0.54102564102564099,1.2439024390243902,0.73418803418803413,0.059166668513722064,0.30512820512820515,0.52555555555555566,6
msfrckgm,2,0,,0.33888888888888891,36,0.72948717948717945,0.0014482060185185186,0.38205128205128203,0.49038461538461536,0.25213675213675213,0.84484263511861335,0.97777777777777775,0.53606837606837598,5
msxdknb7,2,1,0.98567682504653931,0.74188034188034191,10,0.25341880341880341,0.035299961419753084,0.023076923076923078,1.6071428571428572,0.77264957264957268,0.038040221714718055,0.19743589743589743,0.39769230769230768,17
mxqy5j4p,1,0,,0.33888888888888891,57,0.84059829059829061,0.02435522762345679,0.042735042735042736,0.28749999999999998,0.10683760683760683,0.46533011695039234,0.87863247863247862,0.44153846153846155,14
n01sq64g,1,0,,0.33888888888888891,13,0.35256410256410259,0.00087384259259259262,0.47179487179487178,0.6333333333333333,0.38076923076923075,0.19319976338609235,0.65897435897435896,0.44059829059829053,9
n0any3pm,2,0,,0.33888888888888891,15,0.40555555555555556,0.039941165123456787,0.017948717948717947,0.5,0.25811965811965815,0.16766266248747522,0.61367521367521372,0.32683760683760688,14
n0d05tlz,2,1,0.98912793397903442,0.76752136752136757,5,0.031623931623931623,0.0064983603395061731,0.14700854700854701,1.8113207547169812,0.8042735042735043,0.019002837918388547,0.088034188034188041,0.36769230769230765,17
n2tevlr5,1,0,,0.33888888888888891,11,0.29059829059829062,5.6061921296296296e-05,0.91111111111111109,0.875,0.64786324786324789,0.052946484600559944,0.27606837606837609,0.49290598290598286,0
n3opitol,3,0,,0.33888888888888891,16,0.4252136752136752,0.002241994598765432,0.30256410256410254,0.6588235294117647,0.41538461538461541,0.4337315315445136,0.86239316239316244,0.46888888888888891,8
n4rzvx60,1,0,,0.33888888888888891,94,0.94871794871794868,0.0041705246913580248,0.20598290598290597,0.096153846153846159,0.017094017094017096,0.34784830949652706,0.81452991452991452,0.46504273504273497,2
n812b02c,1,1,0.99192535877227783,0.8042735042735043,32,0.69358974358974357,0.00037567515432098764,0.62905982905982905,2.3599999999999999,0.84572649572649572,0.073762115386966906,0.35811965811965812,0.66615384615384621,0
na33k19e,1,0,,0.33888888888888891,6,0.089743589743589744,0.0053027343749999997,0.16837606837606839,0.88,0.652991452991453,0.028756773114059938,0.13846153846153847,0.27769230769230768,15
navoodgp,1,0,,0.33888888888888891,18,0.46410256410256412,0.018940972222222224,0.055555555555555552,0.8125,0.58205128205128209,0.11945724439298301,0.49658119658119659,0.38743589743589746,11
nbuwrvdt,1,0,,0.33888888888888891,6,0.089743589743589744,0.0127734375,0.082905982905982903,0.95121951219512191,0.70512820512820518,0.11884446506730717,0.49487179487179489,0.34230769230769231,6
nf50dpfc,1,0,,0.33888888888888891,11,0.29059829059829062,0.0039607445987654318,0.21794871794871795,0.90196078431372551,0.67393162393162398,0.078193600066309085,0.37264957264957266,0.37880341880341878,1
nhy81vp1,2,0,,0.33888888888888891,64,0.87051282051282053,0.00014274691358024693,0.78888888888888886,0.48923076923076925,0.25042735042735043,0.02426473266875126,0.12136752136752137,0.47401709401709402,1
nl87m8lt,3,0,,0.33888888888888891,18,0.46410256410256412,0.0014457947530864199,0.38290598290598293,0.54736842105263162,0.29999999999999999,0.061280111427483963,0.31367521367521367,0.35991452991452993,14
nsg01vj9,2,0,,0.33888888888888891,20,0.5115384615384615,0.016321373456790123,0.062393162393162394,0.51086956521739135,0.26837606837606837,0.18247610995315261,0.64188034188034193,0.36461538461538467,5
nsorw968,2,1,0.9978325366973877,0.94529914529914527,11,0.29059829059829062,0.0017013888888888888,0.35256410256410259,2.5689655172413794,0.85555555555555551,0.01172123979153016,0.05128205128205128,0.49905982905982904,3
nspjm3hy,1,0,,0.33888888888888891,5,0.031623931623931623,0.00092737268518518516,0.46239316239316242,0.82089552238805974,0.58974358974358976,0.047219424081226646,0.24444444444444444,0.33341880341880342,0
nt2i7fen,2,1,0.99880266189575195,0.96752136752136753,24,0.57606837606837602,0.00059702932098765432,0.54358974358974355,2.3030303030303032,0.84188034188034189,0.080511008287518823,0.38290598290598293,0.66239316239316237,19
ntq95l3m,3,0,,0.33888888888888891,14,0.38076923076923075,2.2125244140624999e-05,0.96666666666666667,0.70796460176991149,0.45726495726495725,0.011513678166499191,0.04957264957264957,0.43863247863247856,5
ntx3bu3p,1,0,,0.33888888888888891,52,0.81709401709401708,0.0011781442901234568,0.42136752136752137,0.69590643274853803,0.44957264957264959,0.22996559620011403,0.70512820512820518,0.54641025641025642,16
nu6y81zw,2,0,,0.33888888888888891,16,0.4252136752136752,0.00040557484567901235,0.61196581196581201,0.26190476190476192,0.093162393162393164,0.59860564175499031,0.92991452991452994,0.47982905982905988,2
nx1tsmoz,2,0,,0.33888888888888891,60,0.85299145299145296,0.00029320987654320987,0.66752136752136748,0.19540229885057472,0.059829059829059832,0.13202636115088145,0.53675213675213673,0.49119658119658122,8
nxzxpfac,2,0,,0.33888888888888891,55,0.83162393162393167,0.00099874614197530869,0.44957264957264959,0.20000000000000001,0.061111111111111109,0.32650650251066071,0.80000000000000004,0.49623931623931627,12
nz14uioy,1,0,,0.33888888888888891,10,0.25341880341880341,1.4467592592592593e-05,0.98290598290598286,0.81481481481481477,0.58461538461538465,0.017288272510802023,0.077777777777777779,0.44752136752136751,15
nzenmdlv,1,0,,0.33888888888888891,5,0.031623931623931623,6.7515432098765436e-06,0.99487179487179489,0.78947368421052633,0.55940170940170941,0.0047798997071253633,0.01282051282051282,0.38752136752136751,16
o05ggmg6,1,0,,0.33888888888888891,26,0.60427350427350424,0.0035807291666666665,0.23675213675213674,0.73469387755102045,0.49658119658119659,0.011943378649801616,0.053846153846153849,0.34606837606837609,13
o24kh44u,2,1,0.99671697616577148,0.90170940170940173,33,0.70683760683760688,0.0011038773148148149,0.43333333333333335,2.3220338983050848,0.84273504273504274,0.11271157663700607,0.4794871794871795,0.67282051282051281,4
o2p3gnhh,1,0,,0.33888888888888891,22,0.54230769230769227,0.00027281746031746032,0.67948717948717952,0.58823529411764708,0.33290598290598289,0.0074428178591305627,0.030769230769230771,0.38487179487179485,11
o5w9z7uf,1,0,,0.33888888888888891,52,0.81709401709401708,0.002445023148148148,0.28803418803418801,0.5089285714285714,0.26666666666666666,0.66494858042845428,0.94102564102564101,0.53034188034188023,16
o7mmybmz,1,0,,0.33888888888888891,7,0.14017094017094017,0.00083333333333333339,0.47863247863247865,0.89230769230769236,0.66709401709401706,0.070731167689197239,0.34786324786324785,0.39452991452991454,11
o94ds8qc,1,0,,0.33888888888888891,10,0.25341880341880341,0.0046723090277777778,0.18803418803418803,0.88181818181818183,0.65726495726495726,0.038872344856545477,0.2076923076923077,0.32905982905982906,4
oa881897,1,0,,0.33888888888888891,24,0.57606837606837602,0.0018315972222222223,0.33846153846153848,0.76000000000000001,0.5311965811965812,0.0067635990906975384,0.023076923076923078,0.36153846153846148,5
oasjdhjb,2,0,,0.33888888888888891,18,0.46410256410256412,0.00020785108024691358,0.72478632478632476,0.55072463768115942,0.30213675213675212,0.26927006148371552,0.74871794871794872,0.51572649572649565,6
obgqwd81,1,0,,0.33888888888888891,38,0.7482905982905983,0.0042033179012345677,0.20427350427350427,0.65454545454545454,0.40769230769230769,0.062582008059506616,0.31794871794871793,0.40341880341880343,1
oc9632tw,2,0,,0.33888888888888891,36,0.72948717948717945,0.00054928626543209878,0.56153846153846154,0.46236559139784944,0.23162393162393163,0.38953555216270147,0.83760683760683763,0.53982905982905982,14
ocw3fc39,2,0,,0.33888888888888891,84,0.92649572649572653,0.0011766975308641976,0.42307692307692307,0.16875000000000001,0.048717948717948718,0.26713939138692194,0.74529914529914532,0.49649572649572649,3
odfbfy6l,1,1,0.91180169582366943,0.67863247863247866,47,0.79829059829059834,0.00015883793680432622,0.77179487179487183,1.5128205128205128,0.75982905982905979,0.40717959834174361,0.84786324786324785,0.7712820512820513,17
oguewgjb,2,0,,0.33888888888888891,14,0.38076923076923075,0.0034153163580246913,0.24017094017094018,0.61682242990654201,0.36324786324786323,0.10928976918174521,0.46495726495726497,0.35760683760683759,3
oiupcf30,4,1,0.99152189493179321,0.79401709401709397,12,0.32350427350427352,0.0027215189873417722,0.26837606837606837,2.5576923076923075,0.85384615384615381,0.14466438706633075,0.56923076923076921,0.56179487179487175,10
ojz47jkz,6,1,0.99940383434295654,0.98632478632478637,13,0.35256410256410259,0.00023726851851851852,0.70598290598290603,2.1139240506329116,0.82991452991452996,0.03639972383493835,0.18632478632478633,0.61222222222222233,4
okk1awq1,1,1,0.98728859424591064,0.75213675213675213,6,0.089743589743589744,9.5486111111111116e-05,0.84487179487179487,1.6111111111111112,0.77350427350427353,0.024173872961407959,0.11965811965811966,0.51598290598290597,16
okyiwhe2,2,0,,0.33888888888888891,57,0.84059829059829061,0.0099387538580246911,0.10170940170940171,0.27272727272727271,0.09914529914529914,0.66700436471529179,0.94188034188034186,0.46444444444444449,16
okyujpk1,1,0,,0.33888888888888891,34,0.7153846153846154,0.0011868248456790124,0.41965811965811967,0.65306122448979587,0.40341880341880343,0.010292354807020886,0.043589743589743588,0.38418803418803421,1
okzrw4ul,1,0,,0.33888888888888891,14,0.38076923076923075,0.00032648533950617285,0.65170940170940173,0.83333333333333337,0.60726495726495722,0.078695083236090771,0.37521367521367521,0.47076923076923077,1
olqepuhs,2,0,,0.33888888888888891,6,0.089743589743589744,0.0003785686728395062,0.62478632478632479,0.82608695652173914,0.59829059829059827,0.10243859495248778,0.44615384615384618,0.41957264957264961,6
om1l22ht,2,0,,0.33888888888888891,30,0.6645299145299145,0.0013845486111111111,0.39145299145299145,0.52941176470588236,0.28717948717948716,0.19253438499520728,0.65726495726495726,0.46786324786324779,8
om9gicaj,2,0,,0.33888888888888891,35,0.72222222222222221,0.0057151813271604937,0.15811965811965811,0.44339622641509435,0.22051282051282051,0.36397905965999278,0.82222222222222219,0.45239316239316241,10
omuyddn2,3,0,,0.33888888888888891,26,0.60427350427350424,0.0017168209876543209,0.3487179487179487,0.48571428571428571,0.24871794871794872,0.32583452107519273,0.79914529914529919,0.4679487179487179,14
oq4xkb08,3,0,,0.33888888888888891,16,0.4252136752136752,0.00010320216049382716,0.83247863247863252,0.81538461538461537,0.5854700854700855,0.069393361092225991,0.33931623931623933,0.50427350427350437,1
or8eklj5,2,0,,0.33888888888888891,22,0.54230769230769227,0.0002869405864197531,0.67435897435897441,0.70833333333333337,0.45897435897435895,0.04392285082892685,0.2299145299145299,0.44888888888888889,9
or8jvjtg,2,0,,0.33888888888888891,32,0.69358974358974357,0.0012244405864197531,0.41452991452991456,0.4943820224719101,0.25470085470085468,0.45806386129768023,0.87435897435897436,0.51521367521367512,8
os8i6e0w,2,1,0.99116772413253784,0.78803418803418801,5,0.031623931623931623,0.049328703703703701,0.01282051282051282,1.7560975609756098,0.7944444444444444,0.062694859863583516,0.31880341880341878,0.38914529914529916,17
ou2f7p0i,2,0,,0.33888888888888891,24,0.57606837606837602,0.0022984182098765432,0.29658119658119658,0.65384615384615385,0.40470085470085471,0.24480665683379008,0.72393162393162391,0.46803418803418806,9
ow0b88et,2,0,,0.33888888888888891,43,0.78076923076923077,0.0004893663194444444,0.57863247863247869,0.47283236994219652,0.23931623931623933,0.27046897843604284,0.75042735042735043,0.5376068376068377,16
ox1p16xi,2,1,0.99622786045074463,0.88632478632478628,11,0.29059829059829062,0.00026234567901234568,0.69059829059829059,1.5507246376811594,0.76752136752136757,0.12088959441829884,0.50598290598290596,0.62820512820512819,4
oz48ssju,5,0,,0.33888888888888891,14,0.38076923076923075,0.0010778356481481481,0.43846153846153846,0.35632183908045978,0.1623931623931624,0.3293621010829581,0.80170940170940175,0.42444444444444446,6
ozz7zjrv,1,1,0.98809558153152466,0.75811965811965809,5,0.031623931623931623,0.15125771604938271,0.0017094017094017094,1.8648648648648649,0.81282051282051282,0.023920212841189958,0.1188034188034188,0.34461538461538466,10
p0bzaolc,4,0,,0.33888888888888891,75,0.90213675213675215,6.2692901234567906e-05,0.89871794871794874,0.41708542713567837,0.20085470085470086,0.48477798283678858,0.89059829059829054,0.6462393162393163,3
p2mdrqk1,3,0,,0.33888888888888891,21,0.52649572649572651,6.4139660493827156e-05,0.89658119658119662,0.61052631578947369,0.35897435897435898,0.12740799101011938,0.52478632478632481,0.52914529914529917,10
p8al6c43,3,0,,0.33888888888888891,8,0.18247863247863247,3.0381944444444444e-05,0.95170940170940166,0.75555555555555554,0.52307692307692311,0.062135934514050098,0.31709401709401708,0.46264957264957263,17
p9goy3m5,2,0,,0.33888888888888891,33,0.70683760683760688,0.00082127700617283951,0.48205128205128206,0.50476190476190474,0.26153846153846155,0.48729861903995147,0.89316239316239321,0.53649572649572652,14
paqd3t4y,1,0,,0.33888888888888891,12,0.32350427350427352,0.00012827932098765431,0.80170940170940175,0.73170731707317072,0.49145299145299143,0.12938514948705007,0.53162393162393162,0.49743589743589745,13
pdkgzcnq,1,1,0.99083876609802246,0.78376068376068375,9,0.21752136752136753,0.0013763503086419754,0.3923076923076923,1.8200000000000001,0.80512820512820515,0.032301084073209571,0.1623931623931624,0.47222222222222221,11
peny1kdb,5,0,,0.33888888888888891,41,0.77051282051282055,0.0004803240740740741,0.58461538461538465,0.74102564102564106,0.5017094017094017,0.23572971702560078,0.71282051282051284,0.58170940170940177,3
phrlikaf,1,0,,0.33888888888888891,107,0.96282051282051284,0.030517939814814814,0.028205128205128206,0.085470085470085472,0.01452991452991453,0.42983998759823733,0.86068376068376073,0.44102564102564107,8
piuqj5wt,2,0,,0.33888888888888891,70,0.88846153846153841,0.0087919560185185184,0.11452991452991453,0.080000000000000002,0.010256410256410256,0.23384907815069267,0.71196581196581199,0.41282051282051285,6
pkxlarz2,1,0,,0.33888888888888891,88,0.9358974358974359,0.084127604166666661,0.0042735042735042739,0.10204081632653061,0.017948717948717947,0.60155755409737266,0.93076923076923079,0.44555555555555559,2
pl1t7w03,2,0,,0.33888888888888891,19,0.49059829059829058,0.00018012152777777777,0.75042735042735043,0.73611111111111116,0.49786324786324787,0.075462061563929525,0.36495726495726494,0.4885470085470085,13
pl3nvrt3,2,0,,0.33888888888888891,30,0.6645299145299145,0.0040731095679012348,0.21196581196581196,0.45882352941176469,0.2299145299145299,0.24169196142405777,0.71965811965811965,0.43299145299145297,14
pne9qu86,1,0,,0.33888888888888891,13,0.35256410256410259,0.020208333333333332,0.052136752136752139,0.72727272727272729,0.4876068376068376,0.048569754004559013,0.25213675213675213,0.29666666666666669,2
ponb8hrz,2,0,,0.33888888888888891,13,0.35256410256410259,0.0072887731481481484,0.13333333333333333,0.72413793103448276,0.48632478632478632,0.15991789093928224,0.59999999999999998,0.38222222222222219,16
pp6xneq2,5,0,,0.33888888888888891,49,0.80854700854700856,0.00015817901234567902,0.77393162393162396,0.82481751824817517,0.59658119658119657,0.3792326490006353,0.82905982905982911,0.6694017094017094,7
pq6uabeq,1,1,0.98772311210632324,0.75555555555555554,6,0.089743589743589744,0.006618923611111111,0.14444444444444443,1.4235294117647059,0.75384615384615383,0.10238731520200446,0.44529914529914527,0.43777777777777782,3
pr0wn6h6,1,0,,0.33888888888888891,8,0.18247863247863247,0.0075139853395061731,0.13162393162393163,0.8666666666666667,0.64059829059829054,0.032032923478216513,0.15982905982905982,0.29068376068376062,6
pr33uloc,1,0,,0.33888888888888891,30,0.6645299145299145,0.00036410108024691358,0.63290598290598288,0.66666666666666663,0.42264957264957265,0.013460344515580071,0.060683760683760683,0.42393162393162387,15
ptuktd2e,1,0,,0.33888888888888891,23,0.56025641025641026,0.00064163208007812496,0.52735042735042736,0.5,0.25811965811965815,0.013437581096051629,0.059829059829059832,0.34888888888888892,8
pz9rf3kp,2,0,,0.33888888888888891,45,0.79102564102564099,0.0021465084876543211,0.30940170940170941,0.32098765432098764,0.13333333333333333,0.38535360623435183,0.83589743589743593,0.48170940170940169,14
q2dee44h,1,0,,0.33888888888888891,56,0.83632478632478635,0.0010517939814814815,0.44358974358974357,0.37777777777777777,0.17435897435897435,0.31105149934629206,0.78888888888888886,0.5164102564102564,14
q7d8mrg3,2,0,,0.33888888888888891,14,0.38076923076923075,0.00017843364197530864,0.75256410256410255,0.86772486772486768,0.64188034188034193,0.082907898907232283,0.3923076923076923,0.50128205128205128,3
q7iwrayb,2,0,,0.33888888888888891,20,0.5115384615384615,0.0020910493827160496,0.31282051282051282,0.76635514018691586,0.54102564102564099,0.021651366473952452,0.10341880341880341,0.36153846153846148,1
qa0uz3a7,1,0,,0.33888888888888891,40,0.7632478632478632,0.0011448688271604938,0.42735042735042733,0.63025210084033612,0.37863247863247862,0.61949319415730575,0.93333333333333335,0.56829059829059836,3
qa91hkcn,1,0,,0.33888888888888891,24,0.57606837606837602,6.0763888888888887e-05,0.90256410256410258,0.75,0.51666666666666672,0.040936304465840401,0.21623931623931625,0.51008547008547012,4
qawrozw8,1,0,,0.33888888888888891,83,0.92350427350427355,0.0054364390432098762,0.1623931623931624,0.32520325203252032,0.13589743589743589,0.044106255892093153,0.23076923076923078,0.35829059829059828,3
qc9cac32,1,0,,0.33888888888888891,43,0.78076923076923077,0.0020529513888888889,0.31538461538461537,0.59130434782608698,0.34017094017094018,0.11627931915918141,0.48974358974358972,0.45299145299145299,1
qcyzntli,3,0,,0.33888888888888891,18,0.46410256410256412,0.003978105709876543,0.21623931623931625,0.55208333333333337,0.3034188034188034,0.098734414490003919,0.43504273504273505,0.35153846153846152,10
qdfcwypm,1,0,,0.33888888888888891,5,0.031623931623931623,0.00011429398148148148,0.81709401709401708,0.91803278688524592,0.69059829059829059,0.019732820590274248,0.092307692307692313,0.39410256410256411,16
qfhnj1nf,1,0,,0.33888888888888891,8,0.18247863247863247,0.022677469135802469,0.047008547008547008,0.90756302521008403,0.68205128205128207,0.10713994489928858,0.45726495726495725,0.34153846153846151,6
qgnewvrp,2,0,,0.33888888888888891,39,0.75598290598290596,0.0013667052469135803,0.39401709401709401,0.19101123595505617,0.057264957264957263,0.26907929080654314,0.74786324786324787,0.45880341880341879,2
qhykjzwc,2,1,0.99218356609344482,0.80769230769230771,7,0.14017094017094017,0.00014949845679012346,0.7829059829059829,0.43636363636363634,0.21196581196581196,0.12104184539021849,0.50683760683760681,0.48991452991452994,4
qittyp0l,2,1,0.99393278360366821,0.83760683760683763,6,0.089743589743589744,9.0181327160493828e-05,0.85384615384615381,1,0.71282051282051284,0.062113869083790497,0.31623931623931623,0.56205128205128196,4
qjeopm3q,1,0,,0.33888888888888891,15,0.40555555555555556,5.4494598765432097e-05,0.9145299145299145,0.72727272727272729,0.4876068376068376,0.22191281150344738,0.69230769230769229,0.56777777777777771,6
qjrm0hmj,3,1,0.99140024185180664,0.79230769230769227,32,0.69358974358974357,5.4012345679012349e-05,0.91538461538461535,0.94736842105263153,0.7038461538461539,0.13562427560542331,0.54871794871794877,0.73076923076923084,9
ql6bf189,2,1,0.99131554365158081,0.78974358974358971,16,0.4252136752136752,0.00011477623456790124,0.81623931623931623,1.3043478260869565,0.7384615384615385,0.031590362784303723,0.15384615384615385,0.58470085470085464,19
qmn6zqgq,2,0,,0.33888888888888891,47,0.79829059829059834,0.0014409722222222222,0.38376068376068379,0.44554455445544555,0.22222222222222221,0.71749874633465838,0.95042735042735038,0.53871794871794876,10
qrlz4xpk,2,0,,0.33888888888888891,39,0.75598290598290596,0.00080488040123456793,0.48290598290598291,0.61739130434782608,0.36410256410256409,0.13939586393745976,0.55897435897435899,0.50017094017094021,4
qset7zfv,1,0,,0.33888888888888891,62,0.86111111111111116,0.0025733024691358027,0.2811965811965812,0.34862385321100919,0.15470085470085471,0.63594707718906662,0.93504273504273505,0.51418803418803416,14
qt1bf7hj,1,1,0.99011528491973877,0.77435897435897438,10,0.25341880341880341,0.00013744212962962964,0.79401709401709397,1.411764705882353,0.75299145299145298,0.08533642222543121,0.40000000000000002,0.59495726495726486,4
qurrcmwn,3,0,,0.33888888888888891,20,0.5115384615384615,0.0021797839506172839,0.30769230769230771,0.53508771929824561,0.29145299145299147,0.75006942533133791,0.9538461538461539,0.48068376068376067,14
qw39rqhv,2,0,,0.33888888888888891,59,0.84957264957264955,0.023636188271604939,0.045299145299145298,0.15151515151515152,0.040170940170940174,0.75614392721445511,0.95641025641025645,0.44606837606837607,10
qx7ncfer,2,1,0.99894988536834717,0.97350427350427349,6,0.089743589743589744,0.00010947145061728395,0.82435897435897432,1.5365853658536586,0.76581196581196587,0.045544660754958596,0.23589743589743589,0.57786324786324783,11
qzerhngx,6,1,0.99559539556503296,0.87094017094017095,40,0.7632478632478632,0.00025390625000000001,0.69786324786324783,2.1794871794871793,0.83333333333333337,0.38217102332692637,0.83162393162393167,0.7994017094017094,15
qzqjuedt,1,0,,0.33888888888888891,32,0.69358974358974357,0.0014361496913580247,0.38547008547008549,0.4576271186440678,0.22905982905982905,0.038216319563019595,0.19914529914529913,0.3692307692307692,16
r13s2zog,1,1,0.99112212657928467,0.78717948717948716,11,0.29059829059829062,0.00035493827160493826,0.63589743589743586,1.4915254237288136,0.75811965811965809,0.14082523047030779,0.56324786324786325,0.60700854700854701,3
r298oppp,1,0,,0.33888888888888891,16,0.4252136752136752,0.039547164351851849,0.018803418803418803,0.79746835443037978,0.56880341880341878,0.034543399421672775,0.17777777777777778,0.3058974358974359,6
r2fmxg6h,3,1,0.97878652811050415,0.71367521367521369,14,0.38076923076923075,4.6296296296296294e-05,0.92735042735042739,1.180327868852459,0.72905982905982902,0.047194539903654555,0.24358974358974358,0.59888888888888892,3
r2iallw7,1,0,,0.33888888888888891,8,0.18247863247863247,0.0057711226851851856,0.15641025641025641,0.85964912280701755,0.63589743589743586,0.073395096439684115,0.35555555555555557,0.33384615384615385,11
r2n6kgfd,1,0,,0.33888888888888891,178,0.99059829059829063,0.0011773003472222222,0.42222222222222222,0.32575757575757575,0.13760683760683762,0.90504420071248182,0.99914529914529915,0.57769230769230773,13
r507we9x,1,0,,0.33888888888888891,32,0.69358974358974357,0.0010995370370370371,0.4341880341880342,0.54285714285714282,0.29316239316239318,0.042916323522351738,0.22735042735042735,0.39743589743589747,5
r6apnjuv,2,0,,0.33888888888888891,17,0.44188034188034186,0.00070891203703703708,0.50512820512820511,0.41538461538461541,0.20000000000000001,0.10739552601543705,0.4581196581196581,0.38880341880341873,16
r8krwek1,1,0,,0.33888888888888891,252,0.99401709401709404,0.0040706983024691359,0.21282051282051281,0.16118421052631579,0.046153846153846156,0.58349395475515098,0.92735042735042739,0.50384615384615383,14
rajycrxk,2,1,0.99728834629058838,0.92136752136752131,23,0.56025641025641026,0.0012900270061728396,0.40427350427350428,1.5242718446601942,0.76239316239316235,0.14311238708413668,0.56666666666666665,0.64299145299145299,16
rfyy184d,1,0,,0.33888888888888891,12,0.32350427350427352,5.0636574074074073e-05,0.92051282051282046,0.76000000000000001,0.5311965811965812,0.24134757846748267,0.7188034188034188,0.56658119658119666,3
rgsz0gml,1,0,,0.33888888888888891,15,0.40555555555555556,0.00019241898148148148,0.73803418803418808,0.54545454545454541,0.29743589743589743,0.073758222141516103,0.35726495726495727,0.42743589743589744,9
rl2kq1px,1,0,,0.33888888888888891,47,0.79829059829059834,0.00077546296296296293,0.48974358974358972,0.5803571428571429,0.32735042735042735,0.12304272291064296,0.51538461538461533,0.49393162393162393,16
rl7ir488,4,0,,0.33888888888888891,38,0.7482905982905983,0.0042505787037037035,0.20170940170940171,0.13868613138686131,0.029914529914529916,0.19417450300457936,0.66068376068376067,0.39589743589743592,10
rm3v6asc,2,0,,0.33888888888888891,72,0.89529914529914534,0.0040253665123456787,0.2153846153846154,0.14393939393939395,0.035042735042735043,0.92796270884108545,1,0.49692307692307691,14
rmj8dcsw,3,0,,0.33888888888888891,365,0.99914529914529915,0.00021918402777777778,0.7170940170940171,0.27743526510480887,0.10085470085470086,0.41567166504590958,0.85470085470085466,0.60213675213675222,13
rmjrb2gl,1,0,,0.33888888888888891,68,0.88205128205128203,0.00032648533950617285,0.65170940170940173,0.29166666666666669,0.11025641025641025,0.0028092904815073404,0.0051282051282051282,0.39760683760683763,9
rmrq5h4y,5,0,,0.33888888888888891,28,0.6333333333333333,0.0016304976851851851,0.35982905982905983,0.30833333333333335,0.12051282051282051,0.15614565363606128,0.58974358974358976,0.40846153846153843,6
rnm6wvsn,6,0,,0.33888888888888891,8,0.18247863247863247,0.00095871913580246912,0.45683760683760682,0.42156862745098039,0.20427350427350427,0.2553315645270654,0.73418803418803413,0.3833333333333333,6
ro7l0xdi,8,0,,0.33888888888888891,94,0.94871794871794868,1.914828431372549e-05,0.97179487179487178,0.41781874039938555,0.20170940170940171,0.46859841885441061,0.88119658119658117,0.66846153846153844,3
rowg6cxy,1,0,,0.33888888888888891,30,0.6645299145299145,0.0037355324074074075,0.22905982905982905,0.7142857142857143,0.46666666666666667,0.078300269589852506,0.37350427350427351,0.41452991452991456,5
rt7xp2yh,1,1,0.99364650249481201,0.83418803418803422,6,0.089743589743589744,0.00022696035879629629,0.71111111111111114,1.6607142857142858,0.7811965811965812,0.010025780691333433,0.041880341880341877,0.49162393162393159,16
ru0qwa84,6,1,0.99807202816009521,0.95470085470085475,20,0.5115384615384615,0.00088656556372549019,0.46923076923076923,0.81111111111111112,0.58034188034188039,0.67856185028219329,0.94444444444444442,0.69205128205128208,18
rvf66gf1,1,0,,0.33888888888888891,102,0.95854700854700858,0.0052541473765432096,0.17008547008547009,0.055555555555555552,0.0042735042735042739,0.76023307439940424,0.95811965811965816,0.48598290598290605,2
rvivsqr0,1,0,,0.33888888888888891,15,0.40555555555555556,0.00018373842592592593,0.74487179487179489,0.9732620320855615,0.70854700854700858,0.15585366213864771,0.58888888888888891,0.55735042735042739,7
rvyuhzr0,2,0,,0.33888888888888891,36,0.72948717948717945,0.0010595100308641975,0.44102564102564101,0.37864077669902912,0.1752136752136752,0.042223541152815264,0.22478632478632479,0.38188034188034192,3
rx7yfkbg,1,0,,0.33888888888888891,45,0.79102564102564099,0.0012625385802469136,0.40854700854700854,0.6428571428571429,0.39658119658119656,0.052097533934342487,0.26923076923076922,0.4408547008547008,16
rz2b31mn,1,0,,0.33888888888888891,18,0.46410256410256412,0.0038676697530864198,0.22136752136752136,0.85276073619631898,0.62905982905982905,0.0069781642095043785,0.023931623931623933,0.33547008547008544,11
s0umhbpw,4,0,,0.33888888888888891,7,0.14017094017094017,0.00024643132716049382,0.70256410256410251,0.63368421052631574,0.38205128205128203,0.08160158223219878,0.38461538461538464,0.38965811965811964,5
s0uoxmwc,1,0,,0.33888888888888891,82,0.92051282051282046,6.0281635802469132e-05,0.90384615384615385,0.28205128205128205,0.10427350427350428,0.44856529812662155,0.8683760683760684,0.62717948717948713,16
s1kd1p3t,1,0,,0.33888888888888891,7,0.14017094017094017,0.0031737075617283951,0.24957264957264957,0.85333333333333339,0.63076923076923075,0.014617909273046239,0.067521367521367517,0.2853846153846154,6
s1of0a97,1,0,,0.33888888888888891,8,0.18247863247863247,1.9772376543209878e-05,0.97051282051282051,0.55769230769230771,0.31025641025641026,0.011068702858580129,0.045299145299145298,0.36948717948717952,4
s41qtfd2,1,0,,0.33888888888888891,72,0.89529914529914534,0.00040895061728395062,0.60811965811965807,0.14285714285714285,0.033333333333333333,0.093930782466343357,0.42136752136752137,0.45940170940170943,14
s4mnrzi1,2,0,,0.33888888888888891,46,0.7944444444444444,0.00012201003086419753,0.80854700854700856,0.77593360995850624,0.54957264957264962,0.25556235741645872,0.7350427350427351,0.64529914529914534,15
s4nxbrcp,1,0,,0.33888888888888891,20,0.5115384615384615,0.00018036265432098766,0.74871794871794872,0.80198019801980203,0.57521367521367517,0.036716687323006904,0.18717948717948718,0.47230769230769243,4
s6b025qn,1,0,,0.33888888888888891,95,0.95256410256410251,0.011882716049382716,0.088888888888888892,0.068627450980392163,0.0059829059829059833,0.15921078746262218,0.59829059829059827,0.39692307692307682,6
s6qa98lx,1,0,,0.33888888888888891,5,0.031623931623931623,0.0050568181818181814,0.1735042735042735,0.90196078431372551,0.67393162393162398,0.0056691897513691091,0.018803418803418803,0.24735042735042737,17
s8ib1gqo,2,1,0.99643337726593018,0.88974358974358969,8,0.18247863247863247,0.00042052469135802468,0.60170940170940168,1.0961538461538463,0.7188034188034188,0.21349503829582095,0.68205128205128207,0.61495726495726488,13
sajk18ua,2,0,,0.33888888888888891,34,0.7153846153846154,0.0019593942901234567,0.32393162393162395,0.51879699248120303,0.27863247863247864,0.043307433692502388,0.2282051282051282,0.37700854700854702,5
sbu8j9xc,1,0,,0.33888888888888891,6,0.089743589743589744,0.00037760416666666666,0.62606837606837606,0.75806451612903225,0.52777777777777779,0.05842994719711124,0.30170940170940169,0.37683760683760686,1
sc65nvjl,1,0,,0.33888888888888891,114,0.96837606837606838,0.0086352237654320988,0.11623931623931624,0.042016806722689079,0.0025641025641025641,0.59338190287016812,0.92905982905982909,0.47102564102564104,2
sfns53bj,2,1,0.99747627973556519,0.92820512820512824,9,0.21752136752136753,1.5432098765432099e-05,0.98076923076923073,1.9288135593220339,0.82222222222222219,0.17299010181829283,0.62478632478632479,0.71470085470085476,17
sgcn6xgc,1,0,,0.33888888888888891,6,0.089743589743589744,0.00099922839506172835,0.44829059829059831,0.89247311827956988,0.66837606837606833,0.17342673752155646,0.62735042735042734,0.43452991452991452,6
sh7sl5xi,1,1,0.98909604549407959,0.76666666666666672,7,0.14017094017094017,0.001173804012345679,0.42393162393162392,2.7647058823529411,0.87435897435897436,0.091764640389284918,0.41452991452991456,0.52393162393162396,3
si7re70s,2,0,,0.33888888888888891,266,0.99572649572649574,0.00070529513888888888,0.50940170940170937,0.15819209039548024,0.043589743589743588,0.84664067353724481,0.9803418803418803,0.57358974358974357,13
sijkcttf,5,1,0.99687749147415161,0.90427350427350428,30,0.6645299145299145,0.0017310049019607842,0.34615384615384615,1.0769230769230769,0.7170940170940171,0.56142104338884902,0.92051282051282046,0.7105128205128205,18
sjgicdrs,2,0,,0.33888888888888891,38,0.7482905982905983,0.0041333912037037034,0.2076923076923077,0.47115384615384615,0.23846153846153847,0.068026263050896763,0.33333333333333331,0.37333333333333335,5
sjl7jcdm,1,1,0.99307829141616821,0.81965811965811963,5,0.031623931623931623,9.5003858024691361e-05,0.84658119658119657,2.8904109589041096,0.88119658119658117,0.039103950380547169,0.20940170940170941,0.55769230769230771,4
skjvwkeu,15,1,0.99941015243530273,0.98803418803418808,134,0.97991452991452987,0.0012548225308641975,0.40940170940170939,0.35294117647058826,0.15769230769230769,0.80894248752300402,0.96837606837606838,0.7006837606837607,2
skmuz7n7,1,0,,0.33888888888888891,80,0.91581196581196578,0.0030111882716049383,0.25555555555555554,0.19191919191919191,0.058119658119658121,0.27792009347018082,0.75811965811965809,0.46529914529914523,16
skue9h1a,1,0,,0.33888888888888891,28,0.6333333333333333,0.0099840856481481482,0.10085470085470086,0.73333333333333328,0.49316239316239319,0.1813870778459106,0.64017094017094012,0.44128205128205134,8
skxbqj5u,2,1,0.98526006937026978,0.73760683760683765,10,0.25341880341880341,0.00022038966049382717,0.71581196581196582,1.4464285714285714,0.75555555555555554,0.082714130668269062,0.3905982905982906,0.57059829059829059,3
sla7u3u5,2,1,0.99515944719314575,0.85811965811965807,9,0.21752136752136753,1.2538580246913579e-05,0.98376068376068371,1.7820512820512822,0.80000000000000004,0.074448090330443611,0.36239316239316238,0.64435897435897427,11
smj60b7y,3,0,,0.33888888888888891,73,0.89786324786324789,0.00021564146903820818,0.71965811965811965,0.84242424242424241,0.61538461538461542,0.45164323806394452,0.87094017094017095,0.68854700854700857,7
smpz2v72,6,1,0.99727720022201538,0.92051282051282046,65,0.87564102564102564,0.00026282793209876545,0.68974358974358974,1.7654320987654322,0.79658119658119653,0.11791675333536805,0.49059829059829058,0.75461538461538458,14
so8lbzwk,4,0,,0.33888888888888891,32,0.69358974358974357,0.00024836033950617284,0.70085470085470081,0.67741935483870963,0.43333333333333335,0.54317545858009753,0.91367521367521365,0.61606837606837606,5
spakvkft,1,0,,0.33888888888888891,15,0.40555555555555556,0.00032696759259259257,0.6495726495726496,0.82795698924731187,0.60170940170940168,0.001175148172881694,0.0017094017094017094,0.39948717948717949,5
spddn8ef,6,0,,0.33888888888888891,116,0.97008547008547008,0.001325061274509804,0.39829059829059826,0.31749049429657794,0.12735042735042734,0.84590614926820218,0.9786324786324786,0.5626495726495726,5
sr0xcevd,2,1,0.98652994632720947,0.74615384615384617,56,0.83632478632478635,0.0050516010802469135,0.17435897435897435,1.323943661971831,0.74358974358974361,0.12654672989978058,0.52307692307692311,0.60470085470085466,17
srtemhqr,2,0,,0.33888888888888891,17,0.44188034188034186,0.00094446252893518523,0.45982905982905981,0.57894736842105265,0.32564102564102565,0.22171221504600869,0.69059829059829059,0.45136752136752134,11
ss0b0lxp,2,0,,0.33888888888888891,58,0.84529914529914529,0.0083535879629629637,0.12051282051282051,0.22695035460992907,0.072649572649572655,0.18292102111996492,0.64273504273504278,0.40401709401709401,2
ssz7rje6,1,0,,0.33888888888888891,5,0.031623931623931623,0.00034963348765432097,0.64102564102564108,0.82926829268292679,0.60341880341880338,0.023872599704192563,0.11794871794871795,0.34658119658119657,5
stxmnfmi,2,1,0.99858319759368896,0.96410256410256412,11,0.29059829059829062,0.00046370530877573129,0.58974358974358976,4.4242424242424239,0.92735042735042739,0.02355456414921428,0.11452991452991453,0.5772649572649573,8
sy4ix7t7,3,0,,0.33888888888888891,9,0.21752136752136753,0.00054639274691358028,0.56239316239316239,0.75510204081632648,0.52051282051282055,0.17731790768817132,0.6333333333333333,0.45452991452991454,6
sy7poaj5,2,0,,0.33888888888888891,16,0.4252136752136752,0.00015842013888888888,0.77264957264957268,0.9387387387387387,0.69999999999999996,0.03404484820423654,0.1735042735042735,0.482051282051282,4
t15hnxr3,8,0,,0.33888888888888891,71,0.89230769230769236,1.4949845679012346e-05,0.982051282051282,0.77445652173913049,0.54786324786324792,0.31081748989567337,0.78717948717948716,0.70965811965811965,16
t1sb5qo8,2,0,,0.33888888888888891,10,0.25341880341880341,0.00016396604938271605,0.76581196581196587,0.82673267326732669,0.59914529914529913,0.032021554414498075,0.15897435897435896,0.42324786324786323,3
t3wvj7qz,1,0,,0.33888888888888891,37,0.7384615384615385,0.039315682870370371,0.020512820512820513,0.68103448275862066,0.4358974358974359,0.10656915652940431,0.45555555555555555,0.39786324786324789,19
t4mcamey,1,1,0.99244463443756104,0.81452991452991452,7,0.14017094017094017,8.6805555555555559e-05,0.85940170940170946,1.9120879120879122,0.81965811965811963,0.030390206399430079,0.14871794871794872,0.55649572649572643,11
t5zhoswv,2,0,,0.33888888888888891,6,0.089743589743589744,0.00027488425925925928,0.67777777777777781,0.70909090909090911,0.46068376068376066,0.28149744670685589,0.76666666666666672,0.46675213675213678,3
t6b34ze7,4,0,,0.33888888888888891,11,0.29059829059829062,0.00058159722222222217,0.55213675213675217,0.65384615384615385,0.40470085470085471,0.2755708918976823,0.75555555555555554,0.46837606837606838,10
t6ng4itw,1,0,,0.33888888888888891,352,0.9982905982905983,0.0016438802083333333,0.35811965811965812,0.21777777777777776,0.067521367521367517,0.013588683557643106,0.063247863247863245,0.36521367521367526,13
t7l078ma,4,0,,0.33888888888888891,22,0.54230769230769227,0.0001017554012345679,0.83931623931623933,0.25663716814159293,0.089743589743589744,0.60890780798650945,0.93162393162393164,0.54837606837606834,10
t9crbspj,1,0,,0.33888888888888891,7,0.14017094017094017,0.00012393904320987653,0.80683760683760686,0.8666666666666667,0.64059829059829054,0.030022384264619943,0.14615384615384616,0.41452991452991456,7
t9jz6g88,2,0,,0.33888888888888891,9,0.21752136752136753,0.000464891975308642,0.58888888888888891,0.81818181818181823,0.58846153846153848,0.18324451346790638,0.64358974358974363,0.47547008547008546,17
t9n0p86n,1,1,0.96676331758499146,0.69230769230769229,6,0.089743589743589744,0.00019097222222222223,0.73974358974358978,3.5428571428571427,0.90000000000000002,0.0044958258561179814,0.011111111111111112,0.48658119658119653,17
tdwhgf97,1,0,,0.33888888888888891,8,0.18247863247863247,0.0042071759259259258,0.20341880341880342,0.84313725490196079,0.61709401709401712,0.40308752024025796,0.84444444444444444,0.43726495726495729,4
tejoq1a5,2,1,0.9834970235824585,0.72991452991452987,10,0.25341880341880341,0.047271412037037039,0.013675213675213675,2.2307692307692308,0.83760683760683763,0.074413128301234588,0.36153846153846153,0.4392307692307692,10
tfbq8jah,1,0,,0.33888888888888891,11,0.29059829059829062,0.00028067129629629628,0.67692307692307696,0.93821510297482835,0.6991452991452991,0.031599507950176818,0.15555555555555556,0.43222222222222217,12
tgmq5v15,2,1,0.99138635396957397,0.79059829059829057,12,0.32350427350427352,1.8807870370370372e-05,0.97307692307692306,1.671875,0.78205128205128205,0.11165856307001884,0.47521367521367519,0.66888888888888887,4
thsn8ihm,1,0,,0.33888888888888891,40,0.7632478632478632,0.015987654320987654,0.064102564102564097,0.52427184466019416,0.2829059829059829,0.10524161370471108,0.45213675213675214,0.38025641025641027,6
tj640z37,1,0,,0.33888888888888891,27,0.61880341880341883,0.0059577546296296297,0.15213675213675212,0.625,0.37179487179487181,0.086573575253525159,0.40427350427350428,0.37717948717948718,12
tjv9i9og,1,0,,0.33888888888888891,5,0.031623931623931623,0.0029967206790123455,0.25811965811965815,0.90566037735849059,0.67905982905982909,0.0091475282833219131,0.037606837606837605,0.26905982905982906,17
tjxx09kp,2,0,,0.33888888888888891,80,0.91581196581196578,0.0085715663580246907,0.11709401709401709,0.23776223776223776,0.0811965811965812,0.036813029729006332,0.18888888888888888,0.32837606837606836,5
tjylsyz7,2,0,,0.33888888888888891,58,0.84529914529914529,0.0038937114197530862,0.21965811965811965,0.23958333333333334,0.082051282051282051,0.57363651179617925,0.92564102564102568,0.48230769230769227,14
tm9ykgbu,1,0,,0.33888888888888891,60,0.85299145299145296,0.0015914351851851851,0.36495726495726494,0.42857142857142855,0.2076923076923077,0.14823036586350649,0.57521367521367517,0.4679487179487179,0
tmgp2gqk,1,0,,0.33888888888888891,68,0.88205128205128203,0.0036646412037037038,0.23162393162393163,0.13924050632911392,0.030769230769230771,0.064426914271522723,0.32307692307692309,0.36128205128205126,3
tr5ra1xs,7,0,,0.33888888888888891,11,0.29059829059829062,0.002548707561728395,0.28376068376068375,0.4845360824742268,0.24786324786324787,0.24260994379276946,0.72136752136752136,0.37649572649572649,2
treunf9o,1,0,,0.33888888888888891,29,0.64914529914529917,1.1574074074074073e-05,0.9867521367521368,0.67708333333333337,0.4324786324786325,0.26733348457266731,0.74615384615384617,0.63068376068376075,17
ts5hbheu,2,1,0.99603170156478882,0.88034188034188032,29,0.64914529914529917,0.0010481770833333333,0.44444444444444442,0.98113207547169812,0.71111111111111114,0.048437643978704238,0.25042735042735043,0.5870940170940171,5
tsjy9cqv,2,1,0.99379950761795044,0.83504273504273507,12,0.32350427350427352,0.00018325617283950618,0.74658119658119659,0.98412698412698407,0.71196581196581199,0.24179006409645423,0.72051282051282051,0.66752136752136759,16
tt00cbm1,2,0,,0.33888888888888891,55,0.83162393162393167,0.0017013888888888888,0.35256410256410259,0.40740740740740738,0.19615384615384615,0.50829495929610125,0.90256410256410258,0.52435897435897438,17
ttbio1rh,4,0,,0.33888888888888891,44,0.78632478632478631,0.0001335841049382716,0.79700854700854706,0.81726907630522083,0.5871794871794872,0.43068609822586806,0.86153846153846159,0.67418803418803419,3
tug3h8uh,1,1,0.9744371771812439,0.70170940170940166,19,0.49059829059829058,0.00030719521604938272,0.65769230769230769,1.6296296296296295,0.77606837606837609,0.065944487644973127,0.32905982905982906,0.59102564102564104,11
tuzf8p0s,1,0,,0.33888888888888891,75,0.90213675213675215,0.015589795524691358,0.065811965811965814,0.25,0.086752136752136749,0.22542670578986274,0.6974358974358974,0.41820512820512812,16
tvs2oymj,1,0,,0.33888888888888891,14,0.38076923076923075,1.9772376543209878e-05,0.97051282051282051,0.81333333333333335,0.58290598290598294,0.039718601940283892,0.21111111111111111,0.49683760683760686,16
txg2v4q0,1,0,,0.33888888888888891,20,0.5115384615384615,0.0048562885802469133,0.18119658119658119,0.61038961038961037,0.3576923076923077,0.011892466587775789,0.052136752136752139,0.28829059829059828,16
u0wri6rw,1,1,0.99569451808929443,0.87350427350427351,33,0.70683760683760688,0.019541859567901235,0.053846153846153849,1.2278481012658229,0.73162393162393158,0.04741159549157941,0.24529914529914529,0.52222222222222225,4
u108b2o2,3,0,,0.33888888888888891,14,0.38076923076923075,8.6805555555555559e-05,0.85940170940170946,0.70833333333333337,0.45897435897435895,0.084117856727510251,0.39487179487179486,0.48658119658119664,5
u1khbyb0,2,1,0.98889869451522827,0.7649572649572649,5,0.031623931623931623,0.081400462962962966,0.0059829059829059833,1.7560975609756098,0.7944444444444444,0.021721892400119083,0.10598290598290598,0.34059829059829061,10
u28zgzds,1,0,,0.33888888888888891,24,0.57606837606837602,0.010671778549382716,0.095726495726495733,0.65476190476190477,0.40854700854700854,0.1761617099302856,0.6316239316239316,0.41017094017094013,6
u5uziar2,1,0,,0.33888888888888891,146,0.98461538461538467,0.0020334201388888889,0.31709401709401708,0.47670250896057348,0.24358974358974358,0.096613622724746676,0.43162393162393164,0.46316239316239322,13
u6uaftci,23,1,0.99945950508117676,0.98974358974358978,20,0.5115384615384615,0.0040485146604938268,0.21367521367521367,2.0909090909090908,0.82820512820512826,0.49769408686594935,0.89572649572649576,0.68777777777777771,2
u7l0lr2j,1,0,,0.33888888888888891,27,0.61880341880341883,0.0022699652777777779,0.29999999999999999,0.620253164556962,0.3683760683760684,0.85559967246377144,0.98461538461538467,0.52213675213675215,16
u9beofq3,1,0,,0.33888888888888891,8,0.18247863247863247,0.00072868441358024693,0.50256410256410255,0.80434782608695654,0.57692307692307687,0.081887738000887292,0.38632478632478634,0.39743589743589741,16
ubklxxh0,1,0,,0.33888888888888891,30,0.6645299145299145,0.00041570216049382716,0.60341880341880338,0.73611111111111116,0.49786324786324787,0.057237518918137914,0.29059829059829062,0.47905982905982902,5
ubz8smud,1,0,,0.33888888888888891,64,0.87051282051282053,0.0014776234567901235,0.37435897435897436,0.14666666666666667,0.038461538461538464,0.86280016200280463,0.98803418803418808,0.52205128205128215,2
ueoiodwz,3,0,,0.33888888888888891,26,0.60427350427350424,0.0022376543209876544,0.3034188034188034,0.57954545454545459,0.3264957264957265,0.19982359406774172,0.66581196581196578,0.44777777777777777,14
uf4jxu0s,2,0,,0.33888888888888891,29,0.64914529914529917,0.0034529320987654322,0.23846153846153847,0.57608695652173914,0.32435897435897437,0.13043399658778201,0.53333333333333333,0.41683760683760684,8
uggvrwfr,2,0,,0.33888888888888891,26,0.60427350427350424,0.00099488811728395054,0.45213675213675214,0.63953488372093026,0.39145299145299145,0.12448538656377361,0.5196581196581197,0.46128205128205124,8
uh4iqj3p,1,0,,0.33888888888888891,59,0.84957264957264955,0.00024257330246913581,0.70427350427350432,0.6428571428571429,0.39658119658119656,0.095392672525756575,0.42820512820512818,0.54350427350427344,13
ui6kit81,1,0,,0.33888888888888891,31,0.67905982905982909,0.0016943158436213991,0.35384615384615387,0.50793650793650791,0.26495726495726496,0.0071543334862559553,0.02564102564102564,0.33247863247863246,4
uj70tkye,1,0,,0.33888888888888891,15,0.40555555555555556,0.0067573302469135805,0.14102564102564102,0.82758620689655171,0.60085470085470083,0.50336845342837733,0.90170940170940173,0.47760683760683759,8
umwmu0us,5,1,0.92294019460678101,0.67948717948717952,25,0.58974358974358976,9.9826388888888895e-05,0.84102564102564104,1.0596026490066226,0.7153846153846154,0.068883701052235707,0.33675213675213678,0.63247863247863256,3
un50lhoq,3,0,,0.33888888888888891,134,0.97991452991452987,0.0001168045343137255,0.81452991452991452,0.25723472668810288,0.090598290598290596,0.48910079404445994,0.89401709401709406,0.62358974358974362,14
uog1hgu1,1,0,,0.33888888888888891,83,0.92350427350427355,0.0028231095679012346,0.26495726495726496,0.55555555555555558,0.30811965811965814,0.52601979802007648,0.90854700854700854,0.54880341880341876,15
uq4lkodj,1,0,,0.33888888888888891,5,0.031623931623931623,5.2083333333333337e-05,0.91965811965811961,0.82258064516129037,0.59230769230769231,0.068504984394682097,0.33418803418803417,0.44333333333333336,9
urgajt7e,2,1,0.98863643407821655,0.76239316239316235,28,0.6333333333333333,0.00015229724702380952,0.77863247863247864,1.3529411764705883,0.74529914529914532,0.052017372942367211,0.26837606837606837,0.63760683760683756,17
usyys5es,1,0,,0.33888888888888891,6,0.089743589743589744,0.0015364583333333333,0.3700854700854701,0.65957446808510634,0.41623931623931626,0.043519899762748615,0.22905982905982905,0.28880341880341887,3
utyj563j,2,1,0.99780756235122681,0.94358974358974357,32,0.69358974358974357,5.5114638447971785e-06,0.9982905982905983,6.0454545454545459,0.96581196581196582,0.21392267192145922,0.68376068376068377,0.85700854700854701,10
uw2bjj2l,3,0,,0.33888888888888891,29,0.64914529914529917,0.00026379243827160493,0.68846153846153846,0.3949579831932773,0.18376068376068377,0.31951212182406008,0.79572649572649568,0.5311965811965812,2
uw60ldq6,2,0,,0.33888888888888891,38,0.7482905982905983,0.0047472993827160498,0.18290598290598289,0.48936170212765956,0.25128205128205128,0.28646465601777726,0.77094017094017098,0.45846153846153853,6
uwfbhfk4,26,1,0.99956154823303223,0.99316239316239319,67,0.87948717948717947,0.0040880594135802471,0.21111111111111111,0.89855072463768115,0.67008547008547004,0.32818979339457366,0.8008547008547009,0.71094017094017092,16
v0kjwbn7,1,0,,0.33888888888888891,19,0.49059829059829058,0.0019299768518518518,0.32905982905982906,0.81372549019607843,0.5837606837606838,0.056670324335288916,0.28803418803418801,0.40606837606837604,1
v4ibiqyv,2,0,,0.33888888888888891,31,0.67905982905982909,0.0023548418209876545,0.29145299145299147,0.67500000000000004,0.43162393162393164,0.052218133369797151,0.27094017094017092,0.40239316239316236,0
v4onm43q,2,0,,0.33888888888888891,16,0.4252136752136752,0.0018523341049382716,0.33675213675213678,0.31428571428571428,0.12564102564102564,0.20702738269484636,0.67435897435897441,0.38017094017094022,16
v54gu7uj,1,0,,0.33888888888888891,9,0.21752136752136753,0.00070071373456790124,0.51367521367521363,0.74358974358974361,0.50982905982905979,0.29631256916996079,0.77606837606837609,0.4711965811965812,11
v5l58s16,2,0,,0.33888888888888891,8,0.18247863247863247,2.7488425925925926e-05,0.95470085470085475,0.75609756097560976,0.52393162393162396,0.095389449974913568,0.42735042735042733,0.48547008547008541,4
v60if4yq,1,0,,0.33888888888888891,91,0.94316239316239314,0.024401523919753088,0.041880341880341877,0.15740740740740741,0.042735042735042736,0.16577632925549135,0.61025641025641031,0.39538461538461539,14
v8gcabcj,4,0,,0.33888888888888891,44,0.78632478632478631,6.6189236111111117e-05,0.89145299145299151,0.16611295681063123,0.047008547008547008,0.12746510726674676,0.52649572649572651,0.51803418803418799,15
v9dk3ycf,1,0,,0.33888888888888891,28,0.6333333333333333,0.0011930941358024691,0.41794871794871796,0.66666666666666663,0.42264957264957265,0.25226172382532247,0.73162393162393158,0.50888888888888884,12
vcsib2pf,1,0,,0.33888888888888891,37,0.7384615384615385,1.7843364197530866e-05,0.97564102564102562,0.50649350649350644,0.26324786324786326,0.094245658893691686,0.42222222222222222,0.5476923076923077,5
vd2kzgc9,2,0,,0.33888888888888891,26,0.60427350427350424,1.6878858024691356e-05,0.97905982905982902,0.59047619047619049,0.33931623931623933,0.07143633885533672,0.3504273504273504,0.52239316239316236,6
vd8urin3,1,0,,0.33888888888888891,26,0.60427350427350424,5.7870370370370367e-06,0.99743589743589745,0.76363636363636367,0.53717948717948716,0.1162309168843773,0.48888888888888887,0.59333333333333338,4
vfm3lqut,3,0,,0.33888888888888891,12,0.32350427350427352,8.6805555555555559e-05,0.85940170940170946,0.75,0.51666666666666672,0.03711039227721364,0.19145299145299147,0.44598290598290607,5
vgu21nrp,1,0,,0.33888888888888891,53,0.82350427350427347,0.00027452256944444442,0.67863247863247866,0.46999999999999997,0.23675213675213674,0.069881361268295167,0.34273504273504274,0.48410256410256408,1
vide3a0t,1,0,,0.33888888888888891,51,0.81367521367521367,0.0038377700617283949,0.22393162393162394,0.22077922077922077,0.070085470085470086,0.33543331435508039,0.80769230769230771,0.45085470085470086,6
viqv63nb,1,0,,0.33888888888888891,15,0.40555555555555556,0.00051167052469135805,0.57350427350427347,0.8571428571428571,0.63376068376068373,0.023603351136012564,0.11623931623931624,0.41358974358974354,11
vj2a4tw7,8,0,,0.33888888888888891,111,0.96666666666666667,0.00063763786764705884,0.53162393162393162,0.18893129770992367,0.055555555555555552,0.1311230161224087,0.53504273504273503,0.48555555555555563,1
vjxc3ysh,3,0,,0.33888888888888891,12,0.32350427350427352,0.00057918595679012344,0.55299145299145303,0.58974358974358976,0.33675213675213678,0.27818740574938761,0.75982905982905979,0.46239316239316242,14
vjyvp05h,2,0,,0.33888888888888891,14,0.38076923076923075,0.00016366464120370371,0.76666666666666672,0.76543209876543206,0.53888888888888886,0.022809446567140929,0.11025641025641025,0.42709401709401706,11
vkl7ibk1,2,0,,0.33888888888888891,17,0.44188034188034186,9.0026855468750005e-05,0.85470085470085466,0.60526315789473684,0.3504273504273504,0.036760143538017327,0.18803418803418803,0.43478632478632484,5
vonb12dh,1,0,,0.33888888888888891,19,0.49059829059829058,0.00010513117283950617,0.82905982905982911,0.68852459016393441,0.44358974358974357,0.02087674266514199,0.098290598290598288,0.44008547008547005,4
voxac5zw,5,1,0.99593824148178101,0.87777777777777777,5,0.031623931623931623,5.9799382716049385e-05,0.90512820512820513,2.360655737704918,0.847008547008547,0.025162144073637722,0.12564102564102564,0.55743589743589739,1
vq22ppil,4,0,,0.33888888888888891,31,0.67905982905982909,0.00010308159722222222,0.83418803418803422,0.26701570680628273,0.097435897435897437,0.088098535722974894,0.40769230769230769,0.47145299145299147,16
vr10gy9y,1,0,,0.33888888888888891,5,0.031623931623931623,0.0018889853395061729,0.33418803418803417,0.875,0.64786324786324789,0.17366836109555708,0.62820512820512819,0.39615384615384619,6
vrhavhrj,6,1,0.99770355224609375,0.9358974358974359,5,0.031623931623931623,0.0036637987097445503,0.23247863247863249,5.2682926829268295,0.9538461538461539,0.038436684008666046,0.20085470085470086,0.47094017094017093,10
vs4399qb,9,0,,0.33888888888888891,95,0.95256410256410251,3.3637152777777778e-05,0.94658119658119655,0.18809980806142035,0.054700854700854701,0.43788488618310106,0.86410256410256414,0.63136752136752139,4
vt0mc6ug,2,0,,0.33888888888888891,38,0.7482905982905983,0.0042920524691358024,0.20000000000000001,0.47706422018348627,0.24444444444444444,0.30298091585327913,0.77948717948717949,0.46222222222222226,2
vtkm161v,2,0,,0.33888888888888891,27,0.61880341880341883,0.00085696373456790127,0.47435897435897434,0.23015873015873015,0.076923076923076927,0.21212626160728829,0.67948717948717952,0.43769230769230771,6
vu9u4d13,3,0,,0.33888888888888891,65,0.87564102564102564,0.00019338348765432099,0.7367521367521368,0.65865384615384615,0.41452991452991456,0.30438037904996601,0.78205128205128205,0.62957264957264958,17
vumw8ysm,1,1,0.99357712268829346,0.83162393162393167,18,0.46410256410256412,0.0018942901234567902,0.33333333333333331,2.7391304347826089,0.8700854700854701,0.055103811128608973,0.2846153846153846,0.55675213675213675,19
vzzdtj0w,1,0,,0.33888888888888891,10,0.25341880341880341,0.00058593749999999998,0.54957264957264962,0.93506493506493504,0.69658119658119655,0.070689229565861877,0.347008547008547,0.43709401709401707,1
w0cgzody,1,0,,0.33888888888888891,58,0.84529914529914529,0.00059027777777777778,0.54700854700854706,0.14705882352941177,0.039316239316239315,0.10897060039432009,0.46239316239316242,0.4465811965811966,4
w1m2shex,1,0,,0.33888888888888891,41,0.77051282051282055,0.0029750192901234567,0.25982905982905985,0.42741935483870969,0.20683760683760682,0.10981357760309551,0.46581196581196582,0.40837606837606832,1
w2bt6b8j,9,1,0.99827665090560913,0.95897435897435901,60,0.85299145299145296,0.00055844907407407406,0.55897435897435899,0.46774193548387094,0.23418803418803419,0.53612975534493168,0.91111111111111109,0.70324786324786326,9
w40h9055,4,1,0.97876513004302979,0.71282051282051284,10,0.25341880341880341,1.5432098765432099e-05,0.98076923076923073,1.7,0.78632478632478631,0.092196442754280655,0.41794871794871796,0.63025641025641022,5
w66t98gb,3,0,,0.33888888888888891,21,0.52649572649572651,0.00041368272569444444,0.60512820512820509,0.40740740740740738,0.19615384615384615,0.27387220267942691,0.75213675213675213,0.48376068376068382,11
w6eqbxev,1,0,,0.33888888888888891,73,0.89786324786324789,0.0097608024691358021,0.10427350427350428,0.14117647058823529,0.031623931623931623,0.47025055557059625,0.88376068376068373,0.45128205128205129,6
wevucsii,1,0,,0.33888888888888891,82,0.92051282051282046,0.00055893132716049382,0.55811965811965814,0.10869565217391304,0.020512820512820513,0.82040204758848378,0.97008547008547008,0.56162393162393154,2
wi9qp1pu,4,1,0.99540382623672485,0.86410256410256414,46,0.7944444444444444,0.00039241622574955911,0.61794871794871797,3.1150442477876106,0.88547008547008543,0.38400053511345211,0.83418803418803422,0.79923076923076919,17
wj328sj2,1,0,,0.33888888888888891,75,0.90213675213675215,0.0034616126543209878,0.2376068376068376,0.0625,0.0051282051282051282,0.85520760443601029,0.98376068376068371,0.49350427350427351,4
wj6nceqs,4,0,,0.33888888888888891,11,0.29059829059829062,0.00023148148148148149,0.70940170940170943,0.67289719626168221,0.42735042735042733,0.13932710126657183,0.55811965811965814,0.46487179487179492,10
wj8xzrrw,1,0,,0.33888888888888891,6,0.089743589743589744,0.00030381944444444445,0.66239316239316237,0.93617021276595747,0.6974358974358974,0.11225865968479669,0.47692307692307695,0.45307692307692304,17
wkfwwi0l,3,0,,0.33888888888888891,10,0.25341880341880341,0.0026403356481481482,0.27435897435897438,0.74774774774774777,0.51367521367521363,0.21310399448163012,0.68119658119658122,0.41230769230769226,6
wpmwjv84,1,0,,0.33888888888888891,19,0.49059829059829058,0.0059309895833333333,0.15470085470085471,0.94710327455919396,0.70256410256410251,0.22359107220924876,0.6957264957264957,0.47649572649572641,9
wz9rb406,1,0,,0.33888888888888891,11,0.29059829059829062,4.9189814814814815e-05,0.9226495726495727,0.87777777777777777,0.6512820512820513,0.0055716345766747876,0.017948717948717947,0.44427350427350432,7
x1lf3klj,1,1,0.99356311559677124,0.82991452991452996,6,0.089743589743589744,0.0017486496913580248,0.34444444444444444,1.1603773584905661,0.72564102564102562,0.042868037309856201,0.2264957264957265,0.44324786324786325,2
x25pz5ty,2,1,0.99429029226303101,0.84444444444444444,13,0.35256410256410259,0.00095871913580246912,0.45683760683760682,4.2264150943396226,0.92136752136752131,0.069064198300511997,0.33846153846153848,0.58273504273504273,17
x6e2i6kz,2,0,,0.33888888888888891,7,0.14017094017094017,0.00075183256172839505,0.49572649572649574,0.81553398058252424,0.58632478632478635,0.37881025654238415,0.82820512820512826,0.47786324786324796,16
x7w2uzae,1,0,,0.33888888888888891,28,0.6333333333333333,0.00024787808641975307,0.70170940170940166,0.5,0.25811965811965815,0.025013561101590857,0.12478632478632479,0.4113675213675213,10
xakey307,4,1,0.9975772500038147,0.93162393162393164,18,0.46410256410256412,0.00070457175925925928,0.51025641025641022,1.7183098591549295,0.78803418803418801,0.54625260893675598,0.91538461538461535,0.72188034188034178,18
xbqkagc5,1,0,,0.33888888888888891,6,0.089743589743589744,0.00058304398148148148,0.55042735042735047,0.78260869565217395,0.55384615384615388,0.023209097140221589,0.11196581196581197,0.328974358974359,1
xeb44q52,2,0,,0.33888888888888891,21,0.52649572649572651,0.00053964120370370375,0.56495726495726495,0.60606060606060608,0.35256410256410259,0.34282292594830394,0.81282051282051282,0.51914529914529917,8
xehtt1x4,1,0,,0.33888888888888891,22,0.54230769230769227,0.00041329089506172837,0.60598290598290594,0.74117647058823533,0.50256410256410255,0.021432416141539009,0.10085470085470086,0.41811965811965812,7
xeu6x3un,1,0,,0.33888888888888891,11,0.29059829059829062,0.05390576774691358,0.011965811965811967,0.550561797752809,0.30085470085470084,0.041990167313676705,0.22307692307692309,0.2330769230769231,11
xgusr4xv,3,0,,0.33888888888888891,19,0.49059829059829058,0.00060378086419753086,0.54188034188034184,0.5544554455445545,0.30683760683760686,0.47381326845281069,0.88632478632478628,0.51290598290598288,6
xha3d8ki,1,0,,0.33888888888888891,176,0.98931623931623935,0.00065863715277777774,0.5213675213675214,0.47492625368731561,0.24273504273504273,0.10346577179391299,0.44957264957264959,0.50837606837606841,13
xis518c2,1,0,,0.33888888888888891,5,0.031623931623931623,0.0066473765432098764,0.14188034188034188,0.93069306930693074,0.6957264957264957,0.17398538315365417,0.62905982905982905,0.36743589743589744,15
xkv74uxe,20,1,0.99974417686462402,0.99743589743589745,64,0.87051282051282053,0.013246045524691358,0.077777777777777779,0.60606060606060608,0.35256410256410259,0.39367165582004759,0.84102564102564104,0.62786324786324788,1
xlldj8ud,1,0,,0.33888888888888891,45,0.79102564102564099,0.00083188657407407408,0.4794871794871795,0.5161290322580645,0.27307692307692305,0.0079162453092113394,0.032478632478632481,0.38299145299145299,17
xmjr1qxh,1,1,0.93929702043533325,0.68461538461538463,63,0.86410256410256414,7.9944087009803922e-05,0.87264957264957266,5.0531914893617023,0.94957264957264953,0.052480678332533275,0.27264957264957262,0.72871794871794882,17
xow0q2ig,3,0,,0.33888888888888891,22,0.54230769230769227,9.1628086419753092e-05,0.85085470085470083,0.38947368421052631,0.18119658119658119,0.35435614135632437,0.81538461538461537,0.54572649572649579,14
xrmsmmku,3,0,,0.33888888888888891,44,0.78632478632478631,9.4039351851851852e-05,0.84829059829059827,0.84331210191082806,0.61794871794871797,0.096678063831644095,0.4324786324786325,0.60478632478632477,3
xrqe459g,2,0,,0.33888888888888891,58,0.84529914529914529,0.0042944637345679014,0.19914529914529913,0.14634146341463414,0.037606837606837605,0.46732580007615676,0.87948717948717947,0.46008547008547007,8
xu04kjdw,2,0,,0.33888888888888891,39,0.75598290598290596,0.00016589506172839507,0.7649572649572649,0.46491228070175439,0.23247863247863249,0.072997371022930871,0.35384615384615387,0.48923076923076925,1
xvem8lqs,2,0,,0.33888888888888891,32,0.69358974358974357,0.0013970871913580247,0.3888888888888889,0.82131661442006265,0.59145299145299146,0.04235779229227165,0.22564102564102564,0.44769230769230772,1
xvey2smw,3,0,,0.33888888888888891,28,0.6333333333333333,0.00036940586419753087,0.6316239316239316,0.40186915887850466,0.18888888888888888,0.21615951786388715,0.68547008547008548,0.49564102564102563,6
xxz9n5ks,1,1,0.98944848775863647,0.76837606837606842,12,0.32350427350427352,0.00039303626543209875,0.6166666666666667,1.6274509803921569,0.77478632478632481,0.018367559006821674,0.083760683760683755,0.51341880341880342,3
xy1h5gex,2,0,,0.33888888888888891,81,0.91837606837606833,0.00025607638888888891,0.69658119658119655,0.65031982942430699,0.40256410256410258,0.033549915741166905,0.17008547008547009,0.50529914529914532,5
xyii4pa5,3,0,,0.33888888888888891,14,0.38076923076923075,0.00065248842592592594,0.52478632478632481,0.67441860465116277,0.42905982905982903,0.21588502214290275,0.68461538461538463,0.47162393162393162,14
xzl5r5wi,1,0,,0.33888888888888891,21,0.52649572649572651,0.00025716145833333331,0.69487179487179485,0.70370370370370372,0.45384615384615384,0.16916715294540086,0.61880341880341883,0.52658119658119662,16
y2ibs5yx,2,0,,0.33888888888888891,27,0.61880341880341883,3.3637152777777778e-05,0.94658119658119655,0.63,0.37777777777777777,0.044650069655126953,0.23162393162393163,0.50273504273504277,3
y2pfmpls,2,0,,0.33888888888888891,29,0.64914529914529917,2.3630401234567902e-05,0.96324786324786327,0.40322580645161288,0.19102564102564101,0.01349085417497168,0.061538461538461542,0.4407692307692308,5
y4qcghic,6,1,0.99356865882873535,0.83076923076923082,11,0.29059829059829062,6.799768518518518e-05,0.88974358974358969,1.9673913043478262,0.82393162393162389,0.29268472397369599,0.77350427350427353,0.72170940170940168,19
y92zmumi,1,0,,0.33888888888888891,5,0.031623931623931623,0.22822157118055555,0.0008547008547008547,0.9152542372881356,0.68931623931623931,0.0050470593502421274,0.01452991452991453,0.21504273504273502,17
ybs4g3rw,1,0,,0.33888888888888891,6,0.089743589743589744,0.00011670524691358024,0.81538461538461537,0.84946236559139787,0.62393162393162394,0.033785004481595902,0.1717948717948718,0.4079487179487179,12
ygllbood,3,0,,0.33888888888888891,32,0.69358974358974357,0.00017843364197530864,0.75256410256410255,0.2413793103448276,0.082905982905982903,0.17769421245048328,0.63418803418803416,0.50042735042735043,2
yke51a4w,1,0,,0.33888888888888891,15,0.40555555555555556,0.00014322916666666667,0.78760683760683758,0.55882352941176472,0.31239316239316239,0.069967057913398634,0.34358974358974359,0.43760683760683755,5
yridittx,3,0,,0.33888888888888891,22,0.54230769230769227,0.00013599537037037036,0.79487179487179482,0.55434782608695654,0.30598290598290601,0.47000776166277142,0.88290598290598288,0.57299145299145293,14
ytauo2u5,1,0,,0.33888888888888891,93,0.94529914529914527,0.0022429591049382717,0.30170940170940169,0.21848739495798319,0.068376068376068383,0.14499071235335553,0.57008547008547006,0.4448717948717949,11
ytgkeoqd,3,1,0.99780207872390747,0.94273504273504272,18,0.46410256410256412,4.822530864197531e-07,1,2.3225806451612905,0.84358974358974359,0.17664577259477582,0.63247863247863245,0.77658119658119662,4
yvsck63k,2,0,,0.33888888888888891,12,0.32350427350427352,0.016225405092592592,0.063247863247863245,0.8529411764705882,0.6299145299145299,0.080228597385892136,0.38205128205128203,0.34752136752136753,3
yyxu0snt,1,0,,0.33888888888888891,30,0.6645299145299145,0.00053192515432098767,0.5675213675213675,0.61038961038961037,0.3576923076923077,0.046219113016450507,0.23931623931623933,0.43358974358974356,1
yz331p77,2,1,0.99708157777786255,0.91196581196581195,9,0.21752136752136753,0.00067729766803840876,0.51623931623931629,1.168421052631579,0.72820512820512817,0.01809778924109853,0.080341880341880348,0.4908547008547009,18
z15t9fyy,3,0,,0.33888888888888891,125,0.97435897435897434,8.6323302469135804e-05,0.86196581196581201,0.3380281690140845,0.14615384615384616,0.085979397943302074,0.40085470085470087,0.54444444444444451,3
z2nrevao,4,0,,0.33888888888888891,15,0.40555555555555556,0.00089795524691358027,0.46752136752136753,0.49494949494949497,0.25555555555555554,0.15652921480388587,0.59230769230769231,0.411965811965812,6
z5lwwo14,1,0,,0.33888888888888891,9,0.21752136752136753,4.0509259259259258e-05,0.93888888888888888,0.87,0.64529914529914534,0.080061811039340958,0.38034188034188032,0.50418803418803415,3
z7t26zyy,2,0,,0.33888888888888891,135,0.98119658119658115,0.00052816901408450699,0.56837606837606836,0.25494505494505493,0.088888888888888892,0.038318734723794899,0.20000000000000001,0.43547008547008542,2
zac9mxns,2,0,,0.33888888888888891,42,0.77521367521367524,0.0030434992283950618,0.25384615384615383,0.45054945054945056,0.2264957264957265,0.88076525922288806,0.99230769230769234,0.51735042735042736,14
zf7d7fqv,1,0,,0.33888888888888891,30,0.6645299145299145,6.5104166666666666e-05,0.89358974358974363,0.44444444444444442,0.22136752136752136,0.21259931888129391,0.68034188034188037,0.55974358974358973,7
zg417st5,5,1,0.99804055690765381,0.95299145299145294,49,0.80854700854700856,0.0012413194444444444,0.41111111111111109,2.1124999999999998,0.82905982905982911,0.84652498391367059,0.97948717948717945,0.79623931623931621,5
zib0ib5u,1,0,,0.33888888888888891,8,0.18247863247863247,0.0081206597222222218,0.12222222222222222,0.875,0.64786324786324789,0.065424733716744884,0.32564102564102565,0.32341880341880341,9
zid4bbd9,1,0,,0.33888888888888891,40,0.7632478632478632,0.010451871141975308,0.097435897435897437,0.47368421052631576,0.24017094017094018,0.096405181709613555,0.42991452991452994,0.37393162393162399,5
ziw0n3qv,1,0,,0.33888888888888891,47,0.79829059829059834,0.020139853395061729,0.052991452991452991,0.36363636363636365,0.16923076923076924,0.19087949877960075,0.652991452991453,0.40247863247863247,5
zj3p2iaa,1,0,,0.33888888888888891,14,0.38076923076923075,0.0025322014051522247,0.28547008547008546,0.68316831683168322,0.43675213675213675,0.052743722762433172,0.27350427350427353,0.34307692307692311,12
zmdg3jib,1,0,,0.33888888888888891,6,0.089743589743589744,0.03150993441358025,0.02564102564102564,0.90769230769230769,0.68376068376068377,0.16783044452855495,0.61452991452991457,0.35051282051282051,4
zmnolf50,1,1,0.9865492582321167,0.74700854700854702,6,0.089743589743589744,6.1848958333333339e-05,0.90000000000000002,1.8888888888888888,0.81709401709401708,0.0052081893154205163,0.015384615384615385,0.51384615384615384,5
znfbrgba,1,0,,0.33888888888888891,52,0.81709401709401708,0.001752025462962963,0.34358974358974359,0.50769230769230766,0.26410256410256411,0.33153721322752222,0.80341880341880345,0.51341880341880342,16
znlh28sl,3,0,,0.33888888888888891,34,0.7153846153846154,0.0027686149691358024,0.26666666666666666,0.40860215053763443,0.19743589743589743,0.51869589834065633,0.90598290598290598,0.48487179487179483,14
zpfdlnkr,1,0,,0.33888888888888891,7,0.14017094017094017,0.0035937500000000002,0.23589743589743589,0.84999999999999998,0.62521367521367521,0.39673393173534388,0.84188034188034189,0.43641025641025644,11
zpjsz5f5,2,0,,0.33888888888888891,18,0.46410256410256412,9.6450617283950615e-06,0.99059829059829063,0.61111111111111116,0.35982905982905983,0.46017377235875123,0.87777777777777777,0.60623931623931626,14
zptfuv8s,1,1,0.98136615753173828,0.72307692307692306,16,0.4252136752136752,0.0019191919191919192,0.33076923076923076,1.5,0.75897435897435894,0.029959539065966958,0.14529914529914531,0.47666666666666668,10
zuodpg0w,2,0,,0.33888888888888891,7,0.14017094017094017,0.00053530092592592594,0.5658119658119658,0.7567567567567568,0.52564102564102566,0.45501096364331411,0.87264957264957266,0.48863247863247866,2
zvjnb8cp,1,0,,0.33888888888888891,120,0.97136752136752136,0.00010850694444444444,0.82564102564102559,0.71764705882352942,0.47393162393162391,0.063740657324144204,0.32136752136752139,0.58623931623931624,11
zvsjrczm,1,0,,0.33888888888888891,71,0.89230769230769236,0.026614101080246914,0.037606837606837605,0.27184466019417475,0.098290598290598288,0.41965308817367819,0.85641025641025637,0.44470085470085474,14
zw325fa4,4,1,0.9948505163192749,0.8504273504273504,18,0.46410256410256412,6.896219135802469e-05,0.88717948717948714,1.9634146341463414,0.82307692307692304,0.11961133880586851,0.4982905982905983,0.70461538461538464,5
zxh1jkdr,5,0,,0.33888888888888891,12,0.32350427350427352,0.0001398533950617284,0.79145299145299142,0.65413533834586468,0.40598290598290598,0.08641632136824004,0.40256410256410258,0.45247863247863246,6
zxjkp4zx,1,0,,0.33888888888888891,8,0.18247863247863247,7.5713734567901228e-05,0.87948717948717947,0.88405797101449279,0.65982905982905982,0.044697521606523995,0.23247863247863249,0.45863247863247858,4
