split,video,frame_idx,obj_idx,object_id,n_objects,baseline_memory_encoded,pointer_valid,pointer_is_no_obj_sentinel,object_score_logit,object_score_prob,self_anchor_cos_fp32,max_tracked_competitor_cos_fp32,competitor_object_id,identity_margin_fp32,distance_to_no_obj_ptr,max_abs_diff_to_no_obj_ptr,obj_ptr_l2_norm
TRAIN,5hcafebs,1,0,1,10,1,1,0,8.5625,0.9998089671134949,0.3811403512954712,0.38384339213371277,6,-0.002703040838241577,13.50956916809082,2.4350483417510986,12.637250900268555
TRAIN,5hcafebs,1,1,2,10,1,1,0,9.375,0.9999151229858398,0.2591140568256378,0.30626845359802246,6,-0.047154396772384644,12.749366760253906,2.2386257648468018,11.949013710021973
TRAIN,5hcafebs,1,2,3,10,1,1,0,5.65625,0.9965165853500366,-0.27163881063461304,0.41257351636886597,9,-0.684212327003479,14.398672103881836,2.5355007648468018,13.373805046081543
TRAIN,5hcafebs,1,3,4,10,1,1,0,6.1875,0.9979493021965027,-0.26511168479919434,0.4348590672016144,6,-0.6999707221984863,14.832975387573242,2.6381733417510986,13.833268165588379
TRAIN,5hcafebs,1,4,5,10,1,1,0,7.875,0.9996199607849121,0.27168023586273193,0.3201807737350464,6,-0.04850053787231445,12.881942749023438,2.4037983417510986,12.131978988647461
TRAIN,5hcafebs,1,5,6,10,1,1,0,7.34375,0.99935382604599,0.33857303857803345,0.3301057815551758,1,0.008467257022857666,12.596222877502441,2.7162983417510986,11.941569328308105
TRAIN,5hcafebs,1,6,7,10,1,1,0,8.8125,0.9998511075973511,0.26985546946525574,0.2880101501941681,6,-0.018154680728912354,13.535795211791992,2.9037983417510986,13.003130912780762
TRAIN,5hcafebs,1,7,8,10,1,1,0,8.625,0.9998205304145813,0.33057132363319397,0.3522930145263672,6,-0.021721690893173218,13.083250999450684,2.4194233417510986,12.34703254699707
TRAIN,5hcafebs,1,8,9,10,1,1,0,8.4375,0.999783456325531,0.2894241213798523,0.3028881251811981,6,-0.013464003801345825,13.796825408935547,2.8256733417510986,13.15390396118164
TRAIN,5hcafebs,1,9,10,10,1,1,0,7.5625,0.999480664730072,0.25817355513572693,0.27939698100090027,6,-0.02122342586517334,12.316109657287598,2.524033546447754,11.308733940124512
TRAIN,5hcafebs,2,0,1,10,1,1,0,8.0625,0.9996849298477173,0.38912421464920044,0.3987705707550049,6,-0.009646356105804443,12.496170043945312,2.2006733417510986,11.511401176452637
TRAIN,5hcafebs,2,1,2,10,1,1,0,9.0,0.9998766183853149,0.2699553072452545,0.320872962474823,6,-0.05091765522956848,12.520236015319824,2.1605007648468018,11.686233520507812
TRAIN,5hcafebs,2,2,3,10,1,1,0,4.375,0.9875683188438416,-0.26582902669906616,0.41856110095977783,9,-0.684390127658844,14.380735397338867,2.6448757648468018,13.371053695678711
TRAIN,5hcafebs,2,3,4,10,1,1,0,5.8125,0.9970190525054932,-0.3289630115032196,0.44698184728622437,6,-0.7759448289871216,15.188238143920898,2.5180583000183105,14.024450302124023
TRAIN,5hcafebs,2,4,5,10,1,1,0,7.46875,0.9994296431541443,0.2686220109462738,0.32493922114372253,1,-0.05631721019744873,12.950976371765137,2.2475483417510986,12.038229942321777
TRAIN,5hcafebs,2,5,6,10,1,1,0,7.46875,0.9994296431541443,0.377128541469574,0.3650559186935425,1,0.012072622776031494,12.841812133789062,2.4194233417510986,12.021600723266602
TRAIN,5hcafebs,2,6,7,10,1,1,0,8.0625,0.9996849298477173,0.24650324881076813,0.25769615173339844,10,-0.01119290292263031,11.828307151794434,2.0912983417510986,11.144476890563965
TRAIN,5hcafebs,2,7,8,10,1,1,0,8.5,0.9997965693473816,0.3039000630378723,0.3377985656261444,6,-0.033898502588272095,11.18387508392334,2.0600483417510986,10.357867240905762
TRAIN,5hcafebs,2,8,9,10,1,1,0,7.40625,0.9993928670883179,0.3270334303379059,0.36316338181495667,6,-0.03612995147705078,13.636605262756348,2.6694233417510986,12.865584373474121
TRAIN,5hcafebs,2,9,10,10,1,1,0,7.96875,0.9996540546417236,0.34576189517974854,0.3645830452442169,6,-0.018821150064468384,10.86844253540039,2.047471046447754,9.820444107055664
TRAIN,5hcafebs,3,0,1,10,1,1,0,8.25,0.9997387528419495,0.3737058937549591,0.3734593093395233,6,0.000246584415435791,12.016152381896973,2.0355007648468018,11.080503463745117
TRAIN,5hcafebs,3,1,2,10,1,1,0,8.9375,0.999868631362915,0.2546983063220978,0.31575319170951843,6,-0.061054885387420654,12.259855270385742,2.1850483417510986,11.542478561401367
TRAIN,5hcafebs,3,2,3,10,1,1,0,5.9375,0.997368335723877,-0.2238822877407074,0.40281739830970764,6,-0.626699686050415,9.993054389953613,1.5160346031188965,8.97548770904541
TRAIN,5hcafebs,3,3,4,10,1,1,0,6.1875,0.9979493021965027,-0.2312774658203125,0.3883798122406006,6,-0.6196572780609131,10.919947624206543,1.649033546447754,9.916677474975586
TRAIN,5hcafebs,3,4,5,10,1,1,0,7.4375,0.9994115829467773,0.270522803068161,0.3412177860736847,6,-0.07069498300552368,12.432100296020508,2.1694233417510986,11.511641502380371
TRAIN,5hcafebs,3,5,6,10,1,1,0,7.25,0.9992903470993042,0.3824751079082489,0.37866976857185364,1,0.0038053393363952637,11.3538236618042,2.2162983417510986,10.670326232910156
TRAIN,5hcafebs,3,6,7,10,1,1,0,8.0625,0.9996849298477173,0.35665759444236755,0.39230990409851074,6,-0.03565230965614319,12.140548706054688,1.8948757648468018,11.049803733825684
TRAIN,5hcafebs,3,7,8,10,1,1,0,8.6875,0.9998313188552856,0.2720443308353424,0.28541597723960876,6,-0.013371646404266357,11.320426940917969,1.977158546447754,10.57109260559082
TRAIN,5hcafebs,3,8,9,10,1,1,0,7.8125,0.999595582485199,0.37396422028541565,0.3952808976173401,6,-0.02131667733192444,12.100900650024414,1.969346046447754,11.02139663696289
TRAIN,5hcafebs,3,9,10,10,1,1,0,8.375,0.9997695088386536,0.2809804379940033,0.3236226439476013,6,-0.04264220595359802,12.39223575592041,2.414658546447754,11.390350341796875
TRAIN,5hcafebs,4,0,1,10,1,1,0,7.8125,0.999595582485199,0.3299444019794464,0.3350222408771515,6,-0.005077838897705078,11.81456184387207,2.2230007648468018,10.970070838928223
TRAIN,5hcafebs,4,1,2,10,1,1,0,8.4375,0.999783456325531,0.27127209305763245,0.31716302037239075,6,-0.0458909273147583,12.599610328674316,2.1917507648468018,11.854629516601562
TRAIN,5hcafebs,4,2,3,10,1,1,0,5.9375,0.997368335723877,-0.2280966341495514,0.38927438855171204,6,-0.6173710227012634,11.027364730834961,1.7728058099746704,10.036053657531738
TRAIN,5hcafebs,4,3,4,10,1,1,0,6.15625,0.9978843331336975,-0.20156078040599823,0.41366156935691833,1,-0.6152223348617554,11.605795860290527,1.7944234609603882,10.7031831741333
TRAIN,5hcafebs,4,4,5,10,1,1,0,7.0,0.9990890026092529,0.24285177886486053,0.30804067850112915,6,-0.06518889963626862,12.52407169342041,2.2319233417510986,11.647777557373047
TRAIN,5hcafebs,4,5,6,10,1,1,0,6.90625,0.9989995360374451,0.34372469782829285,0.35398828983306885,8,-0.010263592004776001,11.927138328552246,2.3323757648468018,11.022160530090332
TRAIN,5hcafebs,4,6,7,10,1,1,0,8.0,0.9996646642684937,0.24677126109600067,0.2715632915496826,6,-0.024792030453681946,13.077781677246094,2.4506733417510986,12.480279922485352
TRAIN,5hcafebs,4,7,8,10,1,1,0,8.875,0.9998601675033569,0.22290608286857605,0.22553223371505737,6,-0.0026261508464813232,11.270269393920898,2.203721046447754,10.503044128417969
TRAIN,5hcafebs,4,8,9,10,1,1,0,7.625,0.9995121955871582,0.33428871631622314,0.3527058959007263,1,-0.018417179584503174,11.433099746704102,1.8636257648468018,10.586255073547363
TRAIN,5hcafebs,4,9,10,10,1,1,0,8.6875,0.9998313188552856,0.2573341727256775,0.2919074594974518,6,-0.03457328677177429,13.101231575012207,2.508408546447754,12.195693969726562
TRAIN,5hcafebs,5,0,1,10,1,1,0,7.46875,0.9994296431541443,0.35477399826049805,0.359297513961792,6,-0.004523515701293945,12.019455909729004,2.1694233417510986,11.206600189208984
TRAIN,5hcafebs,5,1,2,10,1,1,0,8.6875,0.9998313188552856,0.25622448325157166,0.2942684590816498,6,-0.038043975830078125,12.106880187988281,2.2542507648468018,11.371160507202148
TRAIN,5hcafebs,5,2,3,10,1,1,0,6.15625,0.9978843331336975,-0.24113620817661285,0.3509265184402466,6,-0.5920627117156982,11.504326820373535,2.0511257648468018,10.493257522583008
TRAIN,5hcafebs,5,3,4,10,1,1,0,6.28125,0.9981324076652527,-0.22851680219173431,0.3890352249145508,6,-0.6175520420074463,12.194698333740234,1.8491109609603882,11.236475944519043
TRAIN,5hcafebs,5,4,5,10,1,1,0,6.6875,0.9987550973892212,0.20786380767822266,0.248207688331604,1,-0.04034388065338135,12.306958198547363,2.117783546447754,11.484588623046875
TRAIN,5hcafebs,5,5,6,10,1,1,0,7.21875,0.9992678761482239,0.3425615429878235,0.3407314717769623,1,0.001830071210861206,11.724609375,2.0823757648468018,10.851423263549805
TRAIN,5hcafebs,5,6,7,10,1,1,0,7.53125,0.999464213848114,0.2046705037355423,0.2227286398410797,6,-0.018058136105537415,12.933594703674316,2.4350483417510986,12.383013725280762
TRAIN,5hcafebs,5,7,8,10,1,1,0,8.4375,0.999783456325531,0.25633713603019714,0.2916950583457947,6,-0.035357922315597534,11.243746757507324,2.0082221031188965,10.377033233642578
TRAIN,5hcafebs,5,8,9,10,1,1,0,7.625,0.9995121955871582,0.32019633054733276,0.33665499091148376,1,-0.016458660364151,12.268645286560059,2.117783546447754,11.355661392211914
TRAIN,5hcafebs,5,9,10,10,1,1,0,8.875,0.9998601675033569,0.2657482922077179,0.2954931855201721,6,-0.029744893312454224,12.841824531555176,2.406846046447754,11.93142318725586
TRAIN,5hcafebs,6,0,1,10,1,1,0,7.4375,0.9994115829467773,0.360526978969574,0.3617285490036011,6,-0.0012015700340270996,11.530261039733887,1.9819234609603882,10.668725967407227
TRAIN,5hcafebs,6,1,2,10,1,1,0,8.5625,0.9998089671134949,0.24110713601112366,0.2685863673686981,8,-0.027479231357574463,13.53350830078125,2.4573757648468018,12.810237884521484
TRAIN,5hcafebs,6,2,3,10,1,1,0,6.75,0.9988304972648621,-0.21482226252555847,0.35566312074661255,6,-0.5704853534698486,11.536385536193848,1.9417507648468018,10.596247673034668
TRAIN,5hcafebs,6,3,4,10,1,1,0,6.21875,0.9980121850967407,-0.22222287952899933,0.36746925115585327,6,-0.5896921157836914,12.37179183959961,1.9975484609603882,11.434995651245117
TRAIN,5hcafebs,6,4,5,10,1,1,0,6.875,0.9989677667617798,0.2388460636138916,0.27961206436157227,6,-0.040766000747680664,11.575919151306152,2.031846046447754,10.745142936706543
TRAIN,5hcafebs,6,5,6,10,1,1,0,7.3125,0.9993333220481873,0.34655195474624634,0.34773075580596924,1,-0.0011788010597229004,11.81965446472168,2.1605007648468018,11.020593643188477
TRAIN,5hcafebs,6,6,7,10,1,1,0,7.75,0.9995694756507874,0.19456374645233154,0.21760764718055725,6,-0.023043900728225708,12.867915153503418,2.328721046447754,12.1918363571167
TRAIN,5hcafebs,6,7,8,10,1,1,0,8.4375,0.999783456325531,0.23306897282600403,0.2564091086387634,6,-0.0233401358127594,11.681550979614258,2.086533546447754,10.939011573791504
TRAIN,5hcafebs,6,8,9,10,1,1,0,7.8125,0.999595582485199,0.3266809284687042,0.34306755661964417,1,-0.01638662815093994,11.998442649841309,2.0287983417510986,11.21203899383545
TRAIN,5hcafebs,6,9,10,10,1,1,0,8.875,0.9998601675033569,0.28250038623809814,0.31166353821754456,6,-0.02916315197944641,13.164206504821777,2.617783546447754,12.141849517822266
TRAIN,5hcafebs,7,0,1,10,1,1,0,7.6875,0.9995417594909668,0.36417147517204285,0.36463698744773865,6,-0.0004655122756958008,12.267481803894043,2.0756733417510986,11.415070533752441
TRAIN,5hcafebs,7,1,2,10,1,1,0,8.625,0.9998205304145813,0.25909844040870667,0.295693039894104,6,-0.03659459948539734,11.761026382446289,2.1761257648468018,11.00682258605957
TRAIN,5hcafebs,7,2,3,10,1,1,0,6.8125,0.9989012479782104,-0.24740980565547943,0.3541065454483032,8,-0.6015163660049438,11.349087715148926,1.8792507648468018,10.316763877868652
TRAIN,5hcafebs,7,3,4,10,1,1,0,6.3125,0.9981897473335266,-0.1960429549217224,0.3494674265384674,6,-0.5455104112625122,12.062591552734375,2.0287983417510986,11.187801361083984
TRAIN,5hcafebs,7,4,5,10,1,1,0,6.875,0.9989677667617798,0.25460925698280334,0.29571855068206787,6,-0.041109293699264526,11.765380859375,2.0912983417510986,10.992341995239258
TRAIN,5hcafebs,7,5,6,10,1,1,0,7.625,0.9995121955871582,0.34826868772506714,0.3478452265262604,1,0.0004234611988067627,12.266777992248535,2.1850483417510986,11.492009162902832
TRAIN,5hcafebs,7,6,7,10,1,1,0,8.125,0.9997040629386902,0.2331201732158661,0.26347705721855164,6,-0.030356884002685547,12.541210174560547,2.211533546447754,11.791361808776855
TRAIN,5hcafebs,7,7,8,10,1,1,0,8.75,0.999841570854187,0.24353064596652985,0.26741358637809753,6,-0.023882940411567688,10.725639343261719,2.063096046447754,9.834897994995117
TRAIN,5hcafebs,7,8,9,10,1,1,0,7.9375,0.9996429681777954,0.30994322896003723,0.3189513087272644,1,-0.009008079767227173,12.700498580932617,2.1537983417510986,11.935429573059082
TRAIN,5hcafebs,7,9,10,10,1,1,0,8.5625,0.9998089671134949,0.23890572786331177,0.26821663975715637,6,-0.029310911893844604,13.58127498626709,2.586533546447754,12.70723819732666
TRAIN,5hcafebs,8,0,1,10,1,1,0,7.65625,0.9995272159576416,0.39517614245414734,0.3931148052215576,6,0.0020613372325897217,12.500600814819336,2.1537983417510986,11.65044116973877
TRAIN,5hcafebs,8,1,2,10,1,1,0,8.75,0.999841570854187,0.26794567704200745,0.29565146565437317,1,-0.027705788612365723,11.826165199279785,2.0511257648468018,11.039688110351562
TRAIN,5hcafebs,8,2,3,10,1,1,0,7.03125,0.9991169571876526,-0.2600758671760559,0.33557772636413574,8,-0.5956535935401917,11.212404251098633,2.0667507648468018,10.14249324798584
TRAIN,5hcafebs,8,3,4,10,1,1,0,6.8125,0.9989012479782104,-0.20691458880901337,0.33999118208885193,6,-0.5469057559967041,10.56381893157959,1.7386257648468018,9.61289119720459
TRAIN,5hcafebs,8,4,5,10,1,1,0,7.03125,0.9991169571876526,0.2574346661567688,0.2954025864601135,1,-0.03796792030334473,11.697860717773438,2.0355007648468018,10.955126762390137
TRAIN,5hcafebs,8,5,6,10,1,1,0,7.625,0.9995121955871582,0.34232938289642334,0.3477320671081543,1,-0.005402684211730957,11.65475845336914,2.0511257648468018,10.812853813171387
TRAIN,5hcafebs,8,6,7,10,1,1,0,8.1875,0.9997219443321228,0.27169135212898254,0.3044118583202362,6,-0.03272050619125366,12.001119613647461,2.0707221031188965,11.165483474731445
TRAIN,5hcafebs,8,7,8,10,1,1,0,9.6875,0.999937891960144,0.3075697720050812,0.3653390407562256,6,-0.05776926875114441,11.33179759979248,1.9613471031188965,10.478867530822754
TRAIN,5hcafebs,8,8,9,10,1,1,0,7.5625,0.999480664730072,0.3821777403354645,0.4060995578765869,6,-0.023921817541122437,11.241930961608887,1.8675971031188965,10.236952781677246
TRAIN,5hcafebs,8,9,10,10,1,1,0,8.9375,0.999868631362915,0.300795316696167,0.3374652564525604,6,-0.03666993975639343,12.577455520629883,2.414658546447754,11.544031143188477
TRAIN,5hcafebs,9,0,1,10,1,1,0,7.28125,0.999312162399292,0.44299426674842834,0.44765549898147583,6,-0.004661232233047485,11.854217529296875,2.0369772911071777,10.866009712219238
TRAIN,5hcafebs,9,1,2,10,1,1,0,8.3125,0.9997546076774597,0.3242480456829071,0.3717924654483795,1,-0.04754441976547241,10.490870475769043,1.6839382648468018,9.70143985748291
TRAIN,5hcafebs,9,2,3,10,1,1,0,7.3125,0.9993333220481873,-0.27754953503608704,0.4032699465751648,6,-0.6808195114135742,10.874129295349121,1.641221046447754,9.747673034667969
TRAIN,5hcafebs,9,3,4,10,1,1,0,6.625,0.9986749291419983,-0.27166879177093506,0.3636823296546936,6,-0.6353511214256287,12.333104133605957,2.0444233417510986,11.263875961303711
TRAIN,5hcafebs,9,4,5,10,1,1,0,7.09375,0.9991704225540161,0.2658662796020508,0.3277047276496887,8,-0.06183844804763794,13.765631675720215,2.5042507648468018,12.956315994262695
TRAIN,5hcafebs,9,5,6,10,1,1,0,7.25,0.9992903470993042,0.3789570927619934,0.38146883249282837,1,-0.002511739730834961,11.897326469421387,1.9886257648468018,10.924979209899902
TRAIN,5hcafebs,9,6,7,10,1,1,0,7.96875,0.9996540546417236,0.2644088566303253,0.2869621515274048,6,-0.022553294897079468,12.365213394165039,2.3412983417510986,11.736211776733398
TRAIN,5hcafebs,9,7,8,10,1,1,0,9.625,0.9999339580535889,0.2975282073020935,0.35047823190689087,6,-0.05295002460479736,10.770380973815918,1.9769721031188965,9.831864356994629
TRAIN,5hcafebs,9,8,9,10,1,1,0,7.78125,0.9995827078819275,0.35117286443710327,0.3872956335544586,6,-0.03612276911735535,11.984073638916016,2.117783546447754,10.964332580566406
TRAIN,5hcafebs,9,9,10,10,1,1,0,9.3125,0.9999097585678101,0.31688761711120605,0.3656735122203827,1,-0.048785895109176636,12.297687530517578,2.172471046447754,11.250361442565918
TRAIN,5hcafebs,10,0,1,10,1,1,0,7.71875,0.999555766582489,0.42642199993133545,0.42439648509025574,6,0.002025514841079712,12.074359893798828,2.0369772911071777,11.123788833618164
TRAIN,5hcafebs,10,1,2,10,1,1,0,8.625,0.9998205304145813,0.2488745152950287,0.28962695598602295,6,-0.04075244069099426,10.900557518005371,1.8959859609603882,10.151491165161133
TRAIN,5hcafebs,10,2,3,10,1,1,0,7.59375,0.9994966983795166,-0.22567930817604065,0.3933664560317993,6,-0.6190457344055176,11.372601509094238,1.7855007648468018,10.398598670959473
TRAIN,5hcafebs,10,3,4,10,1,1,0,6.53125,0.9985449314117432,-0.24878039956092834,0.37521642446517944,6,-0.6239968538284302,11.583964347839355,1.8725484609603882,10.554990768432617
TRAIN,5hcafebs,10,4,5,10,1,1,0,6.78125,0.9988664388656616,0.23019957542419434,0.2726523280143738,1,-0.04245275259017944,12.431544303894043,2.2319233417510986,11.630595207214355
TRAIN,5hcafebs,10,5,6,10,1,1,0,7.90625,0.9996316432952881,0.4228975772857666,0.41844624280929565,1,0.004451334476470947,11.230388641357422,2.1292507648468018,10.272706985473633
TRAIN,5hcafebs,10,6,7,10,1,1,0,8.0625,0.9996849298477173,0.3124907910823822,0.33580920100212097,8,-0.02331840991973877,12.809986114501953,2.5042507648468018,12.227871894836426
TRAIN,5hcafebs,10,7,8,10,1,1,0,9.8125,0.9999452829360962,0.27746275067329407,0.29269471764564514,6,-0.015231966972351074,11.049378395080566,1.9300971031188965,10.276225090026855
TRAIN,5hcafebs,10,8,9,10,1,1,0,8.0,0.9996646642684937,0.3695133924484253,0.3860112726688385,6,-0.016497880220413208,12.0227689743042,2.1225483417510986,11.215791702270508
TRAIN,5hcafebs,10,9,10,10,1,1,0,8.75,0.999841570854187,0.27089086174964905,0.30162912607192993,1,-0.030738264322280884,12.584455490112305,2.328721046447754,11.669452667236328
TRAIN,5hcafebs,11,0,1,10,1,1,0,7.875,0.9996199607849121,0.41986778378486633,0.4170222282409668,6,0.002845555543899536,12.469030380249023,2.0994772911071777,11.546405792236328
TRAIN,5hcafebs,11,1,2,10,1,1,0,8.5625,0.9998089671134949,0.3028053641319275,0.3319387137889862,1,-0.029133349657058716,11.209114074707031,2.0042507648468018,10.481878280639648
TRAIN,5hcafebs,11,2,3,10,1,1,0,7.4375,0.9994115829467773,-0.20120544731616974,0.39709484577178955,6,-0.5983002781867981,12.260346412658691,2.1069233417510986,11.376999855041504
TRAIN,5hcafebs,11,3,4,10,1,1,0,6.34375,0.998245358467102,-0.23090247809886932,0.37677448987960815,6,-0.6076769828796387,11.863987922668457,1.9819234609603882,10.890435218811035
TRAIN,5hcafebs,11,4,5,10,1,1,0,7.0,0.9990890026092529,0.2640027403831482,0.31689581274986267,1,-0.05289307236671448,12.081445693969727,2.1537983417510986,11.245941162109375
TRAIN,5hcafebs,11,5,6,10,1,1,0,7.75,0.9995694756507874,0.39510390162467957,0.40279215574264526,9,-0.007688254117965698,12.182971000671387,2.4105007648468018,11.319461822509766
TRAIN,5hcafebs,11,6,7,10,1,1,0,8.0,0.9996646642684937,0.3345556855201721,0.35986077785491943,6,-0.025305092334747314,11.966790199279785,2.1917507648468018,11.173254013061523
TRAIN,5hcafebs,11,7,8,10,1,1,0,9.25,0.9999039173126221,0.26018381118774414,0.2876565754413605,6,-0.027472764253616333,11.107341766357422,2.039658546447754,10.240896224975586
TRAIN,5hcafebs,11,8,9,10,1,1,0,8.1875,0.9997219443321228,0.3113035559654236,0.3336241543292999,6,-0.022320598363876343,11.310927391052246,2.156846046447754,10.34459114074707
TRAIN,5hcafebs,11,9,10,10,1,1,0,8.6875,0.9998313188552856,0.2625476121902466,0.2905235290527344,6,-0.027975916862487793,12.453154563903809,2.438096046447754,11.549468994140625
TRAIN,5hcafebs,12,0,1,10,1,1,0,7.90625,0.9996316432952881,0.40688297152519226,0.4019007980823517,6,0.004982173442840576,13.133934020996094,2.2162983417510986,12.290928840637207
TRAIN,5hcafebs,12,1,2,10,1,1,0,9.125,0.9998910427093506,0.2955564856529236,0.3228081166744232,1,-0.027251631021499634,11.6531343460083,2.1448757648468018,10.941719055175781
TRAIN,5hcafebs,12,2,3,10,1,1,0,7.125,0.9991958737373352,-0.23752383887767792,0.42626073956489563,6,-0.6637845635414124,12.15593147277832,1.8569234609603882,11.172679901123047
TRAIN,5hcafebs,12,3,4,10,1,1,0,6.1875,0.9979493021965027,-0.2217002511024475,0.3933282196521759,6,-0.6150285005569458,12.157964706420898,2.0131733417510986,11.216974258422852
TRAIN,5hcafebs,12,4,5,10,1,1,0,7.125,0.9991958737373352,0.24386189877986908,0.2946318984031677,1,-0.050769999623298645,11.766518592834473,2.2319233417510986,11.00616455078125
TRAIN,5hcafebs,12,5,6,10,1,1,0,7.875,0.9996199607849121,0.4051769971847534,0.4103460907936096,9,-0.005169093608856201,11.946549415588379,2.2698757648468018,11.044475555419922
TRAIN,5hcafebs,12,6,7,10,1,1,0,8.0,0.9996646642684937,0.3677346110343933,0.39327800273895264,9,-0.025543391704559326,12.353312492370605,2.3167507648468018,11.659042358398438
TRAIN,5hcafebs,12,7,8,10,1,1,0,9.125,0.9998910427093506,0.25060930848121643,0.27210694551467896,6,-0.021497637033462524,11.800826072692871,2.180283546447754,11.040114402770996
TRAIN,5hcafebs,12,8,9,10,1,1,0,8.0625,0.9996849298477173,0.33471640944480896,0.3578639030456543,6,-0.023147493600845337,11.8157377243042,2.109971046447754,10.857329368591309
TRAIN,5hcafebs,12,9,10,10,1,1,0,8.875,0.9998601675033569,0.250896692276001,0.2905746102333069,6,-0.03967791795730591,12.176817893981934,2.274033546447754,11.309085845947266
TRAIN,5hcafebs,13,0,1,10,1,1,0,8.125,0.9997040629386902,0.4058379828929901,0.4021567106246948,6,0.003681272268295288,12.895905494689941,2.1694233417510986,12.033180236816406
TRAIN,5hcafebs,13,1,2,10,1,1,0,8.8125,0.9998511075973511,0.3170361816883087,0.3503414988517761,1,-0.03330531716346741,10.8042573928833,1.8401882648468018,9.960907936096191
TRAIN,5hcafebs,13,2,3,10,1,1,0,7.125,0.9991958737373352,-0.22386804223060608,0.4181206226348877,6,-0.6419886350631714,12.87790298461914,1.9696462154388428,11.949164390563965
TRAIN,5hcafebs,13,3,4,10,1,1,0,6.375,0.9982993006706238,-0.22202925384044647,0.3731459975242615,6,-0.5951752662658691,12.803289413452148,2.2475483417510986,11.877705574035645
TRAIN,5hcafebs,13,4,5,10,1,1,0,6.96875,0.9990600943565369,0.25016164779663086,0.2954828441143036,1,-0.04532119631767273,11.415023803710938,2.2319233417510986,10.689922332763672
TRAIN,5hcafebs,13,5,6,10,1,1,0,7.25,0.9992903470993042,0.38587358593940735,0.4018212556838989,8,-0.015947669744491577,12.52163314819336,2.1605007648468018,11.58648681640625
TRAIN,5hcafebs,13,6,7,10,1,1,0,7.71875,0.999555766582489,0.31725454330444336,0.3682684004306793,8,-0.05101385712623596,14.254965782165527,2.8792507648468018,13.650053024291992
TRAIN,5hcafebs,13,7,8,10,1,1,0,9.0625,0.9998840093612671,0.24673131108283997,0.2671795189380646,6,-0.02044820785522461,12.340291023254395,2.2113471031188965,11.678254127502441
TRAIN,5hcafebs,13,8,9,10,1,1,0,8.75,0.999841570854187,0.36301425099372864,0.39842796325683594,6,-0.0354137122631073,10.801156997680664,1.8442165851593018,9.816320419311523
TRAIN,5hcafebs,13,9,10,10,1,1,0,9.5,0.9999251365661621,0.3035896122455597,0.3392029404640198,6,-0.03561332821846008,11.098366737365723,2.0238471031188965,10.115303993225098
TRAIN,5hcafebs,14,0,1,10,1,1,0,7.875,0.9996199607849121,0.3633330464363098,0.3647237718105316,6,-0.0013907253742218018,11.900477409362793,2.1225483417510986,10.996358871459961
TRAIN,5hcafebs,14,1,2,10,1,1,0,8.625,0.9998205304145813,0.31388261914253235,0.3545350432395935,1,-0.04065242409706116,11.481643676757812,1.8792507648468018,10.525906562805176
TRAIN,5hcafebs,14,2,3,10,1,1,0,7.9375,0.9996429681777954,-0.1907287836074829,0.4344761371612549,1,-0.6252049207687378,13.151044845581055,1.9462087154388428,12.31787109375
TRAIN,5hcafebs,14,3,4,10,1,1,0,6.5625,0.9985895752906799,-0.23025809228420258,0.41769495606422424,6,-0.6479530334472656,12.58200454711914,1.9975484609603882,11.629019737243652
TRAIN,5hcafebs,14,4,5,10,1,1,0,6.875,0.9989677667617798,0.2422395646572113,0.2956884205341339,6,-0.05344885587692261,11.479753494262695,2.1694233417510986,10.619808197021484
TRAIN,5hcafebs,14,5,6,10,1,1,0,7.5625,0.999480664730072,0.30497226119041443,0.3166230320930481,8,-0.011650770902633667,12.53343391418457,2.133408546447754,11.66728687286377
TRAIN,5hcafebs,14,6,7,10,1,1,0,7.4375,0.9994115829467773,0.20928223431110382,0.2800762951374054,8,-0.07079406082630157,14.095752716064453,2.7073757648468018,13.417853355407715
TRAIN,5hcafebs,14,7,8,10,1,1,0,8.75,0.999841570854187,0.3426697552204132,0.3746204078197479,6,-0.03195065259933472,10.631582260131836,1.891221046447754,9.538152694702148
TRAIN,5hcafebs,14,8,9,10,1,1,0,8.3125,0.9997546076774597,0.3377578556537628,0.35387295484542847,6,-0.01611509919166565,12.332244873046875,2.289658546447754,11.36688232421875
TRAIN,5hcafebs,14,9,10,10,1,1,0,9.25,0.9999039173126221,0.29661300778388977,0.3399747610092163,6,-0.04336175322532654,11.69140911102295,2.1175971031188965,10.877161979675293
TRAIN,5hcafebs,15,0,1,10,1,1,0,7.65625,0.9995272159576416,0.3815527558326721,0.3793606162071228,6,0.0021921396255493164,13.605244636535645,2.2787983417510986,12.748281478881836
TRAIN,5hcafebs,15,1,2,10,1,1,0,8.125,0.9997040629386902,0.2815929353237152,0.3131226599216461,1,-0.03152972459793091,11.644007682800293,1.9886257648468018,10.787557601928711
TRAIN,5hcafebs,15,2,3,10,1,1,0,7.875,0.9996199607849121,-0.2173028141260147,0.440449595451355,1,-0.6577523946762085,11.913250923156738,1.7348415851593018,10.977346420288086
TRAIN,5hcafebs,15,3,4,10,1,1,0,6.25,0.9980732202529907,-0.20750463008880615,0.4324597120285034,1,-0.6399643421173096,12.889437675476074,1.9662984609603882,12.004911422729492
TRAIN,5hcafebs,15,4,5,10,1,1,0,6.6875,0.9987550973892212,0.22997593879699707,0.28372472524642944,6,-0.05374878644943237,10.652091026306152,2.0131733417510986,9.771256446838379
TRAIN,5hcafebs,15,5,6,10,1,1,0,7.40625,0.9993928670883179,0.3861631155014038,0.3820759952068329,1,0.004087120294570923,11.79338550567627,1.9037984609603882,10.84161376953125
TRAIN,5hcafebs,15,6,7,10,1,1,0,7.0625,0.9991440773010254,0.19643950462341309,0.27026161551475525,8,-0.07382211089134216,12.826183319091797,2.6448757648468018,12.133225440979004
TRAIN,5hcafebs,15,7,8,10,1,1,0,8.5625,0.9998089671134949,0.3263902962207794,0.3756137490272522,6,-0.04922345280647278,10.561362266540527,2.000596046447754,9.419493675231934
TRAIN,5hcafebs,15,8,9,10,1,1,0,8.0,0.9996646642684937,0.3024217188358307,0.3224751353263855,6,-0.02005341649055481,11.448421478271484,2.406846046447754,10.337966918945312
TRAIN,5hcafebs,15,9,10,10,1,1,0,9.5625,0.999929666519165,0.35465821623802185,0.3687037229537964,1,-0.014045506715774536,10.943480491638184,1.969346046447754,9.863258361816406
TRAIN,5hcafebs,16,0,1,10,1,1,0,7.34375,0.99935382604599,0.3419441878795624,0.3437776565551758,8,-0.0018334686756134033,12.126052856445312,2.0198757648468018,11.309008598327637
TRAIN,5hcafebs,16,1,2,10,1,1,0,7.6875,0.9995417594909668,0.25947773456573486,0.28766241669654846,8,-0.0281846821308136,13.501988410949707,2.4417507648468018,12.70758056640625
TRAIN,5hcafebs,16,2,3,10,1,1,0,6.3125,0.9981897473335266,-0.1992807537317276,0.33958274126052856,1,-0.538863480091095,10.661763191223145,1.8274933099746704,9.734667778015137
TRAIN,5hcafebs,16,3,4,10,1,1,0,6.15625,0.9978843331336975,-0.18860776722431183,0.3959621787071228,1,-0.5845699310302734,12.665253639221191,1.8792507648468018,11.826213836669922
TRAIN,5hcafebs,16,4,5,10,1,1,0,6.875,0.9989677667617798,0.2445812076330185,0.30334901809692383,1,-0.058767810463905334,11.690192222595215,2.0756733417510986,10.825555801391602
TRAIN,5hcafebs,16,5,6,10,1,1,0,7.3125,0.9993333220481873,0.37382957339286804,0.3703887164592743,1,0.00344085693359375,11.892410278320312,1.9741109609603882,10.992655754089355
TRAIN,5hcafebs,16,6,7,10,1,1,0,7.375,0.999373733997345,0.17430487275123596,0.2193669080734253,8,-0.04506203532218933,13.589259147644043,2.6448757648468018,12.92874813079834
TRAIN,5hcafebs,16,7,8,10,1,1,0,9.625,0.9999339580535889,0.2528165578842163,0.308415025472641,6,-0.05559846758842468,10.722826957702637,1.899033546447754,9.811697006225586
TRAIN,5hcafebs,16,8,9,10,1,1,0,8.25,0.9997387528419495,0.3169499635696411,0.3395610451698303,6,-0.02261108160018921,11.400224685668945,1.922471046447754,10.549054145812988
TRAIN,5hcafebs,16,9,10,10,1,1,0,9.0,0.9998766183853149,0.3030532896518707,0.35937708616256714,6,-0.05632379651069641,12.82253646850586,2.320908546447754,11.807373046875
TRAIN,5hcafebs,17,0,1,10,1,1,0,7.71875,0.999555766582489,0.36733362078666687,0.36293596029281616,6,0.004397660493850708,12.061056137084961,1.9573757648468018,11.197408676147461
TRAIN,5hcafebs,17,1,2,10,1,1,0,8.125,0.9997040629386902,0.2538985013961792,0.27795475721359253,8,-0.02405625581741333,12.056938171386719,2.1292507648468018,11.299860000610352
TRAIN,5hcafebs,17,2,3,10,1,1,0,6.40625,0.9983515739440918,-0.21811221539974213,0.3286972641944885,6,-0.5468094944953918,11.222241401672363,2.0823757648468018,10.263702392578125
TRAIN,5hcafebs,17,3,4,10,1,1,0,6.84375,0.9989350438117981,-0.2476409673690796,0.3717939853668213,6,-0.6194349527359009,10.890252113342285,1.6634308099746704,9.842782974243164
TRAIN,5hcafebs,17,4,5,10,1,1,0,7.15625,0.999220609664917,0.28240954875946045,0.3324275016784668,1,-0.05001795291900635,11.491414070129395,1.9105007648468018,10.565235137939453
TRAIN,5hcafebs,17,5,6,10,1,1,0,7.375,0.999373733997345,0.3383989632129669,0.3394969403743744,1,-0.0010979771614074707,12.47559642791748,2.2230007648468018,11.617809295654297
TRAIN,5hcafebs,17,6,7,10,1,1,0,7.8125,0.999595582485199,0.2428714483976364,0.2950081527233124,8,-0.052136704325675964,12.539074897766113,2.3792507648468018,11.61489486694336
TRAIN,5hcafebs,17,7,8,10,1,1,0,9.375,0.9999151229858398,0.2805340886116028,0.3265840709209442,6,-0.04604998230934143,11.136988639831543,1.9925971031188965,10.203278541564941
TRAIN,5hcafebs,17,8,9,10,1,1,0,8.5,0.9997965693473816,0.2880832552909851,0.31164321303367615,6,-0.02355995774269104,11.885539054870605,2.461533546447754,10.951642036437988
TRAIN,5hcafebs,17,9,10,10,1,1,0,9.0,0.9998766183853149,0.3017657995223999,0.3439609408378601,6,-0.042195141315460205,11.817078590393066,2.164658546447754,10.837518692016602
TRAIN,5hcafebs,18,0,1,10,1,1,0,7.46875,0.9994296431541443,0.3709700107574463,0.3729388117790222,6,-0.0019688010215759277,11.94720458984375,2.1381733417510986,11.05903434753418
TRAIN,5hcafebs,18,1,2,10,1,1,0,7.90625,0.9996316432952881,0.2870679199695587,0.29711878299713135,8,-0.010050863027572632,10.959708213806152,2.0980007648468018,10.17707347869873
TRAIN,5hcafebs,18,2,3,10,1,1,0,7.34375,0.99935382604599,-0.25375279784202576,0.35729050636291504,6,-0.6110433340072632,12.2293119430542,2.2230007648468018,11.20485782623291
TRAIN,5hcafebs,18,3,4,10,1,1,0,5.90625,0.997285008430481,-0.3000238537788391,0.4214048385620117,6,-0.7214286923408508,12.583930015563965,1.9925971031188965,11.446124076843262
TRAIN,5hcafebs,18,4,5,10,1,1,0,6.84375,0.9989350438117981,0.21845558285713196,0.279013454914093,1,-0.06055787205696106,13.195499420166016,2.3412983417510986,12.382905960083008
TRAIN,5hcafebs,18,5,6,10,1,1,0,7.0625,0.9991440773010254,0.37754756212234497,0.3940958082675934,8,-0.016548246145248413,12.109936714172363,2.3792507648468018,11.355263710021973
TRAIN,5hcafebs,18,6,7,10,1,1,0,8.0,0.9996646642684937,0.23729939758777618,0.29242199659347534,8,-0.05512259900569916,13.247255325317383,2.4105007648468018,12.490083694458008
TRAIN,5hcafebs,18,7,8,10,1,1,0,8.875,0.9998601675033569,0.25634217262268066,0.2864190638065338,6,-0.03007689118385315,11.236672401428223,2.172471046447754,10.321938514709473
TRAIN,5hcafebs,18,8,9,10,1,1,0,8.8125,0.9998511075973511,0.40218591690063477,0.40620118379592896,6,-0.0040152668952941895,11.696442604064941,1.9613471031188965,10.785483360290527
TRAIN,5hcafebs,18,9,10,10,1,1,0,9.375,0.9999151229858398,0.3082725405693054,0.3610890507698059,6,-0.05281651020050049,12.543697357177734,2.2894721031188965,11.595109939575195
TRAIN,5hcafebs,19,0,1,10,1,1,0,7.40625,0.9993928670883179,0.3888164162635803,0.38971924781799316,6,-0.0009028315544128418,12.056259155273438,2.1850483417510986,11.170707702636719
TRAIN,5hcafebs,19,1,2,10,1,1,0,8.375,0.9997695088386536,0.33619430661201477,0.3646506071090698,1,-0.028456300497055054,9.630875587463379,1.5980007648468018,8.726897239685059
TRAIN,5hcafebs,19,2,3,10,1,1,0,7.53125,0.999464213848114,-0.2593059837818146,0.42822033166885376,6,-0.6875263452529907,12.135004043579102,1.9067165851593018,11.093379974365234
TRAIN,5hcafebs,19,3,4,10,1,1,0,5.625,0.9964063763618469,-0.2640511393547058,0.4351682662963867,1,-0.6992194056510925,12.549057006835938,2.0082221031188965,11.505332946777344
TRAIN,5hcafebs,19,4,5,10,1,1,0,6.875,0.9989677667617798,0.22273321449756622,0.2753669023513794,8,-0.05263368785381317,12.214725494384766,2.266221046447754,11.351852416992188
TRAIN,5hcafebs,19,5,6,10,1,1,0,7.375,0.999373733997345,0.3989953100681305,0.40871769189834595,8,-0.009722381830215454,11.369850158691406,2.0198757648468018,10.497198104858398
TRAIN,5hcafebs,19,6,7,10,1,1,0,7.96875,0.9996540546417236,0.2759222686290741,0.327427476644516,8,-0.051505208015441895,12.748571395874023,2.1605007648468018,11.855036735534668
TRAIN,5hcafebs,19,7,8,10,1,1,0,8.9375,0.999868631362915,0.3044477701187134,0.3335162401199341,6,-0.029068470001220703,10.89627456665039,1.8363471031188965,9.94288158416748
TRAIN,5hcafebs,19,8,9,10,1,1,0,8.125,0.9997040629386902,0.3606117367744446,0.36669138073921204,1,-0.006079643964767456,11.260650634765625,2.266221046447754,10.198939323425293
TRAIN,5hcafebs,19,9,10,10,1,1,0,9.5625,0.999929666519165,0.2847282886505127,0.34389057755470276,6,-0.059162288904190063,13.286519050598145,2.3519721031188965,12.419373512268066
TRAIN,5hcafebs,20,0,1,10,1,1,0,7.6875,0.9995417594909668,0.3983435034751892,0.39221176505088806,6,0.0061317384243011475,12.02981948852539,2.0131733417510986,11.176939964294434
TRAIN,5hcafebs,20,1,2,10,1,1,0,8.375,0.9997695088386536,0.2887359857559204,0.3141949474811554,1,-0.025458961725234985,11.100483894348145,1.9417507648468018,10.161236763000488
TRAIN,5hcafebs,20,2,3,10,1,1,0,7.03125,0.9991169571876526,-0.21617530286312103,0.36194080114364624,6,-0.5781161189079285,11.933465957641602,1.8881734609603882,11.001137733459473
TRAIN,5hcafebs,20,3,4,10,1,1,0,5.40625,0.9955315589904785,-0.21197231113910675,0.4062982201576233,1,-0.6182705163955688,12.395561218261719,1.8725484609603882,11.486831665039062
TRAIN,5hcafebs,20,4,5,10,1,1,0,7.09375,0.9991704225540161,0.24575278162956238,0.28302720189094543,6,-0.03727442026138306,10.36998176574707,1.9662984609603882,9.455342292785645
TRAIN,5hcafebs,20,5,6,10,1,1,0,7.375,0.999373733997345,0.3347230553627014,0.33889108896255493,1,-0.004168033599853516,11.880125999450684,2.1381733417510986,11.12886905670166
TRAIN,5hcafebs,20,6,7,10,1,1,0,7.53125,0.999464213848114,0.35466858744621277,0.38405096530914307,9,-0.029382377862930298,11.23541259765625,2.0355007648468018,10.377327919006348
TRAIN,5hcafebs,20,7,8,10,1,1,0,9.0625,0.9998840093612671,0.2879994511604309,0.3106573820114136,6,-0.022657930850982666,11.355040550231934,2.133408546447754,10.406624794006348
TRAIN,5hcafebs,20,8,9,10,1,1,0,8.875,0.9998601675033569,0.3923524022102356,0.39646220207214355,1,-0.004109799861907959,12.563175201416016,2.164658546447754,11.504179954528809
TRAIN,5hcafebs,20,9,10,10,1,1,0,9.625,0.9999339580535889,0.31106069684028625,0.37277504801750183,6,-0.061714351177215576,13.021416664123535,2.274033546447754,11.997335433959961
TRAIN,5hcafebs,21,0,1,10,1,1,0,7.25,0.9992903470993042,0.34956589341163635,0.34636613726615906,6,0.003199756145477295,13.508172035217285,2.2006733417510986,12.688215255737305
TRAIN,5hcafebs,21,1,2,10,1,1,0,7.96875,0.9996540546417236,0.22413405776023865,0.2564384341239929,8,-0.03230437636375427,13.168335914611816,2.2230007648468018,12.455583572387695
TRAIN,5hcafebs,21,2,3,10,1,1,0,6.875,0.9989677667617798,-0.21466635167598724,0.36527833342552185,1,-0.5799446702003479,12.206175804138184,1.9261257648468018,11.285283088684082
TRAIN,5hcafebs,21,3,4,10,1,1,0,5.90625,0.997285008430481,-0.2670593559741974,0.3599208891391754,1,-0.6269802451133728,10.736592292785645,1.688096046447754,9.633001327514648
TRAIN,5hcafebs,21,4,5,10,1,1,0,7.40625,0.9993928670883179,0.3030392825603485,0.36499613523483276,6,-0.06195685267448425,12.209517478942871,2.5131733417510986,11.470830917358398
TRAIN,5hcafebs,21,5,6,10,1,1,0,7.78125,0.9995827078819275,0.3265165090560913,0.32952338457107544,1,-0.003006875514984131,11.097331047058105,1.9417507648468018,10.216389656066895
TRAIN,5hcafebs,21,6,7,10,1,1,0,7.40625,0.9993928670883179,0.29580479860305786,0.3294961452484131,6,-0.033691346645355225,11.913681030273438,2.0863471031188965,11.26917839050293
TRAIN,5hcafebs,21,7,8,10,1,1,0,8.6875,0.9998313188552856,0.323379248380661,0.35451769828796387,6,-0.031138449907302856,11.02859115600586,1.961533546447754,10.05985164642334
TRAIN,5hcafebs,21,8,9,10,1,1,0,8.9375,0.999868631362915,0.30653607845306396,0.3142155110836029,1,-0.00767943263053894,12.3924560546875,2.477158546447754,11.424915313720703
TRAIN,5hcafebs,21,9,10,10,1,1,0,9.0625,0.9998840093612671,0.27652570605278015,0.3087850511074066,6,-0.032259345054626465,11.984251022338867,2.313096046447754,11.05371379852295
TRAIN,5hcafebs,22,0,1,10,1,1,0,7.03125,0.9991169571876526,0.3960495889186859,0.39100292325019836,6,0.005046665668487549,12.463885307312012,2.0213522911071777,11.579026222229004
TRAIN,5hcafebs,22,1,2,10,1,1,0,7.6875,0.9995417594909668,0.22257347404956818,0.26155662536621094,6,-0.03898315131664276,11.914896011352539,2.0600483417510986,11.235809326171875
TRAIN,5hcafebs,22,2,3,10,1,1,0,7.0625,0.9991440773010254,-0.23972822725772858,0.3445032835006714,6,-0.5842314958572388,10.761990547180176,1.7571808099746704,9.731077194213867
TRAIN,5hcafebs,22,3,4,10,1,1,0,6.15625,0.9978843331336975,-0.2634658217430115,0.42357680201530457,6,-0.6870425939559937,13.35187816619873,2.1332221031188965,12.3280668258667
TRAIN,5hcafebs,22,4,5,10,1,1,0,7.40625,0.9993928670883179,0.3001408576965332,0.3605746626853943,6,-0.060433804988861084,11.593663215637207,2.031846046447754,10.54106330871582
TRAIN,5hcafebs,22,5,6,10,1,1,0,7.71875,0.999555766582489,0.3882964253425598,0.39324086904525757,1,-0.004944443702697754,11.337603569030762,1.9105007648468018,10.246772766113281
TRAIN,5hcafebs,22,6,7,10,1,1,0,6.78125,0.9988664388656616,0.31784236431121826,0.36009272933006287,6,-0.042250365018844604,12.377786636352539,2.2425971031188965,11.503097534179688
TRAIN,5hcafebs,22,7,8,10,1,1,0,8.875,0.9998601675033569,0.2517288029193878,0.28326934576034546,6,-0.03154054284095764,11.48737907409668,2.195908546447754,10.646553993225098
TRAIN,5hcafebs,22,8,9,10,1,1,0,8.375,0.9997695088386536,0.26556432247161865,0.2683967649936676,1,-0.00283244252204895,13.458085060119629,2.602158546447754,12.690261840820312
TRAIN,5hcafebs,22,9,10,10,1,1,0,9.375,0.9999151229858398,0.29354292154312134,0.32787033915519714,1,-0.034327417612075806,12.190136909484863,2.141221046447754,11.211716651916504
TRAIN,5hcafebs,23,0,1,10,1,1,0,7.1875,0.9992445707321167,0.3675258755683899,0.3629226088523865,6,0.004603266716003418,12.490303039550781,2.3881733417510986,11.740824699401855
TRAIN,5hcafebs,23,1,2,10,1,1,0,8.625,0.9998205304145813,0.27045196294784546,0.31539392471313477,1,-0.04494196176528931,12.132598876953125,1.9261257648468018,11.27879524230957
TRAIN,5hcafebs,23,2,3,10,1,1,0,7.78125,0.9995827078819275,-0.22651706635951996,0.427864134311676,6,-0.6543812155723572,12.216151237487793,1.9620333909988403,11.263833045959473
TRAIN,5hcafebs,23,3,4,10,1,1,0,6.125,0.9978172779083252,-0.22463056445121765,0.4304717183113098,1,-0.6551022529602051,12.671217918395996,1.8519721031188965,11.735474586486816
TRAIN,5hcafebs,23,4,5,10,1,1,0,7.0625,0.9991440773010254,0.25832685828208923,0.294575959444046,6,-0.03624910116195679,10.727008819580078,2.2319233417510986,10.01965618133545
TRAIN,5hcafebs,23,5,6,10,1,1,0,7.28125,0.999312162399292,0.30852141976356506,0.3376859724521637,8,-0.029164552688598633,13.267317771911621,2.1292507648468018,12.512982368469238
TRAIN,5hcafebs,23,6,7,10,1,1,0,7.21875,0.9992678761482239,0.3464739918708801,0.39300793409347534,6,-0.046533942222595215,13.540102005004883,2.3832221031188965,12.813847541809082
TRAIN,5hcafebs,23,7,8,10,1,1,0,9.5625,0.999929666519165,0.3117530345916748,0.34677496552467346,6,-0.03502193093299866,10.925415992736816,1.8050971031188965,9.988872528076172
TRAIN,5hcafebs,23,8,9,10,1,1,0,8.125,0.9997040629386902,0.33416375517845154,0.3411427140235901,1,-0.00697895884513855,12.05729866027832,2.195908546447754,11.118697166442871
TRAIN,5hcafebs,23,9,10,10,1,1,0,9.4375,0.9999203681945801,0.32350704073905945,0.3681867718696594,1,-0.044679731130599976,12.172119140625,2.117783546447754,11.137617111206055
TRAIN,5hcafebs,24,0,1,10,1,1,0,7.1875,0.9992445707321167,0.3405705690383911,0.3455536961555481,8,-0.004983127117156982,12.556862831115723,2.0980007648468018,11.739623069763184
TRAIN,5hcafebs,24,1,2,10,1,1,0,8.0,0.9996646642684937,0.24623659253120422,0.2845301032066345,8,-0.0382935106754303,12.156736373901367,2.1605007648468018,11.337645530700684
TRAIN,5hcafebs,24,2,3,10,1,1,0,6.84375,0.9989350438117981,-0.17576292157173157,0.3447185754776001,2,-0.5204814672470093,11.313058853149414,1.9886257648468018,10.47080135345459
TRAIN,5hcafebs,24,3,4,10,1,1,0,5.625,0.9964063763618469,-0.3119701147079468,0.43437594175338745,1,-0.7463460564613342,10.869641304016113,1.6292206048965454,9.653586387634277
TRAIN,5hcafebs,24,4,5,10,1,1,0,6.75,0.9988304972648621,0.2627773880958557,0.2838311195373535,1,-0.021053731441497803,10.409957885742188,1.883408546447754,9.52688217163086
TRAIN,5hcafebs,24,5,6,10,1,1,0,7.5,0.9994471669197083,0.3506579101085663,0.35543549060821533,1,-0.004777580499649048,11.132177352905273,1.7776882648468018,10.147137641906738
TRAIN,5hcafebs,24,6,7,10,1,1,0,7.53125,0.999464213848114,0.20336759090423584,0.2516785264015198,8,-0.048310935497283936,13.597501754760742,2.5980007648468018,12.895262718200684
TRAIN,5hcafebs,24,7,8,10,1,1,0,8.75,0.999841570854187,0.2765488624572754,0.3056979775428772,6,-0.029149115085601807,11.208967208862305,2.141221046447754,10.304512977600098
TRAIN,5hcafebs,24,8,9,10,1,1,0,9.0,0.9998766183853149,0.3894205093383789,0.40165975689888,6,-0.012239247560501099,11.62617301940918,2.266221046447754,10.549521446228027
TRAIN,5hcafebs,24,9,10,10,1,1,0,8.6875,0.9998313188552856,0.31070786714553833,0.3417111039161682,1,-0.031003236770629883,12.115973472595215,2.0554118156433105,11.194903373718262
TRAIN,5hcafebs,25,0,1,10,1,1,0,7.21875,0.9992678761482239,0.36066609621047974,0.3645492494106293,8,-0.003883153200149536,11.977741241455078,1.9886257648468018,11.134358406066895
TRAIN,5hcafebs,25,1,2,10,1,1,0,8.25,0.9997387528419495,0.2876013219356537,0.31757545471191406,8,-0.029974132776260376,11.752791404724121,2.0355007648468018,10.842771530151367
TRAIN,5hcafebs,25,2,3,10,1,1,0,7.28125,0.999312162399292,-0.20992228388786316,0.41219547390937805,6,-0.6221177577972412,13.11074161529541,2.0946462154388428,12.224871635437012
TRAIN,5hcafebs,25,3,4,10,1,1,0,5.59375,0.996292769908905,-0.18564440310001373,0.33940571546554565,6,-0.5250501036643982,10.479637145996094,1.9037984609603882,9.582382202148438
TRAIN,5hcafebs,25,4,5,10,1,1,0,6.46875,0.9984512329101562,0.30199000239372253,0.3354859948158264,1,-0.03349599242210388,11.73849868774414,2.3725483417510986,11.21379280090332
TRAIN,5hcafebs,25,5,6,10,1,1,0,7.53125,0.999464213848114,0.29832425713539124,0.3070109486579895,8,-0.008686691522598267,11.787668228149414,2.0355007648468018,10.9661865234375
TRAIN,5hcafebs,25,6,7,10,1,1,0,7.1875,0.9992445707321167,0.26002344489097595,0.3283197581768036,8,-0.06829631328582764,14.208374977111816,2.4261257648468018,13.366106986999512
TRAIN,5hcafebs,25,7,8,10,1,1,0,9.125,0.9998910427093506,0.3814087212085724,0.414737343788147,6,-0.033328622579574585,12.478382110595703,1.9145290851593018,11.647215843200684
TRAIN,5hcafebs,25,8,9,10,1,1,0,9.0625,0.9998840093612671,0.3214838206768036,0.3273988962173462,8,-0.0059150755405426025,13.546806335449219,2.406846046447754,12.656228065490723
TRAIN,5hcafebs,25,9,10,10,1,1,0,8.875,0.9998601675033569,0.3137446641921997,0.343874990940094,1,-0.030130326747894287,12.709417343139648,2.250596046447754,11.73499870300293
TRAIN,5hcafebs,26,0,1,10,1,1,0,7.125,0.9991958737373352,0.3594490587711334,0.36742594838142395,8,-0.007976889610290527,11.736644744873047,1.914658546447754,10.817188262939453
TRAIN,5hcafebs,26,1,2,10,1,1,0,8.0625,0.9996849298477173,0.27048954367637634,0.30746230483055115,8,-0.036972761154174805,12.46790885925293,2.0823757648468018,11.565141677856445
TRAIN,5hcafebs,26,2,3,10,1,1,0,7.625,0.9995121955871582,-0.19700965285301208,0.4053890109062195,6,-0.6023986339569092,12.071928024291992,1.9584859609603882,11.194794654846191
TRAIN,5hcafebs,26,3,4,10,1,1,0,5.625,0.9964063763618469,-0.2529295086860657,0.3750127851963043,1,-0.6279423236846924,11.68831729888916,1.844346046447754,10.6513671875
TRAIN,5hcafebs,26,4,5,10,1,1,0,6.21875,0.9980121850967407,0.3278580904006958,0.360135018825531,1,-0.032276928424835205,12.352352142333984,2.3725483417510986,11.715116500854492
TRAIN,5hcafebs,26,5,6,10,1,1,0,7.15625,0.999220609664917,0.2801547646522522,0.30872514843940735,8,-0.02857038378715515,13.09927749633789,2.2386257648468018,12.390122413635254
TRAIN,5hcafebs,26,6,7,10,1,1,0,6.65625,0.9987157583236694,0.31750398874282837,0.365249365568161,9,-0.04774537682533264,12.318520545959473,2.1800971031188965,11.374903678894043
TRAIN,5hcafebs,26,7,8,10,1,1,0,8.8125,0.9998511075973511,0.25466388463974,0.2855256199836731,1,-0.030861735343933105,13.395733833312988,2.3100483417510986,12.797765731811523
TRAIN,5hcafebs,26,8,9,10,1,1,0,8.3125,0.9997546076774597,0.30563491582870483,0.30993765592575073,1,-0.0043027400970458984,13.942419052124023,2.461533546447754,13.139148712158203
TRAIN,5hcafebs,26,9,10,10,1,1,0,8.5,0.9997965693473816,0.279424250125885,0.3145623505115509,1,-0.035138100385665894,14.164640426635742,2.2585368156433105,13.349984169006348
TRAIN,5hcafebs,27,0,1,10,1,1,0,7.375,0.999373733997345,0.403749018907547,0.39441999793052673,6,0.009329020977020264,12.000386238098145,1.8885397911071777,11.07136344909668
TRAIN,5hcafebs,27,1,2,10,1,1,0,9.0,0.9998766183853149,0.2825068533420563,0.3223077654838562,1,-0.03980091214179993,10.690885543823242,1.797471046447754,9.698019027709961
TRAIN,5hcafebs,27,2,3,10,1,1,0,6.71875,0.998793363571167,-0.2367890179157257,0.3219299614429474,8,-0.5587189793586731,12.36618709564209,2.1448757648468018,11.39035415649414
TRAIN,5hcafebs,27,3,4,10,1,1,0,5.1875,0.9944451451301575,-0.241389662027359,0.4159556031227112,1,-0.6573452949523926,10.689851760864258,1.6217870712280273,9.652082443237305
TRAIN,5hcafebs,27,4,5,10,1,1,0,5.96875,0.9974491000175476,0.23876647651195526,0.3022749423980713,8,-0.06350846588611603,15.347443580627441,2.6448757648468018,14.588735580444336
TRAIN,5hcafebs,27,5,6,10,1,1,0,7.53125,0.999464213848114,0.41906577348709106,0.42369741201400757,8,-0.004631638526916504,10.9642915725708,1.9321209192276,10.023699760437012
TRAIN,5hcafebs,27,6,7,10,1,1,0,6.75,0.9988304972648621,0.24964560568332672,0.2811218798160553,6,-0.03147627413272858,13.381999969482422,2.4506733417510986,12.74911117553711
TRAIN,5hcafebs,27,7,8,10,1,1,0,9.125,0.9998910427093506,0.3613780736923218,0.4016726613044739,6,-0.0402945876121521,11.205912590026855,1.7728058099746704,10.206985473632812
TRAIN,5hcafebs,27,8,9,10,1,1,0,8.5,0.9997965693473816,0.28232765197753906,0.2835896909236908,6,-0.0012620389461517334,13.777835845947266,2.539658546447754,13.027336120605469
TRAIN,5hcafebs,27,9,10,10,1,1,0,8.3125,0.9997546076774597,0.2833744287490845,0.32794079184532166,1,-0.04456636309623718,13.215749740600586,2.1644721031188965,12.400623321533203
TRAIN,5hcafebs,28,0,1,10,1,1,0,7.03125,0.9991169571876526,0.36933618783950806,0.3615385890007019,6,0.007797598838806152,12.239118576049805,1.9975484609603882,11.379059791564941
TRAIN,5hcafebs,28,1,2,10,1,1,0,7.875,0.9996199607849121,0.24465268850326538,0.2859927713871002,8,-0.04134008288383484,11.76063060760498,2.078721046447754,10.859780311584473
TRAIN,5hcafebs,28,2,3,10,1,1,0,6.96875,0.9990600943565369,-0.19300134479999542,0.35037752985954285,1,-0.5433788895606995,12.132196426391602,1.828721046447754,11.267485618591309
TRAIN,5hcafebs,28,3,4,10,1,1,0,6.25,0.9980732202529907,-0.244658961892128,0.3828521966934204,1,-0.6275111436843872,11.785694122314453,1.7389745712280273,10.773397445678711
TRAIN,5hcafebs,28,4,5,10,1,1,0,6.3125,0.9981897473335266,0.3167959153652191,0.37254810333251953,1,-0.055752187967300415,12.264618873596191,2.1850483417510986,11.408432006835938
TRAIN,5hcafebs,28,5,6,10,1,1,0,7.71875,0.999555766582489,0.2899893820285797,0.2925931513309479,8,-0.002603769302368164,12.104957580566406,2.2698757648468018,11.35207748413086
TRAIN,5hcafebs,28,6,7,10,1,1,0,6.8125,0.9989012479782104,0.24154061079025269,0.2686104476451874,8,-0.027069836854934692,11.67044448852539,1.9915558099746704,10.872953414916992
TRAIN,5hcafebs,28,7,8,10,1,1,0,9.1875,0.9998977184295654,0.3021191656589508,0.3390769958496094,6,-0.03695783019065857,12.168778419494629,2.1957221031188965,11.391691207885742
TRAIN,5hcafebs,28,8,9,10,1,1,0,9.0,0.9998766183853149,0.36298617720603943,0.36791688203811646,1,-0.004930704832077026,11.585671424865723,2.250596046447754,10.458972930908203
TRAIN,5hcafebs,28,9,10,10,1,1,0,8.3125,0.9997546076774597,0.2907417416572571,0.3246750831604004,1,-0.03393334150314331,12.160262107849121,1.922471046447754,11.310933113098145
TRAIN,5hcafebs,29,0,1,10,1,1,0,6.875,0.9989677667617798,0.36552757024765015,0.35988834500312805,8,0.005639225244522095,12.897059440612793,2.1381733417510986,12.116332054138184
TRAIN,5hcafebs,29,1,2,10,1,1,0,8.0,0.9996646642684937,0.2596670389175415,0.307876318693161,8,-0.04820927977561951,11.791247367858887,1.930283546447754,10.900588035583496
TRAIN,5hcafebs,29,2,3,10,1,1,0,7.6875,0.9995417594909668,-0.1848454624414444,0.41131117939949036,1,-0.596156656742096,12.03814697265625,1.9145290851593018,11.192832946777344
TRAIN,5hcafebs,29,3,4,10,1,1,0,6.625,0.9986749291419983,-0.21656596660614014,0.35573795437812805,1,-0.5723038911819458,10.836431503295898,1.7311620712280273,9.869377136230469
TRAIN,5hcafebs,29,4,5,10,1,1,0,5.96875,0.9974491000175476,0.28744813799858093,0.3505224585533142,1,-0.06307432055473328,13.487213134765625,2.0667507648468018,12.661898612976074
TRAIN,5hcafebs,29,5,6,10,1,1,0,6.96875,0.9990600943565369,0.272231787443161,0.3055736720561981,8,-0.03334188461303711,12.926102638244629,2.1761257648468018,12.165406227111816
TRAIN,5hcafebs,29,6,7,10,1,1,0,7.375,0.999373733997345,0.24624525010585785,0.2794370651245117,8,-0.03319181501865387,13.70648193359375,2.4662983417510986,13.114242553710938
TRAIN,5hcafebs,29,7,8,10,1,1,0,8.875,0.9998601675033569,0.3052525818347931,0.33429765701293945,1,-0.029045075178146362,12.904698371887207,2.149033546447754,12.013660430908203
TRAIN,5hcafebs,29,8,9,10,1,1,0,8.3125,0.9997546076774597,0.35407179594039917,0.3606552183628082,1,-0.006583422422409058,13.071844100952148,2.227158546447754,12.157071113586426
TRAIN,5hcafebs,29,9,10,10,1,1,0,8.9375,0.999868631362915,0.30694299936294556,0.34155842661857605,1,-0.03461542725563049,12.514476776123047,2.0710368156433105,11.661567687988281
TRAIN,5hcafebs,30,0,1,10,1,1,0,6.25,0.9980732202529907,0.40778565406799316,0.4013723134994507,6,0.0064133405685424805,11.199117660522461,1.7869772911071777,10.260108947753906
TRAIN,5hcafebs,30,1,2,10,1,1,0,7.625,0.9995121955871582,0.25812843441963196,0.300792396068573,1,-0.04266396164894104,11.887069702148438,1.883408546447754,11.08211898803711
TRAIN,5hcafebs,30,2,3,10,1,1,0,7.40625,0.9993928670883179,-0.17654162645339966,0.3222461938858032,10,-0.4987878203392029,10.8975191116333,1.8978058099746704,10.039520263671875
TRAIN,5hcafebs,30,3,4,10,1,1,0,6.625,0.9986749291419983,-0.2578980326652527,0.44254711270332336,1,-0.7004451751708984,12.368269920349121,1.9457790851593018,11.336373329162598
TRAIN,5hcafebs,30,4,5,10,1,1,0,5.5625,0.9961755275726318,0.3045501112937927,0.376441091299057,1,-0.07189098000526428,12.957358360290527,1.8445539474487305,12.097737312316895
TRAIN,5hcafebs,30,5,6,10,1,1,0,7.15625,0.999220609664917,0.3703165054321289,0.38205352425575256,8,-0.011737018823623657,10.68034553527832,1.774033546447754,9.600969314575195
TRAIN,5hcafebs,30,6,7,10,1,1,0,7.59375,0.9994966983795166,0.36362141370773315,0.42714202404022217,9,-0.06352061033248901,12.50562858581543,2.0082790851593018,11.322881698608398
TRAIN,5hcafebs,30,7,8,10,1,1,0,9.0625,0.9998840093612671,0.2920275926589966,0.3250679075717926,6,-0.03304031491279602,12.111763000488281,2.391221046447754,11.168525695800781
TRAIN,5hcafebs,30,8,9,10,1,1,0,8.5,0.9997965693473816,0.39379647374153137,0.3910794258117676,1,0.002717047929763794,12.049062728881836,2.141221046447754,10.97459888458252
TRAIN,5hcafebs,30,9,10,10,1,1,0,8.5,0.9997965693473816,0.25074052810668945,0.2720721960067749,6,-0.02133166790008545,13.069002151489258,2.524033546447754,12.25161075592041
TRAIN,5hcafebs,31,0,1,10,1,1,0,6.84375,0.9989350438117981,0.4035714268684387,0.4033677279949188,6,0.00020369887351989746,11.85934066772461,2.2631733417510986,10.99803638458252
TRAIN,5hcafebs,31,1,2,10,1,1,0,8.8125,0.9998511075973511,0.2936985492706299,0.3340179920196533,1,-0.04031944274902344,10.335092544555664,1.6254096031188965,9.642955780029297
TRAIN,5hcafebs,31,2,3,10,1,1,0,8.125,0.9997040629386902,-0.18163201212882996,0.36856672167778015,1,-0.5501987338066101,11.70183277130127,1.820908546447754,10.855600357055664
TRAIN,5hcafebs,31,3,4,10,1,1,0,6.875,0.9989677667617798,-0.24026255309581757,0.4250888228416443,1,-0.665351390838623,12.284479141235352,1.9854708909988403,11.297294616699219
TRAIN,5hcafebs,31,4,5,10,1,1,0,5.78125,0.9969245791435242,0.2589539885520935,0.3160698711872101,8,-0.05711588263511658,13.113641738891602,2.22243070602417,12.421030044555664
TRAIN,5hcafebs,31,5,6,10,1,1,0,7.6875,0.9995417594909668,0.32180023193359375,0.32049551606178284,1,0.001304715871810913,11.645957946777344,2.1225483417510986,10.809795379638672
TRAIN,5hcafebs,31,6,7,10,1,1,0,7.34375,0.99935382604599,0.2654951810836792,0.301563024520874,6,-0.036067843437194824,13.156951904296875,2.4300971031188965,12.435912132263184
TRAIN,5hcafebs,31,7,8,10,1,1,0,9.375,0.9999151229858398,0.28565147519111633,0.3269377648830414,6,-0.04128628969192505,12.112139701843262,2.1225483417510986,11.358802795410156
TRAIN,5hcafebs,31,8,9,10,1,1,0,8.5,0.9997965693473816,0.34347298741340637,0.3566150963306427,6,-0.013142108917236328,11.639599800109863,2.172471046447754,10.695427894592285
TRAIN,5hcafebs,31,9,10,10,1,1,0,8.8125,0.9998511075973511,0.31985169649124146,0.367708295583725,1,-0.04785659909248352,13.360871315002441,2.2113471031188965,12.388322830200195
TRAIN,5hcafebs,32,0,1,10,1,1,0,6.78125,0.9988664388656616,0.37682297825813293,0.36922794580459595,6,0.007595032453536987,12.392457962036133,2.0287983417510986,11.582864761352539
TRAIN,5hcafebs,32,1,2,10,1,1,0,7.65625,0.9995272159576416,0.2571668028831482,0.29343757033348083,8,-0.03627076745033264,10.713973999023438,1.844346046447754,9.855318069458008
TRAIN,5hcafebs,32,2,3,10,1,1,0,7.84375,0.9996079802513123,-0.3090361952781677,0.40789371728897095,9,-0.7169299125671387,11.96442985534668,2.0863471031188965,10.78760051727295
TRAIN,5hcafebs,32,3,4,10,1,1,0,5.96875,0.9974491000175476,-0.196733295917511,0.3811287581920624,6,-0.577862024307251,12.1361083984375,2.1225483417510986,11.261463165283203
TRAIN,5hcafebs,32,4,5,10,1,1,0,5.15625,0.9942697286605835,0.3247389793395996,0.40409204363822937,1,-0.07935306429862976,12.57595443725586,1.8837087154388428,11.797181129455566
TRAIN,5hcafebs,32,5,6,10,1,1,0,7.3125,0.9993333220481873,0.38802868127822876,0.38381335139274597,1,0.004215329885482788,11.162338256835938,1.8910346031188965,10.205394744873047
TRAIN,5hcafebs,32,6,7,10,1,1,0,7.40625,0.9993928670883179,0.2709724009037018,0.30769383907318115,6,-0.03672143816947937,13.845444679260254,2.5394721031188965,13.244791984558105
TRAIN,5hcafebs,32,7,8,10,1,1,0,8.75,0.999841570854187,0.28720057010650635,0.3057434558868408,1,-0.018542885780334473,11.900282859802246,2.141221046447754,11.004520416259766
TRAIN,5hcafebs,32,8,9,10,1,1,0,8.4375,0.999783456325531,0.342990905046463,0.34913232922554016,1,-0.0061414241790771484,11.836336135864258,2.242783546447754,10.910309791564941
TRAIN,5hcafebs,32,9,10,10,1,1,0,8.5,0.9997965693473816,0.2822861075401306,0.3100607097148895,6,-0.02777460217475891,12.079695701599121,2.414658546447754,11.120847702026367
TRAIN,5hcafebs,33,0,1,10,1,1,0,7.03125,0.9991169571876526,0.4092877209186554,0.40632516145706177,6,0.002962559461593628,11.582149505615234,1.9272359609603882,10.629166603088379
TRAIN,5hcafebs,33,1,2,10,1,1,0,8.8125,0.9998511075973511,0.2964355945587158,0.32676929235458374,1,-0.03033369779586792,11.262367248535156,1.7855007648468018,10.353463172912598
TRAIN,5hcafebs,33,2,3,10,1,1,0,7.78125,0.9995827078819275,-0.14014382660388947,0.39508187770843506,6,-0.5352256894111633,12.067596435546875,1.9662984609603882,11.344301223754883
TRAIN,5hcafebs,33,3,4,10,1,1,0,6.53125,0.9985449314117432,-0.29315295815467834,0.41389304399490356,6,-0.7070460319519043,11.560431480407715,1.9770290851593018,10.414087295532227
TRAIN,5hcafebs,33,4,5,10,1,1,0,4.59375,0.9899863600730896,0.3124251663684845,0.3875539302825928,1,-0.07512876391410828,10.853259086608887,1.7977712154388428,9.949180603027344
TRAIN,5hcafebs,33,5,6,10,1,1,0,7.0625,0.9991440773010254,0.31116944551467896,0.3142465353012085,1,-0.003077089786529541,12.02488899230957,2.1381733417510986,11.219018936157227
TRAIN,5hcafebs,33,6,7,10,1,1,0,6.4375,0.9984021782875061,0.38948461413383484,0.43016400933265686,6,-0.04067939519882202,12.071739196777344,2.1069233417510986,11.304180145263672
TRAIN,5hcafebs,33,7,8,10,1,1,0,8.75,0.999841570854187,0.33308276534080505,0.3625609874725342,6,-0.029478222131729126,11.236405372619629,2.000596046447754,10.340987205505371
TRAIN,5hcafebs,33,8,9,10,1,1,0,8.125,0.9997040629386902,0.3179000914096832,0.3221985995769501,1,-0.004298508167266846,11.68526840209961,2.422471046447754,10.744163513183594
TRAIN,5hcafebs,33,9,10,10,1,1,0,8.6875,0.9998313188552856,0.2931457459926605,0.30397239327430725,1,-0.010826647281646729,11.840153694152832,2.453721046447754,10.848559379577637
TRAIN,5hcafebs,34,0,1,10,1,1,0,6.90625,0.9989995360374451,0.372467041015625,0.3633755147457123,8,0.00909152626991272,12.80433177947998,2.0824663639068604,11.99271297454834
TRAIN,5hcafebs,34,1,2,10,1,1,0,7.84375,0.9996079802513123,0.25984981656074524,0.28829410672187805,8,-0.028444290161132812,12.496020317077637,2.1917507648468018,11.654099464416504
TRAIN,5hcafebs,34,2,3,10,1,1,0,7.125,0.9991958737373352,-0.24618609249591827,0.3657078146934509,9,-0.611893892288208,11.25139331817627,2.0394721031188965,10.219310760498047
TRAIN,5hcafebs,34,3,4,10,1,1,0,6.15625,0.9978843331336975,-0.15279455482959747,0.3845457434654236,1,-0.5373402833938599,12.849066734313965,2.1225483417510986,12.11169719696045
TRAIN,5hcafebs,34,4,5,10,1,1,0,4.34375,0.9871788024902344,0.277879536151886,0.33543577790260315,8,-0.05755624175071716,11.433396339416504,1.838409423828125,10.564623832702637
TRAIN,5hcafebs,34,5,6,10,1,1,0,7.03125,0.9991169571876526,0.3610738515853882,0.3622318208217621,1,-0.0011579692363739014,11.480947494506836,1.8792507648468018,10.72817611694336
TRAIN,5hcafebs,34,6,7,10,1,1,0,7.71875,0.999555766582489,0.2567223012447357,0.2969045341014862,10,-0.04018223285675049,12.40606689453125,2.2738471031188965,11.627236366271973
TRAIN,5hcafebs,34,7,8,10,1,1,0,9.1875,0.9998977184295654,0.3222353458404541,0.3481976091861725,6,-0.025962263345718384,11.77489948272705,2.0707221031188965,10.902210235595703
TRAIN,5hcafebs,34,8,9,10,1,1,0,8.75,0.999841570854187,0.33232468366622925,0.3401730954647064,1,-0.007848411798477173,11.653099060058594,2.164658546447754,10.80862045288086
TRAIN,5hcafebs,34,9,10,10,1,1,0,8.5625,0.9998089671134949,0.3135331869125366,0.3140270411968231,6,-0.000493854284286499,10.697229385375977,2.102158546447754,9.756218910217285
TRAIN,5hcafebs,35,0,1,10,1,1,0,6.78125,0.9988664388656616,0.37065786123275757,0.3673032224178314,6,0.0033546388149261475,11.616344451904297,2.1381733417510986,10.797182083129883
TRAIN,5hcafebs,35,1,2,10,1,1,0,8.5625,0.9998089671134949,0.2607961595058441,0.3075421452522278,1,-0.04674598574638367,10.860108375549316,1.703721046447754,10.093401908874512
TRAIN,5hcafebs,35,2,3,10,1,1,0,9.1875,0.9998977184295654,-0.15304909646511078,0.3620726764202118,6,-0.5151217579841614,12.296167373657227,2.188595771789551,11.543976783752441
TRAIN,5hcafebs,35,3,4,10,1,1,0,6.3125,0.9981897473335266,-0.24987941980361938,0.398190975189209,6,-0.6480703949928284,12.600672721862793,1.899033546447754,11.595831871032715
TRAIN,5hcafebs,35,4,5,10,1,0,1,-1.7578125,0.14706450700759888,,,,,0.0,0.0,2.8216605186462402
TRAIN,5hcafebs,35,5,6,10,1,1,0,7.28125,0.999312162399292,0.34567970037460327,0.3435758054256439,8,0.0021038949489593506,12.13273811340332,2.2006733417510986,11.35865592956543
TRAIN,5hcafebs,35,6,7,10,1,1,0,6.71875,0.998793363571167,0.3471410274505615,0.39448291063308716,6,-0.047341883182525635,13.662689208984375,2.2113471031188965,12.882569313049316
TRAIN,5hcafebs,35,7,8,10,1,1,0,8.625,0.9998205304145813,0.2576913833618164,0.29838746786117554,6,-0.04069608449935913,12.042202949523926,2.2319233417510986,11.331770896911621
TRAIN,5hcafebs,35,8,9,10,1,1,0,8.625,0.9998205304145813,0.3430454134941101,0.34790942072868347,1,-0.004864007234573364,12.019570350646973,2.281846046447754,11.075650215148926
TRAIN,5hcafebs,35,9,10,10,1,1,0,9.1875,0.9998977184295654,0.25811824202537537,0.27530360221862793,6,-0.017185360193252563,11.408262252807617,2.227158546447754,10.530028343200684
TRAIN,5hcafebs,36,0,1,10,1,1,0,6.9375,0.9990302324295044,0.40228405594825745,0.3916832506656647,6,0.010600805282592773,11.978687286376953,1.8212087154388428,11.096399307250977
TRAIN,5hcafebs,36,1,2,10,1,1,0,7.84375,0.9996079802513123,0.29133012890815735,0.3198060989379883,1,-0.028475970029830933,11.379522323608398,1.9261257648468018,10.562457084655762
TRAIN,5hcafebs,36,2,3,10,1,1,0,8.1875,0.9997219443321228,-0.18013858795166016,0.3467433452606201,1,-0.5268819332122803,12.9928560256958,1.9741109609603882,12.184656143188477
TRAIN,5hcafebs,36,3,4,10,1,1,0,6.40625,0.9983515739440918,-0.2831120491027832,0.36440253257751465,6,-0.6475145816802979,12.046781539916992,2.180283546447754,10.940035820007324
TRAIN,5hcafebs,36,4,5,10,1,0,1,-2.359375,0.08632347732782364,,,,,0.0,0.0,2.8216605186462402
TRAIN,5hcafebs,36,5,6,10,1,1,0,6.78125,0.9988664388656616,0.32808738946914673,0.3430461585521698,8,-0.014958769083023071,13.041327476501465,2.3167507648468018,12.24560546875
TRAIN,5hcafebs,36,6,7,10,1,1,0,7.09375,0.9991704225540161,0.3508072793483734,0.4106771647930145,9,-0.05986988544464111,12.093853950500488,1.9613471031188965,11.108343124389648
TRAIN,5hcafebs,36,7,8,10,1,1,0,9.5,0.9999251365661621,0.3457205295562744,0.41008326411247253,6,-0.06436273455619812,11.280959129333496,1.7816596031188965,10.327942848205566
TRAIN,5hcafebs,36,8,9,10,1,1,0,8.75,0.999841570854187,0.3607819080352783,0.3651525676250458,6,-0.004370659589767456,11.591755867004395,2.320908546447754,10.590276718139648
TRAIN,5hcafebs,36,9,10,10,1,1,0,8.75,0.999841570854187,0.274646520614624,0.29788148403167725,6,-0.023234963417053223,12.296432495117188,2.399033546447754,11.377466201782227
TRAIN,5hcafebs,37,0,1,10,1,1,0,7.3125,0.9993333220481873,0.417677104473114,0.41504523158073425,6,0.0026318728923797607,12.43687629699707,1.9197897911071777,11.494028091430664
TRAIN,5hcafebs,37,1,2,10,1,1,0,7.84375,0.9996079802513123,0.30762797594070435,0.34088796377182007,6,-0.03325998783111572,11.404928207397461,1.8792507648468018,10.53803539276123
TRAIN,5hcafebs,37,2,3,10,1,1,0,7.40625,0.9993928670883179,-0.1683552861213684,0.3116183876991272,6,-0.4799736738204956,13.449055671691895,2.2230007648468018,12.683263778686523
TRAIN,5hcafebs,37,3,4,10,1,1,0,6.15625,0.9978843331336975,-0.1640721708536148,0.37509357929229736,6,-0.539165735244751,12.286393165588379,2.3100483417510986,11.503998756408691
TRAIN,5hcafebs,37,4,5,10,1,0,1,-3.6875,0.024423090741038322,,,,,0.0,0.0,2.8216605186462402
TRAIN,5hcafebs,37,5,6,10,1,1,0,7.03125,0.9991169571876526,0.34449848532676697,0.3505462408065796,8,-0.006047755479812622,12.66955852508545,2.3948757648468018,11.870024681091309
TRAIN,5hcafebs,37,6,7,10,1,1,0,7.15625,0.999220609664917,0.24529482424259186,0.29909059405326843,8,-0.053795769810676575,13.277641296386719,2.3363471031188965,12.440792083740234
TRAIN,5hcafebs,37,7,8,10,1,1,0,9.25,0.9999039173126221,0.36476656794548035,0.41227415204048157,6,-0.04750758409500122,11.20931625366211,1.8274933099746704,10.305105209350586
TRAIN,5hcafebs,37,8,9,10,1,1,0,8.125,0.9997040629386902,0.2660859525203705,0.2711900472640991,6,-0.005104094743728638,12.48634147644043,2.570908546447754,11.635771751403809
TRAIN,5hcafebs,37,9,10,10,1,1,0,8.25,0.9997387528419495,0.2454693764448166,0.2609526216983795,6,-0.015483245253562927,13.124293327331543,2.695908546447754,12.287583351135254
TRAIN,5hcafebs,38,0,1,10,1,1,0,7.3125,0.9993333220481873,0.3824799358844757,0.38050583004951477,6,0.0019741058349609375,12.546016693115234,2.3412983417510986,11.771218299865723
TRAIN,5hcafebs,38,1,2,10,1,1,0,8.375,0.9997695088386536,0.2827121913433075,0.34012776613235474,1,-0.05741557478904724,11.009573936462402,1.7113471031188965,10.08785629272461
TRAIN,5hcafebs,38,2,3,10,1,1,0,7.78125,0.9995827078819275,-0.24465398490428925,0.369972825050354,9,-0.6146268248558044,11.722896575927734,2.0042507648468018,10.708839416503906
TRAIN,5hcafebs,38,3,4,10,1,1,0,6.625,0.9986749291419983,-0.19866783916950226,0.38812607526779175,6,-0.5867938995361328,12.604289054870605,2.1850483417510986,11.736603736877441
TRAIN,5hcafebs,38,4,5,10,1,0,1,-4.71875,0.008847354911267757,,,,,0.0,0.0,2.8216605186462402
TRAIN,5hcafebs,38,5,6,10,1,1,0,6.8125,0.9989012479782104,0.35205692052841187,0.3442569375038147,1,0.007799983024597168,12.64571762084961,2.2269721031188965,11.836682319641113
TRAIN,5hcafebs,38,6,7,10,1,1,0,8.4375,0.999783456325531,0.3095642328262329,0.37113770842552185,9,-0.06157347559928894,13.584524154663086,2.3480007648468018,12.539773941040039
TRAIN,5hcafebs,38,7,8,10,1,1,0,9.4375,0.9999203681945801,0.35159438848495483,0.4056326448917389,6,-0.05403825640678406,12.092985153198242,2.0287983417510986,11.286813735961914
TRAIN,5hcafebs,38,8,9,10,1,1,0,8.4375,0.999783456325531,0.26821812987327576,0.2735653817653656,1,-0.005347251892089844,13.163996696472168,2.586533546447754,12.32917308807373
TRAIN,5hcafebs,38,9,10,10,1,1,0,8.75,0.999841570854187,0.27497297525405884,0.31660202145576477,6,-0.04162904620170593,13.349849700927734,2.453721046447754,12.480709075927734
TRAIN,5hcafebs,39,0,1,10,1,1,0,7.5,0.9994471669197083,0.38889047503471375,0.38957083225250244,6,-0.0006803572177886963,12.144550323486328,2.2787983417510986,11.336182594299316
TRAIN,5hcafebs,39,1,2,10,1,1,0,8.4375,0.999783456325531,0.29359203577041626,0.31683745980262756,8,-0.023245424032211304,11.053451538085938,1.8636257648468018,10.134492874145508
TRAIN,5hcafebs,39,2,3,10,1,1,0,7.625,0.9995121955871582,-0.20334772765636444,0.3892131447792053,6,-0.592560887336731,11.765828132629395,2.0707221031188965,10.863099098205566
TRAIN,5hcafebs,39,3,4,10,1,1,0,7.125,0.9991958737373352,-0.19123578071594238,0.39688634872436523,1,-0.5881221294403076,12.64493179321289,1.8910346031188965,11.798294067382812
TRAIN,5hcafebs,39,4,5,10,1,0,1,-5.5,0.00407013762742281,,,,,0.0,0.0,2.8216605186462402
TRAIN,5hcafebs,39,5,6,10,1,1,0,7.3125,0.9993333220481873,0.3054106533527374,0.31065571308135986,8,-0.0052450597286224365,12.046939849853516,2.11305570602417,11.264694213867188
TRAIN,5hcafebs,39,6,7,10,1,1,0,7.78125,0.9995827078819275,0.2604372203350067,0.2898585796356201,6,-0.029421359300613403,13.148774147033691,2.3636257648468018,12.51329517364502
TRAIN,5hcafebs,39,7,8,10,1,1,0,8.9375,0.999868631362915,0.36366763710975647,0.4081500470638275,6,-0.044482409954071045,13.735444068908691,2.6069233417510986,13.177855491638184
TRAIN,5hcafebs,39,8,9,10,1,1,0,8.8125,0.9998511075973511,0.2872430980205536,0.2899785041809082,8,-0.0027354061603546143,12.07620620727539,2.430283546447754,11.157546997070312
TRAIN,5hcafebs,39,9,10,10,1,1,0,9.875,0.9999485015869141,0.23319831490516663,0.2518598139286041,1,-0.0186614990234375,12.699899673461914,2.438096046447754,11.896498680114746
TRAIN,5hcafebs,40,0,1,10,1,1,0,7.46875,0.9994296431541443,0.39872246980667114,0.3921259939670563,6,0.006596475839614868,11.823090553283691,1.7508962154388428,10.859747886657715
TRAIN,5hcafebs,40,1,2,10,1,1,0,8.875,0.9998601675033569,0.2616811692714691,0.29708385467529297,1,-0.03540268540382385,11.082632064819336,1.938096046447754,10.140305519104004
TRAIN,5hcafebs,40,2,3,10,1,1,0,8.9375,0.999868631362915,-0.2015557587146759,0.428240567445755,6,-0.6297963261604309,11.24422550201416,1.8363471031188965,10.330556869506836
TRAIN,5hcafebs,40,3,4,10,1,1,0,6.59375,0.9986329674720764,-0.26806700229644775,0.40431368350982666,1,-0.6723806858062744,11.800895690917969,1.781846046447754,10.727137565612793
TRAIN,5hcafebs,40,4,5,10,1,0,1,-5.40625,0.0044683837331831455,,,,,0.0,0.0,2.8216605186462402
TRAIN,5hcafebs,40,5,6,10,1,1,0,7.34375,0.99935382604599,0.34124991297721863,0.3399432897567749,8,0.0013066232204437256,12.184161186218262,2.1761257648468018,11.25273323059082
TRAIN,5hcafebs,40,6,7,10,1,1,0,7.40625,0.9993928670883179,0.40436285734176636,0.44096988439559937,6,-0.03660702705383301,10.499322891235352,1.8604708909988403,9.537568092346191
TRAIN,5hcafebs,40,7,8,10,1,1,0,9.25,0.9999039173126221,0.38610708713531494,0.43902191519737244,6,-0.052914828062057495,13.680459022521973,2.149533271789551,12.91794490814209
TRAIN,5hcafebs,40,8,9,10,1,1,0,8.0625,0.9996849298477173,0.28436481952667236,0.2923579514026642,1,-0.007993131875991821,11.978924751281738,2.477158546447754,11.06714916229248
TRAIN,5hcafebs,40,9,10,10,1,1,0,9.3125,0.9999097585678101,0.2792949974536896,0.3335226774215698,1,-0.05422767996788025,13.147812843322754,2.1957221031188965,12.324978828430176
TRAIN,5hcafebs,41,0,1,10,1,1,0,7.0,0.9990890026092529,0.402942031621933,0.4089012145996094,6,-0.005959182977676392,12.248888969421387,2.2006733417510986,11.383492469787598
TRAIN,5hcafebs,41,1,2,10,1,1,0,7.71875,0.999555766582489,0.27049198746681213,0.3221301734447479,1,-0.05163818597793579,11.822549819946289,1.9428609609603882,11.14897632598877
TRAIN,5hcafebs,41,2,3,10,1,1,0,8.625,0.9998205304145813,-0.2187533974647522,0.4185907244682312,6,-0.6373441219329834,13.393932342529297,2.0550971031188965,12.49063777923584
TRAIN,5hcafebs,41,3,4,10,1,1,0,6.34375,0.998245358467102,-0.2788803279399872,0.41495198011398315,6,-0.693832278251648,12.80555534362793,1.9300971031188965,11.72867202758789
TRAIN,5hcafebs,41,4,5,10,1,0,1,-4.5,0.010986941866576672,,,,,0.0,0.0,2.8216605186462402
TRAIN,5hcafebs,41,5,6,10,1,1,0,7.09375,0.9991704225540161,0.349147766828537,0.3526860475540161,8,-0.003538280725479126,11.998744010925293,2.2386257648468018,11.180779457092285
TRAIN,5hcafebs,41,6,7,10,1,1,0,8.75,0.999841570854187,0.34301817417144775,0.3871293365955353,6,-0.044111162424087524,12.28007698059082,2.0394721031188965,11.3073091506958
TRAIN,5hcafebs,41,7,8,10,1,1,0,9.0625,0.9998840093612671,0.36166903376579285,0.40088969469070435,6,-0.0392206609249115,13.229630470275879,2.4194233417510986,12.541011810302734
TRAIN,5hcafebs,41,8,9,10,1,1,0,8.4375,0.999783456325531,0.3368595242500305,0.3544977903366089,6,-0.01763826608657837,11.047747611999512,2.234971046447754,9.960705757141113
TRAIN,5hcafebs,41,9,10,10,1,1,0,9.6875,0.999937891960144,0.32841646671295166,0.40974000096321106,6,-0.0813235342502594,12.260856628417969,2.0707221031188965,11.291958808898926
TRAIN,5hcafebs,42,0,1,10,1,1,0,6.78125,0.9988664388656616,0.3266976475715637,0.31110474467277527,6,0.015592902898788452,11.697509765625,1.8786808252334595,10.848340034484863
TRAIN,5hcafebs,42,1,2,10,1,1,0,8.0,0.9996646642684937,0.27798718214035034,0.30174776911735535,1,-0.023760586977005005,10.856624603271484,1.7113471031188965,10.121964454650879
TRAIN,5hcafebs,42,2,3,10,1,1,0,8.375,0.9997695088386536,-0.32224932312965393,0.4352305829524994,10,-0.7574799060821533,10.908698081970215,1.8509308099746704,9.667332649230957
TRAIN,5hcafebs,42,3,4,10,1,1,0,6.78125,0.9988664388656616,-0.22664058208465576,0.3722783625125885,1,-0.5989189147949219,11.499085426330566,1.7582790851593018,10.526345252990723
TRAIN,5hcafebs,42,4,5,10,1,0,1,-5.65625,0.0034834241960197687,,,,,0.0,0.0,2.8216605186462402
TRAIN,5hcafebs,42,5,6,10,1,1,0,6.9375,0.9990302324295044,0.3138311207294464,0.3070710599422455,1,0.006760060787200928,12.48083782196045,2.2006733417510986,11.618988990783691
TRAIN,5hcafebs,42,6,7,10,1,1,0,7.84375,0.9996079802513123,0.2719024419784546,0.31320029497146606,1,-0.041297852993011475,12.817666053771973,2.1850483417510986,12.188780784606934
TRAIN,5hcafebs,42,7,8,10,1,1,0,7.625,0.9995121955871582,0.3240099847316742,0.36481231451034546,2,-0.040802329778671265,11.558120727539062,1.9134308099746704,10.821863174438477
TRAIN,5hcafebs,42,8,9,10,1,1,0,8.125,0.9997040629386902,0.33395853638648987,0.34055349230766296,1,-0.006594955921173096,12.232522964477539,2.227158546447754,11.266919136047363
TRAIN,5hcafebs,42,9,10,10,1,1,0,9.0625,0.9998840093612671,0.2664511799812317,0.3019399642944336,1,-0.035488784313201904,13.138091087341309,2.313096046447754,12.291300773620605
TRAIN,5hcafebs,43,0,1,10,1,1,0,6.5625,0.9985895752906799,0.3534153997898102,0.36175575852394104,6,-0.00834035873413086,11.492000579833984,2.3100483417510986,10.78119945526123
TRAIN,5hcafebs,43,1,2,10,1,1,0,7.65625,0.9995272159576416,0.2867937982082367,0.30501505732536316,8,-0.018221259117126465,11.950888633728027,2.0511257648468018,11.334053993225098
TRAIN,5hcafebs,43,2,3,10,1,1,0,7.84375,0.9996079802513123,-0.16944263875484467,0.37784361839294434,1,-0.5472862720489502,11.514735221862793,1.8480007648468018,10.695786476135254
TRAIN,5hcafebs,43,3,4,10,1,1,0,7.1875,0.9992445707321167,-0.2806973457336426,0.42138779163360596,1,-0.7020851373672485,12.342188835144043,1.9770290851593018,11.249361991882324
TRAIN,5hcafebs,43,4,5,10,1,0,1,-5.8125,0.0029810327105224133,,,,,0.0,0.0,2.8216605186462402
TRAIN,5hcafebs,43,5,6,10,1,1,0,6.5625,0.9985895752906799,0.2914150059223175,0.3093235492706299,8,-0.017908543348312378,13.469908714294434,2.4886257648468018,12.84079360961914
TRAIN,5hcafebs,43,6,7,10,1,1,0,7.84375,0.9996079802513123,0.2356327474117279,0.2615841031074524,1,-0.025951355695724487,12.553476333618164,2.2006733417510986,11.907102584838867
TRAIN,5hcafebs,43,7,8,10,1,1,0,7.40625,0.9993928670883179,0.32410717010498047,0.34852078557014465,2,-0.024413615465164185,12.094505310058594,2.05405592918396,11.396540641784668
TRAIN,5hcafebs,43,8,9,10,1,1,0,8.0,0.9996646642684937,0.27724489569664,0.29306116700172424,1,-0.01581627130508423,12.59610366821289,2.438096046447754,11.781813621520996
TRAIN,5hcafebs,43,9,10,10,1,1,0,9.4375,0.9999203681945801,0.32022643089294434,0.36818796396255493,1,-0.047961533069610596,12.781901359558105,2.164658546447754,11.779723167419434
TRAIN,5hcafebs,44,0,1,10,1,1,0,6.71875,0.998793363571167,0.45250147581100464,0.46071362495422363,6,-0.008212149143218994,11.992138862609863,1.984971046447754,10.789274215698242
TRAIN,5hcafebs,44,1,2,10,1,1,0,7.8125,0.999595582485199,0.313803493976593,0.3358362317085266,1,-0.022032737731933594,10.28528118133545,1.7024933099746704,9.402518272399902
TRAIN,5hcafebs,44,2,3,10,1,1,0,8.3125,0.9997546076774597,-0.2562461793422699,0.3971726596355438,8,-0.6534188389778137,12.96281623840332,2.2113471031188965,11.949593544006348
TRAIN,5hcafebs,44,3,4,10,1,1,0,6.875,0.9989677667617798,-0.20421577990055084,0.3197338581085205,6,-0.5239496231079102,12.038288116455078,2.125596046447754,11.140881538391113
TRAIN,5hcafebs,44,4,5,10,1,0,1,-5.0625,0.00628990214318037,,,,,0.0,0.0,2.8216605186462402
TRAIN,5hcafebs,44,5,6,10,1,1,0,7.15625,0.999220609664917,0.2768799066543579,0.2719132602214813,1,0.004966646432876587,12.290948867797852,2.2162983417510986,11.522418975830078
TRAIN,5hcafebs,44,6,7,10,1,1,0,7.40625,0.9993928670883179,0.24064263701438904,0.26607587933540344,10,-0.025433242321014404,14.909557342529297,2.9105007648468018,14.546295166015625
TRAIN,5hcafebs,44,7,8,10,1,1,0,8.0,0.9996646642684937,0.3682098388671875,0.39702335000038147,6,-0.02881351113319397,11.749626159667969,2.0287983417510986,10.960936546325684
TRAIN,5hcafebs,44,8,9,10,1,1,0,7.90625,0.9996316432952881,0.28575944900512695,0.29256343841552734,1,-0.006803989410400391,13.725747108459473,2.297471046447754,12.984272003173828
TRAIN,5hcafebs,44,9,10,10,1,1,0,9.4375,0.9999203681945801,0.25358542799949646,0.2776464819908142,9,-0.02406105399131775,12.47839069366455,2.016221046447754,11.790292739868164
TRAIN,5hcafebs,45,0,1,10,1,1,0,6.90625,0.9989995360374451,0.4129299223423004,0.40712597966194153,6,0.005803942680358887,12.85507583618164,1.938096046447754,11.84697437286377
TRAIN,5hcafebs,45,1,2,10,1,1,0,6.84375,0.9989350438117981,0.2620949149131775,0.28453516960144043,8,-0.02244025468826294,12.203737258911133,2.0355007648468018,11.525025367736816
TRAIN,5hcafebs,45,2,3,10,1,1,0,8.9375,0.999868631362915,-0.22864630818367004,0.40483590960502625,6,-0.6334822177886963,12.300406455993652,2.0550971031188965,11.34460163116455
TRAIN,5hcafebs,45,3,4,10,1,1,0,6.5625,0.9985895752906799,-0.3091025948524475,0.40404012799263,6,-0.7131427526473999,11.855045318603516,2.016221046447754,10.675155639648438
TRAIN,5hcafebs,45,4,5,10,1,0,1,-4.875,0.007577241398394108,,,,,0.0,0.0,2.8216605186462402
TRAIN,5hcafebs,45,5,6,10,1,1,0,6.84375,0.9989350438117981,0.33655816316604614,0.3291238844394684,1,0.007434278726577759,12.595746994018555,2.3256733417510986,11.849923133850098
TRAIN,5hcafebs,45,6,7,10,1,1,0,7.90625,0.9996316432952881,0.28952735662460327,0.34730952978134155,2,-0.05778217315673828,13.434318542480469,2.9573757648468018,12.967029571533203
TRAIN,5hcafebs,45,7,8,10,1,1,0,7.59375,0.9994966983795166,0.29604285955429077,0.3301808834075928,2,-0.034138023853302,12.140225410461426,2.1694233417510986,11.52534008026123
TRAIN,5hcafebs,45,8,9,10,1,1,0,7.96875,0.9996540546417236,0.3846556544303894,0.40052536129951477,6,-0.015869706869125366,11.071182250976562,2.0395290851593018,9.955961227416992
TRAIN,5hcafebs,45,9,10,10,1,1,0,8.9375,0.999868631362915,0.2625446319580078,0.28015589714050293,8,-0.017611265182495117,12.292376518249512,2.258408546447754,11.460555076599121
TRAIN,5hcafebs,46,0,1,10,1,1,0,6.875,0.9989677667617798,0.37345242500305176,0.3650887608528137,6,0.008363664150238037,11.532605171203613,1.719346046447754,10.654905319213867
TRAIN,5hcafebs,46,1,2,10,1,1,0,7.9375,0.9996429681777954,0.2849312424659729,0.30042195320129395,8,-0.015490710735321045,10.623489379882812,1.891221046447754,9.63767147064209
TRAIN,5hcafebs,46,2,3,10,1,1,0,8.0,0.9996646642684937,-0.13535115122795105,0.38095390796661377,1,-0.5163050889968872,12.91919994354248,2.0823757648468018,12.231165885925293
TRAIN,5hcafebs,46,3,4,10,1,1,0,7.40625,0.9993928670883179,-0.22587475180625916,0.3852940797805786,1,-0.6111688613891602,12.205780982971191,1.922471046447754,11.254903793334961
TRAIN,5hcafebs,46,4,5,10,1,0,1,-5.40625,0.0044683837331831455,,,,,0.0,0.0,2.8216605186462402
TRAIN,5hcafebs,46,5,6,10,1,1,0,6.5625,0.9985895752906799,0.37140539288520813,0.3703394830226898,1,0.0010659098625183105,13.181770324707031,2.1800971031188965,12.299275398254395
TRAIN,5hcafebs,46,6,7,10,1,1,0,7.15625,0.999220609664917,0.30441850423812866,0.33242106437683105,6,-0.028002560138702393,13.421869277954102,2.7475483417510986,12.912585258483887
TRAIN,5hcafebs,46,7,8,10,1,1,0,7.34375,0.99935382604599,0.35622552037239075,0.3860107362270355,6,-0.029785215854644775,12.22857666015625,2.0444233417510986,11.463513374328613
TRAIN,5hcafebs,46,8,9,10,1,1,0,7.9375,0.9996429681777954,0.36003491282463074,0.37158265709877014,1,-0.011547744274139404,11.33947467803955,2.172471046447754,10.323406219482422
TRAIN,5hcafebs,46,9,10,10,1,1,0,8.875,0.9998601675033569,0.31506338715553284,0.3400460183620453,1,-0.02498263120651245,12.190470695495605,2.320908546447754,11.209484100341797
TRAIN,5hcafebs,47,0,1,10,1,1,0,6.8125,0.9989012479782104,0.37430158257484436,0.37746161222457886,6,-0.003160029649734497,12.67825984954834,2.0756733417510986,11.745944023132324
TRAIN,5hcafebs,47,1,2,10,1,1,0,7.1875,0.9992445707321167,0.28510940074920654,0.31944388151168823,1,-0.03433448076248169,11.500262260437012,1.8089382648468018,10.705662727355957
TRAIN,5hcafebs,47,2,3,10,1,1,0,8.375,0.9997695088386536,-0.17481499910354614,0.40268200635910034,6,-0.5774970054626465,12.275505065917969,2.1332221031188965,11.463719367980957
TRAIN,5hcafebs,47,3,4,10,1,1,0,6.25,0.9980732202529907,-0.2066022902727127,0.3142804503440857,1,-0.5208827257156372,12.086174011230469,2.000596046447754,11.183671951293945
TRAIN,5hcafebs,47,4,5,10,1,0,1,-6.1875,0.0020507434383034706,,,,,0.0,0.0,2.8216605186462402
TRAIN,5hcafebs,47,5,6,10,1,1,0,6.78125,0.9988664388656616,0.30071574449539185,0.30148282647132874,1,-0.0007670819759368896,12.848651885986328,2.4819233417510986,12.190231323242188
TRAIN,5hcafebs,47,6,7,10,1,1,0,7.71875,0.999555766582489,0.2579004168510437,0.28032949566841125,6,-0.022429078817367554,10.984649658203125,1.9975484609603882,10.50031566619873
TRAIN,5hcafebs,47,7,8,10,1,1,0,6.84375,0.9989350438117981,0.2664211690425873,0.28840482234954834,6,-0.02198365330696106,13.369410514831543,2.8256733417510986,12.980626106262207
TRAIN,5hcafebs,47,8,9,10,1,1,0,7.71875,0.999555766582489,0.3519817888736725,0.37985047698020935,1,-0.027868688106536865,11.667951583862305,1.961533546447754,10.687851905822754
TRAIN,5hcafebs,47,9,10,10,1,1,0,9.0,0.9998766183853149,0.2821541130542755,0.32085585594177246,1,-0.03870174288749695,12.336886405944824,2.117783546447754,11.508209228515625
TRAIN,5hcafebs,48,0,1,10,1,1,0,6.5,0.998498797416687,0.31479793787002563,0.3147570788860321,8,4.0858983993530273e-05,12.053199768066406,2.203721046447754,11.204617500305176
TRAIN,5hcafebs,48,1,2,10,1,1,0,7.5625,0.999480664730072,0.25165873765945435,0.2782518267631531,8,-0.02659308910369873,11.127336502075195,1.891221046447754,10.33967399597168
TRAIN,5hcafebs,48,2,3,10,1,1,0,8.8125,0.9998511075973511,-0.25939515233039856,0.42023295164108276,1,-0.6796281337738037,13.027239799499512,1.9730007648468018,12.007105827331543
TRAIN,5hcafebs,48,3,4,10,1,1,0,6.6875,0.9987550973892212,-0.26197341084480286,0.37644344568252563,6,-0.6384168863296509,12.544185638427734,2.086533546447754,11.505849838256836
TRAIN,5hcafebs,48,4,5,10,1,0,1,-5.90625,0.0027149852830916643,,,,,0.0,0.0,2.8216605186462402
TRAIN,5hcafebs,48,5,6,10,1,1,0,6.59375,0.9986329674720764,0.3078422546386719,0.3067522644996643,1,0.0010899901390075684,11.88146686553955,1.984971046447754,10.967873573303223
TRAIN,5hcafebs,48,6,7,10,1,1,0,8.25,0.9997387528419495,0.3143623173236847,0.35692960023880005,9,-0.042567282915115356,12.280967712402344,2.3256733417510986,11.521964073181152
TRAIN,5hcafebs,48,7,8,10,1,1,0,6.9375,0.9990302324295044,0.2786887288093567,0.29950520396232605,9,-0.02081647515296936,13.220663070678711,2.4975483417510986,12.636100769042969
TRAIN,5hcafebs,48,8,9,10,1,1,0,7.8125,0.999595582485199,0.2803002893924713,0.2984917163848877,6,-0.018191426992416382,12.111449241638184,2.399033546447754,11.278290748596191
TRAIN,5hcafebs,48,9,10,10,1,1,0,9.4375,0.9999203681945801,0.33946025371551514,0.3721083104610443,6,-0.032648056745529175,11.525558471679688,2.0864040851593018,10.507425308227539
TRAIN,5hcafebs,49,0,1,10,1,1,0,5.84375,0.9971103668212891,0.3351437747478485,0.33692196011543274,6,-0.0017781853675842285,11.546319961547852,1.9819234609603882,10.718124389648438
TRAIN,5hcafebs,49,1,2,10,1,1,0,6.875,0.9989677667617798,0.2871350347995758,0.3105412423610687,8,-0.02340620756149292,11.473211288452148,1.8792507648468018,10.57850456237793
TRAIN,5hcafebs,49,2,3,10,1,1,0,8.5625,0.9998089671134949,-0.2359858900308609,0.3550107479095459,9,-0.5909966230392456,12.74250316619873,2.2073757648468018,11.778122901916504
TRAIN,5hcafebs,49,3,4,10,1,1,0,6.6875,0.9987550973892212,-0.20901453495025635,0.3662493824958801,1,-0.5752639174461365,12.633362770080566,2.0082221031188965,11.738569259643555
TRAIN,5hcafebs,49,4,5,10,1,0,1,-4.46875,0.011331753805279732,,,,,0.0,0.0,2.8216605186462402
TRAIN,5hcafebs,49,5,6,10,1,1,0,6.59375,0.9986329674720764,0.287401020526886,0.2919147312641144,1,-0.0045137107372283936,12.512639999389648,2.15993070602417,11.722458839416504
TRAIN,5hcafebs,49,6,7,10,1,1,0,8.5,0.9997965693473816,0.26619240641593933,0.2977018654346466,6,-0.031509459018707275,14.139062881469727,2.7475483417510986,13.569499969482422
TRAIN,5hcafebs,49,7,8,10,1,1,0,6.71875,0.998793363571167,0.28389057517051697,0.3058648705482483,6,-0.021974295377731323,12.949140548706055,2.6537983417510986,12.385939598083496
TRAIN,5hcafebs,49,8,9,10,1,1,0,7.875,0.9996199607849121,0.3708449900150299,0.3850325047969818,1,-0.014187514781951904,12.494906425476074,2.039658546447754,11.496428489685059
TRAIN,5hcafebs,49,9,10,10,1,1,0,9.0625,0.9998840093612671,0.30041587352752686,0.34134817123413086,1,-0.040932297706604004,13.663710594177246,2.2429118156433105,12.780125617980957
TRAIN,5hcafebs,50,0,1,10,1,1,0,5.625,0.9964063763618469,0.38038328289985657,0.38449037075042725,6,-0.004107087850570679,11.001008033752441,1.938096046447754,9.936614036560059
TRAIN,5hcafebs,50,1,2,10,1,1,0,7.21875,0.9992678761482239,0.27718445658683777,0.31246453523635864,8,-0.035280078649520874,11.112653732299805,2.000596046447754,10.10236644744873
TRAIN,5hcafebs,50,2,3,10,1,1,0,8.8125,0.9998511075973511,-0.2562429904937744,0.414133757352829,1,-0.6703767776489258,12.2866792678833,1.9614040851593018,11.257098197937012
TRAIN,5hcafebs,50,3,4,10,1,1,0,6.78125,0.9988664388656616,-0.26843446493148804,0.3663371205329895,6,-0.6347715854644775,11.645464897155762,1.938096046447754,10.566384315490723
TRAIN,5hcafebs,50,4,5,10,1,0,1,-4.4375,0.011687257327139378,,,,,0.0,0.0,2.8216605186462402
TRAIN,5hcafebs,50,5,6,10,1,1,0,6.28125,0.9981324076652527,0.29291820526123047,0.2990471422672272,8,-0.006128937005996704,12.763617515563965,2.195908546447754,11.916014671325684
TRAIN,5hcafebs,50,6,7,10,1,1,0,7.28125,0.999312162399292,0.3134942054748535,0.36680588126182556,8,-0.053311675786972046,11.270915031433105,1.8587433099746704,10.279367446899414
TRAIN,5hcafebs,50,7,8,10,1,1,0,6.53125,0.9985449314117432,0.24753338098526,0.26593223214149475,10,-0.01839885115623474,11.898714065551758,2.0444233417510986,11.275734901428223
TRAIN,5hcafebs,50,8,9,10,1,1,0,7.78125,0.9995827078819275,0.30742108821868896,0.3155781626701355,1,-0.008157074451446533,12.506372451782227,2.461533546447754,11.645071983337402
TRAIN,5hcafebs,50,9,10,10,1,1,0,9.0625,0.9998840093612671,0.3426891267299652,0.392391175031662,1,-0.04970204830169678,12.470473289489746,1.9460369348526,11.538412094116211
TRAIN,5hcafebs,51,0,1,10,1,1,0,4.4375,0.9883127808570862,0.3916122317314148,0.3773198127746582,8,0.014292418956756592,11.562005996704102,1.814971923828125,10.727151870727539
TRAIN,5hcafebs,51,1,2,10,1,1,0,7.53125,0.999464213848114,0.30256417393684387,0.3381972312927246,8,-0.03563305735588074,10.374988555908203,1.6569744348526,9.4705228805542
TRAIN,5hcafebs,51,2,3,10,1,1,0,9.625,0.9999339580535889,-0.1879487931728363,0.3785857856273651,6,-0.5665345788002014,11.499772071838379,1.8676540851593018,10.63050651550293
TRAIN,5hcafebs,51,3,4,10,1,1,0,6.46875,0.9984512329101562,-0.2239573448896408,0.3308771848678589,1,-0.5548345446586609,11.735021591186523,1.992783546447754,10.776324272155762
TRAIN,5hcafebs,51,4,5,10,1,0,1,-5.25,0.005220125429332256,,,,,0.0,0.0,2.8216605186462402
TRAIN,5hcafebs,51,5,6,10,1,1,0,6.03125,0.9976032376289368,0.3168001174926758,0.32527896761894226,1,-0.00847885012626648,11.863483428955078,1.8864933252334595,11.008960723876953
TRAIN,5hcafebs,51,6,7,10,1,1,0,7.0,0.9990890026092529,0.17081573605537415,0.2098546177148819,8,-0.03903888165950775,15.016393661499023,3.0287983417510986,14.57975959777832
TRAIN,5hcafebs,51,7,8,10,1,1,0,6.40625,0.9983515739440918,0.23901957273483276,0.2570515275001526,1,-0.018031954765319824,12.846372604370117,2.6381733417510986,12.391103744506836
TRAIN,5hcafebs,51,8,9,10,1,1,0,7.59375,0.9994966983795166,0.2626224756240845,0.2689319849014282,8,-0.00630950927734375,12.42591667175293,2.539658546447754,11.591277122497559
TRAIN,5hcafebs,51,9,10,10,1,1,0,9.0,0.9998766183853149,0.2958991527557373,0.3183985650539398,1,-0.022499412298202515,13.317461967468262,2.3210368156433105,12.480025291442871
TRAIN,5hcafebs,52,0,1,10,1,0,1,-3.03125,0.04603390023112297,,,,,0.0,0.0,2.8216605186462402
TRAIN,5hcafebs,52,1,2,10,1,1,0,6.40625,0.9983515739440918,0.31105777621269226,0.35649630427360535,1,-0.045438528060913086,9.93813705444336,1.6001782417297363,8.90857219696045
TRAIN,5hcafebs,52,2,3,10,1,1,0,7.90625,0.9996316432952881,-0.26524487137794495,0.38029637932777405,8,-0.645541250705719,11.702079772949219,1.9382244348526,10.633004188537598
TRAIN,5hcafebs,52,3,4,10,1,1,0,7.375,0.999373733997345,-0.20855288207530975,0.2861447334289551,1,-0.494697630405426,11.835306167602539,2.164658546447754,10.92061710357666
TRAIN,5hcafebs,52,4,5,10,1,0,1,-5.78125,0.0030753696337342262,,,,,0.0,0.0,2.8216605186462402
TRAIN,5hcafebs,52,5,6,10,1,1,0,6.1875,0.9979493021965027,0.27746182680130005,0.28172457218170166,8,-0.004262745380401611,12.830903053283691,2.3725483417510986,12.165987968444824
TRAIN,5hcafebs,52,6,7,10,1,1,0,6.78125,0.9988664388656616,0.21903899312019348,0.24257731437683105,6,-0.023538321256637573,13.34395694732666,2.7475483417510986,12.873753547668457
TRAIN,5hcafebs,52,7,8,10,1,1,0,6.1875,0.9979493021965027,0.24535536766052246,0.2606308162212372,1,-0.015275448560714722,13.26446533203125,2.6694233417510986,12.818883895874023
TRAIN,5hcafebs,52,8,9,10,1,1,0,7.53125,0.999464213848114,0.23446063697338104,0.2554396688938141,8,-0.020979031920433044,12.869277000427246,2.649033546447754,12.065245628356934
TRAIN,5hcafebs,52,9,10,10,1,1,0,8.25,0.9997387528419495,0.25189661979675293,0.2660062611103058,8,-0.014109641313552856,12.452225685119629,2.359971046447754,11.691054344177246
TRAIN,5hcafebs,53,0,1,10,1,0,1,-4.1875,0.014957086183130741,,,,,0.0,0.0,2.8216605186462402
TRAIN,5hcafebs,53,1,2,10,1,1,0,1.4296875,0.8068526387214661,0.26790958642959595,0.287308931350708,1,-0.01939934492111206,10.354052543640137,1.721221923828125,9.667488098144531
TRAIN,5hcafebs,53,2,3,10,1,1,0,7.9375,0.9996429681777954,-0.1975782960653305,0.37114864587783813,9,-0.5687269568443298,13.612176895141602,2.3210368156433105,12.770682334899902
TRAIN,5hcafebs,53,3,4,10,1,1,0,6.75,0.9988304972648621,-0.21575196087360382,0.3914434611797333,1,-0.6071954369544983,12.753174781799316,1.9300971031188965,11.843221664428711
TRAIN,5hcafebs,53,4,5,10,1,0,1,-5.78125,0.0030753696337342262,,,,,0.0,0.0,2.8216605186462402
TRAIN,5hcafebs,53,5,6,10,1,1,0,6.40625,0.9983515739440918,0.2786566913127899,0.28064584732055664,1,-0.0019891560077667236,12.247503280639648,2.1850483417510986,11.51339054107666
TRAIN,5hcafebs,53,6,7,10,1,1,0,6.8125,0.9989012479782104,0.29389867186546326,0.3312731683254242,1,-0.03737449645996094,13.084333419799805,2.5756733417510986,12.45448112487793
TRAIN,5hcafebs,53,7,8,10,1,1,0,6.71875,0.998793363571167,0.2625018358230591,0.29545146226882935,6,-0.032949626445770264,14.033949851989746,3.0131733417510986,13.607725143432617
TRAIN,5hcafebs,53,8,9,10,1,1,0,6.96875,0.9990600943565369,0.3140254616737366,0.32575246691703796,8,-0.011727005243301392,11.469088554382324,2.203721046447754,10.52843952178955
TRAIN,5hcafebs,53,9,10,10,1,1,0,8.1875,0.9997219443321228,0.3262093663215637,0.3792075514793396,1,-0.05299818515777588,11.127487182617188,1.891221046447754,10.105814933776855
TRAIN,5hcafebs,54,0,1,10,1,0,1,-5.40625,0.0044683837331831455,,,,,0.0,0.0,2.8216605186462402
TRAIN,5hcafebs,54,1,2,10,1,0,1,-6.0,0.0024726230185478926,,,,,0.0,0.0,2.8216605186462402
TRAIN,5hcafebs,54,2,3,10,1,1,0,8.8125,0.9998511075973511,-0.21594546735286713,0.31577953696250916,6,-0.5317249894142151,11.990965843200684,2.266221046447754,11.06084156036377
TRAIN,5hcafebs,54,3,4,10,1,1,0,6.59375,0.9986329674720764,-0.22047723829746246,0.3592478632926941,1,-0.5797250866889954,13.091514587402344,2.0238471031188965,12.176833152770996
TRAIN,5hcafebs,54,4,5,10,1,0,1,-5.78125,0.0030753696337342262,,,,,0.0,0.0,2.8216605186462402
TRAIN,5hcafebs,54,5,6,10,1,1,0,6.15625,0.9978843331336975,0.24516642093658447,0.24600742757320404,1,-0.0008410066366195679,12.610098838806152,2.2787983417510986,11.8886137008667
TRAIN,5hcafebs,54,6,7,10,1,1,0,6.78125,0.9988664388656616,0.22552773356437683,0.24809980392456055,6,-0.022572070360183716,13.632831573486328,2.7631733417510986,13.1175537109375
TRAIN,5hcafebs,54,7,8,10,1,1,0,6.21875,0.9980121850967407,0.32054975628852844,0.34892186522483826,1,-0.028372108936309814,11.459213256835938,2.1381733417510986,10.801194190979004
TRAIN,5hcafebs,54,8,9,10,1,1,0,7.71875,0.999555766582489,0.2787000238895416,0.28294870257377625,8,-0.004248678684234619,13.396735191345215,2.680283546447754,12.541345596313477
TRAIN,5hcafebs,54,9,10,10,1,1,0,7.90625,0.9996316432952881,0.2827679514884949,0.2930185794830322,6,-0.010250627994537354,12.133944511413574,2.570908546447754,11.235740661621094
TRAIN,5hcafebs,55,0,1,10,1,0,1,-6.5,0.0015011823270469904,,,,,0.0,0.0,2.8216605186462402
TRAIN,5hcafebs,55,1,2,10,1,0,1,-5.9375,0.0026316740550100803,,,,,0.0,0.0,2.8216605186462402
TRAIN,5hcafebs,55,2,3,10,1,1,0,9.6875,0.999937891960144,-0.18157222867012024,0.3771079480648041,1,-0.5586801767349243,11.777420043945312,1.8989040851593018,10.933552742004395
TRAIN,5hcafebs,55,3,4,10,1,1,0,6.71875,0.998793363571167,-0.23247940838336945,0.3489058017730713,1,-0.5813851952552795,11.93084716796875,1.992783546447754,10.954950332641602
TRAIN,5hcafebs,55,4,5,10,1,0,1,-5.28125,0.005060331895947456,,,,,0.0,0.0,2.8216605186462402
TRAIN,5hcafebs,55,5,6,10,1,1,0,6.0,0.9975274205207825,0.26001977920532227,0.2667192220687866,8,-0.0066994428634643555,14.213888168334961,2.8569233417510986,13.6939697265625
TRAIN,5hcafebs,55,6,7,10,1,1,0,6.21875,0.9980121850967407,0.21434646844863892,0.23354393243789673,6,-0.019197463989257812,14.133304595947266,2.7006733417510986,13.694591522216797
TRAIN,5hcafebs,55,7,8,10,1,1,0,5.75,0.9968273043632507,0.2897486090660095,0.3160926401615143,1,-0.02634403109550476,12.858951568603516,2.4506733417510986,12.215765953063965
TRAIN,5hcafebs,55,8,9,10,1,1,0,7.21875,0.9992678761482239,0.249722421169281,0.2595764696598053,1,-0.009854048490524292,13.03188419342041,2.617783546447754,12.231325149536133
TRAIN,5hcafebs,55,9,10,10,1,1,0,7.84375,0.9996079802513123,0.328926146030426,0.3587774634361267,6,-0.029851317405700684,11.198677062988281,2.250596046447754,10.13109302520752
TRAIN,5hcafebs,56,0,1,10,1,0,1,-6.9375,0.0009697519708424807,,,,,0.0,0.0,2.8216605186462402
TRAIN,5hcafebs,56,1,2,10,1,0,1,-6.75,0.0011695103021338582,,,,,0.0,0.0,2.8216605186462402
TRAIN,5hcafebs,56,2,3,10,1,1,0,8.875,0.9998601675033569,-0.21841545403003693,0.36544400453567505,6,-0.5838594436645508,12.437807083129883,2.1957221031188965,11.51288890838623
TRAIN,5hcafebs,56,3,4,10,1,1,0,6.53125,0.9985449314117432,-0.19835355877876282,0.32718631625175476,1,-0.5255398750305176,12.356907844543457,1.9613471031188965,11.483762741088867
TRAIN,5hcafebs,56,4,5,10,1,0,1,-5.40625,0.0044683837331831455,,,,,0.0,0.0,2.8216605186462402
TRAIN,5hcafebs,56,5,6,10,1,1,0,5.78125,0.9969245791435242,0.32299378514289856,0.3248836100101471,1,-0.0018898248672485352,12.509921073913574,2.12868070602417,11.726224899291992
TRAIN,5hcafebs,56,6,7,10,1,1,0,6.8125,0.9989012479782104,0.20312285423278809,0.2291499525308609,2,-0.026027098298072815,13.566699028015137,2.6537983417510986,13.19835090637207
TRAIN,5hcafebs,56,7,8,10,1,1,0,5.5,0.9959298968315125,0.2604078948497772,0.275836706161499,1,-0.015428811311721802,12.350714683532715,2.1694233417510986,11.69576358795166
TRAIN,5hcafebs,56,8,9,10,1,1,0,7.46875,0.9994296431541443,0.2710533142089844,0.27901479601860046,6,-0.007961481809616089,11.938206672668457,2.477158546447754,11.034065246582031
TRAIN,5hcafebs,56,9,10,10,1,1,0,7.1875,0.9992445707321167,0.33507347106933594,0.3427586853504181,8,-0.007685214281082153,12.130687713623047,2.305283546447754,11.154133796691895
TRAIN,5hcafebs,57,0,1,10,1,0,1,-7.09375,0.0008295892039313912,,,,,0.0,0.0,2.8216605186462402
TRAIN,5hcafebs,57,1,2,10,1,0,1,-6.75,0.0011695103021338582,,,,,0.0,0.0,2.8216605186462402
TRAIN,5hcafebs,57,2,3,10,1,1,0,8.4375,0.999783456325531,-0.20017138123512268,0.3797094225883484,6,-0.5798808336257935,11.003927230834961,1.7504096031188965,10.086177825927734
TRAIN,5hcafebs,57,3,4,10,1,1,0,6.3125,0.9981897473335266,-0.22267484664916992,0.3728751838207245,6,-0.5955500602722168,12.388326644897461,2.0912983417510986,11.450745582580566
TRAIN,5hcafebs,57,4,5,10,1,0,1,-5.5625,0.0038244836032390594,,,,,0.0,0.0,2.8216605186462402
TRAIN,5hcafebs,57,5,6,10,1,1,0,5.625,0.9964063763618469,0.3302077353000641,0.3476720154285431,8,-0.017464280128479004,12.777966499328613,2.33180570602417,12.182644844055176
TRAIN,5hcafebs,57,6,7,10,1,1,0,5.84375,0.9971103668212891,0.24023185670375824,0.26092928647994995,8,-0.02069742977619171,16.75514793395996,3.5287983417510986,16.452388763427734
TRAIN,5hcafebs,57,7,8,10,1,1,0,5.875,0.9971990585327148,0.2941121459007263,0.32344576716423035,1,-0.02933362126350403,12.179425239562988,2.2319233417510986,11.593655586242676
TRAIN,5hcafebs,57,8,9,10,1,1,0,7.3125,0.9993333220481873,0.23743698000907898,0.2581426203250885,8,-0.02070564031600952,11.870736122131348,2.524033546447754,11.019659042358398
TRAIN,5hcafebs,57,9,10,10,1,1,0,6.84375,0.9989350438117981,0.31031981110572815,0.29370322823524475,8,0.0166165828704834,10.635025024414062,2.047471046447754,9.653768539428711
TRAIN,5hcafebs,58,0,1,10,1,0,1,-7.65625,0.0004728544445242733,,,,,0.0,0.0,2.8216605186462402
TRAIN,5hcafebs,58,1,2,10,1,0,1,-7.09375,0.0008295892039313912,,,,,0.0,0.0,2.8216605186462402
TRAIN,5hcafebs,58,2,3,10,1,1,0,8.4375,0.999783456325531,-0.20021231472492218,0.38579854369163513,1,-0.5860108733177185,10.97393798828125,1.7386257648468018,10.055083274841309
TRAIN,5hcafebs,58,3,4,10,1,1,0,6.5,0.998498797416687,-0.23429235816001892,0.3621378540992737,1,-0.5964301824569702,12.313806533813477,1.938096046447754,11.34328556060791
TRAIN,5hcafebs,58,4,5,10,1,0,1,-5.59375,0.0037072531413286924,,,,,0.0,0.0,2.8216605186462402
TRAIN,5hcafebs,58,5,6,10,1,1,0,5.46875,0.9958011507987976,0.30878153443336487,0.30810415744781494,1,0.0006773769855499268,12.012739181518555,2.0600483417510986,11.20658016204834
TRAIN,5hcafebs,58,6,7,10,1,1,0,6.21875,0.9980121850967407,0.30602526664733887,0.3413659632205963,1,-0.035340696573257446,14.027047157287598,2.8725483417510986,13.361991882324219
TRAIN,5hcafebs,58,7,8,10,1,1,0,5.71875,0.9967268705368042,0.2943241000175476,0.32076495885849,1,-0.026440858840942383,11.886527061462402,1.9662984609603882,11.130449295043945
TRAIN,5hcafebs,58,8,9,10,1,1,0,7.09375,0.9991704225540161,0.32945650815963745,0.3497356176376343,1,-0.020279109477996826,11.251517295837402,1.9382244348526,10.3379545211792
TRAIN,5hcafebs,58,9,10,10,1,1,0,4.5,0.9890130758285522,0.3165130317211151,0.39746329188346863,1,-0.08095026016235352,11.352302551269531,1.8680837154388428,10.620015144348145
TRAIN,5hcafebs,59,0,1,10,1,0,1,-7.625,0.000487857119878754,,,,,0.0,0.0,2.8216605186462402
TRAIN,5hcafebs,59,1,2,10,1,0,1,-7.15625,0.0007793660624884069,,,,,0.0,0.0,2.8216605186462402
TRAIN,5hcafebs,59,2,3,10,1,1,0,8.6875,0.9998313188552856,-0.1964528113603592,0.37071162462234497,6,-0.567164421081543,12.176752090454102,2.0707221031188965,11.303956985473633
TRAIN,5hcafebs,59,3,4,10,1,1,0,6.6875,0.9987550973892212,-0.20320430397987366,0.3282700777053833,1,-0.5314743518829346,11.523059844970703,1.9613471031188965,10.613578796386719
TRAIN,5hcafebs,59,4,5,10,1,0,1,-5.8125,0.0029810327105224133,,,,,0.0,0.0,2.8216605186462402
TRAIN,5hcafebs,59,5,6,10,1,1,0,4.96875,0.9930961728096008,0.3127456307411194,0.325381338596344,8,-0.01263570785522461,11.358135223388672,1.9368683099746704,10.491887092590332
TRAIN,5hcafebs,59,6,7,10,1,1,0,5.0625,0.9937100410461426,0.20293459296226501,0.2228388786315918,6,-0.019904285669326782,15.582289695739746,3.6537983417510986,15.29260540008545
TRAIN,5hcafebs,59,7,8,10,1,1,0,5.78125,0.9969245791435242,0.24690741300582886,0.2705758213996887,6,-0.023668408393859863,13.395742416381836,2.7631733417510986,12.959770202636719
TRAIN,5hcafebs,59,8,9,10,1,1,0,6.75,0.9988304972648621,0.28129032254219055,0.2895240783691406,8,-0.008233755826950073,12.002443313598633,2.438096046447754,11.059357643127441
TRAIN,5hcafebs,59,9,10,10,1,0,1,-2.921875,0.05108273774385452,,,,,0.0,0.0,2.8216605186462402
TRAIN,5hcafebs,60,0,1,10,1,0,1,-7.71875,0.0004442183708306402,,,,,0.0,0.0,2.8216605186462402
TRAIN,5hcafebs,60,1,2,10,1,0,1,-6.9375,0.0009697519708424807,,,,,0.0,0.0,2.8216605186462402
TRAIN,5hcafebs,60,2,3,10,1,1,0,7.0625,0.9991440773010254,-0.23671391606330872,0.3500395715236664,9,-0.5867534875869751,12.287939071655273,2.0823757648468018,11.310295104980469
TRAIN,5hcafebs,60,3,4,10,1,1,0,6.5,0.998498797416687,-0.28383028507232666,0.3933838903903961,1,-0.6772141456604004,12.192800521850586,2.008408546447754,11.087945938110352
TRAIN,5hcafebs,60,4,5,10,1,0,1,-5.15625,0.005730246659368277,,,,,0.0,0.0,2.8216605186462402
TRAIN,5hcafebs,60,5,6,10,1,1,0,4.53125,0.9893474578857422,0.37637150287628174,0.3857676684856415,1,-0.009396165609359741,12.573504447937012,1.9457221031188965,11.84267807006836
TRAIN,5hcafebs,60,6,7,10,1,1,0,5.28125,0.9949396848678589,0.22592218220233917,0.25074100494384766,1,-0.024818822741508484,15.212420463562012,3.3256733417510986,14.892759323120117
TRAIN,5hcafebs,60,7,8,10,1,1,0,5.5,0.9959298968315125,0.2364100217819214,0.2621249854564667,1,-0.025714963674545288,11.931686401367188,2.06618070602417,11.284092903137207
TRAIN,5hcafebs,60,8,9,10,1,1,0,6.34375,0.998245358467102,0.3578401803970337,0.37187129259109497,1,-0.01403111219406128,11.341854095458984,1.938096046447754,10.342825889587402
TRAIN,5hcafebs,60,9,10,10,1,0,1,-5.0625,0.00628990214318037,,,,,0.0,0.0,2.8216605186462402
TRAIN,5hcafebs,61,0,1,10,1,0,1,-7.84375,0.0003920417802873999,,,,,0.0,0.0,2.8216605186462402
TRAIN,5hcafebs,61,1,2,10,1,0,1,-6.96875,0.0009399438858963549,,,,,0.0,0.0,2.8216605186462402
TRAIN,5hcafebs,61,2,3,10,1,1,0,9.3125,0.9999097585678101,-0.20748299360275269,0.37473413348197937,6,-0.5822170972824097,12.577333450317383,2.1800971031188965,11.685261726379395
TRAIN,5hcafebs,61,3,4,10,1,1,0,6.28125,0.9981324076652527,-0.22740232944488525,0.3245801329612732,1,-0.5519824624061584,12.540860176086426,2.102158546447754,11.594487190246582
TRAIN,5hcafebs,61,4,5,10,1,0,1,-5.75,0.003172682598233223,,,,,0.0,0.0,2.8216605186462402
TRAIN,5hcafebs,61,5,6,10,1,0,1,-3.71875,0.023689469322562218,,,,,0.0,0.0,2.8216605186462402
TRAIN,5hcafebs,61,6,7,10,1,1,0,6.5625,0.9985895752906799,0.31366708874702454,0.3514394760131836,6,-0.03777238726615906,12.372342109680176,2.2162983417510986,11.635856628417969
TRAIN,5hcafebs,61,7,8,10,1,1,0,5.78125,0.9969245791435242,0.31517910957336426,0.3566288948059082,6,-0.041449785232543945,13.011659622192383,2.5444233417510986,12.394834518432617
TRAIN,5hcafebs,61,8,9,10,1,1,0,6.1875,0.9979493021965027,0.28482669591903687,0.3172607421875,8,-0.032434046268463135,10.727252006530762,2.149033546447754,9.725974082946777
TRAIN,5hcafebs,61,9,10,10,1,0,1,-6.25,0.0019267346942797303,,,,,0.0,0.0,2.8216605186462402
TRAIN,5hcafebs,62,0,1,10,1,0,1,-7.8125,0.0004044814850203693,,,,,0.0,0.0,2.8216605186462402
TRAIN,5hcafebs,62,1,2,10,1,0,1,-7.03125,0.0008830457809381187,,,,,0.0,0.0,2.8216605186462402
TRAIN,5hcafebs,62,2,3,10,1,1,0,8.9375,0.999868631362915,-0.14493651688098907,0.3921903669834137,6,-0.537126898765564,11.831157684326172,1.9350484609603882,11.088071823120117
TRAIN,5hcafebs,62,3,4,10,1,1,0,6.46875,0.9984512329101562,-0.21888291835784912,0.3700328767299652,6,-0.5889158248901367,13.218170166015625,2.2631733417510986,12.310638427734375
TRAIN,5hcafebs,62,4,5,10,1,0,1,-5.03125,0.0064882696606218815,,,,,0.0,0.0,2.8216605186462402
TRAIN,5hcafebs,62,5,6,10,1,0,1,-4.375,0.012431650422513485,,,,,0.0,0.0,2.8216605186462402
TRAIN,5hcafebs,62,6,7,10,1,1,0,5.375,0.9953904151916504,0.18718300759792328,0.20295464992523193,8,-0.015771642327308655,16.931350708007812,3.7319233417510986,16.733858108520508
TRAIN,5hcafebs,62,7,8,10,1,1,0,5.5,0.9959298968315125,0.2448570877313614,0.2702791690826416,1,-0.025422081351280212,12.831079483032227,2.4350483417510986,12.289305686950684
TRAIN,5hcafebs,62,8,9,10,1,1,0,6.03125,0.9976032376289368,0.3805393576622009,0.3971502482891083,1,-0.01661089062690735,11.430278778076172,1.922471046447754,10.353408813476562
TRAIN,5hcafebs,62,9,10,10,1,0,1,-6.21875,0.001987774157896638,,,,,0.0,0.0,2.8216605186462402
TRAIN,5hcafebs,63,0,1,10,1,0,1,-7.96875,0.00034599160426296294,,,,,0.0,0.0,2.8216605186462402
TRAIN,5hcafebs,63,1,2,10,1,0,1,-7.0625,0.0008559006964787841,,,,,0.0,0.0,2.8216605186462402
TRAIN,5hcafebs,63,2,3,10,1,1,0,8.0,0.9996646642684937,-0.23913705348968506,0.35362350940704346,6,-0.5927605628967285,12.517927169799805,2.227158546447754,11.539655685424805
TRAIN,5hcafebs,63,3,4,10,1,1,0,6.0625,0.9976769089698792,-0.2593570351600647,0.3538702428340912,6,-0.6132272481918335,12.311269760131836,1.9925971031188965,11.274062156677246
TRAIN,5hcafebs,63,4,5,10,1,0,1,-5.40625,0.0044683837331831455,,,,,0.0,0.0,2.8216605186462402
TRAIN,5hcafebs,63,5,6,10,1,0,1,-5.28125,0.005060331895947456,,,,,0.0,0.0,2.8216605186462402
TRAIN,5hcafebs,63,6,7,10,1,1,0,6.28125,0.9981324076652527,0.2564840614795685,0.28389087319374084,6,-0.027406811714172363,14.955490112304688,3.1537983417510986,14.480377197265625
TRAIN,5hcafebs,63,7,8,10,1,1,0,6.03125,0.9976032376289368,0.32459378242492676,0.3784462511539459,6,-0.053852468729019165,12.806884765625,2.5131733417510986,12.21323299407959
TRAIN,5hcafebs,63,8,9,10,1,1,0,4.40625,0.9879462122917175,0.3360145390033722,0.3734275698661804,1,-0.03741303086280823,12.928043365478516,1.9925971031188965,12.233470916748047
TRAIN,5hcafebs,63,9,10,10,1,0,1,-6.09375,0.002251847181469202,,,,,0.0,0.0,2.8216605186462402
TRAIN,5hcafebs,64,0,1,10,1,0,1,-7.9375,0.0003569706459529698,,,,,0.0,0.0,2.8216605186462402
TRAIN,5hcafebs,64,1,2,10,1,0,1,-7.84375,0.0003920417802873999,,,,,0.0,0.0,2.8216605186462402
TRAIN,5hcafebs,64,2,3,10,1,1,0,8.375,0.9997695088386536,-0.24485796689987183,0.3606531023979187,1,-0.6055110692977905,12.884512901306152,2.289658546447754,11.899815559387207
TRAIN,5hcafebs,64,3,4,10,1,1,0,6.46875,0.9984512329101562,-0.1928592175245285,0.3459496796131134,1,-0.5388088822364807,11.74455451965332,1.7386257648468018,10.86935806274414
TRAIN,5hcafebs,64,4,5,10,1,0,1,-5.5,0.00407013762742281,,,,,0.0,0.0,2.8216605186462402
TRAIN,5hcafebs,64,5,6,10,1,0,1,-5.5,0.00407013762742281,,,,,0.0,0.0,2.8216605186462402
TRAIN,5hcafebs,64,6,7,10,1,1,0,4.78125,0.9916841983795166,0.20171448588371277,0.23099873960018158,1,-0.02928425371646881,16.137258529663086,3.3412983417510986,15.87123966217041
TRAIN,5hcafebs,64,7,8,10,1,1,0,5.65625,0.9965165853500366,0.30645886063575745,0.3368687331676483,1,-0.03040987253189087,12.482597351074219,2.2006733417510986,11.832557678222656
TRAIN,5hcafebs,64,8,9,10,1,0,1,-2.671875,0.06465348601341248,,,,,0.0,0.0,2.8216605186462402
TRAIN,5hcafebs,64,9,10,10,1,0,1,-7.28125,0.0006878511630930007,,,,,0.0,0.0,2.8216605186462402
TRAIN,5hcafebs,65,0,1,10,1,0,1,-7.5625,0.0005193048855289817,,,,,0.0,0.0,2.8216605186462402
TRAIN,5hcafebs,65,1,2,10,1,0,1,-7.625,0.000487857119878754,,,,,0.0,0.0,2.8216605186462402
TRAIN,5hcafebs,65,2,3,10,1,1,0,9.5625,0.999929666519165,-0.22152695059776306,0.36967986822128296,6,-0.5912067890167236,11.480643272399902,1.9613471031188965,10.520962715148926
TRAIN,5hcafebs,65,3,4,10,1,1,0,6.4375,0.9984021782875061,-0.20307184755802155,0.3389684557914734,6,-0.5420402884483337,12.408079147338867,2.070908546447754,11.523568153381348
TRAIN,5hcafebs,65,4,5,10,1,0,1,-4.75,0.008577484637498856,,,,,0.0,0.0,2.8216605186462402
TRAIN,5hcafebs,65,5,6,10,1,0,1,-5.0625,0.00628990214318037,,,,,0.0,0.0,2.8216605186462402
TRAIN,5hcafebs,65,6,7,10,1,1,0,5.125,0.9940890073776245,0.21271218359470367,0.23598535358905792,1,-0.023273169994354248,15.417341232299805,3.2631733417510986,15.148212432861328
TRAIN,5hcafebs,65,7,8,10,1,1,0,5.53125,0.9960545301437378,0.28682830929756165,0.3071134686470032,1,-0.02028515934944153,12.753837585449219,2.3412983417510986,12.153572082519531
TRAIN,5hcafebs,65,8,9,10,1,0,1,-5.28125,0.005060331895947456,,,,,0.0,0.0,2.8216605186462402
TRAIN,5hcafebs,65,9,10,10,1,0,1,-6.6875,0.0012448433553799987,,,,,0.0,0.0,2.8216605186462402
TRAIN,5hcafebs,66,0,1,10,1,0,1,-6.28125,0.0018675660248845816,,,,,0.0,0.0,2.8216605186462402
TRAIN,5hcafebs,66,1,2,10,1,0,1,-7.5,0.000552778656128794,,,,,0.0,0.0,2.8216605186462402
TRAIN,5hcafebs,66,2,3,10,1,1,0,7.90625,0.9996316432952881,-0.1537085622549057,0.3649025857448578,9,-0.5186111330986023,14.16128921508789,2.3366618156433105,13.450393676757812
TRAIN,5hcafebs,66,3,4,10,1,1,0,6.03125,0.9976032376289368,-0.23360995948314667,0.4084019064903259,1,-0.6420118808746338,13.084794998168945,1.9769721031188965,12.134758949279785
TRAIN,5hcafebs,66,4,5,10,1,0,1,-5.53125,0.0039454069919884205,,,,,0.0,0.0,2.8216605186462402
TRAIN,5hcafebs,66,5,6,10,1,0,1,-5.625,0.0035936026833951473,,,,,0.0,0.0,2.8216605186462402
TRAIN,5hcafebs,66,6,7,10,1,1,0,4.8125,0.9919379353523254,0.2480124533176422,0.2740672528743744,6,-0.026054799556732178,14.48885726928711,3.0756733417510986,14.082619667053223
TRAIN,5hcafebs,66,7,8,10,1,1,0,5.625,0.9964063763618469,0.2934768795967102,0.31321653723716736,1,-0.019739657640457153,12.295096397399902,2.3569233417510986,11.703686714172363
TRAIN,5hcafebs,66,8,9,10,1,0,1,-6.375,0.0017007222631946206,,,,,0.0,0.0,2.8216605186462402
TRAIN,5hcafebs,66,9,10,10,1,0,1,-6.3125,0.0018102108733728528,,,,,0.0,0.0,2.8216605186462402
TRAIN,5hcafebs,67,0,1,10,1,0,1,-6.34375,0.0017546144081279635,,,,,0.0,0.0,2.8216605186462402
TRAIN,5hcafebs,67,1,2,10,1,0,1,-7.40625,0.0006070755189284682,,,,,0.0,0.0,2.8216605186462402
TRAIN,5hcafebs,67,2,3,10,1,1,0,7.9375,0.9996429681777954,-0.24025116860866547,0.32511961460113525,8,-0.5653707981109619,11.195836067199707,2.070908546447754,10.177714347839355
TRAIN,5hcafebs,67,3,4,10,1,1,0,5.625,0.9964063763618469,-0.2266545444726944,0.32894134521484375,1,-0.555595874786377,12.437933921813965,2.039658546447754,11.490976333618164
TRAIN,5hcafebs,67,4,5,10,1,0,1,-5.40625,0.0044683837331831455,,,,,0.0,0.0,2.8216605186462402
TRAIN,5hcafebs,67,5,6,10,1,0,1,-5.40625,0.0044683837331831455,,,,,0.0,0.0,2.8216605186462402
TRAIN,5hcafebs,67,6,7,10,1,1,0,4.625,0.9902915358543396,0.17535917460918427,0.1872902661561966,1,-0.011931091547012329,15.442819595336914,3.4975483417510986,15.236374855041504
TRAIN,5hcafebs,67,7,8,10,1,1,0,5.40625,0.9955315589904785,0.3187382221221924,0.33636474609375,6,-0.017626523971557617,12.266079902648926,2.211533546447754,11.506380081176758
TRAIN,5hcafebs,67,8,9,10,1,0,1,-7.0625,0.0008559006964787841,,,,,0.0,0.0,2.8216605186462402
TRAIN,5hcafebs,67,9,10,10,1,0,1,-6.90625,0.0010005044750869274,,,,,0.0,0.0,2.8216605186462402
TRAIN,5hcafebs,68,0,1,10,1,0,1,-6.21875,0.001987774157896638,,,,,0.0,0.0,2.8216605186462402
TRAIN,5hcafebs,68,1,2,10,1,0,1,-5.96875,0.0025509123224765062,,,,,0.0,0.0,2.8216605186462402
TRAIN,5hcafebs,68,2,3,10,1,1,0,8.5,0.9997965693473816,-0.28349778056144714,0.3753107488155365,9,-0.6588085293769836,12.491724967956543,2.195908546447754,11.395200729370117
TRAIN,5hcafebs,68,3,4,10,1,1,0,5.90625,0.997285008430481,-0.17574408650398254,0.33489102125167847,1,-0.5106351375579834,12.754827499389648,2.1537983417510986,11.952794075012207
TRAIN,5hcafebs,68,4,5,10,1,0,1,-5.46875,0.004198795650154352,,,,,0.0,0.0,2.8216605186462402
TRAIN,5hcafebs,68,5,6,10,1,0,1,-5.03125,0.0064882696606218815,,,,,0.0,0.0,2.8216605186462402
TRAIN,5hcafebs,68,6,7,10,1,1,0,4.21875,0.985496461391449,0.22523534297943115,0.2622978389263153,8,-0.037062495946884155,14.295676231384277,2.6537983417510986,13.89692497253418
TRAIN,5hcafebs,68,7,8,10,1,1,0,5.1875,0.9944451451301575,0.261810302734375,0.29408755898475647,1,-0.03227725625038147,12.44811725616455,2.2475483417510986,11.837549209594727
TRAIN,5hcafebs,68,8,9,10,1,0,1,-6.34375,0.0017546144081279635,,,,,0.0,0.0,2.8216605186462402
TRAIN,5hcafebs,68,9,10,10,1,0,1,-7.1875,0.0007554056355729699,,,,,0.0,0.0,2.8216605186462402
TRAIN,5hcafebs,69,0,1,10,1,0,1,-6.6875,0.0012448433553799987,,,,,0.0,0.0,2.8216605186462402
TRAIN,5hcafebs,69,1,2,10,1,0,1,-6.90625,0.0010005044750869274,,,,,0.0,0.0,2.8216605186462402
TRAIN,5hcafebs,69,2,3,10,1,1,0,8.125,0.9997040629386902,-0.18481633067131042,0.3090573847293854,1,-0.4938737154006958,14.276193618774414,2.4304118156433105,13.482791900634766
TRAIN,5hcafebs,69,3,4,10,1,1,0,5.8125,0.9970190525054932,-0.22727613151073456,0.3586744964122772,6,-0.5859506130218506,12.98857307434082,2.2319233417510986,12.053290367126465
TRAIN,5hcafebs,69,4,5,10,1,0,1,-5.3125,0.004905405919998884,,,,,0.0,0.0,2.8216605186462402
TRAIN,5hcafebs,69,5,6,10,1,0,1,-5.3125,0.004905405919998884,,,,,0.0,0.0,2.8216605186462402
TRAIN,5hcafebs,69,6,7,10,1,1,0,4.53125,0.9893474578857422,0.2803193926811218,0.30833858251571655,6,-0.028019189834594727,13.664966583251953,2.6069233417510986,12.999377250671387
TRAIN,5hcafebs,69,7,8,10,1,1,0,6.3125,0.9981897473335266,0.3312804102897644,0.36961671710014343,6,-0.03833630681037903,12.486559867858887,2.3412983417510986,11.804065704345703
TRAIN,5hcafebs,69,8,9,10,1,0,1,-7.21875,0.0007321811863221228,,,,,0.0,0.0,2.8216605186462402
TRAIN,5hcafebs,69,9,10,10,1,0,1,-6.125,0.002182716503739357,,,,,0.0,0.0,2.8216605186462402
TRAIN,5hcafebs,70,0,1,10,1,0,1,-6.65625,0.0012843081494793296,,,,,0.0,0.0,2.8216605186462402
TRAIN,5hcafebs,70,1,2,10,1,0,1,-7.09375,0.0008295892039313912,,,,,0.0,0.0,2.8216605186462402
TRAIN,5hcafebs,70,2,3,10,1,1,0,5.65625,0.9965165853500366,-0.14505308866500854,0.32275131344795227,1,-0.4678044021129608,12.743378639221191,1.9613471031188965,12.024511337280273
TRAIN,5hcafebs,70,3,4,10,1,1,0,5.53125,0.9960545301437378,-0.20887501537799835,0.38006117939949036,1,-0.5889362096786499,12.720516204833984,1.9300971031188965,11.828238487243652
TRAIN,5hcafebs,70,4,5,10,1,0,1,-4.90625,0.007345826830714941,,,,,0.0,0.0,2.8216605186462402
TRAIN,5hcafebs,70,5,6,10,1,0,1,-6.09375,0.002251847181469202,,,,,0.0,0.0,2.8216605186462402
TRAIN,5hcafebs,70,6,7,10,1,1,0,0.296875,0.5736784338951111,0.21417900919914246,0.23791834712028503,6,-0.023739337921142578,12.680832862854004,1.9769721031188965,12.469449043273926
TRAIN,5hcafebs,70,7,8,10,1,1,0,5.4375,0.9956685304641724,0.2821820080280304,0.30640166997909546,1,-0.024219661951065063,12.760181427001953,2.3569233417510986,12.22492790222168
TRAIN,5hcafebs,70,8,9,10,1,0,1,-7.96875,0.00034599160426296294,,,,,0.0,0.0,2.8216605186462402
TRAIN,5hcafebs,70,9,10,10,1,0,1,-6.90625,0.0010005044750869274,,,,,0.0,0.0,2.8216605186462402
TRAIN,5hcafebs,71,0,1,10,1,0,1,-6.0625,0.002323162741959095,,,,,0.0,0.0,2.8216605186462402
TRAIN,5hcafebs,71,1,2,10,1,0,1,-6.53125,0.0014550630003213882,,,,,0.0,0.0,2.8216605186462402
TRAIN,5hcafebs,71,2,3,10,1,1,0,6.09375,0.9977481961250305,-0.2818850576877594,0.37095046043395996,10,-0.652835488319397,11.448646545410156,1.977158546447754,10.328570365905762
TRAIN,5hcafebs,71,3,4,10,1,1,0,6.03125,0.9976032376289368,-0.2030966430902481,0.3232032358646393,9,-0.5262998938560486,12.407252311706543,2.0980007648468018,11.52265453338623
TRAIN,5hcafebs,71,4,5,10,1,0,1,-5.03125,0.0064882696606218815,,,,,0.0,0.0,2.8216605186462402
TRAIN,5hcafebs,71,5,6,10,1,0,1,-5.90625,0.0027149852830916643,,,,,0.0,0.0,2.8216605186462402
TRAIN,5hcafebs,71,6,7,10,1,0,1,-0.72265625,0.3268083333969116,,,,,0.0,0.0,2.8216605186462402
TRAIN,5hcafebs,71,7,8,10,1,1,0,5.625,0.9964063763618469,0.2969944477081299,0.3294981122016907,1,-0.03250366449356079,12.361026763916016,2.2787983417510986,11.771090507507324
TRAIN,5hcafebs,71,8,9,10,1,0,1,-7.84375,0.0003920417802873999,,,,,0.0,0.0,2.8216605186462402
TRAIN,5hcafebs,71,9,10,10,1,0,1,-5.875,0.0028009270317852497,,,,,0.0,0.0,2.8216605186462402
TRAIN,5hcafebs,72,0,1,10,1,0,1,-6.8125,0.001098731067031622,,,,,0.0,0.0,2.8216605186462402
TRAIN,5hcafebs,72,1,2,10,1,0,1,-6.90625,0.0010005044750869274,,,,,0.0,0.0,2.8216605186462402
TRAIN,5hcafebs,72,2,3,10,1,1,0,0.07763671875,0.5193994641304016,0.05466999113559723,0.28960248827934265,6,-0.23493249714374542,11.071633338928223,1.9283032417297363,10.861412048339844
TRAIN,5hcafebs,72,3,4,10,1,1,0,5.71875,0.9967268705368042,-0.20776847004890442,0.3330180048942566,6,-0.5407865047454834,12.07233715057373,2.2006733417510986,11.166332244873047
TRAIN,5hcafebs,72,4,5,10,1,0,1,-5.40625,0.0044683837331831455,,,,,0.0,0.0,2.8216605186462402
TRAIN,5hcafebs,72,5,6,10,1,0,1,-5.78125,0.0030753696337342262,,,,,0.0,0.0,2.8216605186462402
TRAIN,5hcafebs,72,6,7,10,1,0,1,-1.78125,0.14414885640144348,,,,,0.0,0.0,2.8216605186462402
TRAIN,5hcafebs,72,7,8,10,1,1,0,5.875,0.9971990585327148,0.3191690742969513,0.35751640796661377,6,-0.038347333669662476,13.798469543457031,2.7475483417510986,13.138897895812988
TRAIN,5hcafebs,72,8,9,10,1,0,1,-7.84375,0.0003920417802873999,,,,,0.0,0.0,2.8216605186462402
TRAIN,5hcafebs,72,9,10,10,1,0,1,-5.15625,0.005730246659368277,,,,,0.0,0.0,2.8216605186462402
TRAIN,5hcafebs,73,0,1,10,1,0,1,-6.8125,0.001098731067031622,,,,,0.0,0.0,2.8216605186462402
TRAIN,5hcafebs,73,1,2,10,1,0,1,-7.0625,0.0008559006964787841,,,,,0.0,0.0,2.8216605186462402
TRAIN,5hcafebs,73,2,3,10,1,0,1,-4.1875,0.014957086183130741,,,,,0.0,0.0,2.8216605186462402
TRAIN,5hcafebs,73,3,4,10,1,1,0,5.28125,0.9949396848678589,-0.1718190312385559,0.3229259252548218,1,-0.4947449564933777,12.591493606567383,2.1381733417510986,11.79602336883545
TRAIN,5hcafebs,73,4,5,10,1,0,1,-5.75,0.003172682598233223,,,,,0.0,0.0,2.8216605186462402
TRAIN,5hcafebs,73,5,6,10,1,0,1,-5.71875,0.003273064736276865,,,,,0.0,0.0,2.8216605186462402
TRAIN,5hcafebs,73,6,7,10,1,0,1,-2.703125,0.06278920918703079,,,,,0.0,0.0,2.8216605186462402
TRAIN,5hcafebs,73,7,8,10,1,1,0,5.21875,0.9946150183677673,0.298618882894516,0.32803142070770264,6,-0.029412537813186646,12.320571899414062,2.4037983417510986,11.648552894592285
TRAIN,5hcafebs,73,8,9,10,1,0,1,-7.8125,0.0004044814850203693,,,,,0.0,0.0,2.8216605186462402
TRAIN,5hcafebs,73,9,10,10,1,0,1,-6.03125,0.0023967307060956955,,,,,0.0,0.0,2.8216605186462402
TRAIN,5hcafebs,74,0,1,10,1,0,1,-7.15625,0.0007793660624884069,,,,,0.0,0.0,2.8216605186462402
TRAIN,5hcafebs,74,1,2,10,1,0,1,-7.4375,0.0005884087877348065,,,,,0.0,0.0,2.8216605186462402
TRAIN,5hcafebs,74,2,3,10,1,0,1,-6.125,0.002182716503739357,,,,,0.0,0.0,2.8216605186462402
TRAIN,5hcafebs,74,3,4,10,1,1,0,5.03125,0.9935117363929749,-0.18445219099521637,0.35262301564216614,1,-0.5370752215385437,13.30098819732666,2.0238471031188965,12.488205909729004
TRAIN,5hcafebs,74,4,5,10,1,0,1,-5.8125,0.0029810327105224133,,,,,0.0,0.0,2.8216605186462402
TRAIN,5hcafebs,74,5,6,10,1,0,1,-4.6875,0.009125636890530586,,,,,0.0,0.0,2.8216605186462402
TRAIN,5hcafebs,74,6,7,10,1,0,1,-2.953125,0.04958902671933174,,,,,0.0,0.0,2.8216605186462402
TRAIN,5hcafebs,74,7,8,10,1,1,0,4.96875,0.9930961728096008,0.2887636125087738,0.3219529986381531,1,-0.03318938612937927,12.516364097595215,2.2006733417510986,11.921043395996094
TRAIN,5hcafebs,74,8,9,10,1,0,1,-7.40625,0.0006070755189284682,,,,,0.0,0.0,2.8216605186462402
TRAIN,5hcafebs,74,9,10,10,1,0,1,-5.5,0.00407013762742281,,,,,0.0,0.0,2.8216605186462402
TRAIN,5hcafebs,75,0,1,10,1,0,1,-6.3125,0.0018102108733728528,,,,,0.0,0.0,2.8216605186462402
TRAIN,5hcafebs,75,1,2,10,1,0,1,-6.9375,0.0009697519708424807,,,,,0.0,0.0,2.8216605186462402
TRAIN,5hcafebs,75,2,3,10,1,0,1,-7.4375,0.0005884087877348065,,,,,0.0,0.0,2.8216605186462402
TRAIN,5hcafebs,75,3,4,10,1,1,0,4.5625,0.9896718263626099,-0.25505948066711426,0.36727234721183777,1,-0.6223318576812744,11.476381301879883,1.7337433099746704,10.427663803100586
TRAIN,5hcafebs,75,4,5,10,1,0,1,-5.90625,0.0027149852830916643,,,,,0.0,0.0,2.8216605186462402
TRAIN,5hcafebs,75,5,6,10,1,0,1,-3.78125,0.0222861859947443,,,,,0.0,0.0,2.8216605186462402
TRAIN,5hcafebs,75,6,7,10,1,0,1,-2.65625,0.06560483574867249,,,,,0.0,0.0,2.8216605186462402
TRAIN,5hcafebs,75,7,8,10,1,1,0,5.0625,0.9937100410461426,0.2985820472240448,0.32531407475471497,6,-0.026732027530670166,12.416828155517578,2.2631733417510986,11.739460945129395
TRAIN,5hcafebs,75,8,9,10,1,0,1,-6.65625,0.0012843081494793296,,,,,0.0,0.0,2.8216605186462402
TRAIN,5hcafebs,75,9,10,10,1,0,1,-6.15625,0.002115703420713544,,,,,0.0,0.0,2.8216605186462402
TRAIN,5hcafebs,76,0,1,10,1,0,1,-7.09375,0.0008295892039313912,,,,,0.0,0.0,2.8216605186462402
TRAIN,5hcafebs,76,1,2,10,1,0,1,-7.1875,0.0007554056355729699,,,,,0.0,0.0,2.8216605186462402
TRAIN,5hcafebs,76,2,3,10,1,0,1,-7.71875,0.0004442183708306402,,,,,0.0,0.0,2.8216605186462402
TRAIN,5hcafebs,76,3,4,10,1,0,1,-1.984375,0.12085322290658951,,,,,0.0,0.0,2.8216605186462402
TRAIN,5hcafebs,76,4,5,10,1,0,1,-5.9375,0.0026316740550100803,,,,,0.0,0.0,2.8216605186462402
TRAIN,5hcafebs,76,5,6,10,1,0,1,-3.15625,0.04084571450948715,,,,,0.0,0.0,2.8216605186462402
TRAIN,5hcafebs,76,6,7,10,1,0,1,-2.84375,0.055005285888910294,,,,,0.0,0.0,2.8216605186462402
TRAIN,5hcafebs,76,7,8,10,1,1,0,4.78125,0.9916841983795166,0.2844148278236389,0.3128610849380493,1,-0.0284462571144104,12.180289268493652,2.1381733417510986,11.599891662597656
TRAIN,5hcafebs,76,8,9,10,1,0,1,-6.9375,0.0009697519708424807,,,,,0.0,0.0,2.8216605186462402
TRAIN,5hcafebs,76,9,10,10,1,0,1,-6.125,0.002182716503739357,,,,,0.0,0.0,2.8216605186462402
TRAIN,5hcafebs,77,0,1,10,1,0,1,-6.71875,0.0012065897462889552,,,,,0.0,0.0,2.8216605186462402
TRAIN,5hcafebs,77,1,2,10,1,0,1,-6.84375,0.0010649627074599266,,,,,0.0,0.0,2.8216605186462402
TRAIN,5hcafebs,77,2,3,10,1,0,1,-7.6875,0.000458312890259549,,,,,0.0,0.0,2.8216605186462402
TRAIN,5hcafebs,77,3,4,10,1,0,1,-5.1875,0.005554925184696913,,,,,0.0,0.0,2.8216605186462402
TRAIN,5hcafebs,77,4,5,10,1,0,1,-5.9375,0.0026316740550100803,,,,,0.0,0.0,2.8216605186462402
TRAIN,5hcafebs,77,5,6,10,1,0,1,-3.625,0.02595735713839531,,,,,0.0,0.0,2.8216605186462402
TRAIN,5hcafebs,77,6,7,10,1,0,1,-1.8125,0.14033624529838562,,,,,0.0,0.0,2.8216605186462402
TRAIN,5hcafebs,77,7,8,10,1,1,0,3.890625,0.9799765348434448,0.2751833200454712,0.30866289138793945,6,-0.03347957134246826,10.872098922729492,1.7181183099746704,10.07300090789795
TRAIN,5hcafebs,77,8,9,10,1,0,1,-6.4375,0.001597845577634871,,,,,0.0,0.0,2.8216605186462402
TRAIN,5hcafebs,77,9,10,10,1,0,1,-5.40625,0.0044683837331831455,,,,,0.0,0.0,2.8216605186462402
TRAIN,5hcafebs,78,0,1,10,1,0,1,-6.9375,0.0009697519708424807,,,,,0.0,0.0,2.8216605186462402
TRAIN,5hcafebs,78,1,2,10,1,0,1,-7.0,0.0009110511746257544,,,,,0.0,0.0,2.8216605186462402
TRAIN,5hcafebs,78,2,3,10,1,0,1,-7.46875,0.000570315751247108,,,,,0.0,0.0,2.8216605186462402
TRAIN,5hcafebs,78,3,4,10,1,0,1,-5.4375,0.004331501666456461,,,,,0.0,0.0,2.8216605186462402
TRAIN,5hcafebs,78,4,5,10,1,0,1,-6.4375,0.001597845577634871,,,,,0.0,0.0,2.8216605186462402
TRAIN,5hcafebs,78,5,6,10,1,0,1,-3.890625,0.020023440942168236,,,,,0.0,0.0,2.8216605186462402
TRAIN,5hcafebs,78,6,7,10,1,0,1,-1.5078125,0.18126320838928223,,,,,0.0,0.0,2.8216605186462402
TRAIN,5hcafebs,78,7,8,10,1,1,0,2.421875,0.9184802770614624,0.23075349628925323,0.2973416745662689,1,-0.06658817827701569,11.312787055969238,1.8635956048965454,10.527120590209961
TRAIN,5hcafebs,78,8,9,10,1,0,1,-6.34375,0.0017546144081279635,,,,,0.0,0.0,2.8216605186462402
TRAIN,5hcafebs,78,9,10,10,1,0,1,-5.5625,0.0038244836032390594,,,,,0.0,0.0,2.8216605186462402
TRAIN,5hcafebs,79,0,1,10,1,0,1,-6.28125,0.0018675660248845816,,,,,0.0,0.0,2.8216605186462402
TRAIN,5hcafebs,79,1,2,10,1,0,1,-7.0,0.0009110511746257544,,,,,0.0,0.0,2.8216605186462402
TRAIN,5hcafebs,79,2,3,10,1,0,1,-7.6875,0.000458312890259549,,,,,0.0,0.0,2.8216605186462402
TRAIN,5hcafebs,79,3,4,10,1,0,1,-5.75,0.003172682598233223,,,,,0.0,0.0,2.8216605186462402
TRAIN,5hcafebs,79,4,5,10,1,0,1,-6.0,0.0024726230185478926,,,,,0.0,0.0,2.8216605186462402
TRAIN,5hcafebs,79,5,6,10,1,0,1,-3.890625,0.020023440942168236,,,,,0.0,0.0,2.8216605186462402
TRAIN,5hcafebs,79,6,7,10,1,0,1,-1.1328125,0.2436424344778061,,,,,0.0,0.0,2.8216605186462402
TRAIN,5hcafebs,79,7,8,10,1,0,1,-0.9609375,0.2766905128955841,,,,,0.0,0.0,2.8216605186462402
TRAIN,5hcafebs,79,8,9,10,1,0,1,-6.25,0.0019267346942797303,,,,,0.0,0.0,2.8216605186462402
TRAIN,5hcafebs,79,9,10,10,1,0,1,-5.40625,0.0044683837331831455,,,,,0.0,0.0,2.8216605186462402
TRAIN,5hcafebs,80,0,1,10,1,0,1,-6.15625,0.002115703420713544,,,,,0.0,0.0,2.8216605186462402
TRAIN,5hcafebs,80,1,2,10,1,0,1,-6.96875,0.0009399438858963549,,,,,0.0,0.0,2.8216605186462402
TRAIN,5hcafebs,80,2,3,10,1,0,1,-7.71875,0.0004442183708306402,,,,,0.0,0.0,2.8216605186462402
TRAIN,5hcafebs,80,3,4,10,1,0,1,-5.75,0.003172682598233223,,,,,0.0,0.0,2.8216605186462402
TRAIN,5hcafebs,80,4,5,10,1,0,1,-6.5,0.0015011823270469904,,,,,0.0,0.0,2.8216605186462402
TRAIN,5hcafebs,80,5,6,10,1,0,1,-2.421875,0.08151976019144058,,,,,0.0,0.0,2.8216605186462402
TRAIN,5hcafebs,80,6,7,10,1,0,1,-1.421875,0.19436779618263245,,,,,0.0,0.0,2.8216605186462402
TRAIN,5hcafebs,80,7,8,10,1,0,1,-3.0625,0.044680867344141006,,,,,0.0,0.0,2.8216605186462402
TRAIN,5hcafebs,80,8,9,10,1,0,1,-6.5,0.0015011823270469904,,,,,0.0,0.0,2.8216605186462402
TRAIN,5hcafebs,80,9,10,10,1,0,1,-5.53125,0.0039454069919884205,,,,,0.0,0.0,2.8216605186462402
TRAIN,5hcafebs,81,0,1,10,1,0,1,-6.75,0.0011695103021338582,,,,,0.0,0.0,2.8216605186462402
TRAIN,5hcafebs,81,1,2,10,1,0,1,-7.1875,0.0007554056355729699,,,,,0.0,0.0,2.8216605186462402
TRAIN,5hcafebs,81,2,3,10,1,0,1,-7.5625,0.0005193048855289817,,,,,0.0,0.0,2.8216605186462402
TRAIN,5hcafebs,81,3,4,10,1,0,1,-5.8125,0.0029810327105224133,,,,,0.0,0.0,2.8216605186462402
TRAIN,5hcafebs,81,4,5,10,1,0,1,-6.625,0.0013250223128125072,,,,,0.0,0.0,2.8216605186462402
TRAIN,5hcafebs,81,5,6,10,1,0,1,-3.59375,0.026759283617138863,,,,,0.0,0.0,2.8216605186462402
TRAIN,5hcafebs,81,6,7,10,1,0,1,-1.3671875,0.2030746340751648,,,,,0.0,0.0,2.8216605186462402
TRAIN,5hcafebs,81,7,8,10,1,0,1,-3.21875,0.0384661927819252,,,,,0.0,0.0,2.8216605186462402
TRAIN,5hcafebs,81,8,9,10,1,0,1,-6.625,0.0013250223128125072,,,,,0.0,0.0,2.8216605186462402
TRAIN,5hcafebs,81,9,10,10,1,0,1,-5.625,0.0035936026833951473,,,,,0.0,0.0,2.8216605186462402
TRAIN,5hcafebs,82,0,1,10,1,0,1,-7.0,0.0009110511746257544,,,,,0.0,0.0,2.8216605186462402
TRAIN,5hcafebs,82,1,2,10,1,0,1,-7.375,0.000626334105618298,,,,,0.0,0.0,2.8216605186462402
TRAIN,5hcafebs,82,2,3,10,1,0,1,-7.71875,0.0004442183708306402,,,,,0.0,0.0,2.8216605186462402
TRAIN,5hcafebs,82,3,4,10,1,0,1,-5.84375,0.002889581024646759,,,,,0.0,0.0,2.8216605186462402
TRAIN,5hcafebs,82,4,5,10,1,0,1,-6.625,0.0013250223128125072,,,,,0.0,0.0,2.8216605186462402
TRAIN,5hcafebs,82,5,6,10,1,0,1,-4.5,0.010986941866576672,,,,,0.0,0.0,2.8216605186462402
TRAIN,5hcafebs,82,6,7,10,1,0,1,-1.734375,0.15002880990505219,,,,,0.0,0.0,2.8216605186462402
TRAIN,5hcafebs,82,7,8,10,1,0,1,-2.609375,0.06853749603033066,,,,,0.0,0.0,2.8216605186462402
TRAIN,5hcafebs,82,8,9,10,1,0,1,-6.03125,0.0023967307060956955,,,,,0.0,0.0,2.8216605186462402
TRAIN,5hcafebs,82,9,10,10,1,0,1,-5.15625,0.005730246659368277,,,,,0.0,0.0,2.8216605186462402
TRAIN,5hcafebs,83,0,1,10,1,0,1,-7.0,0.0009110511746257544,,,,,0.0,0.0,2.8216605186462402
TRAIN,5hcafebs,83,1,2,10,1,0,1,-7.5,0.000552778656128794,,,,,0.0,0.0,2.8216605186462402
TRAIN,5hcafebs,83,2,3,10,1,0,1,-7.4375,0.0005884087877348065,,,,,0.0,0.0,2.8216605186462402
TRAIN,5hcafebs,83,3,4,10,1,0,1,-5.4375,0.004331501666456461,,,,,0.0,0.0,2.8216605186462402
TRAIN,5hcafebs,83,4,5,10,1,0,1,-6.59375,0.0013670255430042744,,,,,0.0,0.0,2.8216605186462402
TRAIN,5hcafebs,83,5,6,10,1,0,1,-3.75,0.022977370768785477,,,,,0.0,0.0,2.8216605186462402
TRAIN,5hcafebs,83,6,7,10,1,0,1,-1.0546875,0.2583259642124176,,,,,0.0,0.0,2.8216605186462402
TRAIN,5hcafebs,83,7,8,10,1,0,1,-2.515625,0.07477004081010818,,,,,0.0,0.0,2.8216605186462402
TRAIN,5hcafebs,83,8,9,10,1,0,1,-5.375,0.004609572235494852,,,,,0.0,0.0,2.8216605186462402
TRAIN,5hcafebs,83,9,10,10,1,0,1,-4.46875,0.011331753805279732,,,,,0.0,0.0,2.8216605186462402
TRAIN,5hcafebs,84,0,1,10,1,0,1,-7.34375,0.0006462032906711102,,,,,0.0,0.0,2.8216605186462402
TRAIN,5hcafebs,84,1,2,10,1,0,1,-7.46875,0.000570315751247108,,,,,0.0,0.0,2.8216605186462402
TRAIN,5hcafebs,84,2,3,10,1,0,1,-7.15625,0.0007793660624884069,,,,,0.0,0.0,2.8216605186462402
TRAIN,5hcafebs,84,3,4,10,1,0,1,-5.1875,0.005554925184696913,,,,,0.0,0.0,2.8216605186462402
TRAIN,5hcafebs,84,4,5,10,1,0,1,-6.75,0.0011695103021338582,,,,,0.0,0.0,2.8216605186462402
TRAIN,5hcafebs,84,5,6,10,1,0,1,-3.71875,0.023689469322562218,,,,,0.0,0.0,2.8216605186462402
TRAIN,5hcafebs,84,6,7,10,1,0,1,-1.0546875,0.2583259642124176,,,,,0.0,0.0,2.8216605186462402
TRAIN,5hcafebs,84,7,8,10,1,0,1,-1.6015625,0.1677633374929428,,,,,0.0,0.0,2.8216605186462402
TRAIN,5hcafebs,84,8,9,10,1,0,1,-5.6875,0.0033766122069209814,,,,,0.0,0.0,2.8216605186462402
TRAIN,5hcafebs,84,9,10,10,1,0,1,-4.8125,0.008061991073191166,,,,,0.0,0.0,2.8216605186462402
TRAIN,5hcafebs,85,0,1,10,1,0,1,-6.9375,0.0009697519708424807,,,,,0.0,0.0,2.8216605186462402
TRAIN,5hcafebs,85,1,2,10,1,0,1,-7.34375,0.0006462032906711102,,,,,0.0,0.0,2.8216605186462402
TRAIN,5hcafebs,85,2,3,10,1,0,1,-7.3125,0.0006667023408226669,,,,,0.0,0.0,2.8216605186462402
TRAIN,5hcafebs,85,3,4,10,1,0,1,-5.4375,0.004331501666456461,,,,,0.0,0.0,2.8216605186462402
TRAIN,5hcafebs,85,4,5,10,1,0,1,-6.6875,0.0012448433553799987,,,,,0.0,0.0,2.8216605186462402
TRAIN,5hcafebs,85,5,6,10,1,0,1,-4.0,0.01798621006309986,,,,,0.0,0.0,2.8216605186462402
TRAIN,5hcafebs,85,6,7,10,1,0,1,-1.3828125,0.20055769383907318,,,,,0.0,0.0,2.8216605186462402
TRAIN,5hcafebs,85,7,8,10,1,0,1,-1.546875,0.1755380779504776,,,,,0.0,0.0,2.8216605186462402
TRAIN,5hcafebs,85,8,9,10,1,0,1,-5.6875,0.0033766122069209814,,,,,0.0,0.0,2.8216605186462402
TRAIN,5hcafebs,85,9,10,10,1,0,1,-5.78125,0.0030753696337342262,,,,,0.0,0.0,2.8216605186462402
TRAIN,5hcafebs,86,0,1,10,1,0,1,-7.0625,0.0008559006964787841,,,,,0.0,0.0,2.8216605186462402
TRAIN,5hcafebs,86,1,2,10,1,0,1,-7.46875,0.000570315751247108,,,,,0.0,0.0,2.8216605186462402
TRAIN,5hcafebs,86,2,3,10,1,0,1,-7.1875,0.0007554056355729699,,,,,0.0,0.0,2.8216605186462402
TRAIN,5hcafebs,86,3,4,10,1,0,1,-5.28125,0.005060331895947456,,,,,0.0,0.0,2.8216605186462402
TRAIN,5hcafebs,86,4,5,10,1,0,1,-6.75,0.0011695103021338582,,,,,0.0,0.0,2.8216605186462402
TRAIN,5hcafebs,86,5,6,10,1,0,1,-4.125,0.01590639166533947,,,,,0.0,0.0,2.8216605186462402
TRAIN,5hcafebs,86,6,7,10,1,0,1,-1.28125,0.21733753383159637,,,,,0.0,0.0,2.8216605186462402
TRAIN,5hcafebs,86,7,8,10,1,0,1,-1.5859375,0.169956237077713,,,,,0.0,0.0,2.8216605186462402
TRAIN,5hcafebs,86,8,9,10,1,0,1,-5.34375,0.004755199886858463,,,,,0.0,0.0,2.8216605186462402
TRAIN,5hcafebs,86,9,10,10,1,0,1,-5.25,0.005220125429332256,,,,,0.0,0.0,2.8216605186462402
TRAIN,5hcafebs,87,0,1,10,1,0,1,-6.84375,0.0010649627074599266,,,,,0.0,0.0,2.8216605186462402
TRAIN,5hcafebs,87,1,2,10,1,0,1,-7.15625,0.0007793660624884069,,,,,0.0,0.0,2.8216605186462402
TRAIN,5hcafebs,87,2,3,10,1,0,1,-7.25,0.0007096704212017357,,,,,0.0,0.0,2.8216605186462402
TRAIN,5hcafebs,87,3,4,10,1,0,1,-4.90625,0.007345826830714941,,,,,0.0,0.0,2.8216605186462402
TRAIN,5hcafebs,87,4,5,10,1,0,1,-6.65625,0.0012843081494793296,,,,,0.0,0.0,2.8216605186462402
TRAIN,5hcafebs,87,5,6,10,1,0,1,-3.796875,0.021948253735899925,,,,,0.0,0.0,2.8216605186462402
TRAIN,5hcafebs,87,6,7,10,1,0,1,-0.98046875,0.2727987766265869,,,,,0.0,0.0,2.8216605186462402
TRAIN,5hcafebs,87,7,8,10,1,0,1,-1.5234375,0.17895588278770447,,,,,0.0,0.0,2.8216605186462402
TRAIN,5hcafebs,87,8,9,10,1,0,1,-4.9375,0.00712142838165164,,,,,0.0,0.0,2.8216605186462402
TRAIN,5hcafebs,87,9,10,10,1,0,1,-5.0,0.006692850962281227,,,,,0.0,0.0,2.8216605186462402
TRAIN,5hcafebs,88,0,1,10,1,0,1,-7.21875,0.0007321811863221228,,,,,0.0,0.0,2.8216605186462402
TRAIN,5hcafebs,88,1,2,10,1,0,1,-7.1875,0.0007554056355729699,,,,,0.0,0.0,2.8216605186462402
TRAIN,5hcafebs,88,2,3,10,1,0,1,-7.21875,0.0007321811863221228,,,,,0.0,0.0,2.8216605186462402
TRAIN,5hcafebs,88,3,4,10,1,0,1,-4.71875,0.008847354911267757,,,,,0.0,0.0,2.8216605186462402
TRAIN,5hcafebs,88,4,5,10,1,0,1,-6.9375,0.0009697519708424807,,,,,0.0,0.0,2.8216605186462402
TRAIN,5hcafebs,88,5,6,10,1,0,1,-4.6875,0.009125636890530586,,,,,0.0,0.0,2.8216605186462402
TRAIN,5hcafebs,88,6,7,10,1,0,1,-1.375,0.2018132209777832,,,,,0.0,0.0,2.8216605186462402
TRAIN,5hcafebs,88,7,8,10,1,0,1,-1.3046875,0.2133771777153015,,,,,0.0,0.0,2.8216605186462402
TRAIN,5hcafebs,88,8,9,10,1,0,1,-5.3125,0.004905405919998884,,,,,0.0,0.0,2.8216605186462402
TRAIN,5hcafebs,88,9,10,10,1,0,1,-5.34375,0.004755199886858463,,,,,0.0,0.0,2.8216605186462402
TRAIN,5hcafebs,89,0,1,10,1,0,1,-6.6875,0.0012448433553799987,,,,,0.0,0.0,2.8216605186462402
TRAIN,5hcafebs,89,1,2,10,1,0,1,-7.53125,0.0005357805639505386,,,,,0.0,0.0,2.8216605186462402
TRAIN,5hcafebs,89,2,3,10,1,0,1,-7.46875,0.000570315751247108,,,,,0.0,0.0,2.8216605186462402
TRAIN,5hcafebs,89,3,4,10,1,0,1,-4.0625,0.016914913430809975,,,,,0.0,0.0,2.8216605186462402
TRAIN,5hcafebs,89,4,5,10,1,0,1,-6.40625,0.0016484829830005765,,,,,0.0,0.0,2.8216605186462402
TRAIN,5hcafebs,89,5,6,10,1,0,1,-4.09375,0.01640303246676922,,,,,0.0,0.0,2.8216605186462402
TRAIN,5hcafebs,89,6,7,10,1,0,1,-1.6328125,0.16344544291496277,,,,,0.0,0.0,2.8216605186462402
TRAIN,5hcafebs,89,7,8,10,1,0,1,-1.4453125,0.19072403013706207,,,,,0.0,0.0,2.8216605186462402
TRAIN,5hcafebs,89,8,9,10,1,0,1,-6.03125,0.0023967307060956955,,,,,0.0,0.0,2.8216605186462402
TRAIN,5hcafebs,89,9,10,10,1,0,1,-6.0,0.0024726230185478926,,,,,0.0,0.0,2.8216605186462402
TRAIN,5hcafebs,90,0,1,10,1,0,1,-6.75,0.0011695103021338582,,,,,0.0,0.0,2.8216605186462402
TRAIN,5hcafebs,90,1,2,10,1,0,1,-7.65625,0.0004728544445242733,,,,,0.0,0.0,2.8216605186462402
TRAIN,5hcafebs,90,2,3,10,1,0,1,-7.0625,0.0008559006964787841,,,,,0.0,0.0,2.8216605186462402
TRAIN,5hcafebs,90,3,4,10,1,0,1,-4.5625,0.010328153148293495,,,,,0.0,0.0,2.8216605186462402
TRAIN,5hcafebs,90,4,5,10,1,0,1,-7.125,0.0008040859247557819,,,,,0.0,0.0,2.8216605186462402
TRAIN,5hcafebs,90,5,6,10,1,0,1,-4.96875,0.006903838831931353,,,,,0.0,0.0,2.8216605186462402
TRAIN,5hcafebs,90,6,7,10,1,0,1,-1.4296875,0.19314736127853394,,,,,0.0,0.0,2.8216605186462402
TRAIN,5hcafebs,90,7,8,10,1,0,1,-1.15625,0.23934932053089142,,,,,0.0,0.0,2.8216605186462402
TRAIN,5hcafebs,90,8,9,10,1,0,1,-5.71875,0.003273064736276865,,,,,0.0,0.0,2.8216605186462402
TRAIN,5hcafebs,90,9,10,10,1,0,1,-6.875,0.0010322310263291001,,,,,0.0,0.0,2.8216605186462402
TRAIN,5hcafebs,91,0,1,10,1,0,1,-5.9375,0.0026316740550100803,,,,,0.0,0.0,2.8216605186462402
TRAIN,5hcafebs,91,1,2,10,1,0,1,-7.21875,0.0007321811863221228,,,,,0.0,0.0,2.8216605186462402
TRAIN,5hcafebs,91,2,3,10,1,0,1,-6.84375,0.0010649627074599266,,,,,0.0,0.0,2.8216605186462402
TRAIN,5hcafebs,91,3,4,10,1,0,1,-3.953125,0.018833130598068237,,,,,0.0,0.0,2.8216605186462402
TRAIN,5hcafebs,91,4,5,10,1,0,1,-6.4375,0.001597845577634871,,,,,0.0,0.0,2.8216605186462402
TRAIN,5hcafebs,91,5,6,10,1,0,1,-4.78125,0.008315778337419033,,,,,0.0,0.0,2.8216605186462402
TRAIN,5hcafebs,91,6,7,10,1,0,1,-0.859375,0.29746994376182556,,,,,0.0,0.0,2.8216605186462402
TRAIN,5hcafebs,91,7,8,10,1,0,1,-0.65234375,0.34246158599853516,,,,,0.0,0.0,2.8216605186462402
TRAIN,5hcafebs,91,8,9,10,1,0,1,-4.15625,0.015424552373588085,,,,,0.0,0.0,2.8216605186462402
TRAIN,5hcafebs,91,9,10,10,1,0,1,-5.96875,0.0025509123224765062,,,,,0.0,0.0,2.8216605186462402
TRAIN,5hcafebs,92,0,1,10,1,0,1,-6.0625,0.002323162741959095,,,,,0.0,0.0,2.8216605186462402
TRAIN,5hcafebs,92,1,2,10,1,0,1,-7.625,0.000487857119878754,,,,,0.0,0.0,2.8216605186462402
TRAIN,5hcafebs,92,2,3,10,1,0,1,-7.5,0.000552778656128794,,,,,0.0,0.0,2.8216605186462402
TRAIN,5hcafebs,92,3,4,10,1,0,1,-4.4375,0.011687257327139378,,,,,0.0,0.0,2.8216605186462402
TRAIN,5hcafebs,92,4,5,10,1,0,1,-6.46875,0.0015487611526623368,,,,,0.0,0.0,2.8216605186462402
TRAIN,5hcafebs,92,5,6,10,1,0,1,-4.875,0.007577241398394108,,,,,0.0,0.0,2.8216605186462402
TRAIN,5hcafebs,92,6,7,10,1,0,1,-1.265625,0.22000710666179657,,,,,0.0,0.0,2.8216605186462402
TRAIN,5hcafebs,92,7,8,10,1,0,1,-0.984375,0.272024542093277,,,,,0.0,0.0,2.8216605186462402
TRAIN,5hcafebs,92,8,9,10,1,0,1,-5.34375,0.004755199886858463,,,,,0.0,0.0,2.8216605186462402
TRAIN,5hcafebs,92,9,10,10,1,0,1,-5.96875,0.0025509123224765062,,,,,0.0,0.0,2.8216605186462402
TRAIN,5hcafebs,93,0,1,10,1,0,1,-5.84375,0.002889581024646759,,,,,0.0,0.0,2.8216605186462402
TRAIN,5hcafebs,93,1,2,10,1,0,1,-6.75,0.0011695103021338582,,,,,0.0,0.0,2.8216605186462402
TRAIN,5hcafebs,93,2,3,10,1,0,1,-7.0,0.0009110511746257544,,,,,0.0,0.0,2.8216605186462402
TRAIN,5hcafebs,93,3,4,10,1,0,1,-4.625,0.009708477184176445,,,,,0.0,0.0,2.8216605186462402
TRAIN,5hcafebs,93,4,5,10,1,0,1,-5.90625,0.0027149852830916643,,,,,0.0,0.0,2.8216605186462402
TRAIN,5hcafebs,93,5,6,10,1,0,1,-4.375,0.012431650422513485,,,,,0.0,0.0,2.8216605186462402
TRAIN,5hcafebs,93,6,7,10,1,0,1,-1.3359375,0.20817892253398895,,,,,0.0,0.0,2.8216605186462402
TRAIN,5hcafebs,93,7,8,10,1,0,1,-0.734375,0.3242354094982147,,,,,0.0,0.0,2.8216605186462402
TRAIN,5hcafebs,93,8,9,10,1,0,1,-5.4375,0.004331501666456461,,,,,0.0,0.0,2.8216605186462402
TRAIN,5hcafebs,93,9,10,10,1,0,1,-5.75,0.003172682598233223,,,,,0.0,0.0,2.8216605186462402
TRAIN,5hcafebs,94,0,1,10,1,0,1,-6.1875,0.0020507434383034706,,,,,0.0,0.0,2.8216605186462402
TRAIN,5hcafebs,94,1,2,10,1,0,1,-6.65625,0.0012843081494793296,,,,,0.0,0.0,2.8216605186462402
TRAIN,5hcafebs,94,2,3,10,1,0,1,-6.875,0.0010322310263291001,,,,,0.0,0.0,2.8216605186462402
TRAIN,5hcafebs,94,3,4,10,1,0,1,-3.859375,0.020645929500460625,,,,,0.0,0.0,2.8216605186462402
TRAIN,5hcafebs,94,4,5,10,1,0,1,-6.59375,0.0013670255430042744,,,,,0.0,0.0,2.8216605186462402
TRAIN,5hcafebs,94,5,6,10,1,0,1,-4.96875,0.006903838831931353,,,,,0.0,0.0,2.8216605186462402
TRAIN,5hcafebs,94,6,7,10,1,0,1,-1.015625,0.2658804655075073,,,,,0.0,0.0,2.8216605186462402
TRAIN,5hcafebs,94,7,8,10,1,0,1,-0.5703125,0.36116471886634827,,,,,0.0,0.0,2.8216605186462402
TRAIN,5hcafebs,94,8,9,10,1,0,1,-4.3125,0.013222821988165379,,,,,0.0,0.0,2.8216605186462402
TRAIN,5hcafebs,94,9,10,10,1,0,1,-6.0625,0.002323162741959095,,,,,0.0,0.0,2.8216605186462402
TRAIN,5hcafebs,95,0,1,10,1,0,1,-6.28125,0.0018675660248845816,,,,,0.0,0.0,2.8216605186462402
TRAIN,5hcafebs,95,1,2,10,1,0,1,-7.125,0.0008040859247557819,,,,,0.0,0.0,2.8216605186462402
TRAIN,5hcafebs,95,2,3,10,1,0,1,-6.75,0.0011695103021338582,,,,,0.0,0.0,2.8216605186462402
TRAIN,5hcafebs,95,3,4,10,1,0,1,-4.1875,0.014957086183130741,,,,,0.0,0.0,2.8216605186462402
TRAIN,5hcafebs,95,4,5,10,1,0,1,-6.8125,0.001098731067031622,,,,,0.0,0.0,2.8216605186462402
TRAIN,5hcafebs,95,5,6,10,1,0,1,-5.34375,0.004755199886858463,,,,,0.0,0.0,2.8216605186462402
TRAIN,5hcafebs,95,6,7,10,1,0,1,-1.078125,0.2538610100746155,,,,,0.0,0.0,2.8216605186462402
TRAIN,5hcafebs,95,7,8,10,1,0,1,-1.1328125,0.2436424344778061,,,,,0.0,0.0,2.8216605186462402
TRAIN,5hcafebs,95,8,9,10,1,0,1,-5.6875,0.0033766122069209814,,,,,0.0,0.0,2.8216605186462402
TRAIN,5hcafebs,95,9,10,10,1,0,1,-6.21875,0.001987774157896638,,,,,0.0,0.0,2.8216605186462402
TRAIN,5hcafebs,96,0,1,10,1,0,1,-6.78125,0.0011335690505802631,,,,,0.0,0.0,2.8216605186462402
TRAIN,5hcafebs,96,1,2,10,1,0,1,-7.40625,0.0006070755189284682,,,,,0.0,0.0,2.8216605186462402
TRAIN,5hcafebs,96,2,3,10,1,0,1,-6.75,0.0011695103021338582,,,,,0.0,0.0,2.8216605186462402
TRAIN,5hcafebs,96,3,4,10,1,0,1,-3.921875,0.019419347867369652,,,,,0.0,0.0,2.8216605186462402
TRAIN,5hcafebs,96,4,5,10,1,0,1,-6.40625,0.0016484829830005765,,,,,0.0,0.0,2.8216605186462402
TRAIN,5hcafebs,96,5,6,10,1,0,1,-5.28125,0.005060331895947456,,,,,0.0,0.0,2.8216605186462402
TRAIN,5hcafebs,96,6,7,10,1,0,1,-1.34375,0.20689405500888824,,,,,0.0,0.0,2.8216605186462402
TRAIN,5hcafebs,96,7,8,10,1,0,1,-0.3828125,0.4054487347602844,,,,,0.0,0.0,2.8216605186462402
TRAIN,5hcafebs,96,8,9,10,1,0,1,-4.53125,0.01065251138061285,,,,,0.0,0.0,2.8216605186462402
TRAIN,5hcafebs,96,9,10,10,1,0,1,-6.0625,0.002323162741959095,,,,,0.0,0.0,2.8216605186462402
TRAIN,5hcafebs,97,0,1,10,1,0,1,-6.1875,0.0020507434383034706,,,,,0.0,0.0,2.8216605186462402
TRAIN,5hcafebs,97,1,2,10,1,0,1,-6.90625,0.0010005044750869274,,,,,0.0,0.0,2.8216605186462402
TRAIN,5hcafebs,97,2,3,10,1,0,1,-5.875,0.0028009270317852497,,,,,0.0,0.0,2.8216605186462402
TRAIN,5hcafebs,97,3,4,10,1,0,1,-4.09375,0.01640303246676922,,,,,0.0,0.0,2.8216605186462402
TRAIN,5hcafebs,97,4,5,10,1,0,1,-6.90625,0.0010005044750869274,,,,,0.0,0.0,2.8216605186462402
TRAIN,5hcafebs,97,5,6,10,1,0,1,-5.75,0.003172682598233223,,,,,0.0,0.0,2.8216605186462402
TRAIN,5hcafebs,97,6,7,10,1,0,1,-1.2421875,0.2240554392337799,,,,,0.0,0.0,2.8216605186462402
TRAIN,5hcafebs,97,7,8,10,1,0,1,-1.34375,0.20689405500888824,,,,,0.0,0.0,2.8216605186462402
TRAIN,5hcafebs,97,8,9,10,1,0,1,-4.6875,0.009125636890530586,,,,,0.0,0.0,2.8216605186462402
TRAIN,5hcafebs,97,9,10,10,1,0,1,-5.875,0.0028009270317852497,,,,,0.0,0.0,2.8216605186462402
TRAIN,5hcafebs,98,0,1,10,1,0,1,-6.65625,0.0012843081494793296,,,,,0.0,0.0,2.8216605186462402
TRAIN,5hcafebs,98,1,2,10,1,0,1,-7.34375,0.0006462032906711102,,,,,0.0,0.0,2.8216605186462402
TRAIN,5hcafebs,98,2,3,10,1,0,1,-5.28125,0.005060331895947456,,,,,0.0,0.0,2.8216605186462402
TRAIN,5hcafebs,98,3,4,10,1,0,1,-3.5,0.02931223064661026,,,,,0.0,0.0,2.8216605186462402
TRAIN,5hcafebs,98,4,5,10,1,0,1,-6.90625,0.0010005044750869274,,,,,0.0,0.0,2.8216605186462402
TRAIN,5hcafebs,98,5,6,10,1,0,1,-5.4375,0.004331501666456461,,,,,0.0,0.0,2.8216605186462402
TRAIN,5hcafebs,98,6,7,10,1,0,1,-0.91015625,0.28696784377098083,,,,,0.0,0.0,2.8216605186462402
TRAIN,5hcafebs,98,7,8,10,1,0,1,-0.318359375,0.42107561230659485,,,,,0.0,0.0,2.8216605186462402
TRAIN,5hcafebs,98,8,9,10,1,0,1,-5.4375,0.004331501666456461,,,,,0.0,0.0,2.8216605186462402
TRAIN,5hcafebs,98,9,10,10,1,0,1,-6.1875,0.0020507434383034706,,,,,0.0,0.0,2.8216605186462402
TRAIN,5hcafebs,99,0,1,10,1,0,1,-6.71875,0.0012065897462889552,,,,,0.0,0.0,2.8216605186462402
TRAIN,5hcafebs,99,1,2,10,1,0,1,-7.34375,0.0006462032906711102,,,,,0.0,0.0,2.8216605186462402
TRAIN,5hcafebs,99,2,3,10,1,0,1,-6.15625,0.002115703420713544,,,,,0.0,0.0,2.8216605186462402
TRAIN,5hcafebs,99,3,4,10,1,0,1,-4.3125,0.013222821988165379,,,,,0.0,0.0,2.8216605186462402
TRAIN,5hcafebs,99,4,5,10,1,0,1,-6.875,0.0010322310263291001,,,,,0.0,0.0,2.8216605186462402
TRAIN,5hcafebs,99,5,6,10,1,0,1,-5.90625,0.0027149852830916643,,,,,0.0,0.0,2.8216605186462402
TRAIN,5hcafebs,99,6,7,10,1,0,1,-1.2265625,0.2267836332321167,,,,,0.0,0.0,2.8216605186462402
TRAIN,5hcafebs,99,7,8,10,1,0,1,-1.4453125,0.19072403013706207,,,,,0.0,0.0,2.8216605186462402
TRAIN,5hcafebs,99,8,9,10,1,0,1,-4.71875,0.008847354911267757,,,,,0.0,0.0,2.8216605186462402
TRAIN,5hcafebs,99,9,10,10,1,0,1,-6.21875,0.001987774157896638,,,,,0.0,0.0,2.8216605186462402
TRAIN,5hcafebs,100,0,1,10,1,0,1,-6.90625,0.0010005044750869274,,,,,0.0,0.0,2.8216605186462402
TRAIN,5hcafebs,100,1,2,10,1,0,1,-7.46875,0.000570315751247108,,,,,0.0,0.0,2.8216605186462402
TRAIN,5hcafebs,100,2,3,10,1,0,1,-6.5625,0.0014103584690019488,,,,,0.0,0.0,2.8216605186462402
TRAIN,5hcafebs,100,3,4,10,1,0,1,-4.28125,0.013636835850775242,,,,,0.0,0.0,2.8216605186462402
TRAIN,5hcafebs,100,4,5,10,1,0,1,-7.40625,0.0006070755189284682,,,,,0.0,0.0,2.8216605186462402
TRAIN,5hcafebs,100,5,6,10,1,0,1,-5.5,0.00407013762742281,,,,,0.0,0.0,2.8216605186462402
TRAIN,5hcafebs,100,6,7,10,1,0,1,-1.1875,0.23370636999607086,,,,,0.0,0.0,2.8216605186462402
TRAIN,5hcafebs,100,7,8,10,1,0,1,-0.66015625,0.3407045006752014,,,,,0.0,0.0,2.8216605186462402
TRAIN,5hcafebs,100,8,9,10,1,0,1,-5.28125,0.005060331895947456,,,,,0.0,0.0,2.8216605186462402
TRAIN,5hcafebs,100,9,10,10,1,0,1,-6.0625,0.002323162741959095,,,,,0.0,0.0,2.8216605186462402
TRAIN,5hcafebs,101,0,1,10,1,0,1,-7.40625,0.0006070755189284682,,,,,0.0,0.0,2.8216605186462402
TRAIN,5hcafebs,101,1,2,10,1,0,1,-7.53125,0.0005357805639505386,,,,,0.0,0.0,2.8216605186462402
TRAIN,5hcafebs,101,2,3,10,1,0,1,-6.78125,0.0011335690505802631,,,,,0.0,0.0,2.8216605186462402
TRAIN,5hcafebs,101,3,4,10,1,0,1,-4.0625,0.016914913430809975,,,,,0.0,0.0,2.8216605186462402
TRAIN,5hcafebs,101,4,5,10,1,0,1,-7.4375,0.0005884087877348065,,,,,0.0,0.0,2.8216605186462402
TRAIN,5hcafebs,101,5,6,10,1,0,1,-5.96875,0.0025509123224765062,,,,,0.0,0.0,2.8216605186462402
TRAIN,5hcafebs,101,6,7,10,1,0,1,-1.2890625,0.21601155400276184,,,,,0.0,0.0,2.8216605186462402
TRAIN,5hcafebs,101,7,8,10,1,0,1,-1.109375,0.24798744916915894,,,,,0.0,0.0,2.8216605186462402
TRAIN,5hcafebs,101,8,9,10,1,0,1,-4.65625,0.009412589482963085,,,,,0.0,0.0,2.8216605186462402
TRAIN,5hcafebs,101,9,10,10,1,0,1,-5.78125,0.0030753696337342262,,,,,0.0,0.0,2.8216605186462402
TRAIN,5hcafebs,102,0,1,10,1,0,1,-6.8125,0.001098731067031622,,,,,0.0,0.0,2.8216605186462402
TRAIN,5hcafebs,102,1,2,10,1,0,1,-7.03125,0.0008830457809381187,,,,,0.0,0.0,2.8216605186462402
TRAIN,5hcafebs,102,2,3,10,1,0,1,-7.09375,0.0008295892039313912,,,,,0.0,0.0,2.8216605186462402
TRAIN,5hcafebs,102,3,4,10,1,0,1,-4.875,0.007577241398394108,,,,,0.0,0.0,2.8216605186462402
TRAIN,5hcafebs,102,4,5,10,1,0,1,-6.84375,0.0010649627074599266,,,,,0.0,0.0,2.8216605186462402
TRAIN,5hcafebs,102,5,6,10,1,0,1,-5.1875,0.005554925184696913,,,,,0.0,0.0,2.8216605186462402
TRAIN,5hcafebs,102,6,7,10,1,0,1,-1.4765625,0.18594719469547272,,,,,0.0,0.0,2.8216605186462402
TRAIN,5hcafebs,102,7,8,10,1,0,1,-1.28125,0.21733753383159637,,,,,0.0,0.0,2.8216605186462402
TRAIN,5hcafebs,102,8,9,10,1,0,1,-4.96875,0.006903838831931353,,,,,0.0,0.0,2.8216605186462402
TRAIN,5hcafebs,102,9,10,10,1,0,1,-6.375,0.0017007222631946206,,,,,0.0,0.0,2.8216605186462402
TRAIN,5hcafebs,103,0,1,10,1,0,1,-6.96875,0.0009399438858963549,,,,,0.0,0.0,2.8216605186462402
TRAIN,5hcafebs,103,1,2,10,1,0,1,-7.25,0.0007096704212017357,,,,,0.0,0.0,2.8216605186462402
TRAIN,5hcafebs,103,2,3,10,1,0,1,-7.03125,0.0008830457809381187,,,,,0.0,0.0,2.8216605186462402
TRAIN,5hcafebs,103,3,4,10,1,0,1,-5.1875,0.005554925184696913,,,,,0.0,0.0,2.8216605186462402
TRAIN,5hcafebs,103,4,5,10,1,0,1,-7.0625,0.0008559006964787841,,,,,0.0,0.0,2.8216605186462402
TRAIN,5hcafebs,103,5,6,10,1,0,1,-5.71875,0.003273064736276865,,,,,0.0,0.0,2.8216605186462402
TRAIN,5hcafebs,103,6,7,10,1,0,1,-2.078125,0.11124119907617569,,,,,0.0,0.0,2.8216605186462402
TRAIN,5hcafebs,103,7,8,10,1,0,1,-1.8203125,0.13939638435840607,,,,,0.0,0.0,2.8216605186462402
TRAIN,5hcafebs,103,8,9,10,1,0,1,-5.53125,0.0039454069919884205,,,,,0.0,0.0,2.8216605186462402
TRAIN,5hcafebs,103,9,10,10,1,0,1,-6.15625,0.002115703420713544,,,,,0.0,0.0,2.8216605186462402
TRAIN,5hcafebs,104,0,1,10,1,0,1,-6.65625,0.0012843081494793296,,,,,0.0,0.0,2.8216605186462402
TRAIN,5hcafebs,104,1,2,10,1,0,1,-7.5625,0.0005193048855289817,,,,,0.0,0.0,2.8216605186462402
TRAIN,5hcafebs,104,2,3,10,1,0,1,-6.78125,0.0011335690505802631,,,,,0.0,0.0,2.8216605186462402
TRAIN,5hcafebs,104,3,4,10,1,0,1,-4.875,0.007577241398394108,,,,,0.0,0.0,2.8216605186462402
TRAIN,5hcafebs,104,4,5,10,1,0,1,-7.125,0.0008040859247557819,,,,,0.0,0.0,2.8216605186462402
TRAIN,5hcafebs,104,5,6,10,1,0,1,-5.53125,0.0039454069919884205,,,,,0.0,0.0,2.8216605186462402
TRAIN,5hcafebs,104,6,7,10,1,0,1,-1.1796875,0.2351083904504776,,,,,0.0,0.0,2.8216605186462402
TRAIN,5hcafebs,104,7,8,10,1,0,1,-1.6640625,0.15921740233898163,,,,,0.0,0.0,2.8216605186462402
TRAIN,5hcafebs,104,8,9,10,1,0,1,-5.59375,0.0037072531413286924,,,,,0.0,0.0,2.8216605186462402
TRAIN,5hcafebs,104,9,10,10,1,0,1,-6.4375,0.001597845577634871,,,,,0.0,0.0,2.8216605186462402
TRAIN,5hcafebs,105,0,1,10,1,0,1,-5.65625,0.0034834241960197687,,,,,0.0,0.0,2.8216605186462402
TRAIN,5hcafebs,105,1,2,10,1,0,1,-6.9375,0.0009697519708424807,,,,,0.0,0.0,2.8216605186462402
TRAIN,5hcafebs,105,2,3,10,1,0,1,-6.21875,0.001987774157896638,,,,,0.0,0.0,2.8216605186462402
TRAIN,5hcafebs,105,3,4,10,1,0,1,-4.375,0.012431650422513485,,,,,0.0,0.0,2.8216605186462402
TRAIN,5hcafebs,105,4,5,10,1,0,1,-6.46875,0.0015487611526623368,,,,,0.0,0.0,2.8216605186462402
TRAIN,5hcafebs,105,5,6,10,1,0,1,-5.1875,0.005554925184696913,,,,,0.0,0.0,2.8216605186462402
TRAIN,5hcafebs,105,6,7,10,1,0,1,-1.2109375,0.22953522205352783,,,,,0.0,0.0,2.8216605186462402
TRAIN,5hcafebs,105,7,8,10,1,0,1,-1.7421875,0.1490352898836136,,,,,0.0,0.0,2.8216605186462402
TRAIN,5hcafebs,105,8,9,10,1,0,1,-5.375,0.004609572235494852,,,,,0.0,0.0,2.8216605186462402
TRAIN,5hcafebs,105,9,10,10,1,0,1,-6.90625,0.0010005044750869274,,,,,0.0,0.0,2.8216605186462402
TRAIN,5hcafebs,106,0,1,10,1,0,1,-6.3125,0.0018102108733728528,,,,,0.0,0.0,2.8216605186462402
TRAIN,5hcafebs,106,1,2,10,1,0,1,-6.90625,0.0010005044750869274,,,,,0.0,0.0,2.8216605186462402
TRAIN,5hcafebs,106,2,3,10,1,0,1,-6.03125,0.0023967307060956955,,,,,0.0,0.0,2.8216605186462402
TRAIN,5hcafebs,106,3,4,10,1,0,1,-4.3125,0.013222821988165379,,,,,0.0,0.0,2.8216605186462402
TRAIN,5hcafebs,106,4,5,10,1,0,1,-7.40625,0.0006070755189284682,,,,,0.0,0.0,2.8216605186462402
TRAIN,5hcafebs,106,5,6,10,1,0,1,-6.03125,0.0023967307060956955,,,,,0.0,0.0,2.8216605186462402
TRAIN,5hcafebs,106,6,7,10,1,0,1,-1.2890625,0.21601155400276184,,,,,0.0,0.0,2.8216605186462402
TRAIN,5hcafebs,106,7,8,10,1,0,1,-1.21875,0.22815649211406708,,,,,0.0,0.0,2.8216605186462402
TRAIN,5hcafebs,106,8,9,10,1,0,1,-6.375,0.0017007222631946206,,,,,0.0,0.0,2.8216605186462402
TRAIN,5hcafebs,106,9,10,10,1,0,1,-7.0,0.0009110511746257544,,,,,0.0,0.0,2.8216605186462402
TRAIN,5hcafebs,107,0,1,10,1,0,1,-6.75,0.0011695103021338582,,,,,0.0,0.0,2.8216605186462402
TRAIN,5hcafebs,107,1,2,10,1,0,1,-7.4375,0.0005884087877348065,,,,,0.0,0.0,2.8216605186462402
TRAIN,5hcafebs,107,2,3,10,1,0,1,-6.96875,0.0009399438858963549,,,,,0.0,0.0,2.8216605186462402
TRAIN,5hcafebs,107,3,4,10,1,0,1,-4.90625,0.007345826830714941,,,,,0.0,0.0,2.8216605186462402
TRAIN,5hcafebs,107,4,5,10,1,0,1,-7.0625,0.0008559006964787841,,,,,0.0,0.0,2.8216605186462402
TRAIN,5hcafebs,107,5,6,10,1,0,1,-5.375,0.004609572235494852,,,,,0.0,0.0,2.8216605186462402
TRAIN,5hcafebs,107,6,7,10,1,0,1,-1.78125,0.14414885640144348,,,,,0.0,0.0,2.8216605186462402
TRAIN,5hcafebs,107,7,8,10,1,0,1,-1.765625,0.14608724415302277,,,,,0.0,0.0,2.8216605186462402
TRAIN,5hcafebs,107,8,9,10,1,0,1,-6.125,0.002182716503739357,,,,,0.0,0.0,2.8216605186462402
TRAIN,5hcafebs,107,9,10,10,1,0,1,-6.96875,0.0009399438858963549,,,,,0.0,0.0,2.8216605186462402
TRAIN,5hcafebs,108,0,1,10,1,0,1,-6.6875,0.0012448433553799987,,,,,0.0,0.0,2.8216605186462402
TRAIN,5hcafebs,108,1,2,10,1,0,1,-7.125,0.0008040859247557819,,,,,0.0,0.0,2.8216605186462402
TRAIN,5hcafebs,108,2,3,10,1,0,1,-6.28125,0.0018675660248845816,,,,,0.0,0.0,2.8216605186462402
TRAIN,5hcafebs,108,3,4,10,1,0,1,-4.625,0.009708477184176445,,,,,0.0,0.0,2.8216605186462402
TRAIN,5hcafebs,108,4,5,10,1,0,1,-7.09375,0.0008295892039313912,,,,,0.0,0.0,2.8216605186462402
TRAIN,5hcafebs,108,5,6,10,1,0,1,-5.75,0.003172682598233223,,,,,0.0,0.0,2.8216605186462402
TRAIN,5hcafebs,108,6,7,10,1,0,1,-1.0078125,0.26740819215774536,,,,,0.0,0.0,2.8216605186462402
TRAIN,5hcafebs,108,7,8,10,1,0,1,-1.0,0.2689414322376251,,,,,0.0,0.0,2.8216605186462402
TRAIN,5hcafebs,108,8,9,10,1,0,1,-6.21875,0.001987774157896638,,,,,0.0,0.0,2.8216605186462402
TRAIN,5hcafebs,108,9,10,10,1,0,1,-6.71875,0.0012065897462889552,,,,,0.0,0.0,2.8216605186462402
TRAIN,5hcafebs,109,0,1,10,1,0,1,-7.3125,0.0006667023408226669,,,,,0.0,0.0,2.8216605186462402
TRAIN,5hcafebs,109,1,2,10,1,0,1,-7.21875,0.0007321811863221228,,,,,0.0,0.0,2.8216605186462402
TRAIN,5hcafebs,109,2,3,10,1,0,1,-6.40625,0.0016484829830005765,,,,,0.0,0.0,2.8216605186462402
TRAIN,5hcafebs,109,3,4,10,1,0,1,-4.46875,0.011331753805279732,,,,,0.0,0.0,2.8216605186462402
TRAIN,5hcafebs,109,4,5,10,1,0,1,-6.84375,0.0010649627074599266,,,,,0.0,0.0,2.8216605186462402
TRAIN,5hcafebs,109,5,6,10,1,0,1,-5.4375,0.004331501666456461,,,,,0.0,0.0,2.8216605186462402
TRAIN,5hcafebs,109,6,7,10,1,0,1,-1.515625,0.18010666966438293,,,,,0.0,0.0,2.8216605186462402
TRAIN,5hcafebs,109,7,8,10,1,0,1,-0.90625,0.28776782751083374,,,,,0.0,0.0,2.8216605186462402
TRAIN,5hcafebs,109,8,9,10,1,0,1,-6.15625,0.002115703420713544,,,,,0.0,0.0,2.8216605186462402
TRAIN,5hcafebs,109,9,10,10,1,0,1,-6.65625,0.0012843081494793296,,,,,0.0,0.0,2.8216605186462402
TRAIN,5hcafebs,110,0,1,10,1,0,1,-7.0,0.0009110511746257544,,,,,0.0,0.0,2.8216605186462402
TRAIN,5hcafebs,110,1,2,10,1,0,1,-7.0625,0.0008559006964787841,,,,,0.0,0.0,2.8216605186462402
TRAIN,5hcafebs,110,2,3,10,1,0,1,-7.0,0.0009110511746257544,,,,,0.0,0.0,2.8216605186462402
TRAIN,5hcafebs,110,3,4,10,1,0,1,-5.75,0.003172682598233223,,,,,0.0,0.0,2.8216605186462402
TRAIN,5hcafebs,110,4,5,10,1,0,1,-6.5625,0.0014103584690019488,,,,,0.0,0.0,2.8216605186462402
TRAIN,5hcafebs,110,5,6,10,1,0,1,-4.96875,0.006903838831931353,,,,,0.0,0.0,2.8216605186462402
TRAIN,5hcafebs,110,6,7,10,1,0,1,-1.0234375,0.26435837149620056,,,,,0.0,0.0,2.8216605186462402
TRAIN,5hcafebs,110,7,8,10,1,0,1,-1.8046875,0.14128141105175018,,,,,0.0,0.0,2.8216605186462402
TRAIN,5hcafebs,110,8,9,10,1,0,1,-5.59375,0.0037072531413286924,,,,,0.0,0.0,2.8216605186462402
TRAIN,5hcafebs,110,9,10,10,1,0,1,-4.8125,0.008061991073191166,,,,,0.0,0.0,2.8216605186462402
TRAIN,5hcafebs,111,0,1,10,1,0,1,-7.375,0.000626334105618298,,,,,0.0,0.0,2.8216605186462402
TRAIN,5hcafebs,111,1,2,10,1,0,1,-7.21875,0.0007321811863221228,,,,,0.0,0.0,2.8216605186462402
TRAIN,5hcafebs,111,2,3,10,1,0,1,-6.78125,0.0011335690505802631,,,,,0.0,0.0,2.8216605186462402
TRAIN,5hcafebs,111,3,4,10,1,0,1,-5.3125,0.004905405919998884,,,,,0.0,0.0,2.8216605186462402
TRAIN,5hcafebs,111,4,5,10,1,0,1,-6.71875,0.0012065897462889552,,,,,0.0,0.0,2.8216605186462402
TRAIN,5hcafebs,111,5,6,10,1,0,1,-4.21875,0.014503579586744308,,,,,0.0,0.0,2.8216605186462402
TRAIN,5hcafebs,111,6,7,10,1,0,1,-1.15625,0.23934932053089142,,,,,0.0,0.0,2.8216605186462402
TRAIN,5hcafebs,111,7,8,10,1,0,1,-1.390625,0.19930799305438995,,,,,0.0,0.0,2.8216605186462402
TRAIN,5hcafebs,111,8,9,10,1,0,1,-5.9375,0.0026316740550100803,,,,,0.0,0.0,2.8216605186462402
TRAIN,5hcafebs,111,9,10,10,1,0,1,-3.453125,0.030675802379846573,,,,,0.0,0.0,2.8216605186462402
TRAIN,5hcafebs,112,0,1,10,1,0,1,-7.5625,0.0005193048855289817,,,,,0.0,0.0,2.8216605186462402
TRAIN,5hcafebs,112,1,2,10,1,0,1,-7.03125,0.0008830457809381187,,,,,0.0,0.0,2.8216605186462402
TRAIN,5hcafebs,112,2,3,10,1,0,1,-6.46875,0.0015487611526623368,,,,,0.0,0.0,2.8216605186462402
TRAIN,5hcafebs,112,3,4,10,1,0,1,-4.6875,0.009125636890530586,,,,,0.0,0.0,2.8216605186462402
TRAIN,5hcafebs,112,4,5,10,1,0,1,-6.90625,0.0010005044750869274,,,,,0.0,0.0,2.8216605186462402
TRAIN,5hcafebs,112,5,6,10,1,0,1,-4.875,0.007577241398394108,,,,,0.0,0.0,2.8216605186462402
TRAIN,5hcafebs,112,6,7,10,1,0,1,-1.65625,0.16026602685451508,,,,,0.0,0.0,2.8216605186462402
TRAIN,5hcafebs,112,7,8,10,1,0,1,-1.5078125,0.18126320838928223,,,,,0.0,0.0,2.8216605186462402
TRAIN,5hcafebs,112,8,9,10,1,0,1,-5.96875,0.0025509123224765062,,,,,0.0,0.0,2.8216605186462402
TRAIN,5hcafebs,112,9,10,10,1,0,1,-2.921875,0.05108273774385452,,,,,0.0,0.0,2.8216605186462402
TRAIN,5hcafebs,113,0,1,10,1,0,1,-7.40625,0.0006070755189284682,,,,,0.0,0.0,2.8216605186462402
TRAIN,5hcafebs,113,1,2,10,1,0,1,-7.5,0.000552778656128794,,,,,0.0,0.0,2.8216605186462402
TRAIN,5hcafebs,113,2,3,10,1,0,1,-6.75,0.0011695103021338582,,,,,0.0,0.0,2.8216605186462402
TRAIN,5hcafebs,113,3,4,10,1,0,1,-4.9375,0.00712142838165164,,,,,0.0,0.0,2.8216605186462402
TRAIN,5hcafebs,113,4,5,10,1,0,1,-7.15625,0.0007793660624884069,,,,,0.0,0.0,2.8216605186462402
TRAIN,5hcafebs,113,5,6,10,1,0,1,-4.875,0.007577241398394108,,,,,0.0,0.0,2.8216605186462402
TRAIN,5hcafebs,113,6,7,10,1,0,1,-1.40625,0.19682618975639343,,,,,0.0,0.0,2.8216605186462402
TRAIN,5hcafebs,113,7,8,10,1,0,1,-1.4375,0.1919327825307846,,,,,0.0,0.0,2.8216605186462402
TRAIN,5hcafebs,113,8,9,10,1,0,1,-6.5625,0.0014103584690019488,,,,,0.0,0.0,2.8216605186462402
TRAIN,5hcafebs,113,9,10,10,1,0,1,-2.84375,0.055005285888910294,,,,,0.0,0.0,2.8216605186462402
TRAIN,5hcafebs,114,0,1,10,1,0,1,-7.6875,0.000458312890259549,,,,,0.0,0.0,2.8216605186462402
TRAIN,5hcafebs,114,1,2,10,1,0,1,-7.5,0.000552778656128794,,,,,0.0,0.0,2.8216605186462402
TRAIN,5hcafebs,114,2,3,10,1,0,1,-6.84375,0.0010649627074599266,,,,,0.0,0.0,2.8216605186462402
TRAIN,5hcafebs,114,3,4,10,1,0,1,-4.4375,0.011687257327139378,,,,,0.0,0.0,2.8216605186462402
TRAIN,5hcafebs,114,4,5,10,1,0,1,-7.5625,0.0005193048855289817,,,,,0.0,0.0,2.8216605186462402
TRAIN,5hcafebs,114,5,6,10,1,0,1,-5.65625,0.0034834241960197687,,,,,0.0,0.0,2.8216605186462402
TRAIN,5hcafebs,114,6,7,10,1,0,1,-1.2890625,0.21601155400276184,,,,,0.0,0.0,2.8216605186462402
TRAIN,5hcafebs,114,7,8,10,1,0,1,-1.328125,0.20946967601776123,,,,,0.0,0.0,2.8216605186462402
TRAIN,5hcafebs,114,8,9,10,1,0,1,-6.46875,0.0015487611526623368,,,,,0.0,0.0,2.8216605186462402
TRAIN,5hcafebs,114,9,10,10,1,0,1,-3.28125,0.03622005507349968,,,,,0.0,0.0,2.8216605186462402
TRAIN,5hcafebs,115,0,1,10,1,0,1,-7.65625,0.0004728544445242733,,,,,0.0,0.0,2.8216605186462402
TRAIN,5hcafebs,115,1,2,10,1,0,1,-7.78125,0.00041731575038284063,,,,,0.0,0.0,2.8216605186462402
TRAIN,5hcafebs,115,2,3,10,1,0,1,-7.1875,0.0007554056355729699,,,,,0.0,0.0,2.8216605186462402
TRAIN,5hcafebs,115,3,4,10,1,0,1,-4.5,0.010986941866576672,,,,,0.0,0.0,2.8216605186462402
TRAIN,5hcafebs,115,4,5,10,1,0,1,-6.875,0.0010322310263291001,,,,,0.0,0.0,2.8216605186462402
TRAIN,5hcafebs,115,5,6,10,1,0,1,-5.625,0.0035936026833951473,,,,,0.0,0.0,2.8216605186462402
TRAIN,5hcafebs,115,6,7,10,1,0,1,-1.0078125,0.26740819215774536,,,,,0.0,0.0,2.8216605186462402
TRAIN,5hcafebs,115,7,8,10,1,0,1,-0.76171875,0.3182732164859772,,,,,0.0,0.0,2.8216605186462402
TRAIN,5hcafebs,115,8,9,10,1,0,1,-6.28125,0.0018675660248845816,,,,,0.0,0.0,2.8216605186462402
TRAIN,5hcafebs,115,9,10,10,1,0,1,-4.25,0.014063628390431404,,,,,0.0,0.0,2.8216605186462402
TRAIN,5hcafebs,116,0,1,10,1,0,1,-7.1875,0.0007554056355729699,,,,,0.0,0.0,2.8216605186462402
TRAIN,5hcafebs,116,1,2,10,1,0,1,-6.90625,0.0010005044750869274,,,,,0.0,0.0,2.8216605186462402
TRAIN,5hcafebs,116,2,3,10,1,0,1,-7.1875,0.0007554056355729699,,,,,0.0,0.0,2.8216605186462402
TRAIN,5hcafebs,116,3,4,10,1,0,1,-5.1875,0.005554925184696913,,,,,0.0,0.0,2.8216605186462402
TRAIN,5hcafebs,116,4,5,10,1,0,1,-6.28125,0.0018675660248845816,,,,,0.0,0.0,2.8216605186462402
TRAIN,5hcafebs,116,5,6,10,1,0,1,-4.625,0.009708477184176445,,,,,0.0,0.0,2.8216605186462402
TRAIN,5hcafebs,116,6,7,10,1,0,1,-1.140625,0.2422056347131729,,,,,0.0,0.0,2.8216605186462402
TRAIN,5hcafebs,116,7,8,10,1,0,1,-1.0546875,0.2583259642124176,,,,,0.0,0.0,2.8216605186462402
TRAIN,5hcafebs,116,8,9,10,1,0,1,-5.875,0.0028009270317852497,,,,,0.0,0.0,2.8216605186462402
TRAIN,5hcafebs,116,9,10,10,1,0,1,-4.375,0.012431650422513485,,,,,0.0,0.0,2.8216605186462402
TRAIN,5hcafebs,117,0,1,10,1,0,1,-7.53125,0.0005357805639505386,,,,,0.0,0.0,2.8216605186462402
TRAIN,5hcafebs,117,1,2,10,1,0,1,-7.5,0.000552778656128794,,,,,0.0,0.0,2.8216605186462402
TRAIN,5hcafebs,117,2,3,10,1,0,1,-6.40625,0.0016484829830005765,,,,,0.0,0.0,2.8216605186462402
TRAIN,5hcafebs,117,3,4,10,1,0,1,-4.1875,0.014957086183130741,,,,,0.0,0.0,2.8216605186462402
TRAIN,5hcafebs,117,4,5,10,1,0,1,-6.90625,0.0010005044750869274,,,,,0.0,0.0,2.8216605186462402
TRAIN,5hcafebs,117,5,6,10,1,0,1,-4.28125,0.013636835850775242,,,,,0.0,0.0,2.8216605186462402
TRAIN,5hcafebs,117,6,7,10,1,0,1,-0.96484375,0.2759094536304474,,,,,0.0,0.0,2.8216605186462402
TRAIN,5hcafebs,117,7,8,10,1,0,1,-0.6953125,0.332852303981781,,,,,0.0,0.0,2.8216605186462402
TRAIN,5hcafebs,117,8,9,10,1,0,1,-6.09375,0.002251847181469202,,,,,0.0,0.0,2.8216605186462402
TRAIN,5hcafebs,117,9,10,10,1,0,1,-4.96875,0.006903838831931353,,,,,0.0,0.0,2.8216605186462402
TRAIN,5hcafebs,118,0,1,10,1,0,1,-7.96875,0.00034599160426296294,,,,,0.0,0.0,2.8216605186462402
TRAIN,5hcafebs,118,1,2,10,1,0,1,-7.65625,0.0004728544445242733,,,,,0.0,0.0,2.8216605186462402
TRAIN,5hcafebs,118,2,3,10,1,0,1,-6.34375,0.0017546144081279635,,,,,0.0,0.0,2.8216605186462402
TRAIN,5hcafebs,118,3,4,10,1,0,1,-4.75,0.008577484637498856,,,,,0.0,0.0,2.8216605186462402
TRAIN,5hcafebs,118,4,5,10,1,0,1,-6.9375,0.0009697519708424807,,,,,0.0,0.0,2.8216605186462402
TRAIN,5hcafebs,118,5,6,10,1,0,1,-3.96875,0.018546566367149353,,,,,0.0,0.0,2.8216605186462402
TRAIN,5hcafebs,118,6,7,10,1,1,0,0.034423828125,0.5086051225662231,0.2219991385936737,0.24230965971946716,1,-0.020310521125793457,14.653752326965332,2.6242072582244873,14.596187591552734
TRAIN,5hcafebs,118,7,8,10,1,1,0,0.171875,0.5428633093833923,0.19572299718856812,0.2165079265832901,10,-0.020784929394721985,15.12331485748291,2.8773279190063477,15.328330039978027
TRAIN,5hcafebs,118,8,9,10,1,0,1,-6.0625,0.002323162741959095,,,,,0.0,0.0,2.8216605186462402
TRAIN,5hcafebs,118,9,10,10,1,0,1,-4.65625,0.009412589482963085,,,,,0.0,0.0,2.8216605186462402
TRAIN,5hcafebs,119,0,1,10,1,0,1,-7.8125,0.0004044814850203693,,,,,0.0,0.0,2.8216605186462402
TRAIN,5hcafebs,119,1,2,10,1,0,1,-7.40625,0.0006070755189284682,,,,,0.0,0.0,2.8216605186462402
TRAIN,5hcafebs,119,2,3,10,1,0,1,-6.875,0.0010322310263291001,,,,,0.0,0.0,2.8216605186462402
TRAIN,5hcafebs,119,3,4,10,1,0,1,-4.6875,0.009125636890530586,,,,,0.0,0.0,2.8216605186462402
TRAIN,5hcafebs,119,4,5,10,1,0,1,-6.8125,0.001098731067031622,,,,,0.0,0.0,2.8216605186462402
TRAIN,5hcafebs,119,5,6,10,1,0,1,-4.5,0.010986941866576672,,,,,0.0,0.0,2.8216605186462402
TRAIN,5hcafebs,119,6,7,10,1,1,0,0.921875,0.7154240012168884,0.2239827662706375,0.2563059329986572,6,-0.032323166728019714,14.696211814880371,2.42905592918396,14.172967910766602
TRAIN,5hcafebs,119,7,8,10,1,0,1,-0.3203125,0.4205995798110962,,,,,0.0,0.0,2.8216605186462402
TRAIN,5hcafebs,119,8,9,10,1,0,1,-5.84375,0.002889581024646759,,,,,0.0,0.0,2.8216605186462402
TRAIN,5hcafebs,119,9,10,10,1,0,1,-5.25,0.005220125429332256,,,,,0.0,0.0,2.8216605186462402
TRAIN,5hcafebs,120,0,1,10,1,0,1,-7.46875,0.000570315751247108,,,,,0.0,0.0,2.8216605186462402
TRAIN,5hcafebs,120,1,2,10,1,0,1,-7.28125,0.0006878511630930007,,,,,0.0,0.0,2.8216605186462402
TRAIN,5hcafebs,120,2,3,10,1,0,1,-6.4375,0.001597845577634871,,,,,0.0,0.0,2.8216605186462402
TRAIN,5hcafebs,120,3,4,10,1,0,1,-4.9375,0.00712142838165164,,,,,0.0,0.0,2.8216605186462402
TRAIN,5hcafebs,120,4,5,10,1,0,1,-7.25,0.0007096704212017357,,,,,0.0,0.0,2.8216605186462402
TRAIN,5hcafebs,120,5,6,10,1,0,1,-4.28125,0.013636835850775242,,,,,0.0,0.0,2.8216605186462402
TRAIN,5hcafebs,120,6,7,10,1,1,0,2.390625,0.9161096215248108,0.22868716716766357,0.25980907678604126,1,-0.031121909618377686,13.864062309265137,2.32749342918396,13.265680313110352
TRAIN,5hcafebs,120,7,8,10,1,0,1,-1.5859375,0.169956237077713,,,,,0.0,0.0,2.8216605186462402
TRAIN,5hcafebs,120,8,9,10,1,0,1,-4.5,0.010986941866576672,,,,,0.0,0.0,2.8216605186462402
TRAIN,5hcafebs,120,9,10,10,1,0,1,-4.0,0.01798621006309986,,,,,0.0,0.0,2.8216605186462402
TRAIN,5hcafebs,121,0,1,10,1,0,1,-7.46875,0.000570315751247108,,,,,0.0,0.0,2.8216605186462402
TRAIN,5hcafebs,121,1,2,10,1,0,1,-7.5,0.000552778656128794,,,,,0.0,0.0,2.8216605186462402
TRAIN,5hcafebs,121,2,3,10,1,0,1,-6.9375,0.0009697519708424807,,,,,0.0,0.0,2.8216605186462402
TRAIN,5hcafebs,121,3,4,10,1,0,1,-5.5,0.00407013762742281,,,,,0.0,0.0,2.8216605186462402
TRAIN,5hcafebs,121,4,5,10,1,0,1,-6.90625,0.0010005044750869274,,,,,0.0,0.0,2.8216605186462402
TRAIN,5hcafebs,121,5,6,10,1,0,1,-5.28125,0.005060331895947456,,,,,0.0,0.0,2.8216605186462402
TRAIN,5hcafebs,121,6,7,10,1,1,0,2.515625,0.9252299070358276,0.25161170959472656,0.27975040674209595,6,-0.028138697147369385,14.810233116149902,2.4975483417510986,14.188350677490234
TRAIN,5hcafebs,121,7,8,10,1,0,1,-1.09375,0.25091278553009033,,,,,0.0,0.0,2.8216605186462402
TRAIN,5hcafebs,121,8,9,10,1,0,1,-5.84375,0.002889581024646759,,,,,0.0,0.0,2.8216605186462402
TRAIN,5hcafebs,121,9,10,10,1,0,1,-4.96875,0.006903838831931353,,,,,0.0,0.0,2.8216605186462402
TRAIN,5hcafebs,122,0,1,10,1,0,1,-7.65625,0.0004728544445242733,,,,,0.0,0.0,2.8216605186462402
TRAIN,5hcafebs,122,1,2,10,1,0,1,-7.34375,0.0006462032906711102,,,,,0.0,0.0,2.8216605186462402
TRAIN,5hcafebs,122,2,3,10,1,0,1,-6.71875,0.0012065897462889552,,,,,0.0,0.0,2.8216605186462402
TRAIN,5hcafebs,122,3,4,10,1,0,1,-4.40625,0.0120537793263793,,,,,0.0,0.0,2.8216605186462402
TRAIN,5hcafebs,122,4,5,10,1,0,1,-6.03125,0.0023967307060956955,,,,,0.0,0.0,2.8216605186462402
TRAIN,5hcafebs,122,5,6,10,1,0,1,-4.40625,0.0120537793263793,,,,,0.0,0.0,2.8216605186462402
TRAIN,5hcafebs,122,6,7,10,1,1,0,2.828125,0.9441768527030945,0.27983859181404114,0.3190161883831024,6,-0.03917759656906128,14.820108413696289,2.28061842918396,14.063785552978516
TRAIN,5hcafebs,122,7,8,10,1,1,0,0.1357421875,0.5338835716247559,0.19430872797966003,0.21339379251003265,10,-0.01908506453037262,15.564289093017578,2.8304529190063477,15.783415794372559
TRAIN,5hcafebs,122,8,9,10,1,0,1,-5.90625,0.0027149852830916643,,,,,0.0,0.0,2.8216605186462402
TRAIN,5hcafebs,122,9,10,10,1,0,1,-4.46875,0.011331753805279732,,,,,0.0,0.0,2.8216605186462402
TRAIN,5hcafebs,123,0,1,10,1,0,1,-7.59375,0.000503335555549711,,,,,0.0,0.0,2.8216605186462402
TRAIN,5hcafebs,123,1,2,10,1,0,1,-7.6875,0.000458312890259549,,,,,0.0,0.0,2.8216605186462402
TRAIN,5hcafebs,123,2,3,10,1,0,1,-6.90625,0.0010005044750869274,,,,,0.0,0.0,2.8216605186462402
TRAIN,5hcafebs,123,3,4,10,1,0,1,-4.78125,0.008315778337419033,,,,,0.0,0.0,2.8216605186462402
TRAIN,5hcafebs,123,4,5,10,1,0,1,-6.78125,0.0011335690505802631,,,,,0.0,0.0,2.8216605186462402
TRAIN,5hcafebs,123,5,6,10,1,0,1,-5.53125,0.0039454069919884205,,,,,0.0,0.0,2.8216605186462402
TRAIN,5hcafebs,123,6,7,10,1,1,0,2.828125,0.9441768527030945,0.24232397973537445,0.2724899351596832,1,-0.030165955424308777,15.356045722961426,2.8569233417510986,14.837692260742188
TRAIN,5hcafebs,123,7,8,10,1,0,1,-0.7421875,0.3225259780883789,,,,,0.0,0.0,2.8216605186462402
TRAIN,5hcafebs,123,8,9,10,1,0,1,-6.0625,0.002323162741959095,,,,,0.0,0.0,2.8216605186462402
TRAIN,5hcafebs,123,9,10,10,1,0,1,-5.4375,0.004331501666456461,,,,,0.0,0.0,2.8216605186462402
TRAIN,5hcafebs,124,0,1,10,1,0,1,-7.15625,0.0007793660624884069,,,,,0.0,0.0,2.8216605186462402
TRAIN,5hcafebs,124,1,2,10,1,0,1,-7.5625,0.0005193048855289817,,,,,0.0,0.0,2.8216605186462402
TRAIN,5hcafebs,124,2,3,10,1,0,1,-6.53125,0.0014550630003213882,,,,,0.0,0.0,2.8216605186462402
TRAIN,5hcafebs,124,3,4,10,1,0,1,-4.34375,0.012821214273571968,,,,,0.0,0.0,2.8216605186462402
TRAIN,5hcafebs,124,4,5,10,1,0,1,-6.4375,0.001597845577634871,,,,,0.0,0.0,2.8216605186462402
TRAIN,5hcafebs,124,5,6,10,1,0,1,-5.65625,0.0034834241960197687,,,,,0.0,0.0,2.8216605186462402
TRAIN,5hcafebs,124,6,7,10,1,1,0,2.78125,0.9416541457176208,0.2810037434101105,0.3227269649505615,6,-0.04172322154045105,14.052413940429688,2.1850483417510986,13.342578887939453
TRAIN,5hcafebs,124,7,8,10,1,1,0,0.11181640625,0.5279250144958496,0.19337983429431915,0.20922397077083588,10,-0.015844136476516724,14.909228324890137,2.700486660003662,15.128034591674805
TRAIN,5hcafebs,124,8,9,10,1,0,1,-6.1875,0.0020507434383034706,,,,,0.0,0.0,2.8216605186462402
TRAIN,5hcafebs,124,9,10,10,1,0,1,-5.6875,0.0033766122069209814,,,,,0.0,0.0,2.8216605186462402
TRAIN,5hcafebs,125,0,1,10,1,0,1,-7.6875,0.000458312890259549,,,,,0.0,0.0,2.8216605186462402
TRAIN,5hcafebs,125,1,2,10,1,0,1,-7.6875,0.000458312890259549,,,,,0.0,0.0,2.8216605186462402
TRAIN,5hcafebs,125,2,3,10,1,0,1,-7.40625,0.0006070755189284682,,,,,0.0,0.0,2.8216605186462402
TRAIN,5hcafebs,125,3,4,10,1,0,1,-4.96875,0.006903838831931353,,,,,0.0,0.0,2.8216605186462402
TRAIN,5hcafebs,125,4,5,10,1,0,1,-7.09375,0.0008295892039313912,,,,,0.0,0.0,2.8216605186462402
TRAIN,5hcafebs,125,5,6,10,1,0,1,-5.40625,0.0044683837331831455,,,,,0.0,0.0,2.8216605186462402
TRAIN,5hcafebs,125,6,7,10,1,1,0,2.625,0.9324532747268677,0.19895094633102417,0.22397130727767944,6,-0.025020360946655273,13.3734130859375,2.39780592918396,12.730107307434082
TRAIN,5hcafebs,125,7,8,10,1,0,1,-0.9921875,0.270480215549469,,,,,0.0,0.0,2.8216605186462402
TRAIN,5hcafebs,125,8,9,10,1,0,1,-6.59375,0.0013670255430042744,,,,,0.0,0.0,2.8216605186462402
TRAIN,5hcafebs,125,9,10,10,1,0,1,-5.625,0.0035936026833951473,,,,,0.0,0.0,2.8216605186462402
TRAIN,5hcafebs,126,0,1,10,1,0,1,-7.375,0.000626334105618298,,,,,0.0,0.0,2.8216605186462402
TRAIN,5hcafebs,126,1,2,10,1,0,1,-7.625,0.000487857119878754,,,,,0.0,0.0,2.8216605186462402
TRAIN,5hcafebs,126,2,3,10,1,0,1,-7.125,0.0008040859247557819,,,,,0.0,0.0,2.8216605186462402
TRAIN,5hcafebs,126,3,4,10,1,0,1,-4.8125,0.008061991073191166,,,,,0.0,0.0,2.8216605186462402
TRAIN,5hcafebs,126,4,5,10,1,0,1,-7.34375,0.0006462032906711102,,,,,0.0,0.0,2.8216605186462402
TRAIN,5hcafebs,126,5,6,10,1,0,1,-5.46875,0.004198795650154352,,,,,0.0,0.0,2.8216605186462402
TRAIN,5hcafebs,126,6,7,10,1,1,0,2.828125,0.9441768527030945,0.24654525518417358,0.272499144077301,6,-0.02595388889312744,15.505452156066895,2.8569233417510986,14.926803588867188
TRAIN,5hcafebs,126,7,8,10,1,0,1,-0.96875,0.2751297354698181,,,,,0.0,0.0,2.8216605186462402
TRAIN,5hcafebs,126,8,9,10,1,0,1,-6.125,0.002182716503739357,,,,,0.0,0.0,2.8216605186462402
TRAIN,5hcafebs,126,9,10,10,1,0,1,-5.5,0.00407013762742281,,,,,0.0,0.0,2.8216605186462402
TRAIN,5hcafebs,127,0,1,10,1,0,1,-7.78125,0.00041731575038284063,,,,,0.0,0.0,2.8216605186462402
TRAIN,5hcafebs,127,1,2,10,1,0,1,-7.625,0.000487857119878754,,,,,0.0,0.0,2.8216605186462402
TRAIN,5hcafebs,127,2,3,10,1,0,1,-7.0625,0.0008559006964787841,,,,,0.0,0.0,2.8216605186462402
TRAIN,5hcafebs,127,3,4,10,1,0,1,-4.78125,0.008315778337419033,,,,,0.0,0.0,2.8216605186462402
TRAIN,5hcafebs,127,4,5,10,1,0,1,-6.875,0.0010322310263291001,,,,,0.0,0.0,2.8216605186462402
TRAIN,5hcafebs,127,5,6,10,1,0,1,-5.21875,0.005384937860071659,,,,,0.0,0.0,2.8216605186462402
TRAIN,5hcafebs,127,6,7,10,1,1,0,2.71875,0.9381240010261536,0.21571756899356842,0.23776863515377045,6,-0.022051066160202026,14.616402626037598,3.0287983417510986,14.22127628326416
TRAIN,5hcafebs,127,7,8,10,1,0,1,-0.6484375,0.34334173798561096,,,,,0.0,0.0,2.8216605186462402
TRAIN,5hcafebs,127,8,9,10,1,0,1,-6.5625,0.0014103584690019488,,,,,0.0,0.0,2.8216605186462402
TRAIN,5hcafebs,127,9,10,10,1,0,1,-4.78125,0.008315778337419033,,,,,0.0,0.0,2.8216605186462402
TRAIN,5hcafebs,128,0,1,10,1,0,1,-7.625,0.000487857119878754,,,,,0.0,0.0,2.8216605186462402
TRAIN,5hcafebs,128,1,2,10,1,0,1,-7.5,0.000552778656128794,,,,,0.0,0.0,2.8216605186462402
TRAIN,5hcafebs,128,2,3,10,1,0,1,-6.40625,0.0016484829830005765,,,,,0.0,0.0,2.8216605186462402
TRAIN,5hcafebs,128,3,4,10,1,0,1,-3.40625,0.03210070729255676,,,,,0.0,0.0,2.8216605186462402
TRAIN,5hcafebs,128,4,5,10,1,0,1,-7.21875,0.0007321811863221228,,,,,0.0,0.0,2.8216605186462402
TRAIN,5hcafebs,128,5,6,10,1,0,1,-4.875,0.007577241398394108,,,,,0.0,0.0,2.8216605186462402
TRAIN,5hcafebs,128,6,7,10,1,1,0,2.265625,0.9059898257255554,0.21889470517635345,0.24930916726589203,6,-0.030414462089538574,14.516156196594238,2.6069233417510986,14.007819175720215
TRAIN,5hcafebs,128,7,8,10,1,1,0,0.37109375,0.5917232036590576,0.20338048040866852,0.2246783822774887,10,-0.02129790186882019,14.166539192199707,2.6429529190063477,14.304707527160645
TRAIN,5hcafebs,128,8,9,10,1,0,1,-6.59375,0.0013670255430042744,,,,,0.0,0.0,2.8216605186462402
TRAIN,5hcafebs,128,9,10,10,1,0,1,-4.40625,0.0120537793263793,,,,,0.0,0.0,2.8216605186462402
TRAIN,5hcafebs,129,0,1,10,1,0,1,-7.0,0.0009110511746257544,,,,,0.0,0.0,2.8216605186462402
TRAIN,5hcafebs,129,1,2,10,1,0,1,-7.0,0.0009110511746257544,,,,,0.0,0.0,2.8216605186462402
TRAIN,5hcafebs,129,2,3,10,1,0,1,-6.53125,0.0014550630003213882,,,,,0.0,0.0,2.8216605186462402
TRAIN,5hcafebs,129,3,4,10,1,0,1,-3.9375,0.01912403479218483,,,,,0.0,0.0,2.8216605186462402
TRAIN,5hcafebs,129,4,5,10,1,0,1,-6.34375,0.0017546144081279635,,,,,0.0,0.0,2.8216605186462402
TRAIN,5hcafebs,129,5,6,10,1,0,1,-4.84375,0.007815888151526451,,,,,0.0,0.0,2.8216605186462402
TRAIN,5hcafebs,129,6,7,10,1,1,0,2.28125,0.907312273979187,0.20097410678863525,0.23009029030799866,6,-0.029116183519363403,13.861350059509277,2.5287983417510986,13.39954662322998
TRAIN,5hcafebs,129,7,8,10,1,1,0,0.0130615234375,0.5032653212547302,0.20901024341583252,0.2312808334827423,2,-0.02227059006690979,14.17230224609375,2.6117029190063477,14.370582580566406
TRAIN,5hcafebs,129,8,9,10,1,0,1,-5.90625,0.0027149852830916643,,,,,0.0,0.0,2.8216605186462402
TRAIN,5hcafebs,129,9,10,10,1,0,1,-4.34375,0.012821214273571968,,,,,0.0,0.0,2.8216605186462402
TRAIN,5hcafebs,130,0,1,10,1,0,1,-6.71875,0.0012065897462889552,,,,,0.0,0.0,2.8216605186462402
TRAIN,5hcafebs,130,1,2,10,1,0,1,-7.1875,0.0007554056355729699,,,,,0.0,0.0,2.8216605186462402
TRAIN,5hcafebs,130,2,3,10,1,0,1,-6.1875,0.0020507434383034706,,,,,0.0,0.0,2.8216605186462402
TRAIN,5hcafebs,130,3,4,10,1,0,1,-4.0,0.01798621006309986,,,,,0.0,0.0,2.8216605186462402
TRAIN,5hcafebs,130,4,5,10,1,0,1,-6.96875,0.0009399438858963549,,,,,0.0,0.0,2.8216605186462402
TRAIN,5hcafebs,130,5,6,10,1,0,1,-4.78125,0.008315778337419033,,,,,0.0,0.0,2.8216605186462402
TRAIN,5hcafebs,130,6,7,10,1,1,0,2.390625,0.9161096215248108,0.1785133332014084,0.19893214106559753,6,-0.020418807864189148,14.60194206237793,2.8256733417510986,14.253175735473633
TRAIN,5hcafebs,130,7,8,10,1,0,1,-0.07763671875,0.4806005656719208,,,,,0.0,0.0,2.8216605186462402
TRAIN,5hcafebs,130,8,9,10,1,0,1,-5.53125,0.0039454069919884205,,,,,0.0,0.0,2.8216605186462402
TRAIN,5hcafebs,130,9,10,10,1,0,1,-2.875,0.053403329104185104,,,,,0.0,0.0,2.8216605186462402
TRAIN,5hcafebs,131,0,1,10,1,0,1,-7.40625,0.0006070755189284682,,,,,0.0,0.0,2.8216605186462402
TRAIN,5hcafebs,131,1,2,10,1,0,1,-7.15625,0.0007793660624884069,,,,,0.0,0.0,2.8216605186462402
TRAIN,5hcafebs,131,2,3,10,1,0,1,-6.46875,0.0015487611526623368,,,,,0.0,0.0,2.8216605186462402
TRAIN,5hcafebs,131,3,4,10,1,0,1,-3.734375,0.023330770432949066,,,,,0.0,0.0,2.8216605186462402
TRAIN,5hcafebs,131,4,5,10,1,0,1,-6.40625,0.0016484829830005765,,,,,0.0,0.0,2.8216605186462402
TRAIN,5hcafebs,131,5,6,10,1,0,1,-4.90625,0.007345826830714941,,,,,0.0,0.0,2.8216605186462402
TRAIN,5hcafebs,131,6,7,10,1,1,0,2.125,0.8933094143867493,0.2646414339542389,0.2933391332626343,6,-0.028697699308395386,14.850602149963379,2.5287983417510986,14.285038948059082
TRAIN,5hcafebs,131,7,8,10,1,1,0,0.07080078125,0.5176928043365479,0.19500510394573212,0.21622109413146973,10,-0.02121599018573761,14.961348533630371,2.8148279190063477,15.146651268005371
TRAIN,5hcafebs,131,8,9,10,1,0,1,-4.78125,0.008315778337419033,,,,,0.0,0.0,2.8216605186462402
TRAIN,5hcafebs,131,9,10,10,1,0,1,-4.28125,0.013636835850775242,,,,,0.0,0.0,2.8216605186462402
TRAIN,5hcafebs,132,0,1,10,1,0,1,-7.84375,0.0003920417802873999,,,,,0.0,0.0,2.8216605186462402
TRAIN,5hcafebs,132,1,2,10,1,0,1,-7.84375,0.0003920417802873999,,,,,0.0,0.0,2.8216605186462402
TRAIN,5hcafebs,132,2,3,10,1,0,1,-6.4375,0.001597845577634871,,,,,0.0,0.0,2.8216605186462402
TRAIN,5hcafebs,132,3,4,10,1,0,1,-3.828125,0.021287351846694946,,,,,0.0,0.0,2.8216605186462402
TRAIN,5hcafebs,132,4,5,10,1,0,1,-6.84375,0.0010649627074599266,,,,,0.0,0.0,2.8216605186462402
TRAIN,5hcafebs,132,5,6,10,1,0,1,-4.90625,0.007345826830714941,,,,,0.0,0.0,2.8216605186462402
TRAIN,5hcafebs,132,6,7,10,1,1,0,2.71875,0.9381240010261536,0.27352580428123474,0.3023768365383148,9,-0.028851032257080078,16.43596076965332,3.3881733417510986,15.922144889831543
TRAIN,5hcafebs,132,7,8,10,1,1,0,0.10986328125,0.527438223361969,0.19971837103366852,0.22562281787395477,2,-0.025904446840286255,15.769941329956055,2.981736660003662,16.04989242553711
TRAIN,5hcafebs,132,8,9,10,1,0,1,-5.28125,0.005060331895947456,,,,,0.0,0.0,2.8216605186462402
TRAIN,5hcafebs,132,9,10,10,1,0,1,-4.1875,0.014957086183130741,,,,,0.0,0.0,2.8216605186462402
TRAIN,5hcafebs,133,0,1,10,1,0,1,-7.6875,0.000458312890259549,,,,,0.0,0.0,2.8216605186462402
TRAIN,5hcafebs,133,1,2,10,1,0,1,-7.5,0.000552778656128794,,,,,0.0,0.0,2.8216605186462402
TRAIN,5hcafebs,133,2,3,10,1,0,1,-6.21875,0.001987774157896638,,,,,0.0,0.0,2.8216605186462402
TRAIN,5hcafebs,133,3,4,10,1,0,1,-4.03125,0.017442485317587852,,,,,0.0,0.0,2.8216605186462402
TRAIN,5hcafebs,133,4,5,10,1,0,1,-7.8125,0.0004044814850203693,,,,,0.0,0.0,2.8216605186462402
TRAIN,5hcafebs,133,5,6,10,1,0,1,-5.125,0.0059110685251653194,,,,,0.0,0.0,2.8216605186462402
TRAIN,5hcafebs,133,6,7,10,1,1,0,2.859375,0.9458011984825134,0.27371227741241455,0.30131256580352783,6,-0.02760028839111328,15.596650123596191,2.9506733417510986,14.997245788574219
TRAIN,5hcafebs,133,7,8,10,1,1,0,1.09375,0.7490872144699097,0.19105952978134155,0.22086076438426971,2,-0.02980123460292816,15.00461196899414,2.7492072582244873,15.200529098510742
TRAIN,5hcafebs,133,8,9,10,1,0,1,-5.1875,0.005554925184696913,,,,,0.0,0.0,2.8216605186462402
TRAIN,5hcafebs,133,9,10,10,1,0,1,-5.0,0.006692850962281227,,,,,0.0,0.0,2.8216605186462402
TRAIN,5hcafebs,134,0,1,10,1,0,1,-7.3125,0.0006667023408226669,,,,,0.0,0.0,2.8216605186462402
TRAIN,5hcafebs,134,1,2,10,1,0,1,-7.0,0.0009110511746257544,,,,,0.0,0.0,2.8216605186462402
TRAIN,5hcafebs,134,2,3,10,1,0,1,-5.28125,0.005060331895947456,,,,,0.0,0.0,2.8216605186462402
TRAIN,5hcafebs,134,3,4,10,1,0,1,-3.1875,0.03963883966207504,,,,,0.0,0.0,2.8216605186462402
TRAIN,5hcafebs,134,4,5,10,1,0,1,-7.03125,0.0008830457809381187,,,,,0.0,0.0,2.8216605186462402
TRAIN,5hcafebs,134,5,6,10,1,0,1,-5.09375,0.0060975621454417706,,,,,0.0,0.0,2.8216605186462402
TRAIN,5hcafebs,134,6,7,10,1,1,0,3.28125,0.9637799859046936,0.26394808292388916,0.29024556279182434,9,-0.02629747986793518,17.09527015686035,3.6694233417510986,16.66324806213379
TRAIN,5hcafebs,134,7,8,10,1,1,0,1.390625,0.8006919622421265,0.1868816316127777,0.2133183777332306,2,-0.02643674612045288,14.45046329498291,2.7335822582244873,14.554258346557617
TRAIN,5hcafebs,134,8,9,10,1,0,1,-4.9375,0.00712142838165164,,,,,0.0,0.0,2.8216605186462402
TRAIN,5hcafebs,134,9,10,10,1,0,1,-4.375,0.012431650422513485,,,,,0.0,0.0,2.8216605186462402
TRAIN,5hcafebs,135,0,1,10,1,0,1,-7.5,0.000552778656128794,,,,,0.0,0.0,2.8216605186462402
TRAIN,5hcafebs,135,1,2,10,1,0,1,-7.40625,0.0006070755189284682,,,,,0.0,0.0,2.8216605186462402
TRAIN,5hcafebs,135,2,3,10,1,0,1,-5.21875,0.005384937860071659,,,,,0.0,0.0,2.8216605186462402
TRAIN,5hcafebs,135,3,4,10,1,0,1,-3.265625,0.03676946833729744,,,,,0.0,0.0,2.8216605186462402
TRAIN,5hcafebs,135,4,5,10,1,0,1,-7.15625,0.0007793660624884069,,,,,0.0,0.0,2.8216605186462402
TRAIN,5hcafebs,135,5,6,10,1,0,1,-4.3125,0.013222821988165379,,,,,0.0,0.0,2.8216605186462402
TRAIN,5hcafebs,135,6,7,10,1,1,0,3.09375,0.9566342234611511,0.3005032241344452,0.3345862030982971,6,-0.03408297896385193,13.708955764770508,2.19468092918396,12.929841995239258
TRAIN,5hcafebs,135,7,8,10,1,1,0,1.84375,0.8633915781974792,0.19492825865745544,0.23381376266479492,2,-0.03888550400733948,13.436088562011719,2.3446013927459717,13.46040153503418
TRAIN,5hcafebs,135,8,9,10,1,0,1,-5.21875,0.005384937860071659,,,,,0.0,0.0,2.8216605186462402
TRAIN,5hcafebs,135,9,10,10,1,0,1,-4.75,0.008577484637498856,,,,,0.0,0.0,2.8216605186462402
TRAIN,5hcafebs,136,0,1,10,1,0,1,-7.0,0.0009110511746257544,,,,,0.0,0.0,2.8216605186462402
TRAIN,5hcafebs,136,1,2,10,1,0,1,-6.96875,0.0009399438858963549,,,,,0.0,0.0,2.8216605186462402
TRAIN,5hcafebs,136,2,3,10,1,0,1,-5.625,0.0035936026833951473,,,,,0.0,0.0,2.8216605186462402
TRAIN,5hcafebs,136,3,4,10,1,0,1,-2.953125,0.04958902671933174,,,,,0.0,0.0,2.8216605186462402
TRAIN,5hcafebs,136,4,5,10,1,0,1,-7.1875,0.0007554056355729699,,,,,0.0,0.0,2.8216605186462402
TRAIN,5hcafebs,136,5,6,10,1,0,1,-5.1875,0.005554925184696913,,,,,0.0,0.0,2.8216605186462402
TRAIN,5hcafebs,136,6,7,10,1,1,0,3.5,0.970687747001648,0.2990724444389343,0.3253737688064575,6,-0.026301324367523193,14.59237003326416,2.7006733417510986,14.006475448608398
TRAIN,5hcafebs,136,7,8,10,1,1,0,2.890625,0.9473810195922852,0.28738895058631897,0.33429476618766785,6,-0.04690581560134888,12.585332870483398,2.0406334400177,12.348158836364746
TRAIN,5hcafebs,136,8,9,10,1,0,1,-4.78125,0.008315778337419033,,,,,0.0,0.0,2.8216605186462402
TRAIN,5hcafebs,136,9,10,10,1,0,1,-4.46875,0.011331753805279732,,,,,0.0,0.0,2.8216605186462402
TRAIN,5hcafebs,137,0,1,10,1,0,1,-7.25,0.0007096704212017357,,,,,0.0,0.0,2.8216605186462402
TRAIN,5hcafebs,137,1,2,10,1,0,1,-7.5,0.000552778656128794,,,,,0.0,0.0,2.8216605186462402
TRAIN,5hcafebs,137,2,3,10,1,0,1,-6.4375,0.001597845577634871,,,,,0.0,0.0,2.8216605186462402
TRAIN,5hcafebs,137,3,4,10,1,0,1,-3.859375,0.020645929500460625,,,,,0.0,0.0,2.8216605186462402
TRAIN,5hcafebs,137,4,5,10,1,0,1,-5.4375,0.004331501666456461,,,,,0.0,0.0,2.8216605186462402
TRAIN,5hcafebs,137,5,6,10,1,0,1,-5.4375,0.004331501666456461,,,,,0.0,0.0,2.8216605186462402
TRAIN,5hcafebs,137,6,7,10,1,1,0,4.03125,0.982557475566864,0.31773853302001953,0.343355655670166,6,-0.025617122650146484,14.962096214294434,2.9662983417510986,14.337688446044922
TRAIN,5hcafebs,137,7,8,10,1,1,0,3.6875,0.9755768775939941,0.31850188970565796,0.3722490072250366,9,-0.05374711751937866,12.26039981842041,1.9819234609603882,11.91650104522705
TRAIN,5hcafebs,137,8,9,10,1,0,1,-4.65625,0.009412589482963085,,,,,0.0,0.0,2.8216605186462402
TRAIN,5hcafebs,137,9,10,10,1,0,1,-5.75,0.003172682598233223,,,,,0.0,0.0,2.8216605186462402
TRAIN,5hcafebs,138,0,1,10,1,0,1,-7.28125,0.0006878511630930007,,,,,0.0,0.0,2.8216605186462402
TRAIN,5hcafebs,138,1,2,10,1,0,1,-7.25,0.0007096704212017357,,,,,0.0,0.0,2.8216605186462402
TRAIN,5hcafebs,138,2,3,10,1,0,1,-6.6875,0.0012448433553799987,,,,,0.0,0.0,2.8216605186462402
TRAIN,5hcafebs,138,3,4,10,1,0,1,-3.671875,0.024798160418868065,,,,,0.0,0.0,2.8216605186462402
TRAIN,5hcafebs,138,4,5,10,1,0,1,-6.28125,0.0018675660248845816,,,,,0.0,0.0,2.8216605186462402
TRAIN,5hcafebs,138,5,6,10,1,0,1,-6.03125,0.0023967307060956955,,,,,0.0,0.0,2.8216605186462402
TRAIN,5hcafebs,138,6,7,10,1,1,0,4.1875,0.985042929649353,0.2522636651992798,0.26922839879989624,6,-0.016964733600616455,14.29399299621582,3.1225483417510986,13.8521089553833
TRAIN,5hcafebs,138,7,8,10,1,1,0,3.59375,0.9732407331466675,0.2783268690109253,0.32614967226982117,9,-0.047822803258895874,11.406063079833984,1.9975484609603882,11.134937286376953
TRAIN,5hcafebs,138,8,9,10,1,0,1,-4.8125,0.008061991073191166,,,,,0.0,0.0,2.8216605186462402
TRAIN,5hcafebs,138,9,10,10,1,0,1,-5.28125,0.005060331895947456,,,,,0.0,0.0,2.8216605186462402
TRAIN,5hcafebs,139,0,1,10,1,0,1,-6.9375,0.0009697519708424807,,,,,0.0,0.0,2.8216605186462402
TRAIN,5hcafebs,139,1,2,10,1,0,1,-7.5,0.000552778656128794,,,,,0.0,0.0,2.8216605186462402
TRAIN,5hcafebs,139,2,3,10,1,0,1,-6.5,0.0015011823270469904,,,,,0.0,0.0,2.8216605186462402
TRAIN,5hcafebs,139,3,4,10,1,0,1,-3.390625,0.03258974477648735,,,,,0.0,0.0,2.8216605186462402
TRAIN,5hcafebs,139,4,5,10,1,0,1,-5.28125,0.005060331895947456,,,,,0.0,0.0,2.8216605186462402
TRAIN,5hcafebs,139,5,6,10,1,0,1,-4.6875,0.009125636890530586,,,,,0.0,0.0,2.8216605186462402
TRAIN,5hcafebs,139,6,7,10,1,1,0,4.34375,0.9871788024902344,0.26853233575820923,0.28923535346984863,6,-0.020703017711639404,15.326895713806152,3.3881733417510986,14.895291328430176
TRAIN,5hcafebs,139,7,8,10,1,1,0,4.46875,0.9886682629585266,0.24742521345615387,0.29804497957229614,2,-0.05061976611614227,13.040583610534668,2.4350483417510986,12.944284439086914
TRAIN,5hcafebs,139,8,9,10,1,0,1,-3.828125,0.021287351846694946,,,,,0.0,0.0,2.8216605186462402
TRAIN,5hcafebs,139,9,10,10,1,0,1,-5.53125,0.0039454069919884205,,,,,0.0,0.0,2.8216605186462402
TRAIN,5hcafebs,140,0,1,10,1,0,1,-6.65625,0.0012843081494793296,,,,,0.0,0.0,2.8216605186462402
TRAIN,5hcafebs,140,1,2,10,1,0,1,-7.28125,0.0006878511630930007,,,,,0.0,0.0,2.8216605186462402
TRAIN,5hcafebs,140,2,3,10,1,0,1,-6.28125,0.0018675660248845816,,,,,0.0,0.0,2.8216605186462402
TRAIN,5hcafebs,140,3,4,10,1,0,1,-3.0625,0.044680867344141006,,,,,0.0,0.0,2.8216605186462402
TRAIN,5hcafebs,140,4,5,10,1,0,1,-6.65625,0.0012843081494793296,,,,,0.0,0.0,2.8216605186462402
TRAIN,5hcafebs,140,5,6,10,1,0,1,-5.0,0.006692850962281227,,,,,0.0,0.0,2.8216605186462402
TRAIN,5hcafebs,140,6,7,10,1,1,0,4.71875,0.9911527037620544,0.2700237035751343,0.29285749793052673,6,-0.022833794355392456,14.38701057434082,2.7944233417510986,13.803380012512207
TRAIN,5hcafebs,140,7,8,10,1,1,0,5.34375,0.9952448010444641,0.3178664743900299,0.35420817136764526,9,-0.036341696977615356,12.511866569519043,2.4037983417510986,12.232502937316895
TRAIN,5hcafebs,140,8,9,10,1,0,1,-4.46875,0.011331753805279732,,,,,0.0,0.0,2.8216605186462402
TRAIN,5hcafebs,140,9,10,10,1,0,1,-5.875,0.0028009270317852497,,,,,0.0,0.0,2.8216605186462402
TRAIN,5hcafebs,141,0,1,10,1,0,1,-7.09375,0.0008295892039313912,,,,,0.0,0.0,2.8216605186462402
TRAIN,5hcafebs,141,1,2,10,1,0,1,-6.65625,0.0012843081494793296,,,,,0.0,0.0,2.8216605186462402
TRAIN,5hcafebs,141,2,3,10,1,0,1,-6.4375,0.001597845577634871,,,,,0.0,0.0,2.8216605186462402
TRAIN,5hcafebs,141,3,4,10,1,0,1,-3.046875,0.04535258188843727,,,,,0.0,0.0,2.8216605186462402
TRAIN,5hcafebs,141,4,5,10,1,0,1,-5.625,0.0035936026833951473,,,,,0.0,0.0,2.8216605186462402
TRAIN,5hcafebs,141,5,6,10,1,0,1,-5.15625,0.005730246659368277,,,,,0.0,0.0,2.8216605186462402
TRAIN,5hcafebs,141,6,7,10,1,1,0,4.5,0.9890130758285522,0.27970969676971436,0.3089665472507477,6,-0.029256850481033325,15.190574645996094,3.2006733417510986,14.685440063476562
TRAIN,5hcafebs,141,7,8,10,1,1,0,5.75,0.9968273043632507,0.3500574827194214,0.37823382019996643,9,-0.028176337480545044,13.04612922668457,2.3881733417510986,12.566404342651367
TRAIN,5hcafebs,141,8,9,10,1,0,1,-3.640625,0.025565214455127716,,,,,0.0,0.0,2.8216605186462402
TRAIN,5hcafebs,141,9,10,10,1,0,1,-5.875,0.0028009270317852497,,,,,0.0,0.0,2.8216605186462402
TRAIN,5hcafebs,142,0,1,10,1,0,1,-7.0,0.0009110511746257544,,,,,0.0,0.0,2.8216605186462402
TRAIN,5hcafebs,142,1,2,10,1,0,1,-6.71875,0.0012065897462889552,,,,,0.0,0.0,2.8216605186462402
TRAIN,5hcafebs,142,2,3,10,1,0,1,-6.03125,0.0023967307060956955,,,,,0.0,0.0,2.8216605186462402
TRAIN,5hcafebs,142,3,4,10,1,0,1,-3.3125,0.03514484688639641,,,,,0.0,0.0,2.8216605186462402
TRAIN,5hcafebs,142,4,5,10,1,0,1,-6.0,0.0024726230185478926,,,,,0.0,0.0,2.8216605186462402
TRAIN,5hcafebs,142,5,6,10,1,0,1,-4.8125,0.008061991073191166,,,,,0.0,0.0,2.8216605186462402
TRAIN,5hcafebs,142,6,7,10,1,1,0,4.3125,0.9867772459983826,0.24580366909503937,0.2697833180427551,6,-0.02397964894771576,14.669486999511719,3.0912983417510986,14.152841567993164
TRAIN,5hcafebs,142,7,8,10,1,1,0,5.40625,0.9955315589904785,0.3247593641281128,0.358585923910141,9,-0.0338265597820282,13.339164733886719,2.4350483417510986,12.881691932678223
TRAIN,5hcafebs,142,8,9,10,1,0,1,-3.640625,0.025565214455127716,,,,,0.0,0.0,2.8216605186462402
TRAIN,5hcafebs,142,9,10,10,1,0,1,-5.40625,0.0044683837331831455,,,,,0.0,0.0,2.8216605186462402
TRAIN,5hcafebs,143,0,1,10,1,0,1,-6.4375,0.001597845577634871,,,,,0.0,0.0,2.8216605186462402
TRAIN,5hcafebs,143,1,2,10,1,0,1,-6.625,0.0013250223128125072,,,,,0.0,0.0,2.8216605186462402
TRAIN,5hcafebs,143,2,3,10,1,0,1,-6.03125,0.0023967307060956955,,,,,0.0,0.0,2.8216605186462402
TRAIN,5hcafebs,143,3,4,10,1,0,1,-3.625,0.02595735713839531,,,,,0.0,0.0,2.8216605186462402
TRAIN,5hcafebs,143,4,5,10,1,0,1,-5.75,0.003172682598233223,,,,,0.0,0.0,2.8216605186462402
TRAIN,5hcafebs,143,5,6,10,1,0,1,-5.28125,0.005060331895947456,,,,,0.0,0.0,2.8216605186462402
TRAIN,5hcafebs,143,6,7,10,1,1,0,4.46875,0.9886682629585266,0.24595770239830017,0.2741323709487915,9,-0.028174668550491333,14.947284698486328,3.4975483417510986,14.570926666259766
TRAIN,5hcafebs,143,7,8,10,1,1,0,5.4375,0.9956685304641724,0.3184730112552643,0.352983683347702,9,-0.034510672092437744,13.788622856140137,2.6225483417510986,13.369047164916992
TRAIN,5hcafebs,143,8,9,10,1,0,1,-4.125,0.01590639166533947,,,,,0.0,0.0,2.8216605186462402
TRAIN,5hcafebs,143,9,10,10,1,0,1,-5.625,0.0035936026833951473,,,,,0.0,0.0,2.8216605186462402
TRAIN,5hcafebs,144,0,1,10,1,0,1,-5.96875,0.0025509123224765062,,,,,0.0,0.0,2.8216605186462402
TRAIN,5hcafebs,144,1,2,10,1,0,1,-6.375,0.0017007222631946206,,,,,0.0,0.0,2.8216605186462402
TRAIN,5hcafebs,144,2,3,10,1,0,1,-2.984375,0.048136770725250244,,,,,0.0,0.0,2.8216605186462402
TRAIN,5hcafebs,144,3,4,10,1,0,1,-2.296875,0.09138210862874985,,,,,0.0,0.0,2.8216605186462402
TRAIN,5hcafebs,144,4,5,10,1,0,1,-5.75,0.003172682598233223,,,,,0.0,0.0,2.8216605186462402
TRAIN,5hcafebs,144,5,6,10,1,0,1,-5.3125,0.004905405919998884,,,,,0.0,0.0,2.8216605186462402
TRAIN,5hcafebs,144,6,7,10,1,1,0,4.65625,0.9905874133110046,0.2396755963563919,0.2639971077442169,9,-0.024321511387825012,15.868292808532715,3.5756733417510986,15.4992094039917
TRAIN,5hcafebs,144,7,8,10,1,1,0,5.53125,0.9960545301437378,0.31426802277565,0.342016339302063,9,-0.027748316526412964,15.322270393371582,3.1694233417510986,14.984548568725586
TRAIN,5hcafebs,144,8,9,10,1,0,1,-4.25,0.014063628390431404,,,,,0.0,0.0,2.8216605186462402
TRAIN,5hcafebs,144,9,10,10,1,0,1,-4.78125,0.008315778337419033,,,,,0.0,0.0,2.8216605186462402
TRAIN,5hcafebs,145,0,1,10,1,0,1,-7.03125,0.0008830457809381187,,,,,0.0,0.0,2.8216605186462402
TRAIN,5hcafebs,145,1,2,10,1,0,1,-6.9375,0.0009697519708424807,,,,,0.0,0.0,2.8216605186462402
TRAIN,5hcafebs,145,2,3,10,1,0,1,-4.0,0.01798621006309986,,,,,0.0,0.0,2.8216605186462402
TRAIN,5hcafebs,145,3,4,10,1,0,1,-3.53125,0.02843603305518627,,,,,0.0,0.0,2.8216605186462402
TRAIN,5hcafebs,145,4,5,10,1,0,1,-6.71875,0.0012065897462889552,,,,,0.0,0.0,2.8216605186462402
TRAIN,5hcafebs,145,5,6,10,1,0,1,-4.3125,0.013222821988165379,,,,,0.0,0.0,2.8216605186462402
TRAIN,5hcafebs,145,6,7,10,1,1,0,5.09375,0.9939024448394775,0.21351668238639832,0.22997449338436127,6,-0.01645781099796295,15.739640235900879,3.6381733417510986,15.444132804870605
TRAIN,5hcafebs,145,7,8,10,1,1,0,5.625,0.9964063763618469,0.2933867275714874,0.328866571187973,9,-0.035479843616485596,14.888357162475586,2.9662983417510986,14.4999361038208
TRAIN,5hcafebs,145,8,9,10,1,0,1,-3.65625,0.02517884224653244,,,,,0.0,0.0,2.8216605186462402
TRAIN,5hcafebs,145,9,10,10,1,0,1,-5.59375,0.0037072531413286924,,,,,0.0,0.0,2.8216605186462402
TRAIN,5hcafebs,146,0,1,10,1,0,1,-6.5625,0.0014103584690019488,,,,,0.0,0.0,2.8216605186462402
TRAIN,5hcafebs,146,1,2,10,1,0,1,-6.28125,0.0018675660248845816,,,,,0.0,0.0,2.8216605186462402
TRAIN,5hcafebs,146,2,3,10,1,0,1,-3.40625,0.03210070729255676,,,,,0.0,0.0,2.8216605186462402
TRAIN,5hcafebs,146,3,4,10,1,0,1,-3.84375,0.020964240655303,,,,,0.0,0.0,2.8216605186462402
TRAIN,5hcafebs,146,4,5,10,1,0,1,-5.90625,0.0027149852830916643,,,,,0.0,0.0,2.8216605186462402
TRAIN,5hcafebs,146,5,6,10,1,0,1,-4.71875,0.008847354911267757,,,,,0.0,0.0,2.8216605186462402
TRAIN,5hcafebs,146,6,7,10,1,1,0,5.96875,0.9974491000175476,0.3283577859401703,0.362834632396698,6,-0.03447684645652771,12.637566566467285,2.4194233417510986,11.892144203186035
TRAIN,5hcafebs,146,7,8,10,1,1,0,4.9375,0.9928786158561707,0.284795343875885,0.32733285427093506,9,-0.04253751039505005,14.469405174255371,2.8256733417510986,14.060628890991211
TRAIN,5hcafebs,146,8,9,10,1,0,1,-3.59375,0.026759283617138863,,,,,0.0,0.0,2.8216605186462402
TRAIN,5hcafebs,146,9,10,10,1,0,1,-5.53125,0.0039454069919884205,,,,,0.0,0.0,2.8216605186462402
TRAIN,5hcafebs,147,0,1,10,1,0,1,-6.625,0.0013250223128125072,,,,,0.0,0.0,2.8216605186462402
TRAIN,5hcafebs,147,1,2,10,1,0,1,-6.28125,0.0018675660248845816,,,,,0.0,0.0,2.8216605186462402
TRAIN,5hcafebs,147,2,3,10,1,0,1,-2.21875,0.09807931631803513,,,,,0.0,0.0,2.8216605186462402
TRAIN,5hcafebs,147,3,4,10,1,0,1,-3.9375,0.01912403479218483,,,,,0.0,0.0,2.8216605186462402
TRAIN,5hcafebs,147,4,5,10,1,0,1,-5.875,0.0028009270317852497,,,,,0.0,0.0,2.8216605186462402
TRAIN,5hcafebs,147,5,6,10,1,0,1,-2.90625,0.05184546485543251,,,,,0.0,0.0,2.8216605186462402
TRAIN,5hcafebs,147,6,7,10,1,1,0,5.28125,0.9949396848678589,0.28680455684661865,0.3136303126811981,6,-0.026825755834579468,13.6565580368042,2.6537983417510986,13.06636905670166
TRAIN,5hcafebs,147,7,8,10,1,1,0,4.78125,0.9916841983795166,0.3003329336643219,0.34121742844581604,9,-0.04088449478149414,14.489192962646484,2.7631733417510986,14.028483390808105
TRAIN,5hcafebs,147,8,9,10,1,0,1,-4.1875,0.014957086183130741,,,,,0.0,0.0,2.8216605186462402
TRAIN,5hcafebs,147,9,10,10,1,0,1,-5.34375,0.004755199886858463,,,,,0.0,0.0,2.8216605186462402
TRAIN,5hcafebs,148,0,1,10,1,0,1,-6.65625,0.0012843081494793296,,,,,0.0,0.0,2.8216605186462402
TRAIN,5hcafebs,148,1,2,10,1,0,1,-6.6875,0.0012448433553799987,,,,,0.0,0.0,2.8216605186462402
TRAIN,5hcafebs,148,2,3,10,1,0,1,-3.5625,0.027585282921791077,,,,,0.0,0.0,2.8216605186462402
TRAIN,5hcafebs,148,3,4,10,1,0,1,-4.15625,0.015424552373588085,,,,,0.0,0.0,2.8216605186462402
TRAIN,5hcafebs,148,4,5,10,1,0,1,-6.5,0.0015011823270469904,,,,,0.0,0.0,2.8216605186462402
TRAIN,5hcafebs,148,5,6,10,1,0,1,-3.4375,0.031143832951784134,,,,,0.0,0.0,2.8216605186462402
TRAIN,5hcafebs,148,6,7,10,1,1,0,5.8125,0.9970190525054932,0.2617821991443634,0.28706467151641846,6,-0.025282472372055054,13.615707397460938,2.6694233417510986,13.127056121826172
TRAIN,5hcafebs,148,7,8,10,1,1,0,4.96875,0.9930961728096008,0.3049562871456146,0.34439975023269653,9,-0.03944346308708191,14.004569053649902,2.6069233417510986,13.49205207824707
TRAIN,5hcafebs,148,8,9,10,1,0,1,-3.796875,0.021948253735899925,,,,,0.0,0.0,2.8216605186462402
TRAIN,5hcafebs,148,9,10,10,1,0,1,-5.375,0.004609572235494852,,,,,0.0,0.0,2.8216605186462402
TRAIN,5hcafebs,149,0,1,10,1,0,1,-6.9375,0.0009697519708424807,,,,,0.0,0.0,2.8216605186462402
TRAIN,5hcafebs,149,1,2,10,1,0,1,-6.09375,0.002251847181469202,,,,,0.0,0.0,2.8216605186462402
TRAIN,5hcafebs,149,2,3,10,1,0,1,-3.84375,0.020964240655303,,,,,0.0,0.0,2.8216605186462402
TRAIN,5hcafebs,149,3,4,10,1,0,1,-2.796875,0.05749328061938286,,,,,0.0,0.0,2.8216605186462402
TRAIN,5hcafebs,149,4,5,10,1,0,1,-6.75,0.0011695103021338582,,,,,0.0,0.0,2.8216605186462402
TRAIN,5hcafebs,149,5,6,10,1,0,1,-3.765625,0.02262919954955578,,,,,0.0,0.0,2.8216605186462402
TRAIN,5hcafebs,149,6,7,10,1,1,0,5.96875,0.9974491000175476,0.2660132348537445,0.29222601652145386,6,-0.02621278166770935,14.037994384765625,3.1381733417510986,13.582551002502441
TRAIN,5hcafebs,149,7,8,10,1,1,0,4.875,0.9924227595329285,0.28772038221359253,0.31780749559402466,9,-0.03008711338043213,14.12010383605957,2.7787983417510986,13.660046577453613
TRAIN,5hcafebs,149,8,9,10,1,0,1,-3.109375,0.0427221953868866,,,,,0.0,0.0,2.8216605186462402
TRAIN,5hcafebs,149,9,10,10,1,0,1,-5.03125,0.0064882696606218815,,,,,0.0,0.0,2.8216605186462402
TRAIN,5hcafebs,150,0,1,10,1,0,1,-6.53125,0.0014550630003213882,,,,,0.0,0.0,2.8216605186462402
TRAIN,5hcafebs,150,1,2,10,1,0,1,-6.375,0.0017007222631946206,,,,,0.0,0.0,2.8216605186462402
TRAIN,5hcafebs,150,2,3,10,1,0,1,-4.375,0.012431650422513485,,,,,0.0,0.0,2.8216605186462402
TRAIN,5hcafebs,150,3,4,10,1,0,1,-2.625,0.06754669547080994,,,,,0.0,0.0,2.8216605186462402
TRAIN,5hcafebs,150,4,5,10,1,0,1,-6.40625,0.0016484829830005765,,,,,0.0,0.0,2.8216605186462402
TRAIN,5hcafebs,150,5,6,10,1,0,1,-4.0625,0.016914913430809975,,,,,0.0,0.0,2.8216605186462402
TRAIN,5hcafebs,150,6,7,10,1,1,0,6.28125,0.9981324076652527,0.27068018913269043,0.2969723343849182,6,-0.026292145252227783,14.061820030212402,2.9975483417510986,13.537065505981445
TRAIN,5hcafebs,150,7,8,10,1,1,0,5.09375,0.9939024448394775,0.277720183134079,0.307394415140152,9,-0.029674232006072998,13.636679649353027,2.6850483417510986,13.15551471710205
TRAIN,5hcafebs,150,8,9,10,1,0,1,-3.96875,0.018546566367149353,,,,,0.0,0.0,2.8216605186462402
TRAIN,5hcafebs,150,9,10,10,1,0,1,-5.8125,0.0029810327105224133,,,,,0.0,0.0,2.8216605186462402
TRAIN,5hcafebs,151,0,1,10,1,0,1,-6.75,0.0011695103021338582,,,,,0.0,0.0,2.8216605186462402
TRAIN,5hcafebs,151,1,2,10,1,0,1,-6.40625,0.0016484829830005765,,,,,0.0,0.0,2.8216605186462402
TRAIN,5hcafebs,151,2,3,10,1,0,1,-4.15625,0.015424552373588085,,,,,0.0,0.0,2.8216605186462402
TRAIN,5hcafebs,151,3,4,10,1,0,1,-2.828125,0.05582314357161522,,,,,0.0,0.0,2.8216605186462402
TRAIN,5hcafebs,151,4,5,10,1,0,1,-6.625,0.0013250223128125072,,,,,0.0,0.0,2.8216605186462402
TRAIN,5hcafebs,151,5,6,10,1,0,1,-3.84375,0.020964240655303,,,,,0.0,0.0,2.8216605186462402
TRAIN,5hcafebs,151,6,7,10,1,1,0,5.6875,0.9966233968734741,0.2666345536708832,0.29543399810791016,6,-0.028799444437026978,14.087343215942383,3.0444233417510986,13.619123458862305
TRAIN,5hcafebs,151,7,8,10,1,1,0,5.46875,0.9958011507987976,0.2921304404735565,0.3287298381328583,6,-0.03659939765930176,14.324126243591309,2.8100483417510986,13.860541343688965
TRAIN,5hcafebs,151,8,9,10,1,0,1,-3.171875,0.04023794084787369,,,,,0.0,0.0,2.8216605186462402
TRAIN,5hcafebs,151,9,10,10,1,0,1,-5.71875,0.003273064736276865,,,,,0.0,0.0,2.8216605186462402
TRAIN,5hcafebs,152,0,1,10,1,0,1,-6.5,0.0015011823270469904,,,,,0.0,0.0,2.8216605186462402
TRAIN,5hcafebs,152,1,2,10,1,0,1,-6.28125,0.0018675660248845816,,,,,0.0,0.0,2.8216605186462402
TRAIN,5hcafebs,152,2,3,10,1,0,1,-3.8125,0.02161533385515213,,,,,0.0,0.0,2.8216605186462402
TRAIN,5hcafebs,152,3,4,10,1,0,1,-2.5,0.07585817575454712,,,,,0.0,0.0,2.8216605186462402
TRAIN,5hcafebs,152,4,5,10,1,0,1,-6.3125,0.0018102108733728528,,,,,0.0,0.0,2.8216605186462402
TRAIN,5hcafebs,152,5,6,10,1,0,1,-4.3125,0.013222821988165379,,,,,0.0,0.0,2.8216605186462402
TRAIN,5hcafebs,152,6,7,10,1,1,0,5.5,0.9959298968315125,0.27883344888687134,0.3037000298500061,6,-0.024866580963134766,13.644644737243652,2.8569233417510986,13.107601165771484
TRAIN,5hcafebs,152,7,8,10,1,1,0,5.8125,0.9970190525054932,0.2905418574810028,0.3210689425468445,6,-0.030527085065841675,14.032183647155762,2.7475483417510986,13.561939239501953
TRAIN,5hcafebs,152,8,9,10,1,0,1,-2.9375,0.05033063143491745,,,,,0.0,0.0,2.8216605186462402
TRAIN,5hcafebs,152,9,10,10,1,0,1,-5.53125,0.0039454069919884205,,,,,0.0,0.0,2.8216605186462402
TRAIN,5hcafebs,153,0,1,10,1,0,1,-7.1875,0.0007554056355729699,,,,,0.0,0.0,2.8216605186462402
TRAIN,5hcafebs,153,1,2,10,1,0,1,-7.0,0.0009110511746257544,,,,,0.0,0.0,2.8216605186462402
TRAIN,5hcafebs,153,2,3,10,1,0,1,-4.875,0.007577241398394108,,,,,0.0,0.0,2.8216605186462402
TRAIN,5hcafebs,153,3,4,10,1,0,1,-3.71875,0.023689469322562218,,,,,0.0,0.0,2.8216605186462402
TRAIN,5hcafebs,153,4,5,10,1,0,1,-7.0,0.0009110511746257544,,,,,0.0,0.0,2.8216605186462402
TRAIN,5hcafebs,153,5,6,10,1,0,1,-4.40625,0.0120537793263793,,,,,0.0,0.0,2.8216605186462402
TRAIN,5hcafebs,153,6,7,10,1,1,0,5.0,0.9933071732521057,0.24234704673290253,0.26806914806365967,6,-0.02572210133075714,13.499024391174316,2.6069233417510986,12.959203720092773
TRAIN,5hcafebs,153,7,8,10,1,1,0,5.25,0.9947799444198608,0.28737324476242065,0.33280134201049805,6,-0.04542809724807739,13.548876762390137,2.4506733417510986,12.941615104675293
TRAIN,5hcafebs,153,8,9,10,1,0,1,-3.328125,0.034618835896253586,,,,,0.0,0.0,2.8216605186462402
TRAIN,5hcafebs,153,9,10,10,1,0,1,-5.125,0.0059110685251653194,,,,,0.0,0.0,2.8216605186462402
TRAIN,5hcafebs,154,0,1,10,1,0,1,-6.875,0.0010322310263291001,,,,,0.0,0.0,2.8216605186462402
TRAIN,5hcafebs,154,1,2,10,1,0,1,-6.75,0.0011695103021338582,,,,,0.0,0.0,2.8216605186462402
TRAIN,5hcafebs,154,2,3,10,1,0,1,-3.4375,0.031143832951784134,,,,,0.0,0.0,2.8216605186462402
TRAIN,5hcafebs,154,3,4,10,1,0,1,-2.328125,0.08882029354572296,,,,,0.0,0.0,2.8216605186462402
TRAIN,5hcafebs,154,4,5,10,1,0,1,-6.875,0.0010322310263291001,,,,,0.0,0.0,2.8216605186462402
TRAIN,5hcafebs,154,5,6,10,1,0,1,-4.4375,0.011687257327139378,,,,,0.0,0.0,2.8216605186462402
TRAIN,5hcafebs,154,6,7,10,1,1,0,6.09375,0.9977481961250305,0.2136479616165161,0.2433096170425415,8,-0.02966165542602539,14.785139083862305,3.1850483417510986,14.39681625366211
TRAIN,5hcafebs,154,7,8,10,1,1,0,5.21875,0.9946150183677673,0.29501694440841675,0.3210907578468323,6,-0.026073813438415527,13.550716400146484,2.4662983417510986,12.96639633178711
TRAIN,5hcafebs,154,8,9,10,1,0,1,-3.421875,0.031618766486644745,,,,,0.0,0.0,2.8216605186462402
TRAIN,5hcafebs,154,9,10,10,1,0,1,-4.9375,0.00712142838165164,,,,,0.0,0.0,2.8216605186462402
TRAIN,5hcafebs,155,0,1,10,1,0,1,-6.5,0.0015011823270469904,,,,,0.0,0.0,2.8216605186462402
TRAIN,5hcafebs,155,1,2,10,1,0,1,-6.3125,0.0018102108733728528,,,,,0.0,0.0,2.8216605186462402
TRAIN,5hcafebs,155,2,3,10,1,0,1,-4.34375,0.012821214273571968,,,,,0.0,0.0,2.8216605186462402
TRAIN,5hcafebs,155,3,4,10,1,0,1,-2.828125,0.05582314357161522,,,,,0.0,0.0,2.8216605186462402
TRAIN,5hcafebs,155,4,5,10,1,0,1,-6.15625,0.002115703420713544,,,,,0.0,0.0,2.8216605186462402
TRAIN,5hcafebs,155,5,6,10,1,0,1,-4.0,0.01798621006309986,,,,,0.0,0.0,2.8216605186462402
TRAIN,5hcafebs,155,6,7,10,1,1,0,4.5,0.9890130758285522,0.24560651183128357,0.28335270285606384,6,-0.03774619102478027,12.547234535217285,2.26499342918396,11.780606269836426
TRAIN,5hcafebs,155,7,8,10,1,1,0,5.03125,0.9935117363929749,0.27637046575546265,0.31128594279289246,6,-0.03491547703742981,14.320005416870117,2.7319233417510986,13.75926685333252
TRAIN,5hcafebs,155,8,9,10,1,0,1,-3.515625,0.028870904818177223,,,,,0.0,0.0,2.8216605186462402
TRAIN,5hcafebs,155,9,10,10,1,0,1,-5.0625,0.00628990214318037,,,,,0.0,0.0,2.8216605186462402
TRAIN,5hcafebs,156,0,1,10,1,0,1,-6.34375,0.0017546144081279635,,,,,0.0,0.0,2.8216605186462402
TRAIN,5hcafebs,156,1,2,10,1,0,1,-6.34375,0.0017546144081279635,,,,,0.0,0.0,2.8216605186462402
TRAIN,5hcafebs,156,2,3,10,1,0,1,-3.90625,0.01971912756562233,,,,,0.0,0.0,2.8216605186462402
TRAIN,5hcafebs,156,3,4,10,1,0,1,-2.578125,0.07055959850549698,,,,,0.0,0.0,2.8216605186462402
TRAIN,5hcafebs,156,4,5,10,1,0,1,-6.25,0.0019267346942797303,,,,,0.0,0.0,2.8216605186462402
TRAIN,5hcafebs,156,5,6,10,1,0,1,-4.53125,0.01065251138061285,,,,,0.0,0.0,2.8216605186462402
TRAIN,5hcafebs,156,6,7,10,1,1,0,4.8125,0.9919379353523254,0.18647117912769318,0.21373067796230316,8,-0.027259498834609985,15.676300048828125,3.4037983417510986,15.313360214233398
TRAIN,5hcafebs,156,7,8,10,1,1,0,5.34375,0.9952448010444641,0.28176605701446533,0.30061569809913635,6,-0.01884964108467102,13.923179626464844,2.4975483417510986,13.364859580993652
TRAIN,5hcafebs,156,8,9,10,1,0,1,-3.609375,0.026355354115366936,,,,,0.0,0.0,2.8216605186462402
TRAIN,5hcafebs,156,9,10,10,1,0,1,-4.375,0.012431650422513485,,,,,0.0,0.0,2.8216605186462402
TRAIN,5hcafebs,157,0,1,10,1,0,1,-5.875,0.0028009270317852497,,,,,0.0,0.0,2.8216605186462402
TRAIN,5hcafebs,157,1,2,10,1,0,1,-5.5625,0.0038244836032390594,,,,,0.0,0.0,2.8216605186462402
TRAIN,5hcafebs,157,2,3,10,1,0,1,-3.15625,0.04084571450948715,,,,,0.0,0.0,2.8216605186462402
TRAIN,5hcafebs,157,3,4,10,1,0,1,-1.5078125,0.18126320838928223,,,,,0.0,0.0,2.8216605186462402
TRAIN,5hcafebs,157,4,5,10,1,0,1,-5.75,0.003172682598233223,,,,,0.0,0.0,2.8216605186462402
TRAIN,5hcafebs,157,5,6,10,1,0,1,-4.65625,0.009412589482963085,,,,,0.0,0.0,2.8216605186462402
TRAIN,5hcafebs,157,6,7,10,1,1,0,5.46875,0.9958011507987976,0.21078991889953613,0.2320544421672821,8,-0.02126452326774597,16.751930236816406,3.8412983417510986,16.44478988647461
TRAIN,5hcafebs,157,7,8,10,1,1,0,5.5625,0.9961755275726318,0.3034180700778961,0.34645164012908936,6,-0.04303357005119324,13.812281608581543,2.6225483417510986,13.117219924926758
TRAIN,5hcafebs,157,8,9,10,1,0,1,-3.421875,0.031618766486644745,,,,,0.0,0.0,2.8216605186462402
TRAIN,5hcafebs,157,9,10,10,1,0,1,-4.65625,0.009412589482963085,,,,,0.0,0.0,2.8216605186462402
TRAIN,5hcafebs,158,0,1,10,1,0,1,-6.09375,0.002251847181469202,,,,,0.0,0.0,2.8216605186462402
TRAIN,5hcafebs,158,1,2,10,1,0,1,-6.125,0.002182716503739357,,,,,0.0,0.0,2.8216605186462402
TRAIN,5hcafebs,158,2,3,10,1,0,1,-3.890625,0.020023440942168236,,,,,0.0,0.0,2.8216605186462402
TRAIN,5hcafebs,158,3,4,10,1,0,1,-1.7109375,0.15304215252399445,,,,,0.0,0.0,2.8216605186462402
TRAIN,5hcafebs,158,4,5,10,1,0,1,-6.25,0.0019267346942797303,,,,,0.0,0.0,2.8216605186462402
TRAIN,5hcafebs,158,5,6,10,1,0,1,-4.15625,0.015424552373588085,,,,,0.0,0.0,2.8216605186462402
TRAIN,5hcafebs,158,6,7,10,1,1,0,5.71875,0.9967268705368042,0.24550583958625793,0.26957282423973083,6,-0.0240669846534729,13.573426246643066,2.7631733417510986,12.935057640075684
TRAIN,5hcafebs,158,7,8,10,1,1,0,5.6875,0.9966233968734741,0.3577650487422943,0.3972226679325104,6,-0.039457619190216064,13.438621520996094,2.1175971031188965,12.539753913879395
TRAIN,5hcafebs,158,8,9,10,1,0,1,-3.28125,0.03622005507349968,,,,,0.0,0.0,2.8216605186462402
TRAIN,5hcafebs,158,9,10,10,1,0,1,-4.3125,0.013222821988165379,,,,,0.0,0.0,2.8216605186462402
TRAIN,5hcafebs,159,0,1,10,1,0,1,-6.0625,0.002323162741959095,,,,,0.0,0.0,2.8216605186462402
TRAIN,5hcafebs,159,1,2,10,1,0,1,-6.46875,0.0015487611526623368,,,,,0.0,0.0,2.8216605186462402
TRAIN,5hcafebs,159,2,3,10,1,0,1,-3.34375,0.034100424498319626,,,,,0.0,0.0,2.8216605186462402
TRAIN,5hcafebs,159,3,4,10,1,0,1,-1.7421875,0.1490352898836136,,,,,0.0,0.0,2.8216605186462402
TRAIN,5hcafebs,159,4,5,10,1,0,1,-6.09375,0.002251847181469202,,,,,0.0,0.0,2.8216605186462402
TRAIN,5hcafebs,159,5,6,10,1,0,1,-4.0,0.01798621006309986,,,,,0.0,0.0,2.8216605186462402
TRAIN,5hcafebs,159,6,7,10,1,1,0,5.71875,0.9967268705368042,0.21985048055648804,0.23676848411560059,6,-0.01691800355911255,13.680251121520996,2.5444233417510986,13.100921630859375
TRAIN,5hcafebs,159,7,8,10,1,1,0,5.6875,0.9966233968734741,0.2826284170150757,0.29420286417007446,6,-0.01157444715499878,13.604498863220215,2.6694233417510986,12.956371307373047
TRAIN,5hcafebs,159,8,9,10,1,0,1,-3.84375,0.020964240655303,,,,,0.0,0.0,2.8216605186462402
TRAIN,5hcafebs,159,9,10,10,1,0,1,-2.6875,0.06371499598026276,,,,,0.0,0.0,2.8216605186462402
TRAIN,5hcafebs,160,0,1,10,1,0,1,-6.09375,0.002251847181469202,,,,,0.0,0.0,2.8216605186462402
TRAIN,5hcafebs,160,1,2,10,1,0,1,-6.03125,0.0023967307060956955,,,,,0.0,0.0,2.8216605186462402
TRAIN,5hcafebs,160,2,3,10,1,0,1,-3.515625,0.028870904818177223,,,,,0.0,0.0,2.8216605186462402
TRAIN,5hcafebs,160,3,4,10,1,0,1,-2.25,0.09534945338964462,,,,,0.0,0.0,2.8216605186462402
TRAIN,5hcafebs,160,4,5,10,1,0,1,-5.5625,0.0038244836032390594,,,,,0.0,0.0,2.8216605186462402
TRAIN,5hcafebs,160,5,6,10,1,0,1,-4.15625,0.015424552373588085,,,,,0.0,0.0,2.8216605186462402
TRAIN,5hcafebs,160,6,7,10,1,1,0,5.3125,0.9950946569442749,0.17273390293121338,0.20441356301307678,8,-0.0316796600818634,14.89232349395752,3.0600483417510986,14.441657066345215
TRAIN,5hcafebs,160,7,8,10,1,1,0,6.5625,0.9985895752906799,0.3359510898590088,0.3704695403575897,6,-0.03451845049858093,14.576108932495117,2.3881733417510986,13.981322288513184
TRAIN,5hcafebs,160,8,9,10,1,0,1,-3.953125,0.018833130598068237,,,,,0.0,0.0,2.8216605186462402
TRAIN,5hcafebs,160,9,10,10,1,0,1,-3.25,0.037326887249946594,,,,,0.0,0.0,2.8216605186462402
TRAIN,5hcafebs,161,0,1,10,1,0,1,-6.21875,0.001987774157896638,,,,,0.0,0.0,2.8216605186462402
TRAIN,5hcafebs,161,1,2,10,1,0,1,-6.90625,0.0010005044750869274,,,,,0.0,0.0,2.8216605186462402
TRAIN,5hcafebs,161,2,3,10,1,0,1,-4.8125,0.008061991073191166,,,,,0.0,0.0,2.8216605186462402
TRAIN,5hcafebs,161,3,4,10,1,0,1,-3.078125,0.04401864856481552,,,,,0.0,0.0,2.8216605186462402
TRAIN,5hcafebs,161,4,5,10,1,0,1,-6.1875,0.0020507434383034706,,,,,0.0,0.0,2.8216605186462402
TRAIN,5hcafebs,161,5,6,10,1,0,1,-5.125,0.0059110685251653194,,,,,0.0,0.0,2.8216605186462402
TRAIN,5hcafebs,161,6,7,10,1,1,0,6.125,0.9978172779083252,0.29170092940330505,0.32987600564956665,6,-0.0381750762462616,12.53300952911377,2.23374342918396,11.592964172363281
TRAIN,5hcafebs,161,7,8,10,1,1,0,6.125,0.9978172779083252,0.3566652834415436,0.4157991111278534,6,-0.059133827686309814,10.435050010681152,1.5629096031188965,9.504829406738281
TRAIN,5hcafebs,161,8,9,10,1,0,1,-4.03125,0.017442485317587852,,,,,0.0,0.0,2.8216605186462402
TRAIN,5hcafebs,161,9,10,10,1,0,1,-4.125,0.01590639166533947,,,,,0.0,0.0,2.8216605186462402
TRAIN,5hcafebs,162,0,1,10,1,0,1,-6.15625,0.002115703420713544,,,,,0.0,0.0,2.8216605186462402
TRAIN,5hcafebs,162,1,2,10,1,0,1,-6.625,0.0013250223128125072,,,,,0.0,0.0,2.8216605186462402
TRAIN,5hcafebs,162,2,3,10,1,0,1,-4.28125,0.013636835850775242,,,,,0.0,0.0,2.8216605186462402
TRAIN,5hcafebs,162,3,4,10,1,0,1,-2.984375,0.048136770725250244,,,,,0.0,0.0,2.8216605186462402
TRAIN,5hcafebs,162,4,5,10,1,0,1,-6.09375,0.002251847181469202,,,,,0.0,0.0,2.8216605186462402
TRAIN,5hcafebs,162,5,6,10,1,0,1,-5.125,0.0059110685251653194,,,,,0.0,0.0,2.8216605186462402
TRAIN,5hcafebs,162,6,7,10,1,1,0,4.84375,0.9921841025352478,0.21282295882701874,0.2557976245880127,10,-0.04297466576099396,11.322129249572754,2.23374342918396,10.452656745910645
TRAIN,5hcafebs,162,7,8,10,1,1,0,6.125,0.9978172779083252,0.40562981367111206,0.3917831778526306,10,0.013846635818481445,11.650025367736816,1.9886257648468018,10.579545974731445
TRAIN,5hcafebs,162,8,9,10,1,0,1,-4.4375,0.011687257327139378,,,,,0.0,0.0,2.8216605186462402
TRAIN,5hcafebs,162,9,10,10,1,0,1,-4.59375,0.010013571009039879,,,,,0.0,0.0,2.8216605186462402
TRAIN,5hcafebs,163,0,1,10,1,0,1,-6.34375,0.0017546144081279635,,,,,0.0,0.0,2.8216605186462402
TRAIN,5hcafebs,163,1,2,10,1,0,1,-6.53125,0.0014550630003213882,,,,,0.0,0.0,2.8216605186462402
TRAIN,5hcafebs,163,2,3,10,1,0,1,-4.15625,0.015424552373588085,,,,,0.0,0.0,2.8216605186462402
TRAIN,5hcafebs,163,3,4,10,1,0,1,-2.53125,0.07369627058506012,,,,,0.0,0.0,2.8216605186462402
TRAIN,5hcafebs,163,4,5,10,1,0,1,-5.8125,0.0029810327105224133,,,,,0.0,0.0,2.8216605186462402
TRAIN,5hcafebs,163,5,6,10,1,0,1,-4.84375,0.007815888151526451,,,,,0.0,0.0,2.8216605186462402
TRAIN,5hcafebs,163,6,7,10,1,1,0,5.53125,0.9960545301437378,0.19800172746181488,0.2418602854013443,8,-0.04385855793952942,12.118204116821289,2.422471046447754,11.34470272064209
TRAIN,5hcafebs,163,7,8,10,1,1,0,7.71875,0.999555766582489,0.44176140427589417,0.42867138981819153,10,0.013090014457702637,11.864001274108887,1.984971046447754,10.709270477294922
TRAIN,5hcafebs,163,8,9,10,1,0,1,-4.5625,0.010328153148293495,,,,,0.0,0.0,2.8216605186462402
TRAIN,5hcafebs,163,9,10,10,1,0,1,-5.125,0.0059110685251653194,,,,,0.0,0.0,2.8216605186462402
TRAIN,5hcafebs,164,0,1,10,1,0,1,-6.40625,0.0016484829830005765,,,,,0.0,0.0,2.8216605186462402
TRAIN,5hcafebs,164,1,2,10,1,0,1,-5.34375,0.004755199886858463,,,,,0.0,0.0,2.8216605186462402
TRAIN,5hcafebs,164,2,3,10,1,0,1,-2.21875,0.09807931631803513,,,,,0.0,0.0,2.8216605186462402
TRAIN,5hcafebs,164,3,4,10,1,1,0,0.8984375,0.7106282711029053,-0.08586466312408447,0.27256128191947937,10,-0.35842594504356384,11.46768569946289,2.2239205837249756,10.87548542022705
TRAIN,5hcafebs,164,4,5,10,1,0,1,-2.5625,0.07159119844436646,,,,,0.0,0.0,2.8216605186462402
TRAIN,5hcafebs,164,5,6,10,1,0,1,-3.828125,0.021287351846694946,,,,,0.0,0.0,2.8216605186462402
TRAIN,5hcafebs,164,6,7,10,1,1,0,4.75,0.9914224743843079,0.34821489453315735,0.3942083716392517,8,-0.04599347710609436,11.480551719665527,2.01499342918396,10.46414852142334
TRAIN,5hcafebs,164,7,8,10,1,1,0,7.78125,0.9995827078819275,0.37642723321914673,0.3683294951915741,10,0.008097738027572632,10.928415298461914,2.031846046447754,9.802807807922363
TRAIN,5hcafebs,164,8,9,10,1,0,1,-4.03125,0.017442485317587852,,,,,0.0,0.0,2.8216605186462402
TRAIN,5hcafebs,164,9,10,10,1,0,1,-5.25,0.005220125429332256,,,,,0.0,0.0,2.8216605186462402
TRAIN,5hcafebs,165,0,1,10,1,0,1,-6.1875,0.0020507434383034706,,,,,0.0,0.0,2.8216605186462402
TRAIN,5hcafebs,165,1,2,10,1,0,1,-6.46875,0.0015487611526623368,,,,,0.0,0.0,2.8216605186462402
TRAIN,5hcafebs,165,2,3,10,1,0,1,-2.28125,0.09268777817487717,,,,,0.0,0.0,2.8216605186462402
TRAIN,5hcafebs,165,3,4,10,1,1,0,2.46875,0.9219217896461487,-0.2672565281391144,0.4331623911857605,9,-0.7004189491271973,14.697031021118164,2.44468092918396,13.689216613769531
TRAIN,5hcafebs,165,4,5,10,1,0,1,-3.34375,0.034100424498319626,,,,,0.0,0.0,2.8216605186462402
TRAIN,5hcafebs,165,5,6,10,1,0,1,-4.78125,0.008315778337419033,,,,,0.0,0.0,2.8216605186462402
TRAIN,5hcafebs,165,6,7,10,1,1,0,5.1875,0.9944451451301575,0.23619699478149414,0.3163250684738159,8,-0.08012807369232178,13.020951271057129,2.1605007648468018,12.294429779052734
TRAIN,5hcafebs,165,7,8,10,1,1,0,8.5625,0.9998089671134949,0.35470113158226013,0.35432523488998413,6,0.000375896692276001,12.150959014892578,2.0238471031188965,11.338873863220215
TRAIN,5hcafebs,165,8,9,10,1,0,1,-4.21875,0.014503579586744308,,,,,0.0,0.0,2.8216605186462402
TRAIN,5hcafebs,165,9,10,10,1,0,1,-5.28125,0.005060331895947456,,,,,0.0,0.0,2.8216605186462402
TRAIN,5hcafebs,166,0,1,10,1,0,1,-5.0625,0.00628990214318037,,,,,0.0,0.0,2.8216605186462402
TRAIN,5hcafebs,166,1,2,10,1,0,1,-5.9375,0.0026316740550100803,,,,,0.0,0.0,2.8216605186462402
TRAIN,5hcafebs,166,2,3,10,1,1,0,1.3984375,0.8019358515739441,-0.1578207015991211,0.3802855908870697,9,-0.5381063222885132,15.365869522094727,2.7679662704467773,14.66582202911377
TRAIN,5hcafebs,166,3,4,10,1,1,0,3.265625,0.963230550289154,-0.13842102885246277,0.3546333909034729,6,-0.49305441975593567,16.600048065185547,3.5756733417510986,15.972564697265625
TRAIN,5hcafebs,166,4,5,10,1,0,1,-3.75,0.022977370768785477,,,,,0.0,0.0,2.8216605186462402
TRAIN,5hcafebs,166,5,6,10,1,0,1,-4.5625,0.010328153148293495,,,,,0.0,0.0,2.8216605186462402
TRAIN,5hcafebs,166,6,7,10,1,1,0,5.03125,0.9935117363929749,0.21645018458366394,0.2600575387477875,8,-0.043607354164123535,12.721521377563477,2.5756733417510986,11.974115371704102
TRAIN,5hcafebs,166,7,8,10,1,1,0,8.3125,0.9997546076774597,0.3270150423049927,0.3211001455783844,10,0.005914896726608276,11.824419975280762,2.352158546447754,10.869315147399902
TRAIN,5hcafebs,166,8,9,10,1,0,1,-4.3125,0.013222821988165379,,,,,0.0,0.0,2.8216605186462402
TRAIN,5hcafebs,166,9,10,10,1,0,1,-5.0625,0.00628990214318037,,,,,0.0,0.0,2.8216605186462402
TRAIN,5hcafebs,167,0,1,10,1,0,1,-5.4375,0.004331501666456461,,,,,0.0,0.0,2.8216605186462402
TRAIN,5hcafebs,167,1,2,10,1,0,1,-6.125,0.002182716503739357,,,,,0.0,0.0,2.8216605186462402
TRAIN,5hcafebs,167,2,3,10,1,1,0,2.453125,0.9207897186279297,-0.17418383061885834,0.3840133547782898,8,-0.5581972002983093,14.180827140808105,2.6274333000183105,13.414469718933105
TRAIN,5hcafebs,167,3,4,10,1,1,0,2.984375,0.9518632292747498,-0.0914556086063385,0.2836330533027649,6,-0.3750886619091034,14.229626655578613,3.0600483417510986,13.691391944885254
TRAIN,5hcafebs,167,4,5,10,1,0,1,-4.34375,0.012821214273571968,,,,,0.0,0.0,2.8216605186462402
TRAIN,5hcafebs,167,5,6,10,1,0,1,-4.25,0.014063628390431404,,,,,0.0,0.0,2.8216605186462402
TRAIN,5hcafebs,167,6,7,10,1,1,0,5.09375,0.9939024448394775,0.21573559939861298,0.25179746747016907,8,-0.03606186807155609,14.128166198730469,2.9506733417510986,13.508187294006348
TRAIN,5hcafebs,167,7,8,10,1,1,0,8.6875,0.9998313188552856,0.36096522212028503,0.40187129378318787,6,-0.04090607166290283,11.533686637878418,2.1537983417510986,10.755722999572754
TRAIN,5hcafebs,167,8,9,10,1,0,1,-4.09375,0.01640303246676922,,,,,0.0,0.0,2.8216605186462402
TRAIN,5hcafebs,167,9,10,10,1,0,1,-4.71875,0.008847354911267757,,,,,0.0,0.0,2.8216605186462402
TRAIN,5hcafebs,168,0,1,10,1,0,1,-5.5,0.00407013762742281,,,,,0.0,0.0,2.8216605186462402
TRAIN,5hcafebs,168,1,2,10,1,0,1,-5.125,0.0059110685251653194,,,,,0.0,0.0,2.8216605186462402
TRAIN,5hcafebs,168,2,3,10,1,1,0,3.0,0.9525741338729858,-0.10181286185979843,0.30222418904304504,9,-0.4040370583534241,14.12899112701416,2.7787983417510986,13.560070991516113
TRAIN,5hcafebs,168,3,4,10,1,1,0,3.3125,0.9648551344871521,-0.15646006166934967,0.34803465008735657,6,-0.5044947266578674,15.614569664001465,3.0131733417510986,14.92237377166748
TRAIN,5hcafebs,168,4,5,10,1,0,1,-4.65625,0.009412589482963085,,,,,0.0,0.0,2.8216605186462402
TRAIN,5hcafebs,168,5,6,10,1,0,1,-3.296875,0.035678550601005554,,,,,0.0,0.0,2.8216605186462402
TRAIN,5hcafebs,168,6,7,10,1,1,0,4.78125,0.9916841983795166,0.2664192020893097,0.3068293333053589,8,-0.040410131216049194,11.899942398071289,2.0756733417510986,11.141401290893555
TRAIN,5hcafebs,168,7,8,10,1,1,0,8.8125,0.9998511075973511,0.34689244627952576,0.35326486825942993,6,-0.006372421979904175,11.161616325378418,2.070908546447754,10.109395027160645
TRAIN,5hcafebs,168,8,9,10,1,0,1,-3.734375,0.023330770432949066,,,,,0.0,0.0,2.8216605186462402
TRAIN,5hcafebs,168,9,10,10,1,0,1,-4.125,0.01590639166533947,,,,,0.0,0.0,2.8216605186462402
TRAIN,5hcafebs,169,0,1,10,1,0,1,-5.96875,0.0025509123224765062,,,,,0.0,0.0,2.8216605186462402
TRAIN,5hcafebs,169,1,2,10,1,0,1,-5.8125,0.0029810327105224133,,,,,0.0,0.0,2.8216605186462402
TRAIN,5hcafebs,169,2,3,10,1,1,0,3.40625,0.9678993225097656,-0.09586960822343826,0.35937848687171936,6,-0.455248087644577,15.643970489501953,2.7944233417510986,15.11926555633545
TRAIN,5hcafebs,169,3,4,10,1,1,0,3.53125,0.971563994884491,-0.09033948928117752,0.32129737734794617,6,-0.4116368591785431,15.375269889831543,3.3256733417510986,14.861380577087402
TRAIN,5hcafebs,169,4,5,10,1,0,1,-4.84375,0.007815888151526451,,,,,0.0,0.0,2.8216605186462402
TRAIN,5hcafebs,169,5,6,10,1,0,1,-2.296875,0.09138210862874985,,,,,0.0,0.0,2.8216605186462402
TRAIN,5hcafebs,169,6,7,10,1,1,0,5.25,0.9947799444198608,0.16247612237930298,0.1960073560476303,8,-0.03353123366832733,13.283238410949707,2.6850483417510986,12.685659408569336
TRAIN,5hcafebs,169,7,8,10,1,1,0,8.375,0.9997695088386536,0.3056715726852417,0.3187670111656189,6,-0.013095438480377197,12.18526840209961,2.219346046447754,11.35526180267334
TRAIN,5hcafebs,169,8,9,10,1,0,1,-4.21875,0.014503579586744308,,,,,0.0,0.0,2.8216605186462402
TRAIN,5hcafebs,169,9,10,10,1,0,1,-3.828125,0.021287351846694946,,,,,0.0,0.0,2.8216605186462402
TRAIN,5hcafebs,170,0,1,10,1,0,1,-6.21875,0.001987774157896638,,,,,0.0,0.0,2.8216605186462402
TRAIN,5hcafebs,170,1,2,10,1,0,1,-3.609375,0.026355354115366936,,,,,0.0,0.0,2.8216605186462402
TRAIN,5hcafebs,170,2,3,10,1,1,0,3.15625,0.9591543078422546,-0.07908184081315994,0.3113185167312622,6,-0.39040035009384155,15.128096580505371,2.6069233417510986,14.641155242919922
TRAIN,5hcafebs,170,3,4,10,1,1,0,3.21875,0.961533784866333,-0.13578864932060242,0.2755729854106903,6,-0.4113616347312927,13.499238967895508,2.7162983417510986,12.823457717895508
TRAIN,5hcafebs,170,4,5,10,1,0,1,-4.71875,0.008847354911267757,,,,,0.0,0.0,2.8216605186462402
TRAIN,5hcafebs,170,5,6,10,1,0,1,-1.8125,0.14033624529838562,,,,,0.0,0.0,2.8216605186462402
TRAIN,5hcafebs,170,6,7,10,1,1,0,5.375,0.9953904151916504,0.20618553459644318,0.2558630704879761,8,-0.0496775358915329,13.436954498291016,2.6225483417510986,12.740387916564941
TRAIN,5hcafebs,170,7,8,10,1,1,0,7.65625,0.9995272159576416,0.2557569444179535,0.2789100706577301,6,-0.02315312623977661,12.175790786743164,2.524033546447754,11.395185470581055
TRAIN,5hcafebs,170,8,9,10,1,1,0,0.333984375,0.5827285051345825,0.31929847598075867,0.3361126184463501,1,-0.01681414246559143,11.195273399353027,2.0148322582244873,10.926721572875977
TRAIN,5hcafebs,170,9,10,10,1,0,1,-4.125,0.01590639166533947,,,,,0.0,0.0,2.8216605186462402
TRAIN,5hcafebs,171,0,1,10,1,0,1,-6.46875,0.0015487611526623368,,,,,0.0,0.0,2.8216605186462402
TRAIN,5hcafebs,171,1,2,10,1,0,1,-3.140625,0.04146226868033409,,,,,0.0,0.0,2.8216605186462402
TRAIN,5hcafebs,171,2,3,10,1,1,0,3.5,0.970687747001648,-0.06936201453208923,0.31537243723869324,8,-0.38473445177078247,14.172493934631348,2.7073757648468018,13.694429397583008
TRAIN,5hcafebs,171,3,4,10,1,1,0,3.515625,0.9711290597915649,-0.15458230674266815,0.34671756625175476,6,-0.5012998580932617,13.88935375213623,2.5912983417510986,13.170533180236816
TRAIN,5hcafebs,171,4,5,10,1,0,1,-3.8125,0.02161533385515213,,,,,0.0,0.0,2.8216605186462402
TRAIN,5hcafebs,171,5,6,10,1,1,0,3.140625,0.9585376977920532,0.36956894397735596,0.38806846737861633,8,-0.018499523401260376,12.601808547973633,1.9361157417297363,11.620767593383789
TRAIN,5hcafebs,171,6,7,10,1,1,0,5.40625,0.9955315589904785,0.2768810987472534,0.3299770653247833,8,-0.05309596657752991,13.436838150024414,2.3948757648468018,12.609180450439453
TRAIN,5hcafebs,171,7,8,10,1,1,0,7.75,0.9995694756507874,0.3169857859611511,0.32451164722442627,6,-0.0075258612632751465,11.983996391296387,2.0707221031188965,11.074304580688477
TRAIN,5hcafebs,171,8,9,10,1,1,0,0.73046875,0.6749081611633301,0.2786184251308441,0.2873433232307434,6,-0.008724898099899292,12.738448143005371,2.3585822582244873,12.218587875366211
TRAIN,5hcafebs,171,9,10,10,1,0,1,-4.5625,0.010328153148293495,,,,,0.0,0.0,2.8216605186462402
TRAIN,5hcafebs,172,0,1,10,1,0,1,-5.0,0.006692850962281227,,,,,0.0,0.0,2.8216605186462402
TRAIN,5hcafebs,172,1,2,10,1,0,1,-3.765625,0.02262919954955578,,,,,0.0,0.0,2.8216605186462402
TRAIN,5hcafebs,172,2,3,10,1,1,0,3.015625,0.9532750844955444,-0.05798635259270668,0.33749133348464966,6,-0.39547768235206604,11.74777603149414,2.0198757648468018,11.241436004638672
TRAIN,5hcafebs,172,3,4,10,1,1,0,3.09375,0.9566342234611511,-0.23911944031715393,0.39794331789016724,6,-0.6370627880096436,13.300700187683105,2.2894721031188965,12.340742111206055
TRAIN,5hcafebs,172,4,5,10,1,0,1,-3.984375,0.018264278769493103,,,,,0.0,0.0,2.8216605186462402
TRAIN,5hcafebs,172,5,6,10,1,1,0,3.5,0.970687747001648,0.30332309007644653,0.3024504780769348,8,0.0008726119995117188,14.531335830688477,2.7944233417510986,13.902668952941895
TRAIN,5hcafebs,172,6,7,10,1,1,0,5.75,0.9968273043632507,0.25702762603759766,0.335194855928421,8,-0.07816722989082336,13.327713966369629,2.3323757648468018,12.598902702331543
TRAIN,5hcafebs,172,7,8,10,1,1,0,7.53125,0.999464213848114,0.25865399837493896,0.2557484805583954,6,0.002905517816543579,13.874053001403809,2.680283546447754,13.185857772827148
TRAIN,5hcafebs,172,8,9,10,1,1,0,1.59375,0.8311430811882019,0.3710353374481201,0.3599313497543335,6,0.011103987693786621,12.455314636230469,1.9601446390151978,11.724798202514648
TRAIN,5hcafebs,172,9,10,10,1,0,1,-2.421875,0.08151976019144058,,,,,0.0,0.0,2.8216605186462402
TRAIN,5hcafebs,173,0,1,10,1,0,1,-4.125,0.01590639166533947,,,,,0.0,0.0,2.8216605186462402
TRAIN,5hcafebs,173,1,2,10,1,0,1,-3.453125,0.030675802379846573,,,,,0.0,0.0,2.8216605186462402
TRAIN,5hcafebs,173,2,3,10,1,1,0,2.671875,0.9353464841842651,-0.047901347279548645,0.3302174210548401,6,-0.37811875343322754,12.003363609313965,2.1605007648468018,11.532625198364258
TRAIN,5hcafebs,173,3,4,10,1,1,0,3.34375,0.9658995866775513,-0.14997117221355438,0.2918742001056671,6,-0.4418453574180603,13.784921646118164,2.6850483417510986,13.076512336730957
TRAIN,5hcafebs,173,4,5,10,1,0,1,-3.671875,0.024798160418868065,,,,,0.0,0.0,2.8216605186462402
TRAIN,5hcafebs,173,5,6,10,1,1,0,3.96875,0.9814534187316895,0.31053346395492554,0.30876678228378296,9,0.0017666816711425781,16.452417373657227,3.7944233417510986,16.007360458374023
TRAIN,5hcafebs,173,6,7,10,1,1,0,5.4375,0.9956685304641724,0.15144672989845276,0.2155769169330597,8,-0.06413018703460693,15.796757698059082,3.0287983417510986,15.29206371307373
TRAIN,5hcafebs,173,7,8,10,1,1,0,6.5625,0.9985895752906799,0.26168301701545715,0.2500097453594208,6,0.011673271656036377,13.674664497375488,2.742783546447754,12.916664123535156
TRAIN,5hcafebs,173,8,9,10,1,1,0,2.546875,0.9273632764816284,0.3398846387863159,0.34266605973243713,8,-0.002781420946121216,14.41952896118164,2.44118070602417,13.721536636352539
TRAIN,5hcafebs,173,9,10,10,1,1,0,0.25,0.562176525592804,0.2500770688056946,0.2671556770801544,2,-0.01707860827445984,12.964479446411133,2.1867072582244873,12.769283294677734
TRAIN,5hcafebs,174,0,1,10,1,1,0,2.9375,0.949669361114502,0.43142378330230713,0.45115646719932556,8,-0.019732683897018433,13.26510238647461,2.166534423828125,12.157670974731445
TRAIN,5hcafebs,174,1,2,10,1,0,1,-2.6875,0.06371499598026276,,,,,0.0,0.0,2.8216605186462402
TRAIN,5hcafebs,174,2,3,10,1,1,0,3.0,0.9525741338729858,-0.07061436027288437,0.3037237226963043,8,-0.3743380904197693,12.466835975646973,2.2386257648468018,11.945704460144043
TRAIN,5hcafebs,174,3,4,10,1,1,0,3.328125,0.9653811454772949,-0.14423033595085144,0.30564987659454346,6,-0.4498802125453949,13.312256813049316,2.4662983417510986,12.609175682067871
TRAIN,5hcafebs,174,4,5,10,1,0,1,-4.375,0.012431650422513485,,,,,0.0,0.0,2.8216605186462402
TRAIN,5hcafebs,174,5,6,10,1,1,0,3.78125,0.9777138829231262,0.26934945583343506,0.26936572790145874,8,-1.627206802368164e-05,16.114587783813477,3.4662983417510986,15.681114196777344
TRAIN,5hcafebs,174,6,7,10,1,1,0,5.4375,0.9956685304641724,0.24968530237674713,0.32766732573509216,8,-0.07798202335834503,12.302309036254883,2.164658546447754,11.533844947814941
TRAIN,5hcafebs,174,7,8,10,1,1,0,6.46875,0.9984512329101562,0.3085212707519531,0.29006892442703247,10,0.018452346324920654,13.523127555847168,2.524033546447754,12.694863319396973
TRAIN,5hcafebs,174,8,9,10,1,1,0,2.953125,0.9504110217094421,0.3930559754371643,0.3894786536693573,6,0.003577321767807007,14.069783210754395,2.477158546447754,13.147793769836426
TRAIN,5hcafebs,174,9,10,10,1,1,0,0.392578125,0.5969031453132629,0.199294775724411,0.22743621468544006,2,-0.028141438961029053,14.636758804321289,2.5912983417510986,14.551915168762207
TRAIN,5hcafebs,175,0,1,10,1,1,0,4.96875,0.9930961728096008,0.39583301544189453,0.4095592498779297,8,-0.013726234436035156,13.550050735473633,2.2162983417510986,12.641632080078125
TRAIN,5hcafebs,175,1,2,10,1,0,1,-1.4609375,0.188323974609375,,,,,0.0,0.0,2.8216605186462402
TRAIN,5hcafebs,175,2,3,10,1,1,0,3.3125,0.9648551344871521,-0.18079960346221924,0.3365524113178253,8,-0.5173519849777222,13.19180965423584,2.7073757648468018,12.386445999145508
TRAIN,5hcafebs,175,3,4,10,1,1,0,3.296875,0.9643214344978333,-0.12256504595279694,0.2589113712310791,8,-0.38147640228271484,11.973140716552734,2.24155592918396,11.295208930969238
TRAIN,5hcafebs,175,4,5,10,1,0,1,-2.140625,0.10521054267883301,,,,,0.0,0.0,2.8216605186462402
TRAIN,5hcafebs,175,5,6,10,1,1,0,4.125,0.9840936064720154,0.3009238541126251,0.29569974541664124,9,0.005224108695983887,15.611104011535645,3.4662983417510986,15.15216064453125
TRAIN,5hcafebs,175,6,7,10,1,1,0,6.09375,0.9977481961250305,0.17720842361450195,0.24459509551525116,8,-0.0673866719007492,14.432928085327148,2.7475483417510986,13.84927749633789
TRAIN,5hcafebs,175,7,8,10,1,1,0,6.625,0.9986749291419983,0.3079529106616974,0.30671343207359314,6,0.001239478588104248,11.962390899658203,2.297471046447754,11.089232444763184
TRAIN,5hcafebs,175,8,9,10,1,1,0,3.15625,0.9591543078422546,0.3357652723789215,0.34041890501976013,6,-0.004653632640838623,12.983931541442871,2.4506733417510986,12.24767780303955
TRAIN,5hcafebs,175,9,10,10,1,1,0,1.0703125,0.7446563243865967,0.24138015508651733,0.2813341021537781,2,-0.03995394706726074,13.423314094543457,2.8881733417510986,13.414185523986816
TRAIN,5hcafebs,176,0,1,10,1,1,0,5.5,0.9959298968315125,0.3423149883747101,0.3433678448200226,8,-0.0010528564453125,13.055438041687012,2.375596046447754,12.114517211914062
TRAIN,5hcafebs,176,1,2,10,1,0,1,-1.1171875,0.2465333193540573,,,,,0.0,0.0,2.8216605186462402
TRAIN,5hcafebs,176,2,3,10,1,1,0,3.75,0.977022647857666,-0.07682284712791443,0.32757875323295593,8,-0.40440160036087036,12.379073143005371,2.1292507648468018,11.838383674621582
TRAIN,5hcafebs,176,3,4,10,1,1,0,3.5,0.970687747001648,-0.18400202691555023,0.34500518441200256,6,-0.5290071964263916,13.381734848022461,2.5600483417510986,12.57197380065918
TRAIN,5hcafebs,176,4,5,10,1,0,1,-0.953125,0.2782568037509918,,,,,0.0,0.0,2.8216605186462402
TRAIN,5hcafebs,176,5,6,10,1,1,0,3.8125,0.9783847332000732,0.3142257332801819,0.3016784191131592,1,0.012547314167022705,14.43761920928955,2.6069233417510986,13.692960739135742
TRAIN,5hcafebs,176,6,7,10,1,1,0,5.6875,0.9966233968734741,0.32081982493400574,0.3665395975112915,9,-0.04571977257728577,12.176039695739746,2.0823757648468018,11.263898849487305
TRAIN,5hcafebs,176,7,8,10,1,1,0,6.6875,0.9987550973892212,0.30996060371398926,0.3202676773071289,6,-0.010307073593139648,11.42184066772461,2.141221046447754,10.521864891052246
TRAIN,5hcafebs,176,8,9,10,1,1,0,3.25,0.9626730680465698,0.31343019008636475,0.31294530630111694,6,0.00048488378524780273,14.615422248840332,2.836533546447754,13.850811958312988
TRAIN,5hcafebs,176,9,10,10,1,1,0,1.0703125,0.7446563243865967,0.19779866933822632,0.21885663270950317,2,-0.021057963371276855,14.077064514160156,2.5789763927459717,13.865662574768066
TRAIN,5hcafebs,177,0,1,10,1,1,0,5.46875,0.9958011507987976,0.3300800025463104,0.3271320164203644,6,0.002947986125946045,12.983076095581055,2.3569233417510986,12.136852264404297
TRAIN,5hcafebs,177,1,2,10,1,1,0,0.9140625,0.7138307690620422,0.3287973403930664,0.34567293524742126,1,-0.01687559485435486,12.197547912597656,1.817670464515686,11.510466575622559
TRAIN,5hcafebs,177,2,3,10,1,1,0,3.90625,0.9802808165550232,-0.2091173380613327,0.38736581802368164,9,-0.5964831709861755,13.656739234924316,2.4144721031188965,12.785027503967285
TRAIN,5hcafebs,177,3,4,10,1,1,0,3.515625,0.9711290597915649,-0.1511058211326599,0.31305232644081116,6,-0.46415814757347107,13.963296890258789,2.7006733417510986,13.255504608154297
TRAIN,5hcafebs,177,4,5,10,1,0,1,-0.73828125,0.32338011264801025,,,,,0.0,0.0,2.8216605186462402
TRAIN,5hcafebs,177,5,6,10,1,1,0,3.703125,0.9759464263916016,0.21668128669261932,0.2090778946876526,8,0.007603392004966736,15.703811645507812,3.3569233417510986,15.259846687316895
TRAIN,5hcafebs,177,6,7,10,1,1,0,5.6875,0.9966233968734741,0.19893872737884521,0.26225557923316956,8,-0.06331685185432434,15.21742057800293,3.1069233417510986,14.761631965637207
TRAIN,5hcafebs,177,7,8,10,1,1,0,6.4375,0.9984021782875061,0.3139795958995819,0.31611475348472595,6,-0.002135157585144043,12.29644775390625,2.219346046447754,11.444561004638672
TRAIN,5hcafebs,177,8,9,10,1,1,0,3.59375,0.9732407331466675,0.3444744646549225,0.345613569021225,6,-0.0011391043663024902,13.577959060668945,2.570908546447754,12.74409294128418
TRAIN,5hcafebs,177,9,10,10,1,1,0,1.2265625,0.7732163667678833,0.1844397932291031,0.20709191262722015,2,-0.022652119398117065,15.579161643981934,3.0444233417510986,15.55173397064209
TRAIN,5hcafebs,178,0,1,10,1,1,0,5.53125,0.9960545301437378,0.2962556779384613,0.3104804754257202,8,-0.014224797487258911,12.055941581726074,2.227158546447754,11.224305152893066
TRAIN,5hcafebs,178,1,2,10,1,1,0,1.765625,0.8539127111434937,0.3344157934188843,0.3323114812374115,6,0.0021043121814727783,12.298250198364258,2.19468092918396,11.319272994995117
TRAIN,5hcafebs,178,2,3,10,1,1,0,3.9375,0.9808759689331055,-0.03179330378770828,0.2809811234474182,8,-0.3127744197845459,14.08300495147705,2.9886257648468018,13.70801830291748
TRAIN,5hcafebs,178,3,4,10,1,1,0,2.09375,0.8902942538261414,-0.1686815470457077,0.35629791021347046,6,-0.5249794721603394,9.316444396972656,1.4673657417297363,8.415657997131348
TRAIN,5hcafebs,178,4,5,10,1,0,1,-0.76171875,0.3182732164859772,,,,,0.0,0.0,2.8216605186462402
TRAIN,5hcafebs,178,5,6,10,1,1,0,3.78125,0.9777138829231262,0.28202515840530396,0.2745557725429535,1,0.007469385862350464,13.625910758972168,2.4975483417510986,12.865217208862305
TRAIN,5hcafebs,178,6,7,10,1,1,0,5.6875,0.9966233968734741,0.29604390263557434,0.4058353900909424,8,-0.10979148745536804,13.305625915527344,2.3011257648468018,12.449054718017578
TRAIN,5hcafebs,178,7,8,10,1,1,0,5.625,0.9964063763618469,0.350661963224411,0.34758010506629944,10,0.0030818581581115723,12.413238525390625,2.078721046447754,11.556791305541992
TRAIN,5hcafebs,178,8,9,10,1,1,0,3.625,0.9740425944328308,0.2654109299182892,0.27698245644569397,6,-0.011571526527404785,14.17155933380127,2.820908546447754,13.39560604095459
TRAIN,5hcafebs,178,9,10,10,1,1,0,1.5859375,0.8300437331199646,0.2670542597770691,0.29151174426078796,9,-0.024457484483718872,13.769874572753906,2.8256733417510986,13.541237831115723
TRAIN,5hcafebs,179,0,1,10,1,1,0,5.71875,0.9967268705368042,0.33093100786209106,0.3368449807167053,6,-0.005913972854614258,13.16921615600586,2.313096046447754,12.29462718963623
TRAIN,5hcafebs,179,1,2,10,1,1,0,2.28125,0.907312273979187,0.2812381684780121,0.35849228501319885,6,-0.07725411653518677,11.808554649353027,1.9819234609603882,10.963602066040039
TRAIN,5hcafebs,179,2,3,10,1,1,0,4.1875,0.985042929649353,-0.10165074467658997,0.3277646601200104,6,-0.42941540479660034,12.023418426513672,2.1019721031188965,11.40433120727539
TRAIN,5hcafebs,179,3,4,10,1,1,0,3.515625,0.9711290597915649,-0.22248739004135132,0.3410358130931854,8,-0.5635231733322144,11.881668090820312,2.0198757648468018,10.931038856506348
TRAIN,5hcafebs,179,4,5,10,1,1,0,1.78125,0.8558511734008789,0.35391196608543396,0.4017123878002167,8,-0.047800421714782715,11.689946174621582,1.981732964515686,10.707246780395508
TRAIN,5hcafebs,179,5,6,10,1,1,0,3.9375,0.9808759689331055,0.2579094469547272,0.24149967730045319,1,0.016409769654273987,14.568737983703613,2.9350483417510986,14.006911277770996
TRAIN,5hcafebs,179,6,7,10,1,1,0,4.40625,0.9879462122917175,0.35043373703956604,0.4172162413597107,8,-0.06678250432014465,11.837854385375977,1.9321209192276,10.961031913757324
TRAIN,5hcafebs,179,7,8,10,1,1,0,1.265625,0.7799928784370422,0.3191911280155182,0.33068063855171204,6,-0.011489510536193848,11.326665878295898,1.9134308099746704,10.493548393249512
TRAIN,5hcafebs,179,8,9,10,1,1,0,3.75,0.977022647857666,0.3283756971359253,0.34844598174095154,6,-0.020070284605026245,12.822892189025879,2.3100483417510986,11.99496841430664
TRAIN,5hcafebs,179,9,10,10,1,1,0,1.7734375,0.854884684085846,0.2447599321603775,0.2709728479385376,2,-0.026212915778160095,14.005352973937988,3.1069233417510986,13.922409057617188
TRAIN,5hcafebs,180,0,1,10,1,1,0,5.6875,0.9966233968734741,0.3240930736064911,0.3431130349636078,8,-0.0190199613571167,12.502102851867676,2.274033546447754,11.603804588317871
TRAIN,5hcafebs,180,1,2,10,1,1,0,2.453125,0.9207897186279297,0.26973414421081543,0.29124000668525696,6,-0.02150586247444153,11.8826322555542,2.1537983417510986,11.17712116241455
TRAIN,5hcafebs,180,2,3,10,1,1,0,3.90625,0.9802808165550232,-0.10365461558103561,0.38224172592163086,6,-0.48589634895324707,12.66927719116211,2.1644721031188965,12.062049865722656
TRAIN,5hcafebs,180,3,4,10,1,1,0,4.6875,0.9908744096755981,-0.22959062457084656,0.37511831521987915,6,-0.6047089099884033,13.66363525390625,2.3011257648468018,12.736970901489258
TRAIN,5hcafebs,180,4,5,10,1,0,1,-0.384765625,0.40497803688049316,,,,,0.0,0.0,2.8216605186462402
TRAIN,5hcafebs,180,5,6,10,1,1,0,3.859375,0.9793540239334106,0.246410071849823,0.24790039658546448,8,-0.0014903247356414795,14.532598495483398,2.9819233417510986,14.046704292297363
TRAIN,5hcafebs,180,6,7,10,1,1,0,4.46875,0.9886682629585266,0.3124445378780365,0.38668081164360046,8,-0.07423627376556396,10.705435752868652,1.846221923828125,9.737645149230957
TRAIN,5hcafebs,180,7,8,10,1,0,1,-4.65625,0.009412589482963085,,,,,0.0,0.0,2.8216605186462402
TRAIN,5hcafebs,180,8,9,10,1,1,0,3.921875,0.9805806875228882,0.2570955157279968,0.2727174162864685,6,-0.01562190055847168,14.037740707397461,2.899033546447754,13.220120429992676
TRAIN,5hcafebs,180,9,10,10,1,1,0,2.140625,0.894789457321167,0.23362207412719727,0.2526675760746002,2,-0.019045501947402954,13.895102500915527,2.7631733417510986,13.804859161376953
TRAIN,5hcafebs,181,0,1,10,1,1,0,5.84375,0.9971103668212891,0.33739733695983887,0.3476846516132355,8,-0.010287314653396606,12.149992942810059,2.039658546447754,11.21534538269043
TRAIN,5hcafebs,181,1,2,10,1,1,0,1.96875,0.8774768114089966,0.2874349057674408,0.3810482621192932,6,-0.09361335635185242,12.120312690734863,1.9852712154388428,11.190092086791992
TRAIN,5hcafebs,181,2,3,10,1,1,0,3.984375,0.9817357659339905,-0.12269163131713867,0.3093506395816803,2,-0.43204227089881897,11.107049942016602,2.06968092918396,10.402044296264648
TRAIN,5hcafebs,181,3,4,10,1,1,0,4.40625,0.9879462122917175,-0.24740369617938995,0.3579668402671814,9,-0.6053705215454102,11.888725280761719,2.2855007648468018,10.872016906738281
TRAIN,5hcafebs,181,4,5,10,1,0,1,-1.265625,0.22000710666179657,,,,,0.0,0.0,2.8216605186462402
TRAIN,5hcafebs,181,5,6,10,1,1,0,3.71875,0.9763104915618896,0.22406040132045746,0.2190389633178711,8,0.005021438002586365,13.929515838623047,2.8100483417510986,13.367627143859863
TRAIN,5hcafebs,181,6,7,10,1,0,1,-5.09375,0.0060975621454417706,,,,,0.0,0.0,2.8216605186462402
TRAIN,5hcafebs,181,7,8,10,1,0,1,-6.0625,0.002323162741959095,,,,,0.0,0.0,2.8216605186462402
TRAIN,5hcafebs,181,8,9,10,1,1,0,3.9375,0.9808759689331055,0.3224838376045227,0.35862693190574646,6,-0.036143094301223755,11.58406925201416,1.9134308099746704,10.756022453308105
TRAIN,5hcafebs,181,9,10,10,1,1,0,2.171875,0.8976953029632568,0.26504650712013245,0.29199668765068054,2,-0.026950180530548096,13.283905982971191,2.7006733417510986,13.125758171081543
TRAIN,5hcafebs,182,0,1,10,1,1,0,5.84375,0.9971103668212891,0.35668638348579407,0.36528024077415466,8,-0.008593857288360596,12.553857803344727,2.1293413639068604,11.638978958129883
TRAIN,5hcafebs,182,1,2,10,1,1,0,1.2890625,0.7839884757995605,0.21499113738536835,0.2758300304412842,6,-0.06083889305591583,12.28696060180664,2.038435935974121,11.797959327697754
TRAIN,5hcafebs,182,2,3,10,1,1,0,4.28125,0.9863631129264832,-0.13942286372184753,0.3305686116218567,2,-0.4699914753437042,13.5903902053833,2.8480007648468018,12.906660079956055
TRAIN,5hcafebs,182,3,4,10,1,1,0,4.5,0.9890130758285522,-0.20511597394943237,0.37476980686187744,6,-0.5798857808113098,11.472441673278809,1.9681183099746704,10.556317329406738
TRAIN,5hcafebs,182,4,5,10,1,0,1,-2.046875,0.11436853557825089,,,,,0.0,0.0,2.8216605186462402
TRAIN,5hcafebs,182,5,6,10,1,1,0,3.828125,0.9787126779556274,0.28558817505836487,0.27843061089515686,8,0.007157564163208008,12.310761451721191,2.18686842918396,11.675430297851562
TRAIN,5hcafebs,182,6,7,10,1,0,1,-5.4375,0.004331501666456461,,,,,0.0,0.0,2.8216605186462402
TRAIN,5hcafebs,182,7,8,10,1,0,1,-6.46875,0.0015487611526623368,,,,,0.0,0.0,2.8216605186462402
TRAIN,5hcafebs,182,8,9,10,1,1,0,3.9375,0.9808759689331055,0.22793476283550262,0.23702512681484222,6,-0.0090903639793396,14.539253234863281,2.930283546447754,13.893905639648438
TRAIN,5hcafebs,182,9,10,10,1,1,0,2.109375,0.8918110132217407,0.22607840597629547,0.2538936138153076,2,-0.027815207839012146,14.253877639770508,2.7475483417510986,14.182011604309082
TRAIN,5hcafebs,183,0,1,10,1,1,0,5.875,0.9971990585327148,0.3433776795864105,0.3547973334789276,8,-0.01141965389251709,11.509024620056152,1.961533546447754,10.633524894714355
TRAIN,5hcafebs,183,1,2,10,1,1,0,1.3984375,0.8019358515739441,0.27130481600761414,0.31583288311958313,6,-0.044528067111968994,13.014077186584473,2.10093092918396,12.328312873840332
TRAIN,5hcafebs,183,2,3,10,1,1,0,4.3125,0.9867772459983826,-0.12220826745033264,0.341927707195282,6,-0.4641359746456146,12.691336631774902,2.2542507648468018,12.033665657043457
TRAIN,5hcafebs,183,3,4,10,1,1,0,4.8125,0.9919379353523254,-0.22135458886623383,0.3966163992881775,6,-0.6179710030555725,11.76068115234375,1.9300971031188965,10.809657096862793
TRAIN,5hcafebs,183,4,5,10,1,0,1,-1.890625,0.13117322325706482,,,,,0.0,0.0,2.8216605186462402
TRAIN,5hcafebs,183,5,6,10,1,1,0,3.96875,0.9814534187316895,0.2542111575603485,0.26866358518600464,8,-0.014452427625656128,14.351201057434082,2.9350483417510986,13.869462966918945
TRAIN,5hcafebs,183,6,7,10,1,0,1,-5.0625,0.00628990214318037,,,,,0.0,0.0,2.8216605186462402
TRAIN,5hcafebs,183,7,8,10,1,0,1,-6.5625,0.0014103584690019488,,,,,0.0,0.0,2.8216605186462402
TRAIN,5hcafebs,183,8,9,10,1,1,0,4.09375,0.9835969805717468,0.27634894847869873,0.29835715889930725,6,-0.02200821042060852,12.096445083618164,2.406846046447754,11.228507041931152
TRAIN,5hcafebs,183,9,10,10,1,1,0,2.4375,0.9196425676345825,0.229881152510643,0.25718119740486145,2,-0.027300044894218445,13.645430564880371,2.6694233417510986,13.53661060333252
TRAIN,5hcafebs,184,0,1,10,1,1,0,6.34375,0.998245358467102,0.3044617176055908,0.31535524129867554,6,-0.010893523693084717,10.988937377929688,1.9272359609603882,10.198132514953613
TRAIN,5hcafebs,184,1,2,10,1,1,0,0.177734375,0.5443170070648193,0.17729072272777557,0.2373063862323761,6,-0.060015663504600525,12.253289222717285,2.079982280731201,12.255818367004395
TRAIN,5hcafebs,184,2,3,10,1,1,0,4.71875,0.9911527037620544,-0.19394899904727936,0.35971829295158386,8,-0.5536673069000244,13.581923484802246,2.6761257648468018,12.749597549438477
TRAIN,5hcafebs,184,3,4,10,1,1,0,4.96875,0.9930961728096008,-0.2093176245689392,0.38189801573753357,6,-0.5912156105041504,13.070775985717773,2.1332221031188965,12.185614585876465
TRAIN,5hcafebs,184,4,5,10,1,0,1,-1.5546875,0.17441026866436005,,,,,0.0,0.0,2.8216605186462402
TRAIN,5hcafebs,184,5,6,10,1,1,0,4.15625,0.9845753908157349,0.30064767599105835,0.2953701615333557,8,0.005277514457702637,13.362041473388672,2.6537983417510986,12.758667945861816
TRAIN,5hcafebs,184,6,7,10,1,0,1,-4.25,0.014063628390431404,,,,,0.0,0.0,2.8216605186462402
TRAIN,5hcafebs,184,7,8,10,1,0,1,-6.21875,0.001987774157896638,,,,,0.0,0.0,2.8216605186462402
TRAIN,5hcafebs,184,8,9,10,1,1,0,4.21875,0.985496461391449,0.36450839042663574,0.37474969029426575,1,-0.010241299867630005,13.31179141998291,2.328721046447754,12.435144424438477
TRAIN,5hcafebs,184,9,10,10,1,1,0,2.5625,0.9284088015556335,0.22903206944465637,0.25769883394241333,2,-0.028666764497756958,14.40395450592041,2.9037983417510986,14.361818313598633
TRAIN,5hcafebs,185,0,1,10,1,1,0,6.78125,0.9988664388656616,0.34797483682632446,0.3560270667076111,6,-0.008052229881286621,11.60183048248291,2.125596046447754,10.599261283874512
TRAIN,5hcafebs,185,1,2,10,1,0,1,-0.1650390625,0.4588336646556854,,,,,0.0,0.0,2.8216605186462402
TRAIN,5hcafebs,185,2,3,10,1,1,0,5.15625,0.9942697286605835,-0.1583423912525177,0.3595040738582611,9,-0.5178464651107788,13.61363410949707,2.7855007648468018,12.878708839416504
TRAIN,5hcafebs,185,3,4,10,1,1,0,4.75,0.9914224743843079,-0.2673783302307129,0.3614639937877655,6,-0.6288423538208008,12.743842124938965,2.13218092918396,11.695968627929688
TRAIN,5hcafebs,185,4,5,10,1,0,1,-1.2265625,0.2267836332321167,,,,,0.0,0.0,2.8216605186462402
TRAIN,5hcafebs,185,5,6,10,1,1,0,3.875,0.9796676635742188,0.31306472420692444,0.3036472499370575,1,0.009417474269866943,13.833395004272461,2.5600483417510986,13.109193801879883
TRAIN,5hcafebs,185,6,7,10,1,0,1,-5.0625,0.00628990214318037,,,,,0.0,0.0,2.8216605186462402
TRAIN,5hcafebs,185,7,8,10,1,0,1,-6.03125,0.0023967307060956955,,,,,0.0,0.0,2.8216605186462402
TRAIN,5hcafebs,185,8,9,10,1,1,0,4.40625,0.9879462122917175,0.301261842250824,0.32362043857574463,6,-0.022358596324920654,12.96245002746582,2.6850483417510986,12.269389152526855
TRAIN,5hcafebs,185,9,10,10,1,1,0,2.984375,0.9518632292747498,0.2631394863128662,0.2901455760002136,2,-0.027006089687347412,13.778923988342285,2.6850483417510986,13.633870124816895
TRAIN,5hcafebs,186,0,1,10,1,1,0,6.3125,0.9981897473335266,0.33188703656196594,0.33331045508384705,6,-0.0014234185218811035,11.893621444702148,2.141221046447754,10.95334529876709
TRAIN,5hcafebs,186,1,2,10,1,0,1,-0.8515625,0.2991051971912384,,,,,0.0,0.0,2.8216605186462402
TRAIN,5hcafebs,186,2,3,10,1,1,0,6.15625,0.9978843331336975,-0.15674147009849548,0.35976269841194153,9,-0.516504168510437,13.786530494689941,2.5823757648468018,13.059663772583008
TRAIN,5hcafebs,186,3,4,10,1,1,0,5.09375,0.9939024448394775,-0.23859727382659912,0.3852469027042389,6,-0.6238441467285156,12.948309898376465,2.0707221031188965,11.981806755065918
TRAIN,5hcafebs,186,4,5,10,1,0,1,-0.32421875,0.4196479320526123,,,,,0.0,0.0,2.8216605186462402
TRAIN,5hcafebs,186,5,6,10,1,1,0,4.59375,0.9899863600730896,0.33283355832099915,0.3166567087173462,1,0.016176849603652954,12.733705520629883,2.1850483417510986,11.875398635864258
TRAIN,5hcafebs,186,6,7,10,1,0,1,-5.125,0.0059110685251653194,,,,,0.0,0.0,2.8216605186462402
TRAIN,5hcafebs,186,7,8,10,1,0,1,-6.1875,0.0020507434383034706,,,,,0.0,0.0,2.8216605186462402
TRAIN,5hcafebs,186,8,9,10,1,1,0,5.3125,0.9950946569442749,0.28097662329673767,0.29419830441474915,1,-0.013221681118011475,13.058375358581543,2.633408546447754,12.188033103942871
TRAIN,5hcafebs,186,9,10,10,1,1,0,3.84375,0.9790357351303101,0.3525771200656891,0.3459750711917877,2,0.006602048873901367,14.723569869995117,2.5929572582244873,14.25704574584961
TRAIN,5hcafebs,187,0,1,10,1,1,0,6.375,0.9982993006706238,0.3801155090332031,0.37665855884552,6,0.0034569501876831055,11.89539623260498,1.9105913639068604,10.964520454406738
TRAIN,5hcafebs,187,1,2,10,1,0,1,-0.353515625,0.4125301241874695,,,,,0.0,0.0,2.8216605186462402
TRAIN,5hcafebs,187,2,3,10,1,1,0,5.5,0.9959298968315125,-0.14973211288452148,0.3893110454082489,6,-0.5390431880950928,15.225594520568848,2.7113471031188965,14.545321464538574
TRAIN,5hcafebs,187,3,4,10,1,1,0,5.25,0.9947799444198608,-0.2413347363471985,0.4473210573196411,1,-0.6886557936668396,12.81419849395752,2.0838522911071777,11.837246894836426
TRAIN,5hcafebs,187,4,5,10,1,1,0,0.73046875,0.6749081611633301,0.2585437297821045,0.27342963218688965,6,-0.014885902404785156,12.433964729309082,1.9620333909988403,12.334261894226074
TRAIN,5hcafebs,187,5,6,10,1,1,0,4.6875,0.9908744096755981,0.2580451965332031,0.2769768238067627,8,-0.01893162727355957,13.250123977661133,2.5131733417510986,12.634472846984863
TRAIN,5hcafebs,187,6,7,10,1,0,1,-2.765625,0.05921025574207306,,,,,0.0,0.0,2.8216605186462402
TRAIN,5hcafebs,187,7,8,10,1,0,1,-5.65625,0.0034834241960197687,,,,,0.0,0.0,2.8216605186462402
TRAIN,5hcafebs,187,8,9,10,1,1,0,6.1875,0.9979493021965027,0.3310367465019226,0.3566942811012268,6,-0.0256575345993042,11.097847938537598,2.039658546447754,10.030655860900879
TRAIN,5hcafebs,187,9,10,10,1,1,0,5.15625,0.9942697286605835,0.3238649070262909,0.3307076692581177,2,-0.006842762231826782,13.341672897338867,2.2787983417510986,12.849559783935547
TRAIN,5hcafebs,188,0,1,10,1,1,0,6.625,0.9986749291419983,0.3624933958053589,0.36737295985221863,6,-0.004879564046859741,12.11064338684082,2.0600483417510986,11.18217945098877
TRAIN,5hcafebs,188,1,2,10,1,0,1,-0.65625,0.3415825068950653,,,,,0.0,0.0,2.8216605186462402
TRAIN,5hcafebs,188,2,3,10,1,1,0,5.40625,0.9955315589904785,-0.11672388017177582,0.34071314334869385,9,-0.45743703842163086,13.283452987670898,2.5980007648468018,12.655129432678223
TRAIN,5hcafebs,188,3,4,10,1,1,0,5.03125,0.9935117363929749,-0.21289017796516418,0.3701901435852051,6,-0.5830802917480469,13.511845588684082,2.3100483417510986,12.626882553100586
TRAIN,5hcafebs,188,4,5,10,1,1,0,0.75,0.6791787147521973,0.26234111189842224,0.2698386013507843,7,-0.0074974894523620605,12.770316123962402,2.3881733417510986,12.896053314208984
TRAIN,5hcafebs,188,5,6,10,1,1,0,4.53125,0.9893474578857422,0.3657626509666443,0.3645855784416199,1,0.001177072525024414,13.709774017333984,2.3412983417510986,12.876192092895508
TRAIN,5hcafebs,188,6,7,10,1,0,1,-4.3125,0.013222821988165379,,,,,0.0,0.0,2.8216605186462402
TRAIN,5hcafebs,188,7,8,10,1,0,1,-5.6875,0.0033766122069209814,,,,,0.0,0.0,2.8216605186462402
TRAIN,5hcafebs,188,8,9,10,1,1,0,7.03125,0.9991169571876526,0.29248008131980896,0.31322261691093445,6,-0.02074253559112549,13.713876724243164,2.570908546447754,12.839491844177246
TRAIN,5hcafebs,188,9,10,10,1,1,0,5.1875,0.9944451451301575,0.31926313042640686,0.3488267958164215,9,-0.02956366539001465,13.841983795166016,2.3725483417510986,13.320150375366211
TRAIN,5hcafebs,189,0,1,10,1,1,0,6.78125,0.9988664388656616,0.38550856709480286,0.3828069269657135,6,0.0027016401290893555,12.249275207519531,1.930283546447754,11.31331729888916
TRAIN,5hcafebs,189,1,2,10,1,0,1,-0.6875,0.3345894515514374,,,,,0.0,0.0,2.8216605186462402
TRAIN,5hcafebs,189,2,3,10,1,1,0,5.1875,0.9944451451301575,-0.11422291398048401,0.37996333837509155,6,-0.49418625235557556,11.967245101928711,2.1019721031188965,11.312006950378418
TRAIN,5hcafebs,189,3,4,10,1,1,0,4.90625,0.9926542043685913,-0.21962842345237732,0.34100979566574097,6,-0.5606381893157959,9.80947494506836,1.7571808099746704,8.795594215393066
TRAIN,5hcafebs,189,4,5,10,1,1,0,1.2890625,0.7839884757995605,0.20592859387397766,0.21993574500083923,2,-0.014007151126861572,13.094447135925293,2.4975483417510986,13.168652534484863
TRAIN,5hcafebs,189,5,6,10,1,1,0,5.09375,0.9939024448394775,0.29265570640563965,0.2844237983226776,1,0.008231908082962036,13.538460731506348,2.7475483417510986,12.8692626953125
TRAIN,5hcafebs,189,6,7,10,1,0,1,-1.7734375,0.14511536061763763,,,,,0.0,0.0,2.8216605186462402
TRAIN,5hcafebs,189,7,8,10,1,0,1,-4.09375,0.01640303246676922,,,,,0.0,0.0,2.8216605186462402
TRAIN,5hcafebs,189,8,9,10,1,1,0,7.375,0.999373733997345,0.3230820298194885,0.34546998143196106,6,-0.022387951612472534,11.16002368927002,2.141221046447754,10.060819625854492
TRAIN,5hcafebs,189,9,10,10,1,1,0,6.375,0.9982993006706238,0.2955322861671448,0.3166683614253998,9,-0.021136075258255005,13.871061325073242,2.3881733417510986,13.411327362060547
