split,video,frame_idx,obj_idx,object_id,n_objects,frame_height,frame_width,baseline_memory_encoded,mask_conf_iou_head,occ_score_logit,occ_score_prob,pointer_valid,pred_area_px,area_norm,frame0_anchor_area_px,area_ratio_anchor,temporal_iou_prev,centroid_x_px,centroid_y_px,prev_centroid_x_px,prev_centroid_y_px,target_visible,target_gt_area_px,target_iou,max_other_iou,max_other_object_id,ptr_sim_anchor_fp32
TRAIN,0f7r7f3f,1,0,1,2,1080,1920,1,0.8125,6.96875,0.9990600943565369,1,1002,0.0004832175925925926,968,1.0351239669421488,0.7526690391459074,1238.6916167664672,334.2015968063872,1240.090909090909,338.67148760330576,1,940,0.8655139289145053,0.0,2,0.41679394245147705
TRAIN,0f7r7f3f,1,1,2,2,1080,1920,1,0.91796875,8.0625,0.9996849298477173,1,7541,0.003636670524691358,7658,0.9847218594933403,0.7404099393106607,1506.0728020156478,423.46054899880653,1507.2619482893706,431.5675110995038,1,7378,0.9403043308622708,0.0,1,0.2781391143798828
TRAIN,0f7r7f3f,2,0,1,2,1080,1920,1,0.8203125,6.75,0.9988304972648621,1,912,0.0004398148148148148,968,0.9421487603305785,0.2923700202565834,1229.8826754385964,325.5109649122807,1238.6916167664672,334.2015968063872,1,1063,0.7309377738825592,0.0,2,0.5112795233726501
TRAIN,0f7r7f3f,2,1,2,2,1080,1920,1,0.9296875,7.9375,0.9996429681777954,1,6574,0.003170331790123457,7658,0.8584486811177853,0.734029484029484,1503.1292972315182,409.01673258290236,1506.0728020156478,423.46054899880653,1,6505,0.9500521842850753,0.0,1,0.2898334860801697
TRAIN,0f7r7f3f,3,0,1,2,1080,1920,1,0.8046875,7.28125,0.999312162399292,1,993,0.0004788773148148148,968,1.0258264462809918,0.33403361344537813,1221.7150050352468,320.04934541792545,1229.8826754385964,325.5109649122807,1,1055,0.85675430643699,0.0,2,0.5117396116256714
TRAIN,0f7r7f3f,3,1,2,2,1080,1920,1,0.93359375,8.125,0.9997040629386902,1,7495,0.003614486882716049,7658,0.9787150692086707,0.7492229267686187,1500.9147431621082,403.94809873248835,1503.1292972315182,409.01673258290236,1,7147,0.9385674566397458,0.0,1,0.2535242438316345
TRAIN,0f7r7f3f,4,0,1,2,1080,1920,1,0.78125,7.4375,0.9994115829467773,1,803,0.00038724922839506175,968,0.8295454545454546,0.18626155878467635,1210.8393524283936,315.76961394769614,1221.7150050352468,320.04934541792545,1,996,0.7972027972027972,0.0,2,0.5218612551689148
TRAIN,0f7r7f3f,4,1,2,2,1080,1920,1,0.9296875,8.3125,0.9997546076774597,1,7993,0.003854648919753086,7658,1.043745103160094,0.6069724009130525,1491.3226573251595,401.3953459276867,1500.9147431621082,403.94809873248835,1,7980,0.9491153142159854,0.0,1,0.24325373768806458
TRAIN,0f7r7f3f,5,0,1,2,1080,1920,1,0.80078125,7.375,0.999373733997345,1,801,0.0003862847222222222,968,0.8274793388429752,0.19880418535127056,1201.3133583021224,311.11610486891385,1210.8393524283936,315.76961394769614,1,1000,0.790258449304175,0.0,2,0.47157737612724304
TRAIN,0f7r7f3f,5,1,2,2,1080,1920,1,0.92578125,8.375,0.9997695088386536,1,7704,0.003715277777777778,7658,1.0060067902846697,0.6799015410958904,1484.685098650052,394.5441329179647,1491.3226573251595,401.3953459276867,1,7468,0.9241597970830692,0.0,1,0.3131110668182373
TRAIN,0f7r7f3f,6,0,1,2,1080,1920,1,0.8203125,7.28125,0.999312162399292,1,879,0.00042390046296296295,968,0.9080578512396694,0.13667117726657646,1189.377701934016,308.57110352673493,1201.3133583021224,311.11610486891385,1,1061,0.7830882352941176,0.0,2,0.45122167468070984
TRAIN,0f7r7f3f,6,1,2,2,1080,1920,1,0.91796875,8.25,0.9997387528419495,1,8394,0.004048032407407407,7658,1.0961086445547141,0.4739058780443142,1471.0640934000476,393.5864903502502,1484.685098650052,394.5441329179647,1,7718,0.9020186518710896,0.0,1,0.2993776500225067
TRAIN,0f7r7f3f,7,0,1,2,1080,1920,1,0.7890625,6.625,0.9986749291419983,1,798,0.00038483796296296297,968,0.8243801652892562,0.4469370146678171,1183.3095238095239,309.2719298245614,1189.377701934016,308.57110352673493,1,1038,0.7386363636363636,0.0,2,0.5623935461044312
TRAIN,0f7r7f3f,7,1,2,2,1080,1920,1,0.92578125,7.875,0.9996199607849121,1,7536,0.0036342592592592594,7658,0.9840689475058763,0.6880364522623715,1465.2912685774947,388.8316082802548,1471.0640934000476,393.5864903502502,1,7295,0.9211139896373057,0.0,1,0.2899720072746277
TRAIN,0f7r7f3f,8,0,1,2,1080,1920,1,0.80078125,6.28125,0.9981324076652527,1,877,0.00042293595679012346,968,0.90599173553719,0.3096168881939015,1175.3819840364881,303.0877993158495,1183.3095238095239,309.2719298245614,1,988,0.8054211035818006,0.0,2,0.47383055090904236
TRAIN,0f7r7f3f,8,1,2,2,1080,1920,1,0.92578125,7.59375,0.9994966983795166,1,6631,0.003197820216049383,7658,0.865891877774876,0.6583167505560108,1458.2661740310662,383.2871361785553,1465.2912685774947,388.8316082802548,1,6626,0.9246515679442509,0.0,1,0.237340047955513
TRAIN,0f7r7f3f,9,0,1,2,1080,1920,1,0.8359375,6.59375,0.9986329674720764,1,849,0.0004094328703703704,968,0.8770661157024794,0.47900599828620394,1169.6772673733803,302.82803297997646,1175.3819840364881,303.0877993158495,1,933,0.8183673469387756,0.0,2,0.47979795932769775
TRAIN,0f7r7f3f,9,1,2,2,1080,1920,1,0.9140625,7.90625,0.9996316432952881,1,7113,0.0034302662037037036,7658,0.9288325933664142,0.6882446873848421,1451.5328272177703,384.3698861239983,1458.2661740310662,383.2871361785553,1,6384,0.8967116357504216,0.0,1,0.27229031920433044
TRAIN,0f7r7f3f,10,0,1,2,1080,1920,1,0.8046875,5.65625,0.9965165853500366,1,762,0.00036747685185185185,968,0.7871900826446281,0.488909426987061,1175.0813648293963,305.2979002624672,1169.6772673733803,302.82803297997646,1,896,0.6849593495934959,0.0,2,0.4706977903842926
TRAIN,0f7r7f3f,10,1,2,2,1080,1920,1,0.90234375,7.71875,0.999555766582489,1,8418,0.004059606481481482,7658,1.0992426220945417,0.7427064631956912,1456.3578047042054,387.9477310525065,1451.5328272177703,384.3698861239983,1,7590,0.8799765120375808,0.0,1,0.28530898690223694
TRAIN,0f7r7f3f,11,0,1,2,1080,1920,1,0.8203125,5.9375,0.997368335723877,1,790,0.00038097993827160493,968,0.8161157024793388,0.3906810035842294,1180.6,298.8126582278481,1175.0813648293963,305.2979002624672,1,989,0.7879396984924623,0.0,2,0.5570204854011536
TRAIN,0f7r7f3f,11,1,2,2,1080,1920,1,0.91796875,8.1875,0.9997219443321228,1,7902,0.0038107638888888887,7658,1.0318621049882475,0.6615760537568723,1462.8766135155656,381.0863072639838,1456.3578047042054,387.9477310525065,1,7057,0.8882857864175713,0.0,1,0.3846927583217621
TRAIN,0f7r7f3f,12,0,1,2,1080,1920,1,0.82421875,6.5,0.998498797416687,1,844,0.0004070216049382716,968,0.871900826446281,0.3719563392107473,1187.1030805687203,293.6824644549763,1180.6,298.8126582278481,1,1003,0.8269040553907022,0.0,2,0.4889593720436096
TRAIN,0f7r7f3f,12,1,2,2,1080,1920,1,0.92578125,8.125,0.9997040629386902,1,8239,0.003973283179012346,7658,1.0758683729433272,0.6690104435942509,1467.7732734555163,375.4477485131691,1462.8766135155656,381.0863072639838,1,7618,0.9127864897466827,0.0,1,0.2404942810535431
TRAIN,0f7r7f3f,13,0,1,2,1080,1920,1,0.8203125,6.09375,0.9977481961250305,1,821,0.0003959297839506173,968,0.8481404958677686,0.351461038961039,1195.0840438489647,290.8306942752741,1187.1030805687203,293.6824644549763,1,1026,0.7473982970671712,0.0,2,0.4485263228416443
TRAIN,0f7r7f3f,13,1,2,2,1080,1920,1,0.91796875,7.96875,0.9996540546417236,1,7479,0.0036067708333333334,7658,0.9766257508487856,0.6277961888980944,1476.0562909479877,373.3606097071801,1467.7732734555163,375.4477485131691,1,7235,0.9319852941176471,0.0,1,0.2831387221813202
TRAIN,0f7r7f3f,14,0,1,2,1080,1920,1,0.80859375,5.84375,0.9971103668212891,1,717,0.000345775462962963,968,0.7407024793388429,0.6257928118393234,1196.320781032078,282.2775453277545,1195.0840438489647,290.8306942752741,1,900,0.761437908496732,0.0,2,0.44182389974594116
TRAIN,0f7r7f3f,14,1,2,2,1080,1920,1,0.9296875,7.625,0.9995121955871582,1,6957,0.0033550347222222224,7658,0.9084617393575346,0.7489701962684759,1480.2660629581717,363.20784821043554,1476.0562909479877,373.3606097071801,1,6752,0.9434363481712503,0.0,1,0.2799604833126068
TRAIN,0f7r7f3f,15,0,1,2,1080,1920,1,0.82421875,6.3125,0.9981897473335266,1,864,0.0004166666666666667,968,0.8925619834710744,0.34897610921501704,1203.0347222222222,277.35300925925924,1196.320781032078,282.2775453277545,1,1043,0.7872539831302718,0.0,2,0.4743291735649109
TRAIN,0f7r7f3f,15,1,2,2,1080,1920,1,0.9296875,8.125,0.9997040629386902,1,7998,0.003857060185185185,7658,1.044398015147558,0.550705101617586,1491.043885971493,358.8419604901225,1480.2660629581717,363.20784821043554,1,7555,0.9090462747023444,0.0,1,0.33122095465660095
TRAIN,0f7r7f3f,16,0,1,2,1080,1920,1,0.828125,6.4375,0.9984021782875061,1,805,0.00038821373456790123,968,0.8316115702479339,0.7349272349272349,1204.480745341615,273.32670807453417,1203.0347222222222,277.35300925925924,1,1018,0.7263257575757576,0.0,2,0.45062708854675293
TRAIN,0f7r7f3f,16,1,2,2,1080,1920,1,0.91015625,7.84375,0.9996079802513123,1,7976,0.0038464506172839505,7658,1.0415252024027162,0.7804279982166741,1493.3518054162487,356.4862086258776,1491.043885971493,358.8419604901225,1,7381,0.9079388743943347,0.0,1,0.25179576873779297
TRAIN,0f7r7f3f,17,0,1,2,1080,1920,1,0.8203125,6.4375,0.9984021782875061,1,898,0.00043306327160493827,968,0.9276859504132231,0.5945692883895131,1202.5144766146993,264.2739420935412,1204.480745341615,273.32670807453417,1,1095,0.7699822380106572,0.0,2,0.4840107262134552
TRAIN,0f7r7f3f,17,1,2,2,1080,1920,1,0.921875,8.1875,0.9997219443321228,1,7607,0.0036684992283950615,7658,0.9933402977278663,0.7936233885819521,1490.800578414618,349.8617063231234,1493.3518054162487,356.4862086258776,1,7033,0.9042663891779397,0.0,1,0.28490304946899414
TRAIN,0f7r7f3f,18,0,1,2,1080,1920,1,0.8125,6.1875,0.9979493021965027,1,856,0.00041280864197530866,968,0.8842975206611571,0.5133735979292493,1199.1880841121495,255.8551401869159,1202.5144766146993,264.2739420935412,1,1097,0.7562949640287769,0.0,2,0.4348936676979065
TRAIN,0f7r7f3f,18,1,2,2,1080,1920,1,0.9296875,8.0625,0.9996849298477173,1,8084,0.003898533950617284,7658,1.0556281013319404,0.7359221152782387,1490.4318406729342,335.8069025235032,1490.800578414618,349.8617063231234,1,7636,0.9098529947758474,0.0,1,0.28911924362182617
TRAIN,0f7r7f3f,19,0,1,2,1080,1920,1,0.81640625,6.3125,0.9981897473335266,1,979,0.00047212577160493825,968,1.0113636363636365,0.37969924812030076,1193.2727272727273,246.08784473953014,1199.1880841121495,255.8551401869159,1,999,0.8247232472324724,0.0,2,0.3744649887084961
TRAIN,0f7r7f3f,19,1,2,2,1080,1920,1,0.9296875,7.8125,0.999595582485199,1,7386,0.003561921296296296,7658,0.9644815878819535,0.7700228832951945,1488.6804765773084,324.49796913078796,1490.4318406729342,335.8069025235032,1,6937,0.9186872069658406,0.0,1,0.3101247251033783
TRAIN,0f7r7f3f,20,0,1,2,1080,1920,1,0.81640625,6.125,0.9978172779083252,1,1016,0.0004899691358024691,968,1.0495867768595042,0.6611157368859284,1191.974409448819,239.4990157480315,1193.2727272727273,246.08784473953014,1,962,0.8196872125114996,0.0,2,0.4496913254261017
TRAIN,0f7r7f3f,20,1,2,2,1080,1920,1,0.9296875,7.5,0.9994471669197083,1,7086,0.0034172453703703704,7658,0.9253068686341082,0.7537566650508968,1493.4587919841942,319.6710414902625,1488.6804765773084,324.49796913078796,1,6623,0.9265036537380551,0.0,1,0.3833693265914917
TRAIN,0f7r7f3f,21,0,1,2,1080,1920,1,0.8125,5.84375,0.9971103668212891,1,891,0.0004296875,968,0.9204545454545454,0.45461479786422576,1187.7946127946127,230.5117845117845,1191.974409448819,239.4990157480315,1,953,0.8311817279046674,0.0,2,0.4315608739852905
TRAIN,0f7r7f3f,21,1,2,2,1080,1920,1,0.9296875,7.9375,0.9996429681777954,1,8066,0.0038898533950617285,7658,1.0532776181770698,0.7516763005780347,1496.3242003471362,308.962930820729,1493.4587919841942,319.6710414902625,1,7605,0.9346913580246914,0.0,1,0.2745818495750427
TRAIN,0f7r7f3f,22,0,1,2,1080,1920,1,0.78515625,5.8125,0.9970190525054932,1,987,0.0004759837962962963,968,1.0196280991735538,0.3178947368421053,1180.6393110435663,223.9047619047619,1187.7946127946127,230.5117845117845,1,1029,0.784070796460177,0.0,2,0.4980316758155823
TRAIN,0f7r7f3f,22,1,2,2,1080,1920,1,0.9140625,7.59375,0.9994966983795166,1,7895,0.0038073881172839504,7658,1.030948028205798,0.7953880764904387,1493.5101963267891,302.3261557948068,1496.3242003471362,308.962930820729,1,6988,0.8779810725552051,0.0,1,0.3032936453819275
TRAIN,0f7r7f3f,23,0,1,2,1080,1920,1,0.79296875,5.8125,0.9970190525054932,1,943,0.00045476466049382714,968,0.9741735537190083,0.4201618837380427,1173.814422057264,224.23011664899258,1180.6393110435663,223.9047619047619,1,1025,0.7890909090909091,0.0,2,0.5024580955505371
TRAIN,0f7r7f3f,23,1,2,2,1080,1920,1,0.92578125,7.75,0.9995694756507874,1,7703,0.003714795524691358,7658,1.0058762078871768,0.7416257257704332,1487.8168246137868,304.1363105283656,1493.5101963267891,302.3261557948068,1,7203,0.9193922225083698,0.0,1,0.3134058713912964
TRAIN,0f7r7f3f,24,0,1,2,1080,1920,1,0.80078125,6.4375,0.9984021782875061,1,872,0.0004205246913580247,968,0.9008264462809917,0.011705685618729096,1155.290137614679,220.4380733944954,1173.814422057264,224.23011664899258,1,1055,0.7614259597806216,0.0,2,0.44891196489334106
TRAIN,0f7r7f3f,24,1,2,2,1080,1920,1,0.9296875,7.625,0.9995121955871582,1,7137,0.0034418402777777776,7658,0.9319665709062418,0.3499499681615574,1469.2073700434357,296.2177385456074,1487.8168246137868,304.1363105283656,1,7055,0.9075268817204301,0.0,1,0.3106430768966675
TRAIN,0f7r7f3f,25,0,1,2,1080,1920,1,0.8125,6.0,0.9975274205207825,1,861,0.0004152199074074074,968,0.8894628099173554,0.0005773672055427252,1136.9001161440185,214.3205574912892,1155.290137614679,220.4380733944954,1,963,0.824,0.0,2,0.48154395818710327
TRAIN,0f7r7f3f,25,1,2,2,1080,1920,1,0.92578125,7.28125,0.999312162399292,1,6763,0.00326147762345679,7658,0.8831287542439279,0.3982496730711196,1453.766228005323,288.31627975750405,1469.2073700434357,296.2177385456074,1,6320,0.9268041237113402,0.0,1,0.261414498090744
TRAIN,0f7r7f3f,26,0,1,2,1080,1920,1,0.70703125,2.90625,0.9481545686721802,1,798,0.00038483796296296297,968,0.8243801652892562,0.0,1107.9160401002507,213.75814536340852,1136.9001161440185,214.3205574912892,1,542,0.6461916461916462,0.0,2,0.4237111508846283
TRAIN,0f7r7f3f,26,1,2,2,1080,1920,1,0.90625,6.3125,0.9981897473335266,1,6770,0.0032648533950617284,7658,0.8840428310263776,0.1574580910023948,1425.6098966026589,292.6401772525849,1453.766228005323,288.31627975750405,1,6845,0.8849508514467672,0.0,1,0.2646612226963043
TRAIN,0f7r7f3f,27,0,1,2,1080,1920,1,0.7890625,5.15625,0.9942697286605835,1,827,0.0003988233024691358,968,0.8543388429752066,0.0,1075.1499395405078,215.0253929866989,1107.9160401002507,213.75814536340852,1,931,0.8067831449126414,0.0,2,0.49432700872421265
TRAIN,0f7r7f3f,27,1,2,2,1080,1920,1,0.91015625,6.6875,0.9987550973892212,1,7943,0.003830536265432099,7658,1.037215983285453,0.08920639620965354,1388.8328087624323,293.03890217801836,1425.6098966026589,292.6401772525849,1,7100,0.881080405151932,0.0,1,0.30730968713760376
TRAIN,0f7r7f3f,28,0,1,2,1080,1920,1,0.8125,5.0625,0.9937100410461426,1,1133,0.0005463927469135803,968,1.1704545454545454,0.0,1044.3662842012357,216.36540158870255,1075.1499395405078,215.0253929866989,1,1043,0.8440677966101695,0.0,2,0.4606514275074005
TRAIN,0f7r7f3f,28,1,2,2,1080,1920,1,0.9140625,7.03125,0.9991169571876526,1,7559,0.0036453510802469135,7658,0.987072342648211,0.11589403973509933,1350.5732239714248,295.5111787273449,1388.8328087624323,293.03890217801836,1,7108,0.9192619733054175,0.0,1,0.3343166708946228
TRAIN,0f7r7f3f,29,0,1,2,1080,1920,1,0.8046875,5.0625,0.9937100410461426,1,1103,0.0005319251543209877,968,1.1394628099173554,0.0,1015.8195829555757,220.66727107887579,1044.3662842012357,216.36540158870255,1,1110,0.8395677472984207,0.0,2,0.36590850353240967
TRAIN,0f7r7f3f,29,1,2,2,1080,1920,1,0.91015625,6.75,0.9988304972648621,1,7547,0.0036395640432098767,7658,0.9855053538782972,0.09566983390150141,1309.2243275473697,300.2566582748112,1350.5732239714248,295.5111787273449,1,7469,0.8854846810647916,0.0,1,0.28466737270355225
TRAIN,0f7r7f3f,30,0,1,2,1080,1920,1,0.8046875,5.3125,0.9950946569442749,1,1172,0.0005652006172839506,968,1.2107438016528926,0.0,991.3976109215017,223.0179180887372,1015.8195829555757,220.66727107887579,1,1046,0.8529657477025898,0.0,2,0.46949946880340576
TRAIN,0f7r7f3f,30,1,2,2,1080,1920,1,0.91015625,7.09375,0.9991704225540161,1,7131,0.003438946759259259,7658,0.931183076521285,0.13606811145510836,1276.5882765390547,301.22451269106716,1309.2243275473697,300.2566582748112,1,6931,0.8222107036413114,0.0,1,0.2964977025985718
TRAIN,0f7r7f3f,31,0,1,2,1080,1920,1,0.80078125,5.03125,0.9935117363929749,1,1135,0.0005473572530864197,968,1.1725206611570247,0.0,963.0863436123348,223.5488986784141,991.3976109215017,223.0179180887372,1,1131,0.8467807660961695,0.0,2,0.4382445216178894
TRAIN,0f7r7f3f,31,1,2,2,1080,1920,1,0.9140625,6.5625,0.9985895752906799,1,6045,0.0029152199074074076,7658,0.7893705928440846,0.06532988357050452,1240.7751861042184,301.3599669148056,1276.5882765390547,301.22451269106716,1,6127,0.8671575394999232,0.0,1,0.34078121185302734
TRAIN,0f7r7f3f,32,0,1,2,1080,1920,1,0.79296875,5.3125,0.9950946569442749,1,902,0.0004349922839506173,968,0.9318181818181818,0.0,937.6474501108647,226.6019955654102,963.0863436123348,223.5488986784141,1,1177,0.7544303797468355,0.0,2,0.5811629295349121
TRAIN,0f7r7f3f,32,1,2,2,1080,1920,1,0.921875,6.90625,0.9989995360374451,1,6972,0.0033622685185185183,7658,0.9104204753199269,0.1572724039829303,1212.5037292025245,308.51176133103843,1240.7751861042184,301.3599669148056,1,6784,0.9102902374670184,0.0,1,0.2573259770870209
TRAIN,0f7r7f3f,33,0,1,2,1080,1920,1,0.79296875,5.46875,0.9958011507987976,1,972,0.00046875,968,1.0041322314049588,0.0,918.1512345679013,226.34979423868313,937.6474501108647,226.6019955654102,1,884,0.8160469667318982,0.0,2,0.5401419997215271
TRAIN,0f7r7f3f,33,1,2,2,1080,1920,1,0.91796875,6.75,0.9988304972648621,1,7043,0.003396508487654321,7658,0.919691825541917,0.2753662753662754,1190.2682095697855,308.2406644895641,1212.5037292025245,308.51176133103843,1,7051,0.9092386887022487,0.0,1,0.31122201681137085
TRAIN,0f7r7f3f,34,0,1,2,1080,1920,1,0.75390625,5.375,0.9953904151916504,1,860,0.0004147376543209877,968,0.8884297520661157,0.0,900.0674418604651,220.38488372093022,918.1512345679013,226.34979423868313,1,839,0.7921940928270043,0.0,2,0.4965316355228424
TRAIN,0f7r7f3f,34,1,2,2,1080,1920,1,0.9140625,7.15625,0.999220609664917,1,6950,0.003351658950617284,7658,0.9075476625750849,0.24537201851192594,1165.5946762589929,303.5736690647482,1190.2682095697855,308.2406644895641,1,6317,0.8944737969441667,0.0,1,0.3153615891933441
TRAIN,0f7r7f3f,35,0,1,2,1080,1920,1,0.78125,5.15625,0.9942697286605835,1,795,0.0003833912037037037,968,0.8212809917355371,0.004857316332726169,884.7522012578617,222.75849056603772,900.0674418604651,220.38488372093022,1,873,0.7320872274143302,0.0,2,0.5081087946891785
TRAIN,0f7r7f3f,35,1,2,2,1080,1920,1,0.91796875,6.71875,0.998793363571167,1,7238,0.003490547839506173,7658,0.9451553930530164,0.29831625183016103,1144.2159436308373,305.58869853550704,1165.5946762589929,303.5736690647482,1,6907,0.8624094799210007,0.0,1,0.2808077931404114
TRAIN,0f7r7f3f,36,0,1,2,1080,1920,1,0.765625,4.78125,0.9916841983795166,1,786,0.0003790509259259259,968,0.8119834710743802,0.17371937639198218,875.4109414758269,224.4732824427481,884.7522012578617,222.75849056603772,1,773,0.798154555940023,0.0,2,0.44453468918800354
TRAIN,0f7r7f3f,36,1,2,2,1080,1920,1,0.921875,6.71875,0.998793363571167,1,6676,0.0032195216049382717,7658,0.8717680856620528,0.4505838198498749,1130.2564409826243,303.9604553624925,1144.2159436308373,305.58869853550704,1,6187,0.8957995578481945,0.0,1,0.28098446130752563
TRAIN,0f7r7f3f,37,0,1,2,1080,1920,1,0.58984375,4.0,0.9820137619972229,1,597,0.0002879050925925926,968,0.6167355371900827,0.1354679802955665,867.2026800670017,219.5242881072027,875.4109414758269,224.4732824427481,1,612,0.775330396475771,0.0,2,0.47387802600860596
TRAIN,0f7r7f3f,37,1,2,2,1080,1920,1,0.91015625,6.875,0.9989677667617798,1,6143,0.0029624807098765434,7658,0.8021676677983808,0.5450162709413041,1120.4965000813934,298.3514569428618,1130.2564409826243,303.9604553624925,1,5956,0.8910597061581744,0.0,1,0.2942875027656555
TRAIN,0f7r7f3f,38,0,1,2,1080,1920,1,0.31640625,2.25,0.9046505093574524,1,314,0.00015142746913580246,968,0.3243801652892562,0.08581644815256258,859.5063694267516,231.06050955414014,867.2026800670017,219.5242881072027,1,252,0.35406698564593303,0.0,2,0.3822772800922394
TRAIN,0f7r7f3f,38,1,2,2,1080,1920,1,0.9140625,7.25,0.9992903470993042,1,6344,0.0030594135802469134,7658,0.8284147296944372,0.6314345440292658,1113.4426229508197,306.9331651954603,1120.4965000813934,298.3514569428618,1,6265,0.88250223947447,0.0,1,0.2544262707233429
TRAIN,0f7r7f3f,39,0,1,2,1080,1920,1,0.1640625,0.5546875,0.6352224349975586,1,82,3.9544753086419755e-05,968,0.08471074380165289,0.21100917431192662,858.8414634146342,218.15853658536585,859.5063694267516,231.06050955414014,1,89,0.08917197452229299,0.0,2,0.32686036825180054
TRAIN,0f7r7f3f,39,1,2,2,1080,1920,1,0.90625,6.9375,0.9990302324295044,1,7067,0.003408082561728395,7658,0.9228258030817446,0.7542184434270766,1111.4712041884816,308.6013867270412,1113.4426229508197,306.9331651954603,1,6713,0.8454533279764296,0.0,1,0.2837755084037781
TRAIN,0f7r7f3f,40,0,1,2,1080,1920,1,0.054931640625,0.109375,0.5273165106773376,1,66,3.18287037037037e-05,968,0.06818181818181818,0.12121212121212122,865.4848484848485,198.0909090909091,858.8414634146342,218.15853658536585,1,79,0.0,0.0,2,0.33297625184059143
TRAIN,0f7r7f3f,40,1,2,2,1080,1920,1,0.9140625,7.09375,0.9991704225540161,1,6780,0.003269675925925926,7658,0.8853486550013058,0.6894826744753538,1107.3818584070796,308.6373156342183,1111.4712041884816,308.6013867270412,1,6481,0.8971387696709585,0.0,1,0.29184842109680176
TRAIN,0f7r7f3f,41,0,1,2,1080,1920,1,0.007568359375,-0.12158203125,0.46964189410209656,0,0,0.0,968,0.0,0.0,,,865.4848484848485,198.0909090909091,1,28,0.0,0.0,2,
TRAIN,0f7r7f3f,41,1,2,2,1080,1920,1,0.9140625,7.09375,0.9991704225540161,1,7236,0.0034895833333333333,7658,0.9448942282580308,0.7705912076806468,1102.4038142620232,307.414317302377,1107.3818584070796,308.6373156342183,1,6728,0.8926538357278395,0.0,1,0.23219674825668335
TRAIN,0f7r7f3f,42,0,1,2,1080,1920,1,0.083984375,0.1015625,0.5253688097000122,1,165,7.957175925925927e-05,968,0.17045454545454544,0.0,887.2545454545455,204.20606060606062,,,1,67,0.0,0.0,2,0.40349525213241577
TRAIN,0f7r7f3f,42,1,2,2,1080,1920,1,0.91796875,7.40625,0.9993928670883179,1,6636,0.0032002314814814814,7658,0.8665447897623401,0.8491069048253799,1100.4776974080771,302.5863471971067,1102.4038142620232,307.414317302377,1,6020,0.8666666666666667,0.0,1,0.2587171196937561
TRAIN,0f7r7f3f,43,0,1,2,1080,1920,1,0.142578125,0.35546875,0.5879430770874023,1,170,8.198302469135803e-05,968,0.1756198347107438,0.8406593406593407,887.5117647058823,203.28235294117647,887.2545454545455,204.20606060606062,1,221,0.018229166666666668,0.0,2,0.37459468841552734
TRAIN,0f7r7f3f,43,1,2,2,1080,1920,1,0.91796875,7.375,0.999373733997345,1,6376,0.0030748456790123456,7658,0.8325933664142073,0.6690610569522832,1093.340809284818,302.46267252195736,1100.4776974080771,302.5863471971067,1,5677,0.88210493441599,0.0,1,0.3482826054096222
TRAIN,0f7r7f3f,44,0,1,2,1080,1920,1,0.20703125,0.87109375,0.7049732804298401,1,210,0.00010127314814814815,968,0.21694214876033058,0.18012422360248448,894.4428571428572,206.12857142857143,887.5117647058823,203.28235294117647,1,453,0.027906976744186046,0.0,2,0.4200288951396942
TRAIN,0f7r7f3f,44,1,2,2,1080,1920,1,0.91796875,7.21875,0.9992678761482239,1,6503,0.0031360918209876543,7658,0.8491773308957953,0.7548712358631966,1091.0688912809474,302.08319237275106,1093.340809284818,302.46267252195736,1,5871,0.8796901108916907,0.0,1,0.35706573724746704
TRAIN,0f7r7f3f,45,0,1,2,1080,1920,1,0.1455078125,0.6015625,0.6460136771202087,1,205,9.886188271604939e-05,968,0.21177685950413222,0.0532994923857868,884.8878048780488,202.6390243902439,894.4428571428572,206.12857142857143,1,577,0.06684856753069578,0.0,2,0.2945723831653595
TRAIN,0f7r7f3f,45,1,2,2,1080,1920,1,0.88671875,6.96875,0.9990600943565369,1,7097,0.0034225501543209877,7658,0.9267432750065291,0.6157775929666152,1082.7628575454416,306.4082006481612,1091.0688912809474,302.08319237275106,1,6893,0.8995247793618466,0.0,1,0.2812831997871399
TRAIN,0f7r7f3f,46,0,1,2,1080,1920,1,0.2119140625,0.5625,0.637030839920044,1,294,0.00014178240740740742,968,0.3037190082644628,0.1444954128440367,876.2823129251701,202.59183673469389,884.8878048780488,202.6390243902439,1,879,0.21052631578947367,0.0,2,0.29492872953414917
TRAIN,0f7r7f3f,46,1,2,2,1080,1920,1,0.91015625,7.40625,0.9993928670883179,1,6720,0.0032407407407407406,7658,0.8775137111517367,0.4055951169888098,1068.046875,303.65833333333336,1082.7628575454416,306.4082006481612,1,6149,0.8936138905238376,0.0,1,0.3784782290458679
TRAIN,0f7r7f3f,47,0,1,2,1080,1920,1,0.349609375,1.765625,0.8539127111434937,1,782,0.0003771219135802469,968,0.8078512396694215,0.0,861.5575447570333,226.5690537084399,876.2823129251701,202.59183673469389,1,972,0.6897880539499036,0.0,2,0.447495698928833
TRAIN,0f7r7f3f,47,1,2,2,1080,1920,1,0.91015625,7.375,0.999373733997345,1,7244,0.0034934413580246914,7658,0.9459388874379734,0.3544131910766246,1050.9360850358917,308.2215626725566,1068.046875,303.65833333333336,1,6432,0.8739380652233488,0.0,1,0.2875184118747711
TRAIN,0f7r7f3f,48,0,1,2,1080,1920,1,0.53125,2.90625,0.9481545686721802,1,659,0.0003178047839506173,968,0.6807851239669421,0.0,844.5614567526555,230.00758725341427,861.5575447570333,226.5690537084399,1,593,0.6805369127516778,0.0,2,0.4777691662311554
TRAIN,0f7r7f3f,48,1,2,2,1080,1920,1,0.91796875,7.40625,0.9993928670883179,1,6834,0.0032957175925925927,7658,0.892400104465918,0.3351669195751138,1031.087357330992,309.0990635059994,1050.9360850358917,308.2215626725566,1,6331,0.8991633006347375,0.0,1,0.3601123094558716
TRAIN,0f7r7f3f,49,0,1,2,1080,1920,1,0.30859375,2.5,0.9241418242454529,1,276,0.00013310185185185186,968,0.28512396694214875,0.0,826.5652173913044,207.05797101449275,844.5614567526555,230.00758725341427,1,442,0.23793103448275862,0.0,2,0.2981484830379486
TRAIN,0f7r7f3f,49,1,2,2,1080,1920,1,0.90625,7.6875,0.9995417594909668,1,6206,0.002992862654320988,7658,0.8103943588404283,0.30792377131394183,1011.9576216564615,309.5796003867225,1031.087357330992,309.0990635059994,1,5706,0.8747245829398804,0.0,1,0.299408882856369
TRAIN,0f7r7f3f,50,0,1,2,1080,1920,1,0.259765625,0.466796875,0.6146253347396851,1,183,8.825231481481481e-05,968,0.1890495867768595,0.0,803.5956284153006,208.34972677595627,826.5652173913044,207.05797101449275,1,433,0.25203252032520324,0.0,2,0.3176829516887665
TRAIN,0f7r7f3f,50,1,2,2,1080,1920,1,0.859375,6.8125,0.9989012479782104,1,6552,0.003159722222222222,7658,0.8555758683729433,0.21690194582220526,988.128663003663,313.8643162393162,1011.9576216564615,309.5796003867225,1,6835,0.906436912560524,0.0,1,0.2740582823753357
TRAIN,0f7r7f3f,51,0,1,2,1080,1920,1,0.2255859375,1.421875,0.8056321740150452,1,178,8.584104938271605e-05,968,0.18388429752066116,0.0,781.0674157303371,215.76966292134833,803.5956284153006,208.34972677595627,1,716,0.1273644388398487,0.0,2,0.20595324039459229
TRAIN,0f7r7f3f,51,1,2,2,1080,1920,1,0.91015625,7.5,0.9994471669197083,1,6916,0.003335262345679012,7658,0.903107861060329,0.20875964817806497,962.6726431463273,321.0514748409485,988.128663003663,313.8643162393162,1,6282,0.8894774516821761,0.0,1,0.2797601819038391
TRAIN,0f7r7f3f,52,0,1,2,1080,1920,1,0.38671875,2.0,0.8807970285415649,1,647,0.00031201774691358024,968,0.6683884297520661,0.0,753.6800618238021,244.23493044822257,781.0674157303371,215.76966292134833,1,594,0.6884353741496598,0.0,2,0.5267744660377502
TRAIN,0f7r7f3f,52,1,2,2,1080,1920,1,0.9140625,7.375,0.999373733997345,1,6391,0.003082079475308642,7658,0.8345521023765996,0.2701154910756896,940.8211547488656,326.84165232358004,962.6726431463273,321.0514748409485,1,6082,0.9045655825316842,0.0,1,0.29145944118499756
TRAIN,0f7r7f3f,53,0,1,2,1080,1920,1,0.23828125,1.5859375,0.8300437331199646,1,225,0.00010850694444444444,968,0.23243801652892562,0.0,727.6266666666667,228.60888888888888,753.6800618238021,244.23493044822257,1,353,0.45226130653266333,0.0,2,0.3542640209197998
TRAIN,0f7r7f3f,53,1,2,2,1080,1920,1,0.90625,7.21875,0.9992678761482239,1,7356,0.0035474537037037037,7658,0.960564115957169,0.14720854543937245,910.2812669929309,327.61133768352363,940.8211547488656,326.84165232358004,1,6472,0.8593518892026355,0.0,1,0.2050444483757019
TRAIN,0f7r7f3f,54,0,1,2,1080,1920,1,0.22265625,1.0078125,0.7325918078422546,1,210,0.00010127314814814815,968,0.21694214876033058,0.0,709.3857142857142,225.12857142857143,727.6266666666667,228.60888888888888,1,432,0.038834951456310676,0.0,2,0.3213905692100525
TRAIN,0f7r7f3f,54,1,2,2,1080,1920,1,0.921875,7.40625,0.9993928670883179,1,7431,0.0035836226851851853,7658,0.9703577957691303,0.2539857530529172,885.9037814560625,335.3235096218544,910.2812669929309,327.61133768352363,1,6489,0.8592226525978363,0.0,1,0.3124442398548126
TRAIN,0f7r7f3f,55,0,1,2,1080,1920,1,0.169921875,0.86328125,0.703345775604248,1,86,4.147376543209877e-05,968,0.08884297520661157,0.0,671.7325581395348,232.74418604651163,709.3857142857142,225.12857142857143,1,244,0.012269938650306749,0.0,2,0.3776152729988098
TRAIN,0f7r7f3f,55,1,2,2,1080,1920,1,0.9140625,7.5,0.9994471669197083,1,6740,0.003250385802469136,7658,0.8801253591015931,0.27265379434216436,862.8808605341246,335.2679525222552,885.9037814560625,335.3235096218544,1,5760,0.849112426035503,0.0,1,0.24782569706439972
TRAIN,0f7r7f3f,56,0,1,2,1080,1920,1,0.2412109375,0.73828125,0.6766199469566345,1,284,0.00013695987654320987,968,0.29338842975206614,0.04815864022662889,660.8556338028169,227.82394366197184,671.7325581395348,232.74418604651163,1,271,0.025878003696857672,0.0,2,0.29628780484199524
TRAIN,0f7r7f3f,56,1,2,2,1080,1920,1,0.91015625,6.53125,0.9985449314117432,1,6674,0.003218557098765432,7658,0.8715069208670672,0.3239242005527043,843.2944261312556,335.87548696433925,862.8808605341246,335.2679525222552,1,5935,0.8830645161290323,0.0,1,0.3380930423736572
TRAIN,0f7r7f3f,57,0,1,2,1080,1920,1,0.310546875,0.6875,0.665410578250885,1,224,0.0001080246913580247,968,0.23140495867768596,0.0,637.1339285714286,231.05357142857142,660.8556338028169,227.82394366197184,1,214,0.12596401028277635,0.0,2,0.36747294664382935
TRAIN,0f7r7f3f,57,1,2,2,1080,1920,1,0.91015625,6.3125,0.9981897473335266,1,7429,0.0035826581790123456,7658,0.9700966309741447,0.26905426077566813,820.1176470588235,340.95652173913044,843.2944261312556,335.87548696433925,1,6540,0.8548665515867747,0.0,1,0.2776798903942108
TRAIN,0f7r7f3f,58,0,1,2,1080,1920,1,0.1298828125,0.2099609375,0.5522982478141785,1,139,6.703317901234568e-05,968,0.14359504132231404,0.07396449704142012,627.3669064748201,227.0359712230216,637.1339285714286,231.05357142857142,1,214,0.050595238095238096,0.0,2,0.30361059308052063
TRAIN,0f7r7f3f,58,1,2,2,1080,1920,1,0.90234375,6.75,0.9988304972648621,1,7096,0.003422067901234568,7658,0.9266126926090363,0.49311266447368424,806.8280721533258,340.05580608793684,820.1176470588235,340.95652173913044,1,6086,0.843894250944188,0.0,1,0.3116612136363983
TRAIN,0f7r7f3f,59,0,1,2,1080,1920,1,0.21875,0.322265625,0.5798763036727905,1,153,7.378472222222222e-05,968,0.15805785123966942,0.0,606.3071895424837,223.37254901960785,627.3669064748201,227.0359712230216,1,24,0.0,0.0,2,0.29486867785453796
TRAIN,0f7r7f3f,59,1,2,2,1080,1920,1,0.91796875,6.28125,0.9981324076652527,1,7146,0.0034461805555555556,7658,0.9331418124836772,0.2576827975980219,781.337391547719,335.60999160369437,806.8280721533258,340.05580608793684,1,6577,0.8972763721830499,0.0,1,0.29968389868736267
TRAIN,0f7r7f3f,60,0,1,2,1080,1920,1,6.230038707144558e-11,-0.5390625,0.36840569972991943,0,0,0.0,968,0.0,0.0,,,606.3071895424837,223.37254901960785,0,0,,0.0,2,
TRAIN,0f7r7f3f,60,1,2,2,1080,1920,1,0.86328125,5.40625,0.9955315589904785,1,7640,0.0036844135802469135,7658,0.9976495168451293,0.5346133886870783,770.1009162303665,340.49502617801045,781.337391547719,335.60999160369437,1,7823,0.8551889622075585,0.0,1,0.3004229664802551
TRAIN,0f7r7f3f,61,0,1,2,1080,1920,1,0.0001087188720703125,-0.1337890625,0.46660250425338745,0,0,0.0,968,0.0,,,,,,0,0,,0.0,2,
TRAIN,0f7r7f3f,61,1,2,2,1080,1920,1,0.90625,6.96875,0.9990600943565369,1,6568,0.0031674382716049385,7658,0.8576651867328284,0.7471716674864732,767.8829171741778,324.4736601705238,770.1009162303665,340.49502617801045,1,5752,0.872625018999848,0.0,1,0.32311195135116577
TRAIN,0f7r7f3f,62,0,1,2,1080,1920,1,0.208984375,0.427734375,0.6053325533866882,1,197,9.500385802469136e-05,968,0.20351239669421486,0.0,605.1472081218274,217.86802030456852,,,0,0,0.0,0.0,2,0.2789357006549835
TRAIN,0f7r7f3f,62,1,2,2,1080,1920,1,0.9140625,6.53125,0.9985449314117432,1,6804,0.00328125,7658,0.8884826325411335,0.7406925279875033,763.1828336272781,320.3909465020576,767.8829171741778,324.4736601705238,1,6223,0.9042537640695805,0.0,1,0.2453109174966812
TRAIN,0f7r7f3f,63,0,1,2,1080,1920,1,7.486343383789062e-05,-0.08935546875,0.47767600417137146,0,0,0.0,968,0.0,0.0,,,605.1472081218274,217.86802030456852,0,0,,0.0,2,
TRAIN,0f7r7f3f,63,1,2,2,1080,1920,1,0.90625,6.53125,0.9985449314117432,1,7297,0.0035190007716049384,7658,0.9528597545050927,0.7847107961017593,758.9576538303412,328.25544744415515,763.1828336272781,320.3909465020576,1,6673,0.8572188247806435,0.0,1,0.2988150715827942
TRAIN,0f7r7f3f,64,0,1,2,1080,1920,1,0.08642578125,0.1142578125,0.528533399105072,1,130,6.26929012345679e-05,968,0.13429752066115702,0.0,598.5461538461539,222.43846153846152,,,1,228,0.0,0.0,2,0.3390619158744812
TRAIN,0f7r7f3f,64,1,2,2,1080,1920,1,0.90625,6.875,0.9989677667617798,1,7294,0.003517554012345679,7658,0.9524680073126143,0.7368170455898108,753.6408006580751,335.13668768851113,758.9576538303412,328.25544744415515,1,6690,0.8899851331260982,0.0,1,0.3158998191356659
TRAIN,0f7r7f3f,65,0,1,2,1080,1920,1,0.078125,0.00408935546875,0.5010223388671875,1,145,6.99266975308642e-05,968,0.14979338842975207,0.676829268292683,599.8,222.59310344827585,598.5461538461539,222.43846153846152,1,338,0.0,0.0,2,0.3058653771877289
TRAIN,0f7r7f3f,65,1,2,2,1080,1920,1,0.90625,7.03125,0.9991169571876526,1,7371,0.0035546875,7658,0.9625228519195612,0.8335833958489622,751.6373626373627,331.8249898249898,753.6408006580751,335.13668768851113,1,6719,0.8824315297261189,0.0,1,0.3424261808395386
TRAIN,0f7r7f3f,66,0,1,2,1080,1920,1,1.8758328224066645e-12,-0.7734375,0.31573596596717834,0,0,0.0,968,0.0,0.0,,,599.8,222.59310344827585,1,389,0.0,0.0,2,
TRAIN,0f7r7f3f,66,1,2,2,1080,1920,1,0.88671875,6.90625,0.9989995360374451,1,7120,0.003433641975308642,7658,0.9297466701488639,0.6086811722912966,761.1509831460675,337.62808988764044,751.6373626373627,331.8249898249898,1,6823,0.9136700521548174,0.0,1,0.32827675342559814
TRAIN,0f7r7f3f,67,0,1,2,1080,1920,1,8.66885281955573e-22,-1.4296875,0.19314736127853394,0,0,0.0,968,0.0,,,,,,0,0,,0.0,2,
TRAIN,0f7r7f3f,67,1,2,2,1080,1920,1,0.87890625,6.3125,0.9981897473335266,1,6327,0.0030512152777777777,7658,0.8261948289370593,0.2359375,784.8839892524103,340.11885569780304,761.1509831460675,337.62808988764044,1,5982,0.9054179566563467,0.0,1,0.3349620997905731
TRAIN,0f7r7f3f,68,0,1,2,1080,1920,1,9.615974620928947e-24,-1.5703125,0.17217184603214264,0,0,0.0,968,0.0,,,,,,0,0,,0.0,2,
TRAIN,0f7r7f3f,68,1,2,2,1080,1920,1,0.87109375,5.8125,0.9970190525054932,1,6207,0.0029933449074074072,7658,0.8105249412379212,0.03552544613350958,824.9711615917513,334.9872724343483,784.8839892524103,340.11885569780304,1,6748,0.8600143575017947,0.0,1,0.38059002161026
TRAIN,0f7r7f3f,69,0,1,2,1080,1920,1,1.3732490638087374e-25,-1.90625,0.12940272688865662,0,0,0.0,968,0.0,,,,,,1,342,0.0,0.0,2,
TRAIN,0f7r7f3f,69,1,2,2,1080,1920,1,0.890625,5.875,0.9971990585327148,1,7109,0.0034283371913580245,7658,0.928310263776443,0.024071368145812504,867.2380081586721,341.00492333661555,824.9711615917513,334.9872724343483,1,7090,0.8692733017377567,0.0,1,0.2782402038574219
TRAIN,0f7r7f3f,70,0,1,2,1080,1920,1,8.205631676526035e-21,-1.2421875,0.2240554392337799,0,0,0.0,968,0.0,,,,,,1,526,0.0,0.0,2,
TRAIN,0f7r7f3f,70,1,2,2,1080,1920,1,0.89453125,6.84375,0.9989350438117981,1,7049,0.0033994020061728393,7658,0.9204753199268738,0.05060848916592461,908.4515534118315,346.45169527592566,867.2380081586721,341.00492333661555,1,6529,0.8438348723519826,0.0,1,0.3614497780799866
TRAIN,0f7r7f3f,71,0,1,2,1080,1920,1,2.574980159653073e-18,-1.203125,0.23091977834701538,0,0,0.0,968,0.0,,,,,,1,573,0.0,0.0,2,
TRAIN,0f7r7f3f,71,1,2,2,1080,1920,1,0.875,6.28125,0.9981324076652527,1,7606,0.003668016975308642,7658,0.9932097153303735,0.045590753424657536,952.7920063108072,343.90178806205626,908.4515534118315,346.45169527592566,1,7368,0.8617431306726346,0.0,1,0.2642226815223694
TRAIN,0f7r7f3f,72,0,1,2,1080,1920,1,8.998878031629687e-18,-1.046875,0.25982561707496643,0,0,0.0,968,0.0,,,,,,1,744,0.0,0.0,2,
TRAIN,0f7r7f3f,72,1,2,2,1080,1920,1,0.87109375,6.21875,0.9980121850967407,1,6828,0.003292824074074074,7658,0.891616610080961,0.0,1007.402460456942,344.2110427650849,952.7920063108072,343.90178806205626,1,7353,0.8598032786885246,0.0,1,0.3242519795894623
TRAIN,0f7r7f3f,73,0,1,2,1080,1920,1,7.851497230149107e-13,-0.7265625,0.3259495198726654,0,0,0.0,968,0.0,,,,,,1,888,0.0,0.0,2,
TRAIN,0f7r7f3f,73,1,2,2,1080,1920,1,0.890625,6.5625,0.9985895752906799,1,6276,0.0030266203703703705,7658,0.8195351266649256,0.11523404255319149,1038.9560229445506,344.9214467813894,1007.402460456942,344.2110427650849,1,5674,0.8783401446086136,0.0,1,0.35315415263175964
TRAIN,0f7r7f3f,74,0,1,2,1080,1920,1,0.66015625,1.359375,0.7956580519676208,1,656,0.00031635802469135804,968,0.6776859504132231,0.0,920.6021341463414,275.1829268292683,,,1,837,0.675645342312009,0.0,2,0.47224050760269165
TRAIN,0f7r7f3f,74,1,2,2,1080,1920,1,0.88671875,7.28125,0.999312162399292,1,6790,0.0032744984567901233,7658,0.886654478976234,0.07938868236266006,1074.418851251841,343.5537555228277,1038.9560229445506,344.9214467813894,1,5900,0.8533664378559953,0.0,1,0.2633448839187622
TRAIN,0f7r7f3f,75,0,1,2,1080,1920,1,0.61328125,1.4296875,0.8068526387214661,1,988,0.00047646604938271606,968,1.0206611570247934,0.0,956.6285425101214,269.6487854251012,920.6021341463414,275.1829268292683,1,960,0.7838827838827839,0.0,2,0.2976522147655487
TRAIN,0f7r7f3f,75,1,2,2,1080,1920,1,0.90234375,7.15625,0.999220609664917,1,6747,0.0032537615740740743,7658,0.8810394358840429,0.034859720204877306,1115.6758559359716,340.34133689046985,1074.418851251841,343.5537555228277,1,6529,0.8667041619797525,0.0,1,0.34277424216270447
TRAIN,0f7r7f3f,76,0,1,2,1080,1920,1,0.71484375,2.875,0.9465966820716858,1,1040,0.0005015432098765432,968,1.0743801652892562,0.0,985.123076923077,273.32884615384614,956.6285425101214,269.6487854251012,1,1033,0.8692515779981965,0.0,2,0.3879433274269104
TRAIN,0f7r7f3f,76,1,2,2,1080,1920,1,0.91796875,7.3125,0.9993333220481873,1,6388,0.003080632716049383,7658,0.8341603551841211,0.14706139201816434,1144.5928303068254,345.7215090795241,1115.6758559359716,340.34133689046985,1,5936,0.9068544019805044,0.0,1,0.3092454671859741
TRAIN,0f7r7f3f,77,0,1,2,1080,1920,1,0.73046875,3.515625,0.9711290597915649,1,1001,0.00048273533950617283,968,1.0340909090909092,0.0,1012.3486513486514,273.4175824175824,985.123076923077,273.32884615384614,1,960,0.8327102803738318,0.0,2,0.4078627824783325
TRAIN,0f7r7f3f,77,1,2,2,1080,1920,1,0.91796875,7.5,0.9994471669197083,1,6488,0.003128858024691358,7658,0.847218594933403,0.1573932584269663,1173.2239519112206,345.2469173859433,1144.5928303068254,345.7215090795241,1,6239,0.880466903073286,0.0,1,0.3211972415447235
TRAIN,0f7r7f3f,78,0,1,2,1080,1920,1,0.7109375,2.921875,0.9489172697067261,1,948,0.0004571759259259259,968,0.9793388429752066,0.0,1041.4430379746836,274.67088607594934,1012.3486513486514,273.4175824175824,1,862,0.747104247104247,0.0,2,0.45393627882003784
TRAIN,0f7r7f3f,78,1,2,2,1080,1920,1,0.89453125,7.0,0.9990890026092529,1,7283,0.003512249228395062,7658,0.9510316009401932,0.13099540078843627,1206.4759027873129,343.15213510915834,1173.2239519112206,345.2469173859433,1,6986,0.8889330156208631,0.0,1,0.3268551528453827
TRAIN,0f7r7f3f,79,0,1,2,1080,1920,1,0.400390625,0.58984375,0.6433292627334595,1,513,0.00024739583333333335,968,0.5299586776859504,0.0,1071.345029239766,275.98830409356725,1041.4430379746836,274.67088607594934,1,626,0.4811443433029909,0.0,2,0.3129420578479767
TRAIN,0f7r7f3f,79,1,2,2,1080,1920,1,0.890625,6.625,0.9986749291419983,1,6832,0.003294753086419753,7658,0.8921389396709324,0.15497913427706406,1238.2931791569088,347.9153981264637,1206.4759027873129,343.15213510915834,1,6542,0.8411343612334802,0.0,1,0.24682678282260895
TRAIN,0f7r7f3f,80,0,1,2,1080,1920,1,5.4836273193359375e-05,-0.466796875,0.38537469506263733,0,0,0.0,968,0.0,0.0,,,1071.345029239766,275.98830409356725,1,282,0.0,0.0,2,
TRAIN,0f7r7f3f,80,1,2,2,1080,1920,1,0.90234375,7.46875,0.9994296431541443,1,7007,0.0033791473765432097,7658,0.9149908592321755,0.1205668016194332,1272.9023833309548,347.59868702725845,1238.2931791569088,347.9153981264637,1,7059,0.8964540919509235,0.0,1,0.29935625195503235
TRAIN,0f7r7f3f,81,0,1,2,1080,1920,1,5.893525667488575e-10,-0.98828125,0.27125170826911926,0,0,0.0,968,0.0,,,,,,1,135,0.0,0.0,2,
TRAIN,0f7r7f3f,81,1,2,2,1080,1920,1,0.90234375,7.21875,0.9992678761482239,1,7980,0.0038483796296296295,7658,1.0420475319926874,0.21796017878911012,1300.1606516290726,352.4605263157895,1272.9023833309548,347.59868702725845,1,7555,0.8620400335610692,0.0,1,0.33128997683525085
TRAIN,0f7r7f3f,82,0,1,2,1080,1920,1,0.00592041015625,-0.392578125,0.4030968248844147,0,0,0.0,968,0.0,,,,,,0,0,,0.0,2,
TRAIN,0f7r7f3f,82,1,2,2,1080,1920,1,0.90234375,7.34375,0.99935382604599,1,7643,0.0036858603395061727,7658,0.9980412640376077,0.31628612351503915,1323.276985476907,355.85895590736624,1300.1606516290726,352.4605263157895,1,7197,0.8918918918918919,0.0,1,0.24436801671981812
TRAIN,0f7r7f3f,83,0,1,2,1080,1920,1,8.866190910339355e-07,-0.74609375,0.32167303562164307,0,0,0.0,968,0.0,,,,,,0,0,,0.0,2,
TRAIN,0f7r7f3f,83,1,2,2,1080,1920,1,0.89453125,7.53125,0.999464213848114,1,7195,0.0034698109567901235,7658,0.9395403499608252,0.29816272965879265,1346.4943710910354,350.54565670604586,1323.276985476907,355.85895590736624,1,7388,0.8634040378226425,0.0,1,0.2925202548503876
TRAIN,0f7r7f3f,84,0,1,2,1080,1920,1,4.192202140984591e-13,-1.34375,0.20689405500888824,0,0,0.0,968,0.0,,,,,,0,0,,0.0,2,
TRAIN,0f7r7f3f,84,1,2,2,1080,1920,1,0.89453125,7.0625,0.9991440773010254,1,7597,0.003663676697530864,7658,0.9920344737529381,0.34766763848396504,1367.0257996577595,346.6060286955377,1346.4943710910354,350.54565670604586,1,7317,0.8722068792367562,0.0,1,0.3430984318256378
TRAIN,0f7r7f3f,85,0,1,2,1080,1920,1,1.1059455573558807e-09,-0.921875,0.2845759987831116,0,0,0.0,968,0.0,,,,,,1,120,0.0,0.0,2,
TRAIN,0f7r7f3f,85,1,2,2,1080,1920,1,0.890625,6.9375,0.9990302324295044,1,5995,0.00289110725308642,7658,0.7828414729694437,0.3532457188371167,1385.2213511259383,348.5586321934946,1367.0257996577595,346.6060286955377,1,6155,0.8822618125484121,0.0,1,0.32301563024520874
TRAIN,0f7r7f3f,86,0,1,2,1080,1920,1,1.4051260155412137e-16,-1.4453125,0.19072403013706207,0,0,0.0,968,0.0,,,,,,1,346,0.0,0.0,2,
TRAIN,0f7r7f3f,86,1,2,2,1080,1920,1,0.90234375,7.21875,0.9992678761482239,1,6607,0.0031862461419753085,7658,0.8627579002350483,0.23246943765281172,1408.3653700620555,350.7608596942637,1385.2213511259383,348.5586321934946,1,6593,0.8881418967243598,0.0,1,0.3578483462333679
TRAIN,0f7r7f3f,87,0,1,2,1080,1920,1,0.53125,1.0390625,0.7386690378189087,1,691,0.0003332368827160494,968,0.7138429752066116,0.0,1218.2141823444283,272.2561505065123,,,1,585,0.6317135549872123,0.0,2,0.4958932399749756
TRAIN,0f7r7f3f,87,1,2,2,1080,1920,1,0.8984375,7.375,0.999373733997345,1,7568,0.0036496913580246915,7658,0.9882475842256464,0.4462809917355372,1423.811310782241,351.9583773784355,1408.3653700620555,350.7608596942637,1,6528,0.8559578670177749,0.0,1,0.2766864597797394
TRAIN,0f7r7f3f,88,0,1,2,1080,1920,1,0.546875,2.5625,0.9284088015556335,1,715,0.00034481095679012345,968,0.7386363636363636,0.42886178861788615,1221.7482517482517,277.53146853146853,1218.2141823444283,272.2561505065123,1,620,0.6877370417193426,0.0,2,0.5124127268791199
TRAIN,0f7r7f3f,88,1,2,2,1080,1920,1,0.8828125,7.0,0.9990890026092529,1,6752,0.003256172839506173,7658,0.881692347871507,0.6837154614932393,1430.5836789099526,357.1843898104265,1423.811310782241,351.9583773784355,1,7048,0.8590866226593021,0.0,1,0.33168160915374756
TRAIN,0f7r7f3f,89,0,1,2,1080,1920,1,0.55859375,3.59375,0.9732407331466675,1,732,0.00035300925925925924,968,0.756198347107438,0.41723800195886385,1226.7622950819673,278.5245901639344,1221.7482517482517,277.53146853146853,1,562,0.6718346253229974,0.0,2,0.4967760443687439
TRAIN,0f7r7f3f,89,1,2,2,1080,1920,1,0.89453125,7.34375,0.99935382604599,1,7186,0.0034654706790123455,7658,0.9383651083833899,0.7245731254639941,1434.6685221263567,348.137072084609,1430.5836789099526,357.1843898104265,1,7544,0.8986852281515855,0.0,1,0.34926944971084595
TRAIN,0f7r7f3f,90,0,1,2,1080,1920,1,0.65625,3.890625,0.9799765348434448,1,831,0.00040075231481481483,968,0.8584710743801653,0.5072324011571842,1229.4175691937426,283.7665463297232,1226.7622950819673,278.5245901639344,1,585,0.5646408839779006,0.0,2,0.5000095963478088
TRAIN,0f7r7f3f,90,1,2,2,1080,1920,1,0.8828125,7.1875,0.9992445707321167,1,6607,0.0031862461419753085,7658,0.8627579002350483,0.7170422009212001,1439.4605721204782,352.0829423338883,1434.6685221263567,348.137072084609,1,6214,0.8613530778164924,0.0,1,0.2848542034626007
TRAIN,0f7r7f3f,91,0,1,2,1080,1920,1,0.72265625,4.46875,0.9886682629585266,1,857,0.00041329089506172837,968,0.8853305785123967,0.34609250398724084,1234.679113185531,291.6371061843641,1229.4175691937426,283.7665463297232,1,797,0.7086776859504132,0.0,2,0.525831401348114
TRAIN,0f7r7f3f,91,1,2,2,1080,1920,1,0.87890625,7.46875,0.9994296431541443,1,6846,0.0033015046296296295,7658,0.8939670932358318,0.7430681523710806,1442.251387671633,363.6164183464797,1439.4605721204782,352.0829423338883,1,6706,0.8465731026025344,0.0,1,0.32053399085998535
TRAIN,0f7r7f3f,92,0,1,2,1080,1920,1,0.74609375,5.1875,0.9944451451301575,1,776,0.0003742283950617284,968,0.8016528925619835,0.3287225386493084,1239.756443298969,301.80927835051546,1234.679113185531,291.6371061843641,1,798,0.7665544332210998,0.0,2,0.548294186592102
TRAIN,0f7r7f3f,92,1,2,2,1080,1920,1,0.890625,7.53125,0.999464213848114,1,8368,0.004035493827160494,7658,1.0927135022199008,0.7179313459801264,1440.9960564053538,373.27306405353727,1442.251387671633,363.6164183464797,1,7574,0.8374827109266944,0.0,1,0.29659900069236755
TRAIN,0f7r7f3f,93,0,1,2,1080,1920,1,0.640625,4.875,0.9924227595329285,1,748,0.0003607253086419753,968,0.7727272727272727,0.3451015004413063,1245.0120320855615,308.76737967914437,1239.756443298969,301.80927835051546,1,820,0.8085351787773933,0.0,2,0.4730769693851471
TRAIN,0f7r7f3f,93,1,2,2,1080,1920,1,0.90234375,7.78125,0.9995827078819275,1,7890,0.003804976851851852,7658,1.0302951162183338,0.7056231640788921,1436.5690747782003,381.48022813688215,1440.9960564053538,373.27306405353727,1,7244,0.851027397260274,0.0,1,0.3038909435272217
TRAIN,0f7r7f3f,94,0,1,2,1080,1920,1,0.67578125,5.4375,0.9956685304641724,1,898,0.00043306327160493827,968,0.9276859504132231,0.4735899731423456,1248.2249443207127,317.44766146993317,1245.0120320855615,308.76737967914437,1,896,0.7815292949354519,0.0,2,0.41652023792266846
TRAIN,0f7r7f3f,94,1,2,2,1080,1920,1,0.8828125,7.71875,0.999555766582489,1,7649,0.0036887538580246916,7658,0.9988247584225647,0.6660233730031092,1435.0550398744933,393.4192704928749,1436.5690747782003,381.48022813688215,1,7159,0.8358542028266799,0.0,1,0.33115971088409424
TRAIN,0f7r7f3f,95,0,1,2,1080,1920,1,0.734375,5.1875,0.9944451451301575,1,767,0.00036988811728395064,968,0.7923553719008265,0.6616766467065869,1248.2216427640155,324.95827900912644,1248.2249443207127,317.44766146993317,1,892,0.636094674556213,0.0,2,0.42022204399108887
TRAIN,0f7r7f3f,95,1,2,2,1080,1920,1,0.90234375,7.53125,0.999464213848114,1,7054,0.0034018132716049383,7658,0.9211282319143379,0.7499404903594382,1432.5136092996881,393.1075985256592,1435.0550398744933,393.4192704928749,1,6013,0.8257649853290485,0.0,1,0.3458234965801239
TRAIN,0f7r7f3f,96,0,1,2,1080,1920,1,0.4375,2.296875,0.9086179733276367,1,647,0.00031201774691358024,968,0.6683884297520661,0.5763656633221851,1251.258114374034,324.1437403400309,1248.2216427640155,324.95827900912644,1,818,0.4873096446700508,0.0,2,0.3226579427719116
TRAIN,0f7r7f3f,96,1,2,2,1080,1920,1,0.875,7.5,0.9994471669197083,1,7208,0.00347608024691358,7658,0.9412379211282319,0.7677243430837878,1429.2316870144284,400.8081298557159,1432.5136092996881,393.1075985256592,1,6901,0.8109356950327301,0.0,1,0.2638014853000641
TRAIN,0f7r7f3f,97,0,1,2,1080,1920,1,0.66015625,3.625,0.9740425944328308,1,823,0.0003968942901234568,968,0.8502066115702479,0.5857605177993528,1248.4058323207776,331.9295261239368,1251.258114374034,324.1437403400309,1,739,0.7336293007769146,0.0,2,0.4451560080051422
TRAIN,0f7r7f3f,97,1,2,2,1080,1920,1,0.87109375,7.0625,0.9991440773010254,1,7731,0.003728298611111111,7658,1.0095325150169756,0.7264532532069803,1423.7005562023023,412.8530591126633,1429.2316870144284,400.8081298557159,1,7224,0.8607689436356849,0.0,1,0.36703741550445557
TRAIN,0f7r7f3f,98,0,1,2,1080,1920,1,0.703125,4.4375,0.9883127808570862,1,1019,0.0004914158950617284,968,1.052685950413223,0.5797598627787307,1244.0578999018646,334.40039254170756,1248.4058323207776,331.9295261239368,1,935,0.7861060329067642,0.0,2,0.3861370384693146
TRAIN,0f7r7f3f,98,1,2,2,1080,1920,1,0.87890625,7.46875,0.9994296431541443,1,7659,0.003693576388888889,7658,1.0001305823974929,0.5572194677729434,1413.271314793054,412.88901945423686,1423.7005562023023,412.8530591126633,1,6906,0.8455397871262037,0.0,1,0.3907420337200165
TRAIN,0f7r7f3f,99,0,1,2,1080,1920,1,0.76171875,4.8125,0.9919379353523254,1,1168,0.0005632716049382716,968,1.2066115702479339,0.7261247040252565,1241.9520547945206,340.6010273972603,1244.0578999018646,334.40039254170756,1,1175,0.8448818897637795,0.0,2,0.36846187710762024
TRAIN,0f7r7f3f,99,1,2,2,1080,1920,1,0.89453125,7.34375,0.99935382604599,1,7523,0.0036279899691358023,7658,0.9823713763384696,0.7303396398449966,1408.8850192742257,418.2540210022597,1413.271314793054,412.88901945423686,1,6894,0.8816235969720699,0.0,1,0.32286423444747925
TRAIN,0f7r7f3f,100,0,1,2,1080,1920,1,0.78515625,4.71875,0.9911527037620544,1,1228,0.0005922067901234567,968,1.2685950413223142,0.5528191834089436,1236.358306188925,340.9185667752443,1241.9520547945206,340.6010273972603,1,1257,0.8366592756836659,0.0,2,0.4579392671585083
TRAIN,0f7r7f3f,100,1,2,2,1080,1920,1,0.8828125,7.59375,0.9994966983795166,1,7609,0.0036694637345679013,7658,0.993601462522852,0.5858310626702997,1398.7504271257721,412.45643317124456,1408.8850192742257,418.2540210022597,1,7530,0.8778218804266932,0.0,1,0.2619614601135254
TRAIN,0f7r7f3f,101,0,1,2,1080,1920,1,0.76953125,5.15625,0.9942697286605835,1,1273,0.0006139081790123457,968,1.3150826446280992,0.7416434540389972,1234.0314218381775,337.6535742340927,1236.358306188925,340.9185667752443,1,1251,0.8504398826979472,0.0,2,0.4954003691673279
TRAIN,0f7r7f3f,101,1,2,2,1080,1920,1,0.8984375,7.8125,0.999595582485199,1,7437,0.0035865162037037037,7658,0.9711412901540872,0.6760610448925031,1390.2109721661961,408.25453812020976,1398.7504271257721,412.45643317124456,1,6542,0.836201234730067,0.0,1,0.3402559161186218
TRAIN,0f7r7f3f,102,0,1,2,1080,1920,1,0.7578125,5.5625,0.9961755275726318,1,1140,0.0005497685185185186,968,1.177685950413223,0.5291508238276299,1227.7701754385964,339.89122807017543,1234.0314218381775,337.6535742340927,1,1271,0.8390541571319603,0.0,2,0.46616411209106445
TRAIN,0f7r7f3f,102,1,2,2,1080,1920,1,0.8828125,7.3125,0.9993333220481873,1,6899,0.0033270640432098765,7658,0.9008879603029512,0.8269402319357716,1389.9002754022322,407.7463400492825,1390.2109721661961,408.25453812020976,1,6338,0.844363940365055,0.0,1,0.2781457006931305
TRAIN,0f7r7f3f,103,0,1,2,1080,1920,1,0.75390625,5.21875,0.9946150183677673,1,1084,0.0005227623456790124,968,1.1198347107438016,0.6474074074074074,1223.5765682656827,338.4594095940959,1227.7701754385964,339.89122807017543,1,1254,0.7065693430656934,0.0,2,0.4504558742046356
TRAIN,0f7r7f3f,103,1,2,2,1080,1920,1,0.89453125,7.90625,0.9996316432952881,1,8349,0.0040263310185185185,7658,1.090232436667537,0.7099921498261748,1383.6714576596,409.1412145167086,1389.9002754022322,407.7463400492825,1,7581,0.856859773866418,0.0,1,0.28507331013679504
TRAIN,0f7r7f3f,104,0,1,2,1080,1920,1,0.72265625,5.09375,0.9939024448394775,1,1121,0.0005406057098765432,968,1.1580578512396693,0.5761258041458185,1219.750223015165,333.25156110615524,1223.5765682656827,338.4594095940959,1,1107,0.8722689075630252,0.0,2,0.47929099202156067
TRAIN,0f7r7f3f,104,1,2,2,1080,1920,1,0.89453125,7.65625,0.9995272159576416,1,8210,0.0039592978395061726,7658,1.0720814834160355,0.5758469737342977,1373.4278928136418,407.1913520097442,1383.6714576596,409.1412145167086,1,7972,0.8811904208323645,0.0,1,0.299868643283844
TRAIN,0f7r7f3f,105,0,1,2,1080,1920,1,0.66796875,3.625,0.9740425944328308,1,1193,0.0005753279320987654,968,1.2324380165289257,0.27986725663716816,1209.129924559933,329.73679798826487,1219.750223015165,333.25156110615524,1,1307,0.7507002801120448,0.0,2,0.4252353608608246
TRAIN,0f7r7f3f,105,1,2,2,1080,1920,1,0.890625,7.21875,0.9992678761482239,1,8360,0.004031635802469136,7658,1.0916688430399581,0.37807717897538257,1356.045933014354,412.1525119617225,1373.4278928136418,407.1913520097442,1,8380,0.8819561551433389,0.0,1,0.3066020905971527
TRAIN,0f7r7f3f,106,0,1,2,1080,1920,1,0.73828125,4.53125,0.9893474578857422,1,1319,0.0006360918209876544,968,1.362603305785124,0.29417825862957236,1197.8703563305535,330.194086429113,1209.129924559933,329.73679798826487,1,1290,0.8143254520166898,0.0,2,0.27118247747421265
TRAIN,0f7r7f3f,106,1,2,2,1080,1920,1,0.90234375,8.0625,0.9996849298477173,1,8228,0.003967978395061729,7658,1.0744319665709063,0.5870646766169154,1345.4380165289256,405.89803111327177,1356.045933014354,412.1525119617225,1,7453,0.8956721470019342,0.0,1,0.32613614201545715
TRAIN,0f7r7f3f,107,0,1,2,1080,1920,1,0.80078125,5.59375,0.996292769908905,1,1229,0.0005926890432098765,968,1.2696280991735538,0.6396396396396397,1193.8380797396258,327.6126932465419,1197.8703563305535,330.194086429113,1,1196,0.8740340030911901,0.0,2,0.4109336733818054
TRAIN,0f7r7f3f,107,1,2,2,1080,1920,1,0.91015625,7.65625,0.9995272159576416,1,7260,0.0035011574074074073,7658,0.9480282057978584,0.8374658915648356,1342.2038567493114,401.0858126721763,1345.4380165289256,405.89803111327177,1,6617,0.9056577863224389,0.0,1,0.30491167306900024
TRAIN,0f7r7f3f,108,0,1,2,1080,1920,1,0.79296875,5.15625,0.9942697286605835,1,1174,0.0005661651234567901,968,1.212809917355372,0.5705882352941176,1189.6626916524701,322.77342419080065,1193.8380797396258,327.6126932465419,1,1085,0.8115477145148356,0.0,2,0.4667152762413025
TRAIN,0f7r7f3f,108,1,2,2,1080,1920,1,0.921875,7.96875,0.9996540546417236,1,7682,0.003704668209876543,7658,1.0031339775398276,0.8083020694662956,1342.4291851080447,397.84600364488415,1342.2038567493114,401.0858126721763,1,7184,0.9273953066251782,0.0,1,0.27160346508026123
TRAIN,0f7r7f3f,109,0,1,2,1080,1920,1,0.68359375,5.0,0.9933071732521057,1,772,0.00037229938271604937,968,0.7975206611570248,0.5250783699059561,1185.19689119171,323.67487046632124,1189.6626916524701,322.77342419080065,1,772,0.7995337995337995,0.0,2,0.5100535750389099
TRAIN,0f7r7f3f,109,1,2,2,1080,1920,1,0.9140625,7.5,0.9994471669197083,1,8270,0.003988233024691358,7658,1.0799164272656046,0.8833530106257379,1340.9893591293833,399.35259975816206,1342.4291851080447,397.84600364488415,1,7239,0.873972933784437,0.0,1,0.24878129363059998
TRAIN,0f7r7f3f,110,0,1,2,1080,1920,1,0.2119140625,1.328125,0.7905303239822388,1,195,9.403935185185185e-05,968,0.20144628099173553,0.06263736263736264,1182.374358974359,297.1897435897436,1185.19689119171,323.67487046632124,1,433,0.18045112781954886,0.0,2,0.310030996799469
TRAIN,0f7r7f3f,110,1,2,2,1080,1920,1,0.91015625,7.25,0.9992903470993042,1,7942,0.003830054012345679,7658,1.0370854008879602,0.8534354635875158,1338.520901536137,400.13585998489043,1340.9893591293833,399.35259975816206,1,7150,0.8933634424789864,0.0,1,0.2544160485267639
TRAIN,0f7r7f3f,111,0,1,2,1080,1920,1,0.11767578125,0.2333984375,0.5580862164497375,1,121,5.835262345679012e-05,968,0.125,0.3004115226337449,1182.0,288.495867768595,1182.374358974359,297.1897435897436,1,228,0.0,0.0,2,0.34671884775161743
TRAIN,0f7r7f3f,111,1,2,2,1080,1920,1,0.91796875,7.40625,0.9993928670883179,1,8374,0.004038387345679012,7658,1.0934969966048578,0.8932466929682061,1338.6373298304275,399.0551707666587,1338.520901536137,400.13585998489043,1,7563,0.8867053391736711,0.0,1,0.27042078971862793
TRAIN,0f7r7f3f,112,0,1,2,1080,1920,1,0.39453125,1.1015625,0.750552773475647,1,944,0.0004552469135802469,968,0.9752066115702479,0.02700096432015429,1185.8591101694915,321.1726694915254,1182.0,288.495867768595,1,841,0.6792097836312324,0.0,2,0.4108039140701294
TRAIN,0f7r7f3f,112,1,2,2,1080,1920,1,0.90625,7.46875,0.9994296431541443,1,8858,0.004271797839506173,7658,1.1566988769913815,0.7460735636842638,1343.4808083088733,400.3582072702642,1338.6373298304275,399.0551707666587,1,8029,0.8974157303370787,0.0,1,0.301998108625412
TRAIN,0f7r7f3f,113,0,1,2,1080,1920,1,0.7265625,4.75,0.9914224743843079,1,1057,0.000509741512345679,968,1.0919421487603307,0.7430313588850174,1186.3651844843898,317.5127719962157,1185.8591101694915,321.1726694915254,1,1295,0.7750943396226415,0.0,2,0.48245012760162354
TRAIN,0f7r7f3f,113,1,2,2,1080,1920,1,0.90234375,7.5625,0.999480664730072,1,9007,0.004343653549382716,7658,1.1761556542178115,0.5815332861189801,1353.8780948151439,395.0908182524703,1343.4808083088733,400.3582072702642,1,7767,0.8432967032967033,0.0,1,0.3331024944782257
TRAIN,0f7r7f3f,114,0,1,2,1080,1920,1,0.7734375,4.3125,0.9867772459983826,1,1078,0.0005198688271604938,968,1.1136363636363635,0.5652492668621701,1191.0936920222634,320.03061224489795,1186.3651844843898,317.5127719962157,1,1355,0.7929255711127488,0.0,2,0.5085510015487671
TRAIN,0f7r7f3f,114,1,2,2,1080,1920,1,0.8828125,7.21875,0.9992678761482239,1,9005,0.004342689043209877,7658,1.1758944894228258,0.5174389216512215,1367.6250971682398,395.92393114936147,1353.8780948151439,395.0908182524703,1,8120,0.8441740254146026,0.0,1,0.30187344551086426
TRAIN,0f7r7f3f,115,0,1,2,1080,1920,1,0.66796875,4.46875,0.9886682629585266,1,992,0.0004783950617283951,968,1.024793388429752,0.05236400610066091,1208.782258064516,314.76108870967744,1191.0936920222634,320.03061224489795,1,1337,0.6659513590844063,0.0,2,0.528278112411499
TRAIN,0f7r7f3f,115,1,2,2,1080,1920,1,0.89453125,7.59375,0.9994966983795166,1,8704,0.004197530864197531,7658,1.1365891877774876,0.3572194972409565,1388.5636488970588,390.6354549632353,1367.6250971682398,395.92393114936147,1,8084,0.85996011522269,0.0,1,0.2652340531349182
TRAIN,0f7r7f3f,116,0,1,2,1080,1920,1,0.72265625,5.15625,0.9942697286605835,1,1359,0.0006553819444444444,968,1.4039256198347108,0.03204565408252853,1228.9793966151583,306.9970566593083,1208.782258064516,314.76108870967744,1,1393,0.7539834289356278,0.0,2,0.4454564154148102
TRAIN,0f7r7f3f,116,1,2,2,1080,1920,1,0.91015625,7.96875,0.9996540546417236,1,8361,0.004032118055555555,7658,1.091799425437451,0.37620967741935485,1409.5025714627436,384.3124028226289,1388.5636488970588,390.6354549632353,1,8173,0.8987138263665595,0.0,1,0.3272082805633545
TRAIN,0f7r7f3f,117,0,1,2,1080,1920,1,0.67578125,3.1875,0.9603611826896667,1,1267,0.0006110146604938272,968,1.3088842975206612,0.007674597083653108,1251.9084451460142,302.0126282557222,1228.9793966151583,306.9970566593083,1,1307,0.704635761589404,0.0,2,0.37697505950927734
TRAIN,0f7r7f3f,117,1,2,2,1080,1920,1,0.875,5.90625,0.997285008430481,1,8608,0.004151234567901235,7658,1.124053277618177,0.2601366404277439,1436.2436105947954,379.6921468401487,1409.5025714627436,384.3124028226289,1,8835,0.8263009108993823,0.0,1,0.32891595363616943
TRAIN,0f7r7f3f,118,0,1,2,1080,1920,1,0.7109375,4.78125,0.9916841983795166,1,1218,0.0005873842592592593,968,1.2582644628099173,0.06469580119965725,1271.5591133004925,295.55500821018063,1251.9084451460142,302.0126282557222,1,1360,0.6794788273615635,0.0,2,0.4171258509159088
TRAIN,0f7r7f3f,118,1,2,2,1080,1920,1,0.91015625,7.46875,0.9994296431541443,1,8793,0.004240451388888889,7658,1.1482110211543484,0.32984333205961025,1459.3464119185717,370.990674400091,1436.2436105947954,379.6921468401487,1,7754,0.8741646845622381,0.0,1,0.3316520154476166
TRAIN,0f7r7f3f,119,0,1,2,1080,1920,1,0.75390625,5.40625,0.9955315589904785,1,1274,0.0006143904320987654,968,1.3161157024793388,0.7329624478442281,1274.0204081632653,290.77472527472526,1271.5591133004925,295.55500821018063,1,1215,0.7639971651311127,0.0,2,0.5009448528289795
TRAIN,0f7r7f3f,119,1,2,2,1080,1920,1,0.91796875,7.875,0.9996199607849121,1,8283,0.0039945023148148144,7658,1.0816139984330113,0.6033802816901408,1470.5466618374985,367.667994687915,1459.3464119185717,370.990674400091,1,8076,0.915125263404355,0.0,1,0.3042300343513489
TRAIN,0f7r7f3f,120,0,1,2,1080,1920,1,0.7734375,5.0,0.9933071732521057,1,1216,0.0005864197530864197,968,1.256198347107438,0.6147859922178989,1278.9416118421052,289.3733552631579,1274.0204081632653,290.77472527472526,1,1221,0.7840409956076134,0.0,2,0.47250139713287354
TRAIN,0f7r7f3f,120,1,2,2,1080,1920,1,0.90625,7.625,0.9995121955871582,1,9242,0.004456983024691358,7658,1.2068425176286237,0.7723503236245954,1475.5632979874485,369.5192599004545,1470.5466618374985,367.667994687915,1,8377,0.8654314452091053,0.0,1,0.28699609637260437
TRAIN,0f7r7f3f,121,0,1,2,1080,1920,1,0.7421875,5.28125,0.9949396848678589,1,1365,0.0006582754629629629,968,1.4101239669421488,0.5689969604863222,1282.9069597069597,296.5084249084249,1278.9416118421052,289.3733552631579,1,1460,0.8320363164721142,0.0,2,0.4262820780277252
TRAIN,0f7r7f3f,121,1,2,2,1080,1920,1,0.91015625,7.84375,0.9996079802513123,1,8337,0.004020543981481482,7658,1.0886654478976234,0.7141882008776207,1478.6060933189397,375.6166486745832,1475.5632979874485,369.5192599004545,1,7699,0.874240299205236,0.0,1,0.26342350244522095
TRAIN,0f7r7f3f,122,0,1,2,1080,1920,1,0.72265625,5.0,0.9933071732521057,1,1328,0.0006404320987654321,968,1.371900826446281,0.33184965380811077,1292.5948795180723,301.73493975903614,1282.9069597069597,296.5084249084249,1,1325,0.7757697456492637,0.0,2,0.5089631080627441
TRAIN,0f7r7f3f,122,1,2,2,1080,1920,1,0.92578125,7.875,0.9996199607849121,1,8809,0.0042481674382716045,7658,1.1503003395142335,0.6582205029013539,1485.4068566239073,379.61369054376206,1478.6060933189397,375.6166486745832,1,8306,0.8905335247984094,0.0,1,0.343144029378891
TRAIN,0f7r7f3f,123,0,1,2,1080,1920,1,0.734375,5.375,0.9953904151916504,1,936,0.00045138888888888887,968,0.9669421487603306,0.4238993710691824,1296.4209401709402,313.8685897435897,1292.5948795180723,301.73493975903614,1,1423,0.6473463687150838,0.0,2,0.554987907409668
TRAIN,0f7r7f3f,123,1,2,2,1080,1920,1,0.9140625,7.84375,0.9996079802513123,1,7957,0.0038372878086419754,7658,1.0390441368503525,0.7083757896882005,1490.4700263918562,390.9580243810481,1485.4068566239073,379.61369054376206,1,8075,0.8790436005625879,0.0,1,0.3067120313644409
TRAIN,0f7r7f3f,124,0,1,2,1080,1920,1,0.80078125,5.53125,0.9960545301437378,1,1340,0.0006462191358024692,968,1.384297520661157,0.4377763739734681,1299.2649253731342,329.67985074626864,1296.4209401709402,313.8685897435897,1,1383,0.8299731182795699,0.0,2,0.41531670093536377
TRAIN,0f7r7f3f,124,1,2,2,1080,1920,1,0.921875,7.90625,0.9996316432952881,1,8405,0.004053337191358025,7658,1.097545050927135,0.5785817655571636,1500.0555621653778,410.8019036287924,1490.4700263918562,390.9580243810481,1,7660,0.905693950177936,0.0,1,0.34048277139663696
TRAIN,0f7r7f3f,125,0,1,2,1080,1920,1,0.7734375,5.375,0.9953904151916504,1,1239,0.0005975115740740741,968,1.2799586776859504,0.43118756936736957,1305.7175141242938,340.6908797417272,1299.2649253731342,329.67985074626864,1,1365,0.8008298755186722,0.0,2,0.44302424788475037
TRAIN,0f7r7f3f,125,1,2,2,1080,1920,1,0.9140625,8.1875,0.9997219443321228,1,9131,0.004403452932098766,7658,1.192347871506921,0.6342963653308481,1509.0181798269632,417.5648888402147,1500.0555621653778,410.8019036287924,1,8040,0.8680374238468234,0.0,1,0.2772669494152069
TRAIN,0f7r7f3f,126,0,1,2,1080,1920,1,0.67578125,5.125,0.9940890073776245,1,886,0.0004272762345679012,968,0.9152892561983471,0.5049575070821529,1308.2291196388262,347.3814898419865,1305.7175141242938,340.6908797417272,1,1049,0.7850553505535055,0.0,2,0.5639225244522095
TRAIN,0f7r7f3f,126,1,2,2,1080,1920,1,0.91015625,7.65625,0.9995272159576416,1,8902,0.004293016975308642,7658,1.1624445024810655,0.642948250728863,1517.6655807683667,428.889463042013,1509.0181798269632,417.5648888402147,1,8598,0.9030013049151805,0.0,1,0.3032042384147644
TRAIN,0f7r7f3f,127,0,1,2,1080,1920,1,0.6328125,4.96875,0.9930961728096008,1,696,0.0003356481481481481,968,0.71900826446281,0.29565929565929566,1313.5488505747126,358.32327586206895,1308.2291196388262,347.3814898419865,1,893,0.6314168377823408,0.0,2,0.5313742756843567
TRAIN,0f7r7f3f,127,1,2,2,1080,1920,1,0.90625,7.625,0.9995121955871582,1,7646,0.003687307098765432,7658,0.9984330112300862,0.5407821229050279,1529.5538843839915,438.89118493329846,1517.6655807683667,428.889463042013,1,7507,0.889637111859334,0.0,1,0.31017911434173584
TRAIN,0f7r7f3f,128,0,1,2,1080,1920,1,0.58203125,4.15625,0.9845753908157349,1,765,0.0003689236111111111,968,0.7902892561983471,0.5726587728740581,1315.3516339869282,365.5372549019608,1313.5488505747126,358.32327586206895,1,829,0.6832101372756072,0.0,2,0.5184670090675354
TRAIN,0f7r7f3f,128,1,2,2,1080,1920,1,0.91015625,7.75,0.9995694756507874,1,8067,0.003890335648148148,7658,1.0534082005745626,0.6018962177592008,1539.9889673980415,442.2323044502293,1529.5538843839915,438.89118493329846,1,8122,0.8696154290333756,0.0,1,0.3565653860569
TRAIN,0f7r7f3f,129,0,1,2,1080,1920,1,0.6015625,4.625,0.9902915358543396,1,723,0.0003486689814814815,968,0.746900826446281,0.6737907761529809,1314.2143845089904,373.53526970954357,1315.3516339869282,365.5372549019608,1,878,0.6122860020140987,0.0,2,0.5308690667152405
TRAIN,0f7r7f3f,129,1,2,2,1080,1920,1,0.91015625,7.4375,0.9994115829467773,1,8759,0.004224054783950618,7658,1.1437712196395926,0.6458965078744009,1549.061194200251,451.6142253681927,1539.9889673980415,442.2323044502293,1,8089,0.8824581005586593,0.0,1,0.3312995731830597
TRAIN,0f7r7f3f,130,0,1,2,1080,1920,1,0.59375,4.875,0.9924227595329285,1,747,0.00036024305555555554,968,0.7716942148760331,0.4540059347181009,1309.6157965194109,376.9986613119143,1314.2143845089904,373.53526970954357,1,654,0.6121979286536249,0.0,2,0.5203340649604797
TRAIN,0f7r7f3f,130,1,2,2,1080,1920,1,0.890625,7.75,0.9995694756507874,1,9290,0.004480131172839506,7658,1.2131104727082789,0.7872066541241707,1552.5632938643703,457.74359526372444,1549.061194200251,451.6142253681927,1,8458,0.8751188589540412,0.0,1,0.3099665641784668
TRAIN,0f7r7f3f,131,0,1,2,1080,1920,1,0.6171875,3.640625,0.9744347929954529,1,469,0.0002261766975308642,968,0.484504132231405,0.1898238747553816,1301.1407249466952,381.10660980810235,1309.6157965194109,376.9986613119143,1,627,0.6358208955223881,0.0,2,0.5102450847625732
TRAIN,0f7r7f3f,131,1,2,2,1080,1920,1,0.890625,7.875,0.9996199607849121,1,9420,0.004542824074074074,7658,1.2300861843823452,0.7699366190521237,1553.5622080679404,449.7339702760085,1552.5632938643703,457.74359526372444,1,8801,0.8281328383666098,0.0,1,0.34517666697502136
TRAIN,0f7r7f3f,132,0,1,2,1080,1920,1,0.63671875,4.84375,0.9921841025352478,1,574,0.0002768132716049383,968,0.5929752066115702,0.0,1285.7996515679442,376.25087108013935,1301.1407249466952,381.10660980810235,1,652,0.6174142480211082,0.0,2,0.40908926725387573
TRAIN,0f7r7f3f,132,1,2,2,1080,1920,1,0.90625,8.0625,0.9996849298477173,1,8470,0.004084683641975308,7658,1.106032906764168,0.600608392234052,1541.63093270366,449.2014167650531,1553.5622080679404,449.7339702760085,1,7907,0.8897992153242558,0.0,1,0.3615510165691376
TRAIN,0f7r7f3f,133,0,1,2,1080,1920,1,0.67578125,5.25,0.9947799444198608,1,853,0.0004113618827160494,968,0.881198347107438,0.0,1271.0410316529894,375.1570926143025,1285.7996515679442,376.25087108013935,1,698,0.7252502780867631,0.0,2,0.5411958694458008
TRAIN,0f7r7f3f,133,1,2,2,1080,1920,1,0.91015625,8.375,0.9997695088386536,1,8038,0.0038763503086419755,7658,1.0496213110472707,0.5042828503736103,1527.8141328688728,457.1903458571784,1541.63093270366,449.2014167650531,1,8046,0.8761227108363466,0.0,1,0.30502697825431824
TRAIN,0f7r7f3f,134,0,1,2,1080,1920,1,0.494140625,1.984375,0.8791467547416687,1,511,0.0002464313271604938,968,0.5278925619834711,0.0,1248.1682974559687,377.33463796477497,1271.0410316529894,375.1570926143025,1,1002,0.49358341559723595,0.0,2,0.4890351891517639
TRAIN,0f7r7f3f,134,1,2,2,1080,1920,1,0.8828125,6.25,0.9980732202529907,1,8293,0.003999324845679012,7658,1.0829198224079395,0.3612569809118946,1508.338719401905,452.7614855902568,1527.8141328688728,457.1903458571784,1,8795,0.8431668644159206,0.0,1,0.28251057863235474
TRAIN,0f7r7f3f,135,0,1,2,1080,1920,1,0.6875,6.0,0.9975274205207825,1,815,0.00039303626543209875,968,0.8419421487603306,0.0091324200913242,1235.7018404907976,373.1447852760736,1248.1682974559687,377.33463796477497,1,907,0.6573628488931665,0.0,2,0.5089572668075562
TRAIN,0f7r7f3f,135,1,2,2,1080,1920,1,0.8984375,7.40625,0.9993928670883179,1,7911,0.0038151041666666667,7658,1.033037346565683,0.711629872187599,1501.8221463784603,451.3476172418152,1508.338719401905,452.7614855902568,1,7992,0.8936651583710408,0.0,1,0.27660518884658813
TRAIN,0f7r7f3f,136,0,1,2,1080,1920,1,0.703125,6.34375,0.998245358467102,1,715,0.00034481095679012345,968,0.7386363636363636,0.298811544991511,1241.937062937063,377.68531468531467,1235.7018404907976,373.1447852760736,1,971,0.6627218934911243,0.0,2,0.49596741795539856
TRAIN,0f7r7f3f,136,1,2,2,1080,1920,1,0.90234375,7.75,0.9995694756507874,1,7664,0.0036959876543209876,7658,1.000783494384957,0.6343126967471143,1510.2930584551148,457.821503131524,1501.8221463784603,451.3476172418152,1,7380,0.9093793628633076,0.0,1,0.34822118282318115
TRAIN,0f7r7f3f,137,0,1,2,1080,1920,1,0.76953125,7.65625,0.9995272159576416,1,982,0.00047357253086419756,968,1.0144628099173554,0.34896661367249604,1234.550916496945,385.76476578411405,1241.937062937063,377.68531468531467,1,1092,0.7696245733788396,0.0,2,0.4930382966995239
TRAIN,0f7r7f3f,137,1,2,2,1080,1920,1,0.9140625,8.0625,0.9996849298477173,1,8317,0.004010898919753087,7658,1.086053799947767,0.8641082468214161,1509.1370686545629,464.8054586990501,1510.2930584551148,457.821503131524,1,8247,0.9202411314630188,0.0,1,0.3181236684322357
TRAIN,0f7r7f3f,138,0,1,2,1080,1920,1,0.6796875,5.15625,0.9942697286605835,1,1007,0.0004856288580246914,968,1.040289256198347,0.046291425565491845,1252.2313803376364,391.4240317775571,1234.550916496945,385.76476578411405,1,946,0.6735218508997429,0.0,2,0.5394898056983948
TRAIN,0f7r7f3f,138,1,2,2,1080,1920,1,0.890625,6.625,0.9986749291419983,1,8068,0.003890817901234568,7658,1.0535387829720553,0.3225441924287675,1530.4619484382747,471.27627664848785,1509.1370686545629,464.8054586990501,1,8858,0.8462041884816754,0.0,1,0.32604825496673584
TRAIN,0f7r7f3f,139,0,1,2,1080,1920,1,0.6953125,5.5625,0.9961755275726318,1,891,0.0004296875,968,0.9204545454545454,0.45329249617151607,1249.0740740740741,403.20089786756455,1252.2313803376364,391.4240317775571,1,1233,0.6750788643533123,0.0,2,0.5007286071777344
TRAIN,0f7r7f3f,139,1,2,2,1080,1920,1,0.91015625,7.5625,0.999480664730072,1,8814,0.0042505787037037035,7658,1.1509532515016976,0.7589081058553865,1531.621738143862,484.2070569548446,1530.4619484382747,471.27627664848785,1,8375,0.9064995563442768,0.0,1,0.3221932649612427
TRAIN,0f7r7f3f,140,0,1,2,1080,1920,1,0.75390625,5.8125,0.9970190525054932,1,1150,0.000554591049382716,968,1.18801652892562,0.1518058690744921,1236.9886956521739,414.7869565217391,1249.0740740740741,403.20089786756455,1,1366,0.7127297481279782,0.0,2,0.5170468091964722
TRAIN,0f7r7f3f,140,1,2,2,1080,1920,1,0.89453125,7.6875,0.9995417594909668,1,9285,0.004477719907407408,7658,1.2124575607208148,0.7178246013667426,1529.9256865912762,498.3181475498115,1531.621738143862,484.2070569548446,1,9189,0.8963251898994047,0.0,1,0.2855791449546814
TRAIN,0f7r7f3f,141,0,1,2,1080,1920,1,0.703125,6.5625,0.9985895752906799,1,1043,0.0005029899691358024,968,1.0774793388429753,0.2922804949911609,1227.6452540747844,424.86577181208054,1236.9886956521739,414.7869565217391,1,1063,0.7448218724109362,0.0,2,0.4933660328388214
TRAIN,0f7r7f3f,141,1,2,2,1080,1920,1,0.890625,7.40625,0.9993928670883179,1,8899,0.004291570216049383,7658,1.162052755288587,0.6946877912395154,1535.1561973255423,508.7459265085965,1529.9256865912762,498.3181475498115,1,8627,0.896342782947414,0.0,1,0.3539883494377136
TRAIN,0f7r7f3f,142,0,1,2,1080,1920,1,0.30859375,1.5625,0.8267117738723755,1,431,0.00020785108024691358,968,0.4452479338842975,0.30558015943312666,1226.6496519721577,438.63573085846866,1227.6452540747844,424.86577181208054,0,0,0.0,0.0,2,0.3046875596046448
TRAIN,0f7r7f3f,142,1,2,2,1080,1920,1,0.87109375,7.1875,0.9992445707321167,1,9159,0.004416956018518519,7658,1.1960041786367197,0.511635693956136,1544.6049787094662,528.7383993885795,1535.1561973255423,508.7459265085965,1,8960,0.8496325030624745,0.0,1,0.3844376802444458
TRAIN,0f7r7f3f,143,0,1,2,1080,1920,1,0.1630859375,1.5,0.8175744414329529,1,406,0.00019579475308641975,968,0.4194214876033058,0.0,1208.3177339901479,450.86699507389164,1226.6496519721577,438.63573085846866,1,49,0.041189931350114416,0.0,2,0.34150245785713196
TRAIN,0f7r7f3f,143,1,2,2,1080,1920,1,0.890625,7.65625,0.9995272159576416,1,8123,0.003917341820987654,7658,1.0607208148341603,0.44353491480120283,1561.1588083220486,523.4942755139726,1544.6049787094662,528.7383993885795,1,8199,0.8212452577549654,0.0,1,0.33837080001831055
TRAIN,0f7r7f3f,144,0,1,2,1080,1920,1,0.640625,6.75,0.9988304972648621,1,704,0.00033950617283950616,968,0.7272727272727273,0.25565610859728505,1214.90625,454.44034090909093,1208.3177339901479,450.86699507389164,1,932,0.7059436913451512,0.0,2,0.5944313406944275
TRAIN,0f7r7f3f,144,1,2,2,1080,1920,1,0.88671875,7.25,0.9992903470993042,1,7913,0.003816068672839506,7658,1.0332985113606685,0.4775638072422372,1574.9571591052697,535.1539239226589,1561.1588083220486,523.4942755139726,1,7883,0.9237608086712946,0.0,1,0.35480016469955444
TRAIN,0f7r7f3f,145,0,1,2,1080,1920,1,0.7734375,6.625,0.9986749291419983,1,1011,0.00048755787037037035,968,1.0444214876033058,0.5791896869244936,1217.324431256182,459.7448071216617,1214.90625,454.44034090909093,1,1208,0.7752,0.0,2,0.5068886876106262
TRAIN,0f7r7f3f,145,1,2,2,1080,1920,1,0.890625,7.0,0.9990890026092529,1,8086,0.0038994984567901235,7658,1.0558892661269261,0.4312936124530327,1591.4736581746229,539.4138016324512,1574.9571591052697,535.1539239226589,1,8224,0.905373831775701,0.0,1,0.26254352927207947
TRAIN,0f7r7f3f,146,0,1,2,1080,1920,1,0.71875,6.25,0.9980732202529907,1,1218,0.0005873842592592593,968,1.2582644628099173,0.4625984251968504,1224.105090311987,465.5016420361248,1217.324431256182,459.7448071216617,1,1381,0.7874828060522696,0.0,2,0.4806988537311554
TRAIN,0f7r7f3f,146,1,2,2,1080,1920,1,0.890625,7.28125,0.999312162399292,1,9529,0.004595389660493827,7658,1.2443196657090625,0.25776508389860764,1620.1588834085424,553.436037359639,1591.4736581746229,539.4138016324512,1,9391,0.8880351262349067,0.0,1,0.35691919922828674
TRAIN,0f7r7f3f,147,0,1,2,1080,1920,1,0.7734375,6.71875,0.998793363571167,1,1473,0.0007103587962962963,968,1.521694214876033,0.7611256544502618,1225.8248472505093,466.6714188730482,1224.105090311987,465.5016420361248,1,1649,0.7490196078431373,0.0,2,0.430651992559433
TRAIN,0f7r7f3f,147,1,2,2,1080,1920,1,0.90234375,7.15625,0.999220609664917,1,9061,0.004369695216049383,7658,1.1832071036824237,0.430440135426285,1635.9262774528197,557.4412316521356,1620.1588834085424,553.436037359639,1,8464,0.8850166720447457,0.0,1,0.31257379055023193
TRAIN,0f7r7f3f,148,0,1,2,1080,1920,1,0.671875,6.875,0.9989677667617798,1,975,0.00047019675925925923,968,1.0072314049586777,0.6385542168674698,1227.44,468.22564102564104,1225.8248472505093,466.6714188730482,1,1305,0.7417876241405653,0.0,2,0.4268963634967804
TRAIN,0f7r7f3f,148,1,2,2,1080,1920,1,0.8984375,6.875,0.9989677667617798,1,9699,0.0046773726851851855,7658,1.2665186732828415,0.28669410150891633,1662.3483864315908,560.3610681513558,1635.9262774528197,557.4412316521356,1,8860,0.8626053793657166,0.0,1,0.29774773120880127
TRAIN,0f7r7f3f,149,0,1,2,1080,1920,1,0.58984375,6.28125,0.9981324076652527,1,772,0.00037229938271604937,968,0.7975206611570248,0.7593152064451159,1226.4067357512954,467.5362694300518,1227.44,468.22564102564104,1,1073,0.6341895482728078,0.0,2,0.5206776857376099
TRAIN,0f7r7f3f,149,1,2,2,1080,1920,1,0.91015625,6.8125,0.9989012479782104,1,9753,0.004703414351851852,7658,1.2735701227474536,0.5554134015672477,1675.139751871219,556.6517994463242,1662.3483864315908,560.3610681513558,1,9398,0.9103241895261845,0.0,1,0.28985345363616943
TRAIN,0f7r7f3f,150,0,1,2,1080,1920,1,0.57421875,6.4375,0.9984021782875061,1,847,0.00040846836419753085,968,0.875,0.3004016064257028,1233.3565525383708,458.15348288075563,1226.4067357512954,467.5362694300518,1,1242,0.5766037735849057,0.0,2,0.40831199288368225
TRAIN,0f7r7f3f,150,1,2,2,1080,1920,1,0.91015625,7.03125,0.9991169571876526,1,8944,0.004313271604938272,7658,1.167928963175764,0.6164087490274055,1685.7267441860465,550.6108005366726,1675.139751871219,556.6517994463242,1,8801,0.9173419773095624,0.0,1,0.23207315802574158
TRAIN,0f7r7f3f,151,0,1,2,1080,1920,1,0.68359375,6.5,0.998498797416687,1,813,0.00039207175925925927,968,0.8398760330578512,0.6852791878172588,1232.6814268142682,458.2115621156212,1233.3565525383708,458.15348288075563,1,1222,0.658516707416463,0.0,2,0.4327152371406555
TRAIN,0f7r7f3f,151,1,2,2,1080,1920,1,0.921875,7.21875,0.9992678761482239,1,9388,0.0045273919753086415,7658,1.2259075476625751,0.7434141702330005,1691.3122070728589,545.8566254793353,1685.7267441860465,550.6108005366726,1,8852,0.8930980799169694,0.0,1,0.28075310587882996
TRAIN,0f7r7f3f,152,0,1,2,1080,1920,1,0.6953125,5.5625,0.9961755275726318,1,1234,0.0005951003086419754,968,1.274793388429752,0.5276119402985074,1235.228525121556,450.94975688816857,1232.6814268142682,458.2115621156212,1,1333,0.7403389830508474,0.0,2,0.46068793535232544
TRAIN,0f7r7f3f,152,1,2,2,1080,1920,1,0.921875,7.03125,0.9991169571876526,1,9529,0.004595389660493827,7658,1.2443196657090625,0.6618641834314328,1698.856753069577,532.9981110294889,1691.3122070728589,545.8566254793353,1,8736,0.8290606849589425,0.0,1,0.2883320450782776
TRAIN,0f7r7f3f,153,0,1,2,1080,1920,1,0.67578125,5.5,0.9959298968315125,1,1023,0.0004933449074074074,968,1.0568181818181819,0.6167621776504298,1236.434017595308,441.0263929618768,1235.228525121556,450.94975688816857,1,1402,0.6981792717086834,0.0,2,0.403602659702301
TRAIN,0f7r7f3f,153,1,2,2,1080,1920,1,0.921875,7.0625,0.9991440773010254,1,8577,0.004136284722222223,7658,1.1200052232958997,0.664460378746093,1705.7875714119157,518.4199603591,1698.856753069577,532.9981110294889,1,8052,0.8604833296039383,0.0,1,0.28404220938682556
TRAIN,0f7r7f3f,154,0,1,2,1080,1920,1,0.72265625,5.0,0.9933071732521057,1,1267,0.0006110146604938272,968,1.3088842975206612,0.7076808351976137,1236.9116022099447,434.73322809786896,1236.434017595308,441.0263929618768,1,1430,0.7388781431334622,0.0,2,0.49691715836524963
TRAIN,0f7r7f3f,154,1,2,2,1080,1920,1,0.921875,6.6875,0.9987550973892212,1,8175,0.003942418981481482,7658,1.0675110995037869,0.6230985369634725,1714.6945565749236,510.7108256880734,1705.7875714119157,518.4199603591,1,8573,0.8540905568471161,0.0,1,0.3356271982192993
TRAIN,0f7r7f3f,155,0,1,2,1080,1920,1,0.7421875,5.125,0.9940890073776245,1,1358,0.0006548996913580247,968,1.4028925619834711,0.7123287671232876,1235.1156111929308,427.6693667157585,1236.9116022099447,434.73322809786896,1,1670,0.8131736526946107,0.0,2,0.38314956426620483
TRAIN,0f7r7f3f,155,1,2,2,1080,1920,1,0.921875,7.0625,0.9991440773010254,1,10248,0.00494212962962963,7658,1.3382084095063986,0.6878607420980303,1715.113387978142,509.8645589383294,1714.6945565749236,510.7108256880734,1,9320,0.8804535844704978,0.0,1,0.3254079222679138
TRAIN,0f7r7f3f,156,0,1,2,1080,1920,1,0.68359375,4.1875,0.985042929649353,1,1157,0.0005579668209876543,968,1.1952479338842976,0.6309987029831388,1231.6326707000865,420.27571305099394,1235.1156111929308,427.6693667157585,1,1261,0.8415841584158416,0.0,2,0.43447941541671753
TRAIN,0f7r7f3f,156,1,2,2,1080,1920,1,0.91015625,7.40625,0.9993928670883179,1,9665,0.004660976080246914,7658,1.2620788717680858,0.7667465176115695,1714.2460424211072,502.99296430419037,1715.113387978142,509.8645589383294,1,9164,0.8942655935613683,0.0,1,0.29560697078704834
TRAIN,0f7r7f3f,157,0,1,2,1080,1920,1,0.66796875,4.25,0.9859364032745361,1,1003,0.00048369984567901236,968,1.0361570247933884,0.5652173913043478,1226.481555333998,421.08175473579263,1231.6326707000865,420.27571305099394,1,1256,0.7717647058823529,0.0,2,0.4567032754421234
TRAIN,0f7r7f3f,157,1,2,2,1080,1920,1,0.8984375,7.59375,0.9994966983795166,1,9656,0.0046566358024691355,7658,1.2609036301906502,0.6560383989028885,1705.0810894780448,496.979183927092,1714.2460424211072,502.99296430419037,1,9115,0.900283458189917,0.0,1,0.32652291655540466
TRAIN,0f7r7f3f,158,0,1,2,1080,1920,1,0.72265625,4.1875,0.985042929649353,1,1098,0.0005295138888888889,968,1.134297520661157,0.41196236559139787,1218.9663023679418,420.0218579234973,1226.481555333998,421.08175473579263,1,1303,0.7931292008961912,0.0,2,0.37707558274269104
TRAIN,0f7r7f3f,158,1,2,2,1080,1920,1,0.89453125,7.40625,0.9993928670883179,1,8136,0.003923611111111111,7658,1.062418386001567,0.5268171286364026,1689.2920353982302,487.77704031465095,1705.0810894780448,496.979183927092,1,7900,0.8001796138302649,0.0,1,0.24619635939598083
TRAIN,0f7r7f3f,159,0,1,2,1080,1920,1,0.7265625,4.4375,0.9883127808570862,1,1312,0.0006327160493827161,968,1.3553719008264462,0.5498392282958199,1212.9839939024391,416.4352134146341,1218.9663023679418,420.0218579234973,1,1330,0.7875507442489851,0.0,2,0.42878812551498413
TRAIN,0f7r7f3f,159,1,2,2,1080,1920,1,0.90234375,7.28125,0.999312162399292,1,8449,0.004074556327160494,7658,1.103290676416819,0.5671359727865445,1678.4424192212095,493.21706710853357,1689.2920353982302,487.77704031465095,1,7627,0.8376771833561957,0.0,1,0.29444825649261475
TRAIN,0f7r7f3f,160,0,1,2,1080,1920,1,0.734375,3.8125,0.9783847332000732,1,1152,0.0005555555555555556,968,1.1900826446280992,0.6448598130841121,1208.5894097222222,416.9244791666667,1212.9839939024391,416.4352134146341,1,1462,0.585203153426319,0.0,2,0.3891231417655945
TRAIN,0f7r7f3f,160,1,2,2,1080,1920,1,0.90625,7.5625,0.999480664730072,1,9163,0.0044188850308641975,7658,1.196526508226691,0.5945676776822092,1667.44985266834,483.62686892938996,1678.4424192212095,493.21706710853357,1,8306,0.8677429701699989,0.0,1,0.251921147108078
TRAIN,0f7r7f3f,161,0,1,2,1080,1920,1,0.7109375,3.53125,0.971563994884491,1,1206,0.0005815972222222222,968,1.2458677685950412,0.2223950233281493,1194.7371475953566,415.35903814262025,1208.5894097222222,416.9244791666667,1,1147,0.819798917246713,0.0,2,0.3880329132080078
TRAIN,0f7r7f3f,161,1,2,2,1080,1920,1,0.90625,7.3125,0.9993333220481873,1,10184,0.004911265432098765,7658,1.3298511360668581,0.7145515774548032,1659.5606834249804,485.98320895522386,1667.44985266834,483.62686892938996,1,9313,0.8538556622611011,0.0,1,0.3052937388420105
TRAIN,0f7r7f3f,162,0,1,2,1080,1920,1,0.7421875,3.625,0.9740425944328308,1,1207,0.0005820794753086419,968,1.246900826446281,0.7211126961483595,1191.9585749792875,409.53686826843415,1194.7371475953566,415.35903814262025,1,1254,0.8002926115581566,0.0,2,0.3419250249862671
TRAIN,0f7r7f3f,162,1,2,2,1080,1920,1,0.9140625,7.28125,0.999312162399292,1,9807,0.004729456018518518,7658,1.2806215722120657,0.6588664841092026,1651.58193127358,484.8089120016315,1659.5606834249804,485.98320895522386,1,8249,0.8260517799352751,0.0,1,0.25954681634902954
TRAIN,0f7r7f3f,163,0,1,2,1080,1920,1,0.72265625,3.328125,0.9653811454772949,1,1085,0.0005232445987654321,968,1.1208677685950412,0.6940133037694013,1191.2811059907833,401.6672811059908,1191.9585749792875,409.53686826843415,1,1107,0.8115702479338843,0.0,2,0.35454216599464417
TRAIN,0f7r7f3f,163,1,2,2,1080,1920,1,0.90625,7.09375,0.9991704225540161,1,9959,0.004802758487654321,7658,1.3004700966309741,0.6921496447221984,1646.8238778993875,476.00522140777184,1651.58193127358,484.8089120016315,1,9201,0.8254573170731707,0.0,1,0.333951860666275
TRAIN,0f7r7f3f,164,0,1,2,1080,1920,1,0.49609375,2.625,0.9324532747268677,1,908,0.0004378858024691358,968,0.9380165289256198,0.5109931766489765,1195.3986784140968,395.2279735682819,1191.2811059907833,401.6672811059908,1,968,0.737037037037037,0.0,2,0.3463456630706787
TRAIN,0f7r7f3f,164,1,2,2,1080,1920,1,0.91015625,7.625,0.9995121955871582,1,9000,0.004340277777777778,7658,1.1752415774353617,0.8133907221425155,1647.0565555555556,468.64588888888886,1646.8238778993875,476.00522140777184,1,8087,0.8617345826977555,0.0,1,0.31796592473983765
TRAIN,0f7r7f3f,165,0,1,2,1080,1920,1,0.6484375,2.765625,0.9407896995544434,1,791,0.0003814621913580247,968,0.8171487603305785,0.3983539094650206,1201.8457648546143,393.173198482933,1195.3986784140968,395.2279735682819,1,919,0.7360406091370558,0.0,2,0.43725526332855225
TRAIN,0f7r7f3f,165,1,2,2,1080,1920,1,0.921875,7.125,0.9991958737373352,1,8595,0.004144965277777778,7658,1.1223557064507705,0.7558127931344177,1650.9305410122165,464.0059336823735,1647.0565555555556,468.64588888888886,1,8313,0.9209270620313565,0.0,1,0.32190337777137756
TRAIN,0f7r7f3f,166,0,1,2,1080,1920,1,0.64453125,2.84375,0.9449946880340576,1,937,0.00045187114197530864,968,0.9679752066115702,0.4222222222222222,1206.3959445037353,386.14194236926363,1201.8457648546143,393.173198482933,1,909,0.7631327602674307,0.0,2,0.41669777035713196
TRAIN,0f7r7f3f,166,1,2,2,1080,1920,1,0.9140625,7.84375,0.9996079802513123,1,9993,0.004819155092592593,7658,1.3049098981457299,0.7020419375515062,1654.82177524267,462.0625437806465,1650.9305410122165,464.0059336823735,1,9569,0.8942577708918369,0.0,1,0.3072736859321594
TRAIN,0f7r7f3f,167,0,1,2,1080,1920,1,0.5078125,2.484375,0.9230391979217529,1,754,0.0003636188271604938,968,0.7789256198347108,0.10958005249343832,1218.9031830238728,382.7427055702918,1206.3959445037353,386.14194236926363,1,951,0.7686721991701245,0.0,2,0.28978651762008667
TRAIN,0f7r7f3f,167,1,2,2,1080,1920,1,0.91796875,7.09375,0.9991704225540161,1,9312,0.0044907407407407405,7658,1.215983285453121,0.6640806826997673,1661.0100945017182,465.60244845360825,1654.82177524267,462.0625437806465,1,8841,0.8712503865580868,0.0,1,0.3054337501525879
TRAIN,0f7r7f3f,168,0,1,2,1080,1920,1,0.66796875,2.96875,0.9511421918869019,1,1051,0.0005068479938271605,968,1.0857438016528926,0.005011135857461025,1236.502378686965,377.9933396764986,1218.9031830238728,382.7427055702918,1,993,0.7696969696969697,0.0,2,0.33792757987976074
TRAIN,0f7r7f3f,168,1,2,2,1080,1920,1,0.90625,7.5625,0.999480664730072,1,9690,0.004673032407407407,7658,1.2653434317054062,0.5616370808678501,1669.5572755417957,456.32425180598557,1661.0100945017182,465.60244845360825,1,8907,0.8800040436716539,0.0,1,0.3018377721309662
TRAIN,0f7r7f3f,169,0,1,2,1080,1920,1,0.55078125,1.375,0.7981867790222168,1,809,0.00039014274691358025,968,0.8357438016528925,0.009224091155724362,1257.2422744128553,379.4289245982695,1236.502378686965,377.9933396764986,1,1114,0.6577586206896552,0.0,2,0.3522658348083496
TRAIN,0f7r7f3f,169,1,2,2,1080,1920,1,0.87890625,5.875,0.9971990585327148,1,8318,0.004011381172839506,7658,1.08618438234526,0.4424863825696892,1684.9569608078866,443.1925943736475,1669.5572755417957,456.32425180598557,1,7812,0.877546269351647,0.0,1,0.36140167713165283
TRAIN,0f7r7f3f,170,0,1,2,1080,1920,1,0.609375,2.34375,0.9124361872673035,1,1007,0.0004856288580246914,968,1.040289256198347,0.004980630879911455,1277.1648460774577,378.46573982125125,1257.2422744128553,379.4289245982695,1,906,0.6239388794567062,0.0,2,0.41149622201919556
TRAIN,0f7r7f3f,170,1,2,2,1080,1920,1,0.90625,6.90625,0.9989995360374451,1,9510,0.004586226851851852,7658,1.2418386001566988,0.2896412037037037,1709.1479495268138,455.14689800210306,1684.9569608078866,443.1925943736475,1,7730,0.7881962452027798,0.0,1,0.2726156413555145
TRAIN,0f7r7f3f,171,0,1,2,1080,1920,1,0.5625,2.765625,0.9407896995544434,1,658,0.0003173225308641975,968,0.6797520661157025,0.03867747972551466,1292.7492401215804,375.1550151975684,1277.1648460774577,378.46573982125125,1,682,0.6028708133971292,0.0,2,0.4471769332885742
TRAIN,0f7r7f3f,171,1,2,2,1080,1920,1,0.90234375,6.96875,0.9990600943565369,1,10002,0.00482349537037037,7658,1.3060851397231654,0.40840190558683415,1729.248950209958,450.3080383923215,1709.1479495268138,455.14689800210306,1,8879,0.8254858358309968,0.0,1,0.32551172375679016
TRAIN,0f7r7f3f,172,0,1,2,1080,1920,1,0.49609375,1.4375,0.8080672025680542,1,701,0.0003380594135802469,968,0.7241735537190083,0.0,1323.7004279600571,373.3666191155492,1292.7492401215804,375.1550151975684,1,509,0.1523809523809524,0.0,2,0.3093666732311249
TRAIN,0f7r7f3f,172,1,2,2,1080,1920,1,0.8671875,5.25,0.9947799444198608,1,11502,0.005546875,7658,1.5019587359623923,0.25886898489638216,1760.442966440619,460.1861415406016,1729.248950209958,450.3080383923215,1,9510,0.7838526190678325,0.0,1,0.303024023771286
TRAIN,0f7r7f3f,173,0,1,2,1080,1920,1,0.490234375,2.1875,0.8991213440895081,1,657,0.00031684027777777776,968,0.6787190082644629,0.413111342351717,1329.5814307458143,374.9497716894977,1323.7004279600571,373.3666191155492,0,0,0.0,0.0,2,0.4114912152290344
TRAIN,0f7r7f3f,173,1,2,2,1080,1920,1,0.90234375,7.375,0.999373733997345,1,9732,0.004693287037037037,7658,1.2708278924001044,0.6709159584513692,1761.775380189067,463.31781750924785,1760.442966440619,460.1861415406016,1,9095,0.8530511811023622,0.0,1,0.4107358753681183
TRAIN,0f7r7f3f,174,0,1,2,1080,1920,1,0.392578125,1.421875,0.8056321740150452,1,437,0.0002107445987654321,968,0.45144628099173556,0.40797940797940796,1328.659038901602,387.9130434782609,1329.5814307458143,374.9497716894977,0,0,0.0,0.0,2,0.2589910626411438
TRAIN,0f7r7f3f,174,1,2,2,1080,1920,1,0.92578125,7.71875,0.999555766582489,1,10340,0.004986496913580247,7658,1.3502219900757377,0.636927091828413,1752.0031914893616,466.3190522243714,1761.775380189067,463.31781750924785,1,9443,0.872326329736892,0.0,1,0.27911698818206787
TRAIN,0f7r7f3f,175,0,1,2,1080,1920,1,9.74978320300579e-10,-0.73828125,0.32338011264801025,0,0,0.0,968,0.0,0.0,,,1328.659038901602,387.9130434782609,0,0,,0.0,2,
TRAIN,0f7r7f3f,175,1,2,2,1080,1920,1,0.90625,7.09375,0.9991704225540161,1,8773,0.004230806327160494,7658,1.145599373204492,0.5412466736553504,1738.576655648011,473.93252023253166,1752.0031914893616,466.3190522243714,1,8918,0.8542081542815219,0.0,1,0.2778218388557434
TRAIN,0f7r7f3f,176,0,1,2,1080,1920,1,9.255018085241318e-09,-0.62890625,0.34775856137275696,0,0,0.0,968,0.0,,,,,,0,0,,0.0,2,
TRAIN,0f7r7f3f,176,1,2,2,1080,1920,1,0.89453125,7.59375,0.9994966983795166,1,8781,0.0042346643518518514,7658,1.1466440323844347,0.42126143632094565,1721.266256690582,482.63580457806626,1738.576655648011,473.93252023253166,1,8373,0.8250877752952441,0.0,1,0.3045206069946289
TRAIN,0f7r7f3f,177,0,1,2,1080,1920,1,1.485356976305141e-17,-1.46875,0.18713268637657166,0,0,0.0,968,0.0,,,,,,0,0,,0.0,2,
TRAIN,0f7r7f3f,177,1,2,2,1080,1920,1,0.921875,7.34375,0.99935382604599,1,9786,0.004719328703703704,7658,1.2778793418647167,0.6050311203319502,1711.1225219701614,492.2525035765379,1721.266256690582,482.63580457806626,1,9580,0.9121248025276462,0.0,1,0.31682854890823364
TRAIN,0f7r7f3f,178,0,1,2,1080,1920,1,4.0862722260119567e-22,-1.7421875,0.1490352898836136,0,0,0.0,968,0.0,,,,,,0,0,,0.0,2,
TRAIN,0f7r7f3f,178,1,2,2,1080,1920,1,0.90234375,7.03125,0.9991169571876526,1,9585,0.004622395833333333,7658,1.2516322799686603,0.5019772040009305,1695.7427230046949,499.7033907146583,1711.1225219701614,492.2525035765379,1,8482,0.8023743016759777,0.0,1,0.2891649007797241
TRAIN,0f7r7f3f,179,0,1,2,1080,1920,1,4.0332320816460765e-17,-1.3046875,0.2133771777153015,0,0,0.0,968,0.0,,,,,,0,0,,0.0,2,
TRAIN,0f7r7f3f,179,1,2,2,1080,1920,1,0.91796875,7.3125,0.9993333220481873,1,9671,0.004663869598765432,7658,1.2628623661530425,0.5412197854970385,1683.6294075069795,506.6777996070727,1695.7427230046949,499.7033907146583,1,8427,0.8381068454194597,0.0,1,0.2722265422344208
TRAIN,0f7r7f3f,180,0,1,2,1080,1920,1,1.7139067942650854e-15,-1.140625,0.2422056347131729,0,0,0.0,968,0.0,,,,,,0,0,,0.0,2,
TRAIN,0f7r7f3f,180,1,2,2,1080,1920,1,0.91015625,7.53125,0.999464213848114,1,9244,0.0044579475308641975,7658,1.2071036824236092,0.4457693189635405,1664.4084811769796,503.55549545651235,1683.6294075069795,506.6777996070727,1,8786,0.8826354808395114,0.0,1,0.2904110848903656
TRAIN,0f7r7f3f,181,0,1,2,1080,1920,1,0.64453125,2.265625,0.9059898257255554,1,1170,0.0005642361111111111,968,1.2086776859504131,0.0,1400.1264957264957,423.15213675213676,,,0,0,0.0,0.0,2,0.564922034740448
TRAIN,0f7r7f3f,181,1,2,2,1080,1920,1,0.90234375,7.53125,0.999464213848114,1,8288,0.003996913580246913,7658,1.0822669104204754,0.8020351526364478,1660.8909266409266,500.43219111969114,1664.4084811769796,503.55549545651235,1,7703,0.8622336089437522,0.0,1,0.27579352259635925
TRAIN,0f7r7f3f,182,0,1,2,1080,1920,1,0.365234375,1.1796875,0.7648916244506836,1,750,0.0003616898148148148,968,0.7747933884297521,0.49184149184149184,1405.324,416.7133333333333,1400.1264957264957,423.15213675213676,0,0,0.0,0.0,2,0.3488714098930359
TRAIN,0f7r7f3f,182,1,2,2,1080,1920,1,0.90234375,7.34375,0.99935382604599,1,9060,0.004369212962962963,7658,1.1830765212849308,0.7449205391269362,1656.3472406181015,506.8828918322296,1660.8909266409266,500.43219111969114,1,8598,0.8597156398104265,0.0,1,0.27513062953948975
TRAIN,0f7r7f3f,183,0,1,2,1080,1920,1,0.000335693359375,-0.1552734375,0.4612594246864319,0,0,0.0,968,0.0,0.0,,,1405.324,416.7133333333333,0,0,,0.0,2,
TRAIN,0f7r7f3f,183,1,2,2,1080,1920,1,0.890625,7.3125,0.9993333220481873,1,9427,0.004546199845679012,7658,1.231000261164795,0.519063270336894,1641.1016229977724,510.2885329373077,1656.3472406181015,506.8828918322296,1,8527,0.8507370374188228,0.0,1,0.31687235832214355
TRAIN,0f7r7f3f,184,0,1,2,1080,1920,1,0.019775390625,0.1064453125,0.5265862345695496,1,418,0.00020158179012345678,968,0.4318181818181818,0.0,1409.8971291866028,398.85406698564594,,,0,0,0.0,0.0,2,0.35097891092300415
TRAIN,0f7r7f3f,184,1,2,2,1080,1920,1,0.8984375,7.53125,0.999464213848114,1,9454,0.004559220679012346,7658,1.2345259858971012,0.41388348060506214,1622.4672096467104,511.82642267823144,1641.1016229977724,510.2885329373077,1,8418,0.8003425002518384,0.0,1,0.29739364981651306
TRAIN,0f7r7f3f,185,0,1,2,1080,1920,1,1.2218952178955078e-05,-0.294921875,0.42679935693740845,0,0,0.0,968,0.0,0.0,,,1409.8971291866028,398.85406698564594,0,0,,0.0,2,
TRAIN,0f7r7f3f,185,1,2,2,1080,1920,1,0.90625,7.28125,0.999312162399292,1,9130,0.0044029706790123455,7658,1.192217289109428,0.2710484918952192,1594.5854326396495,513.2007667031763,1622.4672096467104,511.82642267823144,1,8099,0.8354106743368488,0.0,1,0.3097051978111267
TRAIN,0f7r7f3f,186,0,1,2,1080,1920,1,3.084540367126465e-06,-0.265625,0.43398144841194153,0,0,0.0,968,0.0,,,,,,0,0,,0.0,2,
TRAIN,0f7r7f3f,186,1,2,2,1080,1920,1,0.9140625,7.28125,0.999312162399292,1,7677,0.0037022569444444446,7658,1.0024810655523635,0.23299831266965007,1567.7616256350136,504.01341669923147,1594.5854326396495,513.2007667031763,1,6902,0.8600408267415157,0.0,1,0.3213666081428528
TRAIN,0f7r7f3f,187,0,1,2,1080,1920,1,2.2118911147117615e-08,-0.412109375,0.39840641617774963,0,0,0.0,968,0.0,,,,,,0,0,,0.0,2,
TRAIN,0f7r7f3f,187,1,2,2,1080,1920,1,0.9140625,7.46875,0.9994296431541443,1,7171,0.0034582368827160495,7658,0.9364063724209977,0.25692034199610597,1544.382791800307,503.3720541068191,1567.7616256350136,504.01341669923147,1,6265,0.8491604734379301,0.0,1,0.25976279377937317
TRAIN,0f7r7f3f,188,0,1,2,1080,1920,1,0.23046875,0.220703125,0.5549529194831848,1,330,0.00015914351851851853,968,0.3409090909090909,0.0,1269.1818181818182,427.9787878787879,,,0,0,0.0,0.0,2,0.3564383387565613
TRAIN,0f7r7f3f,188,1,2,2,1080,1920,1,0.91796875,7.65625,0.9995272159576416,1,7635,0.0036820023148148146,7658,0.9969966048576652,0.48953722334004024,1531.9211525867715,502.6937786509496,1544.382791800307,503.3720541068191,1,7471,0.8889583593847693,0.0,1,0.3169008195400238
TRAIN,0f7r7f3f,189,0,1,2,1080,1920,1,4.6629367034256575e-15,-1.015625,0.2658804655075073,0,0,0.0,968,0.0,0.0,,,1269.1818181818182,427.9787878787879,0,0,,0.0,2,
TRAIN,0f7r7f3f,189,1,2,2,1080,1920,1,0.91796875,7.3125,0.9993333220481873,1,7977,0.0038469328703703703,7658,1.041655784800209,0.46743114954413006,1517.497555471982,498.33483765826753,1531.9211525867715,502.6937786509496,1,7111,0.8560708574240374,0.0,1,0.293771892786026
TRAIN,0f7r7f3f,190,0,1,2,1080,1920,1,3.1650415621697903e-10,-0.62109375,0.34953272342681885,0,0,0.0,968,0.0,,,,,,0,0,,0.0,2,
TRAIN,0f7r7f3f,190,1,2,2,1080,1920,1,0.921875,7.8125,0.999595582485199,1,7388,0.003562885802469136,7658,0.9647427526769391,0.6440188315857052,1509.5900108283704,488.05657823497563,1517.497555471982,498.33483765826753,1,6768,0.8545788025677977,0.0,1,0.25036218762397766
TRAIN,0f7r7f3f,191,0,1,2,1080,1920,1,5.617039278149605e-09,-0.4921875,0.37937837839126587,0,0,0.0,968,0.0,,,,,,0,0,,0.0,2,
TRAIN,0f7r7f3f,191,1,2,2,1080,1920,1,0.9140625,7.59375,0.9994966983795166,1,8015,0.003865258487654321,7658,1.046617915904936,0.752730996813837,1504.3327510917031,490.07548346849654,1509.5900108283704,488.05657823497563,1,7323,0.8542069632495164,0.0,1,0.2654326260089874
TRAIN,0f7r7f3f,192,0,1,2,1080,1920,1,4.6629367034256575e-15,-0.9296875,0.2829881012439728,0,0,0.0,968,0.0,,,,,,0,0,,0.0,2,
TRAIN,0f7r7f3f,192,1,2,2,1080,1920,1,0.8984375,7.625,0.9995121955871582,1,7969,0.003843074845679012,7658,1.0406111256202664,0.8221614227086184,1501.5436064750909,484.8297151461915,1504.3327510917031,490.07548346849654,1,7209,0.8036838978015448,0.0,1,0.31000685691833496
TRAIN,0f7r7f3f,193,0,1,2,1080,1920,1,4.0862722260119567e-22,-1.8671875,0.13386748731136322,0,0,0.0,968,0.0,,,,,,0,0,,0.0,2,
TRAIN,0f7r7f3f,193,1,2,2,1080,1920,1,0.90625,7.09375,0.9991704225540161,1,7650,0.003689236111111111,7658,0.9989553408200574,0.5270825185764568,1489.0066666666667,477.70156862745097,1501.5436064750909,484.8297151461915,1,7001,0.7950257289879932,0.0,1,0.30496716499328613
TRAIN,0f7r7f3f,194,0,1,2,1080,1920,1,9.098986738083304e-23,-1.9765625,0.12168574333190918,0,0,0.0,968,0.0,,,,,,0,0,,0.0,2,
TRAIN,0f7r7f3f,194,1,2,2,1080,1920,1,0.921875,7.71875,0.999555766582489,1,8654,0.004173418209876543,7658,1.1300600679028467,0.8437181951826304,1490.4727293737,481.4669516986365,1489.0066666666667,477.70156862745097,1,7400,0.8170911148839841,0.0,1,0.2829839587211609
TRAIN,0f7r7f3f,195,0,1,2,1080,1920,1,9.994988777600744e-20,-1.46875,0.18713268637657166,0,0,0.0,968,0.0,,,,,,0,0,,0.0,2,
TRAIN,0f7r7f3f,195,1,2,2,1080,1920,1,0.89453125,7.65625,0.9995272159576416,1,8036,0.0038753858024691357,7658,1.0493601462522852,0.5093145234219569,1477.3386012941762,479.4771030363365,1490.4727293737,481.4669516986365,1,6426,0.7821318545902649,0.0,1,0.2892429530620575
TRAIN,0f7r7f3f,196,0,1,2,1080,1920,1,3.218552493301728e-27,-2.140625,0.10521054267883301,0,0,0.0,968,0.0,,,,,,0,0,,0.0,2,
TRAIN,0f7r7f3f,196,1,2,2,1080,1920,1,0.89453125,7.25,0.9992903470993042,1,7892,0.0038059413580246912,7658,1.0305562810133193,0.32777592530843613,1455.7249113025848,478.3309680689306,1477.3386012941762,479.4771030363365,1,7034,0.8155942099501278,0.0,1,0.2905176877975464
TRAIN,0f7r7f3f,197,0,1,2,1080,1920,1,6.462348535570529e-26,-1.984375,0.12085322290658951,0,0,0.0,968,0.0,,,,,,0,0,,0.0,2,
TRAIN,0f7r7f3f,197,1,2,2,1080,1920,1,0.90234375,7.53125,0.999464213848114,1,8092,0.003902391975308642,7658,1.056672760511883,0.5617000488519786,1443.7100840336134,474.5732822540781,1455.7249113025848,478.3309680689306,1,7130,0.796742209631728,0.0,1,0.31248393654823303
TRAIN,0f7r7f3f,198,0,1,2,1080,1920,1,1.2989320556496763e-24,-1.765625,0.14608724415302277,0,0,0.0,968,0.0,,,,,,0,0,,0.0,2,
TRAIN,0f7r7f3f,198,1,2,2,1080,1920,1,0.88671875,7.65625,0.9995272159576416,1,7753,0.0037389081790123457,7658,1.0124053277618177,0.709277238403452,1438.8606990842254,469.9627241067974,1443.7100840336134,474.5732822540781,1,6730,0.8009201691121611,0.0,1,0.27537521719932556
TRAIN,0f7r7f3f,199,0,1,2,1080,1920,1,2.261821987449685e-25,-1.765625,0.14608724415302277,0,0,0.0,968,0.0,,,,,,0,0,,0.0,2,
TRAIN,0f7r7f3f,199,1,2,2,1080,1920,1,0.90625,7.25,0.9992903470993042,1,8154,0.003932291666666666,7658,1.0647688691564376,0.6971087165261922,1431.3739269070395,468.30156978170226,1438.8606990842254,469.9627241067974,1,7391,0.8785498489425981,0.0,1,0.36511313915252686
TRAIN,0f7r7f3f,200,0,1,2,1080,1920,1,3.864587821847745e-21,-1.1953125,0.23231014609336853,0,0,0.0,968,0.0,,,,,,0,0,,0.0,2,
TRAIN,0f7r7f3f,200,1,2,2,1080,1920,1,0.9140625,7.03125,0.9991169571876526,1,7863,0.0037919560185185187,7658,1.0267693914860276,0.7635983263598326,1425.6498791809743,469.76141421849167,1431.3739269070395,468.30156978170226,1,7257,0.8434528163862473,0.0,1,0.24480056762695312
TRAIN,0f7r7f3f,201,0,1,2,1080,1920,1,2.0369322584118306e-23,-1.796875,0.14223189651966095,0,0,0.0,968,0.0,,,,,,0,0,,0.0,2,
TRAIN,0f7r7f3f,201,1,2,2,1080,1920,1,0.9140625,7.28125,0.999312162399292,1,7393,0.0035652970679012344,7658,0.9653956646644032,0.8222646918299092,1422.7191938320032,463.8172595698634,1425.6498791809743,469.76141421849167,1,6843,0.8756258234519104,0.0,1,0.2869102656841278
TRAIN,0f7r7f3f,202,0,1,2,1080,1920,1,9.615974620928947e-24,-1.8125,0.14033624529838562,0,0,0.0,968,0.0,,,,,,0,0,,0.0,2,
TRAIN,0f7r7f3f,202,1,2,2,1080,1920,1,0.9140625,7.25,0.9992903470993042,1,8003,0.003859471450617284,7658,1.0450509271350221,0.8278523091535083,1421.486692490316,457.98750468574286,1422.7191938320032,463.8172595698634,1,7356,0.854727689892525,0.0,1,0.29459524154663086
TRAIN,0f7r7f3f,203,0,1,2,1080,1920,1,2.7529604761530452e-24,-2.390625,0.0838903859257698,0,0,0.0,968,0.0,,,,,,0,0,,0.0,2,
TRAIN,0f7r7f3f,203,1,2,2,1080,1920,1,0.91015625,7.15625,0.999220609664917,1,6904,0.0033294753086419754,7658,0.9015408722904152,0.7951589595375722,1419.2907010428737,450.1878621089224,1421.486692490316,457.98750468574286,1,7034,0.79706034038164,0.0,1,0.29566723108291626
TRAIN,0f7r7f3f,204,0,1,2,1080,1920,1,3.635980405647388e-15,-1.2578125,0.22135066986083984,0,0,0.0,968,0.0,,,,,,0,0,,0.0,2,
TRAIN,0f7r7f3f,204,1,2,2,1080,1920,1,0.90234375,6.9375,0.9990302324295044,1,7050,0.003399884259259259,7658,0.9206059023243667,0.7134086444007859,1425.0306382978724,441.49900709219855,1419.2907010428737,450.1878621089224,1,6709,0.8350226727127233,0.0,1,0.3650503158569336
TRAIN,0f7r7f3f,205,0,1,2,1080,1920,1,4.782137916322191e-25,-2.578125,0.07055959850549698,0,0,0.0,968,0.0,,,,,,0,0,,0.0,2,
TRAIN,0f7r7f3f,205,1,2,2,1080,1920,1,0.90234375,6.875,0.9989677667617798,1,7553,0.003642457561728395,7658,0.9862888482632541,0.7707044986055536,1427.8123924268502,429.92440090030453,1425.0306382978724,441.49900709219855,1,6729,0.8329055441478439,0.0,1,0.24502252042293549
TRAIN,0f7r7f3f,206,0,1,2,1080,1920,1,2.6505726415425997e-28,-3.015625,0.04672495648264885,0,0,0.0,968,0.0,,,,,,0,0,,0.0,2,
TRAIN,0f7r7f3f,206,1,2,2,1080,1920,1,0.90234375,7.0625,0.9991440773010254,1,7618,0.003673804012345679,7658,0.9947767041002873,0.493943870014771,1441.0816487267,431.7958781832502,1427.8123924268502,429.92440090030453,1,6813,0.8248609003540718,0.0,1,0.275949090719223
TRAIN,0f7r7f3f,207,0,1,2,1080,1920,1,7.194411455615628e-28,-3.203125,0.039048291742801666,0,0,0.0,968,0.0,,,,,,1,422,0.0,0.0,2,
TRAIN,0f7r7f3f,207,1,2,2,1080,1920,1,0.9140625,7.625,0.9995121955871582,1,7907,0.0038131751543209877,7658,1.0325150169757116,0.5647046966337432,1451.9862147464273,425.0030352851903,1441.0816487267,431.7958781832502,1,6846,0.8349502487562189,0.0,1,0.26661601662635803
TRAIN,0f7r7f3f,208,0,1,2,1080,1920,1,6.565414878423326e-12,-1.9140625,0.12852513790130615,0,0,0.0,968,0.0,,,,,,1,1282,0.0,0.0,2,
TRAIN,0f7r7f3f,208,1,2,2,1080,1920,1,0.9140625,7.84375,0.9996079802513123,1,8249,0.003978105709876543,7658,1.0771741969182553,0.44818931516672644,1468.2064492665777,421.69717541520185,1451.9862147464273,425.0030352851903,1,7458,0.8300128160316905,0.0,1,0.35678067803382874
TRAIN,0f7r7f3f,209,0,1,2,1080,1920,1,3.3921018924503508e-28,-3.359375,0.03358950838446617,0,0,0.0,968,0.0,,,,,,1,1128,0.0,0.0,2,
TRAIN,0f7r7f3f,209,1,2,2,1080,1920,1,0.90625,7.4375,0.9994115829467773,1,7728,0.003726851851851852,7658,1.0091407678244972,0.4225803579378506,1484.97683747412,421.2765269151139,1468.2064492665777,421.69717541520185,1,7248,0.8265642151481888,0.0,1,0.2810470461845398
TRAIN,0f7r7f3f,210,0,1,2,1080,1920,1,4.782137916322191e-25,-2.671875,0.06465348601341248,0,0,0.0,968,0.0,,,,,,1,1048,0.0,0.0,2,
TRAIN,0f7r7f3f,210,1,2,2,1080,1920,1,0.91796875,7.625,0.9995121955871582,1,8178,0.003943865740740741,7658,1.0679028466962655,0.3694360740421868,1504.233553436048,420.28197603326,1484.97683747412,421.2765269151139,1,7708,0.8567087424029921,0.0,1,0.3283664584159851
TRAIN,0f7r7f3f,211,0,1,2,1080,1920,1,5.0487097934144756e-26,-2.921875,0.05108273774385452,0,0,0.0,968,0.0,,,,,,1,885,0.0,0.0,2,
TRAIN,0f7r7f3f,211,1,2,2,1080,1920,1,0.921875,7.46875,0.9994296431541443,1,8494,0.004096257716049383,7658,1.109166884303996,0.5753567041481622,1514.619613845067,417.47798445961854,1504.233553436048,420.28197603326,1,7499,0.8603001046876817,0.0,1,0.2673299312591553
TRAIN,0f7r7f3f,212,0,1,2,1080,1920,1,2.8919009696678116e-25,-2.6875,0.06371499598026276,0,0,0.0,968,0.0,,,,,,1,768,0.0,0.0,2,
TRAIN,0f7r7f3f,212,1,2,2,1080,1920,1,0.91796875,7.625,0.9995121955871582,1,8120,0.003915895061728395,7658,1.0603290676416819,0.5135282864170538,1525.7448275862068,424.360960591133,1514.619613845067,417.47798445961854,1,7228,0.8583363603341809,0.0,1,0.25203025341033936
TRAIN,0f7r7f3f,213,0,1,2,1080,1920,1,1.2989320556496763e-24,-2.78125,0.05834583938121796,0,0,0.0,968,0.0,,,,,,1,655,0.0,0.0,2,
TRAIN,0f7r7f3f,213,1,2,2,1080,1920,1,0.91015625,7.90625,0.9996316432952881,1,7948,0.0038329475308641974,7658,1.0378688952729171,0.6645602403397908,1532.3631102164065,422.0504529441369,1525.7448275862068,424.360960591133,1,7834,0.8736792116822985,0.0,1,0.28400444984436035
TRAIN,0f7r7f3f,214,0,1,2,1080,1920,1,7.884065213396045e-25,-2.609375,0.06853749603033066,0,0,0.0,968,0.0,,,,,,1,586,0.0,0.0,2,
TRAIN,0f7r7f3f,214,1,2,2,1080,1920,1,0.91015625,7.5,0.9994471669197083,1,6894,0.003324652777777778,7658,0.9002350483154871,0.6751693002257336,1539.7914128227444,416.7902523933856,1532.3631102164065,422.0504529441369,1,6989,0.8498334443704197,0.0,1,0.34175220131874084
TRAIN,0f7r7f3f,215,0,1,2,1080,1920,1,4.782137916322191e-25,-2.703125,0.06278920918703079,0,0,0.0,968,0.0,,,,,,1,120,0.0,0.0,2,
TRAIN,0f7r7f3f,215,1,2,2,1080,1920,1,0.91796875,7.9375,0.9996429681777954,1,6988,0.0033699845679012346,7658,0.912509793679812,0.6207822533566841,1547.713651974814,423.9155695477962,1539.7914128227444,416.7902523933856,1,6688,0.886605048972272,0.0,1,0.3479746878147125
TRAIN,0f7r7f3f,216,0,1,2,1080,1920,1,4.52364397489937e-24,-2.765625,0.05921025574207306,0,0,0.0,968,0.0,,,,,,0,0,,0.0,2,
TRAIN,0f7r7f3f,216,1,2,2,1080,1920,1,0.9296875,7.84375,0.9996079802513123,1,8093,0.0039028742283950617,7658,1.0568033429093757,0.6621845034718395,1555.4949956752748,426.48350426294326,1547.713651974814,423.9155695477962,1,7647,0.8943314478276567,0.0,1,0.31586751341819763
TRAIN,0f7r7f3f,217,0,1,2,1080,1920,1,6.462348535570529e-26,-2.71875,0.06187598779797554,0,0,0.0,968,0.0,,,,,,0,0,,0.0,2,
TRAIN,0f7r7f3f,217,1,2,2,1080,1920,1,0.9140625,8.0,0.9996646642684937,1,7993,0.003854648919753086,7658,1.043745103160094,0.8254652746255107,1555.579006630802,429.4069811084699,1555.4949956752748,426.48350426294326,1,7297,0.855132249454016,0.0,1,0.27372175455093384
TRAIN,0f7r7f3f,218,0,1,2,1080,1920,1,3.1763735522036263e-22,-2.140625,0.10521054267883301,0,0,0.0,968,0.0,,,,,,0,0,,0.0,2,
TRAIN,0f7r7f3f,218,1,2,2,1080,1920,1,0.91015625,7.4375,0.9994115829467773,1,8215,0.0039617091049382715,7658,1.0727343954034996,0.7719470864764404,1553.4372489348752,438.4604990870359,1555.579006630802,429.4069811084699,1,7774,0.881501529771711,0.0,1,0.2441287338733673
TRAIN,0f7r7f3f,219,0,1,2,1080,1920,1,2.355810384551023e-21,-1.9765625,0.12168574333190918,0,0,0.0,968,0.0,,,,,,0,0,,0.0,2,
TRAIN,0f7r7f3f,219,1,2,2,1080,1920,1,0.91015625,7.5625,0.999480664730072,1,8476,0.004087577160493827,7658,1.106816401149125,0.7323300467047223,1549.4450212364322,440.4858423784804,1553.4372489348752,438.4604990870359,1,7835,0.8711712745210508,0.0,1,0.36355453729629517
TRAIN,0f7r7f3f,220,0,1,2,1080,1920,1,5.816113682013476e-24,-2.171875,0.10230471193790436,0,0,0.0,968,0.0,,,,,,0,0,,0.0,2,
TRAIN,0f7r7f3f,220,1,2,2,1080,1920,1,0.91796875,7.375,0.999373733997345,1,7089,0.0034186921296296296,7658,0.9256986158265865,0.7100637222588442,1544.1915643955424,441.96586260403444,1549.4450212364322,440.4858423784804,1,6951,0.8417945690672963,0.0,1,0.29874762892723083
TRAIN,0f7r7f3f,221,0,1,2,1080,1920,1,4.52364397489937e-24,-2.25,0.09534945338964462,0,0,0.0,968,0.0,,,,,,0,0,,0.0,2,
TRAIN,0f7r7f3f,221,1,2,2,1080,1920,1,0.91796875,7.8125,0.999595582485199,1,7159,0.0034524498456790123,7658,0.9348393836510839,0.8532778355879292,1545.61028076547,445.5749406341668,1544.1915643955424,441.96586260403444,1,6787,0.8759752488566048,0.0,1,0.28590714931488037
TRAIN,0f7r7f3f,222,0,1,2,1080,1920,1,1.6432439176733427e-19,-1.5390625,0.1766715943813324,0,0,0.0,968,0.0,,,,,,0,0,,0.0,2,
TRAIN,0f7r7f3f,222,1,2,2,1080,1920,1,0.91796875,7.65625,0.9995272159576416,1,8255,0.003980999228395061,7658,1.0779576913032123,0.7902439024390244,1542.8619018776499,452.00932768019385,1545.61028076547,445.5749406341668,1,7349,0.8336075205640423,0.0,1,0.2959555387496948
TRAIN,0f7r7f3f,223,0,1,2,1080,1920,1,1.3732490638087374e-25,-2.953125,0.04958902671933174,0,0,0.0,968,0.0,,,,,,0,0,,0.0,2,
TRAIN,0f7r7f3f,223,1,2,2,1080,1920,1,0.8984375,6.96875,0.9990600943565369,1,7834,0.0037779706790123458,7658,1.022982501958736,0.6764613941856831,1537.0132754659178,458.757339800868,1542.8619018776499,452.00932768019385,1,6810,0.8200347999005717,0.0,1,0.25074321031570435
TRAIN,0f7r7f3f,224,0,1,2,1080,1920,1,1.760989975942969e-25,-2.875,0.053403329104185104,0,0,0.0,968,0.0,,,,,,0,0,,0.0,2,
TRAIN,0f7r7f3f,224,1,2,2,1080,1920,1,0.8828125,7.46875,0.9994296431541443,1,7663,0.003695505401234568,7658,1.000652911987464,0.8206062030075187,1536.7688894688765,465.21153595197705,1537.0132754659178,458.757339800868,1,7358,0.8028084493518963,0.0,1,0.256021648645401
TRAIN,0f7r7f3f,225,0,1,2,1080,1920,1,5.816113682013476e-24,-2.328125,0.08882029354572296,0,0,0.0,968,0.0,,,,,,0,0,,0.0,2,
TRAIN,0f7r7f3f,225,1,2,2,1080,1920,1,0.89453125,7.5,0.9994471669197083,1,8272,0.003989197530864197,7658,1.0801775920605903,0.709030459030459,1532.1268133462283,466.2186895551257,1536.7688894688765,465.21153595197705,1,7572,0.8554865909357068,0.0,1,0.3324924409389496
TRAIN,0f7r7f3f,226,0,1,2,1080,1920,1,2.8919009696678116e-25,-2.296875,0.09138210862874985,0,0,0.0,968,0.0,,,,,,0,0,,0.0,2,
TRAIN,0f7r7f3f,226,1,2,2,1080,1920,1,0.8984375,7.65625,0.9995272159576416,1,8103,0.003907696759259259,7658,1.058109166884304,0.8129982285208148,1533.0823151919042,469.82327533012466,1532.1268133462283,466.2186895551257,1,7146,0.8334736082722135,0.0,1,0.36278218030929565
TRAIN,0f7r7f3f,227,0,1,2,1080,1920,1,5.816113682013476e-24,-2.53125,0.07369627058506012,0,0,0.0,968,0.0,,,,,,1,703,0.0,0.0,2,
TRAIN,0f7r7f3f,227,1,2,2,1080,1920,1,0.91015625,7.90625,0.9996316432952881,1,7472,0.003603395061728395,7658,0.9757116740663359,0.7066622835853605,1525.690845824411,477.36161670235543,1533.0823151919042,469.82327533012466,1,6846,0.8817190169536075,0.0,1,0.2618437707424164
TRAIN,0f7r7f3f,228,0,1,2,1080,1920,1,1.9081958235744878e-17,-1.875,0.13296423852443695,0,0,0.0,968,0.0,,,,,,1,1046,0.0,0.0,2,
TRAIN,0f7r7f3f,228,1,2,2,1080,1920,1,0.9140625,7.875,0.9996199607849121,1,8180,0.003944830246913581,7658,1.068164011491251,0.7367953839325344,1520.569315403423,478.4158924205379,1525.690845824411,477.36161670235543,1,7313,0.8541168022977501,0.0,1,0.3240371346473694
TRAIN,0f7r7f3f,229,0,1,2,1080,1920,1,1.5054687148465104e-22,-2.09375,0.10970578342676163,0,0,0.0,968,0.0,,,,,,1,1006,0.0,0.0,2,
TRAIN,0f7r7f3f,229,1,2,2,1080,1920,1,0.91015625,7.6875,0.9995417594909668,1,7844,0.0037827932098765432,7658,1.0242883259336641,0.43173695496783415,1504.787353391127,479.9622641509434,1520.569315403423,478.4158924205379,1,7323,0.8927992012978909,0.0,1,0.31409621238708496
TRAIN,0f7r7f3f,230,0,1,2,1080,1920,1,1.0662875083691372e-25,-2.625,0.06754669547080994,0,0,0.0,968,0.0,,,,,,1,672,0.0,0.0,2,
TRAIN,0f7r7f3f,230,1,2,2,1080,1920,1,0.90625,7.5625,0.999480664730072,1,7977,0.0038469328703703703,7658,1.041655784800209,0.47845995701336325,1490.6776983828506,478.3299486022314,1504.787353391127,479.9622641509434,1,7326,0.8653096050706972,0.0,1,0.2737070620059967
TRAIN,0f7r7f3f,231,0,1,2,1080,1920,1,2.355810384551023e-21,-1.90625,0.12940272688865662,0,0,0.0,968,0.0,,,,,,1,47,0.0,0.0,2,
TRAIN,0f7r7f3f,231,1,2,2,1080,1920,1,0.9140625,7.53125,0.999464213848114,1,7508,0.0036207561728395063,7658,0.9804126403760773,0.5466440271673991,1476.6061534363346,464.3549547149707,1490.6776983828506,478.3299486022314,1,6833,0.8847417531870154,0.0,1,0.2781001031398773
TRAIN,0f7r7f3f,232,0,1,2,1080,1920,1,4.782137916322191e-25,-2.5,0.07585817575454712,0,0,0.0,968,0.0,,,,,,0,0,,0.0,2,
TRAIN,0f7r7f3f,232,1,2,2,1080,1920,1,0.9140625,7.3125,0.9993333220481873,1,6660,0.0032118055555555554,7658,0.8696787673021676,0.5059523809523809,1463.3632132132132,463.33423423423426,1476.6061534363346,464.3549547149707,1,6018,0.874334713187463,0.0,1,0.3354780972003937
TRAIN,0f7r7f3f,233,0,1,2,1080,1920,1,1.5819829215076654e-23,-1.9296875,0.12678517401218414,0,0,0.0,968,0.0,,,,,,0,0,,0.0,2,
TRAIN,0f7r7f3f,233,1,2,2,1080,1920,1,0.87890625,6.4375,0.9984021782875061,1,7122,0.0034346064814814816,7658,0.9300078349438495,0.30536086379996213,1442.1180848076383,455.3904802021904,1463.3632132132132,463.33423423423426,1,6763,0.849853450572875,0.0,1,0.3079923987388611
TRAIN,0f7r7f3f,234,0,1,2,1080,1920,1,1.1546753136970622e-17,-1.890625,0.13117322325706482,0,0,0.0,968,0.0,,,,,,1,129,0.0,0.0,2,
TRAIN,0f7r7f3f,234,1,2,2,1080,1920,1,0.90234375,7.40625,0.9993928670883179,1,7442,0.0035889274691358023,7658,0.9717942021415513,0.4546544147023572,1426.168771835528,451.2124428916958,1442.1180848076383,455.3904802021904,1,6683,0.8590418531192419,0.0,1,0.3243866264820099
TRAIN,0f7r7f3f,235,0,1,2,1080,1920,1,1.5819829215076654e-23,-2.484375,0.07696083933115005,0,0,0.0,968,0.0,,,,,,1,96,0.0,0.0,2,
TRAIN,0f7r7f3f,235,1,2,2,1080,1920,1,0.91015625,7.46875,0.9994296431541443,1,7325,0.0035325038580246914,7658,0.9565160616348917,0.3925877027536779,1410.201228668942,441.71344709897613,1426.168771835528,451.2124428916958,1,6494,0.8496854504082452,0.0,1,0.3011881113052368
TRAIN,0f7r7f3f,236,0,1,2,1080,1920,1,1.2304311611726287e-23,-2.640625,0.06656918674707413,0,0,0.0,968,0.0,,,,,,0,0,,0.0,2,
TRAIN,0f7r7f3f,236,1,2,2,1080,1920,1,0.89453125,8.0625,0.9996849298477173,1,7352,0.0035455246913580246,7658,0.9600417863671977,0.5121574283948074,1398.1493471164308,441.07467355821547,1410.201228668942,441.71344709897613,1,6825,0.8673603793466808,0.0,1,0.31604552268981934
TRAIN,0f7r7f3f,237,0,1,2,1080,1920,1,5.0487097934144756e-26,-3.0625,0.044680867344141006,0,0,0.0,968,0.0,,,,,,0,0,,0.0,2,
TRAIN,0f7r7f3f,237,1,2,2,1080,1920,1,0.90625,7.46875,0.9994296431541443,1,6543,0.0031553819444444446,7658,0.854400626795508,0.6126973073351903,1389.2874828060524,435.48509857863365,1398.1493471164308,441.07467355821547,1,5853,0.8449173984223843,0.0,1,0.2988143563270569
TRAIN,0f7r7f3f,238,0,1,2,1080,1920,1,3.350081480839762e-23,-2.375,0.08509904146194458,0,0,0.0,968,0.0,,,,,,0,0,,0.0,2,
TRAIN,0f7r7f3f,238,1,2,2,1080,1920,1,0.91015625,7.75,0.9995694756507874,1,6761,0.003260513117283951,7658,0.8828675894489423,0.5267385815928392,1378.6070107972193,432.4005324656116,1389.2874828060524,435.48509857863365,1,5918,0.8182991538792486,0.0,1,0.2654813826084137
TRAIN,0f7r7f3f,239,0,1,2,1080,1920,1,6.993104012531504e-18,-1.53125,0.17781086266040802,0,0,0.0,968,0.0,,,,,,0,0,,0.0,2,
TRAIN,0f7r7f3f,239,1,2,2,1080,1920,1,0.90234375,7.96875,0.9996540546417236,1,9085,0.004381269290123457,7658,1.1863410812222512,0.6936725096194956,1375.7348376444688,438.9400110071546,1378.6070107972193,432.4005324656116,1,6973,0.7437289607992181,0.0,1,0.33373311161994934
TRAIN,0f7r7f3f,240,0,1,2,1080,1920,1,4.52364397489937e-24,-2.671875,0.06465348601341248,0,0,0.0,968,0.0,,,,,,1,368,0.0,0.0,2,
TRAIN,0f7r7f3f,240,1,2,2,1080,1920,1,0.90625,7.71875,0.999555766582489,1,6663,0.0032132523148148146,7658,0.8700705144946461,0.5140851841169118,1363.0066036319977,449.26264445444997,1375.7348376444688,438.9400110071546,1,6282,0.9036764705882353,0.0,1,0.3057432770729065
TRAIN,0f7r7f3f,241,0,1,2,1080,1920,1,5.542110104105285e-23,-2.21875,0.09807931631803513,0,0,0.0,968,0.0,,,,,,1,345,0.0,0.0,2,
TRAIN,0f7r7f3f,241,1,2,2,1080,1920,1,0.8828125,7.34375,0.99935382604599,1,7225,0.003484278549382716,7658,0.9434578218856098,0.7502205419029616,1359.471418685121,444.87543252595157,1363.0066036319977,449.26264445444997,1,6860,0.8332682545880515,0.0,1,0.3002889156341553
TRAIN,0f7r7f3f,242,0,1,2,1080,1920,1,8.320273739547056e-26,-2.9375,0.05033063143491745,0,0,0.0,968,0.0,,,,,,1,1486,0.0,0.0,2,
TRAIN,0f7r7f3f,242,1,2,2,1080,1920,1,0.90625,8.0625,0.9996849298477173,1,6734,0.003247492283950617,7658,0.8793418647166362,0.7768584521384929,1357.568607068607,448.81882981882984,1359.471418685121,444.87543252595157,1,6339,0.8823614110871131,0.0,1,0.3564380705356598
TRAIN,0f7r7f3f,243,0,1,2,1080,1920,1,2.3829910224916325e-26,-2.953125,0.04958902671933174,0,0,0.0,968,0.0,,,,,,1,2308,0.0,0.0,2,
TRAIN,0f7r7f3f,243,1,2,2,1080,1920,1,0.90625,7.3125,0.9993333220481873,1,6265,0.003021315586419753,7658,0.8180987202925045,0.3536394876601062,1375.1869114126098,450.29784517158816,1357.568607068607,448.81882981882984,1,5742,0.8543629343629343,0.0,1,0.3659138083457947
TRAIN,0f7r7f3f,244,0,1,2,1080,1920,1,9.615974620928947e-24,-2.484375,0.07696083933115005,0,0,0.0,968,0.0,,,,,,1,2522,0.0,0.0,2,
TRAIN,0f7r7f3f,244,1,2,2,1080,1920,1,0.8984375,6.96875,0.9990600943565369,1,6700,0.0032310956790123457,7658,0.8749020632018804,0.4198882926295039,1389.6983582089551,449.1455223880597,1375.1869114126098,450.29784517158816,1,6322,0.8379675370501058,0.0,1,0.35989439487457275
TRAIN,0f7r7f3f,245,0,1,2,1080,1920,1,2.831068712794149e-15,-1.796875,0.14223189651966095,0,0,0.0,968,0.0,,,,,,1,3138,0.0,0.0,2,
TRAIN,0f7r7f3f,245,1,2,2,1080,1920,1,0.9140625,7.34375,0.99935382604599,1,7184,0.003464506172839506,7658,0.9381039435884043,0.33989577301679214,1410.0327115812918,452.96798440979956,1389.6983582089551,449.1455223880597,1,6848,0.8686909042482355,0.0,1,0.28235968947410583
TRAIN,0f7r7f3f,246,0,1,2,1080,1920,1,1.2790197503539935e-19,-1.984375,0.12085322290658951,0,0,0.0,968,0.0,,,,,,1,3296,0.0,0.0,2,
TRAIN,0f7r7f3f,246,1,2,2,1080,1920,1,0.90625,7.53125,0.999464213848114,1,7090,0.0034191743827160495,7658,0.9258291982240794,0.7426443657673055,1413.1822284908321,451.84400564174894,1410.0327115812918,452.96798440979956,1,6544,0.8663928815879535,0.0,1,0.310417115688324
TRAIN,0f7r7f3f,247,0,1,2,1080,1920,1,3.017554874593445e-21,-2.09375,0.10970578342676163,0,0,0.0,968,0.0,,,,,,1,3307,0.0,0.0,2,
TRAIN,0f7r7f3f,247,1,2,2,1080,1920,1,0.90625,7.5625,0.999480664730072,1,7735,0.00373022762345679,7658,1.010054844606947,0.7343238184370613,1412.4515837104072,443.83594053005817,1413.1822284908321,451.84400564174894,1,6984,0.8521454636969926,0.0,1,0.276873916387558
TRAIN,0f7r7f3f,248,0,1,2,1080,1920,1,4.926614671774132e-16,-1.40625,0.19682618975639343,0,0,0.0,968,0.0,,,,,,1,3684,0.0,0.0,2,
TRAIN,0f7r7f3f,248,1,2,2,1080,1920,1,0.890625,7.09375,0.9991704225540161,1,7205,0.003474633487654321,7658,0.9408461739357534,0.7359981408319777,1409.9598889659958,441.8986814712006,1412.4515837104072,443.83594053005817,1,6052,0.7943963183540877,0.0,1,0.2651776671409607
TRAIN,0f7r7f3f,249,0,1,2,1080,1920,1,8.66885281955573e-22,-2.171875,0.10230471193790436,0,0,0.0,968,0.0,,,,,,1,3396,0.0,0.0,2,
TRAIN,0f7r7f3f,249,1,2,2,1080,1920,1,0.890625,7.59375,0.9994966983795166,1,6729,0.0032450810185185187,7658,0.8786889527291721,0.6631654332776319,1407.1804131371675,444.91172536781096,1409.9598889659958,441.8986814712006,1,6177,0.8397719173200285,0.0,1,0.34034162759780884
TRAIN,0f7r7f3f,250,0,1,2,1080,1920,1,3.54136699749265e-24,-2.40625,0.08269733935594559,0,0,0.0,968,0.0,,,,,,1,3330,0.0,0.0,2,
TRAIN,0f7r7f3f,250,1,2,2,1080,1920,1,0.890625,7.09375,0.9991704225540161,1,7118,0.0034326774691358026,7658,0.9294855053538783,0.731957473420888,1401.522056757516,445.48089350941274,1407.1804131371675,444.91172536781096,1,7225,0.8012055757880195,0.0,1,0.2733233571052551
TRAIN,0f7r7f3f,251,0,1,2,1080,1920,1,7.496324301261813e-24,-2.5,0.07585817575454712,0,0,0.0,968,0.0,,,,,,1,3365,0.0,0.0,2,
TRAIN,0f7r7f3f,251,1,2,2,1080,1920,1,0.8984375,6.96875,0.9990600943565369,1,7458,0.0035966435185185185,7658,0.9738835205014365,0.32388737511353316,1379.104451595602,459.78962188254224,1401.522056757516,445.48089350941274,1,6994,0.8807912545549194,0.0,1,0.3145555853843689
TRAIN,0f7r7f3f,252,0,1,2,1080,1920,1,4.52364397489937e-24,-2.328125,0.08882029354572296,0,0,0.0,968,0.0,,,,,,1,3450,0.0,0.0,2,
TRAIN,0f7r7f3f,252,1,2,2,1080,1920,1,0.8984375,6.90625,0.9989995360374451,1,7290,0.003515625,7658,0.9519456777226429,0.7569692637598284,1376.8547325102882,466.94417009602194,1379.104451595602,459.78962188254224,1,7110,0.7870439314966493,0.0,1,0.3181105852127075
TRAIN,0f7r7f3f,253,0,1,2,1080,1920,1,1.2197274440461925e-18,-1.78125,0.14414885640144348,0,0,0.0,968,0.0,,,,,,1,3896,0.0,0.0,2,
TRAIN,0f7r7f3f,253,1,2,2,1080,1920,1,0.89453125,6.96875,0.9990600943565369,1,7935,0.0038266782407407407,7658,1.0361713241055106,0.7320819112627986,1373.751858853182,463.33610586011343,1376.8547325102882,466.94417009602194,1,7210,0.8198750300408556,0.0,1,0.24428705871105194
TRAIN,0f7r7f3f,254,0,1,2,1080,1920,1,9.486769009248164e-19,-1.765625,0.14608724415302277,0,0,0.0,968,0.0,,,,,,1,4484,0.0,0.0,2,
TRAIN,0f7r7f3f,254,1,2,2,1080,1920,1,0.90625,6.875,0.9989677667617798,1,6343,0.003058931327160494,7658,0.8282841472969443,0.6897041420118343,1377.2769982658049,464.58820747280464,1373.751858853182,463.33610586011343,1,6410,0.8612084063047285,0.0,1,0.27807196974754333
TRAIN,0f7r7f3f,255,0,1,2,1080,1920,1,3.635980405647388e-15,-1.3359375,0.20817892253398895,0,0,0.0,968,0.0,,,,,,1,4514,0.0,0.0,2,
TRAIN,0f7r7f3f,255,1,2,2,1080,1920,1,0.89453125,6.96875,0.9990600943565369,1,5808,0.002800925925925926,7658,0.7584225646382867,0.7428284566838784,1381.4125344352617,465.66597796143253,1377.2769982658049,464.58820747280464,1,6242,0.8103966346153846,0.0,1,0.32389846444129944
TRAIN,0f7r7f3f,256,0,1,2,1080,1920,1,1.7139067942650854e-15,-1.3671875,0.2030746340751648,0,0,0.0,968,0.0,,,,,,1,4127,0.0,0.0,2,
TRAIN,0f7r7f3f,256,1,2,2,1080,1920,1,0.8984375,6.90625,0.9989995360374451,1,7669,0.0036983989197530865,7658,1.001436406372421,0.5784727102365894,1390.7195201460424,460.7639848741687,1381.4125344352617,465.66597796143253,1,7123,0.856425702811245,0.0,1,0.3282316029071808
TRAIN,0f7r7f3f,257,0,1,2,1080,1920,1,7.113753267956038e-23,-2.46875,0.07807816565036774,0,0,0.0,968,0.0,,,,,,1,4018,0.0,0.0,2,
TRAIN,0f7r7f3f,257,1,2,2,1080,1920,1,0.8984375,7.21875,0.9992678761482239,1,7705,0.0037157600308641977,7658,1.0061373726821625,0.6273949401926537,1397.894094743673,458.1922128487995,1390.7195201460424,460.7639848741687,1,6990,0.8509887895200907,0.0,1,0.2806270718574524
TRAIN,0f7r7f3f,258,0,1,2,1080,1920,1,5.44811591673966e-18,-1.5390625,0.1766715943813324,0,0,0.0,968,0.0,,,,,,1,4149,0.0,0.0,2,
TRAIN,0f7r7f3f,258,1,2,2,1080,1920,1,0.8984375,7.21875,0.9992678761482239,1,7451,0.0035932677469135803,7658,0.9729694437189866,0.719147005444646,1400.0483156623272,449.18266004563145,1397.894094743673,458.1922128487995,1,6721,0.8810724714627024,0.0,1,0.3202113211154938
TRAIN,0f7r7f3f,259,0,1,2,1080,1920,1,2.0369322584118306e-23,-2.234375,0.09670579433441162,0,0,0.0,968,0.0,,,,,,1,4087,0.0,0.0,2,
TRAIN,0f7r7f3f,259,1,2,2,1080,1920,1,0.91015625,7.53125,0.999464213848114,1,7954,0.0038358410493827162,7658,1.038652389657874,0.7308988764044944,1403.24138798089,440.6884586371637,1400.0483156623272,449.18266004563145,1,7230,0.8720256441869066,0.0,1,0.30406031012535095
TRAIN,0f7r7f3f,260,0,1,2,1080,1920,1,1.2989320556496763e-24,-2.296875,0.09138210862874985,0,0,0.0,968,0.0,,,,,,1,3889,0.0,0.0,2,
TRAIN,0f7r7f3f,260,1,2,2,1080,1920,1,0.90234375,6.90625,0.9989995360374451,1,7872,0.0037962962962962963,7658,1.027944633063463,0.7347363805765648,1408.7389481707316,438.9376270325203,1403.24138798089,440.6884586371637,1,7492,0.8530937160776746,0.0,1,0.26413676142692566
TRAIN,0f7r7f3f,261,0,1,2,1080,1920,1,2.8919009696678116e-25,-2.703125,0.06278920918703079,0,0,0.0,968,0.0,,,,,,1,3884,0.0,0.0,2,
TRAIN,0f7r7f3f,261,1,2,2,1080,1920,1,0.9140625,7.71875,0.999555766582489,1,7465,0.003600019290123457,7658,0.9747975972838862,0.5883388566694283,1418.415941058272,435.39423978566646,1408.7389481707316,438.9376270325203,1,7570,0.8619195046439628,0.0,1,0.3394266963005066
TRAIN,0f7r7f3f,262,0,1,2,1080,1920,1,3.4897757426877174e-19,-1.859375,0.13477590680122375,0,0,0.0,968,0.0,,,,,,1,3580,0.0,0.0,2,
TRAIN,0f7r7f3f,262,1,2,2,1080,1920,1,0.921875,7.4375,0.9994115829467773,1,7965,0.003841145833333333,7658,1.0400887960302951,0.7975302889095992,1420.6814814814816,433.556183301946,1418.415941058272,435.39423978566646,1,7342,0.9031455924406316,0.0,1,0.27736344933509827
TRAIN,0f7r7f3f,263,0,1,2,1080,1920,1,1.166324663699769e-22,-2.125,0.10669060051441193,0,0,0.0,968,0.0,,,,,,1,3820,0.0,0.0,2,
TRAIN,0f7r7f3f,263,1,2,2,1080,1920,1,0.92578125,7.5,0.9994471669197083,1,7400,0.0035686728395061726,7658,0.966309741446853,0.7293190770962296,1422.3089189189188,444.32891891891893,1420.6814814814816,433.556183301946,1,7040,0.9148654024665164,0.0,1,0.28157877922058105
TRAIN,0f7r7f3f,264,0,1,2,1080,1920,1,2.8587361969832636e-20,-1.5546875,0.17441026866436005,0,0,0.0,968,0.0,,,,,,1,4074,0.0,0.0,2,
TRAIN,0f7r7f3f,264,1,2,2,1080,1920,1,0.91796875,7.28125,0.999312162399292,1,7246,0.0034944058641975307,7658,0.946200052232959,0.7974963181148749,1419.3519182997516,446.3308032017665,1422.3089189189188,444.32891891891893,1,7593,0.8769289147482925,0.0,1,0.30520421266555786
TRAIN,0f7r7f3f,265,0,1,2,1080,1920,1,1.6432439176733427e-19,-1.7421875,0.1490352898836136,0,0,0.0,968,0.0,,,,,,1,4034,0.0,0.0,2,
TRAIN,0f7r7f3f,265,1,2,2,1080,1920,1,0.89453125,7.5625,0.999480664730072,1,8407,0.004054301697530864,7658,1.0978062157221207,0.8192701069270107,1419.4365409777565,450.02367075056503,1419.3519182997516,446.3308032017665,1,7621,0.8284280173397216,0.0,1,0.2546350061893463
TRAIN,0f7r7f3f,266,0,1,2,1080,1920,1,9.74978320300579e-10,-0.9609375,0.2766905128955841,0,0,0.0,968,0.0,,,,,,1,3799,0.0,0.0,2,
TRAIN,0f7r7f3f,266,1,2,2,1080,1920,1,0.91015625,7.34375,0.99935382604599,1,7814,0.0037683256172839504,7658,1.0203708540088796,0.711437012027854,1422.0446634246225,463.76810852316356,1419.4365409777565,450.02367075056503,1,7176,0.8667496886674969,0.0,1,0.368246853351593
TRAIN,0f7r7f3f,267,0,1,2,1080,1920,1,6.993104012531504e-18,-1.765625,0.14608724415302277,0,0,0.0,968,0.0,,,,,,1,3610,0.0,0.0,2,
TRAIN,0f7r7f3f,267,1,2,2,1080,1920,1,0.91796875,7.6875,0.9995417594909668,1,8006,0.0038609182098765433,7658,1.0454426743275007,0.825735718407386,1422.6362727954036,466.87496877341994,1422.0446634246225,463.76810852316356,1,7594,0.8985031033223805,0.0,1,0.26776057481765747
TRAIN,0f7r7f3f,268,0,1,2,1080,1920,1,1.2197274440461925e-18,-1.53125,0.17781086266040802,0,0,0.0,968,0.0,,,,,,1,3688,0.0,0.0,2,
TRAIN,0f7r7f3f,268,1,2,2,1080,1920,1,0.91796875,7.0,0.9990890026092529,1,7001,0.0033762538580246913,7658,0.9142073648472185,0.6897871861276883,1420.1066990429938,475.9807170404228,1422.6362727954036,466.87496877341994,1,7199,0.8940909697212218,0.0,1,0.30666136741638184
TRAIN,0f7r7f3f,269,0,1,2,1080,1920,1,4.472333961502706e-19,-1.90625,0.12940272688865662,0,0,0.0,968,0.0,,,,,,1,3487,0.0,0.0,2,
TRAIN,0f7r7f3f,269,1,2,2,1080,1920,1,0.9140625,7.15625,0.999220609664917,1,6767,0.003263406635802469,7658,0.8836510838338992,0.4717263495456975,1407.9382296438598,480.48810403428405,1420.1066990429938,475.9807170404228,1,6865,0.9135317237507019,0.0,1,0.30380696058273315
TRAIN,0f7r7f3f,270,0,1,2,1080,1920,1,9.880984919163893e-15,-1.1796875,0.2351083904504776,0,0,0.0,968,0.0,,,,,,1,3178,0.0,0.0,2,
TRAIN,0f7r7f3f,270,1,2,2,1080,1920,1,0.91015625,7.59375,0.9994966983795166,1,6934,0.003343942901234568,7658,0.9054583442151998,0.6531129343629344,1402.1411883472742,479.6896452264205,1407.9382296438598,480.48810403428405,1,7135,0.8649257688229056,0.0,1,0.3154726028442383
TRAIN,0f7r7f3f,271,0,1,2,1080,1920,1,1.6555645743210334e-12,-0.88671875,0.29178744554519653,0,0,0.0,968,0.0,,,,,,1,2835,0.0,0.0,2,
TRAIN,0f7r7f3f,271,1,2,2,1080,1920,1,0.9140625,7.28125,0.999312162399292,1,6157,0.00296923225308642,7658,0.8039958213632802,0.6199727756465784,1394.590547344486,478.9116452817931,1402.1411883472742,479.6896452264205,1,6118,0.8666362530413625,0.0,1,0.2938031256198883
TRAIN,0f7r7f3f,272,0,1,2,1080,1920,1,7.66053886991358e-15,-1.171875,0.23651622235774994,0,0,0.0,968,0.0,,,,,,1,2375,0.0,0.0,2,
TRAIN,0f7r7f3f,272,1,2,2,1080,1920,1,0.91015625,6.84375,0.9989350438117981,1,6954,0.003353587962962963,7658,0.9080699921650561,0.8029427942794279,1394.2947943629565,479.2382801265459,1394.590547344486,478.9116452817931,1,6815,0.9152872444011685,0.0,1,0.25493818521499634
TRAIN,0f7r7f3f,273,0,1,2,1080,1920,1,0.62890625,0.40234375,0.5992506742477417,1,1737,0.0008376736111111111,968,1.7944214876033058,0.0,504.6735751295337,460.49683362118594,,,1,2571,0.0,0.0,2,0.35091644525527954
TRAIN,0f7r7f3f,273,1,2,2,1080,1920,1,0.9140625,7.28125,0.999312162399292,1,6777,0.0032682291666666667,7658,0.8849569078088274,0.7527444472810825,1393.2706212188284,479.2753430721558,1394.2947943629565,479.2382801265459,1,6995,0.8701792504073873,0.0,1,0.3148205578327179
TRAIN,0f7r7f3f,274,0,1,2,1080,1920,1,1.7762184143066406e-05,-0.302734375,0.4248892068862915,0,0,0.0,968,0.0,0.0,,,504.6735751295337,460.49683362118594,1,2449,0.0,0.0,2,
TRAIN,0f7r7f3f,274,1,2,2,1080,1920,1,0.91015625,7.0,0.9990890026092529,1,6563,0.0031650270061728395,7658,0.8570122747453643,0.7481326169571485,1395.7895779369192,481.5392351058967,1393.2706212188284,479.2753430721558,1,6450,0.8922495274102079,0.0,1,0.28328296542167664
TRAIN,0f7r7f3f,275,0,1,2,1080,1920,1,7.386127300057499e-19,-0.88671875,0.29178744554519653,0,0,0.0,968,0.0,,,,,,1,2247,0.0,0.0,2,
TRAIN,0f7r7f3f,275,1,2,2,1080,1920,1,0.890625,7.5,0.9994471669197083,1,6439,0.00310522762345679,7658,0.8408200574562549,0.7781728665207878,1394.4783351452088,473.407516695139,1395.7895779369192,481.5392351058967,1,6757,0.8643684656682679,0.0,1,0.2775963246822357
TRAIN,0f7r7f3f,276,0,1,2,1080,1920,1,2.1454997138094155e-24,-1.421875,0.19436779618263245,0,0,0.0,968,0.0,,,,,,1,2417,0.0,0.0,2,
TRAIN,0f7r7f3f,276,1,2,2,1080,1920,1,0.91796875,7.71875,0.999555766582489,1,6258,0.003017939814814815,7658,0.8171846435100548,0.6541167274622199,1400.132949824225,465.65212527964206,1394.4783351452088,473.407516695139,1,6399,0.8745556872037915,0.0,1,0.3266308605670929
TRAIN,0f7r7f3f,277,0,1,2,1080,1920,1,3.017554874593445e-21,-1.1328125,0.2436424344778061,0,0,0.0,968,0.0,,,,,,1,2533,0.0,0.0,2,
TRAIN,0f7r7f3f,277,1,2,2,1080,1920,1,0.9140625,7.4375,0.9994115829467773,1,6148,0.002964891975308642,7658,0.8028205797858449,0.7510232886379675,1404.874918672739,462.81994144437215,1400.132949824225,465.65212527964206,1,6415,0.890309960878724,0.0,1,0.315313458442688
TRAIN,0f7r7f3f,278,0,1,2,1080,1920,1,3.725290298461914e-06,-0.447265625,0.3900110721588135,0,0,0.0,968,0.0,,,,,,1,2652,0.0,0.0,2,
TRAIN,0f7r7f3f,278,1,2,2,1080,1920,1,0.90625,7.25,0.9992903470993042,1,6922,0.003338155864197531,7658,0.903891355445286,0.807245575221239,1403.5468072811327,465.1899739959549,1404.874918672739,462.81994144437215,1,7210,0.8989518946519752,0.0,1,0.3004358410835266
TRAIN,0f7r7f3f,279,0,1,2,1080,1920,1,0.006103515625,-0.031494140625,0.49212712049484253,0,0,0.0,968,0.0,,,,,,1,2394,0.0,0.0,2,
TRAIN,0f7r7f3f,279,1,2,2,1080,1920,1,0.90625,6.875,0.9989677667617798,1,7024,0.003387345679012346,7658,0.9172107599895534,0.7502510040160643,1406.1660022779042,470.1163154897494,1403.5468072811327,465.1899739959549,1,6508,0.8981624351241408,0.0,1,0.29786914587020874
TRAIN,0f7r7f3f,280,0,1,2,1080,1920,1,3.213062882423401e-08,-0.62890625,0.34775856137275696,0,0,0.0,968,0.0,,,,,,1,2658,0.0,0.0,2,
TRAIN,0f7r7f3f,280,1,2,2,1080,1920,1,0.91015625,7.21875,0.9992678761482239,1,6417,0.0030946180555555558,7658,0.8379472447114129,0.5151617630481343,1395.5111422783232,471.42543244506777,1406.1660022779042,470.1163154897494,1,6282,0.8874851367419738,0.0,1,0.2705012261867523
TRAIN,0f7r7f3f,281,0,1,2,1080,1920,1,3.4897757426877174e-19,-1.2578125,0.22135066986083984,0,0,0.0,968,0.0,,,,,,1,2465,0.0,0.0,2,
TRAIN,0f7r7f3f,281,1,2,2,1080,1920,1,0.89453125,7.15625,0.999220609664917,1,7016,0.0033834876543209877,7658,0.9161661008096109,0.6782858570714643,1389.1379703534778,470.1259977194983,1395.5111422783232,471.42543244506777,1,7562,0.8551794349707305,0.0,1,0.37198755145072937
TRAIN,0f7r7f3f,282,0,1,2,1080,1920,1,7.66053886991358e-15,-0.828125,0.30404165387153625,0,0,0.0,968,0.0,,,,,,1,2359,0.0,0.0,2,
TRAIN,0f7r7f3f,282,1,2,2,1080,1920,1,0.91015625,7.25,0.9992903470993042,1,6968,0.0033603395061728397,7658,0.9098981457299556,0.7839010077816048,1386.4156142365098,473.38432835820896,1389.1379703534778,470.1259977194983,1,6732,0.8769694478695712,0.0,1,0.31103232502937317
TRAIN,0f7r7f3f,283,0,1,2,1080,1920,1,1.9273308272485545e-22,-1.3515625,0.20561504364013672,0,0,0.0,968,0.0,,,,,,1,2360,0.0,0.0,2,
TRAIN,0f7r7f3f,283,1,2,2,1080,1920,1,0.8984375,7.5625,0.999480664730072,1,7383,0.003560474537037037,7658,0.964089840689475,0.7486292189594249,1384.4907219287552,475.7354733848029,1386.4156142365098,473.38432835820896,1,6585,0.8498212157330155,0.0,1,0.23371432721614838
TRAIN,0f7r7f3f,284,0,1,2,1080,1920,1,5.502442945726216e-11,-0.5703125,0.36116471886634827,0,0,0.0,968,0.0,,,,,,1,2630,0.0,0.0,2,
TRAIN,0f7r7f3f,284,1,2,2,1080,1920,1,0.9140625,7.8125,0.999595582485199,1,6923,0.0033386381172839505,7658,0.9040219378427788,0.8164042661249366,1385.7203524483605,479.69261880687566,1384.4907219287552,475.7354733848029,1,7054,0.8918516513264754,0.0,1,0.31695717573165894
TRAIN,0f7r7f3f,285,0,1,2,1080,1920,1,2.1316282072803006e-12,-0.51953125,0.3729618787765503,0,0,0.0,968,0.0,,,,,,1,3323,0.0,0.0,2,
TRAIN,0f7r7f3f,285,1,2,2,1080,1920,1,0.9140625,8.0,0.9996646642684937,1,6731,0.003246045524691358,7658,0.8789501175241577,0.7909233997901364,1385.2718763928094,489.3500222849502,1385.7203524483605,479.69261880687566,1,6840,0.9044344653381982,0.0,1,0.3031693398952484
TRAIN,0f7r7f3f,286,0,1,2,1080,1920,1,3.441691376337985e-14,-0.61328125,0.351311057806015,0,0,0.0,968,0.0,,,,,,1,4065,0.0,0.0,2,
TRAIN,0f7r7f3f,286,1,2,2,1080,1920,1,0.8828125,7.71875,0.999555766582489,1,6773,0.0032663001543209876,7658,0.8844345782188561,0.643822276323798,1378.1622619223388,495.06865495349183,1385.2718763928094,489.3500222849502,1,7015,0.8537241193869319,0.0,1,0.29776477813720703
TRAIN,0f7r7f3f,287,0,1,2,1080,1920,1,0.6171875,0.15625,0.5389832258224487,1,1626,0.0007841435185185185,968,1.6797520661157024,0.0,406.2952029520295,504.4218942189422,,,1,4981,0.0,0.0,2,0.3258459270000458
TRAIN,0f7r7f3f,287,1,2,2,1080,1920,1,0.90234375,7.59375,0.9994966983795166,1,6913,0.003333815586419753,7658,0.9027161138678507,0.7887857796366488,1381.3460147548099,499.91899320121513,1378.1622619223388,495.06865495349183,1,6938,0.8626949973103819,0.0,1,0.33261558413505554
TRAIN,0f7r7f3f,288,0,1,2,1080,1920,1,0.5859375,0.279296875,0.5693738460540771,1,2636,0.0012712191358024692,968,2.7231404958677685,0.502820874471086,403.1088770864947,503.7556904400607,406.2952029520295,504.4218942189422,1,5677,0.0,0.0,2,0.2607758939266205
TRAIN,0f7r7f3f,288,1,2,2,1080,1920,1,0.90625,7.40625,0.9993928670883179,1,6130,0.0029562114197530863,7658,0.8004700966309741,0.7592392770434313,1384.9517128874388,495.65334420880913,1381.3460147548099,499.91899320121513,1,6126,0.8858285890136944,0.0,1,0.32405778765678406
TRAIN,0f7r7f3f,289,0,1,2,1080,1920,1,0.59765625,0.60546875,0.6469064354896545,1,2325,0.001121238425925926,968,2.4018595041322315,0.6427152317880794,398.00817204301075,509.65806451612906,403.1088770864947,503.7556904400607,1,6465,0.0,0.0,2,0.26241907477378845
TRAIN,0f7r7f3f,289,1,2,2,1080,1920,1,0.89453125,8.0625,0.9996849298477173,1,6175,0.0029779128086419755,7658,0.8063463045181509,0.5629366188238283,1394.0072874493926,487.67352226720647,1384.9517128874388,495.65334420880913,1,6123,0.9146816129534485,0.0,1,0.3038218319416046
TRAIN,0f7r7f3f,290,0,1,2,1080,1920,1,0.51171875,1.28125,0.7826625108718872,1,2970,0.0014322916666666666,968,3.0681818181818183,0.5076879271070615,406.2909090909091,503.0097643097643,398.00817204301075,509.65806451612906,1,7022,0.0,0.0,2,0.31079936027526855
TRAIN,0f7r7f3f,290,1,2,2,1080,1920,1,0.8984375,7.96875,0.9996540546417236,1,7231,0.0034871720679012347,7658,0.9442413162705667,0.5047704568413963,1405.9995851196238,487.7734753146176,1394.0072874493926,487.67352226720647,1,7458,0.8880462724935733,0.0,1,0.29472616314888
TRAIN,0f7r7f3f,291,0,1,2,1080,1920,1,0.051025390625,1.3984375,0.8019358515739441,1,3928,0.0018942901234567902,968,4.0578512396694215,0.0769711163153786,588.6224541751527,456.74643584521385,406.2909090909091,503.0097643097643,1,7157,0.010022779043280182,0.0,2,0.2646562159061432
TRAIN,0f7r7f3f,291,1,2,2,1080,1920,1,0.91015625,7.71875,0.999555766582489,1,7293,0.0035170717592592593,7658,0.9523374249151214,0.6132400311007442,1414.1316330728096,483.3567804744275,1405.9995851196238,487.7734753146176,1,7262,0.9023657038295647,0.0,1,0.3332313895225525
TRAIN,0f7r7f3f,292,0,1,2,1080,1920,1,0.25,1.890625,0.8688268065452576,1,6355,0.0030647183641975308,968,6.565082644628099,0.4976696766676376,592.4599527930764,457.9177025963808,588.6224541751527,456.74643584521385,1,7521,0.00014415453366008361,0.0,2,0.3110702335834503
TRAIN,0f7r7f3f,292,1,2,2,1080,1920,1,0.8984375,7.84375,0.9996079802513123,1,6689,0.0032257908950617284,7658,0.8734656568294594,0.5504546462630295,1424.3351771565256,475.3674689789206,1414.1316330728096,483.3567804744275,1,6830,0.8659765355417529,0.0,1,0.2977723777294159
TRAIN,0f7r7f3f,293,0,1,2,1080,1920,1,0.8359375,1.953125,0.8757869601249695,1,6495,0.003132233796296296,968,6.7097107438016526,0.7206748794858061,606.2943802925328,453.1088529638183,592.4599527930764,457.9177025963808,1,7896,0.00013899506567516853,0.0,2,0.24919302761554718
TRAIN,0f7r7f3f,293,1,2,2,1080,1920,1,0.90625,7.96875,0.9996540546417236,1,7354,0.0035464891975308644,7658,0.9603029511621833,0.6761756982573407,1430.024884416644,469.54514549904815,1424.3351771565256,475.3674689789206,1,7332,0.8768051118210862,0.0,1,0.25744080543518066
TRAIN,0f7r7f3f,294,0,1,2,1080,1920,1,0.828125,2.15625,0.896251380443573,1,6468,0.003119212962962963,968,6.681818181818182,0.9232937685459941,607.2302102659246,452.0187074829932,606.2943802925328,453.1088529638183,1,7893,0.0,0.0,2,0.3258907198905945
TRAIN,0f7r7f3f,294,1,2,2,1080,1920,1,0.91796875,8.4375,0.999783456325531,1,7508,0.0036207561728395063,7658,0.9804126403760773,0.7617354196301565,1434.4628396377198,464.7798348428343,1430.024884416644,469.54514549904815,1,7116,0.899467463306923,0.0,1,0.3145233988761902
TRAIN,0f7r7f3f,295,0,1,2,1080,1920,1,0.85546875,1.9296875,0.873214840888977,1,6458,0.0031143904320987655,968,6.671487603305785,0.8262220966374683,603.8189842056364,447.6783834004336,607.2302102659246,452.0187074829932,1,7944,0.0,0.0,2,0.24004672467708588
TRAIN,0f7r7f3f,295,1,2,2,1080,1920,1,0.921875,8.375,0.9997695088386536,1,6837,0.003297164351851852,7658,0.8927918516583965,0.7668432072915383,1438.4361562088636,458.8828433523475,1434.4628396377198,464.7798348428343,1,6603,0.8892324992971605,0.0,1,0.322523832321167
TRAIN,0f7r7f3f,296,0,1,2,1080,1920,1,0.73828125,2.109375,0.8918110132217407,1,6472,0.003121141975308642,968,6.68595041322314,0.8553594489883771,601.4136279357231,444.2852286773795,603.8189842056364,447.6783834004336,1,7888,0.0,0.0,2,0.21291083097457886
TRAIN,0f7r7f3f,296,1,2,2,1080,1920,1,0.89453125,7.875,0.9996199607849121,1,6205,0.002992380401234568,7658,0.8102637764429355,0.812899638587712,1438.0098307816277,454.4556003223207,1438.4361562088636,458.8828433523475,1,6354,0.8209366391184573,0.0,1,0.30208104848861694
TRAIN,0f7r7f3f,297,0,1,2,1080,1920,1,0.5390625,2.359375,0.9136765599250793,1,6640,0.0032021604938271605,968,6.859504132231405,0.694275746220442,593.781626506024,446.2373493975904,601.4136279357231,444.2852286773795,1,7808,6.92185228767218e-05,0.0,2,0.23897220194339752
TRAIN,0f7r7f3f,297,1,2,2,1080,1920,1,0.88671875,7.46875,0.9994296431541443,1,6537,0.0031524884259259258,7658,0.853617132410551,0.789355427608482,1439.1791341594003,466.4321554229769,1438.0098307816277,454.4556003223207,1,7048,0.8220225321888412,0.0,1,0.2902666926383972
TRAIN,0f7r7f3f,298,0,1,2,1080,1920,1,0.80859375,1.90625,0.8705973029136658,1,6820,0.003288966049382716,968,7.045454545454546,0.6633712308452793,585.3872434017595,443.20043988269794,593.781626506024,446.2373493975904,1,7586,6.942034015966679e-05,0.0,2,0.17968355119228363
TRAIN,0f7r7f3f,298,1,2,2,1080,1920,1,0.89453125,7.625,0.9995121955871582,1,7629,0.003679108796296296,7658,0.9962131104727083,0.5173521850899743,1427.517761174466,469.25547253899595,1439.1791341594003,466.4321554229769,1,7805,0.8510434156872152,0.0,1,0.2514166533946991
TRAIN,0f7r7f3f,299,0,1,2,1080,1920,1,0.85546875,1.90625,0.8705973029136658,1,7062,0.0034056712962962964,968,7.295454545454546,0.694580078125,578.0304446332484,447.0783064287737,585.3872434017595,443.20043988269794,1,6958,0.0,0.0,2,0.25083985924720764
TRAIN,0f7r7f3f,299,1,2,2,1080,1920,1,0.890625,7.84375,0.9996079802513123,1,8836,0.004261188271604938,7658,1.1538260642465397,0.5087510308806011,1416.659008601177,474.4326618379357,1427.517761174466,469.25547253899595,1,7411,0.7781547553901719,0.0,1,0.3703197240829468
TRAIN,0f7r7f3f,300,0,1,2,1080,1920,1,0.87890625,2.0625,0.8872045874595642,1,7642,0.0036853780864197533,968,7.894628099173554,0.7430061640587956,572.3003140539126,449.42161737764985,578.0304446332484,447.0783064287737,1,6482,0.0,0.0,2,0.2351314127445221
TRAIN,0f7r7f3f,300,1,2,2,1080,1920,1,0.8203125,8.25,0.9997387528419495,1,6882,0.0033188657407407407,7658,0.8986680595455733,0.419873532068654,1401.6457425167102,471.8301365882011,1416.659008601177,474.4326618379357,1,6128,0.8264776077495437,0.0,1,0.311271607875824
TRAIN,0f7r7f3f,301,0,1,2,1080,1920,1,0.76171875,2.171875,0.8976953029632568,1,7867,0.0037938850308641974,968,8.12706611570248,0.7563986409966025,566.2701156730647,450.33214694292616,572.3003140539126,449.42161737764985,1,4915,0.0,0.0,2,0.2688373327255249
TRAIN,0f7r7f3f,301,1,2,2,1080,1920,1,0.84375,7.6875,0.9995417594909668,1,6464,0.003117283950617284,7658,0.8440846173935753,0.6505070492208755,1394.57286509901,470.96147896039605,1401.6457425167102,471.8301365882011,1,6441,0.8705609508624438,0.0,1,0.32319414615631104
TRAIN,0f7r7f3f,302,0,1,2,1080,1920,1,0.7421875,2.5,0.9241418242454529,1,7956,0.0038368055555555555,968,8.21900826446281,0.780465848992911,561.1504524886877,454.47347913524385,566.2701156730647,450.33214694292616,1,3374,0.0,0.0,2,0.2820124626159668
TRAIN,0f7r7f3f,302,1,2,2,1080,1920,1,0.875,8.625,0.9998205304145813,1,7182,0.003463541666666667,7658,0.9378427787934186,0.8088547189819725,1394.5757449178502,478.1865775549986,1394.57286509901,470.96147896039605,1,7026,0.8813559322033898,0.0,1,0.2653639614582062
TRAIN,0f7r7f3f,303,0,1,2,1080,1920,1,0.796875,2.828125,0.9441768527030945,1,7422,0.0035792824074074073,968,7.667355371900826,0.7378234828794215,555.3069253570466,462.42522231204526,561.1504524886877,454.47347913524385,1,806,0.0,0.0,2,0.3222968280315399
TRAIN,0f7r7f3f,303,1,2,2,1080,1920,1,0.85546875,7.9375,0.9996429681777954,1,6837,0.003297164351851852,7658,0.8927918516583965,0.7167523879500367,1390.0802983764809,487.43542489395935,1394.5757449178502,478.1865775549986,1,6388,0.859533183352081,0.0,1,0.2791765630245209
TRAIN,0f7r7f3f,304,0,1,2,1080,1920,1,0.703125,2.765625,0.9407896995544434,1,7741,0.0037331211419753085,968,7.996900826446281,0.7834627146553752,549.9094432243896,461.04405115618135,555.3069253570466,462.42522231204526,0,0,0.0,0.0,2,0.3045179843902588
TRAIN,0f7r7f3f,304,1,2,2,1080,1920,1,0.80078125,7.3125,0.9993333220481873,1,5326,0.0025684799382716048,7658,0.6954818490467485,0.735587899543379,1392.8441607209913,484.4682688696958,1390.0802983764809,487.43542489395935,1,5338,0.8411602209944752,0.0,1,0.3664609491825104
TRAIN,0f7r7f3f,305,0,1,2,1080,1920,1,0.4453125,2.71875,0.9381240010261536,1,7422,0.0035792824074074073,968,7.667355371900826,0.7691051219227628,544.4954190245217,465.6880894637564,549.9094432243896,461.04405115618135,1,382,0.0,0.0,2,0.2934103012084961
TRAIN,0f7r7f3f,305,1,2,2,1080,1920,1,0.74609375,6.1875,0.9979493021965027,1,4221,0.0020355902777777777,7658,0.5511882998171846,0.706649982123704,1396.5612414119878,495.985548448235,1392.8441607209913,484.4682688696958,1,4706,0.7642292490118577,0.0,1,0.3175744116306305
TRAIN,0f7r7f3f,306,0,1,2,1080,1920,1,0.3984375,2.859375,0.9458011984825134,1,5906,0.0028481867283950617,968,6.101239669421488,0.6106344410876133,538.7932610904165,459.6506942092787,544.4954190245217,465.6880894637564,1,2962,0.0,0.0,2,0.2889878749847412
TRAIN,0f7r7f3f,306,1,2,2,1080,1920,1,0.71484375,5.96875,0.9974491000175476,1,3549,0.0017115162037037038,7658,0.463436928702011,0.6752910737386805,1396.2056917441532,481.25359256128485,1396.5612414119878,495.985548448235,1,3753,0.6576617480136209,0.0,1,0.29316750168800354
TRAIN,0f7r7f3f,307,0,1,2,1080,1920,1,0.400390625,2.796875,0.9425067901611328,1,2366,0.0011410108024691359,968,2.4442148760330578,0.38073777332665665,535.434065934066,451.97802197802196,538.7932610904165,459.6506942092787,1,7096,0.0006345177664974619,0.0,2,0.2798861265182495
TRAIN,0f7r7f3f,307,1,2,2,1080,1920,1,0.66796875,5.0625,0.9937100410461426,1,3043,0.0014674961419753087,7658,0.3973622355706451,0.662547288776797,1395.339796253697,469.1537955964509,1396.2056917441532,481.25359256128485,1,2800,0.6016995614035088,0.0,1,0.27985894680023193
TRAIN,0f7r7f3f,308,0,1,2,1080,1920,1,0.036865234375,2.328125,0.9111796617507935,1,548,0.0002642746913580247,968,0.5661157024793388,0.231614539306847,524.9507299270073,439.70985401459853,535.434065934066,451.97802197802196,1,10970,0.0,0.0,2,0.23959270119667053
TRAIN,0f7r7f3f,308,1,2,2,1080,1920,1,0.69921875,4.5,0.9890130758285522,1,3189,0.0015379050925925927,7658,0.4164272656045965,0.3985637342908438,1388.4512386328001,470.1774851050486,1395.339796253697,469.1537955964509,1,2892,0.6337990327780763,0.0,1,0.2920677661895752
TRAIN,0f7r7f3f,309,0,1,2,1080,1920,1,0.03515625,2.046875,0.8856314420700073,1,291,0.00014033564814814814,968,0.3006198347107438,0.0,470.6769759450172,428.0068728522337,524.9507299270073,439.70985401459853,1,12542,0.0,0.0,2,0.25172364711761475
TRAIN,0f7r7f3f,309,1,2,2,1080,1920,1,0.72265625,4.9375,0.9928786158561707,1,3778,0.0018219521604938272,7658,0.4933402977278663,0.4403555923092826,1381.8054526204342,470.10137638962414,1388.4512386328001,470.1774851050486,1,3699,0.575763962065332,0.0,1,0.31536221504211426
TRAIN,0f7r7f3f,310,0,1,2,1080,1920,1,0.130859375,3.15625,0.9591543078422546,1,967,0.00046633873456790125,968,0.9989669421487604,0.26305220883534136,466.5873836608066,423.8035160289555,470.6769759450172,428.0068728522337,1,13209,7.054673721340387e-05,0.0,2,0.2545042335987091
TRAIN,0f7r7f3f,310,1,2,2,1080,1920,1,0.75390625,5.09375,0.9939024448394775,1,4568,0.002202932098765432,7658,0.5965003917471925,0.6942752740560292,1378.076401050788,466.3296847635727,1381.8054526204342,470.10137638962414,1,4283,0.6769609700644184,0.0,1,0.3649376630783081
TRAIN,0f7r7f3f,311,0,1,2,1080,1920,1,0.1494140625,3.34375,0.9658995866775513,1,2029,0.000978491512345679,968,2.0960743801652892,0.3140350877192982,460.79349433218334,408.20650566781666,466.5873836608066,423.8035160289555,1,12716,0.00013565760021705216,0.0,2,0.28959396481513977
TRAIN,0f7r7f3f,311,1,2,2,1080,1920,1,0.81640625,6.71875,0.998793363571167,1,5488,0.002646604938271605,7658,0.716636197440585,0.38741721854304634,1368.430029154519,466.8637026239067,1378.076401050788,466.3296847635727,1,4975,0.8102076124567474,0.0,1,0.35714736580848694
TRAIN,0f7r7f3f,312,0,1,2,1080,1920,1,0.0306396484375,3.40625,0.9678993225097656,1,11112,0.005358796296296296,968,11.479338842975206,0.0001522185858893371,847.4320554355652,467.84296256299496,460.79349433218334,408.20650566781666,1,12307,0.8559993659851006,0.0,2,0.25970888137817383
TRAIN,0f7r7f3f,312,1,2,2,1080,1920,1,0.79296875,7.03125,0.9991169571876526,1,6011,0.0028988233024691357,7658,0.7849307913293289,0.6559619815668203,1363.3803027782399,464.3832972883048,1368.430029154519,466.8637026239067,1,6324,0.8369322412509308,0.0,1,0.29916566610336304
TRAIN,0f7r7f3f,313,0,1,2,1080,1920,1,0.2255859375,3.140625,0.9585376977920532,1,1579,0.0007614776234567901,968,1.631198347107438,0.0,449.67827739075364,404.94933502216594,847.4320554355652,467.84296256299496,1,10876,0.0,0.0,2,0.2784108519554138
TRAIN,0f7r7f3f,313,1,2,2,1080,1920,1,0.8515625,7.84375,0.9996079802513123,1,8264,0.00398533950617284,7658,1.0791329328806476,0.6487641487641488,1366.2820667957405,474.77698451113264,1363.3803027782399,464.3832972883048,1,8007,0.887149153328694,0.0,1,0.3724462687969208
TRAIN,0f7r7f3f,314,0,1,2,1080,1920,1,0.00830078125,3.140625,0.9585376977920532,1,409,0.000197241512345679,968,0.4225206611570248,0.0,417.3276283618582,431.5550122249389,449.67827739075364,404.94933502216594,1,9392,0.00010204081632653062,0.0,2,0.28828561305999756
TRAIN,0f7r7f3f,314,1,2,2,1080,1920,1,0.8671875,9.5,0.9999251365661621,1,9248,0.004459876543209876,7658,1.2076260120135807,0.6234356169463243,1373.0768814878893,479.8914359861592,1366.2820667957405,474.77698451113264,1,9778,0.8384384964730892,0.0,1,0.371407687664032
TRAIN,0f7r7f3f,315,0,1,2,1080,1920,1,0.50390625,3.671875,0.9752018451690674,1,3335,0.0016083140432098764,968,3.4452479338842976,0.11163895486935867,429.83538230884557,419.60359820089957,417.3276283618582,431.5550122249389,1,10760,0.0,0.0,2,0.35022786259651184
TRAIN,0f7r7f3f,315,1,2,2,1080,1920,1,0.89453125,8.875,0.9998601675033569,1,10558,0.005091628086419753,7658,1.3786889527291721,0.40080628050074263,1389.420723621898,482.3654101155522,1373.0768814878893,479.8914359861592,1,10935,0.8463190447556052,0.0,1,0.3336537480354309
TRAIN,0f7r7f3f,316,0,1,2,1080,1920,1,0.64453125,4.34375,0.9871788024902344,1,7839,0.0037803819444444443,968,8.098140495867769,0.4230769230769231,432.8069906875877,435.2044903686695,429.83538230884557,419.60359820089957,1,11746,5.1062091503267975e-05,0.0,2,0.260683536529541
TRAIN,0f7r7f3f,316,1,2,2,1080,1920,1,0.91015625,8.3125,0.9997546076774597,1,11156,0.005380015432098766,7658,1.4567772264298773,0.40634715025906737,1406.687880960918,483.72678379347434,1389.420723621898,482.3654101155522,1,11641,0.8940677966101694,0.0,1,0.31498074531555176
TRAIN,0f7r7f3f,317,0,1,2,1080,1920,1,0.404296875,4.375,0.9875683188438416,1,8547,0.00412181712962963,968,8.829545454545455,0.7308545473750925,433.3729963729964,451.3903123903124,432.8069906875877,435.2044903686695,1,12813,0.0,0.0,2,0.24549847841262817
TRAIN,0f7r7f3f,317,1,2,2,1080,1920,1,0.88671875,9.125,0.9998910427093506,1,11712,0.005648148148148148,7658,1.529381039435884,0.44578617942719856,1420.123463114754,493.9873633879781,1406.687880960918,483.72678379347434,1,12496,0.8921369391902454,0.0,1,0.24838711321353912
TRAIN,0f7r7f3f,318,0,1,2,1080,1920,1,0.54296875,4.28125,0.9863631129264832,1,8630,0.004161844135802469,968,8.915289256198347,0.6694528136845175,425.5180764774044,459.3486674391657,433.3729963729964,451.3903123903124,1,14120,0.0,0.0,2,0.22816058993339539
TRAIN,0f7r7f3f,318,1,2,2,1080,1920,1,0.90625,9.0625,0.9998840093612671,1,12386,0.005973186728395061,7658,1.6173935753460433,0.6470507825849224,1427.647747456806,494.7530276118198,1420.123463114754,493.9873633879781,1,12641,0.9023259349346305,0.0,1,0.24963639676570892
TRAIN,0f7r7f3f,319,0,1,2,1080,1920,1,0.83984375,4.375,0.9875683188438416,1,9296,0.004483024691358025,968,9.603305785123966,0.7785494592717531,420.6899741824441,460.32325731497417,425.5180764774044,459.3486674391657,1,14573,0.0,0.0,2,0.2287052869796753
TRAIN,0f7r7f3f,319,1,2,2,1080,1920,1,0.91796875,8.875,0.9998601675033569,1,12681,0.006115451388888889,7658,1.6559153826064246,0.6760497459213693,1434.4748048261179,491.5134453118839,1427.647747456806,494.7530276118198,1,13128,0.9259010521602865,0.0,1,0.2699171006679535
TRAIN,0f7r7f3f,320,0,1,2,1080,1920,1,0.86328125,4.21875,0.985496461391449,1,9225,0.004448784722222222,968,9.52995867768595,0.742005267118134,415.3071002710027,466.3424390243902,420.6899741824441,460.32325731497417,1,14519,0.0,0.0,2,0.2660031318664551
TRAIN,0f7r7f3f,320,1,2,2,1080,1920,1,0.921875,9.1875,0.9998977184295654,1,12614,0.0060831404320987655,7658,1.647166361974406,0.7516099993075271,1436.2892024734422,494.9059774853338,1434.4748048261179,491.5134453118839,1,13239,0.8919136480058544,0.0,1,0.2958284318447113
TRAIN,0f7r7f3f,321,0,1,2,1080,1920,1,0.87890625,3.921875,0.9805806875228882,1,9498,0.004580439814814815,968,9.811983471074381,0.6702051739518288,406.2020425352706,464.11097073068015,415.3071002710027,466.3424390243902,1,12698,0.0004958305161144918,0.0,2,0.2541675269603729
TRAIN,0f7r7f3f,321,1,2,2,1080,1920,1,0.91015625,9.375,0.9999151229858398,1,12368,0.005964506172839506,7658,1.6150430921911727,0.6281282586027112,1426.1520860284606,482.3869663648124,1436.2892024734422,494.9059774853338,1,13237,0.8948420039961519,0.0,1,0.3277536928653717
TRAIN,0f7r7f3f,322,0,1,2,1080,1920,1,0.80859375,3.8125,0.9783847332000732,1,10219,0.004928144290123457,968,10.556818181818182,0.4673662275805611,387.89323808591837,460.1793717584891,406.2020425352706,464.11097073068015,1,12191,0.0002678093197643278,0.0,2,0.2296910583972931
TRAIN,0f7r7f3f,322,1,2,2,1080,1920,1,0.90234375,8.75,0.999841570854187,1,12467,0.0060122492283950614,7658,1.6279707495429616,0.6184424894102314,1422.190182080693,474.521055586749,1426.1520860284606,482.3869663648124,1,12556,0.8797325721153846,0.0,1,0.36611586809158325
TRAIN,0f7r7f3f,323,0,1,2,1080,1920,1,0.8515625,3.4375,0.9688562154769897,1,10015,0.0048297646604938274,968,10.34607438016529,0.58078125,375.59550673989014,469.3412880678982,387.89323808591837,460.1793717584891,1,11133,0.00014187751241428233,0.0,2,0.22255703806877136
TRAIN,0f7r7f3f,323,1,2,2,1080,1920,1,0.87890625,7.625,0.9995121955871582,1,7965,0.003841145833333333,7658,1.0400887960302951,0.5328981919123715,1426.4119271814186,478.3703703703704,1422.190182080693,474.521055586749,1,7733,0.8854191688686044,0.0,1,0.3474395275115967
TRAIN,0f7r7f3f,324,0,1,2,1080,1920,1,0.8515625,3.359375,0.9664104580879211,1,10035,0.004839409722222222,968,10.366735537190083,0.42714783970389353,354.80707523667166,467.7672147483807,375.59550673989014,469.3412880678982,1,9574,0.00010200438618860611,0.0,2,0.25838911533355713
TRAIN,0f7r7f3f,324,1,2,2,1080,1920,1,1.0613732115416497e-13,-1.3203125,0.2107662856578827,0,0,0.0,7658,0.0,0.0,,,1426.4119271814186,478.3703703703704,0,0,,0.0,1,
TRAIN,0f7r7f3f,325,0,1,2,1080,1920,1,0.796875,3.234375,0.9621075391769409,1,10542,0.005083912037037037,968,10.890495867768594,0.28437675550839525,324.353822804022,465.9908935685828,354.80707523667166,467.7672147483807,1,5394,0.00018828845791752966,0.0,2,0.2553436756134033
TRAIN,0f7r7f3f,325,1,2,2,1080,1920,1,6.565414878423326e-12,-1.5390625,0.1766715943813324,0,0,0.0,7658,0.0,,,,,,0,0,,0.0,1,
TRAIN,0f7r7f3f,326,0,1,2,1080,1920,1,0.75390625,2.390625,0.9161096215248108,1,10551,0.0050882523148148145,968,10.899793388429751,0.27419354838709675,293.2140081508862,468.19922282248126,324.353822804022,465.9908935685828,1,659,0.0,0.0,2,0.25102266669273376
TRAIN,0f7r7f3f,326,1,2,2,1080,1920,1,0.55078125,4.8125,0.9919379353523254,1,1748,0.0008429783950617284,7658,0.2282580308174458,0.0,1297.74942791762,444.44565217391306,,,1,2263,0.5686351192804068,0.0,1,0.33893001079559326
TRAIN,0f7r7f3f,327,0,1,2,1080,1920,1,0.86328125,3.015625,0.9532750844955444,1,11168,0.0053858024691358026,968,11.537190082644628,0.33712984054669703,266.5790651862464,473.3210959885387,293.2140081508862,468.19922282248126,1,2453,0.0,0.0,2,0.3089107275009155
TRAIN,0f7r7f3f,327,1,2,2,1080,1920,1,0.8828125,8.125,0.9997040629386902,1,10661,0.005141300154320988,7658,1.3921389396709323,0.13086667274218536,1290.452959384673,470.60716630710067,1297.74942791762,444.44565217391306,1,11150,0.8702623906705539,0.0,1,0.39664843678474426
TRAIN,0f7r7f3f,328,0,1,2,1080,1920,1,0.8359375,3.046875,0.954647421836853,1,11616,0.005601851851851852,968,12.0,0.2580894533406958,232.05793732782368,475.7049758953168,266.5790651862464,473.3210959885387,1,3813,6.481721545242416e-05,0.0,2,0.2876022756099701
TRAIN,0f7r7f3f,328,1,2,2,1080,1920,1,0.9140625,8.875,0.9998601675033569,1,11057,0.00533227237654321,7658,1.4438495690780884,0.23791609667122662,1263.2995387537308,469.1721986072171,1290.452959384673,470.60716630710067,1,11354,0.8526080846490866,0.0,1,0.36673086881637573
TRAIN,0f7r7f3f,329,0,1,2,1080,1920,1,0.87109375,2.359375,0.9136765599250793,1,12540,0.006047453703703703,968,12.954545454545455,0.19088937093275488,190.5000797448166,471.9120414673046,232.05793732782368,475.7049758953168,1,2355,0.0,0.0,2,0.24213163554668427
TRAIN,0f7r7f3f,329,1,2,2,1080,1920,1,0.89453125,8.625,0.9998205304145813,1,11001,0.0053052662037037035,7658,1.4365369548184905,0.10989232162624535,1224.2997000272703,479.69702754295065,1263.2995387537308,469.1721986072171,1,10588,0.8851728955640936,0.0,1,0.3383544981479645
TRAIN,0f7r7f3f,330,0,1,2,1080,1920,1,0.859375,2.734375,0.939024806022644,1,13104,0.006319444444444444,968,13.537190082644628,0.2087673815696441,151.35935592185592,478.65438034188037,190.5000797448166,471.9120414673046,1,5813,0.0,0.0,2,0.262331485748291
TRAIN,0f7r7f3f,330,1,2,2,1080,1920,1,0.90625,8.4375,0.999783456325531,1,12496,0.006026234567901235,7658,1.6317576390702533,0.12485039973191632,1183.4915973111395,471.4566261203585,1224.2997000272703,479.69702754295065,1,11907,0.9124608150470219,0.0,1,0.36883217096328735
TRAIN,0f7r7f3f,331,0,1,2,1080,1920,1,0.87890625,2.6875,0.9362850189208984,1,14103,0.0068012152777777776,968,14.569214876033058,0.3130157810916462,118.78153584343757,477.18776146919095,151.35935592185592,478.65438034188037,1,11467,3.910985959560405e-05,0.0,2,0.21842186152935028
TRAIN,0f7r7f3f,331,1,2,2,1080,1920,1,0.88671875,8.9375,0.999868631362915,1,12567,0.006060474537037037,7658,1.6410289892922434,0.220382723864245,1146.1733110527573,467.85955279700806,1183.4915973111395,471.4566261203585,1,11523,0.8406173594132029,0.0,1,0.34655117988586426
TRAIN,0f7r7f3f,332,0,1,2,1080,1920,1,0.91796875,2.578125,0.929440438747406,1,14990,0.007228973765432098,968,15.485537190082646,0.2471813778025464,78.72548365577052,476.22761841227486,118.78153584343757,477.18776146919095,1,15999,0.0,0.0,2,0.20982393622398376
TRAIN,0f7r7f3f,332,1,2,2,1080,1920,1,0.91015625,9.0,0.9998766183853149,1,11192,0.005397376543209876,7658,1.4614781927396188,0.07916969476744186,1095.1405468191565,470.30083988563257,1146.1733110527573,467.85955279700806,1,11682,0.9138219544846051,0.0,1,0.34416526556015015
TRAIN,0f7r7f3f,333,0,1,2,1080,1920,1,0.87109375,2.625,0.9324532747268677,1,16169,0.007797550154320988,968,16.703512396694215,0.5433651988706721,60.06543385490754,471.8245407879275,78.72548365577052,476.22761841227486,1,17770,5.8932728290656214e-05,0.0,2,0.2191784381866455
TRAIN,0f7r7f3f,333,1,2,2,1080,1920,1,0.8984375,9.1875,0.9998977184295654,1,10079,0.004860628858024692,7658,1.3161399843301123,0.3313513175189335,1071.0309554519297,463.3346562158944,1095.1405468191565,470.30083988563257,1,9939,0.8990608101698131,0.0,1,0.31354376673698425
TRAIN,0f7r7f3f,334,0,1,2,1080,1920,1,0.88671875,2.5,0.9241418242454529,1,16149,0.007787905092592593,968,16.68285123966942,0.6223081170623964,45.035172456498856,474.5831320824819,60.06543385490754,471.8245407879275,1,19525,0.0,0.0,2,0.13413171470165253
TRAIN,0f7r7f3f,334,1,2,2,1080,1920,1,0.90234375,8.5625,0.9998089671134949,1,9895,0.004771894290123457,7658,1.2921128231914338,0.28640432794487025,1048.1184436584133,470.8652854977261,1071.0309554519297,463.3346562158944,1,10272,0.8711263685284839,0.0,1,0.3327738642692566
TRAIN,0f7r7f3f,335,0,1,2,1080,1920,1,0.9296875,2.359375,0.9136765599250793,1,14981,0.007224633487654321,968,15.476239669421487,0.6540035067212157,32.13630598758427,477.93999065482944,45.035172456498856,474.5831320824819,1,22128,0.0,0.0,2,0.19545716047286987
TRAIN,0f7r7f3f,335,1,2,2,1080,1920,1,0.91015625,8.5,0.9997965693473816,1,11218,0.00540991512345679,7658,1.464873335074432,0.29432319764590487,1023.2211624175433,464.5529506150829,1048.1184436584133,470.8652854977261,1,11422,0.9049221708035339,0.0,1,0.3331984579563141
TRAIN,0f7r7f3f,336,0,1,2,1080,1920,1,0.93359375,2.59375,0.9304582476615906,1,15642,0.007543402777777777,968,16.15909090909091,0.9045338640462716,34.76032476665388,482.14077483697736,32.13630598758427,477.93999065482944,1,22953,0.0,0.0,2,0.1704043298959732
TRAIN,0f7r7f3f,336,1,2,2,1080,1920,1,0.9140625,8.5,0.9997965693473816,1,10505,0.005066068672839506,7658,1.3717680856620527,0.6572322245956668,1018.245978105664,459.4880533079486,1023.2211624175433,464.5529506150829,1,11157,0.89984213295913,0.0,1,0.4045795202255249
TRAIN,0f7r7f3f,337,0,1,2,1080,1920,1,0.76171875,2.734375,0.939024806022644,1,16746,0.008075810185185186,968,17.299586776859503,0.812321638408595,39.86516182969067,477.83010868267047,34.76032476665388,482.14077483697736,1,27377,0.0,0.0,2,0.17927035689353943
TRAIN,0f7r7f3f,337,1,2,2,1080,1920,1,0.67578125,6.5,0.998498797416687,1,2273,0.0010961612654320988,7658,0.29681378950117526,0.17143381004767144,1013.1293444786626,418.6753189617246,1018.245978105664,459.4880533079486,1,2420,0.6695126289576663,0.0,1,0.44233715534210205
TRAIN,0f7r7f3f,338,0,1,2,1080,1920,1,0.91796875,2.6875,0.9362850189208984,1,18646,0.008992091049382716,968,19.262396694214875,0.5082889409759216,61.435213986914086,468.65563659766167,39.86516182969067,477.83010868267047,1,28900,0.0,0.0,2,0.21892699599266052
TRAIN,0f7r7f3f,338,1,2,2,1080,1920,1,9.632110595703125e-05,-0.1953125,0.45132648944854736,0,0,0.0,7658,0.0,0.0,,,1013.1293444786626,418.6753189617246,0,0,,0.0,1,
TRAIN,0f7r7f3f,339,0,1,2,1080,1920,1,0.90625,2.640625,0.9334307909011841,1,17927,0.008645351080246914,968,18.519628099173552,0.31899163300634736,99.14112790762537,476.64176939811455,61.435213986914086,468.65563659766167,1,27553,0.0,0.0,2,0.20101505517959595
TRAIN,0f7r7f3f,339,1,2,2,1080,1920,1,6.462348535570529e-26,-3.421875,0.031618766486644745,0,0,0.0,7658,0.0,,,,,,0,0,,0.0,1,
TRAIN,0f7r7f3f,340,0,1,2,1080,1920,1,0.87890625,2.703125,0.937210738658905,1,17607,0.008491030092592593,968,18.18904958677686,0.5070828738654678,121.66757539614926,476.8391548815812,99.14112790762537,476.64176939811455,1,26457,0.0,0.0,2,0.1643540859222412
TRAIN,0f7r7f3f,340,1,2,2,1080,1920,1,3.841705620288849e-09,-1.0546875,0.2583259642124176,0,0,0.0,7658,0.0,,,,,,0,0,,0.0,1,
TRAIN,0f7r7f3f,341,0,1,2,1080,1920,1,0.921875,2.65625,0.9343951344490051,1,16928,0.00816358024691358,968,17.487603305785125,0.4051755706554909,152.30452504725898,484.7415524574669,121.66757539614926,476.8391548815812,1,24592,0.0,0.0,2,0.17692457139492035
TRAIN,0f7r7f3f,341,1,2,2,1080,1920,1,4.3655745685100555e-09,-0.33984375,0.41584742069244385,0,0,0.0,7658,0.0,,,,,,0,0,,0.0,1,
TRAIN,0f7r7f3f,342,0,1,2,1080,1920,1,0.9375,2.59375,0.9304582476615906,1,17637,0.008505497685185185,968,18.22004132231405,0.5119636061414636,174.1902250949708,491.57952032658613,152.30452504725898,484.7415524574669,1,23871,0.0,0.0,2,0.1551649570465088
TRAIN,0f7r7f3f,342,1,2,2,1080,1920,1,0.69140625,6.125,0.9978172779083252,1,2505,0.0012080439814814814,7658,0.327108905719509,0.0,1020.6435129740519,395.6167664670659,,,1,2412,0.6000650829808005,0.0,1,0.5228952169418335
TRAIN,0f7r7f3f,343,0,1,2,1080,1920,1,0.9453125,2.6875,0.9362850189208984,1,18852,0.009091435185185185,968,19.475206611570247,0.3794941590110015,205.00742626777,481.18167833651603,174.1902250949708,491.57952032658613,1,23801,0.0,0.0,2,0.18453045189380646
TRAIN,0f7r7f3f,343,1,2,2,1080,1920,1,0.439453125,4.625,0.9902915358543396,1,1994,0.0009616126543209876,7658,0.26038130060067904,0.04652244708071645,1046.2176529588767,418.3590772316951,1020.6435129740519,395.6167664670659,1,2757,0.5320864237342793,0.0,1,0.40289297699928284
TRAIN,0f7r7f3f,344,0,1,2,1080,1920,1,0.9296875,2.65625,0.9343951344490051,1,17196,0.008292824074074074,968,17.764462809917354,0.30637095020656663,241.9577227262154,482.41230518725285,205.00742626777,481.18167833651603,1,25906,0.0,0.0,2,0.192138671875
TRAIN,0f7r7f3f,344,1,2,2,1080,1920,1,0.27734375,3.53125,0.971563994884491,1,343,0.0001654128086419753,7658,0.044789762340036565,0.0,1042.8950437317785,533.8192419825073,1046.2176529588767,418.3590772316951,1,2255,0.10365335598980459,0.0,1,0.3333210051059723
TRAIN,0f7r7f3f,345,0,1,2,1080,1920,1,0.93359375,2.578125,0.929440438747406,1,17710,0.008540702160493827,968,18.295454545454547,0.1284388840396987,298.16041784302655,482.0457933370977,241.9577227262154,482.41230518725285,1,27226,0.0,0.0,2,0.16484975814819336
TRAIN,0f7r7f3f,345,1,2,2,1080,1920,1,0.73828125,7.5625,0.999480664730072,1,4267,0.0020577739197530863,7658,0.5571950901018543,0.0,1076.0046871338177,472.97351769393015,1042.8950437317785,533.8192419825073,1,4309,0.7737331954498449,0.0,1,0.43411678075790405
TRAIN,0f7r7f3f,346,0,1,2,1080,1920,1,0.9453125,2.53125,0.9263036847114563,1,17577,0.0084765625,968,18.15805785123967,0.02575506525973082,374.51476361153783,477.0020481310804,298.16041784302655,482.0457933370977,1,25776,0.0,0.0,2,0.15613678097724915
TRAIN,0f7r7f3f,346,1,2,2,1080,1920,1,0.82421875,8.5,0.9997965693473816,1,8224,0.003966049382716049,7658,1.073909636980935,0.0,1133.7724951361868,452.32696984435796,1076.0046871338177,472.97351769393015,1,8433,0.7992006912940159,0.0,1,0.3439164459705353
TRAIN,0f7r7f3f,347,0,1,2,1080,1920,1,0.94140625,2.578125,0.929440438747406,1,17797,0.008582658179012345,968,18.385330578512395,0.022606382978723406,449.1288419396528,460.0622576838793,374.51476361153783,477.0020481310804,1,27895,0.0,0.0,2,0.1847093552350998
TRAIN,0f7r7f3f,347,1,2,2,1080,1920,1,0.828125,8.5625,0.9998089671134949,1,11632,0.005609567901234568,7658,1.5189344476364586,0.004553273297581706,1199.1008425034388,423.8413858321871,1133.7724951361868,452.32696984435796,1,12313,0.8608175318619832,0.0,1,0.419301301240921
TRAIN,0f7r7f3f,348,0,1,2,1080,1920,1,0.93359375,2.46875,0.9219217896461487,1,17688,0.008530092592592593,968,18.272727272727273,0.003875749688808419,533.378222523745,452.21845318860244,449.1288419396528,460.0622576838793,1,27669,0.0,0.0,2,0.17530812323093414
TRAIN,0f7r7f3f,348,1,2,2,1080,1920,1,0.8359375,8.6875,0.9998313188552856,1,11968,0.005771604938271605,7658,1.5628101331940454,0.05005561735261402,1255.5127005347595,417.2789104278075,1199.1008425034388,423.8413858321871,1,12072,0.8703804559246868,0.0,1,0.4058918356895447
TRAIN,0f7r7f3f,349,0,1,2,1080,1920,1,0.91796875,2.5,0.9241418242454529,1,17249,0.008318383487654322,968,17.819214876033058,0.0,621.1072525943533,446.9486926778364,533.378222523745,452.21845318860244,1,27824,0.0,0.0,2,0.19656531512737274
TRAIN,0f7r7f3f,349,1,2,2,1080,1920,1,0.83984375,8.625,0.9998205304145813,1,13178,0.006355131172839507,7658,1.720814834160355,0.014278799612778316,1323.221657307634,400.367430566095,1255.5127005347595,417.2789104278075,1,11211,0.7889679454265386,0.0,1,0.392089307308197
TRAIN,0f7r7f3f,350,0,1,2,1080,1920,1,0.921875,2.65625,0.9343951344490051,1,17134,0.00826292438271605,968,17.700413223140497,0.025256440839694656,693.1981440410879,444.61736897396986,621.1072525943533,446.9486926778364,1,30284,0.0,0.0,2,0.20092502236366272
TRAIN,0f7r7f3f,350,1,2,2,1080,1920,1,0.8515625,8.875,0.9998601675033569,1,10404,0.005017361111111111,7658,1.3585792635152782,0.019982698961937717,1389.6850249903882,408.50144175317183,1323.221657307634,400.367430566095,1,11154,0.833631028323552,0.0,1,0.32800936698913574
TRAIN,0f7r7f3f,351,0,1,2,1080,1920,1,0.93359375,2.828125,0.9441768527030945,1,17647,0.008510320216049383,968,18.230371900826448,0.058846809547004386,758.1740239134131,439.28378761262536,693.1981440410879,444.61736897396986,1,31112,0.0,0.0,2,0.2091446965932846
TRAIN,0f7r7f3f,351,1,2,2,1080,1920,1,0.88671875,8.0,0.9996646642684937,1,11166,0.005384837962962963,7658,1.4580830504048055,0.0059226787296553654,1445.8996955042091,401.8515135231954,1389.6850249903882,408.50144175317183,1,10890,0.864885431639469,0.0,1,0.4072282314300537
TRAIN,0f7r7f3f,352,0,1,2,1080,1920,1,0.94140625,2.796875,0.9425067901611328,1,17649,0.008511284722222222,968,18.232438016528924,0.16212300803371527,808.0015864921526,440.6369199388067,758.1740239134131,439.28378761262536,1,32028,0.0,0.0,2,0.20303349196910858
TRAIN,0f7r7f3f,352,1,2,2,1080,1920,1,0.87890625,8.5,0.9997965693473816,1,13294,0.0064110725308641975,7658,1.735962392269522,0.17039092779558832,1482.2176169700617,409.1906123063036,1445.8996955042091,401.8515135231954,1,12938,0.8992180712423979,0.0,1,0.3181506395339966
TRAIN,0f7r7f3f,353,0,1,2,1080,1920,1,0.9375,2.796875,0.9425067901611328,1,18173,0.008763985339506173,968,18.77376033057851,0.31456880733944953,842.8634787872118,439.84372420624004,808.0015864921526,440.6369199388067,1,34026,0.0,0.0,2,0.21083134412765503
TRAIN,0f7r7f3f,353,1,2,2,1080,1920,1,0.92578125,8.5625,0.9998089671134949,1,13585,0.006551408179012346,7658,1.773961869939932,0.38003799353083123,1505.3117408906883,415.91277143908724,1482.2176169700617,409.1906123063036,1,13330,0.926077000143123,0.0,1,0.44611307978630066
TRAIN,0f7r7f3f,354,0,1,2,1080,1920,1,0.94140625,2.703125,0.937210738658905,1,18643,0.008990644290123457,968,19.259297520661157,0.5237149242612367,863.4208550126052,438.81971785656816,842.8634787872118,439.84372420624004,1,35555,0.0,0.0,2,0.20229896903038025
TRAIN,0f7r7f3f,354,1,2,2,1080,1920,1,0.921875,9.3125,0.9999097585678101,1,12679,0.006114486882716049,7658,1.655654217811439,0.6449956156833271,1503.875147882325,409.9960564713305,1505.3117408906883,415.91277143908724,1,12544,0.9360607921400061,0.0,1,0.37398761510849
TRAIN,0f7r7f3f,355,0,1,2,1080,1920,1,0.94921875,2.859375,0.9458011984825134,1,19284,0.009299768518518518,968,19.921487603305785,0.2945252235647485,900.2976042314873,437.239628707737,863.4208550126052,438.81971785656816,1,37964,0.0,0.0,2,0.18964652717113495
TRAIN,0f7r7f3f,355,1,2,2,1080,1920,1,0.90625,8.5,0.9997965693473816,1,10346,0.004989390432098765,7658,1.3510054844606947,0.2322059295729423,1530.5990721051614,409.65377923835297,1503.875147882325,409.9960564713305,1,10590,0.8999909247663127,0.0,1,0.39168575406074524
