split,video,frame_idx,obj_idx,object_id,n_objects,baseline_memory_encoded,pointer_valid,pointer_is_no_obj_sentinel,object_score_logit,object_score_prob,self_anchor_cos_fp32,max_tracked_competitor_cos_fp32,competitor_object_id,identity_margin_fp32,distance_to_no_obj_ptr,max_abs_diff_to_no_obj_ptr,obj_ptr_l2_norm
TRAIN,sfbg4630,1,0,1,20,1,0,1,-7.25,0.0007096704212017357,,,,,0.0,0.0,2.8216605186462402
TRAIN,sfbg4630,1,1,2,20,1,0,1,-6.125,0.002182716503739357,,,,,0.0,0.0,2.8216605186462402
TRAIN,sfbg4630,1,2,3,20,1,0,1,-7.3125,0.0006667023408226669,,,,,0.0,0.0,2.8216605186462402
TRAIN,sfbg4630,1,3,4,20,1,0,1,-5.375,0.004609572235494852,,,,,0.0,0.0,2.8216605186462402
TRAIN,sfbg4630,1,4,5,20,1,0,1,-1.6640625,0.15921740233898163,,,,,0.0,0.0,2.8216605186462402
TRAIN,sfbg4630,1,5,6,20,1,0,1,-0.61328125,0.351311057806015,,,,,0.0,0.0,2.8216605186462402
TRAIN,sfbg4630,1,6,7,20,1,0,1,-4.09375,0.01640303246676922,,,,,0.0,0.0,2.8216605186462402
TRAIN,sfbg4630,1,7,8,20,1,0,1,-5.0,0.006692850962281227,,,,,0.0,0.0,2.8216605186462402
TRAIN,sfbg4630,1,8,9,20,1,0,1,-6.6875,0.0012448433553799987,,,,,0.0,0.0,2.8216605186462402
TRAIN,sfbg4630,1,9,10,20,1,0,1,-2.890625,0.052618950605392456,,,,,0.0,0.0,2.8216605186462402
TRAIN,sfbg4630,1,10,11,20,1,0,1,-5.71875,0.003273064736276865,,,,,0.0,0.0,2.8216605186462402
TRAIN,sfbg4630,1,11,12,20,1,0,1,-5.71875,0.003273064736276865,,,,,0.0,0.0,2.8216605186462402
TRAIN,sfbg4630,1,12,13,20,1,0,1,-4.46875,0.011331753805279732,,,,,0.0,0.0,2.8216605186462402
TRAIN,sfbg4630,1,13,14,20,1,0,1,-6.1875,0.0020507434383034706,,,,,0.0,0.0,2.8216605186462402
TRAIN,sfbg4630,1,14,15,20,1,0,1,-4.0625,0.016914913430809975,,,,,0.0,0.0,2.8216605186462402
TRAIN,sfbg4630,1,15,16,20,1,0,1,-5.21875,0.005384937860071659,,,,,0.0,0.0,2.8216605186462402
TRAIN,sfbg4630,1,16,17,20,1,0,1,-2.90625,0.05184546485543251,,,,,0.0,0.0,2.8216605186462402
TRAIN,sfbg4630,1,17,18,20,1,0,1,-6.28125,0.0018675660248845816,,,,,0.0,0.0,2.8216605186462402
TRAIN,sfbg4630,1,18,19,20,1,0,1,-6.28125,0.0018675660248845816,,,,,0.0,0.0,2.8216605186462402
TRAIN,sfbg4630,1,19,20,20,1,0,1,-5.09375,0.0060975621454417706,,,,,0.0,0.0,2.8216605186462402
TRAIN,sfbg4630,2,0,1,20,1,0,1,-8.25,0.0002611903182696551,,,,,0.0,0.0,2.8216605186462402
TRAIN,sfbg4630,2,1,2,20,1,0,1,-7.75,0.00043055712012574077,,,,,0.0,0.0,2.8216605186462402
TRAIN,sfbg4630,2,2,3,20,1,0,1,-8.3125,0.00024536947603337467,,,,,0.0,0.0,2.8216605186462402
TRAIN,sfbg4630,2,3,4,20,1,0,1,-7.59375,0.000503335555549711,,,,,0.0,0.0,2.8216605186462402
TRAIN,sfbg4630,2,4,5,20,1,0,1,-6.875,0.0010322310263291001,,,,,0.0,0.0,2.8216605186462402
TRAIN,sfbg4630,2,5,6,20,1,0,1,-6.5,0.0015011823270469904,,,,,0.0,0.0,2.8216605186462402
TRAIN,sfbg4630,2,6,7,20,1,0,1,-7.0,0.0009110511746257544,,,,,0.0,0.0,2.8216605186462402
TRAIN,sfbg4630,2,7,8,20,1,0,1,-7.28125,0.0006878511630930007,,,,,0.0,0.0,2.8216605186462402
TRAIN,sfbg4630,2,8,9,20,1,0,1,-7.40625,0.0006070755189284682,,,,,0.0,0.0,2.8216605186462402
TRAIN,sfbg4630,2,9,10,20,1,0,1,-4.9375,0.00712142838165164,,,,,0.0,0.0,2.8216605186462402
TRAIN,sfbg4630,2,10,11,20,1,0,1,-7.25,0.0007096704212017357,,,,,0.0,0.0,2.8216605186462402
TRAIN,sfbg4630,2,11,12,20,1,0,1,-6.59375,0.0013670255430042744,,,,,0.0,0.0,2.8216605186462402
TRAIN,sfbg4630,2,12,13,20,1,0,1,-5.8125,0.0029810327105224133,,,,,0.0,0.0,2.8216605186462402
TRAIN,sfbg4630,2,13,14,20,1,0,1,-6.46875,0.0015487611526623368,,,,,0.0,0.0,2.8216605186462402
TRAIN,sfbg4630,2,14,15,20,1,0,1,-6.9375,0.0009697519708424807,,,,,0.0,0.0,2.8216605186462402
TRAIN,sfbg4630,2,15,16,20,1,0,1,-6.96875,0.0009399438858963549,,,,,0.0,0.0,2.8216605186462402
TRAIN,sfbg4630,2,16,17,20,1,0,1,-6.09375,0.002251847181469202,,,,,0.0,0.0,2.8216605186462402
TRAIN,sfbg4630,2,17,18,20,1,0,1,-7.3125,0.0006667023408226669,,,,,0.0,0.0,2.8216605186462402
TRAIN,sfbg4630,2,18,19,20,1,0,1,-7.03125,0.0008830457809381187,,,,,0.0,0.0,2.8216605186462402
TRAIN,sfbg4630,2,19,20,20,1,0,1,-7.40625,0.0006070755189284682,,,,,0.0,0.0,2.8216605186462402
TRAIN,sfbg4630,3,0,1,20,1,0,1,-8.1875,0.0002780309587251395,,,,,0.0,0.0,2.8216605186462402
TRAIN,sfbg4630,3,1,2,20,1,0,1,-7.4375,0.0005884087877348065,,,,,0.0,0.0,2.8216605186462402
TRAIN,sfbg4630,3,2,3,20,1,0,1,-8.0625,0.0003150386910419911,,,,,0.0,0.0,2.8216605186462402
TRAIN,sfbg4630,3,3,4,20,1,0,1,-7.15625,0.0007793660624884069,,,,,0.0,0.0,2.8216605186462402
TRAIN,sfbg4630,3,4,5,20,1,0,1,-7.15625,0.0007793660624884069,,,,,0.0,0.0,2.8216605186462402
TRAIN,sfbg4630,3,5,6,20,1,0,1,-7.0625,0.0008559006964787841,,,,,0.0,0.0,2.8216605186462402
TRAIN,sfbg4630,3,6,7,20,1,0,1,-6.71875,0.0012065897462889552,,,,,0.0,0.0,2.8216605186462402
TRAIN,sfbg4630,3,7,8,20,1,0,1,-7.0,0.0009110511746257544,,,,,0.0,0.0,2.8216605186462402
TRAIN,sfbg4630,3,8,9,20,1,0,1,-7.28125,0.0006878511630930007,,,,,0.0,0.0,2.8216605186462402
TRAIN,sfbg4630,3,9,10,20,1,0,1,-7.71875,0.0004442183708306402,,,,,0.0,0.0,2.8216605186462402
TRAIN,sfbg4630,3,10,11,20,1,0,1,-7.3125,0.0006667023408226669,,,,,0.0,0.0,2.8216605186462402
TRAIN,sfbg4630,3,11,12,20,1,0,1,-6.53125,0.0014550630003213882,,,,,0.0,0.0,2.8216605186462402
TRAIN,sfbg4630,3,12,13,20,1,0,1,-5.875,0.0028009270317852497,,,,,0.0,0.0,2.8216605186462402
TRAIN,sfbg4630,3,13,14,20,1,0,1,-6.28125,0.0018675660248845816,,,,,0.0,0.0,2.8216605186462402
TRAIN,sfbg4630,3,14,15,20,1,0,1,-6.96875,0.0009399438858963549,,,,,0.0,0.0,2.8216605186462402
TRAIN,sfbg4630,3,15,16,20,1,0,1,-7.09375,0.0008295892039313912,,,,,0.0,0.0,2.8216605186462402
TRAIN,sfbg4630,3,16,17,20,1,0,1,-7.03125,0.0008830457809381187,,,,,0.0,0.0,2.8216605186462402
TRAIN,sfbg4630,3,17,18,20,1,0,1,-7.40625,0.0006070755189284682,,,,,0.0,0.0,2.8216605186462402
TRAIN,sfbg4630,3,18,19,20,1,0,1,-7.3125,0.0006667023408226669,,,,,0.0,0.0,2.8216605186462402
TRAIN,sfbg4630,3,19,20,20,1,0,1,-7.375,0.000626334105618298,,,,,0.0,0.0,2.8216605186462402
TRAIN,sfbg4630,4,0,1,20,1,0,1,-7.625,0.000487857119878754,,,,,0.0,0.0,2.8216605186462402
TRAIN,sfbg4630,4,1,2,20,1,0,1,-7.34375,0.0006462032906711102,,,,,0.0,0.0,2.8216605186462402
TRAIN,sfbg4630,4,2,3,20,1,0,1,-7.59375,0.000503335555549711,,,,,0.0,0.0,2.8216605186462402
TRAIN,sfbg4630,4,3,4,20,1,0,1,-7.0,0.0009110511746257544,,,,,0.0,0.0,2.8216605186462402
TRAIN,sfbg4630,4,4,5,20,1,0,1,-7.0,0.0009110511746257544,,,,,0.0,0.0,2.8216605186462402
TRAIN,sfbg4630,4,5,6,20,1,0,1,-6.78125,0.0011335690505802631,,,,,0.0,0.0,2.8216605186462402
TRAIN,sfbg4630,4,6,7,20,1,0,1,-6.5625,0.0014103584690019488,,,,,0.0,0.0,2.8216605186462402
TRAIN,sfbg4630,4,7,8,20,1,0,1,-7.0,0.0009110511746257544,,,,,0.0,0.0,2.8216605186462402
TRAIN,sfbg4630,4,8,9,20,1,0,1,-7.15625,0.0007793660624884069,,,,,0.0,0.0,2.8216605186462402
TRAIN,sfbg4630,4,9,10,20,1,0,1,-7.6875,0.000458312890259549,,,,,0.0,0.0,2.8216605186462402
TRAIN,sfbg4630,4,10,11,20,1,0,1,-7.3125,0.0006667023408226669,,,,,0.0,0.0,2.8216605186462402
TRAIN,sfbg4630,4,11,12,20,1,0,1,-6.625,0.0013250223128125072,,,,,0.0,0.0,2.8216605186462402
TRAIN,sfbg4630,4,12,13,20,1,0,1,-5.9375,0.0026316740550100803,,,,,0.0,0.0,2.8216605186462402
TRAIN,sfbg4630,4,13,14,20,1,0,1,-6.15625,0.002115703420713544,,,,,0.0,0.0,2.8216605186462402
TRAIN,sfbg4630,4,14,15,20,1,0,1,-6.71875,0.0012065897462889552,,,,,0.0,0.0,2.8216605186462402
TRAIN,sfbg4630,4,15,16,20,1,0,1,-6.84375,0.0010649627074599266,,,,,0.0,0.0,2.8216605186462402
TRAIN,sfbg4630,4,16,17,20,1,0,1,-6.5,0.0015011823270469904,,,,,0.0,0.0,2.8216605186462402
TRAIN,sfbg4630,4,17,18,20,1,0,1,-7.4375,0.0005884087877348065,,,,,0.0,0.0,2.8216605186462402
TRAIN,sfbg4630,4,18,19,20,1,0,1,-7.46875,0.000570315751247108,,,,,0.0,0.0,2.8216605186462402
TRAIN,sfbg4630,4,19,20,20,1,0,1,-7.8125,0.0004044814850203693,,,,,0.0,0.0,2.8216605186462402
TRAIN,sfbg4630,5,0,1,20,1,0,1,-7.15625,0.0007793660624884069,,,,,0.0,0.0,2.8216605186462402
TRAIN,sfbg4630,5,1,2,20,1,0,1,-6.96875,0.0009399438858963549,,,,,0.0,0.0,2.8216605186462402
TRAIN,sfbg4630,5,2,3,20,1,0,1,-7.375,0.000626334105618298,,,,,0.0,0.0,2.8216605186462402
TRAIN,sfbg4630,5,3,4,20,1,0,1,-6.75,0.0011695103021338582,,,,,0.0,0.0,2.8216605186462402
TRAIN,sfbg4630,5,4,5,20,1,0,1,-6.78125,0.0011335690505802631,,,,,0.0,0.0,2.8216605186462402
TRAIN,sfbg4630,5,5,6,20,1,0,1,-6.65625,0.0012843081494793296,,,,,0.0,0.0,2.8216605186462402
TRAIN,sfbg4630,5,6,7,20,1,0,1,-6.21875,0.001987774157896638,,,,,0.0,0.0,2.8216605186462402
TRAIN,sfbg4630,5,7,8,20,1,0,1,-6.8125,0.001098731067031622,,,,,0.0,0.0,2.8216605186462402
TRAIN,sfbg4630,5,8,9,20,1,0,1,-6.78125,0.0011335690505802631,,,,,0.0,0.0,2.8216605186462402
TRAIN,sfbg4630,5,9,10,20,1,0,1,-7.78125,0.00041731575038284063,,,,,0.0,0.0,2.8216605186462402
TRAIN,sfbg4630,5,10,11,20,1,0,1,-6.96875,0.0009399438858963549,,,,,0.0,0.0,2.8216605186462402
TRAIN,sfbg4630,5,11,12,20,1,0,1,-6.3125,0.0018102108733728528,,,,,0.0,0.0,2.8216605186462402
TRAIN,sfbg4630,5,12,13,20,1,0,1,-5.78125,0.0030753696337342262,,,,,0.0,0.0,2.8216605186462402
TRAIN,sfbg4630,5,13,14,20,1,0,1,-6.3125,0.0018102108733728528,,,,,0.0,0.0,2.8216605186462402
TRAIN,sfbg4630,5,14,15,20,1,0,1,-6.53125,0.0014550630003213882,,,,,0.0,0.0,2.8216605186462402
TRAIN,sfbg4630,5,15,16,20,1,0,1,-7.09375,0.0008295892039313912,,,,,0.0,0.0,2.8216605186462402
TRAIN,sfbg4630,5,16,17,20,1,0,1,-6.75,0.0011695103021338582,,,,,0.0,0.0,2.8216605186462402
TRAIN,sfbg4630,5,17,18,20,1,0,1,-7.5,0.000552778656128794,,,,,0.0,0.0,2.8216605186462402
TRAIN,sfbg4630,5,18,19,20,1,0,1,-7.125,0.0008040859247557819,,,,,0.0,0.0,2.8216605186462402
TRAIN,sfbg4630,5,19,20,20,1,0,1,-7.28125,0.0006878511630930007,,,,,0.0,0.0,2.8216605186462402
TRAIN,sfbg4630,6,0,1,20,1,0,1,-6.71875,0.0012065897462889552,,,,,0.0,0.0,2.8216605186462402
TRAIN,sfbg4630,6,1,2,20,1,0,1,-6.71875,0.0012065897462889552,,,,,0.0,0.0,2.8216605186462402
TRAIN,sfbg4630,6,2,3,20,1,0,1,-7.25,0.0007096704212017357,,,,,0.0,0.0,2.8216605186462402
TRAIN,sfbg4630,6,3,4,20,1,0,1,-6.75,0.0011695103021338582,,,,,0.0,0.0,2.8216605186462402
TRAIN,sfbg4630,6,4,5,20,1,0,1,-6.8125,0.001098731067031622,,,,,0.0,0.0,2.8216605186462402
TRAIN,sfbg4630,6,5,6,20,1,0,1,-6.65625,0.0012843081494793296,,,,,0.0,0.0,2.8216605186462402
TRAIN,sfbg4630,6,6,7,20,1,0,1,-6.3125,0.0018102108733728528,,,,,0.0,0.0,2.8216605186462402
TRAIN,sfbg4630,6,7,8,20,1,0,1,-6.5625,0.0014103584690019488,,,,,0.0,0.0,2.8216605186462402
TRAIN,sfbg4630,6,8,9,20,1,0,1,-6.6875,0.0012448433553799987,,,,,0.0,0.0,2.8216605186462402
TRAIN,sfbg4630,6,9,10,20,1,0,1,-7.40625,0.0006070755189284682,,,,,0.0,0.0,2.8216605186462402
TRAIN,sfbg4630,6,10,11,20,1,0,1,-6.90625,0.0010005044750869274,,,,,0.0,0.0,2.8216605186462402
TRAIN,sfbg4630,6,11,12,20,1,0,1,-6.6875,0.0012448433553799987,,,,,0.0,0.0,2.8216605186462402
TRAIN,sfbg4630,6,12,13,20,1,0,1,-5.71875,0.003273064736276865,,,,,0.0,0.0,2.8216605186462402
TRAIN,sfbg4630,6,13,14,20,1,0,1,-6.3125,0.0018102108733728528,,,,,0.0,0.0,2.8216605186462402
TRAIN,sfbg4630,6,14,15,20,1,0,1,-6.5625,0.0014103584690019488,,,,,0.0,0.0,2.8216605186462402
TRAIN,sfbg4630,6,15,16,20,1,0,1,-6.8125,0.001098731067031622,,,,,0.0,0.0,2.8216605186462402
TRAIN,sfbg4630,6,16,17,20,1,0,1,-6.6875,0.0012448433553799987,,,,,0.0,0.0,2.8216605186462402
TRAIN,sfbg4630,6,17,18,20,1,0,1,-7.625,0.000487857119878754,,,,,0.0,0.0,2.8216605186462402
TRAIN,sfbg4630,6,18,19,20,1,0,1,-7.09375,0.0008295892039313912,,,,,0.0,0.0,2.8216605186462402
TRAIN,sfbg4630,6,19,20,20,1,0,1,-6.9375,0.0009697519708424807,,,,,0.0,0.0,2.8216605186462402
TRAIN,sfbg4630,7,0,1,20,1,0,1,-6.96875,0.0009399438858963549,,,,,0.0,0.0,2.8216605186462402
TRAIN,sfbg4630,7,1,2,20,1,0,1,-7.0,0.0009110511746257544,,,,,0.0,0.0,2.8216605186462402
TRAIN,sfbg4630,7,2,3,20,1,0,1,-7.40625,0.0006070755189284682,,,,,0.0,0.0,2.8216605186462402
TRAIN,sfbg4630,7,3,4,20,1,0,1,-6.9375,0.0009697519708424807,,,,,0.0,0.0,2.8216605186462402
TRAIN,sfbg4630,7,4,5,20,1,0,1,-7.09375,0.0008295892039313912,,,,,0.0,0.0,2.8216605186462402
TRAIN,sfbg4630,7,5,6,20,1,0,1,-6.9375,0.0009697519708424807,,,,,0.0,0.0,2.8216605186462402
TRAIN,sfbg4630,7,6,7,20,1,0,1,-6.65625,0.0012843081494793296,,,,,0.0,0.0,2.8216605186462402
TRAIN,sfbg4630,7,7,8,20,1,0,1,-6.9375,0.0009697519708424807,,,,,0.0,0.0,2.8216605186462402
TRAIN,sfbg4630,7,8,9,20,1,0,1,-6.78125,0.0011335690505802631,,,,,0.0,0.0,2.8216605186462402
TRAIN,sfbg4630,7,9,10,20,1,0,1,-8.125,0.0002959570847451687,,,,,0.0,0.0,2.8216605186462402
TRAIN,sfbg4630,7,10,11,20,1,0,1,-7.40625,0.0006070755189284682,,,,,0.0,0.0,2.8216605186462402
TRAIN,sfbg4630,7,11,12,20,1,0,1,-6.3125,0.0018102108733728528,,,,,0.0,0.0,2.8216605186462402
TRAIN,sfbg4630,7,12,13,20,1,0,1,-6.125,0.002182716503739357,,,,,0.0,0.0,2.8216605186462402
TRAIN,sfbg4630,7,13,14,20,1,0,1,-6.46875,0.0015487611526623368,,,,,0.0,0.0,2.8216605186462402
TRAIN,sfbg4630,7,14,15,20,1,0,1,-6.6875,0.0012448433553799987,,,,,0.0,0.0,2.8216605186462402
TRAIN,sfbg4630,7,15,16,20,1,0,1,-7.0,0.0009110511746257544,,,,,0.0,0.0,2.8216605186462402
TRAIN,sfbg4630,7,16,17,20,1,0,1,-6.84375,0.0010649627074599266,,,,,0.0,0.0,2.8216605186462402
TRAIN,sfbg4630,7,17,18,20,1,0,1,-8.4375,0.00021654405281879008,,,,,0.0,0.0,2.8216605186462402
TRAIN,sfbg4630,7,18,19,20,1,0,1,-7.65625,0.0004728544445242733,,,,,0.0,0.0,2.8216605186462402
TRAIN,sfbg4630,7,19,20,20,1,0,1,-7.40625,0.0006070755189284682,,,,,0.0,0.0,2.8216605186462402
TRAIN,sfbg4630,8,0,1,20,1,0,1,-7.71875,0.0004442183708306402,,,,,0.0,0.0,2.8216605186462402
TRAIN,sfbg4630,8,1,2,20,1,0,1,-7.5,0.000552778656128794,,,,,0.0,0.0,2.8216605186462402
TRAIN,sfbg4630,8,2,3,20,1,0,1,-7.9375,0.0003569706459529698,,,,,0.0,0.0,2.8216605186462402
TRAIN,sfbg4630,8,3,4,20,1,0,1,-7.71875,0.0004442183708306402,,,,,0.0,0.0,2.8216605186462402
TRAIN,sfbg4630,8,4,5,20,1,0,1,-7.6875,0.000458312890259549,,,,,0.0,0.0,2.8216605186462402
TRAIN,sfbg4630,8,5,6,20,1,0,1,-7.5,0.000552778656128794,,,,,0.0,0.0,2.8216605186462402
TRAIN,sfbg4630,8,6,7,20,1,0,1,-6.96875,0.0009399438858963549,,,,,0.0,0.0,2.8216605186462402
TRAIN,sfbg4630,8,7,8,20,1,0,1,-7.28125,0.0006878511630930007,,,,,0.0,0.0,2.8216605186462402
TRAIN,sfbg4630,8,8,9,20,1,0,1,-7.125,0.0008040859247557819,,,,,0.0,0.0,2.8216605186462402
TRAIN,sfbg4630,8,9,10,20,1,0,1,-8.625,0.00017952796770259738,,,,,0.0,0.0,2.8216605186462402
TRAIN,sfbg4630,8,10,11,20,1,0,1,-7.8125,0.0004044814850203693,,,,,0.0,0.0,2.8216605186462402
TRAIN,sfbg4630,8,11,12,20,1,0,1,-6.625,0.0013250223128125072,,,,,0.0,0.0,2.8216605186462402
TRAIN,sfbg4630,8,12,13,20,1,0,1,-6.34375,0.0017546144081279635,,,,,0.0,0.0,2.8216605186462402
TRAIN,sfbg4630,8,13,14,20,1,0,1,-6.65625,0.0012843081494793296,,,,,0.0,0.0,2.8216605186462402
TRAIN,sfbg4630,8,14,15,20,1,0,1,-7.09375,0.0008295892039313912,,,,,0.0,0.0,2.8216605186462402
TRAIN,sfbg4630,8,15,16,20,1,0,1,-7.375,0.000626334105618298,,,,,0.0,0.0,2.8216605186462402
TRAIN,sfbg4630,8,16,17,20,1,0,1,-6.90625,0.0010005044750869274,,,,,0.0,0.0,2.8216605186462402
TRAIN,sfbg4630,8,17,18,20,1,0,1,-8.0,0.00033535013790242374,,,,,0.0,0.0,2.8216605186462402
TRAIN,sfbg4630,8,18,19,20,1,0,1,-7.53125,0.0005357805639505386,,,,,0.0,0.0,2.8216605186462402
TRAIN,sfbg4630,8,19,20,20,1,0,1,-7.4375,0.0005884087877348065,,,,,0.0,0.0,2.8216605186462402
TRAIN,sfbg4630,9,0,1,20,1,0,1,-7.625,0.000487857119878754,,,,,0.0,0.0,2.8216605186462402
TRAIN,sfbg4630,9,1,2,20,1,0,1,-7.71875,0.0004442183708306402,,,,,0.0,0.0,2.8216605186462402
TRAIN,sfbg4630,9,2,3,20,1,0,1,-7.8125,0.0004044814850203693,,,,,0.0,0.0,2.8216605186462402
TRAIN,sfbg4630,9,3,4,20,1,0,1,-7.53125,0.0005357805639505386,,,,,0.0,0.0,2.8216605186462402
TRAIN,sfbg4630,9,4,5,20,1,0,1,-7.625,0.000487857119878754,,,,,0.0,0.0,2.8216605186462402
TRAIN,sfbg4630,9,5,6,20,1,0,1,-7.59375,0.000503335555549711,,,,,0.0,0.0,2.8216605186462402
TRAIN,sfbg4630,9,6,7,20,1,0,1,-7.15625,0.0007793660624884069,,,,,0.0,0.0,2.8216605186462402
TRAIN,sfbg4630,9,7,8,20,1,0,1,-7.28125,0.0006878511630930007,,,,,0.0,0.0,2.8216605186462402
TRAIN,sfbg4630,9,8,9,20,1,0,1,-7.1875,0.0007554056355729699,,,,,0.0,0.0,2.8216605186462402
TRAIN,sfbg4630,9,9,10,20,1,0,1,-8.25,0.0002611903182696551,,,,,0.0,0.0,2.8216605186462402
TRAIN,sfbg4630,9,10,11,20,1,0,1,-7.65625,0.0004728544445242733,,,,,0.0,0.0,2.8216605186462402
TRAIN,sfbg4630,9,11,12,20,1,0,1,-5.90625,0.0027149852830916643,,,,,0.0,0.0,2.8216605186462402
TRAIN,sfbg4630,9,12,13,20,1,0,1,-6.3125,0.0018102108733728528,,,,,0.0,0.0,2.8216605186462402
TRAIN,sfbg4630,9,13,14,20,1,0,1,-6.4375,0.001597845577634871,,,,,0.0,0.0,2.8216605186462402
TRAIN,sfbg4630,9,14,15,20,1,0,1,-6.6875,0.0012448433553799987,,,,,0.0,0.0,2.8216605186462402
TRAIN,sfbg4630,9,15,16,20,1,0,1,-7.0,0.0009110511746257544,,,,,0.0,0.0,2.8216605186462402
TRAIN,sfbg4630,9,16,17,20,1,0,1,-6.28125,0.0018675660248845816,,,,,0.0,0.0,2.8216605186462402
TRAIN,sfbg4630,9,17,18,20,1,0,1,-7.78125,0.00041731575038284063,,,,,0.0,0.0,2.8216605186462402
TRAIN,sfbg4630,9,18,19,20,1,0,1,-7.15625,0.0007793660624884069,,,,,0.0,0.0,2.8216605186462402
TRAIN,sfbg4630,9,19,20,20,1,0,1,-7.3125,0.0006667023408226669,,,,,0.0,0.0,2.8216605186462402
TRAIN,sfbg4630,10,0,1,20,1,0,1,-7.375,0.000626334105618298,,,,,0.0,0.0,2.8216605186462402
TRAIN,sfbg4630,10,1,2,20,1,0,1,-7.78125,0.00041731575038284063,,,,,0.0,0.0,2.8216605186462402
TRAIN,sfbg4630,10,2,3,20,1,0,1,-7.53125,0.0005357805639505386,,,,,0.0,0.0,2.8216605186462402
TRAIN,sfbg4630,10,3,4,20,1,0,1,-7.6875,0.000458312890259549,,,,,0.0,0.0,2.8216605186462402
TRAIN,sfbg4630,10,4,5,20,1,0,1,-7.75,0.00043055712012574077,,,,,0.0,0.0,2.8216605186462402
TRAIN,sfbg4630,10,5,6,20,1,0,1,-7.90625,0.00036829791497439146,,,,,0.0,0.0,2.8216605186462402
TRAIN,sfbg4630,10,6,7,20,1,0,1,-7.28125,0.0006878511630930007,,,,,0.0,0.0,2.8216605186462402
TRAIN,sfbg4630,10,7,8,20,1,0,1,-7.5,0.000552778656128794,,,,,0.0,0.0,2.8216605186462402
TRAIN,sfbg4630,10,8,9,20,1,0,1,-7.34375,0.0006462032906711102,,,,,0.0,0.0,2.8216605186462402
TRAIN,sfbg4630,10,9,10,20,1,0,1,-8.3125,0.00024536947603337467,,,,,0.0,0.0,2.8216605186462402
TRAIN,sfbg4630,10,10,11,20,1,0,1,-7.65625,0.0004728544445242733,,,,,0.0,0.0,2.8216605186462402
TRAIN,sfbg4630,10,11,12,20,1,0,1,-6.46875,0.0015487611526623368,,,,,0.0,0.0,2.8216605186462402
TRAIN,sfbg4630,10,12,13,20,1,0,1,-6.53125,0.0014550630003213882,,,,,0.0,0.0,2.8216605186462402
TRAIN,sfbg4630,10,13,14,20,1,0,1,-6.4375,0.001597845577634871,,,,,0.0,0.0,2.8216605186462402
TRAIN,sfbg4630,10,14,15,20,1,0,1,-6.8125,0.001098731067031622,,,,,0.0,0.0,2.8216605186462402
TRAIN,sfbg4630,10,15,16,20,1,0,1,-7.1875,0.0007554056355729699,,,,,0.0,0.0,2.8216605186462402
TRAIN,sfbg4630,10,16,17,20,1,0,1,-6.40625,0.0016484829830005765,,,,,0.0,0.0,2.8216605186462402
TRAIN,sfbg4630,10,17,18,20,1,0,1,-7.6875,0.000458312890259549,,,,,0.0,0.0,2.8216605186462402
TRAIN,sfbg4630,10,18,19,20,1,0,1,-6.9375,0.0009697519708424807,,,,,0.0,0.0,2.8216605186462402
TRAIN,sfbg4630,10,19,20,20,1,0,1,-8.25,0.0002611903182696551,,,,,0.0,0.0,2.8216605186462402
TRAIN,sfbg4630,11,0,1,20,1,0,1,-7.53125,0.0005357805639505386,,,,,0.0,0.0,2.8216605186462402
TRAIN,sfbg4630,11,1,2,20,1,0,1,-7.625,0.000487857119878754,,,,,0.0,0.0,2.8216605186462402
TRAIN,sfbg4630,11,2,3,20,1,0,1,-7.71875,0.0004442183708306402,,,,,0.0,0.0,2.8216605186462402
TRAIN,sfbg4630,11,3,4,20,1,0,1,-7.6875,0.000458312890259549,,,,,0.0,0.0,2.8216605186462402
TRAIN,sfbg4630,11,4,5,20,1,0,1,-7.78125,0.00041731575038284063,,,,,0.0,0.0,2.8216605186462402
TRAIN,sfbg4630,11,5,6,20,1,0,1,-7.90625,0.00036829791497439146,,,,,0.0,0.0,2.8216605186462402
TRAIN,sfbg4630,11,6,7,20,1,0,1,-7.5,0.000552778656128794,,,,,0.0,0.0,2.8216605186462402
TRAIN,sfbg4630,11,7,8,20,1,0,1,-7.5625,0.0005193048855289817,,,,,0.0,0.0,2.8216605186462402
TRAIN,sfbg4630,11,8,9,20,1,0,1,-7.53125,0.0005357805639505386,,,,,0.0,0.0,2.8216605186462402
TRAIN,sfbg4630,11,9,10,20,1,0,1,-8.8125,0.00014883848780300468,,,,,0.0,0.0,2.8216605186462402
TRAIN,sfbg4630,11,10,11,20,1,0,1,-8.1875,0.0002780309587251395,,,,,0.0,0.0,2.8216605186462402
TRAIN,sfbg4630,11,11,12,20,1,0,1,-6.8125,0.001098731067031622,,,,,0.0,0.0,2.8216605186462402
TRAIN,sfbg4630,11,12,13,20,1,0,1,-6.71875,0.0012065897462889552,,,,,0.0,0.0,2.8216605186462402
TRAIN,sfbg4630,11,13,14,20,1,0,1,-6.625,0.0013250223128125072,,,,,0.0,0.0,2.8216605186462402
TRAIN,sfbg4630,11,14,15,20,1,0,1,-7.0,0.0009110511746257544,,,,,0.0,0.0,2.8216605186462402
TRAIN,sfbg4630,11,15,16,20,1,0,1,-7.28125,0.0006878511630930007,,,,,0.0,0.0,2.8216605186462402
TRAIN,sfbg4630,11,16,17,20,1,0,1,-6.8125,0.001098731067031622,,,,,0.0,0.0,2.8216605186462402
TRAIN,sfbg4630,11,17,18,20,1,0,1,-8.125,0.0002959570847451687,,,,,0.0,0.0,2.8216605186462402
TRAIN,sfbg4630,11,18,19,20,1,0,1,-7.53125,0.0005357805639505386,,,,,0.0,0.0,2.8216605186462402
TRAIN,sfbg4630,11,19,20,20,1,0,1,-8.3125,0.00024536947603337467,,,,,0.0,0.0,2.8216605186462402
TRAIN,sfbg4630,12,0,1,20,1,0,1,-7.53125,0.0005357805639505386,,,,,0.0,0.0,2.8216605186462402
TRAIN,sfbg4630,12,1,2,20,1,0,1,-7.875,0.0003799845289904624,,,,,0.0,0.0,2.8216605186462402
TRAIN,sfbg4630,12,2,3,20,1,0,1,-8.0625,0.0003150386910419911,,,,,0.0,0.0,2.8216605186462402
TRAIN,sfbg4630,12,3,4,20,1,0,1,-8.0,0.00033535013790242374,,,,,0.0,0.0,2.8216605186462402
TRAIN,sfbg4630,12,4,5,20,1,0,1,-8.0625,0.0003150386910419911,,,,,0.0,0.0,2.8216605186462402
TRAIN,sfbg4630,12,5,6,20,1,0,1,-8.0,0.00033535013790242374,,,,,0.0,0.0,2.8216605186462402
TRAIN,sfbg4630,12,6,7,20,1,0,1,-7.625,0.000487857119878754,,,,,0.0,0.0,2.8216605186462402
TRAIN,sfbg4630,12,7,8,20,1,0,1,-7.65625,0.0004728544445242733,,,,,0.0,0.0,2.8216605186462402
TRAIN,sfbg4630,12,8,9,20,1,0,1,-7.625,0.000487857119878754,,,,,0.0,0.0,2.8216605186462402
TRAIN,sfbg4630,12,9,10,20,1,0,1,-8.6875,0.0001686527393758297,,,,,0.0,0.0,2.8216605186462402
TRAIN,sfbg4630,12,10,11,20,1,0,1,-8.125,0.0002959570847451687,,,,,0.0,0.0,2.8216605186462402
TRAIN,sfbg4630,12,11,12,20,1,0,1,-6.96875,0.0009399438858963549,,,,,0.0,0.0,2.8216605186462402
TRAIN,sfbg4630,12,12,13,20,1,0,1,-6.8125,0.001098731067031622,,,,,0.0,0.0,2.8216605186462402
TRAIN,sfbg4630,12,13,14,20,1,0,1,-6.65625,0.0012843081494793296,,,,,0.0,0.0,2.8216605186462402
TRAIN,sfbg4630,12,14,15,20,1,0,1,-7.15625,0.0007793660624884069,,,,,0.0,0.0,2.8216605186462402
TRAIN,sfbg4630,12,15,16,20,1,0,1,-7.21875,0.0007321811863221228,,,,,0.0,0.0,2.8216605186462402
TRAIN,sfbg4630,12,16,17,20,1,0,1,-6.71875,0.0012065897462889552,,,,,0.0,0.0,2.8216605186462402
TRAIN,sfbg4630,12,17,18,20,1,0,1,-7.78125,0.00041731575038284063,,,,,0.0,0.0,2.8216605186462402
TRAIN,sfbg4630,12,18,19,20,1,0,1,-7.3125,0.0006667023408226669,,,,,0.0,0.0,2.8216605186462402
TRAIN,sfbg4630,12,19,20,20,1,0,1,-8.125,0.0002959570847451687,,,,,0.0,0.0,2.8216605186462402
TRAIN,sfbg4630,13,0,1,20,1,0,1,-7.8125,0.0004044814850203693,,,,,0.0,0.0,2.8216605186462402
TRAIN,sfbg4630,13,1,2,20,1,0,1,-8.25,0.0002611903182696551,,,,,0.0,0.0,2.8216605186462402
TRAIN,sfbg4630,13,2,3,20,1,0,1,-8.25,0.0002611903182696551,,,,,0.0,0.0,2.8216605186462402
TRAIN,sfbg4630,13,3,4,20,1,0,1,-8.1875,0.0002780309587251395,,,,,0.0,0.0,2.8216605186462402
TRAIN,sfbg4630,13,4,5,20,1,0,1,-8.0,0.00033535013790242374,,,,,0.0,0.0,2.8216605186462402
TRAIN,sfbg4630,13,5,6,20,1,0,1,-8.0625,0.0003150386910419911,,,,,0.0,0.0,2.8216605186462402
TRAIN,sfbg4630,13,6,7,20,1,0,1,-7.71875,0.0004442183708306402,,,,,0.0,0.0,2.8216605186462402
TRAIN,sfbg4630,13,7,8,20,1,0,1,-7.8125,0.0004044814850203693,,,,,0.0,0.0,2.8216605186462402
TRAIN,sfbg4630,13,8,9,20,1,0,1,-7.8125,0.0004044814850203693,,,,,0.0,0.0,2.8216605186462402
TRAIN,sfbg4630,13,9,10,20,1,0,1,-8.625,0.00017952796770259738,,,,,0.0,0.0,2.8216605186462402
TRAIN,sfbg4630,13,10,11,20,1,0,1,-8.0625,0.0003150386910419911,,,,,0.0,0.0,2.8216605186462402
TRAIN,sfbg4630,13,11,12,20,1,0,1,-7.03125,0.0008830457809381187,,,,,0.0,0.0,2.8216605186462402
TRAIN,sfbg4630,13,12,13,20,1,0,1,-6.75,0.0011695103021338582,,,,,0.0,0.0,2.8216605186462402
TRAIN,sfbg4630,13,13,14,20,1,0,1,-6.625,0.0013250223128125072,,,,,0.0,0.0,2.8216605186462402
TRAIN,sfbg4630,13,14,15,20,1,0,1,-7.03125,0.0008830457809381187,,,,,0.0,0.0,2.8216605186462402
TRAIN,sfbg4630,13,15,16,20,1,0,1,-7.0625,0.0008559006964787841,,,,,0.0,0.0,2.8216605186462402
TRAIN,sfbg4630,13,16,17,20,1,0,1,-6.84375,0.0010649627074599266,,,,,0.0,0.0,2.8216605186462402
TRAIN,sfbg4630,13,17,18,20,1,0,1,-7.46875,0.000570315751247108,,,,,0.0,0.0,2.8216605186462402
TRAIN,sfbg4630,13,18,19,20,1,0,1,-7.1875,0.0007554056355729699,,,,,0.0,0.0,2.8216605186462402
TRAIN,sfbg4630,13,19,20,20,1,0,1,-7.6875,0.000458312890259549,,,,,0.0,0.0,2.8216605186462402
TRAIN,sfbg4630,14,0,1,20,1,0,1,-7.59375,0.000503335555549711,,,,,0.0,0.0,2.8216605186462402
TRAIN,sfbg4630,14,1,2,20,1,0,1,-8.0625,0.0003150386910419911,,,,,0.0,0.0,2.8216605186462402
TRAIN,sfbg4630,14,2,3,20,1,0,1,-8.0625,0.0003150386910419911,,,,,0.0,0.0,2.8216605186462402
TRAIN,sfbg4630,14,3,4,20,1,0,1,-8.125,0.0002959570847451687,,,,,0.0,0.0,2.8216605186462402
TRAIN,sfbg4630,14,4,5,20,1,0,1,-8.0,0.00033535013790242374,,,,,0.0,0.0,2.8216605186462402
TRAIN,sfbg4630,14,5,6,20,1,0,1,-8.0,0.00033535013790242374,,,,,0.0,0.0,2.8216605186462402
TRAIN,sfbg4630,14,6,7,20,1,0,1,-7.65625,0.0004728544445242733,,,,,0.0,0.0,2.8216605186462402
TRAIN,sfbg4630,14,7,8,20,1,0,1,-7.78125,0.00041731575038284063,,,,,0.0,0.0,2.8216605186462402
TRAIN,sfbg4630,14,8,9,20,1,0,1,-7.71875,0.0004442183708306402,,,,,0.0,0.0,2.8216605186462402
TRAIN,sfbg4630,14,9,10,20,1,0,1,-8.6875,0.0001686527393758297,,,,,0.0,0.0,2.8216605186462402
TRAIN,sfbg4630,14,10,11,20,1,0,1,-8.125,0.0002959570847451687,,,,,0.0,0.0,2.8216605186462402
TRAIN,sfbg4630,14,11,12,20,1,0,1,-7.0625,0.0008559006964787841,,,,,0.0,0.0,2.8216605186462402
TRAIN,sfbg4630,14,12,13,20,1,0,1,-6.8125,0.001098731067031622,,,,,0.0,0.0,2.8216605186462402
TRAIN,sfbg4630,14,13,14,20,1,0,1,-6.75,0.0011695103021338582,,,,,0.0,0.0,2.8216605186462402
TRAIN,sfbg4630,14,14,15,20,1,0,1,-7.15625,0.0007793660624884069,,,,,0.0,0.0,2.8216605186462402
TRAIN,sfbg4630,14,15,16,20,1,0,1,-7.28125,0.0006878511630930007,,,,,0.0,0.0,2.8216605186462402
TRAIN,sfbg4630,14,16,17,20,1,0,1,-6.84375,0.0010649627074599266,,,,,0.0,0.0,2.8216605186462402
TRAIN,sfbg4630,14,17,18,20,1,0,1,-7.625,0.000487857119878754,,,,,0.0,0.0,2.8216605186462402
TRAIN,sfbg4630,14,18,19,20,1,0,1,-7.53125,0.0005357805639505386,,,,,0.0,0.0,2.8216605186462402
TRAIN,sfbg4630,14,19,20,20,1,0,1,-8.0625,0.0003150386910419911,,,,,0.0,0.0,2.8216605186462402
TRAIN,sfbg4630,15,0,1,20,1,0,1,-7.59375,0.000503335555549711,,,,,0.0,0.0,2.8216605186462402
TRAIN,sfbg4630,15,1,2,20,1,0,1,-8.0,0.00033535013790242374,,,,,0.0,0.0,2.8216605186462402
TRAIN,sfbg4630,15,2,3,20,1,0,1,-7.8125,0.0004044814850203693,,,,,0.0,0.0,2.8216605186462402
TRAIN,sfbg4630,15,3,4,20,1,0,1,-7.84375,0.0003920417802873999,,,,,0.0,0.0,2.8216605186462402
TRAIN,sfbg4630,15,4,5,20,1,0,1,-7.90625,0.00036829791497439146,,,,,0.0,0.0,2.8216605186462402
TRAIN,sfbg4630,15,5,6,20,1,0,1,-7.875,0.0003799845289904624,,,,,0.0,0.0,2.8216605186462402
TRAIN,sfbg4630,15,6,7,20,1,0,1,-7.46875,0.000570315751247108,,,,,0.0,0.0,2.8216605186462402
TRAIN,sfbg4630,15,7,8,20,1,0,1,-7.59375,0.000503335555549711,,,,,0.0,0.0,2.8216605186462402
TRAIN,sfbg4630,15,8,9,20,1,0,1,-7.625,0.000487857119878754,,,,,0.0,0.0,2.8216605186462402
TRAIN,sfbg4630,15,9,10,20,1,0,1,-8.75,0.00015843621804378927,,,,,0.0,0.0,2.8216605186462402
TRAIN,sfbg4630,15,10,11,20,1,0,1,-8.0625,0.0003150386910419911,,,,,0.0,0.0,2.8216605186462402
TRAIN,sfbg4630,15,11,12,20,1,0,1,-7.21875,0.0007321811863221228,,,,,0.0,0.0,2.8216605186462402
TRAIN,sfbg4630,15,12,13,20,1,0,1,-6.9375,0.0009697519708424807,,,,,0.0,0.0,2.8216605186462402
TRAIN,sfbg4630,15,13,14,20,1,0,1,-6.53125,0.0014550630003213882,,,,,0.0,0.0,2.8216605186462402
TRAIN,sfbg4630,15,14,15,20,1,0,1,-7.15625,0.0007793660624884069,,,,,0.0,0.0,2.8216605186462402
TRAIN,sfbg4630,15,15,16,20,1,0,1,-7.375,0.000626334105618298,,,,,0.0,0.0,2.8216605186462402
TRAIN,sfbg4630,15,16,17,20,1,0,1,-6.71875,0.0012065897462889552,,,,,0.0,0.0,2.8216605186462402
TRAIN,sfbg4630,15,17,18,20,1,0,1,-7.5625,0.0005193048855289817,,,,,0.0,0.0,2.8216605186462402
TRAIN,sfbg4630,15,18,19,20,1,0,1,-6.9375,0.0009697519708424807,,,,,0.0,0.0,2.8216605186462402
TRAIN,sfbg4630,15,19,20,20,1,0,1,-6.5,0.0015011823270469904,,,,,0.0,0.0,2.8216605186462402
TRAIN,sfbg4630,16,0,1,20,1,0,1,-7.625,0.000487857119878754,,,,,0.0,0.0,2.8216605186462402
TRAIN,sfbg4630,16,1,2,20,1,0,1,-8.0625,0.0003150386910419911,,,,,0.0,0.0,2.8216605186462402
TRAIN,sfbg4630,16,2,3,20,1,0,1,-7.90625,0.00036829791497439146,,,,,0.0,0.0,2.8216605186462402
TRAIN,sfbg4630,16,3,4,20,1,0,1,-8.0625,0.0003150386910419911,,,,,0.0,0.0,2.8216605186462402
TRAIN,sfbg4630,16,4,5,20,1,0,1,-7.90625,0.00036829791497439146,,,,,0.0,0.0,2.8216605186462402
TRAIN,sfbg4630,16,5,6,20,1,0,1,-7.75,0.00043055712012574077,,,,,0.0,0.0,2.8216605186462402
TRAIN,sfbg4630,16,6,7,20,1,0,1,-7.46875,0.000570315751247108,,,,,0.0,0.0,2.8216605186462402
TRAIN,sfbg4630,16,7,8,20,1,0,1,-7.5625,0.0005193048855289817,,,,,0.0,0.0,2.8216605186462402
TRAIN,sfbg4630,16,8,9,20,1,0,1,-7.5625,0.0005193048855289817,,,,,0.0,0.0,2.8216605186462402
TRAIN,sfbg4630,16,9,10,20,1,0,1,-8.5,0.00020342698553577065,,,,,0.0,0.0,2.8216605186462402
TRAIN,sfbg4630,16,10,11,20,1,0,1,-7.8125,0.0004044814850203693,,,,,0.0,0.0,2.8216605186462402
TRAIN,sfbg4630,16,11,12,20,1,0,1,-7.03125,0.0008830457809381187,,,,,0.0,0.0,2.8216605186462402
TRAIN,sfbg4630,16,12,13,20,1,0,1,-6.8125,0.001098731067031622,,,,,0.0,0.0,2.8216605186462402
TRAIN,sfbg4630,16,13,14,20,1,0,1,-6.6875,0.0012448433553799987,,,,,0.0,0.0,2.8216605186462402
TRAIN,sfbg4630,16,14,15,20,1,0,1,-6.96875,0.0009399438858963549,,,,,0.0,0.0,2.8216605186462402
TRAIN,sfbg4630,16,15,16,20,1,0,1,-7.28125,0.0006878511630930007,,,,,0.0,0.0,2.8216605186462402
TRAIN,sfbg4630,16,16,17,20,1,0,1,-6.625,0.0013250223128125072,,,,,0.0,0.0,2.8216605186462402
TRAIN,sfbg4630,16,17,18,20,1,0,1,-7.5,0.000552778656128794,,,,,0.0,0.0,2.8216605186462402
TRAIN,sfbg4630,16,18,19,20,1,0,1,-7.0,0.0009110511746257544,,,,,0.0,0.0,2.8216605186462402
TRAIN,sfbg4630,16,19,20,20,1,0,1,-6.46875,0.0015487611526623368,,,,,0.0,0.0,2.8216605186462402
TRAIN,sfbg4630,17,0,1,20,1,0,1,-7.25,0.0007096704212017357,,,,,0.0,0.0,2.8216605186462402
TRAIN,sfbg4630,17,1,2,20,1,0,1,-7.96875,0.00034599160426296294,,,,,0.0,0.0,2.8216605186462402
TRAIN,sfbg4630,17,2,3,20,1,0,1,-7.625,0.000487857119878754,,,,,0.0,0.0,2.8216605186462402
TRAIN,sfbg4630,17,3,4,20,1,0,1,-7.9375,0.0003569706459529698,,,,,0.0,0.0,2.8216605186462402
TRAIN,sfbg4630,17,4,5,20,1,0,1,-8.125,0.0002959570847451687,,,,,0.0,0.0,2.8216605186462402
TRAIN,sfbg4630,17,5,6,20,1,0,1,-7.84375,0.0003920417802873999,,,,,0.0,0.0,2.8216605186462402
TRAIN,sfbg4630,17,6,7,20,1,0,1,-7.53125,0.0005357805639505386,,,,,0.0,0.0,2.8216605186462402
TRAIN,sfbg4630,17,7,8,20,1,0,1,-7.5,0.000552778656128794,,,,,0.0,0.0,2.8216605186462402
TRAIN,sfbg4630,17,8,9,20,1,0,1,-7.4375,0.0005884087877348065,,,,,0.0,0.0,2.8216605186462402
TRAIN,sfbg4630,17,9,10,20,1,0,1,-8.375,0.00023050670279189944,,,,,0.0,0.0,2.8216605186462402
TRAIN,sfbg4630,17,10,11,20,1,0,1,-7.84375,0.0003920417802873999,,,,,0.0,0.0,2.8216605186462402
TRAIN,sfbg4630,17,11,12,20,1,0,1,-7.0,0.0009110511746257544,,,,,0.0,0.0,2.8216605186462402
TRAIN,sfbg4630,17,12,13,20,1,0,1,-6.96875,0.0009399438858963549,,,,,0.0,0.0,2.8216605186462402
TRAIN,sfbg4630,17,13,14,20,1,0,1,-6.59375,0.0013670255430042744,,,,,0.0,0.0,2.8216605186462402
TRAIN,sfbg4630,17,14,15,20,1,0,1,-7.15625,0.0007793660624884069,,,,,0.0,0.0,2.8216605186462402
TRAIN,sfbg4630,17,15,16,20,1,0,1,-7.125,0.0008040859247557819,,,,,0.0,0.0,2.8216605186462402
TRAIN,sfbg4630,17,16,17,20,1,0,1,-6.46875,0.0015487611526623368,,,,,0.0,0.0,2.8216605186462402
TRAIN,sfbg4630,17,17,18,20,1,0,1,-7.28125,0.0006878511630930007,,,,,0.0,0.0,2.8216605186462402
TRAIN,sfbg4630,17,18,19,20,1,0,1,-7.15625,0.0007793660624884069,,,,,0.0,0.0,2.8216605186462402
TRAIN,sfbg4630,17,19,20,20,1,0,1,-7.1875,0.0007554056355729699,,,,,0.0,0.0,2.8216605186462402
TRAIN,sfbg4630,18,0,1,20,1,0,1,-7.4375,0.0005884087877348065,,,,,0.0,0.0,2.8216605186462402
TRAIN,sfbg4630,18,1,2,20,1,0,1,-8.0625,0.0003150386910419911,,,,,0.0,0.0,2.8216605186462402
TRAIN,sfbg4630,18,2,3,20,1,0,1,-8.0,0.00033535013790242374,,,,,0.0,0.0,2.8216605186462402
TRAIN,sfbg4630,18,3,4,20,1,0,1,-7.96875,0.00034599160426296294,,,,,0.0,0.0,2.8216605186462402
TRAIN,sfbg4630,18,4,5,20,1,0,1,-8.0625,0.0003150386910419911,,,,,0.0,0.0,2.8216605186462402
TRAIN,sfbg4630,18,5,6,20,1,0,1,-8.125,0.0002959570847451687,,,,,0.0,0.0,2.8216605186462402
TRAIN,sfbg4630,18,6,7,20,1,0,1,-7.75,0.00043055712012574077,,,,,0.0,0.0,2.8216605186462402
TRAIN,sfbg4630,18,7,8,20,1,0,1,-7.71875,0.0004442183708306402,,,,,0.0,0.0,2.8216605186462402
TRAIN,sfbg4630,18,8,9,20,1,0,1,-7.78125,0.00041731575038284063,,,,,0.0,0.0,2.8216605186462402
TRAIN,sfbg4630,18,9,10,20,1,0,1,-8.625,0.00017952796770259738,,,,,0.0,0.0,2.8216605186462402
TRAIN,sfbg4630,18,10,11,20,1,0,1,-8.1875,0.0002780309587251395,,,,,0.0,0.0,2.8216605186462402
TRAIN,sfbg4630,18,11,12,20,1,0,1,-7.25,0.0007096704212017357,,,,,0.0,0.0,2.8216605186462402
TRAIN,sfbg4630,18,12,13,20,1,0,1,-6.84375,0.0010649627074599266,,,,,0.0,0.0,2.8216605186462402
TRAIN,sfbg4630,18,13,14,20,1,0,1,-6.75,0.0011695103021338582,,,,,0.0,0.0,2.8216605186462402
TRAIN,sfbg4630,18,14,15,20,1,0,1,-7.1875,0.0007554056355729699,,,,,0.0,0.0,2.8216605186462402
TRAIN,sfbg4630,18,15,16,20,1,0,1,-7.09375,0.0008295892039313912,,,,,0.0,0.0,2.8216605186462402
TRAIN,sfbg4630,18,16,17,20,1,0,1,-6.65625,0.0012843081494793296,,,,,0.0,0.0,2.8216605186462402
TRAIN,sfbg4630,18,17,18,20,1,0,1,-7.3125,0.0006667023408226669,,,,,0.0,0.0,2.8216605186462402
TRAIN,sfbg4630,18,18,19,20,1,0,1,-7.25,0.0007096704212017357,,,,,0.0,0.0,2.8216605186462402
TRAIN,sfbg4630,18,19,20,20,1,0,1,-7.6875,0.000458312890259549,,,,,0.0,0.0,2.8216605186462402
TRAIN,sfbg4630,19,0,1,20,1,0,1,-7.5,0.000552778656128794,,,,,0.0,0.0,2.8216605186462402
TRAIN,sfbg4630,19,1,2,20,1,0,1,-8.0625,0.0003150386910419911,,,,,0.0,0.0,2.8216605186462402
TRAIN,sfbg4630,19,2,3,20,1,0,1,-7.78125,0.00041731575038284063,,,,,0.0,0.0,2.8216605186462402
TRAIN,sfbg4630,19,3,4,20,1,0,1,-8.0625,0.0003150386910419911,,,,,0.0,0.0,2.8216605186462402
TRAIN,sfbg4630,19,4,5,20,1,0,1,-8.0625,0.0003150386910419911,,,,,0.0,0.0,2.8216605186462402
TRAIN,sfbg4630,19,5,6,20,1,0,1,-8.1875,0.0002780309587251395,,,,,0.0,0.0,2.8216605186462402
TRAIN,sfbg4630,19,6,7,20,1,0,1,-7.6875,0.000458312890259549,,,,,0.0,0.0,2.8216605186462402
TRAIN,sfbg4630,19,7,8,20,1,0,1,-7.6875,0.000458312890259549,,,,,0.0,0.0,2.8216605186462402
TRAIN,sfbg4630,19,8,9,20,1,0,1,-7.75,0.00043055712012574077,,,,,0.0,0.0,2.8216605186462402
TRAIN,sfbg4630,19,9,10,20,1,0,1,-8.6875,0.0001686527393758297,,,,,0.0,0.0,2.8216605186462402
TRAIN,sfbg4630,19,10,11,20,1,0,1,-8.1875,0.0002780309587251395,,,,,0.0,0.0,2.8216605186462402
TRAIN,sfbg4630,19,11,12,20,1,0,1,-7.21875,0.0007321811863221228,,,,,0.0,0.0,2.8216605186462402
TRAIN,sfbg4630,19,12,13,20,1,0,1,-6.96875,0.0009399438858963549,,,,,0.0,0.0,2.8216605186462402
TRAIN,sfbg4630,19,13,14,20,1,0,1,-6.625,0.0013250223128125072,,,,,0.0,0.0,2.8216605186462402
TRAIN,sfbg4630,19,14,15,20,1,0,1,-6.96875,0.0009399438858963549,,,,,0.0,0.0,2.8216605186462402
TRAIN,sfbg4630,19,15,16,20,1,0,1,-7.0,0.0009110511746257544,,,,,0.0,0.0,2.8216605186462402
TRAIN,sfbg4630,19,16,17,20,1,0,1,-6.53125,0.0014550630003213882,,,,,0.0,0.0,2.8216605186462402
TRAIN,sfbg4630,19,17,18,20,1,0,1,-7.53125,0.0005357805639505386,,,,,0.0,0.0,2.8216605186462402
TRAIN,sfbg4630,19,18,19,20,1,0,1,-7.1875,0.0007554056355729699,,,,,0.0,0.0,2.8216605186462402
TRAIN,sfbg4630,19,19,20,20,1,0,1,-7.75,0.00043055712012574077,,,,,0.0,0.0,2.8216605186462402
TRAIN,sfbg4630,20,0,1,20,1,0,1,-7.46875,0.000570315751247108,,,,,0.0,0.0,2.8216605186462402
TRAIN,sfbg4630,20,1,2,20,1,0,1,-8.1875,0.0002780309587251395,,,,,0.0,0.0,2.8216605186462402
TRAIN,sfbg4630,20,2,3,20,1,0,1,-7.75,0.00043055712012574077,,,,,0.0,0.0,2.8216605186462402
TRAIN,sfbg4630,20,3,4,20,1,0,1,-8.1875,0.0002780309587251395,,,,,0.0,0.0,2.8216605186462402
TRAIN,sfbg4630,20,4,5,20,1,0,1,-8.0625,0.0003150386910419911,,,,,0.0,0.0,2.8216605186462402
TRAIN,sfbg4630,20,5,6,20,1,0,1,-8.25,0.0002611903182696551,,,,,0.0,0.0,2.8216605186462402
TRAIN,sfbg4630,20,6,7,20,1,0,1,-8.0,0.00033535013790242374,,,,,0.0,0.0,2.8216605186462402
TRAIN,sfbg4630,20,7,8,20,1,0,1,-7.8125,0.0004044814850203693,,,,,0.0,0.0,2.8216605186462402
TRAIN,sfbg4630,20,8,9,20,1,0,1,-7.96875,0.00034599160426296294,,,,,0.0,0.0,2.8216605186462402
TRAIN,sfbg4630,20,9,10,20,1,0,1,-9.0,0.00012339458044152707,,,,,0.0,0.0,2.8216605186462402
TRAIN,sfbg4630,20,10,11,20,1,0,1,-8.5625,0.000191104321856983,,,,,0.0,0.0,2.8216605186462402
TRAIN,sfbg4630,20,11,12,20,1,0,1,-7.25,0.0007096704212017357,,,,,0.0,0.0,2.8216605186462402
TRAIN,sfbg4630,20,12,13,20,1,0,1,-6.9375,0.0009697519708424807,,,,,0.0,0.0,2.8216605186462402
TRAIN,sfbg4630,20,13,14,20,1,0,1,-6.78125,0.0011335690505802631,,,,,0.0,0.0,2.8216605186462402
TRAIN,sfbg4630,20,14,15,20,1,0,1,-7.3125,0.0006667023408226669,,,,,0.0,0.0,2.8216605186462402
TRAIN,sfbg4630,20,15,16,20,1,0,1,-7.34375,0.0006462032906711102,,,,,0.0,0.0,2.8216605186462402
TRAIN,sfbg4630,20,16,17,20,1,0,1,-6.34375,0.0017546144081279635,,,,,0.0,0.0,2.8216605186462402
TRAIN,sfbg4630,20,17,18,20,1,0,1,-7.5,0.000552778656128794,,,,,0.0,0.0,2.8216605186462402
TRAIN,sfbg4630,20,18,19,20,1,0,1,-7.5,0.000552778656128794,,,,,0.0,0.0,2.8216605186462402
TRAIN,sfbg4630,20,19,20,20,1,0,1,-7.65625,0.0004728544445242733,,,,,0.0,0.0,2.8216605186462402
TRAIN,sfbg4630,21,0,1,20,1,0,1,-6.84375,0.0010649627074599266,,,,,0.0,0.0,2.8216605186462402
TRAIN,sfbg4630,21,1,2,20,1,0,1,-8.0,0.00033535013790242374,,,,,0.0,0.0,2.8216605186462402
TRAIN,sfbg4630,21,2,3,20,1,0,1,-7.625,0.000487857119878754,,,,,0.0,0.0,2.8216605186462402
TRAIN,sfbg4630,21,3,4,20,1,0,1,-8.125,0.0002959570847451687,,,,,0.0,0.0,2.8216605186462402
TRAIN,sfbg4630,21,4,5,20,1,0,1,-8.125,0.0002959570847451687,,,,,0.0,0.0,2.8216605186462402
TRAIN,sfbg4630,21,5,6,20,1,0,1,-7.875,0.0003799845289904624,,,,,0.0,0.0,2.8216605186462402
TRAIN,sfbg4630,21,6,7,20,1,0,1,-7.875,0.0003799845289904624,,,,,0.0,0.0,2.8216605186462402
TRAIN,sfbg4630,21,7,8,20,1,0,1,-7.65625,0.0004728544445242733,,,,,0.0,0.0,2.8216605186462402
TRAIN,sfbg4630,21,8,9,20,1,0,1,-7.8125,0.0004044814850203693,,,,,0.0,0.0,2.8216605186462402
TRAIN,sfbg4630,21,9,10,20,1,0,1,-8.6875,0.0001686527393758297,,,,,0.0,0.0,2.8216605186462402
TRAIN,sfbg4630,21,10,11,20,1,0,1,-8.4375,0.00021654405281879008,,,,,0.0,0.0,2.8216605186462402
TRAIN,sfbg4630,21,11,12,20,1,0,1,-6.96875,0.0009399438858963549,,,,,0.0,0.0,2.8216605186462402
TRAIN,sfbg4630,21,12,13,20,1,0,1,-6.96875,0.0009399438858963549,,,,,0.0,0.0,2.8216605186462402
TRAIN,sfbg4630,21,13,14,20,1,0,1,-6.71875,0.0012065897462889552,,,,,0.0,0.0,2.8216605186462402
TRAIN,sfbg4630,21,14,15,20,1,0,1,-7.25,0.0007096704212017357,,,,,0.0,0.0,2.8216605186462402
TRAIN,sfbg4630,21,15,16,20,1,0,1,-7.0,0.0009110511746257544,,,,,0.0,0.0,2.8216605186462402
TRAIN,sfbg4630,21,16,17,20,1,0,1,-5.65625,0.0034834241960197687,,,,,0.0,0.0,2.8216605186462402
TRAIN,sfbg4630,21,17,18,20,1,0,1,-6.90625,0.0010005044750869274,,,,,0.0,0.0,2.8216605186462402
TRAIN,sfbg4630,21,18,19,20,1,0,1,-7.25,0.0007096704212017357,,,,,0.0,0.0,2.8216605186462402
TRAIN,sfbg4630,21,19,20,20,1,0,1,-7.65625,0.0004728544445242733,,,,,0.0,0.0,2.8216605186462402
TRAIN,sfbg4630,22,0,1,20,1,0,1,-7.34375,0.0006462032906711102,,,,,0.0,0.0,2.8216605186462402
TRAIN,sfbg4630,22,1,2,20,1,0,1,-8.375,0.00023050670279189944,,,,,0.0,0.0,2.8216605186462402
TRAIN,sfbg4630,22,2,3,20,1,0,1,-7.75,0.00043055712012574077,,,,,0.0,0.0,2.8216605186462402
TRAIN,sfbg4630,22,3,4,20,1,0,1,-8.3125,0.00024536947603337467,,,,,0.0,0.0,2.8216605186462402
TRAIN,sfbg4630,22,4,5,20,1,0,1,-8.375,0.00023050670279189944,,,,,0.0,0.0,2.8216605186462402
TRAIN,sfbg4630,22,5,6,20,1,0,1,-8.375,0.00023050670279189944,,,,,0.0,0.0,2.8216605186462402
TRAIN,sfbg4630,22,6,7,20,1,0,1,-8.1875,0.0002780309587251395,,,,,0.0,0.0,2.8216605186462402
TRAIN,sfbg4630,22,7,8,20,1,0,1,-7.96875,0.00034599160426296294,,,,,0.0,0.0,2.8216605186462402
TRAIN,sfbg4630,22,8,9,20,1,0,1,-8.0625,0.0003150386910419911,,,,,0.0,0.0,2.8216605186462402
TRAIN,sfbg4630,22,9,10,20,1,0,1,-9.0,0.00012339458044152707,,,,,0.0,0.0,2.8216605186462402
TRAIN,sfbg4630,22,10,11,20,1,0,1,-8.625,0.00017952796770259738,,,,,0.0,0.0,2.8216605186462402
TRAIN,sfbg4630,22,11,12,20,1,0,1,-7.09375,0.0008295892039313912,,,,,0.0,0.0,2.8216605186462402
TRAIN,sfbg4630,22,12,13,20,1,0,1,-6.96875,0.0009399438858963549,,,,,0.0,0.0,2.8216605186462402
TRAIN,sfbg4630,22,13,14,20,1,0,1,-6.8125,0.001098731067031622,,,,,0.0,0.0,2.8216605186462402
TRAIN,sfbg4630,22,14,15,20,1,0,1,-7.40625,0.0006070755189284682,,,,,0.0,0.0,2.8216605186462402
TRAIN,sfbg4630,22,15,16,20,1,0,1,-7.34375,0.0006462032906711102,,,,,0.0,0.0,2.8216605186462402
TRAIN,sfbg4630,22,16,17,20,1,0,1,-6.09375,0.002251847181469202,,,,,0.0,0.0,2.8216605186462402
TRAIN,sfbg4630,22,17,18,20,1,0,1,-6.96875,0.0009399438858963549,,,,,0.0,0.0,2.8216605186462402
TRAIN,sfbg4630,22,18,19,20,1,0,1,-6.96875,0.0009399438858963549,,,,,0.0,0.0,2.8216605186462402
TRAIN,sfbg4630,22,19,20,20,1,0,1,-7.28125,0.0006878511630930007,,,,,0.0,0.0,2.8216605186462402
TRAIN,sfbg4630,23,0,1,20,1,0,1,-7.25,0.0007096704212017357,,,,,0.0,0.0,2.8216605186462402
TRAIN,sfbg4630,23,1,2,20,1,0,1,-8.1875,0.0002780309587251395,,,,,0.0,0.0,2.8216605186462402
TRAIN,sfbg4630,23,2,3,20,1,0,1,-7.53125,0.0005357805639505386,,,,,0.0,0.0,2.8216605186462402
TRAIN,sfbg4630,23,3,4,20,1,0,1,-8.0625,0.0003150386910419911,,,,,0.0,0.0,2.8216605186462402
TRAIN,sfbg4630,23,4,5,20,1,0,1,-8.3125,0.00024536947603337467,,,,,0.0,0.0,2.8216605186462402
TRAIN,sfbg4630,23,5,6,20,1,0,1,-8.3125,0.00024536947603337467,,,,,0.0,0.0,2.8216605186462402
TRAIN,sfbg4630,23,6,7,20,1,0,1,-8.25,0.0002611903182696551,,,,,0.0,0.0,2.8216605186462402
TRAIN,sfbg4630,23,7,8,20,1,0,1,-7.875,0.0003799845289904624,,,,,0.0,0.0,2.8216605186462402
TRAIN,sfbg4630,23,8,9,20,1,0,1,-7.96875,0.00034599160426296294,,,,,0.0,0.0,2.8216605186462402
TRAIN,sfbg4630,23,9,10,20,1,0,1,-9.0,0.00012339458044152707,,,,,0.0,0.0,2.8216605186462402
TRAIN,sfbg4630,23,10,11,20,1,0,1,-8.6875,0.0001686527393758297,,,,,0.0,0.0,2.8216605186462402
TRAIN,sfbg4630,23,11,12,20,1,0,1,-7.0,0.0009110511746257544,,,,,0.0,0.0,2.8216605186462402
TRAIN,sfbg4630,23,12,13,20,1,0,1,-7.25,0.0007096704212017357,,,,,0.0,0.0,2.8216605186462402
TRAIN,sfbg4630,23,13,14,20,1,0,1,-6.84375,0.0010649627074599266,,,,,0.0,0.0,2.8216605186462402
TRAIN,sfbg4630,23,14,15,20,1,0,1,-7.65625,0.0004728544445242733,,,,,0.0,0.0,2.8216605186462402
TRAIN,sfbg4630,23,15,16,20,1,0,1,-7.5,0.000552778656128794,,,,,0.0,0.0,2.8216605186462402
TRAIN,sfbg4630,23,16,17,20,1,0,1,-5.96875,0.0025509123224765062,,,,,0.0,0.0,2.8216605186462402
TRAIN,sfbg4630,23,17,18,20,1,0,1,-7.1875,0.0007554056355729699,,,,,0.0,0.0,2.8216605186462402
TRAIN,sfbg4630,23,18,19,20,1,0,1,-7.25,0.0007096704212017357,,,,,0.0,0.0,2.8216605186462402
TRAIN,sfbg4630,23,19,20,20,1,0,1,-7.53125,0.0005357805639505386,,,,,0.0,0.0,2.8216605186462402
TRAIN,sfbg4630,24,0,1,20,1,0,1,-7.0625,0.0008559006964787841,,,,,0.0,0.0,2.8216605186462402
TRAIN,sfbg4630,24,1,2,20,1,0,1,-7.78125,0.00041731575038284063,,,,,0.0,0.0,2.8216605186462402
TRAIN,sfbg4630,24,2,3,20,1,0,1,-7.25,0.0007096704212017357,,,,,0.0,0.0,2.8216605186462402
TRAIN,sfbg4630,24,3,4,20,1,0,1,-7.875,0.0003799845289904624,,,,,0.0,0.0,2.8216605186462402
TRAIN,sfbg4630,24,4,5,20,1,0,1,-7.9375,0.0003569706459529698,,,,,0.0,0.0,2.8216605186462402
TRAIN,sfbg4630,24,5,6,20,1,0,1,-7.875,0.0003799845289904624,,,,,0.0,0.0,2.8216605186462402
TRAIN,sfbg4630,24,6,7,20,1,0,1,-7.78125,0.00041731575038284063,,,,,0.0,0.0,2.8216605186462402
TRAIN,sfbg4630,24,7,8,20,1,0,1,-7.46875,0.000570315751247108,,,,,0.0,0.0,2.8216605186462402
TRAIN,sfbg4630,24,8,9,20,1,0,1,-7.625,0.000487857119878754,,,,,0.0,0.0,2.8216605186462402
TRAIN,sfbg4630,24,9,10,20,1,0,1,-8.6875,0.0001686527393758297,,,,,0.0,0.0,2.8216605186462402
TRAIN,sfbg4630,24,10,11,20,1,0,1,-8.4375,0.00021654405281879008,,,,,0.0,0.0,2.8216605186462402
TRAIN,sfbg4630,24,11,12,20,1,0,1,-6.5625,0.0014103584690019488,,,,,0.0,0.0,2.8216605186462402
TRAIN,sfbg4630,24,12,13,20,1,0,1,-6.875,0.0010322310263291001,,,,,0.0,0.0,2.8216605186462402
TRAIN,sfbg4630,24,13,14,20,1,0,1,-6.46875,0.0015487611526623368,,,,,0.0,0.0,2.8216605186462402
TRAIN,sfbg4630,24,14,15,20,1,0,1,-7.15625,0.0007793660624884069,,,,,0.0,0.0,2.8216605186462402
TRAIN,sfbg4630,24,15,16,20,1,0,1,-6.90625,0.0010005044750869274,,,,,0.0,0.0,2.8216605186462402
TRAIN,sfbg4630,24,16,17,20,1,0,1,-5.875,0.0028009270317852497,,,,,0.0,0.0,2.8216605186462402
TRAIN,sfbg4630,24,17,18,20,1,0,1,-6.625,0.0013250223128125072,,,,,0.0,0.0,2.8216605186462402
TRAIN,sfbg4630,24,18,19,20,1,0,1,-6.78125,0.0011335690505802631,,,,,0.0,0.0,2.8216605186462402
TRAIN,sfbg4630,24,19,20,20,1,0,1,-7.78125,0.00041731575038284063,,,,,0.0,0.0,2.8216605186462402
TRAIN,sfbg4630,25,0,1,20,1,0,1,-7.25,0.0007096704212017357,,,,,0.0,0.0,2.8216605186462402
TRAIN,sfbg4630,25,1,2,20,1,0,1,-7.96875,0.00034599160426296294,,,,,0.0,0.0,2.8216605186462402
TRAIN,sfbg4630,25,2,3,20,1,0,1,-7.1875,0.0007554056355729699,,,,,0.0,0.0,2.8216605186462402
TRAIN,sfbg4630,25,3,4,20,1,0,1,-7.8125,0.0004044814850203693,,,,,0.0,0.0,2.8216605186462402
TRAIN,sfbg4630,25,4,5,20,1,0,1,-8.1875,0.0002780309587251395,,,,,0.0,0.0,2.8216605186462402
TRAIN,sfbg4630,25,5,6,20,1,0,1,-8.125,0.0002959570847451687,,,,,0.0,0.0,2.8216605186462402
TRAIN,sfbg4630,25,6,7,20,1,0,1,-7.84375,0.0003920417802873999,,,,,0.0,0.0,2.8216605186462402
TRAIN,sfbg4630,25,7,8,20,1,0,1,-7.625,0.000487857119878754,,,,,0.0,0.0,2.8216605186462402
TRAIN,sfbg4630,25,8,9,20,1,0,1,-7.71875,0.0004442183708306402,,,,,0.0,0.0,2.8216605186462402
TRAIN,sfbg4630,25,9,10,20,1,0,1,-8.75,0.00015843621804378927,,,,,0.0,0.0,2.8216605186462402
TRAIN,sfbg4630,25,10,11,20,1,0,1,-8.25,0.0002611903182696551,,,,,0.0,0.0,2.8216605186462402
TRAIN,sfbg4630,25,11,12,20,1,0,1,-6.8125,0.001098731067031622,,,,,0.0,0.0,2.8216605186462402
TRAIN,sfbg4630,25,12,13,20,1,0,1,-6.78125,0.0011335690505802631,,,,,0.0,0.0,2.8216605186462402
TRAIN,sfbg4630,25,13,14,20,1,0,1,-6.5,0.0015011823270469904,,,,,0.0,0.0,2.8216605186462402
TRAIN,sfbg4630,25,14,15,20,1,0,1,-7.15625,0.0007793660624884069,,,,,0.0,0.0,2.8216605186462402
TRAIN,sfbg4630,25,15,16,20,1,0,1,-7.125,0.0008040859247557819,,,,,0.0,0.0,2.8216605186462402
TRAIN,sfbg4630,25,16,17,20,1,0,1,-5.46875,0.004198795650154352,,,,,0.0,0.0,2.8216605186462402
TRAIN,sfbg4630,25,17,18,20,1,0,1,-6.40625,0.0016484829830005765,,,,,0.0,0.0,2.8216605186462402
TRAIN,sfbg4630,25,18,19,20,1,0,1,-6.5625,0.0014103584690019488,,,,,0.0,0.0,2.8216605186462402
TRAIN,sfbg4630,25,19,20,20,1,0,1,-7.4375,0.0005884087877348065,,,,,0.0,0.0,2.8216605186462402
TRAIN,sfbg4630,26,0,1,20,1,0,1,-7.0,0.0009110511746257544,,,,,0.0,0.0,2.8216605186462402
TRAIN,sfbg4630,26,1,2,20,1,0,1,-7.78125,0.00041731575038284063,,,,,0.0,0.0,2.8216605186462402
TRAIN,sfbg4630,26,2,3,20,1,0,1,-7.03125,0.0008830457809381187,,,,,0.0,0.0,2.8216605186462402
TRAIN,sfbg4630,26,3,4,20,1,0,1,-7.71875,0.0004442183708306402,,,,,0.0,0.0,2.8216605186462402
TRAIN,sfbg4630,26,4,5,20,1,0,1,-8.0625,0.0003150386910419911,,,,,0.0,0.0,2.8216605186462402
TRAIN,sfbg4630,26,5,6,20,1,0,1,-7.9375,0.0003569706459529698,,,,,0.0,0.0,2.8216605186462402
TRAIN,sfbg4630,26,6,7,20,1,0,1,-7.84375,0.0003920417802873999,,,,,0.0,0.0,2.8216605186462402
TRAIN,sfbg4630,26,7,8,20,1,0,1,-7.5,0.000552778656128794,,,,,0.0,0.0,2.8216605186462402
TRAIN,sfbg4630,26,8,9,20,1,0,1,-7.5625,0.0005193048855289817,,,,,0.0,0.0,2.8216605186462402
TRAIN,sfbg4630,26,9,10,20,1,0,1,-8.625,0.00017952796770259738,,,,,0.0,0.0,2.8216605186462402
TRAIN,sfbg4630,26,10,11,20,1,0,1,-8.1875,0.0002780309587251395,,,,,0.0,0.0,2.8216605186462402
TRAIN,sfbg4630,26,11,12,20,1,0,1,-6.59375,0.0013670255430042744,,,,,0.0,0.0,2.8216605186462402
TRAIN,sfbg4630,26,12,13,20,1,0,1,-6.75,0.0011695103021338582,,,,,0.0,0.0,2.8216605186462402
TRAIN,sfbg4630,26,13,14,20,1,0,1,-6.0625,0.002323162741959095,,,,,0.0,0.0,2.8216605186462402
TRAIN,sfbg4630,26,14,15,20,1,0,1,-7.09375,0.0008295892039313912,,,,,0.0,0.0,2.8216605186462402
TRAIN,sfbg4630,26,15,16,20,1,0,1,-7.03125,0.0008830457809381187,,,,,0.0,0.0,2.8216605186462402
TRAIN,sfbg4630,26,16,17,20,1,0,1,-5.3125,0.004905405919998884,,,,,0.0,0.0,2.8216605186462402
TRAIN,sfbg4630,26,17,18,20,1,0,1,-6.375,0.0017007222631946206,,,,,0.0,0.0,2.8216605186462402
TRAIN,sfbg4630,26,18,19,20,1,0,1,-6.65625,0.0012843081494793296,,,,,0.0,0.0,2.8216605186462402
TRAIN,sfbg4630,26,19,20,20,1,0,1,-7.40625,0.0006070755189284682,,,,,0.0,0.0,2.8216605186462402
TRAIN,sfbg4630,27,0,1,20,1,0,1,-6.84375,0.0010649627074599266,,,,,0.0,0.0,2.8216605186462402
TRAIN,sfbg4630,27,1,2,20,1,0,1,-7.71875,0.0004442183708306402,,,,,0.0,0.0,2.8216605186462402
TRAIN,sfbg4630,27,2,3,20,1,0,1,-6.90625,0.0010005044750869274,,,,,0.0,0.0,2.8216605186462402
TRAIN,sfbg4630,27,3,4,20,1,0,1,-7.53125,0.0005357805639505386,,,,,0.0,0.0,2.8216605186462402
TRAIN,sfbg4630,27,4,5,20,1,0,1,-7.84375,0.0003920417802873999,,,,,0.0,0.0,2.8216605186462402
TRAIN,sfbg4630,27,5,6,20,1,0,1,-7.875,0.0003799845289904624,,,,,0.0,0.0,2.8216605186462402
TRAIN,sfbg4630,27,6,7,20,1,0,1,-7.65625,0.0004728544445242733,,,,,0.0,0.0,2.8216605186462402
TRAIN,sfbg4630,27,7,8,20,1,0,1,-7.34375,0.0006462032906711102,,,,,0.0,0.0,2.8216605186462402
TRAIN,sfbg4630,27,8,9,20,1,0,1,-7.4375,0.0005884087877348065,,,,,0.0,0.0,2.8216605186462402
TRAIN,sfbg4630,27,9,10,20,1,0,1,-8.25,0.0002611903182696551,,,,,0.0,0.0,2.8216605186462402
TRAIN,sfbg4630,27,10,11,20,1,0,1,-7.96875,0.00034599160426296294,,,,,0.0,0.0,2.8216605186462402
TRAIN,sfbg4630,27,11,12,20,1,0,1,-6.71875,0.0012065897462889552,,,,,0.0,0.0,2.8216605186462402
TRAIN,sfbg4630,27,12,13,20,1,0,1,-6.53125,0.0014550630003213882,,,,,0.0,0.0,2.8216605186462402
TRAIN,sfbg4630,27,13,14,20,1,0,1,-5.65625,0.0034834241960197687,,,,,0.0,0.0,2.8216605186462402
TRAIN,sfbg4630,27,14,15,20,1,0,1,-6.78125,0.0011335690505802631,,,,,0.0,0.0,2.8216605186462402
TRAIN,sfbg4630,27,15,16,20,1,0,1,-6.75,0.0011695103021338582,,,,,0.0,0.0,2.8216605186462402
TRAIN,sfbg4630,27,16,17,20,1,0,1,-5.21875,0.005384937860071659,,,,,0.0,0.0,2.8216605186462402
TRAIN,sfbg4630,27,17,18,20,1,0,1,-6.03125,0.0023967307060956955,,,,,0.0,0.0,2.8216605186462402
TRAIN,sfbg4630,27,18,19,20,1,0,1,-6.3125,0.0018102108733728528,,,,,0.0,0.0,2.8216605186462402
TRAIN,sfbg4630,27,19,20,20,1,0,1,-7.15625,0.0007793660624884069,,,,,0.0,0.0,2.8216605186462402
TRAIN,sfbg4630,28,0,1,20,1,0,1,-6.90625,0.0010005044750869274,,,,,0.0,0.0,2.8216605186462402
TRAIN,sfbg4630,28,1,2,20,1,0,1,-7.6875,0.000458312890259549,,,,,0.0,0.0,2.8216605186462402
TRAIN,sfbg4630,28,2,3,20,1,0,1,-7.0,0.0009110511746257544,,,,,0.0,0.0,2.8216605186462402
TRAIN,sfbg4630,28,3,4,20,1,0,1,-7.6875,0.000458312890259549,,,,,0.0,0.0,2.8216605186462402
TRAIN,sfbg4630,28,4,5,20,1,0,1,-7.875,0.0003799845289904624,,,,,0.0,0.0,2.8216605186462402
TRAIN,sfbg4630,28,5,6,20,1,0,1,-7.875,0.0003799845289904624,,,,,0.0,0.0,2.8216605186462402
TRAIN,sfbg4630,28,6,7,20,1,0,1,-7.875,0.0003799845289904624,,,,,0.0,0.0,2.8216605186462402
TRAIN,sfbg4630,28,7,8,20,1,0,1,-7.375,0.000626334105618298,,,,,0.0,0.0,2.8216605186462402
TRAIN,sfbg4630,28,8,9,20,1,0,1,-7.59375,0.000503335555549711,,,,,0.0,0.0,2.8216605186462402
TRAIN,sfbg4630,28,9,10,20,1,0,1,-8.25,0.0002611903182696551,,,,,0.0,0.0,2.8216605186462402
TRAIN,sfbg4630,28,10,11,20,1,0,1,-7.90625,0.00036829791497439146,,,,,0.0,0.0,2.8216605186462402
TRAIN,sfbg4630,28,11,12,20,1,0,1,-6.6875,0.0012448433553799987,,,,,0.0,0.0,2.8216605186462402
TRAIN,sfbg4630,28,12,13,20,1,0,1,-6.53125,0.0014550630003213882,,,,,0.0,0.0,2.8216605186462402
TRAIN,sfbg4630,28,13,14,20,1,0,1,-5.78125,0.0030753696337342262,,,,,0.0,0.0,2.8216605186462402
TRAIN,sfbg4630,28,14,15,20,1,0,1,-6.5625,0.0014103584690019488,,,,,0.0,0.0,2.8216605186462402
TRAIN,sfbg4630,28,15,16,20,1,0,1,-6.53125,0.0014550630003213882,,,,,0.0,0.0,2.8216605186462402
TRAIN,sfbg4630,28,16,17,20,1,0,1,-5.40625,0.0044683837331831455,,,,,0.0,0.0,2.8216605186462402
TRAIN,sfbg4630,28,17,18,20,1,0,1,-6.34375,0.0017546144081279635,,,,,0.0,0.0,2.8216605186462402
TRAIN,sfbg4630,28,18,19,20,1,0,1,-6.375,0.0017007222631946206,,,,,0.0,0.0,2.8216605186462402
TRAIN,sfbg4630,28,19,20,20,1,0,1,-7.59375,0.000503335555549711,,,,,0.0,0.0,2.8216605186462402
TRAIN,sfbg4630,29,0,1,20,1,0,1,-6.8125,0.001098731067031622,,,,,0.0,0.0,2.8216605186462402
TRAIN,sfbg4630,29,1,2,20,1,0,1,-7.625,0.000487857119878754,,,,,0.0,0.0,2.8216605186462402
TRAIN,sfbg4630,29,2,3,20,1,0,1,-7.0,0.0009110511746257544,,,,,0.0,0.0,2.8216605186462402
TRAIN,sfbg4630,29,3,4,20,1,0,1,-7.6875,0.000458312890259549,,,,,0.0,0.0,2.8216605186462402
TRAIN,sfbg4630,29,4,5,20,1,0,1,-7.875,0.0003799845289904624,,,,,0.0,0.0,2.8216605186462402
TRAIN,sfbg4630,29,5,6,20,1,0,1,-7.96875,0.00034599160426296294,,,,,0.0,0.0,2.8216605186462402
TRAIN,sfbg4630,29,6,7,20,1,0,1,-7.9375,0.0003569706459529698,,,,,0.0,0.0,2.8216605186462402
TRAIN,sfbg4630,29,7,8,20,1,0,1,-7.46875,0.000570315751247108,,,,,0.0,0.0,2.8216605186462402
TRAIN,sfbg4630,29,8,9,20,1,0,1,-7.6875,0.000458312890259549,,,,,0.0,0.0,2.8216605186462402
TRAIN,sfbg4630,29,9,10,20,1,0,1,-8.625,0.00017952796770259738,,,,,0.0,0.0,2.8216605186462402
TRAIN,sfbg4630,29,10,11,20,1,0,1,-8.25,0.0002611903182696551,,,,,0.0,0.0,2.8216605186462402
TRAIN,sfbg4630,29,11,12,20,1,0,1,-6.71875,0.0012065897462889552,,,,,0.0,0.0,2.8216605186462402
TRAIN,sfbg4630,29,12,13,20,1,0,1,-6.875,0.0010322310263291001,,,,,0.0,0.0,2.8216605186462402
TRAIN,sfbg4630,29,13,14,20,1,0,1,-6.375,0.0017007222631946206,,,,,0.0,0.0,2.8216605186462402
TRAIN,sfbg4630,29,14,15,20,1,0,1,-7.0625,0.0008559006964787841,,,,,0.0,0.0,2.8216605186462402
TRAIN,sfbg4630,29,15,16,20,1,0,1,-6.9375,0.0009697519708424807,,,,,0.0,0.0,2.8216605186462402
TRAIN,sfbg4630,29,16,17,20,1,0,1,-5.6875,0.0033766122069209814,,,,,0.0,0.0,2.8216605186462402
TRAIN,sfbg4630,29,17,18,20,1,0,1,-6.59375,0.0013670255430042744,,,,,0.0,0.0,2.8216605186462402
TRAIN,sfbg4630,29,18,19,20,1,0,1,-6.71875,0.0012065897462889552,,,,,0.0,0.0,2.8216605186462402
TRAIN,sfbg4630,29,19,20,20,1,0,1,-7.6875,0.000458312890259549,,,,,0.0,0.0,2.8216605186462402
TRAIN,sfbg4630,30,0,1,20,1,0,1,-6.8125,0.001098731067031622,,,,,0.0,0.0,2.8216605186462402
TRAIN,sfbg4630,30,1,2,20,1,0,1,-7.6875,0.000458312890259549,,,,,0.0,0.0,2.8216605186462402
TRAIN,sfbg4630,30,2,3,20,1,0,1,-7.1875,0.0007554056355729699,,,,,0.0,0.0,2.8216605186462402
TRAIN,sfbg4630,30,3,4,20,1,0,1,-7.8125,0.0004044814850203693,,,,,0.0,0.0,2.8216605186462402
TRAIN,sfbg4630,30,4,5,20,1,0,1,-7.9375,0.0003569706459529698,,,,,0.0,0.0,2.8216605186462402
TRAIN,sfbg4630,30,5,6,20,1,0,1,-8.0,0.00033535013790242374,,,,,0.0,0.0,2.8216605186462402
TRAIN,sfbg4630,30,6,7,20,1,0,1,-7.96875,0.00034599160426296294,,,,,0.0,0.0,2.8216605186462402
TRAIN,sfbg4630,30,7,8,20,1,0,1,-7.59375,0.000503335555549711,,,,,0.0,0.0,2.8216605186462402
TRAIN,sfbg4630,30,8,9,20,1,0,1,-7.84375,0.0003920417802873999,,,,,0.0,0.0,2.8216605186462402
TRAIN,sfbg4630,30,9,10,20,1,0,1,-8.75,0.00015843621804378927,,,,,0.0,0.0,2.8216605186462402
TRAIN,sfbg4630,30,10,11,20,1,0,1,-8.375,0.00023050670279189944,,,,,0.0,0.0,2.8216605186462402
TRAIN,sfbg4630,30,11,12,20,1,0,1,-6.8125,0.001098731067031622,,,,,0.0,0.0,2.8216605186462402
TRAIN,sfbg4630,30,12,13,20,1,0,1,-6.9375,0.0009697519708424807,,,,,0.0,0.0,2.8216605186462402
TRAIN,sfbg4630,30,13,14,20,1,0,1,-6.40625,0.0016484829830005765,,,,,0.0,0.0,2.8216605186462402
TRAIN,sfbg4630,30,14,15,20,1,0,1,-7.15625,0.0007793660624884069,,,,,0.0,0.0,2.8216605186462402
TRAIN,sfbg4630,30,15,16,20,1,0,1,-7.0,0.0009110511746257544,,,,,0.0,0.0,2.8216605186462402
TRAIN,sfbg4630,30,16,17,20,1,0,1,-5.71875,0.003273064736276865,,,,,0.0,0.0,2.8216605186462402
TRAIN,sfbg4630,30,17,18,20,1,0,1,-6.84375,0.0010649627074599266,,,,,0.0,0.0,2.8216605186462402
TRAIN,sfbg4630,30,18,19,20,1,0,1,-6.71875,0.0012065897462889552,,,,,0.0,0.0,2.8216605186462402
TRAIN,sfbg4630,30,19,20,20,1,0,1,-7.5,0.000552778656128794,,,,,0.0,0.0,2.8216605186462402
TRAIN,sfbg4630,31,0,1,20,1,0,1,-6.75,0.0011695103021338582,,,,,0.0,0.0,2.8216605186462402
TRAIN,sfbg4630,31,1,2,20,1,0,1,-7.75,0.00043055712012574077,,,,,0.0,0.0,2.8216605186462402
TRAIN,sfbg4630,31,2,3,20,1,0,1,-7.0625,0.0008559006964787841,,,,,0.0,0.0,2.8216605186462402
TRAIN,sfbg4630,31,3,4,20,1,0,1,-7.875,0.0003799845289904624,,,,,0.0,0.0,2.8216605186462402
TRAIN,sfbg4630,31,4,5,20,1,0,1,-8.0625,0.0003150386910419911,,,,,0.0,0.0,2.8216605186462402
TRAIN,sfbg4630,31,5,6,20,1,0,1,-8.0625,0.0003150386910419911,,,,,0.0,0.0,2.8216605186462402
TRAIN,sfbg4630,31,6,7,20,1,0,1,-8.125,0.0002959570847451687,,,,,0.0,0.0,2.8216605186462402
TRAIN,sfbg4630,31,7,8,20,1,0,1,-7.59375,0.000503335555549711,,,,,0.0,0.0,2.8216605186462402
TRAIN,sfbg4630,31,8,9,20,1,0,1,-7.84375,0.0003920417802873999,,,,,0.0,0.0,2.8216605186462402
TRAIN,sfbg4630,31,9,10,20,1,0,1,-8.5,0.00020342698553577065,,,,,0.0,0.0,2.8216605186462402
TRAIN,sfbg4630,31,10,11,20,1,0,1,-8.1875,0.0002780309587251395,,,,,0.0,0.0,2.8216605186462402
TRAIN,sfbg4630,31,11,12,20,1,0,1,-6.46875,0.0015487611526623368,,,,,0.0,0.0,2.8216605186462402
TRAIN,sfbg4630,31,12,13,20,1,0,1,-7.03125,0.0008830457809381187,,,,,0.0,0.0,2.8216605186462402
TRAIN,sfbg4630,31,13,14,20,1,0,1,-6.25,0.0019267346942797303,,,,,0.0,0.0,2.8216605186462402
TRAIN,sfbg4630,31,14,15,20,1,0,1,-7.1875,0.0007554056355729699,,,,,0.0,0.0,2.8216605186462402
TRAIN,sfbg4630,31,15,16,20,1,0,1,-7.0,0.0009110511746257544,,,,,0.0,0.0,2.8216605186462402
TRAIN,sfbg4630,31,16,17,20,1,0,1,-5.4375,0.004331501666456461,,,,,0.0,0.0,2.8216605186462402
TRAIN,sfbg4630,31,17,18,20,1,0,1,-6.5625,0.0014103584690019488,,,,,0.0,0.0,2.8216605186462402
TRAIN,sfbg4630,31,18,19,20,1,0,1,-6.53125,0.0014550630003213882,,,,,0.0,0.0,2.8216605186462402
TRAIN,sfbg4630,31,19,20,20,1,0,1,-7.0625,0.0008559006964787841,,,,,0.0,0.0,2.8216605186462402
TRAIN,sfbg4630,32,0,1,20,1,0,1,-7.0,0.0009110511746257544,,,,,0.0,0.0,2.8216605186462402
TRAIN,sfbg4630,32,1,2,20,1,0,1,-7.90625,0.00036829791497439146,,,,,0.0,0.0,2.8216605186462402
TRAIN,sfbg4630,32,2,3,20,1,0,1,-7.25,0.0007096704212017357,,,,,0.0,0.0,2.8216605186462402
TRAIN,sfbg4630,32,3,4,20,1,0,1,-7.84375,0.0003920417802873999,,,,,0.0,0.0,2.8216605186462402
TRAIN,sfbg4630,32,4,5,20,1,0,1,-7.96875,0.00034599160426296294,,,,,0.0,0.0,2.8216605186462402
TRAIN,sfbg4630,32,5,6,20,1,0,1,-8.0625,0.0003150386910419911,,,,,0.0,0.0,2.8216605186462402
TRAIN,sfbg4630,32,6,7,20,1,0,1,-8.0625,0.0003150386910419911,,,,,0.0,0.0,2.8216605186462402
TRAIN,sfbg4630,32,7,8,20,1,0,1,-7.5625,0.0005193048855289817,,,,,0.0,0.0,2.8216605186462402
TRAIN,sfbg4630,32,8,9,20,1,0,1,-7.84375,0.0003920417802873999,,,,,0.0,0.0,2.8216605186462402
TRAIN,sfbg4630,32,9,10,20,1,0,1,-8.4375,0.00021654405281879008,,,,,0.0,0.0,2.8216605186462402
TRAIN,sfbg4630,32,10,11,20,1,0,1,-8.3125,0.00024536947603337467,,,,,0.0,0.0,2.8216605186462402
TRAIN,sfbg4630,32,11,12,20,1,0,1,-6.34375,0.0017546144081279635,,,,,0.0,0.0,2.8216605186462402
TRAIN,sfbg4630,32,12,13,20,1,0,1,-6.96875,0.0009399438858963549,,,,,0.0,0.0,2.8216605186462402
TRAIN,sfbg4630,32,13,14,20,1,0,1,-6.59375,0.0013670255430042744,,,,,0.0,0.0,2.8216605186462402
TRAIN,sfbg4630,32,14,15,20,1,0,1,-7.15625,0.0007793660624884069,,,,,0.0,0.0,2.8216605186462402
TRAIN,sfbg4630,32,15,16,20,1,0,1,-6.90625,0.0010005044750869274,,,,,0.0,0.0,2.8216605186462402
TRAIN,sfbg4630,32,16,17,20,1,0,1,-5.59375,0.0037072531413286924,,,,,0.0,0.0,2.8216605186462402
TRAIN,sfbg4630,32,17,18,20,1,0,1,-6.65625,0.0012843081494793296,,,,,0.0,0.0,2.8216605186462402
TRAIN,sfbg4630,32,18,19,20,1,0,1,-6.71875,0.0012065897462889552,,,,,0.0,0.0,2.8216605186462402
TRAIN,sfbg4630,32,19,20,20,1,0,1,-7.65625,0.0004728544445242733,,,,,0.0,0.0,2.8216605186462402
TRAIN,sfbg4630,33,0,1,20,1,0,1,-6.71875,0.0012065897462889552,,,,,0.0,0.0,2.8216605186462402
TRAIN,sfbg4630,33,1,2,20,1,0,1,-7.75,0.00043055712012574077,,,,,0.0,0.0,2.8216605186462402
TRAIN,sfbg4630,33,2,3,20,1,0,1,-7.0,0.0009110511746257544,,,,,0.0,0.0,2.8216605186462402
TRAIN,sfbg4630,33,3,4,20,1,0,1,-7.6875,0.000458312890259549,,,,,0.0,0.0,2.8216605186462402
TRAIN,sfbg4630,33,4,5,20,1,0,1,-7.84375,0.0003920417802873999,,,,,0.0,0.0,2.8216605186462402
TRAIN,sfbg4630,33,5,6,20,1,0,1,-7.9375,0.0003569706459529698,,,,,0.0,0.0,2.8216605186462402
TRAIN,sfbg4630,33,6,7,20,1,0,1,-7.90625,0.00036829791497439146,,,,,0.0,0.0,2.8216605186462402
TRAIN,sfbg4630,33,7,8,20,1,0,1,-7.375,0.000626334105618298,,,,,0.0,0.0,2.8216605186462402
TRAIN,sfbg4630,33,8,9,20,1,0,1,-7.5,0.000552778656128794,,,,,0.0,0.0,2.8216605186462402
TRAIN,sfbg4630,33,9,10,20,1,0,1,-8.125,0.0002959570847451687,,,,,0.0,0.0,2.8216605186462402
TRAIN,sfbg4630,33,10,11,20,1,0,1,-7.96875,0.00034599160426296294,,,,,0.0,0.0,2.8216605186462402
TRAIN,sfbg4630,33,11,12,20,1,0,1,-6.625,0.0013250223128125072,,,,,0.0,0.0,2.8216605186462402
TRAIN,sfbg4630,33,12,13,20,1,0,1,-6.6875,0.0012448433553799987,,,,,0.0,0.0,2.8216605186462402
TRAIN,sfbg4630,33,13,14,20,1,0,1,-6.25,0.0019267346942797303,,,,,0.0,0.0,2.8216605186462402
TRAIN,sfbg4630,33,14,15,20,1,0,1,-6.8125,0.001098731067031622,,,,,0.0,0.0,2.8216605186462402
TRAIN,sfbg4630,33,15,16,20,1,0,1,-6.6875,0.0012448433553799987,,,,,0.0,0.0,2.8216605186462402
TRAIN,sfbg4630,33,16,17,20,1,0,1,-5.5,0.00407013762742281,,,,,0.0,0.0,2.8216605186462402
TRAIN,sfbg4630,33,17,18,20,1,0,1,-6.5625,0.0014103584690019488,,,,,0.0,0.0,2.8216605186462402
TRAIN,sfbg4630,33,18,19,20,1,0,1,-6.03125,0.0023967307060956955,,,,,0.0,0.0,2.8216605186462402
TRAIN,sfbg4630,33,19,20,20,1,0,1,-6.9375,0.0009697519708424807,,,,,0.0,0.0,2.8216605186462402
TRAIN,sfbg4630,34,0,1,20,1,0,1,-7.0625,0.0008559006964787841,,,,,0.0,0.0,2.8216605186462402
TRAIN,sfbg4630,34,1,2,20,1,0,1,-7.90625,0.00036829791497439146,,,,,0.0,0.0,2.8216605186462402
TRAIN,sfbg4630,34,2,3,20,1,0,1,-7.3125,0.0006667023408226669,,,,,0.0,0.0,2.8216605186462402
TRAIN,sfbg4630,34,3,4,20,1,0,1,-7.9375,0.0003569706459529698,,,,,0.0,0.0,2.8216605186462402
TRAIN,sfbg4630,34,4,5,20,1,0,1,-8.0,0.00033535013790242374,,,,,0.0,0.0,2.8216605186462402
TRAIN,sfbg4630,34,5,6,20,1,0,1,-7.875,0.0003799845289904624,,,,,0.0,0.0,2.8216605186462402
TRAIN,sfbg4630,34,6,7,20,1,0,1,-8.0,0.00033535013790242374,,,,,0.0,0.0,2.8216605186462402
TRAIN,sfbg4630,34,7,8,20,1,0,1,-7.34375,0.0006462032906711102,,,,,0.0,0.0,2.8216605186462402
TRAIN,sfbg4630,34,8,9,20,1,0,1,-7.71875,0.0004442183708306402,,,,,0.0,0.0,2.8216605186462402
TRAIN,sfbg4630,34,9,10,20,1,0,1,-8.3125,0.00024536947603337467,,,,,0.0,0.0,2.8216605186462402
TRAIN,sfbg4630,34,10,11,20,1,0,1,-8.0625,0.0003150386910419911,,,,,0.0,0.0,2.8216605186462402
TRAIN,sfbg4630,34,11,12,20,1,0,1,-6.46875,0.0015487611526623368,,,,,0.0,0.0,2.8216605186462402
TRAIN,sfbg4630,34,12,13,20,1,0,1,-7.125,0.0008040859247557819,,,,,0.0,0.0,2.8216605186462402
TRAIN,sfbg4630,34,13,14,20,1,0,1,-6.71875,0.0012065897462889552,,,,,0.0,0.0,2.8216605186462402
TRAIN,sfbg4630,34,14,15,20,1,0,1,-7.28125,0.0006878511630930007,,,,,0.0,0.0,2.8216605186462402
TRAIN,sfbg4630,34,15,16,20,1,0,1,-6.96875,0.0009399438858963549,,,,,0.0,0.0,2.8216605186462402
TRAIN,sfbg4630,34,16,17,20,1,0,1,-5.40625,0.0044683837331831455,,,,,0.0,0.0,2.8216605186462402
TRAIN,sfbg4630,34,17,18,20,1,0,1,-6.46875,0.0015487611526623368,,,,,0.0,0.0,2.8216605186462402
TRAIN,sfbg4630,34,18,19,20,1,0,1,-6.40625,0.0016484829830005765,,,,,0.0,0.0,2.8216605186462402
TRAIN,sfbg4630,34,19,20,20,1,0,1,-7.90625,0.00036829791497439146,,,,,0.0,0.0,2.8216605186462402
TRAIN,sfbg4630,35,0,1,20,1,0,1,-7.40625,0.0006070755189284682,,,,,0.0,0.0,2.8216605186462402
TRAIN,sfbg4630,35,1,2,20,1,0,1,-7.90625,0.00036829791497439146,,,,,0.0,0.0,2.8216605186462402
TRAIN,sfbg4630,35,2,3,20,1,0,1,-7.375,0.000626334105618298,,,,,0.0,0.0,2.8216605186462402
TRAIN,sfbg4630,35,3,4,20,1,0,1,-7.875,0.0003799845289904624,,,,,0.0,0.0,2.8216605186462402
TRAIN,sfbg4630,35,4,5,20,1,0,1,-7.90625,0.00036829791497439146,,,,,0.0,0.0,2.8216605186462402
TRAIN,sfbg4630,35,5,6,20,1,0,1,-7.71875,0.0004442183708306402,,,,,0.0,0.0,2.8216605186462402
TRAIN,sfbg4630,35,6,7,20,1,0,1,-7.6875,0.000458312890259549,,,,,0.0,0.0,2.8216605186462402
TRAIN,sfbg4630,35,7,8,20,1,0,1,-7.28125,0.0006878511630930007,,,,,0.0,0.0,2.8216605186462402
TRAIN,sfbg4630,35,8,9,20,1,0,1,-7.53125,0.0005357805639505386,,,,,0.0,0.0,2.8216605186462402
TRAIN,sfbg4630,35,9,10,20,1,0,1,-7.96875,0.00034599160426296294,,,,,0.0,0.0,2.8216605186462402
TRAIN,sfbg4630,35,10,11,20,1,0,1,-7.71875,0.0004442183708306402,,,,,0.0,0.0,2.8216605186462402
TRAIN,sfbg4630,35,11,12,20,1,0,1,-6.5,0.0015011823270469904,,,,,0.0,0.0,2.8216605186462402
TRAIN,sfbg4630,35,12,13,20,1,0,1,-7.09375,0.0008295892039313912,,,,,0.0,0.0,2.8216605186462402
TRAIN,sfbg4630,35,13,14,20,1,0,1,-6.96875,0.0009399438858963549,,,,,0.0,0.0,2.8216605186462402
TRAIN,sfbg4630,35,14,15,20,1,0,1,-7.15625,0.0007793660624884069,,,,,0.0,0.0,2.8216605186462402
TRAIN,sfbg4630,35,15,16,20,1,0,1,-6.65625,0.0012843081494793296,,,,,0.0,0.0,2.8216605186462402
TRAIN,sfbg4630,35,16,17,20,1,0,1,-5.46875,0.004198795650154352,,,,,0.0,0.0,2.8216605186462402
TRAIN,sfbg4630,35,17,18,20,1,0,1,-6.28125,0.0018675660248845816,,,,,0.0,0.0,2.8216605186462402
TRAIN,sfbg4630,35,18,19,20,1,0,1,-6.1875,0.0020507434383034706,,,,,0.0,0.0,2.8216605186462402
TRAIN,sfbg4630,35,19,20,20,1,0,1,-7.4375,0.0005884087877348065,,,,,0.0,0.0,2.8216605186462402
TRAIN,sfbg4630,36,0,1,20,1,0,1,-7.3125,0.0006667023408226669,,,,,0.0,0.0,2.8216605186462402
TRAIN,sfbg4630,36,1,2,20,1,0,1,-7.84375,0.0003920417802873999,,,,,0.0,0.0,2.8216605186462402
TRAIN,sfbg4630,36,2,3,20,1,0,1,-7.3125,0.0006667023408226669,,,,,0.0,0.0,2.8216605186462402
TRAIN,sfbg4630,36,3,4,20,1,0,1,-7.84375,0.0003920417802873999,,,,,0.0,0.0,2.8216605186462402
TRAIN,sfbg4630,36,4,5,20,1,0,1,-7.71875,0.0004442183708306402,,,,,0.0,0.0,2.8216605186462402
TRAIN,sfbg4630,36,5,6,20,1,0,1,-7.53125,0.0005357805639505386,,,,,0.0,0.0,2.8216605186462402
TRAIN,sfbg4630,36,6,7,20,1,0,1,-7.5,0.000552778656128794,,,,,0.0,0.0,2.8216605186462402
TRAIN,sfbg4630,36,7,8,20,1,0,1,-7.1875,0.0007554056355729699,,,,,0.0,0.0,2.8216605186462402
TRAIN,sfbg4630,36,8,9,20,1,0,1,-7.34375,0.0006462032906711102,,,,,0.0,0.0,2.8216605186462402
TRAIN,sfbg4630,36,9,10,20,1,0,1,-7.46875,0.000570315751247108,,,,,0.0,0.0,2.8216605186462402
TRAIN,sfbg4630,36,10,11,20,1,0,1,-7.15625,0.0007793660624884069,,,,,0.0,0.0,2.8216605186462402
TRAIN,sfbg4630,36,11,12,20,1,0,1,-6.46875,0.0015487611526623368,,,,,0.0,0.0,2.8216605186462402
TRAIN,sfbg4630,36,12,13,20,1,0,1,-6.71875,0.0012065897462889552,,,,,0.0,0.0,2.8216605186462402
TRAIN,sfbg4630,36,13,14,20,1,0,1,-6.5,0.0015011823270469904,,,,,0.0,0.0,2.8216605186462402
TRAIN,sfbg4630,36,14,15,20,1,0,1,-6.8125,0.001098731067031622,,,,,0.0,0.0,2.8216605186462402
TRAIN,sfbg4630,36,15,16,20,1,0,1,-6.34375,0.0017546144081279635,,,,,0.0,0.0,2.8216605186462402
TRAIN,sfbg4630,36,16,17,20,1,0,1,-5.09375,0.0060975621454417706,,,,,0.0,0.0,2.8216605186462402
TRAIN,sfbg4630,36,17,18,20,1,0,1,-5.84375,0.002889581024646759,,,,,0.0,0.0,2.8216605186462402
TRAIN,sfbg4630,36,18,19,20,1,0,1,-5.78125,0.0030753696337342262,,,,,0.0,0.0,2.8216605186462402
TRAIN,sfbg4630,36,19,20,20,1,0,1,-7.5,0.000552778656128794,,,,,0.0,0.0,2.8216605186462402
TRAIN,sfbg4630,37,0,1,20,1,0,1,-8.0625,0.0003150386910419911,,,,,0.0,0.0,2.8216605186462402
TRAIN,sfbg4630,37,1,2,20,1,0,1,-8.5625,0.000191104321856983,,,,,0.0,0.0,2.8216605186462402
TRAIN,sfbg4630,37,2,3,20,1,0,1,-7.84375,0.0003920417802873999,,,,,0.0,0.0,2.8216605186462402
TRAIN,sfbg4630,37,3,4,20,1,0,1,-8.3125,0.00024536947603337467,,,,,0.0,0.0,2.8216605186462402
TRAIN,sfbg4630,37,4,5,20,1,0,1,-7.9375,0.0003569706459529698,,,,,0.0,0.0,2.8216605186462402
TRAIN,sfbg4630,37,5,6,20,1,0,1,-7.5625,0.0005193048855289817,,,,,0.0,0.0,2.8216605186462402
TRAIN,sfbg4630,37,6,7,20,1,0,1,-7.75,0.00043055712012574077,,,,,0.0,0.0,2.8216605186462402
TRAIN,sfbg4630,37,7,8,20,1,0,1,-7.59375,0.000503335555549711,,,,,0.0,0.0,2.8216605186462402
TRAIN,sfbg4630,37,8,9,20,1,0,1,-7.6875,0.000458312890259549,,,,,0.0,0.0,2.8216605186462402
TRAIN,sfbg4630,37,9,10,20,1,0,1,-7.34375,0.0006462032906711102,,,,,0.0,0.0,2.8216605186462402
TRAIN,sfbg4630,37,10,11,20,1,0,1,-7.15625,0.0007793660624884069,,,,,0.0,0.0,2.8216605186462402
TRAIN,sfbg4630,37,11,12,20,1,0,1,-6.96875,0.0009399438858963549,,,,,0.0,0.0,2.8216605186462402
TRAIN,sfbg4630,37,12,13,20,1,0,1,-7.90625,0.00036829791497439146,,,,,0.0,0.0,2.8216605186462402
TRAIN,sfbg4630,37,13,14,20,1,0,1,-8.0,0.00033535013790242374,,,,,0.0,0.0,2.8216605186462402
TRAIN,sfbg4630,37,14,15,20,1,0,1,-7.78125,0.00041731575038284063,,,,,0.0,0.0,2.8216605186462402
TRAIN,sfbg4630,37,15,16,20,1,0,1,-7.15625,0.0007793660624884069,,,,,0.0,0.0,2.8216605186462402
TRAIN,sfbg4630,37,16,17,20,1,0,1,-6.34375,0.0017546144081279635,,,,,0.0,0.0,2.8216605186462402
TRAIN,sfbg4630,37,17,18,20,1,0,1,-6.8125,0.001098731067031622,,,,,0.0,0.0,2.8216605186462402
TRAIN,sfbg4630,37,18,19,20,1,0,1,-6.375,0.0017007222631946206,,,,,0.0,0.0,2.8216605186462402
TRAIN,sfbg4630,37,19,20,20,1,0,1,-7.125,0.0008040859247557819,,,,,0.0,0.0,2.8216605186462402
TRAIN,sfbg4630,38,0,1,20,1,0,1,-8.4375,0.00021654405281879008,,,,,0.0,0.0,2.8216605186462402
TRAIN,sfbg4630,38,1,2,20,1,0,1,-9.3125,9.028038039105013e-05,,,,,0.0,0.0,2.8216605186462402
TRAIN,sfbg4630,38,2,3,20,1,0,1,-7.8125,0.0004044814850203693,,,,,0.0,0.0,2.8216605186462402
TRAIN,sfbg4630,38,3,4,20,1,0,1,-8.75,0.00015843621804378927,,,,,0.0,0.0,2.8216605186462402
TRAIN,sfbg4630,38,4,5,20,1,0,1,-8.1875,0.0002780309587251395,,,,,0.0,0.0,2.8216605186462402
TRAIN,sfbg4630,38,5,6,20,1,0,1,-7.46875,0.000570315751247108,,,,,0.0,0.0,2.8216605186462402
TRAIN,sfbg4630,38,6,7,20,1,0,1,-7.84375,0.0003920417802873999,,,,,0.0,0.0,2.8216605186462402
TRAIN,sfbg4630,38,7,8,20,1,0,1,-7.75,0.00043055712012574077,,,,,0.0,0.0,2.8216605186462402
TRAIN,sfbg4630,38,8,9,20,1,0,1,-7.78125,0.00041731575038284063,,,,,0.0,0.0,2.8216605186462402
TRAIN,sfbg4630,38,9,10,20,1,0,1,-7.4375,0.0005884087877348065,,,,,0.0,0.0,2.8216605186462402
TRAIN,sfbg4630,38,10,11,20,1,0,1,-6.90625,0.0010005044750869274,,,,,0.0,0.0,2.8216605186462402
TRAIN,sfbg4630,38,11,12,20,1,0,1,-7.625,0.000487857119878754,,,,,0.0,0.0,2.8216605186462402
TRAIN,sfbg4630,38,12,13,20,1,0,1,-8.4375,0.00021654405281879008,,,,,0.0,0.0,2.8216605186462402
TRAIN,sfbg4630,38,13,14,20,1,0,1,-8.1875,0.0002780309587251395,,,,,0.0,0.0,2.8216605186462402
TRAIN,sfbg4630,38,14,15,20,1,0,1,-8.3125,0.00024536947603337467,,,,,0.0,0.0,2.8216605186462402
TRAIN,sfbg4630,38,15,16,20,1,0,1,-7.5625,0.0005193048855289817,,,,,0.0,0.0,2.8216605186462402
TRAIN,sfbg4630,38,16,17,20,1,0,1,-6.625,0.0013250223128125072,,,,,0.0,0.0,2.8216605186462402
TRAIN,sfbg4630,38,17,18,20,1,0,1,-6.84375,0.0010649627074599266,,,,,0.0,0.0,2.8216605186462402
TRAIN,sfbg4630,38,18,19,20,1,0,1,-6.375,0.0017007222631946206,,,,,0.0,0.0,2.8216605186462402
TRAIN,sfbg4630,38,19,20,20,1,0,1,-7.0,0.0009110511746257544,,,,,0.0,0.0,2.8216605186462402
TRAIN,sfbg4630,39,0,1,20,1,0,1,-7.75,0.00043055712012574077,,,,,0.0,0.0,2.8216605186462402
TRAIN,sfbg4630,39,1,2,20,1,0,1,-9.0,0.00012339458044152707,,,,,0.0,0.0,2.8216605186462402
TRAIN,sfbg4630,39,2,3,20,1,0,1,-8.1875,0.0002780309587251395,,,,,0.0,0.0,2.8216605186462402
TRAIN,sfbg4630,39,3,4,20,1,0,1,-8.75,0.00015843621804378927,,,,,0.0,0.0,2.8216605186462402
TRAIN,sfbg4630,39,4,5,20,1,0,1,-8.125,0.0002959570847451687,,,,,0.0,0.0,2.8216605186462402
TRAIN,sfbg4630,39,5,6,20,1,0,1,-7.40625,0.0006070755189284682,,,,,0.0,0.0,2.8216605186462402
TRAIN,sfbg4630,39,6,7,20,1,0,1,-7.875,0.0003799845289904624,,,,,0.0,0.0,2.8216605186462402
TRAIN,sfbg4630,39,7,8,20,1,0,1,-7.6875,0.000458312890259549,,,,,0.0,0.0,2.8216605186462402
TRAIN,sfbg4630,39,8,9,20,1,0,1,-7.8125,0.0004044814850203693,,,,,0.0,0.0,2.8216605186462402
TRAIN,sfbg4630,39,9,10,20,1,0,1,-7.6875,0.000458312890259549,,,,,0.0,0.0,2.8216605186462402
TRAIN,sfbg4630,39,10,11,20,1,0,1,-6.84375,0.0010649627074599266,,,,,0.0,0.0,2.8216605186462402
TRAIN,sfbg4630,39,11,12,20,1,0,1,-8.0625,0.0003150386910419911,,,,,0.0,0.0,2.8216605186462402
TRAIN,sfbg4630,39,12,13,20,1,0,1,-7.96875,0.00034599160426296294,,,,,0.0,0.0,2.8216605186462402
TRAIN,sfbg4630,39,13,14,20,1,0,1,-8.375,0.00023050670279189944,,,,,0.0,0.0,2.8216605186462402
TRAIN,sfbg4630,39,14,15,20,1,0,1,-8.4375,0.00021654405281879008,,,,,0.0,0.0,2.8216605186462402
TRAIN,sfbg4630,39,15,16,20,1,0,1,-7.4375,0.0005884087877348065,,,,,0.0,0.0,2.8216605186462402
TRAIN,sfbg4630,39,16,17,20,1,0,1,-7.1875,0.0007554056355729699,,,,,0.0,0.0,2.8216605186462402
TRAIN,sfbg4630,39,17,18,20,1,0,1,-7.4375,0.0005884087877348065,,,,,0.0,0.0,2.8216605186462402
TRAIN,sfbg4630,39,18,19,20,1,0,1,-6.5625,0.0014103584690019488,,,,,0.0,0.0,2.8216605186462402
TRAIN,sfbg4630,39,19,20,20,1,0,1,-6.46875,0.0015487611526623368,,,,,0.0,0.0,2.8216605186462402
TRAIN,sfbg4630,40,0,1,20,1,0,1,-6.9375,0.0009697519708424807,,,,,0.0,0.0,2.8216605186462402
TRAIN,sfbg4630,40,1,2,20,1,0,1,-8.375,0.00023050670279189944,,,,,0.0,0.0,2.8216605186462402
TRAIN,sfbg4630,40,2,3,20,1,0,1,-6.71875,0.0012065897462889552,,,,,0.0,0.0,2.8216605186462402
TRAIN,sfbg4630,40,3,4,20,1,0,1,-8.375,0.00023050670279189944,,,,,0.0,0.0,2.8216605186462402
TRAIN,sfbg4630,40,4,5,20,1,0,1,-7.875,0.0003799845289904624,,,,,0.0,0.0,2.8216605186462402
TRAIN,sfbg4630,40,5,6,20,1,0,1,-7.125,0.0008040859247557819,,,,,0.0,0.0,2.8216605186462402
TRAIN,sfbg4630,40,6,7,20,1,0,1,-7.65625,0.0004728544445242733,,,,,0.0,0.0,2.8216605186462402
TRAIN,sfbg4630,40,7,8,20,1,0,1,-7.59375,0.000503335555549711,,,,,0.0,0.0,2.8216605186462402
TRAIN,sfbg4630,40,8,9,20,1,0,1,-7.5,0.000552778656128794,,,,,0.0,0.0,2.8216605186462402
TRAIN,sfbg4630,40,9,10,20,1,0,1,-7.25,0.0007096704212017357,,,,,0.0,0.0,2.8216605186462402
TRAIN,sfbg4630,40,10,11,20,1,0,1,-6.375,0.0017007222631946206,,,,,0.0,0.0,2.8216605186462402
TRAIN,sfbg4630,40,11,12,20,1,0,1,-8.125,0.0002959570847451687,,,,,0.0,0.0,2.8216605186462402
TRAIN,sfbg4630,40,12,13,20,1,0,1,-7.6875,0.000458312890259549,,,,,0.0,0.0,2.8216605186462402
TRAIN,sfbg4630,40,13,14,20,1,0,1,-8.125,0.0002959570847451687,,,,,0.0,0.0,2.8216605186462402
TRAIN,sfbg4630,40,14,15,20,1,0,1,-8.5,0.00020342698553577065,,,,,0.0,0.0,2.8216605186462402
TRAIN,sfbg4630,40,15,16,20,1,0,1,-7.5,0.000552778656128794,,,,,0.0,0.0,2.8216605186462402
TRAIN,sfbg4630,40,16,17,20,1,0,1,-6.96875,0.0009399438858963549,,,,,0.0,0.0,2.8216605186462402
TRAIN,sfbg4630,40,17,18,20,1,0,1,-7.40625,0.0006070755189284682,,,,,0.0,0.0,2.8216605186462402
TRAIN,sfbg4630,40,18,19,20,1,0,1,-6.625,0.0013250223128125072,,,,,0.0,0.0,2.8216605186462402
TRAIN,sfbg4630,40,19,20,20,1,0,1,-6.3125,0.0018102108733728528,,,,,0.0,0.0,2.8216605186462402
TRAIN,sfbg4630,41,0,1,20,1,0,1,-6.78125,0.0011335690505802631,,,,,0.0,0.0,2.8216605186462402
TRAIN,sfbg4630,41,1,2,20,1,0,1,-8.9375,0.00013135180051904172,,,,,0.0,0.0,2.8216605186462402
TRAIN,sfbg4630,41,2,3,20,1,0,1,-7.625,0.000487857119878754,,,,,0.0,0.0,2.8216605186462402
TRAIN,sfbg4630,41,3,4,20,1,0,1,-8.5625,0.000191104321856983,,,,,0.0,0.0,2.8216605186462402
TRAIN,sfbg4630,41,4,5,20,1,0,1,-8.0,0.00033535013790242374,,,,,0.0,0.0,2.8216605186462402
TRAIN,sfbg4630,41,5,6,20,1,0,1,-7.1875,0.0007554056355729699,,,,,0.0,0.0,2.8216605186462402
TRAIN,sfbg4630,41,6,7,20,1,0,1,-7.8125,0.0004044814850203693,,,,,0.0,0.0,2.8216605186462402
TRAIN,sfbg4630,41,7,8,20,1,0,1,-7.78125,0.00041731575038284063,,,,,0.0,0.0,2.8216605186462402
TRAIN,sfbg4630,41,8,9,20,1,0,1,-7.875,0.0003799845289904624,,,,,0.0,0.0,2.8216605186462402
TRAIN,sfbg4630,41,9,10,20,1,0,1,-7.25,0.0007096704212017357,,,,,0.0,0.0,2.8216605186462402
TRAIN,sfbg4630,41,10,11,20,1,0,1,-6.4375,0.001597845577634871,,,,,0.0,0.0,2.8216605186462402
TRAIN,sfbg4630,41,11,12,20,1,0,1,-8.1875,0.0002780309587251395,,,,,0.0,0.0,2.8216605186462402
TRAIN,sfbg4630,41,12,13,20,1,0,1,-7.71875,0.0004442183708306402,,,,,0.0,0.0,2.8216605186462402
TRAIN,sfbg4630,41,13,14,20,1,0,1,-7.75,0.00043055712012574077,,,,,0.0,0.0,2.8216605186462402
TRAIN,sfbg4630,41,14,15,20,1,0,1,-8.375,0.00023050670279189944,,,,,0.0,0.0,2.8216605186462402
TRAIN,sfbg4630,41,15,16,20,1,0,1,-7.46875,0.000570315751247108,,,,,0.0,0.0,2.8216605186462402
TRAIN,sfbg4630,41,16,17,20,1,0,1,-6.40625,0.0016484829830005765,,,,,0.0,0.0,2.8216605186462402
TRAIN,sfbg4630,41,17,18,20,1,0,1,-7.25,0.0007096704212017357,,,,,0.0,0.0,2.8216605186462402
TRAIN,sfbg4630,41,18,19,20,1,0,1,-6.34375,0.0017546144081279635,,,,,0.0,0.0,2.8216605186462402
TRAIN,sfbg4630,41,19,20,20,1,0,1,-5.8125,0.0029810327105224133,,,,,0.0,0.0,2.8216605186462402
TRAIN,sfbg4630,42,0,1,20,1,0,1,-6.75,0.0011695103021338582,,,,,0.0,0.0,2.8216605186462402
TRAIN,sfbg4630,42,1,2,20,1,0,1,-8.75,0.00015843621804378927,,,,,0.0,0.0,2.8216605186462402
TRAIN,sfbg4630,42,2,3,20,1,0,1,-7.625,0.000487857119878754,,,,,0.0,0.0,2.8216605186462402
TRAIN,sfbg4630,42,3,4,20,1,0,1,-8.4375,0.00021654405281879008,,,,,0.0,0.0,2.8216605186462402
TRAIN,sfbg4630,42,4,5,20,1,0,1,-8.0,0.00033535013790242374,,,,,0.0,0.0,2.8216605186462402
TRAIN,sfbg4630,42,5,6,20,1,0,1,-7.28125,0.0006878511630930007,,,,,0.0,0.0,2.8216605186462402
TRAIN,sfbg4630,42,6,7,20,1,0,1,-7.65625,0.0004728544445242733,,,,,0.0,0.0,2.8216605186462402
TRAIN,sfbg4630,42,7,8,20,1,0,1,-7.65625,0.0004728544445242733,,,,,0.0,0.0,2.8216605186462402
TRAIN,sfbg4630,42,8,9,20,1,0,1,-7.53125,0.0005357805639505386,,,,,0.0,0.0,2.8216605186462402
TRAIN,sfbg4630,42,9,10,20,1,0,1,-7.53125,0.0005357805639505386,,,,,0.0,0.0,2.8216605186462402
TRAIN,sfbg4630,42,10,11,20,1,0,1,-6.5625,0.0014103584690019488,,,,,0.0,0.0,2.8216605186462402
TRAIN,sfbg4630,42,11,12,20,1,0,1,-8.375,0.00023050670279189944,,,,,0.0,0.0,2.8216605186462402
TRAIN,sfbg4630,42,12,13,20,1,0,1,-7.75,0.00043055712012574077,,,,,0.0,0.0,2.8216605186462402
TRAIN,sfbg4630,42,13,14,20,1,0,1,-7.96875,0.00034599160426296294,,,,,0.0,0.0,2.8216605186462402
TRAIN,sfbg4630,42,14,15,20,1,0,1,-8.5625,0.000191104321856983,,,,,0.0,0.0,2.8216605186462402
TRAIN,sfbg4630,42,15,16,20,1,0,1,-7.6875,0.000458312890259549,,,,,0.0,0.0,2.8216605186462402
TRAIN,sfbg4630,42,16,17,20,1,0,1,-6.59375,0.0013670255430042744,,,,,0.0,0.0,2.8216605186462402
TRAIN,sfbg4630,42,17,18,20,1,0,1,-7.21875,0.0007321811863221228,,,,,0.0,0.0,2.8216605186462402
TRAIN,sfbg4630,42,18,19,20,1,0,1,-6.59375,0.0013670255430042744,,,,,0.0,0.0,2.8216605186462402
TRAIN,sfbg4630,42,19,20,20,1,0,1,-6.40625,0.0016484829830005765,,,,,0.0,0.0,2.8216605186462402
TRAIN,sfbg4630,43,0,1,20,1,0,1,-5.875,0.0028009270317852497,,,,,0.0,0.0,2.8216605186462402
TRAIN,sfbg4630,43,1,2,20,1,0,1,-8.25,0.0002611903182696551,,,,,0.0,0.0,2.8216605186462402
TRAIN,sfbg4630,43,2,3,20,1,0,1,-6.875,0.0010322310263291001,,,,,0.0,0.0,2.8216605186462402
TRAIN,sfbg4630,43,3,4,20,1,0,1,-8.0,0.00033535013790242374,,,,,0.0,0.0,2.8216605186462402
TRAIN,sfbg4630,43,4,5,20,1,0,1,-7.71875,0.0004442183708306402,,,,,0.0,0.0,2.8216605186462402
TRAIN,sfbg4630,43,5,6,20,1,0,1,-7.0625,0.0008559006964787841,,,,,0.0,0.0,2.8216605186462402
TRAIN,sfbg4630,43,6,7,20,1,0,1,-7.4375,0.0005884087877348065,,,,,0.0,0.0,2.8216605186462402
TRAIN,sfbg4630,43,7,8,20,1,0,1,-7.71875,0.0004442183708306402,,,,,0.0,0.0,2.8216605186462402
TRAIN,sfbg4630,43,8,9,20,1,0,1,-7.34375,0.0006462032906711102,,,,,0.0,0.0,2.8216605186462402
TRAIN,sfbg4630,43,9,10,20,1,0,1,-7.21875,0.0007321811863221228,,,,,0.0,0.0,2.8216605186462402
TRAIN,sfbg4630,43,10,11,20,1,0,1,-5.9375,0.0026316740550100803,,,,,0.0,0.0,2.8216605186462402
TRAIN,sfbg4630,43,11,12,20,1,0,1,-8.625,0.00017952796770259738,,,,,0.0,0.0,2.8216605186462402
TRAIN,sfbg4630,43,12,13,20,1,0,1,-7.375,0.000626334105618298,,,,,0.0,0.0,2.8216605186462402
TRAIN,sfbg4630,43,13,14,20,1,0,1,-7.875,0.0003799845289904624,,,,,0.0,0.0,2.8216605186462402
TRAIN,sfbg4630,43,14,15,20,1,0,1,-8.5,0.00020342698553577065,,,,,0.0,0.0,2.8216605186462402
TRAIN,sfbg4630,43,15,16,20,1,0,1,-7.8125,0.0004044814850203693,,,,,0.0,0.0,2.8216605186462402
TRAIN,sfbg4630,43,16,17,20,1,0,1,-6.5625,0.0014103584690019488,,,,,0.0,0.0,2.8216605186462402
TRAIN,sfbg4630,43,17,18,20,1,0,1,-7.625,0.000487857119878754,,,,,0.0,0.0,2.8216605186462402
TRAIN,sfbg4630,43,18,19,20,1,0,1,-6.65625,0.0012843081494793296,,,,,0.0,0.0,2.8216605186462402
TRAIN,sfbg4630,43,19,20,20,1,0,1,-5.40625,0.0044683837331831455,,,,,0.0,0.0,2.8216605186462402
TRAIN,sfbg4630,44,0,1,20,1,0,1,-5.28125,0.005060331895947456,,,,,0.0,0.0,2.8216605186462402
TRAIN,sfbg4630,44,1,2,20,1,0,1,-7.90625,0.00036829791497439146,,,,,0.0,0.0,2.8216605186462402
TRAIN,sfbg4630,44,2,3,20,1,0,1,-6.1875,0.0020507434383034706,,,,,0.0,0.0,2.8216605186462402
TRAIN,sfbg4630,44,3,4,20,1,0,1,-7.625,0.000487857119878754,,,,,0.0,0.0,2.8216605186462402
TRAIN,sfbg4630,44,4,5,20,1,0,1,-7.125,0.0008040859247557819,,,,,0.0,0.0,2.8216605186462402
TRAIN,sfbg4630,44,5,6,20,1,0,1,-6.75,0.0011695103021338582,,,,,0.0,0.0,2.8216605186462402
TRAIN,sfbg4630,44,6,7,20,1,0,1,-7.1875,0.0007554056355729699,,,,,0.0,0.0,2.8216605186462402
TRAIN,sfbg4630,44,7,8,20,1,0,1,-7.53125,0.0005357805639505386,,,,,0.0,0.0,2.8216605186462402
TRAIN,sfbg4630,44,8,9,20,1,0,1,-7.125,0.0008040859247557819,,,,,0.0,0.0,2.8216605186462402
TRAIN,sfbg4630,44,9,10,20,1,0,1,-6.8125,0.001098731067031622,,,,,0.0,0.0,2.8216605186462402
TRAIN,sfbg4630,44,10,11,20,1,0,1,-5.90625,0.0027149852830916643,,,,,0.0,0.0,2.8216605186462402
TRAIN,sfbg4630,44,11,12,20,1,0,1,-8.6875,0.0001686527393758297,,,,,0.0,0.0,2.8216605186462402
TRAIN,sfbg4630,44,12,13,20,1,0,1,-7.0,0.0009110511746257544,,,,,0.0,0.0,2.8216605186462402
TRAIN,sfbg4630,44,13,14,20,1,0,1,-7.40625,0.0006070755189284682,,,,,0.0,0.0,2.8216605186462402
TRAIN,sfbg4630,44,14,15,20,1,0,1,-8.1875,0.0002780309587251395,,,,,0.0,0.0,2.8216605186462402
TRAIN,sfbg4630,44,15,16,20,1,0,1,-7.625,0.000487857119878754,,,,,0.0,0.0,2.8216605186462402
TRAIN,sfbg4630,44,16,17,20,1,0,1,-6.5625,0.0014103584690019488,,,,,0.0,0.0,2.8216605186462402
TRAIN,sfbg4630,44,17,18,20,1,0,1,-7.5,0.000552778656128794,,,,,0.0,0.0,2.8216605186462402
TRAIN,sfbg4630,44,18,19,20,1,0,1,-6.5,0.0015011823270469904,,,,,0.0,0.0,2.8216605186462402
TRAIN,sfbg4630,44,19,20,20,1,0,1,-5.65625,0.0034834241960197687,,,,,0.0,0.0,2.8216605186462402
TRAIN,sfbg4630,45,0,1,20,1,0,1,-4.96875,0.006903838831931353,,,,,0.0,0.0,2.8216605186462402
TRAIN,sfbg4630,45,1,2,20,1,0,1,-7.375,0.000626334105618298,,,,,0.0,0.0,2.8216605186462402
TRAIN,sfbg4630,45,2,3,20,1,0,1,-6.3125,0.0018102108733728528,,,,,0.0,0.0,2.8216605186462402
TRAIN,sfbg4630,45,3,4,20,1,0,1,-8.1875,0.0002780309587251395,,,,,0.0,0.0,2.8216605186462402
TRAIN,sfbg4630,45,4,5,20,1,0,1,-7.625,0.000487857119878754,,,,,0.0,0.0,2.8216605186462402
TRAIN,sfbg4630,45,5,6,20,1,0,1,-7.1875,0.0007554056355729699,,,,,0.0,0.0,2.8216605186462402
TRAIN,sfbg4630,45,6,7,20,1,0,1,-7.5625,0.0005193048855289817,,,,,0.0,0.0,2.8216605186462402
TRAIN,sfbg4630,45,7,8,20,1,0,1,-7.625,0.000487857119878754,,,,,0.0,0.0,2.8216605186462402
TRAIN,sfbg4630,45,8,9,20,1,0,1,-7.0625,0.0008559006964787841,,,,,0.0,0.0,2.8216605186462402
TRAIN,sfbg4630,45,9,10,20,1,0,1,-7.40625,0.0006070755189284682,,,,,0.0,0.0,2.8216605186462402
TRAIN,sfbg4630,45,10,11,20,1,0,1,-5.90625,0.0027149852830916643,,,,,0.0,0.0,2.8216605186462402
TRAIN,sfbg4630,45,11,12,20,1,0,1,-8.875,0.00013982206291984767,,,,,0.0,0.0,2.8216605186462402
TRAIN,sfbg4630,45,12,13,20,1,0,1,-7.78125,0.00041731575038284063,,,,,0.0,0.0,2.8216605186462402
TRAIN,sfbg4630,45,13,14,20,1,0,1,-7.90625,0.00036829791497439146,,,,,0.0,0.0,2.8216605186462402
TRAIN,sfbg4630,45,14,15,20,1,0,1,-8.6875,0.0001686527393758297,,,,,0.0,0.0,2.8216605186462402
TRAIN,sfbg4630,45,15,16,20,1,0,1,-7.90625,0.00036829791497439146,,,,,0.0,0.0,2.8216605186462402
TRAIN,sfbg4630,45,16,17,20,1,0,1,-6.9375,0.0009697519708424807,,,,,0.0,0.0,2.8216605186462402
TRAIN,sfbg4630,45,17,18,20,1,0,1,-7.84375,0.0003920417802873999,,,,,0.0,0.0,2.8216605186462402
TRAIN,sfbg4630,45,18,19,20,1,0,1,-7.0,0.0009110511746257544,,,,,0.0,0.0,2.8216605186462402
TRAIN,sfbg4630,45,19,20,20,1,0,1,-6.03125,0.0023967307060956955,,,,,0.0,0.0,2.8216605186462402
TRAIN,sfbg4630,46,0,1,20,1,0,1,-5.125,0.0059110685251653194,,,,,0.0,0.0,2.8216605186462402
TRAIN,sfbg4630,46,1,2,20,1,0,1,-8.125,0.0002959570847451687,,,,,0.0,0.0,2.8216605186462402
TRAIN,sfbg4630,46,2,3,20,1,0,1,-6.75,0.0011695103021338582,,,,,0.0,0.0,2.8216605186462402
TRAIN,sfbg4630,46,3,4,20,1,0,1,-8.9375,0.00013135180051904172,,,,,0.0,0.0,2.8216605186462402
TRAIN,sfbg4630,46,4,5,20,1,0,1,-8.1875,0.0002780309587251395,,,,,0.0,0.0,2.8216605186462402
TRAIN,sfbg4630,46,5,6,20,1,0,1,-7.59375,0.000503335555549711,,,,,0.0,0.0,2.8216605186462402
TRAIN,sfbg4630,46,6,7,20,1,0,1,-8.25,0.0002611903182696551,,,,,0.0,0.0,2.8216605186462402
TRAIN,sfbg4630,46,7,8,20,1,0,1,-8.25,0.0002611903182696551,,,,,0.0,0.0,2.8216605186462402
TRAIN,sfbg4630,46,8,9,20,1,0,1,-8.125,0.0002959570847451687,,,,,0.0,0.0,2.8216605186462402
TRAIN,sfbg4630,46,9,10,20,1,0,1,-7.65625,0.0004728544445242733,,,,,0.0,0.0,2.8216605186462402
TRAIN,sfbg4630,46,10,11,20,1,0,1,-6.40625,0.0016484829830005765,,,,,0.0,0.0,2.8216605186462402
TRAIN,sfbg4630,46,11,12,20,1,0,1,-8.5,0.00020342698553577065,,,,,0.0,0.0,2.8216605186462402
TRAIN,sfbg4630,46,12,13,20,1,0,1,-8.0,0.00033535013790242374,,,,,0.0,0.0,2.8216605186462402
TRAIN,sfbg4630,46,13,14,20,1,0,1,-7.71875,0.0004442183708306402,,,,,0.0,0.0,2.8216605186462402
TRAIN,sfbg4630,46,14,15,20,1,0,1,-8.9375,0.00013135180051904172,,,,,0.0,0.0,2.8216605186462402
TRAIN,sfbg4630,46,15,16,20,1,0,1,-8.125,0.0002959570847451687,,,,,0.0,0.0,2.8216605186462402
TRAIN,sfbg4630,46,16,17,20,1,0,1,-6.9375,0.0009697519708424807,,,,,0.0,0.0,2.8216605186462402
TRAIN,sfbg4630,46,17,18,20,1,0,1,-8.25,0.0002611903182696551,,,,,0.0,0.0,2.8216605186462402
TRAIN,sfbg4630,46,18,19,20,1,0,1,-7.40625,0.0006070755189284682,,,,,0.0,0.0,2.8216605186462402
TRAIN,sfbg4630,46,19,20,20,1,0,1,-5.78125,0.0030753696337342262,,,,,0.0,0.0,2.8216605186462402
TRAIN,sfbg4630,47,0,1,20,1,0,1,-5.0625,0.00628990214318037,,,,,0.0,0.0,2.8216605186462402
TRAIN,sfbg4630,47,1,2,20,1,0,1,-7.21875,0.0007321811863221228,,,,,0.0,0.0,2.8216605186462402
TRAIN,sfbg4630,47,2,3,20,1,0,1,-6.40625,0.0016484829830005765,,,,,0.0,0.0,2.8216605186462402
TRAIN,sfbg4630,47,3,4,20,1,0,1,-8.25,0.0002611903182696551,,,,,0.0,0.0,2.8216605186462402
TRAIN,sfbg4630,47,4,5,20,1,0,1,-8.0625,0.0003150386910419911,,,,,0.0,0.0,2.8216605186462402
TRAIN,sfbg4630,47,5,6,20,1,0,1,-7.90625,0.00036829791497439146,,,,,0.0,0.0,2.8216605186462402
TRAIN,sfbg4630,47,6,7,20,1,0,1,-8.3125,0.00024536947603337467,,,,,0.0,0.0,2.8216605186462402
TRAIN,sfbg4630,47,7,8,20,1,0,1,-8.4375,0.00021654405281879008,,,,,0.0,0.0,2.8216605186462402
TRAIN,sfbg4630,47,8,9,20,1,0,1,-8.1875,0.0002780309587251395,,,,,0.0,0.0,2.8216605186462402
TRAIN,sfbg4630,47,9,10,20,1,0,1,-7.78125,0.00041731575038284063,,,,,0.0,0.0,2.8216605186462402
TRAIN,sfbg4630,47,10,11,20,1,0,1,-7.03125,0.0008830457809381187,,,,,0.0,0.0,2.8216605186462402
TRAIN,sfbg4630,47,11,12,20,1,0,1,-7.6875,0.000458312890259549,,,,,0.0,0.0,2.8216605186462402
TRAIN,sfbg4630,47,12,13,20,1,0,1,-7.84375,0.0003920417802873999,,,,,0.0,0.0,2.8216605186462402
TRAIN,sfbg4630,47,13,14,20,1,0,1,-7.28125,0.0006878511630930007,,,,,0.0,0.0,2.8216605186462402
TRAIN,sfbg4630,47,14,15,20,1,0,1,-8.8125,0.00014883848780300468,,,,,0.0,0.0,2.8216605186462402
TRAIN,sfbg4630,47,15,16,20,1,0,1,-8.0,0.00033535013790242374,,,,,0.0,0.0,2.8216605186462402
TRAIN,sfbg4630,47,16,17,20,1,0,1,-6.96875,0.0009399438858963549,,,,,0.0,0.0,2.8216605186462402
TRAIN,sfbg4630,47,17,18,20,1,0,1,-8.4375,0.00021654405281879008,,,,,0.0,0.0,2.8216605186462402
TRAIN,sfbg4630,47,18,19,20,1,0,1,-7.6875,0.000458312890259549,,,,,0.0,0.0,2.8216605186462402
TRAIN,sfbg4630,47,19,20,20,1,0,1,-5.4375,0.004331501666456461,,,,,0.0,0.0,2.8216605186462402
TRAIN,sfbg4630,48,0,1,20,1,0,1,-6.96875,0.0009399438858963549,,,,,0.0,0.0,2.8216605186462402
TRAIN,sfbg4630,48,1,2,20,1,0,1,-7.96875,0.00034599160426296294,,,,,0.0,0.0,2.8216605186462402
TRAIN,sfbg4630,48,2,3,20,1,0,1,-7.15625,0.0007793660624884069,,,,,0.0,0.0,2.8216605186462402
TRAIN,sfbg4630,48,3,4,20,1,0,1,-8.75,0.00015843621804378927,,,,,0.0,0.0,2.8216605186462402
TRAIN,sfbg4630,48,4,5,20,1,0,1,-8.5625,0.000191104321856983,,,,,0.0,0.0,2.8216605186462402
TRAIN,sfbg4630,48,5,6,20,1,0,1,-7.96875,0.00034599160426296294,,,,,0.0,0.0,2.8216605186462402
TRAIN,sfbg4630,48,6,7,20,1,0,1,-8.8125,0.00014883848780300468,,,,,0.0,0.0,2.8216605186462402
TRAIN,sfbg4630,48,7,8,20,1,0,1,-8.4375,0.00021654405281879008,,,,,0.0,0.0,2.8216605186462402
TRAIN,sfbg4630,48,8,9,20,1,0,1,-9.0,0.00012339458044152707,,,,,0.0,0.0,2.8216605186462402
TRAIN,sfbg4630,48,9,10,20,1,0,1,-8.25,0.0002611903182696551,,,,,0.0,0.0,2.8216605186462402
TRAIN,sfbg4630,48,10,11,20,1,0,1,-7.65625,0.0004728544445242733,,,,,0.0,0.0,2.8216605186462402
TRAIN,sfbg4630,48,11,12,20,1,0,1,-7.53125,0.0005357805639505386,,,,,0.0,0.0,2.8216605186462402
TRAIN,sfbg4630,48,12,13,20,1,0,1,-7.59375,0.000503335555549711,,,,,0.0,0.0,2.8216605186462402
TRAIN,sfbg4630,48,13,14,20,1,0,1,-8.0,0.00033535013790242374,,,,,0.0,0.0,2.8216605186462402
TRAIN,sfbg4630,48,14,15,20,1,0,1,-8.9375,0.00013135180051904172,,,,,0.0,0.0,2.8216605186462402
TRAIN,sfbg4630,48,15,16,20,1,0,1,-8.4375,0.00021654405281879008,,,,,0.0,0.0,2.8216605186462402
TRAIN,sfbg4630,48,16,17,20,1,0,1,-7.1875,0.0007554056355729699,,,,,0.0,0.0,2.8216605186462402
TRAIN,sfbg4630,48,17,18,20,1,0,1,-8.1875,0.0002780309587251395,,,,,0.0,0.0,2.8216605186462402
TRAIN,sfbg4630,48,18,19,20,1,0,1,-7.4375,0.0005884087877348065,,,,,0.0,0.0,2.8216605186462402
TRAIN,sfbg4630,48,19,20,20,1,0,1,-6.59375,0.0013670255430042744,,,,,0.0,0.0,2.8216605186462402
TRAIN,sfbg4630,49,0,1,20,1,0,1,-7.90625,0.00036829791497439146,,,,,0.0,0.0,2.8216605186462402
TRAIN,sfbg4630,49,1,2,20,1,0,1,-7.875,0.0003799845289904624,,,,,0.0,0.0,2.8216605186462402
TRAIN,sfbg4630,49,2,3,20,1,0,1,-7.9375,0.0003569706459529698,,,,,0.0,0.0,2.8216605186462402
TRAIN,sfbg4630,49,3,4,20,1,0,1,-8.375,0.00023050670279189944,,,,,0.0,0.0,2.8216605186462402
TRAIN,sfbg4630,49,4,5,20,1,0,1,-8.25,0.0002611903182696551,,,,,0.0,0.0,2.8216605186462402
TRAIN,sfbg4630,49,5,6,20,1,0,1,-7.4375,0.0005884087877348065,,,,,0.0,0.0,2.8216605186462402
TRAIN,sfbg4630,49,6,7,20,1,0,1,-8.6875,0.0001686527393758297,,,,,0.0,0.0,2.8216605186462402
TRAIN,sfbg4630,49,7,8,20,1,0,1,-8.3125,0.00024536947603337467,,,,,0.0,0.0,2.8216605186462402
TRAIN,sfbg4630,49,8,9,20,1,0,1,-8.875,0.00013982206291984767,,,,,0.0,0.0,2.8216605186462402
TRAIN,sfbg4630,49,9,10,20,1,0,1,-8.125,0.0002959570847451687,,,,,0.0,0.0,2.8216605186462402
TRAIN,sfbg4630,49,10,11,20,1,0,1,-7.96875,0.00034599160426296294,,,,,0.0,0.0,2.8216605186462402
TRAIN,sfbg4630,49,11,12,20,1,0,1,-6.875,0.0010322310263291001,,,,,0.0,0.0,2.8216605186462402
TRAIN,sfbg4630,49,12,13,20,1,0,1,-7.5,0.000552778656128794,,,,,0.0,0.0,2.8216605186462402
TRAIN,sfbg4630,49,13,14,20,1,0,1,-7.96875,0.00034599160426296294,,,,,0.0,0.0,2.8216605186462402
TRAIN,sfbg4630,49,14,15,20,1,0,1,-8.8125,0.00014883848780300468,,,,,0.0,0.0,2.8216605186462402
TRAIN,sfbg4630,49,15,16,20,1,0,1,-8.3125,0.00024536947603337467,,,,,0.0,0.0,2.8216605186462402
TRAIN,sfbg4630,49,16,17,20,1,0,1,-6.8125,0.001098731067031622,,,,,0.0,0.0,2.8216605186462402
TRAIN,sfbg4630,49,17,18,20,1,0,1,-8.625,0.00017952796770259738,,,,,0.0,0.0,2.8216605186462402
TRAIN,sfbg4630,49,18,19,20,1,0,1,-8.0,0.00033535013790242374,,,,,0.0,0.0,2.8216605186462402
TRAIN,sfbg4630,49,19,20,20,1,0,1,-6.0625,0.002323162741959095,,,,,0.0,0.0,2.8216605186462402
TRAIN,sfbg4630,50,0,1,20,1,0,1,-8.5625,0.000191104321856983,,,,,0.0,0.0,2.8216605186462402
TRAIN,sfbg4630,50,1,2,20,1,0,1,-8.0,0.00033535013790242374,,,,,0.0,0.0,2.8216605186462402
TRAIN,sfbg4630,50,2,3,20,1,0,1,-8.0625,0.0003150386910419911,,,,,0.0,0.0,2.8216605186462402
TRAIN,sfbg4630,50,3,4,20,1,0,1,-8.125,0.0002959570847451687,,,,,0.0,0.0,2.8216605186462402
TRAIN,sfbg4630,50,4,5,20,1,0,1,-8.125,0.0002959570847451687,,,,,0.0,0.0,2.8216605186462402
TRAIN,sfbg4630,50,5,6,20,1,0,1,-7.3125,0.0006667023408226669,,,,,0.0,0.0,2.8216605186462402
TRAIN,sfbg4630,50,6,7,20,1,0,1,-8.5,0.00020342698553577065,,,,,0.0,0.0,2.8216605186462402
TRAIN,sfbg4630,50,7,8,20,1,0,1,-8.25,0.0002611903182696551,,,,,0.0,0.0,2.8216605186462402
TRAIN,sfbg4630,50,8,9,20,1,0,1,-8.8125,0.00014883848780300468,,,,,0.0,0.0,2.8216605186462402
TRAIN,sfbg4630,50,9,10,20,1,0,1,-8.4375,0.00021654405281879008,,,,,0.0,0.0,2.8216605186462402
TRAIN,sfbg4630,50,10,11,20,1,0,1,-8.25,0.0002611903182696551,,,,,0.0,0.0,2.8216605186462402
TRAIN,sfbg4630,50,11,12,20,1,0,1,-7.6875,0.000458312890259549,,,,,0.0,0.0,2.8216605186462402
TRAIN,sfbg4630,50,12,13,20,1,0,1,-6.71875,0.0012065897462889552,,,,,0.0,0.0,2.8216605186462402
TRAIN,sfbg4630,50,13,14,20,1,0,1,-7.96875,0.00034599160426296294,,,,,0.0,0.0,2.8216605186462402
TRAIN,sfbg4630,50,14,15,20,1,0,1,-8.375,0.00023050670279189944,,,,,0.0,0.0,2.8216605186462402
TRAIN,sfbg4630,50,15,16,20,1,0,1,-8.1875,0.0002780309587251395,,,,,0.0,0.0,2.8216605186462402
TRAIN,sfbg4630,50,16,17,20,1,0,1,-7.03125,0.0008830457809381187,,,,,0.0,0.0,2.8216605186462402
TRAIN,sfbg4630,50,17,18,20,1,0,1,-8.5625,0.000191104321856983,,,,,0.0,0.0,2.8216605186462402
TRAIN,sfbg4630,50,18,19,20,1,0,1,-7.625,0.000487857119878754,,,,,0.0,0.0,2.8216605186462402
TRAIN,sfbg4630,50,19,20,20,1,0,1,-6.125,0.002182716503739357,,,,,0.0,0.0,2.8216605186462402
TRAIN,sfbg4630,51,0,1,20,1,0,1,-8.6875,0.0001686527393758297,,,,,0.0,0.0,2.8216605186462402
TRAIN,sfbg4630,51,1,2,20,1,0,1,-8.5,0.00020342698553577065,,,,,0.0,0.0,2.8216605186462402
TRAIN,sfbg4630,51,2,3,20,1,0,1,-8.3125,0.00024536947603337467,,,,,0.0,0.0,2.8216605186462402
TRAIN,sfbg4630,51,3,4,20,1,0,1,-8.0625,0.0003150386910419911,,,,,0.0,0.0,2.8216605186462402
TRAIN,sfbg4630,51,4,5,20,1,0,1,-8.3125,0.00024536947603337467,,,,,0.0,0.0,2.8216605186462402
TRAIN,sfbg4630,51,5,6,20,1,0,1,-8.125,0.0002959570847451687,,,,,0.0,0.0,2.8216605186462402
TRAIN,sfbg4630,51,6,7,20,1,0,1,-9.125,0.00010889690747717395,,,,,0.0,0.0,2.8216605186462402
TRAIN,sfbg4630,51,7,8,20,1,0,1,-8.9375,0.00013135180051904172,,,,,0.0,0.0,2.8216605186462402
TRAIN,sfbg4630,51,8,9,20,1,0,1,-9.25,9.610241977497935e-05,,,,,0.0,0.0,2.8216605186462402
TRAIN,sfbg4630,51,9,10,20,1,0,1,-9.125,0.00010889690747717395,,,,,0.0,0.0,2.8216605186462402
TRAIN,sfbg4630,51,10,11,20,1,0,1,-9.0,0.00012339458044152707,,,,,0.0,0.0,2.8216605186462402
TRAIN,sfbg4630,51,11,12,20,1,0,1,-6.90625,0.0010005044750869274,,,,,0.0,0.0,2.8216605186462402
TRAIN,sfbg4630,51,12,13,20,1,0,1,-6.625,0.0013250223128125072,,,,,0.0,0.0,2.8216605186462402
TRAIN,sfbg4630,51,13,14,20,1,0,1,-7.53125,0.0005357805639505386,,,,,0.0,0.0,2.8216605186462402
TRAIN,sfbg4630,51,14,15,20,1,0,1,-7.96875,0.00034599160426296294,,,,,0.0,0.0,2.8216605186462402
TRAIN,sfbg4630,51,15,16,20,1,0,1,-8.5,0.00020342698553577065,,,,,0.0,0.0,2.8216605186462402
TRAIN,sfbg4630,51,16,17,20,1,0,1,-7.34375,0.0006462032906711102,,,,,0.0,0.0,2.8216605186462402
TRAIN,sfbg4630,51,17,18,20,1,0,1,-8.6875,0.0001686527393758297,,,,,0.0,0.0,2.8216605186462402
TRAIN,sfbg4630,51,18,19,20,1,0,1,-7.875,0.0003799845289904624,,,,,0.0,0.0,2.8216605186462402
TRAIN,sfbg4630,51,19,20,20,1,0,1,-6.375,0.0017007222631946206,,,,,0.0,0.0,2.8216605186462402
TRAIN,sfbg4630,52,0,1,20,1,0,1,-8.5,0.00020342698553577065,,,,,0.0,0.0,2.8216605186462402
TRAIN,sfbg4630,52,1,2,20,1,0,1,-8.1875,0.0002780309587251395,,,,,0.0,0.0,2.8216605186462402
TRAIN,sfbg4630,52,2,3,20,1,0,1,-7.9375,0.0003569706459529698,,,,,0.0,0.0,2.8216605186462402
TRAIN,sfbg4630,52,3,4,20,1,0,1,-7.78125,0.00041731575038284063,,,,,0.0,0.0,2.8216605186462402
TRAIN,sfbg4630,52,4,5,20,1,0,1,-7.90625,0.00036829791497439146,,,,,0.0,0.0,2.8216605186462402
TRAIN,sfbg4630,52,5,6,20,1,0,1,-8.0,0.00033535013790242374,,,,,0.0,0.0,2.8216605186462402
TRAIN,sfbg4630,52,6,7,20,1,0,1,-9.0,0.00012339458044152707,,,,,0.0,0.0,2.8216605186462402
TRAIN,sfbg4630,52,7,8,20,1,0,1,-8.75,0.00015843621804378927,,,,,0.0,0.0,2.8216605186462402
TRAIN,sfbg4630,52,8,9,20,1,0,1,-9.1875,0.00010229986219201237,,,,,0.0,0.0,2.8216605186462402
TRAIN,sfbg4630,52,9,10,20,1,0,1,-8.75,0.00015843621804378927,,,,,0.0,0.0,2.8216605186462402
TRAIN,sfbg4630,52,10,11,20,1,0,1,-8.75,0.00015843621804378927,,,,,0.0,0.0,2.8216605186462402
TRAIN,sfbg4630,52,11,12,20,1,0,1,-6.84375,0.0010649627074599266,,,,,0.0,0.0,2.8216605186462402
TRAIN,sfbg4630,52,12,13,20,1,0,1,-6.8125,0.001098731067031622,,,,,0.0,0.0,2.8216605186462402
TRAIN,sfbg4630,52,13,14,20,1,0,1,-7.96875,0.00034599160426296294,,,,,0.0,0.0,2.8216605186462402
TRAIN,sfbg4630,52,14,15,20,1,0,1,-7.25,0.0007096704212017357,,,,,0.0,0.0,2.8216605186462402
TRAIN,sfbg4630,52,15,16,20,1,0,1,-8.0,0.00033535013790242374,,,,,0.0,0.0,2.8216605186462402
TRAIN,sfbg4630,52,16,17,20,1,0,1,-7.15625,0.0007793660624884069,,,,,0.0,0.0,2.8216605186462402
TRAIN,sfbg4630,52,17,18,20,1,0,1,-9.0,0.00012339458044152707,,,,,0.0,0.0,2.8216605186462402
TRAIN,sfbg4630,52,18,19,20,1,0,1,-7.625,0.000487857119878754,,,,,0.0,0.0,2.8216605186462402
TRAIN,sfbg4630,52,19,20,20,1,0,1,-6.21875,0.001987774157896638,,,,,0.0,0.0,2.8216605186462402
TRAIN,sfbg4630,53,0,1,20,1,0,1,-8.625,0.00017952796770259738,,,,,0.0,0.0,2.8216605186462402
TRAIN,sfbg4630,53,1,2,20,1,0,1,-8.75,0.00015843621804378927,,,,,0.0,0.0,2.8216605186462402
TRAIN,sfbg4630,53,2,3,20,1,0,1,-8.625,0.00017952796770259738,,,,,0.0,0.0,2.8216605186462402
TRAIN,sfbg4630,53,3,4,20,1,0,1,-8.625,0.00017952796770259738,,,,,0.0,0.0,2.8216605186462402
TRAIN,sfbg4630,53,4,5,20,1,0,1,-8.1875,0.0002780309587251395,,,,,0.0,0.0,2.8216605186462402
TRAIN,sfbg4630,53,5,6,20,1,0,1,-8.0,0.00033535013790242374,,,,,0.0,0.0,2.8216605186462402
TRAIN,sfbg4630,53,6,7,20,1,0,1,-9.125,0.00010889690747717395,,,,,0.0,0.0,2.8216605186462402
TRAIN,sfbg4630,53,7,8,20,1,0,1,-8.875,0.00013982206291984767,,,,,0.0,0.0,2.8216605186462402
TRAIN,sfbg4630,53,8,9,20,1,0,1,-9.25,9.610241977497935e-05,,,,,0.0,0.0,2.8216605186462402
TRAIN,sfbg4630,53,9,10,20,1,0,1,-9.4375,7.9673009167891e-05,,,,,0.0,0.0,2.8216605186462402
TRAIN,sfbg4630,53,10,11,20,1,0,1,-9.375,8.481103577651083e-05,,,,,0.0,0.0,2.8216605186462402
TRAIN,sfbg4630,53,11,12,20,1,0,1,-6.25,0.0019267346942797303,,,,,0.0,0.0,2.8216605186462402
TRAIN,sfbg4630,53,12,13,20,1,0,1,-7.0,0.0009110511746257544,,,,,0.0,0.0,2.8216605186462402
TRAIN,sfbg4630,53,13,14,20,1,0,1,-8.1875,0.0002780309587251395,,,,,0.0,0.0,2.8216605186462402
TRAIN,sfbg4630,53,14,15,20,1,0,1,-7.4375,0.0005884087877348065,,,,,0.0,0.0,2.8216605186462402
TRAIN,sfbg4630,53,15,16,20,1,0,1,-8.5,0.00020342698553577065,,,,,0.0,0.0,2.8216605186462402
TRAIN,sfbg4630,53,16,17,20,1,0,1,-7.625,0.000487857119878754,,,,,0.0,0.0,2.8216605186462402
TRAIN,sfbg4630,53,17,18,20,1,0,1,-9.375,8.481103577651083e-05,,,,,0.0,0.0,2.8216605186462402
TRAIN,sfbg4630,53,18,19,20,1,0,1,-8.5,0.00020342698553577065,,,,,0.0,0.0,2.8216605186462402
TRAIN,sfbg4630,53,19,20,20,1,0,1,-6.71875,0.0012065897462889552,,,,,0.0,0.0,2.8216605186462402
TRAIN,sfbg4630,54,0,1,20,1,0,1,-9.0625,0.00011591933434829116,,,,,0.0,0.0,2.8216605186462402
TRAIN,sfbg4630,54,1,2,20,1,0,1,-8.75,0.00015843621804378927,,,,,0.0,0.0,2.8216605186462402
TRAIN,sfbg4630,54,2,3,20,1,0,1,-8.5,0.00020342698553577065,,,,,0.0,0.0,2.8216605186462402
TRAIN,sfbg4630,54,3,4,20,1,0,1,-8.25,0.0002611903182696551,,,,,0.0,0.0,2.8216605186462402
TRAIN,sfbg4630,54,4,5,20,1,0,1,-7.90625,0.00036829791497439146,,,,,0.0,0.0,2.8216605186462402
TRAIN,sfbg4630,54,5,6,20,1,0,1,-7.5,0.000552778656128794,,,,,0.0,0.0,2.8216605186462402
TRAIN,sfbg4630,54,6,7,20,1,0,1,-8.5625,0.000191104321856983,,,,,0.0,0.0,2.8216605186462402
TRAIN,sfbg4630,54,7,8,20,1,0,1,-8.625,0.00017952796770259738,,,,,0.0,0.0,2.8216605186462402
TRAIN,sfbg4630,54,8,9,20,1,0,1,-8.6875,0.0001686527393758297,,,,,0.0,0.0,2.8216605186462402
TRAIN,sfbg4630,54,9,10,20,1,0,1,-9.3125,9.028038039105013e-05,,,,,0.0,0.0,2.8216605186462402
TRAIN,sfbg4630,54,10,11,20,1,0,1,-9.5625,7.031184941297397e-05,,,,,0.0,0.0,2.8216605186462402
TRAIN,sfbg4630,54,11,12,20,1,0,1,-6.15625,0.002115703420713544,,,,,0.0,0.0,2.8216605186462402
TRAIN,sfbg4630,54,12,13,20,1,0,1,-6.90625,0.0010005044750869274,,,,,0.0,0.0,2.8216605186462402
TRAIN,sfbg4630,54,13,14,20,1,0,1,-7.84375,0.0003920417802873999,,,,,0.0,0.0,2.8216605186462402
TRAIN,sfbg4630,54,14,15,20,1,0,1,-7.3125,0.0006667023408226669,,,,,0.0,0.0,2.8216605186462402
TRAIN,sfbg4630,54,15,16,20,1,0,1,-7.6875,0.000458312890259549,,,,,0.0,0.0,2.8216605186462402
TRAIN,sfbg4630,54,16,17,20,1,0,1,-7.25,0.0007096704212017357,,,,,0.0,0.0,2.8216605186462402
TRAIN,sfbg4630,54,17,18,20,1,0,1,-9.1875,0.00010229986219201237,,,,,0.0,0.0,2.8216605186462402
TRAIN,sfbg4630,54,18,19,20,1,0,1,-9.125,0.00010889690747717395,,,,,0.0,0.0,2.8216605186462402
TRAIN,sfbg4630,54,19,20,20,1,0,1,-7.90625,0.00036829791497439146,,,,,0.0,0.0,2.8216605186462402
TRAIN,sfbg4630,55,0,1,20,1,0,1,-9.0,0.00012339458044152707,,,,,0.0,0.0,2.8216605186462402
TRAIN,sfbg4630,55,1,2,20,1,0,1,-8.25,0.0002611903182696551,,,,,0.0,0.0,2.8216605186462402
TRAIN,sfbg4630,55,2,3,20,1,0,1,-8.875,0.00013982206291984767,,,,,0.0,0.0,2.8216605186462402
TRAIN,sfbg4630,55,3,4,20,1,0,1,-8.3125,0.00024536947603337467,,,,,0.0,0.0,2.8216605186462402
TRAIN,sfbg4630,55,4,5,20,1,0,1,-7.875,0.0003799845289904624,,,,,0.0,0.0,2.8216605186462402
TRAIN,sfbg4630,55,5,6,20,1,0,1,-7.21875,0.0007321811863221228,,,,,0.0,0.0,2.8216605186462402
TRAIN,sfbg4630,55,6,7,20,1,0,1,-8.125,0.0002959570847451687,,,,,0.0,0.0,2.8216605186462402
TRAIN,sfbg4630,55,7,8,20,1,0,1,-8.0,0.00033535013790242374,,,,,0.0,0.0,2.8216605186462402
TRAIN,sfbg4630,55,8,9,20,1,0,1,-8.5625,0.000191104321856983,,,,,0.0,0.0,2.8216605186462402
TRAIN,sfbg4630,55,9,10,20,1,0,1,-9.5,7.484622619813308e-05,,,,,0.0,0.0,2.8216605186462402
TRAIN,sfbg4630,55,10,11,20,1,0,1,-9.4375,7.9673009167891e-05,,,,,0.0,0.0,2.8216605186462402
TRAIN,sfbg4630,55,11,12,20,1,0,1,-6.34375,0.0017546144081279635,,,,,0.0,0.0,2.8216605186462402
TRAIN,sfbg4630,55,12,13,20,1,0,1,-6.75,0.0011695103021338582,,,,,0.0,0.0,2.8216605186462402
TRAIN,sfbg4630,55,13,14,20,1,0,1,-8.125,0.0002959570847451687,,,,,0.0,0.0,2.8216605186462402
TRAIN,sfbg4630,55,14,15,20,1,0,1,-7.40625,0.0006070755189284682,,,,,0.0,0.0,2.8216605186462402
TRAIN,sfbg4630,55,15,16,20,1,0,1,-7.375,0.000626334105618298,,,,,0.0,0.0,2.8216605186462402
TRAIN,sfbg4630,55,16,17,20,1,0,1,-7.9375,0.0003569706459529698,,,,,0.0,0.0,2.8216605186462402
TRAIN,sfbg4630,55,17,18,20,1,0,1,-9.4375,7.9673009167891e-05,,,,,0.0,0.0,2.8216605186462402
TRAIN,sfbg4630,55,18,19,20,1,0,1,-9.375,8.481103577651083e-05,,,,,0.0,0.0,2.8216605186462402
TRAIN,sfbg4630,55,19,20,20,1,0,1,-8.5625,0.000191104321856983,,,,,0.0,0.0,2.8216605186462402
TRAIN,sfbg4630,56,0,1,20,1,0,1,-9.5625,7.031184941297397e-05,,,,,0.0,0.0,2.8216605186462402
TRAIN,sfbg4630,56,1,2,20,1,0,1,-8.25,0.0002611903182696551,,,,,0.0,0.0,2.8216605186462402
TRAIN,sfbg4630,56,2,3,20,1,0,1,-9.625,6.60521473037079e-05,,,,,0.0,0.0,2.8216605186462402
TRAIN,sfbg4630,56,3,4,20,1,0,1,-8.4375,0.00021654405281879008,,,,,0.0,0.0,2.8216605186462402
TRAIN,sfbg4630,56,4,5,20,1,0,1,-8.9375,0.00013135180051904172,,,,,0.0,0.0,2.8216605186462402
TRAIN,sfbg4630,56,5,6,20,1,0,1,-8.125,0.0002959570847451687,,,,,0.0,0.0,2.8216605186462402
TRAIN,sfbg4630,56,6,7,20,1,0,1,-8.5625,0.000191104321856983,,,,,0.0,0.0,2.8216605186462402
TRAIN,sfbg4630,56,7,8,20,1,0,1,-8.4375,0.00021654405281879008,,,,,0.0,0.0,2.8216605186462402
TRAIN,sfbg4630,56,8,9,20,1,0,1,-9.0,0.00012339458044152707,,,,,0.0,0.0,2.8216605186462402
TRAIN,sfbg4630,56,9,10,20,1,0,1,-9.75,5.829126530443318e-05,,,,,0.0,0.0,2.8216605186462402
TRAIN,sfbg4630,56,10,11,20,1,0,1,-10.125,4.006369272246957e-05,,,,,0.0,0.0,2.8216605186462402
TRAIN,sfbg4630,56,11,12,20,1,0,1,-7.1875,0.0007554056355729699,,,,,0.0,0.0,2.8216605186462402
TRAIN,sfbg4630,56,12,13,20,1,0,1,-7.375,0.000626334105618298,,,,,0.0,0.0,2.8216605186462402
TRAIN,sfbg4630,56,13,14,20,1,0,1,-8.5,0.00020342698553577065,,,,,0.0,0.0,2.8216605186462402
TRAIN,sfbg4630,56,14,15,20,1,0,1,-7.96875,0.00034599160426296294,,,,,0.0,0.0,2.8216605186462402
TRAIN,sfbg4630,56,15,16,20,1,0,1,-7.875,0.0003799845289904624,,,,,0.0,0.0,2.8216605186462402
TRAIN,sfbg4630,56,16,17,20,1,0,1,-8.5625,0.000191104321856983,,,,,0.0,0.0,2.8216605186462402
TRAIN,sfbg4630,56,17,18,20,1,0,1,-9.75,5.829126530443318e-05,,,,,0.0,0.0,2.8216605186462402
TRAIN,sfbg4630,56,18,19,20,1,0,1,-9.875,5.144220995134674e-05,,,,,0.0,0.0,2.8216605186462402
TRAIN,sfbg4630,56,19,20,20,1,0,1,-9.25,9.610241977497935e-05,,,,,0.0,0.0,2.8216605186462402
TRAIN,sfbg4630,57,0,1,20,1,0,1,-8.9375,0.00013135180051904172,,,,,0.0,0.0,2.8216605186462402
TRAIN,sfbg4630,57,1,2,20,1,0,1,-8.1875,0.0002780309587251395,,,,,0.0,0.0,2.8216605186462402
TRAIN,sfbg4630,57,2,3,20,1,0,1,-9.1875,0.00010229986219201237,,,,,0.0,0.0,2.8216605186462402
TRAIN,sfbg4630,57,3,4,20,1,0,1,-8.25,0.0002611903182696551,,,,,0.0,0.0,2.8216605186462402
TRAIN,sfbg4630,57,4,5,20,1,0,1,-8.5625,0.000191104321856983,,,,,0.0,0.0,2.8216605186462402
TRAIN,sfbg4630,57,5,6,20,1,0,1,-8.1875,0.0002780309587251395,,,,,0.0,0.0,2.8216605186462402
TRAIN,sfbg4630,57,6,7,20,1,0,1,-8.6875,0.0001686527393758297,,,,,0.0,0.0,2.8216605186462402
TRAIN,sfbg4630,57,7,8,20,1,0,1,-8.3125,0.00024536947603337467,,,,,0.0,0.0,2.8216605186462402
TRAIN,sfbg4630,57,8,9,20,1,0,1,-9.125,0.00010889690747717395,,,,,0.0,0.0,2.8216605186462402
TRAIN,sfbg4630,57,9,10,20,1,0,1,-9.5625,7.031184941297397e-05,,,,,0.0,0.0,2.8216605186462402
TRAIN,sfbg4630,57,10,11,20,1,0,1,-10.1875,3.7636447814293206e-05,,,,,0.0,0.0,2.8216605186462402
TRAIN,sfbg4630,57,11,12,20,1,0,1,-6.6875,0.0012448433553799987,,,,,0.0,0.0,2.8216605186462402
TRAIN,sfbg4630,57,12,13,20,1,0,1,-7.25,0.0007096704212017357,,,,,0.0,0.0,2.8216605186462402
TRAIN,sfbg4630,57,13,14,20,1,0,1,-8.4375,0.00021654405281879008,,,,,0.0,0.0,2.8216605186462402
TRAIN,sfbg4630,57,14,15,20,1,0,1,-7.84375,0.0003920417802873999,,,,,0.0,0.0,2.8216605186462402
TRAIN,sfbg4630,57,15,16,20,1,0,1,-7.625,0.000487857119878754,,,,,0.0,0.0,2.8216605186462402
TRAIN,sfbg4630,57,16,17,20,1,0,1,-8.1875,0.0002780309587251395,,,,,0.0,0.0,2.8216605186462402
TRAIN,sfbg4630,57,17,18,20,1,0,1,-9.375,8.481103577651083e-05,,,,,0.0,0.0,2.8216605186462402
TRAIN,sfbg4630,57,18,19,20,1,0,1,-9.6875,6.205049430718645e-05,,,,,0.0,0.0,2.8216605186462402
TRAIN,sfbg4630,57,19,20,20,1,0,1,-8.875,0.00013982206291984767,,,,,0.0,0.0,2.8216605186462402
TRAIN,sfbg4630,58,0,1,20,1,0,1,-8.0625,0.0003150386910419911,,,,,0.0,0.0,2.8216605186462402
TRAIN,sfbg4630,58,1,2,20,1,0,1,-8.1875,0.0002780309587251395,,,,,0.0,0.0,2.8216605186462402
TRAIN,sfbg4630,58,2,3,20,1,0,1,-8.5625,0.000191104321856983,,,,,0.0,0.0,2.8216605186462402
TRAIN,sfbg4630,58,3,4,20,1,0,1,-8.3125,0.00024536947603337467,,,,,0.0,0.0,2.8216605186462402
TRAIN,sfbg4630,58,4,5,20,1,0,1,-8.625,0.00017952796770259738,,,,,0.0,0.0,2.8216605186462402
TRAIN,sfbg4630,58,5,6,20,1,0,1,-7.96875,0.00034599160426296294,,,,,0.0,0.0,2.8216605186462402
TRAIN,sfbg4630,58,6,7,20,1,0,1,-8.75,0.00015843621804378927,,,,,0.0,0.0,2.8216605186462402
TRAIN,sfbg4630,58,7,8,20,1,0,1,-8.625,0.00017952796770259738,,,,,0.0,0.0,2.8216605186462402
TRAIN,sfbg4630,58,8,9,20,1,0,1,-8.625,0.00017952796770259738,,,,,0.0,0.0,2.8216605186462402
TRAIN,sfbg4630,58,9,10,20,1,0,1,-9.1875,0.00010229986219201237,,,,,0.0,0.0,2.8216605186462402
TRAIN,sfbg4630,58,10,11,20,1,0,1,-9.75,5.829126530443318e-05,,,,,0.0,0.0,2.8216605186462402
TRAIN,sfbg4630,58,11,12,20,1,0,1,-6.0625,0.002323162741959095,,,,,0.0,0.0,2.8216605186462402
TRAIN,sfbg4630,58,12,13,20,1,0,1,-7.25,0.0007096704212017357,,,,,0.0,0.0,2.8216605186462402
TRAIN,sfbg4630,58,13,14,20,1,0,1,-8.5,0.00020342698553577065,,,,,0.0,0.0,2.8216605186462402
TRAIN,sfbg4630,58,14,15,20,1,0,1,-8.125,0.0002959570847451687,,,,,0.0,0.0,2.8216605186462402
TRAIN,sfbg4630,58,15,16,20,1,0,1,-8.0625,0.0003150386910419911,,,,,0.0,0.0,2.8216605186462402
TRAIN,sfbg4630,58,16,17,20,1,0,1,-8.25,0.0002611903182696551,,,,,0.0,0.0,2.8216605186462402
TRAIN,sfbg4630,58,17,18,20,1,0,1,-9.0625,0.00011591933434829116,,,,,0.0,0.0,2.8216605186462402
TRAIN,sfbg4630,58,18,19,20,1,0,1,-9.9375,4.832564081880264e-05,,,,,0.0,0.0,2.8216605186462402
TRAIN,sfbg4630,58,19,20,20,1,0,1,-8.9375,0.00013135180051904172,,,,,0.0,0.0,2.8216605186462402
TRAIN,sfbg4630,59,0,1,20,1,0,1,-6.6875,0.0012448433553799987,,,,,0.0,0.0,2.8216605186462402
TRAIN,sfbg4630,59,1,2,20,1,0,1,-7.21875,0.0007321811863221228,,,,,0.0,0.0,2.8216605186462402
TRAIN,sfbg4630,59,2,3,20,1,0,1,-7.9375,0.0003569706459529698,,,,,0.0,0.0,2.8216605186462402
TRAIN,sfbg4630,59,3,4,20,1,0,1,-7.71875,0.0004442183708306402,,,,,0.0,0.0,2.8216605186462402
TRAIN,sfbg4630,59,4,5,20,1,0,1,-8.125,0.0002959570847451687,,,,,0.0,0.0,2.8216605186462402
TRAIN,sfbg4630,59,5,6,20,1,0,1,-8.1875,0.0002780309587251395,,,,,0.0,0.0,2.8216605186462402
TRAIN,sfbg4630,59,6,7,20,1,0,1,-8.8125,0.00014883848780300468,,,,,0.0,0.0,2.8216605186462402
TRAIN,sfbg4630,59,7,8,20,1,0,1,-8.3125,0.00024536947603337467,,,,,0.0,0.0,2.8216605186462402
TRAIN,sfbg4630,59,8,9,20,1,0,1,-8.375,0.00023050670279189944,,,,,0.0,0.0,2.8216605186462402
TRAIN,sfbg4630,59,9,10,20,1,0,1,-9.0,0.00012339458044152707,,,,,0.0,0.0,2.8216605186462402
TRAIN,sfbg4630,59,10,11,20,1,0,1,-9.25,9.610241977497935e-05,,,,,0.0,0.0,2.8216605186462402
TRAIN,sfbg4630,59,11,12,20,1,0,1,-6.1875,0.0020507434383034706,,,,,0.0,0.0,2.8216605186462402
TRAIN,sfbg4630,59,12,13,20,1,0,1,-7.09375,0.0008295892039313912,,,,,0.0,0.0,2.8216605186462402
TRAIN,sfbg4630,59,13,14,20,1,0,1,-8.0625,0.0003150386910419911,,,,,0.0,0.0,2.8216605186462402
TRAIN,sfbg4630,59,14,15,20,1,0,1,-7.875,0.0003799845289904624,,,,,0.0,0.0,2.8216605186462402
TRAIN,sfbg4630,59,15,16,20,1,0,1,-7.90625,0.00036829791497439146,,,,,0.0,0.0,2.8216605186462402
TRAIN,sfbg4630,59,16,17,20,1,0,1,-8.3125,0.00024536947603337467,,,,,0.0,0.0,2.8216605186462402
TRAIN,sfbg4630,59,17,18,20,1,0,1,-9.0,0.00012339458044152707,,,,,0.0,0.0,2.8216605186462402
TRAIN,sfbg4630,59,18,19,20,1,0,1,-9.8125,5.475977377500385e-05,,,,,0.0,0.0,2.8216605186462402
TRAIN,sfbg4630,59,19,20,20,1,0,1,-8.8125,0.00014883848780300468,,,,,0.0,0.0,2.8216605186462402
TRAIN,sfbg4630,60,0,1,20,1,0,1,-7.25,0.0007096704212017357,,,,,0.0,0.0,2.8216605186462402
TRAIN,sfbg4630,60,1,2,20,1,0,1,-7.5,0.000552778656128794,,,,,0.0,0.0,2.8216605186462402
TRAIN,sfbg4630,60,2,3,20,1,0,1,-8.25,0.0002611903182696551,,,,,0.0,0.0,2.8216605186462402
TRAIN,sfbg4630,60,3,4,20,1,0,1,-7.90625,0.00036829791497439146,,,,,0.0,0.0,2.8216605186462402
TRAIN,sfbg4630,60,4,5,20,1,0,1,-8.375,0.00023050670279189944,,,,,0.0,0.0,2.8216605186462402
TRAIN,sfbg4630,60,5,6,20,1,0,1,-8.125,0.0002959570847451687,,,,,0.0,0.0,2.8216605186462402
TRAIN,sfbg4630,60,6,7,20,1,0,1,-8.5625,0.000191104321856983,,,,,0.0,0.0,2.8216605186462402
TRAIN,sfbg4630,60,7,8,20,1,0,1,-8.25,0.0002611903182696551,,,,,0.0,0.0,2.8216605186462402
TRAIN,sfbg4630,60,8,9,20,1,0,1,-8.0,0.00033535013790242374,,,,,0.0,0.0,2.8216605186462402
TRAIN,sfbg4630,60,9,10,20,1,0,1,-8.875,0.00013982206291984767,,,,,0.0,0.0,2.8216605186462402
TRAIN,sfbg4630,60,10,11,20,1,0,1,-8.6875,0.0001686527393758297,,,,,0.0,0.0,2.8216605186462402
TRAIN,sfbg4630,60,11,12,20,1,0,1,-7.15625,0.0007793660624884069,,,,,0.0,0.0,2.8216605186462402
TRAIN,sfbg4630,60,12,13,20,1,0,1,-6.71875,0.0012065897462889552,,,,,0.0,0.0,2.8216605186462402
TRAIN,sfbg4630,60,13,14,20,1,0,1,-8.0625,0.0003150386910419911,,,,,0.0,0.0,2.8216605186462402
TRAIN,sfbg4630,60,14,15,20,1,0,1,-7.6875,0.000458312890259549,,,,,0.0,0.0,2.8216605186462402
TRAIN,sfbg4630,60,15,16,20,1,0,1,-7.75,0.00043055712012574077,,,,,0.0,0.0,2.8216605186462402
TRAIN,sfbg4630,60,16,17,20,1,0,1,-8.3125,0.00024536947603337467,,,,,0.0,0.0,2.8216605186462402
TRAIN,sfbg4630,60,17,18,20,1,0,1,-9.1875,0.00010229986219201237,,,,,0.0,0.0,2.8216605186462402
TRAIN,sfbg4630,60,18,19,20,1,0,1,-9.9375,4.832564081880264e-05,,,,,0.0,0.0,2.8216605186462402
TRAIN,sfbg4630,60,19,20,20,1,0,1,-9.0,0.00012339458044152707,,,,,0.0,0.0,2.8216605186462402
TRAIN,sfbg4630,61,0,1,20,1,0,1,-7.375,0.000626334105618298,,,,,0.0,0.0,2.8216605186462402
TRAIN,sfbg4630,61,1,2,20,1,0,1,-7.40625,0.0006070755189284682,,,,,0.0,0.0,2.8216605186462402
TRAIN,sfbg4630,61,2,3,20,1,0,1,-8.625,0.00017952796770259738,,,,,0.0,0.0,2.8216605186462402
TRAIN,sfbg4630,61,3,4,20,1,0,1,-8.1875,0.0002780309587251395,,,,,0.0,0.0,2.8216605186462402
TRAIN,sfbg4630,61,4,5,20,1,0,1,-8.4375,0.00021654405281879008,,,,,0.0,0.0,2.8216605186462402
TRAIN,sfbg4630,61,5,6,20,1,0,1,-8.1875,0.0002780309587251395,,,,,0.0,0.0,2.8216605186462402
TRAIN,sfbg4630,61,6,7,20,1,0,1,-8.5,0.00020342698553577065,,,,,0.0,0.0,2.8216605186462402
TRAIN,sfbg4630,61,7,8,20,1,0,1,-8.25,0.0002611903182696551,,,,,0.0,0.0,2.8216605186462402
TRAIN,sfbg4630,61,8,9,20,1,0,1,-7.9375,0.0003569706459529698,,,,,0.0,0.0,2.8216605186462402
TRAIN,sfbg4630,61,9,10,20,1,0,1,-8.6875,0.0001686527393758297,,,,,0.0,0.0,2.8216605186462402
TRAIN,sfbg4630,61,10,11,20,1,0,1,-8.75,0.00015843621804378927,,,,,0.0,0.0,2.8216605186462402
TRAIN,sfbg4630,61,11,12,20,1,0,1,-7.78125,0.00041731575038284063,,,,,0.0,0.0,2.8216605186462402
TRAIN,sfbg4630,61,12,13,20,1,0,1,-7.28125,0.0006878511630930007,,,,,0.0,0.0,2.8216605186462402
TRAIN,sfbg4630,61,13,14,20,1,0,1,-8.25,0.0002611903182696551,,,,,0.0,0.0,2.8216605186462402
TRAIN,sfbg4630,61,14,15,20,1,0,1,-8.0,0.00033535013790242374,,,,,0.0,0.0,2.8216605186462402
TRAIN,sfbg4630,61,15,16,20,1,0,1,-7.8125,0.0004044814850203693,,,,,0.0,0.0,2.8216605186462402
TRAIN,sfbg4630,61,16,17,20,1,0,1,-8.1875,0.0002780309587251395,,,,,0.0,0.0,2.8216605186462402
TRAIN,sfbg4630,61,17,18,20,1,0,1,-9.0625,0.00011591933434829116,,,,,0.0,0.0,2.8216605186462402
TRAIN,sfbg4630,61,18,19,20,1,0,1,-9.75,5.829126530443318e-05,,,,,0.0,0.0,2.8216605186462402
TRAIN,sfbg4630,61,19,20,20,1,0,1,-8.625,0.00017952796770259738,,,,,0.0,0.0,2.8216605186462402
TRAIN,sfbg4630,62,0,1,20,1,0,1,-7.90625,0.00036829791497439146,,,,,0.0,0.0,2.8216605186462402
TRAIN,sfbg4630,62,1,2,20,1,0,1,-8.0625,0.0003150386910419911,,,,,0.0,0.0,2.8216605186462402
TRAIN,sfbg4630,62,2,3,20,1,0,1,-8.875,0.00013982206291984767,,,,,0.0,0.0,2.8216605186462402
TRAIN,sfbg4630,62,3,4,20,1,0,1,-8.3125,0.00024536947603337467,,,,,0.0,0.0,2.8216605186462402
TRAIN,sfbg4630,62,4,5,20,1,0,1,-8.4375,0.00021654405281879008,,,,,0.0,0.0,2.8216605186462402
TRAIN,sfbg4630,62,5,6,20,1,0,1,-8.1875,0.0002780309587251395,,,,,0.0,0.0,2.8216605186462402
TRAIN,sfbg4630,62,6,7,20,1,0,1,-8.375,0.00023050670279189944,,,,,0.0,0.0,2.8216605186462402
TRAIN,sfbg4630,62,7,8,20,1,0,1,-8.1875,0.0002780309587251395,,,,,0.0,0.0,2.8216605186462402
TRAIN,sfbg4630,62,8,9,20,1,0,1,-8.0,0.00033535013790242374,,,,,0.0,0.0,2.8216605186462402
TRAIN,sfbg4630,62,9,10,20,1,0,1,-8.375,0.00023050670279189944,,,,,0.0,0.0,2.8216605186462402
TRAIN,sfbg4630,62,10,11,20,1,0,1,-8.375,0.00023050670279189944,,,,,0.0,0.0,2.8216605186462402
TRAIN,sfbg4630,62,11,12,20,1,0,1,-7.5,0.000552778656128794,,,,,0.0,0.0,2.8216605186462402
TRAIN,sfbg4630,62,12,13,20,1,0,1,-7.15625,0.0007793660624884069,,,,,0.0,0.0,2.8216605186462402
TRAIN,sfbg4630,62,13,14,20,1,0,1,-7.90625,0.00036829791497439146,,,,,0.0,0.0,2.8216605186462402
TRAIN,sfbg4630,62,14,15,20,1,0,1,-7.875,0.0003799845289904624,,,,,0.0,0.0,2.8216605186462402
TRAIN,sfbg4630,62,15,16,20,1,0,1,-7.5625,0.0005193048855289817,,,,,0.0,0.0,2.8216605186462402
TRAIN,sfbg4630,62,16,17,20,1,0,1,-8.0625,0.0003150386910419911,,,,,0.0,0.0,2.8216605186462402
TRAIN,sfbg4630,62,17,18,20,1,0,1,-8.625,0.00017952796770259738,,,,,0.0,0.0,2.8216605186462402
TRAIN,sfbg4630,62,18,19,20,1,0,1,-9.1875,0.00010229986219201237,,,,,0.0,0.0,2.8216605186462402
TRAIN,sfbg4630,62,19,20,20,1,0,1,-7.90625,0.00036829791497439146,,,,,0.0,0.0,2.8216605186462402
TRAIN,sfbg4630,63,0,1,20,1,0,1,-7.5,0.000552778656128794,,,,,0.0,0.0,2.8216605186462402
TRAIN,sfbg4630,63,1,2,20,1,0,1,-7.65625,0.0004728544445242733,,,,,0.0,0.0,2.8216605186462402
TRAIN,sfbg4630,63,2,3,20,1,0,1,-8.75,0.00015843621804378927,,,,,0.0,0.0,2.8216605186462402
TRAIN,sfbg4630,63,3,4,20,1,0,1,-8.3125,0.00024536947603337467,,,,,0.0,0.0,2.8216605186462402
TRAIN,sfbg4630,63,4,5,20,1,0,1,-8.625,0.00017952796770259738,,,,,0.0,0.0,2.8216605186462402
TRAIN,sfbg4630,63,5,6,20,1,0,1,-8.4375,0.00021654405281879008,,,,,0.0,0.0,2.8216605186462402
TRAIN,sfbg4630,63,6,7,20,1,0,1,-8.5625,0.000191104321856983,,,,,0.0,0.0,2.8216605186462402
TRAIN,sfbg4630,63,7,8,20,1,0,1,-8.3125,0.00024536947603337467,,,,,0.0,0.0,2.8216605186462402
TRAIN,sfbg4630,63,8,9,20,1,0,1,-8.125,0.0002959570847451687,,,,,0.0,0.0,2.8216605186462402
TRAIN,sfbg4630,63,9,10,20,1,0,1,-8.5625,0.000191104321856983,,,,,0.0,0.0,2.8216605186462402
TRAIN,sfbg4630,63,10,11,20,1,0,1,-8.875,0.00013982206291984767,,,,,0.0,0.0,2.8216605186462402
TRAIN,sfbg4630,63,11,12,20,1,0,1,-7.375,0.000626334105618298,,,,,0.0,0.0,2.8216605186462402
TRAIN,sfbg4630,63,12,13,20,1,0,1,-7.5,0.000552778656128794,,,,,0.0,0.0,2.8216605186462402
TRAIN,sfbg4630,63,13,14,20,1,0,1,-8.25,0.0002611903182696551,,,,,0.0,0.0,2.8216605186462402
TRAIN,sfbg4630,63,14,15,20,1,0,1,-8.125,0.0002959570847451687,,,,,0.0,0.0,2.8216605186462402
TRAIN,sfbg4630,63,15,16,20,1,0,1,-7.84375,0.0003920417802873999,,,,,0.0,0.0,2.8216605186462402
TRAIN,sfbg4630,63,16,17,20,1,0,1,-8.3125,0.00024536947603337467,,,,,0.0,0.0,2.8216605186462402
TRAIN,sfbg4630,63,17,18,20,1,0,1,-9.25,9.610241977497935e-05,,,,,0.0,0.0,2.8216605186462402
TRAIN,sfbg4630,63,18,19,20,1,0,1,-9.4375,7.9673009167891e-05,,,,,0.0,0.0,2.8216605186462402
TRAIN,sfbg4630,63,19,20,20,1,0,1,-8.3125,0.00024536947603337467,,,,,0.0,0.0,2.8216605186462402
TRAIN,sfbg4630,64,0,1,20,1,0,1,-7.5,0.000552778656128794,,,,,0.0,0.0,2.8216605186462402
TRAIN,sfbg4630,64,1,2,20,1,0,1,-7.8125,0.0004044814850203693,,,,,0.0,0.0,2.8216605186462402
TRAIN,sfbg4630,64,2,3,20,1,0,1,-8.875,0.00013982206291984767,,,,,0.0,0.0,2.8216605186462402
TRAIN,sfbg4630,64,3,4,20,1,0,1,-8.5625,0.000191104321856983,,,,,0.0,0.0,2.8216605186462402
TRAIN,sfbg4630,64,4,5,20,1,0,1,-8.75,0.00015843621804378927,,,,,0.0,0.0,2.8216605186462402
TRAIN,sfbg4630,64,5,6,20,1,0,1,-8.375,0.00023050670279189944,,,,,0.0,0.0,2.8216605186462402
TRAIN,sfbg4630,64,6,7,20,1,0,1,-8.625,0.00017952796770259738,,,,,0.0,0.0,2.8216605186462402
TRAIN,sfbg4630,64,7,8,20,1,0,1,-8.4375,0.00021654405281879008,,,,,0.0,0.0,2.8216605186462402
TRAIN,sfbg4630,64,8,9,20,1,0,1,-8.4375,0.00021654405281879008,,,,,0.0,0.0,2.8216605186462402
TRAIN,sfbg4630,64,9,10,20,1,0,1,-8.5625,0.000191104321856983,,,,,0.0,0.0,2.8216605186462402
TRAIN,sfbg4630,64,10,11,20,1,0,1,-8.875,0.00013982206291984767,,,,,0.0,0.0,2.8216605186462402
TRAIN,sfbg4630,64,11,12,20,1,0,1,-8.0,0.00033535013790242374,,,,,0.0,0.0,2.8216605186462402
TRAIN,sfbg4630,64,12,13,20,1,0,1,-7.375,0.000626334105618298,,,,,0.0,0.0,2.8216605186462402
TRAIN,sfbg4630,64,13,14,20,1,0,1,-8.4375,0.00021654405281879008,,,,,0.0,0.0,2.8216605186462402
TRAIN,sfbg4630,64,14,15,20,1,0,1,-8.0625,0.0003150386910419911,,,,,0.0,0.0,2.8216605186462402
TRAIN,sfbg4630,64,15,16,20,1,0,1,-7.84375,0.0003920417802873999,,,,,0.0,0.0,2.8216605186462402
TRAIN,sfbg4630,64,16,17,20,1,0,1,-8.3125,0.00024536947603337467,,,,,0.0,0.0,2.8216605186462402
TRAIN,sfbg4630,64,17,18,20,1,0,1,-9.3125,9.028038039105013e-05,,,,,0.0,0.0,2.8216605186462402
TRAIN,sfbg4630,64,18,19,20,1,0,1,-9.6875,6.205049430718645e-05,,,,,0.0,0.0,2.8216605186462402
TRAIN,sfbg4630,64,19,20,20,1,0,1,-8.75,0.00015843621804378927,,,,,0.0,0.0,2.8216605186462402
TRAIN,sfbg4630,65,0,1,20,1,0,1,-6.4375,0.001597845577634871,,,,,0.0,0.0,2.8216605186462402
TRAIN,sfbg4630,65,1,2,20,1,0,1,-6.8125,0.001098731067031622,,,,,0.0,0.0,2.8216605186462402
TRAIN,sfbg4630,65,2,3,20,1,0,1,-8.125,0.0002959570847451687,,,,,0.0,0.0,2.8216605186462402
TRAIN,sfbg4630,65,3,4,20,1,0,1,-7.75,0.00043055712012574077,,,,,0.0,0.0,2.8216605186462402
TRAIN,sfbg4630,65,4,5,20,1,0,1,-7.625,0.000487857119878754,,,,,0.0,0.0,2.8216605186462402
TRAIN,sfbg4630,65,5,6,20,1,0,1,-7.375,0.000626334105618298,,,,,0.0,0.0,2.8216605186462402
TRAIN,sfbg4630,65,6,7,20,1,0,1,-8.0625,0.0003150386910419911,,,,,0.0,0.0,2.8216605186462402
TRAIN,sfbg4630,65,7,8,20,1,0,1,-8.0,0.00033535013790242374,,,,,0.0,0.0,2.8216605186462402
TRAIN,sfbg4630,65,8,9,20,1,0,1,-8.125,0.0002959570847451687,,,,,0.0,0.0,2.8216605186462402
TRAIN,sfbg4630,65,9,10,20,1,0,1,-8.4375,0.00021654405281879008,,,,,0.0,0.0,2.8216605186462402
TRAIN,sfbg4630,65,10,11,20,1,0,1,-8.9375,0.00013135180051904172,,,,,0.0,0.0,2.8216605186462402
TRAIN,sfbg4630,65,11,12,20,1,0,1,-6.5625,0.0014103584690019488,,,,,0.0,0.0,2.8216605186462402
TRAIN,sfbg4630,65,12,13,20,1,0,1,-5.8125,0.0029810327105224133,,,,,0.0,0.0,2.8216605186462402
TRAIN,sfbg4630,65,13,14,20,1,0,1,-7.8125,0.0004044814850203693,,,,,0.0,0.0,2.8216605186462402
TRAIN,sfbg4630,65,14,15,20,1,0,1,-7.25,0.0007096704212017357,,,,,0.0,0.0,2.8216605186462402
TRAIN,sfbg4630,65,15,16,20,1,0,1,-7.0,0.0009110511746257544,,,,,0.0,0.0,2.8216605186462402
TRAIN,sfbg4630,65,16,17,20,1,0,1,-7.84375,0.0003920417802873999,,,,,0.0,0.0,2.8216605186462402
TRAIN,sfbg4630,65,17,18,20,1,0,1,-8.8125,0.00014883848780300468,,,,,0.0,0.0,2.8216605186462402
TRAIN,sfbg4630,65,18,19,20,1,0,1,-9.1875,0.00010229986219201237,,,,,0.0,0.0,2.8216605186462402
TRAIN,sfbg4630,65,19,20,20,1,0,1,-8.1875,0.0002780309587251395,,,,,0.0,0.0,2.8216605186462402
TRAIN,sfbg4630,66,0,1,20,1,0,1,-6.1875,0.0020507434383034706,,,,,0.0,0.0,2.8216605186462402
TRAIN,sfbg4630,66,1,2,20,1,0,1,-6.96875,0.0009399438858963549,,,,,0.0,0.0,2.8216605186462402
TRAIN,sfbg4630,66,2,3,20,1,0,1,-8.5,0.00020342698553577065,,,,,0.0,0.0,2.8216605186462402
TRAIN,sfbg4630,66,3,4,20,1,0,1,-7.84375,0.0003920417802873999,,,,,0.0,0.0,2.8216605186462402
TRAIN,sfbg4630,66,4,5,20,1,0,1,-7.78125,0.00041731575038284063,,,,,0.0,0.0,2.8216605186462402
TRAIN,sfbg4630,66,5,6,20,1,0,1,-7.625,0.000487857119878754,,,,,0.0,0.0,2.8216605186462402
TRAIN,sfbg4630,66,6,7,20,1,0,1,-8.375,0.00023050670279189944,,,,,0.0,0.0,2.8216605186462402
TRAIN,sfbg4630,66,7,8,20,1,0,1,-8.375,0.00023050670279189944,,,,,0.0,0.0,2.8216605186462402
TRAIN,sfbg4630,66,8,9,20,1,0,1,-8.4375,0.00021654405281879008,,,,,0.0,0.0,2.8216605186462402
TRAIN,sfbg4630,66,9,10,20,1,0,1,-8.875,0.00013982206291984767,,,,,0.0,0.0,2.8216605186462402
TRAIN,sfbg4630,66,10,11,20,1,0,1,-9.5625,7.031184941297397e-05,,,,,0.0,0.0,2.8216605186462402
TRAIN,sfbg4630,66,11,12,20,1,0,1,-6.75,0.0011695103021338582,,,,,0.0,0.0,2.8216605186462402
TRAIN,sfbg4630,66,12,13,20,1,0,1,-6.1875,0.0020507434383034706,,,,,0.0,0.0,2.8216605186462402
TRAIN,sfbg4630,66,13,14,20,1,0,1,-7.90625,0.00036829791497439146,,,,,0.0,0.0,2.8216605186462402
TRAIN,sfbg4630,66,14,15,20,1,0,1,-7.25,0.0007096704212017357,,,,,0.0,0.0,2.8216605186462402
TRAIN,sfbg4630,66,15,16,20,1,0,1,-7.25,0.0007096704212017357,,,,,0.0,0.0,2.8216605186462402
TRAIN,sfbg4630,66,16,17,20,1,0,1,-7.78125,0.00041731575038284063,,,,,0.0,0.0,2.8216605186462402
TRAIN,sfbg4630,66,17,18,20,1,0,1,-9.0625,0.00011591933434829116,,,,,0.0,0.0,2.8216605186462402
TRAIN,sfbg4630,66,18,19,20,1,0,1,-9.5625,7.031184941297397e-05,,,,,0.0,0.0,2.8216605186462402
TRAIN,sfbg4630,66,19,20,20,1,0,1,-8.3125,0.00024536947603337467,,,,,0.0,0.0,2.8216605186462402
TRAIN,sfbg4630,67,0,1,20,1,0,1,-6.125,0.002182716503739357,,,,,0.0,0.0,2.8216605186462402
TRAIN,sfbg4630,67,1,2,20,1,0,1,-5.75,0.003172682598233223,,,,,0.0,0.0,2.8216605186462402
TRAIN,sfbg4630,67,2,3,20,1,0,1,-8.125,0.0002959570847451687,,,,,0.0,0.0,2.8216605186462402
TRAIN,sfbg4630,67,3,4,20,1,0,1,-7.3125,0.0006667023408226669,,,,,0.0,0.0,2.8216605186462402
TRAIN,sfbg4630,67,4,5,20,1,0,1,-7.96875,0.00034599160426296294,,,,,0.0,0.0,2.8216605186462402
TRAIN,sfbg4630,67,5,6,20,1,0,1,-7.40625,0.0006070755189284682,,,,,0.0,0.0,2.8216605186462402
TRAIN,sfbg4630,67,6,7,20,1,0,1,-8.0625,0.0003150386910419911,,,,,0.0,0.0,2.8216605186462402
TRAIN,sfbg4630,67,7,8,20,1,0,1,-8.0625,0.0003150386910419911,,,,,0.0,0.0,2.8216605186462402
TRAIN,sfbg4630,67,8,9,20,1,0,1,-8.3125,0.00024536947603337467,,,,,0.0,0.0,2.8216605186462402
TRAIN,sfbg4630,67,9,10,20,1,0,1,-8.5,0.00020342698553577065,,,,,0.0,0.0,2.8216605186462402
TRAIN,sfbg4630,67,10,11,20,1,0,1,-9.3125,9.028038039105013e-05,,,,,0.0,0.0,2.8216605186462402
TRAIN,sfbg4630,67,11,12,20,1,0,1,-6.96875,0.0009399438858963549,,,,,0.0,0.0,2.8216605186462402
TRAIN,sfbg4630,67,12,13,20,1,0,1,-6.28125,0.0018675660248845816,,,,,0.0,0.0,2.8216605186462402
TRAIN,sfbg4630,67,13,14,20,1,0,1,-7.875,0.0003799845289904624,,,,,0.0,0.0,2.8216605186462402
TRAIN,sfbg4630,67,14,15,20,1,0,1,-7.21875,0.0007321811863221228,,,,,0.0,0.0,2.8216605186462402
TRAIN,sfbg4630,67,15,16,20,1,0,1,-7.3125,0.0006667023408226669,,,,,0.0,0.0,2.8216605186462402
TRAIN,sfbg4630,67,16,17,20,1,0,1,-8.3125,0.00024536947603337467,,,,,0.0,0.0,2.8216605186462402
TRAIN,sfbg4630,67,17,18,20,1,0,1,-8.8125,0.00014883848780300468,,,,,0.0,0.0,2.8216605186462402
TRAIN,sfbg4630,67,18,19,20,1,0,1,-9.6875,6.205049430718645e-05,,,,,0.0,0.0,2.8216605186462402
TRAIN,sfbg4630,67,19,20,20,1,0,1,-8.6875,0.0001686527393758297,,,,,0.0,0.0,2.8216605186462402
TRAIN,sfbg4630,68,0,1,20,1,0,1,-5.125,0.0059110685251653194,,,,,0.0,0.0,2.8216605186462402
TRAIN,sfbg4630,68,1,2,20,1,0,1,-5.34375,0.004755199886858463,,,,,0.0,0.0,2.8216605186462402
TRAIN,sfbg4630,68,2,3,20,1,0,1,-7.34375,0.0006462032906711102,,,,,0.0,0.0,2.8216605186462402
TRAIN,sfbg4630,68,3,4,20,1,0,1,-6.8125,0.001098731067031622,,,,,0.0,0.0,2.8216605186462402
TRAIN,sfbg4630,68,4,5,20,1,0,1,-7.34375,0.0006462032906711102,,,,,0.0,0.0,2.8216605186462402
TRAIN,sfbg4630,68,5,6,20,1,0,1,-7.1875,0.0007554056355729699,,,,,0.0,0.0,2.8216605186462402
TRAIN,sfbg4630,68,6,7,20,1,0,1,-7.90625,0.00036829791497439146,,,,,0.0,0.0,2.8216605186462402
TRAIN,sfbg4630,68,7,8,20,1,0,1,-7.71875,0.0004442183708306402,,,,,0.0,0.0,2.8216605186462402
TRAIN,sfbg4630,68,8,9,20,1,0,1,-7.875,0.0003799845289904624,,,,,0.0,0.0,2.8216605186462402
TRAIN,sfbg4630,68,9,10,20,1,0,1,-8.625,0.00017952796770259738,,,,,0.0,0.0,2.8216605186462402
TRAIN,sfbg4630,68,10,11,20,1,0,1,-9.4375,7.9673009167891e-05,,,,,0.0,0.0,2.8216605186462402
TRAIN,sfbg4630,68,11,12,20,1,0,1,-6.46875,0.0015487611526623368,,,,,0.0,0.0,2.8216605186462402
TRAIN,sfbg4630,68,12,13,20,1,0,1,-6.125,0.002182716503739357,,,,,0.0,0.0,2.8216605186462402
TRAIN,sfbg4630,68,13,14,20,1,0,1,-8.0625,0.0003150386910419911,,,,,0.0,0.0,2.8216605186462402
TRAIN,sfbg4630,68,14,15,20,1,0,1,-7.3125,0.0006667023408226669,,,,,0.0,0.0,2.8216605186462402
TRAIN,sfbg4630,68,15,16,20,1,0,1,-7.46875,0.000570315751247108,,,,,0.0,0.0,2.8216605186462402
TRAIN,sfbg4630,68,16,17,20,1,0,1,-8.6875,0.0001686527393758297,,,,,0.0,0.0,2.8216605186462402
TRAIN,sfbg4630,68,17,18,20,1,0,1,-9.25,9.610241977497935e-05,,,,,0.0,0.0,2.8216605186462402
TRAIN,sfbg4630,68,18,19,20,1,0,1,-9.6875,6.205049430718645e-05,,,,,0.0,0.0,2.8216605186462402
TRAIN,sfbg4630,68,19,20,20,1,0,1,-8.4375,0.00021654405281879008,,,,,0.0,0.0,2.8216605186462402
TRAIN,sfbg4630,69,0,1,20,1,0,1,-5.3125,0.004905405919998884,,,,,0.0,0.0,2.8216605186462402
TRAIN,sfbg4630,69,1,2,20,1,0,1,-5.71875,0.003273064736276865,,,,,0.0,0.0,2.8216605186462402
TRAIN,sfbg4630,69,2,3,20,1,0,1,-7.75,0.00043055712012574077,,,,,0.0,0.0,2.8216605186462402
TRAIN,sfbg4630,69,3,4,20,1,0,1,-7.3125,0.0006667023408226669,,,,,0.0,0.0,2.8216605186462402
TRAIN,sfbg4630,69,4,5,20,1,0,1,-7.65625,0.0004728544445242733,,,,,0.0,0.0,2.8216605186462402
TRAIN,sfbg4630,69,5,6,20,1,0,1,-7.25,0.0007096704212017357,,,,,0.0,0.0,2.8216605186462402
TRAIN,sfbg4630,69,6,7,20,1,0,1,-8.0625,0.0003150386910419911,,,,,0.0,0.0,2.8216605186462402
TRAIN,sfbg4630,69,7,8,20,1,0,1,-7.9375,0.0003569706459529698,,,,,0.0,0.0,2.8216605186462402
TRAIN,sfbg4630,69,8,9,20,1,0,1,-7.90625,0.00036829791497439146,,,,,0.0,0.0,2.8216605186462402
TRAIN,sfbg4630,69,9,10,20,1,0,1,-8.625,0.00017952796770259738,,,,,0.0,0.0,2.8216605186462402
TRAIN,sfbg4630,69,10,11,20,1,0,1,-9.4375,7.9673009167891e-05,,,,,0.0,0.0,2.8216605186462402
TRAIN,sfbg4630,69,11,12,20,1,0,1,-6.6875,0.0012448433553799987,,,,,0.0,0.0,2.8216605186462402
TRAIN,sfbg4630,69,12,13,20,1,0,1,-5.625,0.0035936026833951473,,,,,0.0,0.0,2.8216605186462402
TRAIN,sfbg4630,69,13,14,20,1,0,1,-7.875,0.0003799845289904624,,,,,0.0,0.0,2.8216605186462402
TRAIN,sfbg4630,69,14,15,20,1,0,1,-7.28125,0.0006878511630930007,,,,,0.0,0.0,2.8216605186462402
TRAIN,sfbg4630,69,15,16,20,1,0,1,-7.53125,0.0005357805639505386,,,,,0.0,0.0,2.8216605186462402
TRAIN,sfbg4630,69,16,17,20,1,0,1,-8.5,0.00020342698553577065,,,,,0.0,0.0,2.8216605186462402
TRAIN,sfbg4630,69,17,18,20,1,0,1,-8.875,0.00013982206291984767,,,,,0.0,0.0,2.8216605186462402
TRAIN,sfbg4630,69,18,19,20,1,0,1,-9.1875,0.00010229986219201237,,,,,0.0,0.0,2.8216605186462402
TRAIN,sfbg4630,69,19,20,20,1,0,1,-8.75,0.00015843621804378927,,,,,0.0,0.0,2.8216605186462402
TRAIN,sfbg4630,70,0,1,20,1,0,1,-4.25,0.014063628390431404,,,,,0.0,0.0,2.8216605186462402
TRAIN,sfbg4630,70,1,2,20,1,0,1,-4.875,0.007577241398394108,,,,,0.0,0.0,2.8216605186462402
TRAIN,sfbg4630,70,2,3,20,1,0,1,-7.125,0.0008040859247557819,,,,,0.0,0.0,2.8216605186462402
TRAIN,sfbg4630,70,3,4,20,1,0,1,-6.46875,0.0015487611526623368,,,,,0.0,0.0,2.8216605186462402
TRAIN,sfbg4630,70,4,5,20,1,0,1,-7.125,0.0008040859247557819,,,,,0.0,0.0,2.8216605186462402
TRAIN,sfbg4630,70,5,6,20,1,0,1,-7.1875,0.0007554056355729699,,,,,0.0,0.0,2.8216605186462402
TRAIN,sfbg4630,70,6,7,20,1,0,1,-7.75,0.00043055712012574077,,,,,0.0,0.0,2.8216605186462402
TRAIN,sfbg4630,70,7,8,20,1,0,1,-7.625,0.000487857119878754,,,,,0.0,0.0,2.8216605186462402
TRAIN,sfbg4630,70,8,9,20,1,0,1,-7.5,0.000552778656128794,,,,,0.0,0.0,2.8216605186462402
TRAIN,sfbg4630,70,9,10,20,1,0,1,-8.6875,0.0001686527393758297,,,,,0.0,0.0,2.8216605186462402
TRAIN,sfbg4630,70,10,11,20,1,0,1,-9.0,0.00012339458044152707,,,,,0.0,0.0,2.8216605186462402
TRAIN,sfbg4630,70,11,12,20,1,0,1,-6.28125,0.0018675660248845816,,,,,0.0,0.0,2.8216605186462402
TRAIN,sfbg4630,70,12,13,20,1,0,1,-6.375,0.0017007222631946206,,,,,0.0,0.0,2.8216605186462402
TRAIN,sfbg4630,70,13,14,20,1,0,1,-7.78125,0.00041731575038284063,,,,,0.0,0.0,2.8216605186462402
TRAIN,sfbg4630,70,14,15,20,1,0,1,-7.3125,0.0006667023408226669,,,,,0.0,0.0,2.8216605186462402
TRAIN,sfbg4630,70,15,16,20,1,0,1,-7.25,0.0007096704212017357,,,,,0.0,0.0,2.8216605186462402
TRAIN,sfbg4630,70,16,17,20,1,0,1,-8.5,0.00020342698553577065,,,,,0.0,0.0,2.8216605186462402
TRAIN,sfbg4630,70,17,18,20,1,0,1,-9.1875,0.00010229986219201237,,,,,0.0,0.0,2.8216605186462402
TRAIN,sfbg4630,70,18,19,20,1,0,1,-9.5625,7.031184941297397e-05,,,,,0.0,0.0,2.8216605186462402
TRAIN,sfbg4630,70,19,20,20,1,0,1,-8.625,0.00017952796770259738,,,,,0.0,0.0,2.8216605186462402
TRAIN,sfbg4630,71,0,1,20,1,0,1,-3.53125,0.02843603305518627,,,,,0.0,0.0,2.8216605186462402
TRAIN,sfbg4630,71,1,2,20,1,0,1,-4.4375,0.011687257327139378,,,,,0.0,0.0,2.8216605186462402
TRAIN,sfbg4630,71,2,3,20,1,0,1,-6.65625,0.0012843081494793296,,,,,0.0,0.0,2.8216605186462402
TRAIN,sfbg4630,71,3,4,20,1,0,1,-5.875,0.0028009270317852497,,,,,0.0,0.0,2.8216605186462402
TRAIN,sfbg4630,71,4,5,20,1,0,1,-6.65625,0.0012843081494793296,,,,,0.0,0.0,2.8216605186462402
TRAIN,sfbg4630,71,5,6,20,1,0,1,-6.46875,0.0015487611526623368,,,,,0.0,0.0,2.8216605186462402
TRAIN,sfbg4630,71,6,7,20,1,0,1,-7.21875,0.0007321811863221228,,,,,0.0,0.0,2.8216605186462402
TRAIN,sfbg4630,71,7,8,20,1,0,1,-7.125,0.0008040859247557819,,,,,0.0,0.0,2.8216605186462402
TRAIN,sfbg4630,71,8,9,20,1,0,1,-7.15625,0.0007793660624884069,,,,,0.0,0.0,2.8216605186462402
TRAIN,sfbg4630,71,9,10,20,1,0,1,-7.9375,0.0003569706459529698,,,,,0.0,0.0,2.8216605186462402
TRAIN,sfbg4630,71,10,11,20,1,0,1,-8.1875,0.0002780309587251395,,,,,0.0,0.0,2.8216605186462402
TRAIN,sfbg4630,71,11,12,20,1,0,1,-6.125,0.002182716503739357,,,,,0.0,0.0,2.8216605186462402
TRAIN,sfbg4630,71,12,13,20,1,0,1,-6.0,0.0024726230185478926,,,,,0.0,0.0,2.8216605186462402
TRAIN,sfbg4630,71,13,14,20,1,0,1,-7.53125,0.0005357805639505386,,,,,0.0,0.0,2.8216605186462402
TRAIN,sfbg4630,71,14,15,20,1,0,1,-6.875,0.0010322310263291001,,,,,0.0,0.0,2.8216605186462402
TRAIN,sfbg4630,71,15,16,20,1,0,1,-7.0,0.0009110511746257544,,,,,0.0,0.0,2.8216605186462402
TRAIN,sfbg4630,71,16,17,20,1,0,1,-8.5,0.00020342698553577065,,,,,0.0,0.0,2.8216605186462402
TRAIN,sfbg4630,71,17,18,20,1,0,1,-8.9375,0.00013135180051904172,,,,,0.0,0.0,2.8216605186462402
TRAIN,sfbg4630,71,18,19,20,1,0,1,-9.125,0.00010889690747717395,,,,,0.0,0.0,2.8216605186462402
TRAIN,sfbg4630,71,19,20,20,1,0,1,-8.0625,0.0003150386910419911,,,,,0.0,0.0,2.8216605186462402
TRAIN,sfbg4630,72,0,1,20,1,0,1,-3.875,0.020332353189587593,,,,,0.0,0.0,2.8216605186462402
TRAIN,sfbg4630,72,1,2,20,1,0,1,-4.3125,0.013222821988165379,,,,,0.0,0.0,2.8216605186462402
TRAIN,sfbg4630,72,2,3,20,1,0,1,-6.3125,0.0018102108733728528,,,,,0.0,0.0,2.8216605186462402
TRAIN,sfbg4630,72,3,4,20,1,0,1,-5.53125,0.0039454069919884205,,,,,0.0,0.0,2.8216605186462402
TRAIN,sfbg4630,72,4,5,20,1,0,1,-6.4375,0.001597845577634871,,,,,0.0,0.0,2.8216605186462402
TRAIN,sfbg4630,72,5,6,20,1,0,1,-6.53125,0.0014550630003213882,,,,,0.0,0.0,2.8216605186462402
TRAIN,sfbg4630,72,6,7,20,1,0,1,-7.03125,0.0008830457809381187,,,,,0.0,0.0,2.8216605186462402
TRAIN,sfbg4630,72,7,8,20,1,0,1,-6.875,0.0010322310263291001,,,,,0.0,0.0,2.8216605186462402
TRAIN,sfbg4630,72,8,9,20,1,0,1,-6.8125,0.001098731067031622,,,,,0.0,0.0,2.8216605186462402
TRAIN,sfbg4630,72,9,10,20,1,0,1,-7.78125,0.00041731575038284063,,,,,0.0,0.0,2.8216605186462402
TRAIN,sfbg4630,72,10,11,20,1,0,1,-8.0625,0.0003150386910419911,,,,,0.0,0.0,2.8216605186462402
TRAIN,sfbg4630,72,11,12,20,1,0,1,-5.5,0.00407013762742281,,,,,0.0,0.0,2.8216605186462402
TRAIN,sfbg4630,72,12,13,20,1,0,1,-5.8125,0.0029810327105224133,,,,,0.0,0.0,2.8216605186462402
TRAIN,sfbg4630,72,13,14,20,1,0,1,-7.375,0.000626334105618298,,,,,0.0,0.0,2.8216605186462402
TRAIN,sfbg4630,72,14,15,20,1,0,1,-6.90625,0.0010005044750869274,,,,,0.0,0.0,2.8216605186462402
TRAIN,sfbg4630,72,15,16,20,1,0,1,-6.96875,0.0009399438858963549,,,,,0.0,0.0,2.8216605186462402
TRAIN,sfbg4630,72,16,17,20,1,0,1,-7.8125,0.0004044814850203693,,,,,0.0,0.0,2.8216605186462402
TRAIN,sfbg4630,72,17,18,20,1,0,1,-8.4375,0.00021654405281879008,,,,,0.0,0.0,2.8216605186462402
TRAIN,sfbg4630,72,18,19,20,1,0,1,-8.9375,0.00013135180051904172,,,,,0.0,0.0,2.8216605186462402
TRAIN,sfbg4630,72,19,20,20,1,0,1,-8.375,0.00023050670279189944,,,,,0.0,0.0,2.8216605186462402
TRAIN,sfbg4630,73,0,1,20,1,0,1,-2.78125,0.05834583938121796,,,,,0.0,0.0,2.8216605186462402
TRAIN,sfbg4630,73,1,2,20,1,0,1,-3.5,0.02931223064661026,,,,,0.0,0.0,2.8216605186462402
TRAIN,sfbg4630,73,2,3,20,1,0,1,-5.65625,0.0034834241960197687,,,,,0.0,0.0,2.8216605186462402
TRAIN,sfbg4630,73,3,4,20,1,0,1,-5.09375,0.0060975621454417706,,,,,0.0,0.0,2.8216605186462402
TRAIN,sfbg4630,73,4,5,20,1,0,1,-6.0,0.0024726230185478926,,,,,0.0,0.0,2.8216605186462402
TRAIN,sfbg4630,73,5,6,20,1,0,1,-6.125,0.002182716503739357,,,,,0.0,0.0,2.8216605186462402
TRAIN,sfbg4630,73,6,7,20,1,0,1,-6.96875,0.0009399438858963549,,,,,0.0,0.0,2.8216605186462402
TRAIN,sfbg4630,73,7,8,20,1,0,1,-6.5,0.0015011823270469904,,,,,0.0,0.0,2.8216605186462402
TRAIN,sfbg4630,73,8,9,20,1,0,1,-6.71875,0.0012065897462889552,,,,,0.0,0.0,2.8216605186462402
TRAIN,sfbg4630,73,9,10,20,1,0,1,-7.65625,0.0004728544445242733,,,,,0.0,0.0,2.8216605186462402
TRAIN,sfbg4630,73,10,11,20,1,0,1,-8.125,0.0002959570847451687,,,,,0.0,0.0,2.8216605186462402
TRAIN,sfbg4630,73,11,12,20,1,0,1,-5.5625,0.0038244836032390594,,,,,0.0,0.0,2.8216605186462402
TRAIN,sfbg4630,73,12,13,20,1,0,1,-6.25,0.0019267346942797303,,,,,0.0,0.0,2.8216605186462402
TRAIN,sfbg4630,73,13,14,20,1,0,1,-7.375,0.000626334105618298,,,,,0.0,0.0,2.8216605186462402
TRAIN,sfbg4630,73,14,15,20,1,0,1,-7.25,0.0007096704212017357,,,,,0.0,0.0,2.8216605186462402
TRAIN,sfbg4630,73,15,16,20,1,0,1,-7.25,0.0007096704212017357,,,,,0.0,0.0,2.8216605186462402
TRAIN,sfbg4630,73,16,17,20,1,0,1,-7.78125,0.00041731575038284063,,,,,0.0,0.0,2.8216605186462402
TRAIN,sfbg4630,73,17,18,20,1,0,1,-8.6875,0.0001686527393758297,,,,,0.0,0.0,2.8216605186462402
TRAIN,sfbg4630,73,18,19,20,1,0,1,-8.9375,0.00013135180051904172,,,,,0.0,0.0,2.8216605186462402
TRAIN,sfbg4630,73,19,20,20,1,0,1,-8.1875,0.0002780309587251395,,,,,0.0,0.0,2.8216605186462402
TRAIN,sfbg4630,74,0,1,20,1,0,1,-2.578125,0.07055959850549698,,,,,0.0,0.0,2.8216605186462402
TRAIN,sfbg4630,74,1,2,20,1,0,1,-2.265625,0.09401018172502518,,,,,0.0,0.0,2.8216605186462402
TRAIN,sfbg4630,74,2,3,20,1,0,1,-4.9375,0.00712142838165164,,,,,0.0,0.0,2.8216605186462402
TRAIN,sfbg4630,74,3,4,20,1,0,1,-4.46875,0.011331753805279732,,,,,0.0,0.0,2.8216605186462402
TRAIN,sfbg4630,74,4,5,20,1,0,1,-5.78125,0.0030753696337342262,,,,,0.0,0.0,2.8216605186462402
TRAIN,sfbg4630,74,5,6,20,1,0,1,-5.78125,0.0030753696337342262,,,,,0.0,0.0,2.8216605186462402
TRAIN,sfbg4630,74,6,7,20,1,0,1,-6.4375,0.001597845577634871,,,,,0.0,0.0,2.8216605186462402
TRAIN,sfbg4630,74,7,8,20,1,0,1,-6.28125,0.0018675660248845816,,,,,0.0,0.0,2.8216605186462402
TRAIN,sfbg4630,74,8,9,20,1,0,1,-5.78125,0.0030753696337342262,,,,,0.0,0.0,2.8216605186462402
TRAIN,sfbg4630,74,9,10,20,1,0,1,-7.28125,0.0006878511630930007,,,,,0.0,0.0,2.8216605186462402
TRAIN,sfbg4630,74,10,11,20,1,0,1,-7.5625,0.0005193048855289817,,,,,0.0,0.0,2.8216605186462402
TRAIN,sfbg4630,74,11,12,20,1,0,1,-5.125,0.0059110685251653194,,,,,0.0,0.0,2.8216605186462402
TRAIN,sfbg4630,74,12,13,20,1,0,1,-6.0,0.0024726230185478926,,,,,0.0,0.0,2.8216605186462402
TRAIN,sfbg4630,74,13,14,20,1,0,1,-7.28125,0.0006878511630930007,,,,,0.0,0.0,2.8216605186462402
TRAIN,sfbg4630,74,14,15,20,1,0,1,-6.84375,0.0010649627074599266,,,,,0.0,0.0,2.8216605186462402
TRAIN,sfbg4630,74,15,16,20,1,0,1,-6.71875,0.0012065897462889552,,,,,0.0,0.0,2.8216605186462402
TRAIN,sfbg4630,74,16,17,20,1,0,1,-7.875,0.0003799845289904624,,,,,0.0,0.0,2.8216605186462402
TRAIN,sfbg4630,74,17,18,20,1,0,1,-8.125,0.0002959570847451687,,,,,0.0,0.0,2.8216605186462402
TRAIN,sfbg4630,74,18,19,20,1,0,1,-8.375,0.00023050670279189944,,,,,0.0,0.0,2.8216605186462402
TRAIN,sfbg4630,74,19,20,20,1,0,1,-7.53125,0.0005357805639505386,,,,,0.0,0.0,2.8216605186462402
TRAIN,sfbg4630,75,0,1,20,1,0,1,-3.515625,0.028870904818177223,,,,,0.0,0.0,2.8216605186462402
TRAIN,sfbg4630,75,1,2,20,1,0,1,-3.109375,0.0427221953868866,,,,,0.0,0.0,2.8216605186462402
TRAIN,sfbg4630,75,2,3,20,1,0,1,-5.09375,0.0060975621454417706,,,,,0.0,0.0,2.8216605186462402
TRAIN,sfbg4630,75,3,4,20,1,0,1,-5.03125,0.0064882696606218815,,,,,0.0,0.0,2.8216605186462402
TRAIN,sfbg4630,75,4,5,20,1,0,1,-5.90625,0.0027149852830916643,,,,,0.0,0.0,2.8216605186462402
TRAIN,sfbg4630,75,5,6,20,1,0,1,-5.75,0.003172682598233223,,,,,0.0,0.0,2.8216605186462402
TRAIN,sfbg4630,75,6,7,20,1,0,1,-6.96875,0.0009399438858963549,,,,,0.0,0.0,2.8216605186462402
TRAIN,sfbg4630,75,7,8,20,1,0,1,-6.84375,0.0010649627074599266,,,,,0.0,0.0,2.8216605186462402
TRAIN,sfbg4630,75,8,9,20,1,0,1,-6.3125,0.0018102108733728528,,,,,0.0,0.0,2.8216605186462402
TRAIN,sfbg4630,75,9,10,20,1,0,1,-7.75,0.00043055712012574077,,,,,0.0,0.0,2.8216605186462402
TRAIN,sfbg4630,75,10,11,20,1,0,1,-8.0,0.00033535013790242374,,,,,0.0,0.0,2.8216605186462402
TRAIN,sfbg4630,75,11,12,20,1,0,1,-5.34375,0.004755199886858463,,,,,0.0,0.0,2.8216605186462402
TRAIN,sfbg4630,75,12,13,20,1,0,1,-6.40625,0.0016484829830005765,,,,,0.0,0.0,2.8216605186462402
TRAIN,sfbg4630,75,13,14,20,1,0,1,-7.4375,0.0005884087877348065,,,,,0.0,0.0,2.8216605186462402
TRAIN,sfbg4630,75,14,15,20,1,0,1,-7.21875,0.0007321811863221228,,,,,0.0,0.0,2.8216605186462402
TRAIN,sfbg4630,75,15,16,20,1,0,1,-7.25,0.0007096704212017357,,,,,0.0,0.0,2.8216605186462402
TRAIN,sfbg4630,75,16,17,20,1,0,1,-7.90625,0.00036829791497439146,,,,,0.0,0.0,2.8216605186462402
TRAIN,sfbg4630,75,17,18,20,1,0,1,-8.5,0.00020342698553577065,,,,,0.0,0.0,2.8216605186462402
TRAIN,sfbg4630,75,18,19,20,1,0,1,-9.0,0.00012339458044152707,,,,,0.0,0.0,2.8216605186462402
TRAIN,sfbg4630,75,19,20,20,1,0,1,-8.3125,0.00024536947603337467,,,,,0.0,0.0,2.8216605186462402
TRAIN,sfbg4630,76,0,1,20,1,0,1,-4.4375,0.011687257327139378,,,,,0.0,0.0,2.8216605186462402
TRAIN,sfbg4630,76,1,2,20,1,0,1,-4.46875,0.011331753805279732,,,,,0.0,0.0,2.8216605186462402
TRAIN,sfbg4630,76,2,3,20,1,0,1,-6.125,0.002182716503739357,,,,,0.0,0.0,2.8216605186462402
TRAIN,sfbg4630,76,3,4,20,1,0,1,-5.96875,0.0025509123224765062,,,,,0.0,0.0,2.8216605186462402
TRAIN,sfbg4630,76,4,5,20,1,0,1,-6.65625,0.0012843081494793296,,,,,0.0,0.0,2.8216605186462402
TRAIN,sfbg4630,76,5,6,20,1,0,1,-6.375,0.0017007222631946206,,,,,0.0,0.0,2.8216605186462402
TRAIN,sfbg4630,76,6,7,20,1,0,1,-7.21875,0.0007321811863221228,,,,,0.0,0.0,2.8216605186462402
TRAIN,sfbg4630,76,7,8,20,1,0,1,-7.0625,0.0008559006964787841,,,,,0.0,0.0,2.8216605186462402
TRAIN,sfbg4630,76,8,9,20,1,0,1,-6.78125,0.0011335690505802631,,,,,0.0,0.0,2.8216605186462402
TRAIN,sfbg4630,76,9,10,20,1,0,1,-8.1875,0.0002780309587251395,,,,,0.0,0.0,2.8216605186462402
TRAIN,sfbg4630,76,10,11,20,1,0,1,-8.75,0.00015843621804378927,,,,,0.0,0.0,2.8216605186462402
TRAIN,sfbg4630,76,11,12,20,1,0,1,-5.625,0.0035936026833951473,,,,,0.0,0.0,2.8216605186462402
TRAIN,sfbg4630,76,12,13,20,1,0,1,-6.625,0.0013250223128125072,,,,,0.0,0.0,2.8216605186462402
TRAIN,sfbg4630,76,13,14,20,1,0,1,-7.3125,0.0006667023408226669,,,,,0.0,0.0,2.8216605186462402
TRAIN,sfbg4630,76,14,15,20,1,0,1,-7.28125,0.0006878511630930007,,,,,0.0,0.0,2.8216605186462402
TRAIN,sfbg4630,76,15,16,20,1,0,1,-7.15625,0.0007793660624884069,,,,,0.0,0.0,2.8216605186462402
TRAIN,sfbg4630,76,16,17,20,1,0,1,-7.9375,0.0003569706459529698,,,,,0.0,0.0,2.8216605186462402
TRAIN,sfbg4630,76,17,18,20,1,0,1,-8.5,0.00020342698553577065,,,,,0.0,0.0,2.8216605186462402
TRAIN,sfbg4630,76,18,19,20,1,0,1,-9.375,8.481103577651083e-05,,,,,0.0,0.0,2.8216605186462402
TRAIN,sfbg4630,76,19,20,20,1,0,1,-8.5625,0.000191104321856983,,,,,0.0,0.0,2.8216605186462402
TRAIN,sfbg4630,77,0,1,20,1,0,1,-4.28125,0.013636835850775242,,,,,0.0,0.0,2.8216605186462402
TRAIN,sfbg4630,77,1,2,20,1,0,1,-5.3125,0.004905405919998884,,,,,0.0,0.0,2.8216605186462402
TRAIN,sfbg4630,77,2,3,20,1,0,1,-6.625,0.0013250223128125072,,,,,0.0,0.0,2.8216605186462402
TRAIN,sfbg4630,77,3,4,20,1,0,1,-6.625,0.0013250223128125072,,,,,0.0,0.0,2.8216605186462402
TRAIN,sfbg4630,77,4,5,20,1,0,1,-7.03125,0.0008830457809381187,,,,,0.0,0.0,2.8216605186462402
TRAIN,sfbg4630,77,5,6,20,1,0,1,-6.71875,0.0012065897462889552,,,,,0.0,0.0,2.8216605186462402
TRAIN,sfbg4630,77,6,7,20,1,0,1,-7.71875,0.0004442183708306402,,,,,0.0,0.0,2.8216605186462402
TRAIN,sfbg4630,77,7,8,20,1,0,1,-7.5,0.000552778656128794,,,,,0.0,0.0,2.8216605186462402
TRAIN,sfbg4630,77,8,9,20,1,0,1,-7.21875,0.0007321811863221228,,,,,0.0,0.0,2.8216605186462402
TRAIN,sfbg4630,77,9,10,20,1,0,1,-8.625,0.00017952796770259738,,,,,0.0,0.0,2.8216605186462402
TRAIN,sfbg4630,77,10,11,20,1,0,1,-9.0,0.00012339458044152707,,,,,0.0,0.0,2.8216605186462402
TRAIN,sfbg4630,77,11,12,20,1,0,1,-5.875,0.0028009270317852497,,,,,0.0,0.0,2.8216605186462402
TRAIN,sfbg4630,77,12,13,20,1,0,1,-7.15625,0.0007793660624884069,,,,,0.0,0.0,2.8216605186462402
TRAIN,sfbg4630,77,13,14,20,1,0,1,-7.8125,0.0004044814850203693,,,,,0.0,0.0,2.8216605186462402
TRAIN,sfbg4630,77,14,15,20,1,0,1,-7.5625,0.0005193048855289817,,,,,0.0,0.0,2.8216605186462402
TRAIN,sfbg4630,77,15,16,20,1,0,1,-7.4375,0.0005884087877348065,,,,,0.0,0.0,2.8216605186462402
TRAIN,sfbg4630,77,16,17,20,1,0,1,-8.375,0.00023050670279189944,,,,,0.0,0.0,2.8216605186462402
TRAIN,sfbg4630,77,17,18,20,1,0,1,-9.125,0.00010889690747717395,,,,,0.0,0.0,2.8216605186462402
TRAIN,sfbg4630,77,18,19,20,1,0,1,-9.6875,6.205049430718645e-05,,,,,0.0,0.0,2.8216605186462402
TRAIN,sfbg4630,77,19,20,20,1,0,1,-8.875,0.00013982206291984767,,,,,0.0,0.0,2.8216605186462402
TRAIN,sfbg4630,78,0,1,20,1,0,1,-4.25,0.014063628390431404,,,,,0.0,0.0,2.8216605186462402
TRAIN,sfbg4630,78,1,2,20,1,0,1,-5.09375,0.0060975621454417706,,,,,0.0,0.0,2.8216605186462402
TRAIN,sfbg4630,78,2,3,20,1,0,1,-6.4375,0.001597845577634871,,,,,0.0,0.0,2.8216605186462402
TRAIN,sfbg4630,78,3,4,20,1,0,1,-6.46875,0.0015487611526623368,,,,,0.0,0.0,2.8216605186462402
TRAIN,sfbg4630,78,4,5,20,1,0,1,-6.5625,0.0014103584690019488,,,,,0.0,0.0,2.8216605186462402
TRAIN,sfbg4630,78,5,6,20,1,0,1,-6.71875,0.0012065897462889552,,,,,0.0,0.0,2.8216605186462402
TRAIN,sfbg4630,78,6,7,20,1,0,1,-7.375,0.000626334105618298,,,,,0.0,0.0,2.8216605186462402
TRAIN,sfbg4630,78,7,8,20,1,0,1,-7.15625,0.0007793660624884069,,,,,0.0,0.0,2.8216605186462402
TRAIN,sfbg4630,78,8,9,20,1,0,1,-7.25,0.0007096704212017357,,,,,0.0,0.0,2.8216605186462402
TRAIN,sfbg4630,78,9,10,20,1,0,1,-8.3125,0.00024536947603337467,,,,,0.0,0.0,2.8216605186462402
TRAIN,sfbg4630,78,10,11,20,1,0,1,-8.6875,0.0001686527393758297,,,,,0.0,0.0,2.8216605186462402
TRAIN,sfbg4630,78,11,12,20,1,0,1,-5.375,0.004609572235494852,,,,,0.0,0.0,2.8216605186462402
TRAIN,sfbg4630,78,12,13,20,1,0,1,-7.0625,0.0008559006964787841,,,,,0.0,0.0,2.8216605186462402
TRAIN,sfbg4630,78,13,14,20,1,0,1,-7.59375,0.000503335555549711,,,,,0.0,0.0,2.8216605186462402
TRAIN,sfbg4630,78,14,15,20,1,0,1,-7.53125,0.0005357805639505386,,,,,0.0,0.0,2.8216605186462402
TRAIN,sfbg4630,78,15,16,20,1,0,1,-7.28125,0.0006878511630930007,,,,,0.0,0.0,2.8216605186462402
TRAIN,sfbg4630,78,16,17,20,1,0,1,-8.1875,0.0002780309587251395,,,,,0.0,0.0,2.8216605186462402
TRAIN,sfbg4630,78,17,18,20,1,0,1,-8.625,0.00017952796770259738,,,,,0.0,0.0,2.8216605186462402
TRAIN,sfbg4630,78,18,19,20,1,0,1,-9.375,8.481103577651083e-05,,,,,0.0,0.0,2.8216605186462402
TRAIN,sfbg4630,78,19,20,20,1,0,1,-8.4375,0.00021654405281879008,,,,,0.0,0.0,2.8216605186462402
TRAIN,sfbg4630,79,0,1,20,1,0,1,-3.375,0.03308597952127457,,,,,0.0,0.0,2.8216605186462402
TRAIN,sfbg4630,79,1,2,20,1,0,1,-4.1875,0.014957086183130741,,,,,0.0,0.0,2.8216605186462402
TRAIN,sfbg4630,79,2,3,20,1,0,1,-5.84375,0.002889581024646759,,,,,0.0,0.0,2.8216605186462402
TRAIN,sfbg4630,79,3,4,20,1,0,1,-5.84375,0.002889581024646759,,,,,0.0,0.0,2.8216605186462402
TRAIN,sfbg4630,79,4,5,20,1,0,1,-6.28125,0.0018675660248845816,,,,,0.0,0.0,2.8216605186462402
TRAIN,sfbg4630,79,5,6,20,1,0,1,-5.875,0.0028009270317852497,,,,,0.0,0.0,2.8216605186462402
TRAIN,sfbg4630,79,6,7,20,1,0,1,-7.125,0.0008040859247557819,,,,,0.0,0.0,2.8216605186462402
TRAIN,sfbg4630,79,7,8,20,1,0,1,-7.125,0.0008040859247557819,,,,,0.0,0.0,2.8216605186462402
TRAIN,sfbg4630,79,8,9,20,1,0,1,-7.0625,0.0008559006964787841,,,,,0.0,0.0,2.8216605186462402
TRAIN,sfbg4630,79,9,10,20,1,0,1,-8.0,0.00033535013790242374,,,,,0.0,0.0,2.8216605186462402
TRAIN,sfbg4630,79,10,11,20,1,0,1,-8.625,0.00017952796770259738,,,,,0.0,0.0,2.8216605186462402
TRAIN,sfbg4630,79,11,12,20,1,0,1,-5.21875,0.005384937860071659,,,,,0.0,0.0,2.8216605186462402
TRAIN,sfbg4630,79,12,13,20,1,0,1,-6.78125,0.0011335690505802631,,,,,0.0,0.0,2.8216605186462402
TRAIN,sfbg4630,79,13,14,20,1,0,1,-7.46875,0.000570315751247108,,,,,0.0,0.0,2.8216605186462402
TRAIN,sfbg4630,79,14,15,20,1,0,1,-7.5625,0.0005193048855289817,,,,,0.0,0.0,2.8216605186462402
TRAIN,sfbg4630,79,15,16,20,1,0,1,-7.46875,0.000570315751247108,,,,,0.0,0.0,2.8216605186462402
TRAIN,sfbg4630,79,16,17,20,1,0,1,-8.0625,0.0003150386910419911,,,,,0.0,0.0,2.8216605186462402
TRAIN,sfbg4630,79,17,18,20,1,0,1,-8.5625,0.000191104321856983,,,,,0.0,0.0,2.8216605186462402
TRAIN,sfbg4630,79,18,19,20,1,0,1,-9.3125,9.028038039105013e-05,,,,,0.0,0.0,2.8216605186462402
TRAIN,sfbg4630,79,19,20,20,1,0,1,-8.4375,0.00021654405281879008,,,,,0.0,0.0,2.8216605186462402
TRAIN,sfbg4630,80,0,1,20,1,0,1,-3.40625,0.03210070729255676,,,,,0.0,0.0,2.8216605186462402
TRAIN,sfbg4630,80,1,2,20,1,0,1,-3.546875,0.028007520362734795,,,,,0.0,0.0,2.8216605186462402
TRAIN,sfbg4630,80,2,3,20,1,0,1,-5.9375,0.0026316740550100803,,,,,0.0,0.0,2.8216605186462402
TRAIN,sfbg4630,80,3,4,20,1,0,1,-5.78125,0.0030753696337342262,,,,,0.0,0.0,2.8216605186462402
TRAIN,sfbg4630,80,4,5,20,1,0,1,-6.15625,0.002115703420713544,,,,,0.0,0.0,2.8216605186462402
TRAIN,sfbg4630,80,5,6,20,1,0,1,-5.78125,0.0030753696337342262,,,,,0.0,0.0,2.8216605186462402
TRAIN,sfbg4630,80,6,7,20,1,0,1,-7.03125,0.0008830457809381187,,,,,0.0,0.0,2.8216605186462402
TRAIN,sfbg4630,80,7,8,20,1,0,1,-6.71875,0.0012065897462889552,,,,,0.0,0.0,2.8216605186462402
TRAIN,sfbg4630,80,8,9,20,1,0,1,-6.75,0.0011695103021338582,,,,,0.0,0.0,2.8216605186462402
TRAIN,sfbg4630,80,9,10,20,1,0,1,-7.875,0.0003799845289904624,,,,,0.0,0.0,2.8216605186462402
TRAIN,sfbg4630,80,10,11,20,1,0,1,-8.6875,0.0001686527393758297,,,,,0.0,0.0,2.8216605186462402
TRAIN,sfbg4630,80,11,12,20,1,0,1,-5.375,0.004609572235494852,,,,,0.0,0.0,2.8216605186462402
TRAIN,sfbg4630,80,12,13,20,1,0,1,-6.875,0.0010322310263291001,,,,,0.0,0.0,2.8216605186462402
TRAIN,sfbg4630,80,13,14,20,1,0,1,-7.5,0.000552778656128794,,,,,0.0,0.0,2.8216605186462402
TRAIN,sfbg4630,80,14,15,20,1,0,1,-7.4375,0.0005884087877348065,,,,,0.0,0.0,2.8216605186462402
TRAIN,sfbg4630,80,15,16,20,1,0,1,-7.34375,0.0006462032906711102,,,,,0.0,0.0,2.8216605186462402
TRAIN,sfbg4630,80,16,17,20,1,0,1,-8.375,0.00023050670279189944,,,,,0.0,0.0,2.8216605186462402
TRAIN,sfbg4630,80,17,18,20,1,0,1,-8.5625,0.000191104321856983,,,,,0.0,0.0,2.8216605186462402
TRAIN,sfbg4630,80,18,19,20,1,0,1,-9.375,8.481103577651083e-05,,,,,0.0,0.0,2.8216605186462402
TRAIN,sfbg4630,80,19,20,20,1,0,1,-8.5625,0.000191104321856983,,,,,0.0,0.0,2.8216605186462402
TRAIN,sfbg4630,81,0,1,20,1,0,1,-3.328125,0.034618835896253586,,,,,0.0,0.0,2.8216605186462402
TRAIN,sfbg4630,81,1,2,20,1,0,1,-3.296875,0.035678550601005554,,,,,0.0,0.0,2.8216605186462402
TRAIN,sfbg4630,81,2,3,20,1,0,1,-5.78125,0.0030753696337342262,,,,,0.0,0.0,2.8216605186462402
TRAIN,sfbg4630,81,3,4,20,1,0,1,-5.3125,0.004905405919998884,,,,,0.0,0.0,2.8216605186462402
TRAIN,sfbg4630,81,4,5,20,1,0,1,-5.8125,0.0029810327105224133,,,,,0.0,0.0,2.8216605186462402
TRAIN,sfbg4630,81,5,6,20,1,0,1,-6.21875,0.001987774157896638,,,,,0.0,0.0,2.8216605186462402
TRAIN,sfbg4630,81,6,7,20,1,0,1,-6.96875,0.0009399438858963549,,,,,0.0,0.0,2.8216605186462402
TRAIN,sfbg4630,81,7,8,20,1,0,1,-6.9375,0.0009697519708424807,,,,,0.0,0.0,2.8216605186462402
TRAIN,sfbg4630,81,8,9,20,1,0,1,-6.625,0.0013250223128125072,,,,,0.0,0.0,2.8216605186462402
TRAIN,sfbg4630,81,9,10,20,1,0,1,-7.65625,0.0004728544445242733,,,,,0.0,0.0,2.8216605186462402
TRAIN,sfbg4630,81,10,11,20,1,0,1,-8.3125,0.00024536947603337467,,,,,0.0,0.0,2.8216605186462402
TRAIN,sfbg4630,81,11,12,20,1,0,1,-5.6875,0.0033766122069209814,,,,,0.0,0.0,2.8216605186462402
TRAIN,sfbg4630,81,12,13,20,1,0,1,-6.75,0.0011695103021338582,,,,,0.0,0.0,2.8216605186462402
TRAIN,sfbg4630,81,13,14,20,1,0,1,-7.625,0.000487857119878754,,,,,0.0,0.0,2.8216605186462402
TRAIN,sfbg4630,81,14,15,20,1,0,1,-7.375,0.000626334105618298,,,,,0.0,0.0,2.8216605186462402
TRAIN,sfbg4630,81,15,16,20,1,0,1,-7.5,0.000552778656128794,,,,,0.0,0.0,2.8216605186462402
TRAIN,sfbg4630,81,16,17,20,1,0,1,-8.25,0.0002611903182696551,,,,,0.0,0.0,2.8216605186462402
TRAIN,sfbg4630,81,17,18,20,1,0,1,-8.375,0.00023050670279189944,,,,,0.0,0.0,2.8216605186462402
TRAIN,sfbg4630,81,18,19,20,1,0,1,-9.1875,0.00010229986219201237,,,,,0.0,0.0,2.8216605186462402
TRAIN,sfbg4630,81,19,20,20,1,0,1,-8.5,0.00020342698553577065,,,,,0.0,0.0,2.8216605186462402
TRAIN,sfbg4630,82,0,1,20,1,0,1,-3.359375,0.03358950838446617,,,,,0.0,0.0,2.8216605186462402
TRAIN,sfbg4630,82,1,2,20,1,0,1,-3.546875,0.028007520362734795,,,,,0.0,0.0,2.8216605186462402
TRAIN,sfbg4630,82,2,3,20,1,0,1,-6.0625,0.002323162741959095,,,,,0.0,0.0,2.8216605186462402
TRAIN,sfbg4630,82,3,4,20,1,0,1,-5.75,0.003172682598233223,,,,,0.0,0.0,2.8216605186462402
TRAIN,sfbg4630,82,4,5,20,1,0,1,-6.28125,0.0018675660248845816,,,,,0.0,0.0,2.8216605186462402
TRAIN,sfbg4630,82,5,6,20,1,0,1,-6.1875,0.0020507434383034706,,,,,0.0,0.0,2.8216605186462402
TRAIN,sfbg4630,82,6,7,20,1,0,1,-7.15625,0.0007793660624884069,,,,,0.0,0.0,2.8216605186462402
TRAIN,sfbg4630,82,7,8,20,1,0,1,-7.03125,0.0008830457809381187,,,,,0.0,0.0,2.8216605186462402
TRAIN,sfbg4630,82,8,9,20,1,0,1,-6.8125,0.001098731067031622,,,,,0.0,0.0,2.8216605186462402
TRAIN,sfbg4630,82,9,10,20,1,0,1,-7.96875,0.00034599160426296294,,,,,0.0,0.0,2.8216605186462402
TRAIN,sfbg4630,82,10,11,20,1,0,1,-8.875,0.00013982206291984767,,,,,0.0,0.0,2.8216605186462402
TRAIN,sfbg4630,82,11,12,20,1,0,1,-5.625,0.0035936026833951473,,,,,0.0,0.0,2.8216605186462402
TRAIN,sfbg4630,82,12,13,20,1,0,1,-6.53125,0.0014550630003213882,,,,,0.0,0.0,2.8216605186462402
TRAIN,sfbg4630,82,13,14,20,1,0,1,-7.6875,0.000458312890259549,,,,,0.0,0.0,2.8216605186462402
TRAIN,sfbg4630,82,14,15,20,1,0,1,-7.40625,0.0006070755189284682,,,,,0.0,0.0,2.8216605186462402
TRAIN,sfbg4630,82,15,16,20,1,0,1,-7.4375,0.0005884087877348065,,,,,0.0,0.0,2.8216605186462402
TRAIN,sfbg4630,82,16,17,20,1,0,1,-8.0625,0.0003150386910419911,,,,,0.0,0.0,2.8216605186462402
TRAIN,sfbg4630,82,17,18,20,1,0,1,-8.5,0.00020342698553577065,,,,,0.0,0.0,2.8216605186462402
TRAIN,sfbg4630,82,18,19,20,1,0,1,-9.4375,7.9673009167891e-05,,,,,0.0,0.0,2.8216605186462402
TRAIN,sfbg4630,82,19,20,20,1,0,1,-8.6875,0.0001686527393758297,,,,,0.0,0.0,2.8216605186462402
TRAIN,sfbg4630,83,0,1,20,1,0,1,-2.671875,0.06465348601341248,,,,,0.0,0.0,2.8216605186462402
TRAIN,sfbg4630,83,1,2,20,1,0,1,-2.40625,0.08269733935594559,,,,,0.0,0.0,2.8216605186462402
TRAIN,sfbg4630,83,2,3,20,1,0,1,-5.09375,0.0060975621454417706,,,,,0.0,0.0,2.8216605186462402
TRAIN,sfbg4630,83,3,4,20,1,0,1,-5.1875,0.005554925184696913,,,,,0.0,0.0,2.8216605186462402
TRAIN,sfbg4630,83,4,5,20,1,0,1,-5.46875,0.004198795650154352,,,,,0.0,0.0,2.8216605186462402
TRAIN,sfbg4630,83,5,6,20,1,0,1,-5.25,0.005220125429332256,,,,,0.0,0.0,2.8216605186462402
TRAIN,sfbg4630,83,6,7,20,1,0,1,-6.40625,0.0016484829830005765,,,,,0.0,0.0,2.8216605186462402
TRAIN,sfbg4630,83,7,8,20,1,0,1,-6.21875,0.001987774157896638,,,,,0.0,0.0,2.8216605186462402
TRAIN,sfbg4630,83,8,9,20,1,0,1,-5.84375,0.002889581024646759,,,,,0.0,0.0,2.8216605186462402
TRAIN,sfbg4630,83,9,10,20,1,0,1,-7.15625,0.0007793660624884069,,,,,0.0,0.0,2.8216605186462402
TRAIN,sfbg4630,83,10,11,20,1,0,1,-8.1875,0.0002780309587251395,,,,,0.0,0.0,2.8216605186462402
TRAIN,sfbg4630,83,11,12,20,1,0,1,-4.9375,0.00712142838165164,,,,,0.0,0.0,2.8216605186462402
TRAIN,sfbg4630,83,12,13,20,1,0,1,-6.25,0.0019267346942797303,,,,,0.0,0.0,2.8216605186462402
TRAIN,sfbg4630,83,13,14,20,1,0,1,-7.4375,0.0005884087877348065,,,,,0.0,0.0,2.8216605186462402
TRAIN,sfbg4630,83,14,15,20,1,0,1,-7.0,0.0009110511746257544,,,,,0.0,0.0,2.8216605186462402
TRAIN,sfbg4630,83,15,16,20,1,0,1,-6.9375,0.0009697519708424807,,,,,0.0,0.0,2.8216605186462402
TRAIN,sfbg4630,83,16,17,20,1,0,1,-6.6875,0.0012448433553799987,,,,,0.0,0.0,2.8216605186462402
TRAIN,sfbg4630,83,17,18,20,1,0,1,-7.9375,0.0003569706459529698,,,,,0.0,0.0,2.8216605186462402
TRAIN,sfbg4630,83,18,19,20,1,0,1,-8.8125,0.00014883848780300468,,,,,0.0,0.0,2.8216605186462402
TRAIN,sfbg4630,83,19,20,20,1,0,1,-8.0,0.00033535013790242374,,,,,0.0,0.0,2.8216605186462402
TRAIN,sfbg4630,84,0,1,20,1,0,1,-3.203125,0.039048291742801666,,,,,0.0,0.0,2.8216605186462402
TRAIN,sfbg4630,84,1,2,20,1,0,1,-3.75,0.022977370768785477,,,,,0.0,0.0,2.8216605186462402
TRAIN,sfbg4630,84,2,3,20,1,0,1,-6.5625,0.0014103584690019488,,,,,0.0,0.0,2.8216605186462402
TRAIN,sfbg4630,84,3,4,20,1,0,1,-5.9375,0.0026316740550100803,,,,,0.0,0.0,2.8216605186462402
TRAIN,sfbg4630,84,4,5,20,1,0,1,-6.5,0.0015011823270469904,,,,,0.0,0.0,2.8216605186462402
TRAIN,sfbg4630,84,5,6,20,1,0,1,-6.75,0.0011695103021338582,,,,,0.0,0.0,2.8216605186462402
TRAIN,sfbg4630,84,6,7,20,1,0,1,-7.3125,0.0006667023408226669,,,,,0.0,0.0,2.8216605186462402
TRAIN,sfbg4630,84,7,8,20,1,0,1,-6.84375,0.0010649627074599266,,,,,0.0,0.0,2.8216605186462402
TRAIN,sfbg4630,84,8,9,20,1,0,1,-6.90625,0.0010005044750869274,,,,,0.0,0.0,2.8216605186462402
TRAIN,sfbg4630,84,9,10,20,1,0,1,-8.4375,0.00021654405281879008,,,,,0.0,0.0,2.8216605186462402
TRAIN,sfbg4630,84,10,11,20,1,0,1,-9.0625,0.00011591933434829116,,,,,0.0,0.0,2.8216605186462402
TRAIN,sfbg4630,84,11,12,20,1,0,1,-5.71875,0.003273064736276865,,,,,0.0,0.0,2.8216605186462402
TRAIN,sfbg4630,84,12,13,20,1,0,1,-7.28125,0.0006878511630930007,,,,,0.0,0.0,2.8216605186462402
TRAIN,sfbg4630,84,13,14,20,1,0,1,-8.375,0.00023050670279189944,,,,,0.0,0.0,2.8216605186462402
TRAIN,sfbg4630,84,14,15,20,1,0,1,-7.875,0.0003799845289904624,,,,,0.0,0.0,2.8216605186462402
TRAIN,sfbg4630,84,15,16,20,1,0,1,-7.96875,0.00034599160426296294,,,,,0.0,0.0,2.8216605186462402
TRAIN,sfbg4630,84,16,17,20,1,0,1,-8.6875,0.0001686527393758297,,,,,0.0,0.0,2.8216605186462402
TRAIN,sfbg4630,84,17,18,20,1,0,1,-8.875,0.00013982206291984767,,,,,0.0,0.0,2.8216605186462402
TRAIN,sfbg4630,84,18,19,20,1,0,1,-9.5625,7.031184941297397e-05,,,,,0.0,0.0,2.8216605186462402
TRAIN,sfbg4630,84,19,20,20,1,0,1,-9.1875,0.00010229986219201237,,,,,0.0,0.0,2.8216605186462402
TRAIN,sfbg4630,85,0,1,20,1,0,1,-1.7421875,0.1490352898836136,,,,,0.0,0.0,2.8216605186462402
TRAIN,sfbg4630,85,1,2,20,1,0,1,-2.984375,0.048136770725250244,,,,,0.0,0.0,2.8216605186462402
TRAIN,sfbg4630,85,2,3,20,1,0,1,-6.1875,0.0020507434383034706,,,,,0.0,0.0,2.8216605186462402
TRAIN,sfbg4630,85,3,4,20,1,0,1,-5.71875,0.003273064736276865,,,,,0.0,0.0,2.8216605186462402
TRAIN,sfbg4630,85,4,5,20,1,0,1,-6.28125,0.0018675660248845816,,,,,0.0,0.0,2.8216605186462402
TRAIN,sfbg4630,85,5,6,20,1,0,1,-5.96875,0.0025509123224765062,,,,,0.0,0.0,2.8216605186462402
TRAIN,sfbg4630,85,6,7,20,1,0,1,-7.0,0.0009110511746257544,,,,,0.0,0.0,2.8216605186462402
TRAIN,sfbg4630,85,7,8,20,1,0,1,-7.0625,0.0008559006964787841,,,,,0.0,0.0,2.8216605186462402
TRAIN,sfbg4630,85,8,9,20,1,0,1,-6.40625,0.0016484829830005765,,,,,0.0,0.0,2.8216605186462402
TRAIN,sfbg4630,85,9,10,20,1,0,1,-8.125,0.0002959570847451687,,,,,0.0,0.0,2.8216605186462402
TRAIN,sfbg4630,85,10,11,20,1,0,1,-9.0,0.00012339458044152707,,,,,0.0,0.0,2.8216605186462402
TRAIN,sfbg4630,85,11,12,20,1,0,1,-5.6875,0.0033766122069209814,,,,,0.0,0.0,2.8216605186462402
TRAIN,sfbg4630,85,12,13,20,1,0,1,-6.75,0.0011695103021338582,,,,,0.0,0.0,2.8216605186462402
TRAIN,sfbg4630,85,13,14,20,1,0,1,-7.84375,0.0003920417802873999,,,,,0.0,0.0,2.8216605186462402
TRAIN,sfbg4630,85,14,15,20,1,0,1,-7.53125,0.0005357805639505386,,,,,0.0,0.0,2.8216605186462402
TRAIN,sfbg4630,85,15,16,20,1,0,1,-7.34375,0.0006462032906711102,,,,,0.0,0.0,2.8216605186462402
TRAIN,sfbg4630,85,16,17,20,1,0,1,-7.84375,0.0003920417802873999,,,,,0.0,0.0,2.8216605186462402
TRAIN,sfbg4630,85,17,18,20,1,0,1,-8.375,0.00023050670279189944,,,,,0.0,0.0,2.8216605186462402
TRAIN,sfbg4630,85,18,19,20,1,0,1,-9.1875,0.00010229986219201237,,,,,0.0,0.0,2.8216605186462402
TRAIN,sfbg4630,85,19,20,20,1,0,1,-8.625,0.00017952796770259738,,,,,0.0,0.0,2.8216605186462402
TRAIN,sfbg4630,86,0,1,20,1,0,1,-1.234375,0.22541658580303192,,,,,0.0,0.0,2.8216605186462402
TRAIN,sfbg4630,86,1,2,20,1,0,1,-2.84375,0.055005285888910294,,,,,0.0,0.0,2.8216605186462402
TRAIN,sfbg4630,86,2,3,20,1,0,1,-5.625,0.0035936026833951473,,,,,0.0,0.0,2.8216605186462402
TRAIN,sfbg4630,86,3,4,20,1,0,1,-5.90625,0.0027149852830916643,,,,,0.0,0.0,2.8216605186462402
TRAIN,sfbg4630,86,4,5,20,1,0,1,-6.34375,0.0017546144081279635,,,,,0.0,0.0,2.8216605186462402
TRAIN,sfbg4630,86,5,6,20,1,0,1,-6.125,0.002182716503739357,,,,,0.0,0.0,2.8216605186462402
TRAIN,sfbg4630,86,6,7,20,1,0,1,-7.0625,0.0008559006964787841,,,,,0.0,0.0,2.8216605186462402
TRAIN,sfbg4630,86,7,8,20,1,0,1,-6.90625,0.0010005044750869274,,,,,0.0,0.0,2.8216605186462402
TRAIN,sfbg4630,86,8,9,20,1,0,1,-6.4375,0.001597845577634871,,,,,0.0,0.0,2.8216605186462402
TRAIN,sfbg4630,86,9,10,20,1,0,1,-8.4375,0.00021654405281879008,,,,,0.0,0.0,2.8216605186462402
TRAIN,sfbg4630,86,10,11,20,1,0,1,-9.125,0.00010889690747717395,,,,,0.0,0.0,2.8216605186462402
TRAIN,sfbg4630,86,11,12,20,1,0,1,-5.6875,0.0033766122069209814,,,,,0.0,0.0,2.8216605186462402
TRAIN,sfbg4630,86,12,13,20,1,0,1,-7.1875,0.0007554056355729699,,,,,0.0,0.0,2.8216605186462402
TRAIN,sfbg4630,86,13,14,20,1,0,1,-7.9375,0.0003569706459529698,,,,,0.0,0.0,2.8216605186462402
TRAIN,sfbg4630,86,14,15,20,1,0,1,-7.9375,0.0003569706459529698,,,,,0.0,0.0,2.8216605186462402
TRAIN,sfbg4630,86,15,16,20,1,0,1,-7.875,0.0003799845289904624,,,,,0.0,0.0,2.8216605186462402
TRAIN,sfbg4630,86,16,17,20,1,0,1,-8.0625,0.0003150386910419911,,,,,0.0,0.0,2.8216605186462402
TRAIN,sfbg4630,86,17,18,20,1,0,1,-9.0,0.00012339458044152707,,,,,0.0,0.0,2.8216605186462402
TRAIN,sfbg4630,86,18,19,20,1,0,1,-9.75,5.829126530443318e-05,,,,,0.0,0.0,2.8216605186462402
TRAIN,sfbg4630,86,19,20,20,1,0,1,-9.125,0.00010889690747717395,,,,,0.0,0.0,2.8216605186462402
TRAIN,sfbg4630,87,0,1,20,1,0,1,-1.8671875,0.13386748731136322,,,,,0.0,0.0,2.8216605186462402
TRAIN,sfbg4630,87,1,2,20,1,0,1,-4.1875,0.014957086183130741,,,,,0.0,0.0,2.8216605186462402
TRAIN,sfbg4630,87,2,3,20,1,0,1,-6.78125,0.0011335690505802631,,,,,0.0,0.0,2.8216605186462402
TRAIN,sfbg4630,87,3,4,20,1,0,1,-6.65625,0.0012843081494793296,,,,,0.0,0.0,2.8216605186462402
TRAIN,sfbg4630,87,4,5,20,1,0,1,-6.9375,0.0009697519708424807,,,,,0.0,0.0,2.8216605186462402
TRAIN,sfbg4630,87,5,6,20,1,0,1,-6.65625,0.0012843081494793296,,,,,0.0,0.0,2.8216605186462402
TRAIN,sfbg4630,87,6,7,20,1,0,1,-7.375,0.000626334105618298,,,,,0.0,0.0,2.8216605186462402
TRAIN,sfbg4630,87,7,8,20,1,0,1,-7.125,0.0008040859247557819,,,,,0.0,0.0,2.8216605186462402
TRAIN,sfbg4630,87,8,9,20,1,0,1,-6.96875,0.0009399438858963549,,,,,0.0,0.0,2.8216605186462402
TRAIN,sfbg4630,87,9,10,20,1,0,1,-8.5,0.00020342698553577065,,,,,0.0,0.0,2.8216605186462402
TRAIN,sfbg4630,87,10,11,20,1,0,1,-9.0625,0.00011591933434829116,,,,,0.0,0.0,2.8216605186462402
TRAIN,sfbg4630,87,11,12,20,1,0,1,-5.75,0.003172682598233223,,,,,0.0,0.0,2.8216605186462402
TRAIN,sfbg4630,87,12,13,20,1,0,1,-7.40625,0.0006070755189284682,,,,,0.0,0.0,2.8216605186462402
TRAIN,sfbg4630,87,13,14,20,1,0,1,-8.5,0.00020342698553577065,,,,,0.0,0.0,2.8216605186462402
TRAIN,sfbg4630,87,14,15,20,1,0,1,-7.96875,0.00034599160426296294,,,,,0.0,0.0,2.8216605186462402
TRAIN,sfbg4630,87,15,16,20,1,0,1,-7.90625,0.00036829791497439146,,,,,0.0,0.0,2.8216605186462402
TRAIN,sfbg4630,87,16,17,20,1,0,1,-8.0,0.00033535013790242374,,,,,0.0,0.0,2.8216605186462402
TRAIN,sfbg4630,87,17,18,20,1,0,1,-9.0,0.00012339458044152707,,,,,0.0,0.0,2.8216605186462402
TRAIN,sfbg4630,87,18,19,20,1,0,1,-9.4375,7.9673009167891e-05,,,,,0.0,0.0,2.8216605186462402
TRAIN,sfbg4630,87,19,20,20,1,0,1,-8.9375,0.00013135180051904172,,,,,0.0,0.0,2.8216605186462402
TRAIN,sfbg4630,88,0,1,20,1,0,1,-2.671875,0.06465348601341248,,,,,0.0,0.0,2.8216605186462402
TRAIN,sfbg4630,88,1,2,20,1,0,1,-5.09375,0.0060975621454417706,,,,,0.0,0.0,2.8216605186462402
TRAIN,sfbg4630,88,2,3,20,1,0,1,-6.5,0.0015011823270469904,,,,,0.0,0.0,2.8216605186462402
TRAIN,sfbg4630,88,3,4,20,1,0,1,-6.8125,0.001098731067031622,,,,,0.0,0.0,2.8216605186462402
TRAIN,sfbg4630,88,4,5,20,1,0,1,-7.21875,0.0007321811863221228,,,,,0.0,0.0,2.8216605186462402
TRAIN,sfbg4630,88,5,6,20,1,0,1,-6.78125,0.0011335690505802631,,,,,0.0,0.0,2.8216605186462402
TRAIN,sfbg4630,88,6,7,20,1,0,1,-7.40625,0.0006070755189284682,,,,,0.0,0.0,2.8216605186462402
TRAIN,sfbg4630,88,7,8,20,1,0,1,-7.125,0.0008040859247557819,,,,,0.0,0.0,2.8216605186462402
TRAIN,sfbg4630,88,8,9,20,1,0,1,-7.0,0.0009110511746257544,,,,,0.0,0.0,2.8216605186462402
TRAIN,sfbg4630,88,9,10,20,1,0,1,-8.5625,0.000191104321856983,,,,,0.0,0.0,2.8216605186462402
TRAIN,sfbg4630,88,10,11,20,1,0,1,-8.8125,0.00014883848780300468,,,,,0.0,0.0,2.8216605186462402
TRAIN,sfbg4630,88,11,12,20,1,0,1,-5.71875,0.003273064736276865,,,,,0.0,0.0,2.8216605186462402
TRAIN,sfbg4630,88,12,13,20,1,0,1,-7.25,0.0007096704212017357,,,,,0.0,0.0,2.8216605186462402
TRAIN,sfbg4630,88,13,14,20,1,0,1,-8.0,0.00033535013790242374,,,,,0.0,0.0,2.8216605186462402
TRAIN,sfbg4630,88,14,15,20,1,0,1,-7.90625,0.00036829791497439146,,,,,0.0,0.0,2.8216605186462402
TRAIN,sfbg4630,88,15,16,20,1,0,1,-7.6875,0.000458312890259549,,,,,0.0,0.0,2.8216605186462402
TRAIN,sfbg4630,88,16,17,20,1,0,1,-8.125,0.0002959570847451687,,,,,0.0,0.0,2.8216605186462402
TRAIN,sfbg4630,88,17,18,20,1,0,1,-8.625,0.00017952796770259738,,,,,0.0,0.0,2.8216605186462402
TRAIN,sfbg4630,88,18,19,20,1,0,1,-9.25,9.610241977497935e-05,,,,,0.0,0.0,2.8216605186462402
TRAIN,sfbg4630,88,19,20,20,1,0,1,-8.625,0.00017952796770259738,,,,,0.0,0.0,2.8216605186462402
TRAIN,sfbg4630,89,0,1,20,1,0,1,-2.265625,0.09401018172502518,,,,,0.0,0.0,2.8216605186462402
TRAIN,sfbg4630,89,1,2,20,1,0,1,-4.90625,0.007345826830714941,,,,,0.0,0.0,2.8216605186462402
TRAIN,sfbg4630,89,2,3,20,1,0,1,-6.53125,0.0014550630003213882,,,,,0.0,0.0,2.8216605186462402
TRAIN,sfbg4630,89,3,4,20,1,0,1,-6.4375,0.001597845577634871,,,,,0.0,0.0,2.8216605186462402
TRAIN,sfbg4630,89,4,5,20,1,0,1,-6.71875,0.0012065897462889552,,,,,0.0,0.0,2.8216605186462402
TRAIN,sfbg4630,89,5,6,20,1,0,1,-6.75,0.0011695103021338582,,,,,0.0,0.0,2.8216605186462402
TRAIN,sfbg4630,89,6,7,20,1,0,1,-7.3125,0.0006667023408226669,,,,,0.0,0.0,2.8216605186462402
TRAIN,sfbg4630,89,7,8,20,1,0,1,-6.9375,0.0009697519708424807,,,,,0.0,0.0,2.8216605186462402
TRAIN,sfbg4630,89,8,9,20,1,0,1,-6.90625,0.0010005044750869274,,,,,0.0,0.0,2.8216605186462402
TRAIN,sfbg4630,89,9,10,20,1,0,1,-8.75,0.00015843621804378927,,,,,0.0,0.0,2.8216605186462402
TRAIN,sfbg4630,89,10,11,20,1,0,1,-8.875,0.00013982206291984767,,,,,0.0,0.0,2.8216605186462402
TRAIN,sfbg4630,89,11,12,20,1,0,1,-5.59375,0.0037072531413286924,,,,,0.0,0.0,2.8216605186462402
TRAIN,sfbg4630,89,12,13,20,1,0,1,-7.15625,0.0007793660624884069,,,,,0.0,0.0,2.8216605186462402
TRAIN,sfbg4630,89,13,14,20,1,0,1,-7.9375,0.0003569706459529698,,,,,0.0,0.0,2.8216605186462402
TRAIN,sfbg4630,89,14,15,20,1,0,1,-7.75,0.00043055712012574077,,,,,0.0,0.0,2.8216605186462402
TRAIN,sfbg4630,89,15,16,20,1,0,1,-7.59375,0.000503335555549711,,,,,0.0,0.0,2.8216605186462402
TRAIN,sfbg4630,89,16,17,20,1,0,1,-8.0,0.00033535013790242374,,,,,0.0,0.0,2.8216605186462402
TRAIN,sfbg4630,89,17,18,20,1,0,1,-8.9375,0.00013135180051904172,,,,,0.0,0.0,2.8216605186462402
TRAIN,sfbg4630,89,18,19,20,1,0,1,-9.375,8.481103577651083e-05,,,,,0.0,0.0,2.8216605186462402
TRAIN,sfbg4630,89,19,20,20,1,0,1,-8.875,0.00013982206291984767,,,,,0.0,0.0,2.8216605186462402
TRAIN,sfbg4630,90,0,1,20,1,0,1,-1.8828125,0.13206614553928375,,,,,0.0,0.0,2.8216605186462402
TRAIN,sfbg4630,90,1,2,20,1,0,1,-4.3125,0.013222821988165379,,,,,0.0,0.0,2.8216605186462402
TRAIN,sfbg4630,90,2,3,20,1,0,1,-5.875,0.0028009270317852497,,,,,0.0,0.0,2.8216605186462402
TRAIN,sfbg4630,90,3,4,20,1,0,1,-6.21875,0.001987774157896638,,,,,0.0,0.0,2.8216605186462402
TRAIN,sfbg4630,90,4,5,20,1,0,1,-6.5,0.0015011823270469904,,,,,0.0,0.0,2.8216605186462402
TRAIN,sfbg4630,90,5,6,20,1,0,1,-5.75,0.003172682598233223,,,,,0.0,0.0,2.8216605186462402
TRAIN,sfbg4630,90,6,7,20,1,0,1,-7.09375,0.0008295892039313912,,,,,0.0,0.0,2.8216605186462402
TRAIN,sfbg4630,90,7,8,20,1,0,1,-6.96875,0.0009399438858963549,,,,,0.0,0.0,2.8216605186462402
TRAIN,sfbg4630,90,8,9,20,1,0,1,-6.75,0.0011695103021338582,,,,,0.0,0.0,2.8216605186462402
TRAIN,sfbg4630,90,9,10,20,1,0,1,-8.875,0.00013982206291984767,,,,,0.0,0.0,2.8216605186462402
TRAIN,sfbg4630,90,10,11,20,1,0,1,-9.0,0.00012339458044152707,,,,,0.0,0.0,2.8216605186462402
TRAIN,sfbg4630,90,11,12,20,1,0,1,-5.75,0.003172682598233223,,,,,0.0,0.0,2.8216605186462402
TRAIN,sfbg4630,90,12,13,20,1,0,1,-6.90625,0.0010005044750869274,,,,,0.0,0.0,2.8216605186462402
TRAIN,sfbg4630,90,13,14,20,1,0,1,-7.6875,0.000458312890259549,,,,,0.0,0.0,2.8216605186462402
TRAIN,sfbg4630,90,14,15,20,1,0,1,-7.625,0.000487857119878754,,,,,0.0,0.0,2.8216605186462402
TRAIN,sfbg4630,90,15,16,20,1,0,1,-7.625,0.000487857119878754,,,,,0.0,0.0,2.8216605186462402
TRAIN,sfbg4630,90,16,17,20,1,0,1,-7.8125,0.0004044814850203693,,,,,0.0,0.0,2.8216605186462402
TRAIN,sfbg4630,90,17,18,20,1,0,1,-8.8125,0.00014883848780300468,,,,,0.0,0.0,2.8216605186462402
TRAIN,sfbg4630,90,18,19,20,1,0,1,-9.375,8.481103577651083e-05,,,,,0.0,0.0,2.8216605186462402
TRAIN,sfbg4630,90,19,20,20,1,0,1,-9.125,0.00010889690747717395,,,,,0.0,0.0,2.8216605186462402
TRAIN,sfbg4630,91,0,1,20,1,0,1,-2.953125,0.04958902671933174,,,,,0.0,0.0,2.8216605186462402
TRAIN,sfbg4630,91,1,2,20,1,0,1,-5.125,0.0059110685251653194,,,,,0.0,0.0,2.8216605186462402
TRAIN,sfbg4630,91,2,3,20,1,0,1,-6.65625,0.0012843081494793296,,,,,0.0,0.0,2.8216605186462402
TRAIN,sfbg4630,91,3,4,20,1,0,1,-5.84375,0.002889581024646759,,,,,0.0,0.0,2.8216605186462402
TRAIN,sfbg4630,91,4,5,20,1,0,1,-7.03125,0.0008830457809381187,,,,,0.0,0.0,2.8216605186462402
TRAIN,sfbg4630,91,5,6,20,1,0,1,-7.03125,0.0008830457809381187,,,,,0.0,0.0,2.8216605186462402
TRAIN,sfbg4630,91,6,7,20,1,0,1,-7.3125,0.0006667023408226669,,,,,0.0,0.0,2.8216605186462402
TRAIN,sfbg4630,91,7,8,20,1,0,1,-7.21875,0.0007321811863221228,,,,,0.0,0.0,2.8216605186462402
TRAIN,sfbg4630,91,8,9,20,1,0,1,-7.09375,0.0008295892039313912,,,,,0.0,0.0,2.8216605186462402
TRAIN,sfbg4630,91,9,10,20,1,0,1,-8.75,0.00015843621804378927,,,,,0.0,0.0,2.8216605186462402
TRAIN,sfbg4630,91,10,11,20,1,0,1,-9.0625,0.00011591933434829116,,,,,0.0,0.0,2.8216605186462402
TRAIN,sfbg4630,91,11,12,20,1,0,1,-5.59375,0.0037072531413286924,,,,,0.0,0.0,2.8216605186462402
TRAIN,sfbg4630,91,12,13,20,1,0,1,-7.1875,0.0007554056355729699,,,,,0.0,0.0,2.8216605186462402
TRAIN,sfbg4630,91,13,14,20,1,0,1,-8.5,0.00020342698553577065,,,,,0.0,0.0,2.8216605186462402
TRAIN,sfbg4630,91,14,15,20,1,0,1,-8.0625,0.0003150386910419911,,,,,0.0,0.0,2.8216605186462402
TRAIN,sfbg4630,91,15,16,20,1,0,1,-7.84375,0.0003920417802873999,,,,,0.0,0.0,2.8216605186462402
TRAIN,sfbg4630,91,16,17,20,1,0,1,-8.125,0.0002959570847451687,,,,,0.0,0.0,2.8216605186462402
TRAIN,sfbg4630,91,17,18,20,1,0,1,-9.0,0.00012339458044152707,,,,,0.0,0.0,2.8216605186462402
TRAIN,sfbg4630,91,18,19,20,1,0,1,-9.5625,7.031184941297397e-05,,,,,0.0,0.0,2.8216605186462402
TRAIN,sfbg4630,91,19,20,20,1,0,1,-9.0,0.00012339458044152707,,,,,0.0,0.0,2.8216605186462402
TRAIN,sfbg4630,92,0,1,20,1,0,1,-2.5625,0.07159119844436646,,,,,0.0,0.0,2.8216605186462402
TRAIN,sfbg4630,92,1,2,20,1,0,1,-5.5,0.00407013762742281,,,,,0.0,0.0,2.8216605186462402
TRAIN,sfbg4630,92,2,3,20,1,0,1,-6.9375,0.0009697519708424807,,,,,0.0,0.0,2.8216605186462402
TRAIN,sfbg4630,92,3,4,20,1,0,1,-6.25,0.0019267346942797303,,,,,0.0,0.0,2.8216605186462402
TRAIN,sfbg4630,92,4,5,20,1,0,1,-7.1875,0.0007554056355729699,,,,,0.0,0.0,2.8216605186462402
TRAIN,sfbg4630,92,5,6,20,1,0,1,-6.4375,0.001597845577634871,,,,,0.0,0.0,2.8216605186462402
TRAIN,sfbg4630,92,6,7,20,1,0,1,-7.4375,0.0005884087877348065,,,,,0.0,0.0,2.8216605186462402
TRAIN,sfbg4630,92,7,8,20,1,0,1,-7.0,0.0009110511746257544,,,,,0.0,0.0,2.8216605186462402
TRAIN,sfbg4630,92,8,9,20,1,0,1,-7.4375,0.0005884087877348065,,,,,0.0,0.0,2.8216605186462402
TRAIN,sfbg4630,92,9,10,20,1,0,1,-9.25,9.610241977497935e-05,,,,,0.0,0.0,2.8216605186462402
TRAIN,sfbg4630,92,10,11,20,1,0,1,-9.1875,0.00010229986219201237,,,,,0.0,0.0,2.8216605186462402
TRAIN,sfbg4630,92,11,12,20,1,0,1,-6.0,0.0024726230185478926,,,,,0.0,0.0,2.8216605186462402
TRAIN,sfbg4630,92,12,13,20,1,0,1,-7.125,0.0008040859247557819,,,,,0.0,0.0,2.8216605186462402
TRAIN,sfbg4630,92,13,14,20,1,0,1,-8.375,0.00023050670279189944,,,,,0.0,0.0,2.8216605186462402
TRAIN,sfbg4630,92,14,15,20,1,0,1,-8.125,0.0002959570847451687,,,,,0.0,0.0,2.8216605186462402
TRAIN,sfbg4630,92,15,16,20,1,0,1,-7.65625,0.0004728544445242733,,,,,0.0,0.0,2.8216605186462402
TRAIN,sfbg4630,92,16,17,20,1,0,1,-8.0,0.00033535013790242374,,,,,0.0,0.0,2.8216605186462402
TRAIN,sfbg4630,92,17,18,20,1,0,1,-9.125,0.00010889690747717395,,,,,0.0,0.0,2.8216605186462402
TRAIN,sfbg4630,92,18,19,20,1,0,1,-9.75,5.829126530443318e-05,,,,,0.0,0.0,2.8216605186462402
TRAIN,sfbg4630,92,19,20,20,1,0,1,-9.1875,0.00010229986219201237,,,,,0.0,0.0,2.8216605186462402
TRAIN,sfbg4630,93,0,1,20,1,0,1,-2.125,0.10669060051441193,,,,,0.0,0.0,2.8216605186462402
TRAIN,sfbg4630,93,1,2,20,1,0,1,-4.96875,0.006903838831931353,,,,,0.0,0.0,2.8216605186462402
TRAIN,sfbg4630,93,2,3,20,1,0,1,-6.15625,0.002115703420713544,,,,,0.0,0.0,2.8216605186462402
TRAIN,sfbg4630,93,3,4,20,1,0,1,-5.21875,0.005384937860071659,,,,,0.0,0.0,2.8216605186462402
TRAIN,sfbg4630,93,4,5,20,1,0,1,-6.84375,0.0010649627074599266,,,,,0.0,0.0,2.8216605186462402
TRAIN,sfbg4630,93,5,6,20,1,0,1,-6.46875,0.0015487611526623368,,,,,0.0,0.0,2.8216605186462402
TRAIN,sfbg4630,93,6,7,20,1,0,1,-7.125,0.0008040859247557819,,,,,0.0,0.0,2.8216605186462402
TRAIN,sfbg4630,93,7,8,20,1,0,1,-6.84375,0.0010649627074599266,,,,,0.0,0.0,2.8216605186462402
TRAIN,sfbg4630,93,8,9,20,1,0,1,-6.84375,0.0010649627074599266,,,,,0.0,0.0,2.8216605186462402
TRAIN,sfbg4630,93,9,10,20,1,0,1,-9.0,0.00012339458044152707,,,,,0.0,0.0,2.8216605186462402
TRAIN,sfbg4630,93,10,11,20,1,0,1,-8.6875,0.0001686527393758297,,,,,0.0,0.0,2.8216605186462402
TRAIN,sfbg4630,93,11,12,20,1,0,1,-5.78125,0.0030753696337342262,,,,,0.0,0.0,2.8216605186462402
TRAIN,sfbg4630,93,12,13,20,1,0,1,-7.15625,0.0007793660624884069,,,,,0.0,0.0,2.8216605186462402
TRAIN,sfbg4630,93,13,14,20,1,0,1,-7.90625,0.00036829791497439146,,,,,0.0,0.0,2.8216605186462402
TRAIN,sfbg4630,93,14,15,20,1,0,1,-7.9375,0.0003569706459529698,,,,,0.0,0.0,2.8216605186462402
TRAIN,sfbg4630,93,15,16,20,1,0,1,-7.6875,0.000458312890259549,,,,,0.0,0.0,2.8216605186462402
TRAIN,sfbg4630,93,16,17,20,1,0,1,-7.875,0.0003799845289904624,,,,,0.0,0.0,2.8216605186462402
TRAIN,sfbg4630,93,17,18,20,1,0,1,-8.8125,0.00014883848780300468,,,,,0.0,0.0,2.8216605186462402
TRAIN,sfbg4630,93,18,19,20,1,0,1,-9.4375,7.9673009167891e-05,,,,,0.0,0.0,2.8216605186462402
TRAIN,sfbg4630,93,19,20,20,1,0,1,-8.9375,0.00013135180051904172,,,,,0.0,0.0,2.8216605186462402
TRAIN,sfbg4630,94,0,1,20,1,0,1,-2.640625,0.06656918674707413,,,,,0.0,0.0,2.8216605186462402
TRAIN,sfbg4630,94,1,2,20,1,0,1,-4.0625,0.016914913430809975,,,,,0.0,0.0,2.8216605186462402
TRAIN,sfbg4630,94,2,3,20,1,0,1,-6.15625,0.002115703420713544,,,,,0.0,0.0,2.8216605186462402
TRAIN,sfbg4630,94,3,4,20,1,0,1,-3.859375,0.020645929500460625,,,,,0.0,0.0,2.8216605186462402
TRAIN,sfbg4630,94,4,5,20,1,0,1,-5.875,0.0028009270317852497,,,,,0.0,0.0,2.8216605186462402
TRAIN,sfbg4630,94,5,6,20,1,0,1,-5.46875,0.004198795650154352,,,,,0.0,0.0,2.8216605186462402
TRAIN,sfbg4630,94,6,7,20,1,0,1,-6.375,0.0017007222631946206,,,,,0.0,0.0,2.8216605186462402
TRAIN,sfbg4630,94,7,8,20,1,0,1,-5.90625,0.0027149852830916643,,,,,0.0,0.0,2.8216605186462402
TRAIN,sfbg4630,94,8,9,20,1,0,1,-6.3125,0.0018102108733728528,,,,,0.0,0.0,2.8216605186462402
TRAIN,sfbg4630,94,9,10,20,1,0,1,-8.6875,0.0001686527393758297,,,,,0.0,0.0,2.8216605186462402
TRAIN,sfbg4630,94,10,11,20,1,0,1,-8.0,0.00033535013790242374,,,,,0.0,0.0,2.8216605186462402
TRAIN,sfbg4630,94,11,12,20,1,0,1,-5.78125,0.0030753696337342262,,,,,0.0,0.0,2.8216605186462402
TRAIN,sfbg4630,94,12,13,20,1,0,1,-6.65625,0.0012843081494793296,,,,,0.0,0.0,2.8216605186462402
TRAIN,sfbg4630,94,13,14,20,1,0,1,-7.5625,0.0005193048855289817,,,,,0.0,0.0,2.8216605186462402
TRAIN,sfbg4630,94,14,15,20,1,0,1,-7.65625,0.0004728544445242733,,,,,0.0,0.0,2.8216605186462402
TRAIN,sfbg4630,94,15,16,20,1,0,1,-7.03125,0.0008830457809381187,,,,,0.0,0.0,2.8216605186462402
TRAIN,sfbg4630,94,16,17,20,1,0,1,-7.625,0.000487857119878754,,,,,0.0,0.0,2.8216605186462402
TRAIN,sfbg4630,94,17,18,20,1,0,1,-8.625,0.00017952796770259738,,,,,0.0,0.0,2.8216605186462402
TRAIN,sfbg4630,94,18,19,20,1,0,1,-9.375,8.481103577651083e-05,,,,,0.0,0.0,2.8216605186462402
TRAIN,sfbg4630,94,19,20,20,1,0,1,-9.0625,0.00011591933434829116,,,,,0.0,0.0,2.8216605186462402
TRAIN,sfbg4630,95,0,1,20,1,0,1,-4.0,0.01798621006309986,,,,,0.0,0.0,2.8216605186462402
TRAIN,sfbg4630,95,1,2,20,1,0,1,-4.78125,0.008315778337419033,,,,,0.0,0.0,2.8216605186462402
TRAIN,sfbg4630,95,2,3,20,1,0,1,-6.46875,0.0015487611526623368,,,,,0.0,0.0,2.8216605186462402
TRAIN,sfbg4630,95,3,4,20,1,0,1,-4.875,0.007577241398394108,,,,,0.0,0.0,2.8216605186462402
TRAIN,sfbg4630,95,4,5,20,1,0,1,-6.25,0.0019267346942797303,,,,,0.0,0.0,2.8216605186462402
TRAIN,sfbg4630,95,5,6,20,1,0,1,-6.1875,0.0020507434383034706,,,,,0.0,0.0,2.8216605186462402
TRAIN,sfbg4630,95,6,7,20,1,0,1,-6.40625,0.0016484829830005765,,,,,0.0,0.0,2.8216605186462402
TRAIN,sfbg4630,95,7,8,20,1,0,1,-6.03125,0.0023967307060956955,,,,,0.0,0.0,2.8216605186462402
TRAIN,sfbg4630,95,8,9,20,1,0,1,-6.53125,0.0014550630003213882,,,,,0.0,0.0,2.8216605186462402
TRAIN,sfbg4630,95,9,10,20,1,0,1,-8.9375,0.00013135180051904172,,,,,0.0,0.0,2.8216605186462402
TRAIN,sfbg4630,95,10,11,20,1,0,1,-8.4375,0.00021654405281879008,,,,,0.0,0.0,2.8216605186462402
TRAIN,sfbg4630,95,11,12,20,1,0,1,-6.75,0.0011695103021338582,,,,,0.0,0.0,2.8216605186462402
TRAIN,sfbg4630,95,12,13,20,1,0,1,-6.8125,0.001098731067031622,,,,,0.0,0.0,2.8216605186462402
TRAIN,sfbg4630,95,13,14,20,1,0,1,-8.125,0.0002959570847451687,,,,,0.0,0.0,2.8216605186462402
TRAIN,sfbg4630,95,14,15,20,1,0,1,-7.90625,0.00036829791497439146,,,,,0.0,0.0,2.8216605186462402
TRAIN,sfbg4630,95,15,16,20,1,0,1,-7.5,0.000552778656128794,,,,,0.0,0.0,2.8216605186462402
TRAIN,sfbg4630,95,16,17,20,1,0,1,-8.1875,0.0002780309587251395,,,,,0.0,0.0,2.8216605186462402
TRAIN,sfbg4630,95,17,18,20,1,0,1,-9.1875,0.00010229986219201237,,,,,0.0,0.0,2.8216605186462402
TRAIN,sfbg4630,95,18,19,20,1,0,1,-9.8125,5.475977377500385e-05,,,,,0.0,0.0,2.8216605186462402
TRAIN,sfbg4630,95,19,20,20,1,0,1,-9.1875,0.00010229986219201237,,,,,0.0,0.0,2.8216605186462402
TRAIN,sfbg4630,96,0,1,20,1,0,1,-3.25,0.037326887249946594,,,,,0.0,0.0,2.8216605186462402
TRAIN,sfbg4630,96,1,2,20,1,0,1,-5.0,0.006692850962281227,,,,,0.0,0.0,2.8216605186462402
TRAIN,sfbg4630,96,2,3,20,1,0,1,-6.09375,0.002251847181469202,,,,,0.0,0.0,2.8216605186462402
TRAIN,sfbg4630,96,3,4,20,1,0,1,-4.78125,0.008315778337419033,,,,,0.0,0.0,2.8216605186462402
TRAIN,sfbg4630,96,4,5,20,1,0,1,-6.25,0.0019267346942797303,,,,,0.0,0.0,2.8216605186462402
TRAIN,sfbg4630,96,5,6,20,1,0,1,-6.03125,0.0023967307060956955,,,,,0.0,0.0,2.8216605186462402
TRAIN,sfbg4630,96,6,7,20,1,0,1,-6.78125,0.0011335690505802631,,,,,0.0,0.0,2.8216605186462402
TRAIN,sfbg4630,96,7,8,20,1,0,1,-6.125,0.002182716503739357,,,,,0.0,0.0,2.8216605186462402
TRAIN,sfbg4630,96,8,9,20,1,0,1,-6.25,0.0019267346942797303,,,,,0.0,0.0,2.8216605186462402
TRAIN,sfbg4630,96,9,10,20,1,0,1,-9.25,9.610241977497935e-05,,,,,0.0,0.0,2.8216605186462402
TRAIN,sfbg4630,96,10,11,20,1,0,1,-9.3125,9.028038039105013e-05,,,,,0.0,0.0,2.8216605186462402
TRAIN,sfbg4630,96,11,12,20,1,0,1,-6.96875,0.0009399438858963549,,,,,0.0,0.0,2.8216605186462402
TRAIN,sfbg4630,96,12,13,20,1,0,1,-6.875,0.0010322310263291001,,,,,0.0,0.0,2.8216605186462402
TRAIN,sfbg4630,96,13,14,20,1,0,1,-7.96875,0.00034599160426296294,,,,,0.0,0.0,2.8216605186462402
TRAIN,sfbg4630,96,14,15,20,1,0,1,-7.84375,0.0003920417802873999,,,,,0.0,0.0,2.8216605186462402
TRAIN,sfbg4630,96,15,16,20,1,0,1,-7.625,0.000487857119878754,,,,,0.0,0.0,2.8216605186462402
TRAIN,sfbg4630,96,16,17,20,1,0,1,-7.875,0.0003799845289904624,,,,,0.0,0.0,2.8216605186462402
TRAIN,sfbg4630,96,17,18,20,1,0,1,-9.375,8.481103577651083e-05,,,,,0.0,0.0,2.8216605186462402
TRAIN,sfbg4630,96,18,19,20,1,0,1,-10.0625,4.2647468944778666e-05,,,,,0.0,0.0,2.8216605186462402
TRAIN,sfbg4630,96,19,20,20,1,0,1,-9.5625,7.031184941297397e-05,,,,,0.0,0.0,2.8216605186462402
TRAIN,sfbg4630,97,0,1,20,1,0,1,-3.578125,0.027169233188033104,,,,,0.0,0.0,2.8216605186462402
TRAIN,sfbg4630,97,1,2,20,1,0,1,-5.6875,0.0033766122069209814,,,,,0.0,0.0,2.8216605186462402
TRAIN,sfbg4630,97,2,3,20,1,0,1,-6.9375,0.0009697519708424807,,,,,0.0,0.0,2.8216605186462402
TRAIN,sfbg4630,97,3,4,20,1,0,1,-5.125,0.0059110685251653194,,,,,0.0,0.0,2.8216605186462402
TRAIN,sfbg4630,97,4,5,20,1,0,1,-6.65625,0.0012843081494793296,,,,,0.0,0.0,2.8216605186462402
TRAIN,sfbg4630,97,5,6,20,1,0,1,-6.90625,0.0010005044750869274,,,,,0.0,0.0,2.8216605186462402
TRAIN,sfbg4630,97,6,7,20,1,0,1,-7.125,0.0008040859247557819,,,,,0.0,0.0,2.8216605186462402
TRAIN,sfbg4630,97,7,8,20,1,0,1,-6.59375,0.0013670255430042744,,,,,0.0,0.0,2.8216605186462402
TRAIN,sfbg4630,97,8,9,20,1,0,1,-6.625,0.0013250223128125072,,,,,0.0,0.0,2.8216605186462402
TRAIN,sfbg4630,97,9,10,20,1,0,1,-9.125,0.00010889690747717395,,,,,0.0,0.0,2.8216605186462402
TRAIN,sfbg4630,97,10,11,20,1,0,1,-9.0,0.00012339458044152707,,,,,0.0,0.0,2.8216605186462402
TRAIN,sfbg4630,97,11,12,20,1,0,1,-7.1875,0.0007554056355729699,,,,,0.0,0.0,2.8216605186462402
TRAIN,sfbg4630,97,12,13,20,1,0,1,-7.125,0.0008040859247557819,,,,,0.0,0.0,2.8216605186462402
TRAIN,sfbg4630,97,13,14,20,1,0,1,-8.25,0.0002611903182696551,,,,,0.0,0.0,2.8216605186462402
TRAIN,sfbg4630,97,14,15,20,1,0,1,-8.0625,0.0003150386910419911,,,,,0.0,0.0,2.8216605186462402
TRAIN,sfbg4630,97,15,16,20,1,0,1,-7.625,0.000487857119878754,,,,,0.0,0.0,2.8216605186462402
TRAIN,sfbg4630,97,16,17,20,1,0,1,-8.1875,0.0002780309587251395,,,,,0.0,0.0,2.8216605186462402
TRAIN,sfbg4630,97,17,18,20,1,0,1,-8.9375,0.00013135180051904172,,,,,0.0,0.0,2.8216605186462402
TRAIN,sfbg4630,97,18,19,20,1,0,1,-9.5,7.484622619813308e-05,,,,,0.0,0.0,2.8216605186462402
TRAIN,sfbg4630,97,19,20,20,1,0,1,-9.0625,0.00011591933434829116,,,,,0.0,0.0,2.8216605186462402
TRAIN,sfbg4630,98,0,1,20,1,0,1,-2.703125,0.06278920918703079,,,,,0.0,0.0,2.8216605186462402
TRAIN,sfbg4630,98,1,2,20,1,0,1,-5.6875,0.0033766122069209814,,,,,0.0,0.0,2.8216605186462402
TRAIN,sfbg4630,98,2,3,20,1,0,1,-7.03125,0.0008830457809381187,,,,,0.0,0.0,2.8216605186462402
TRAIN,sfbg4630,98,3,4,20,1,0,1,-6.53125,0.0014550630003213882,,,,,0.0,0.0,2.8216605186462402
TRAIN,sfbg4630,98,4,5,20,1,0,1,-6.9375,0.0009697519708424807,,,,,0.0,0.0,2.8216605186462402
TRAIN,sfbg4630,98,5,6,20,1,0,1,-6.59375,0.0013670255430042744,,,,,0.0,0.0,2.8216605186462402
TRAIN,sfbg4630,98,6,7,20,1,0,1,-7.125,0.0008040859247557819,,,,,0.0,0.0,2.8216605186462402
TRAIN,sfbg4630,98,7,8,20,1,0,1,-6.96875,0.0009399438858963549,,,,,0.0,0.0,2.8216605186462402
TRAIN,sfbg4630,98,8,9,20,1,0,1,-6.875,0.0010322310263291001,,,,,0.0,0.0,2.8216605186462402
TRAIN,sfbg4630,98,9,10,20,1,0,1,-9.25,9.610241977497935e-05,,,,,0.0,0.0,2.8216605186462402
TRAIN,sfbg4630,98,10,11,20,1,0,1,-8.875,0.00013982206291984767,,,,,0.0,0.0,2.8216605186462402
TRAIN,sfbg4630,98,11,12,20,1,0,1,-6.78125,0.0011335690505802631,,,,,0.0,0.0,2.8216605186462402
TRAIN,sfbg4630,98,12,13,20,1,0,1,-6.6875,0.0012448433553799987,,,,,0.0,0.0,2.8216605186462402
TRAIN,sfbg4630,98,13,14,20,1,0,1,-7.9375,0.0003569706459529698,,,,,0.0,0.0,2.8216605186462402
TRAIN,sfbg4630,98,14,15,20,1,0,1,-7.65625,0.0004728544445242733,,,,,0.0,0.0,2.8216605186462402
TRAIN,sfbg4630,98,15,16,20,1,0,1,-7.625,0.000487857119878754,,,,,0.0,0.0,2.8216605186462402
TRAIN,sfbg4630,98,16,17,20,1,0,1,-8.1875,0.0002780309587251395,,,,,0.0,0.0,2.8216605186462402
TRAIN,sfbg4630,98,17,18,20,1,0,1,-9.25,9.610241977497935e-05,,,,,0.0,0.0,2.8216605186462402
TRAIN,sfbg4630,98,18,19,20,1,0,1,-9.6875,6.205049430718645e-05,,,,,0.0,0.0,2.8216605186462402
TRAIN,sfbg4630,98,19,20,20,1,0,1,-9.125,0.00010889690747717395,,,,,0.0,0.0,2.8216605186462402
TRAIN,sfbg4630,99,0,1,20,1,0,1,-2.234375,0.09670579433441162,,,,,0.0,0.0,2.8216605186462402
TRAIN,sfbg4630,99,1,2,20,1,0,1,-5.09375,0.0060975621454417706,,,,,0.0,0.0,2.8216605186462402
TRAIN,sfbg4630,99,2,3,20,1,0,1,-6.8125,0.001098731067031622,,,,,0.0,0.0,2.8216605186462402
TRAIN,sfbg4630,99,3,4,20,1,0,1,-5.46875,0.004198795650154352,,,,,0.0,0.0,2.8216605186462402
TRAIN,sfbg4630,99,4,5,20,1,0,1,-6.34375,0.0017546144081279635,,,,,0.0,0.0,2.8216605186462402
TRAIN,sfbg4630,99,5,6,20,1,0,1,-6.125,0.002182716503739357,,,,,0.0,0.0,2.8216605186462402
TRAIN,sfbg4630,99,6,7,20,1,0,1,-6.75,0.0011695103021338582,,,,,0.0,0.0,2.8216605186462402
TRAIN,sfbg4630,99,7,8,20,1,0,1,-6.21875,0.001987774157896638,,,,,0.0,0.0,2.8216605186462402
TRAIN,sfbg4630,99,8,9,20,1,0,1,-6.375,0.0017007222631946206,,,,,0.0,0.0,2.8216605186462402
TRAIN,sfbg4630,99,9,10,20,1,0,1,-8.875,0.00013982206291984767,,,,,0.0,0.0,2.8216605186462402
TRAIN,sfbg4630,99,10,11,20,1,0,1,-8.6875,0.0001686527393758297,,,,,0.0,0.0,2.8216605186462402
TRAIN,sfbg4630,99,11,12,20,1,0,1,-6.15625,0.002115703420713544,,,,,0.0,0.0,2.8216605186462402
TRAIN,sfbg4630,99,12,13,20,1,0,1,-6.625,0.0013250223128125072,,,,,0.0,0.0,2.8216605186462402
TRAIN,sfbg4630,99,13,14,20,1,0,1,-7.625,0.000487857119878754,,,,,0.0,0.0,2.8216605186462402
TRAIN,sfbg4630,99,14,15,20,1,0,1,-7.5625,0.0005193048855289817,,,,,0.0,0.0,2.8216605186462402
TRAIN,sfbg4630,99,15,16,20,1,0,1,-7.0,0.0009110511746257544,,,,,0.0,0.0,2.8216605186462402
TRAIN,sfbg4630,99,16,17,20,1,0,1,-7.90625,0.00036829791497439146,,,,,0.0,0.0,2.8216605186462402
TRAIN,sfbg4630,99,17,18,20,1,0,1,-8.8125,0.00014883848780300468,,,,,0.0,0.0,2.8216605186462402
TRAIN,sfbg4630,99,18,19,20,1,0,1,-9.3125,9.028038039105013e-05,,,,,0.0,0.0,2.8216605186462402
TRAIN,sfbg4630,99,19,20,20,1,0,1,-8.625,0.00017952796770259738,,,,,0.0,0.0,2.8216605186462402
TRAIN,sfbg4630,100,0,1,20,1,0,1,-1.203125,0.23091977834701538,,,,,0.0,0.0,2.8216605186462402
TRAIN,sfbg4630,100,1,2,20,1,0,1,-5.28125,0.005060331895947456,,,,,0.0,0.0,2.8216605186462402
TRAIN,sfbg4630,100,2,3,20,1,0,1,-6.625,0.0013250223128125072,,,,,0.0,0.0,2.8216605186462402
TRAIN,sfbg4630,100,3,4,20,1,0,1,-6.53125,0.0014550630003213882,,,,,0.0,0.0,2.8216605186462402
TRAIN,sfbg4630,100,4,5,20,1,0,1,-7.03125,0.0008830457809381187,,,,,0.0,0.0,2.8216605186462402
TRAIN,sfbg4630,100,5,6,20,1,0,1,-6.65625,0.0012843081494793296,,,,,0.0,0.0,2.8216605186462402
TRAIN,sfbg4630,100,6,7,20,1,0,1,-7.09375,0.0008295892039313912,,,,,0.0,0.0,2.8216605186462402
TRAIN,sfbg4630,100,7,8,20,1,0,1,-6.8125,0.001098731067031622,,,,,0.0,0.0,2.8216605186462402
TRAIN,sfbg4630,100,8,9,20,1,0,1,-6.71875,0.0012065897462889552,,,,,0.0,0.0,2.8216605186462402
TRAIN,sfbg4630,100,9,10,20,1,0,1,-9.125,0.00010889690747717395,,,,,0.0,0.0,2.8216605186462402
TRAIN,sfbg4630,100,10,11,20,1,0,1,-8.8125,0.00014883848780300468,,,,,0.0,0.0,2.8216605186462402
TRAIN,sfbg4630,100,11,12,20,1,0,1,-6.84375,0.0010649627074599266,,,,,0.0,0.0,2.8216605186462402
TRAIN,sfbg4630,100,12,13,20,1,0,1,-6.84375,0.0010649627074599266,,,,,0.0,0.0,2.8216605186462402
TRAIN,sfbg4630,100,13,14,20,1,0,1,-7.71875,0.0004442183708306402,,,,,0.0,0.0,2.8216605186462402
TRAIN,sfbg4630,100,14,15,20,1,0,1,-7.75,0.00043055712012574077,,,,,0.0,0.0,2.8216605186462402
TRAIN,sfbg4630,100,15,16,20,1,0,1,-7.4375,0.0005884087877348065,,,,,0.0,0.0,2.8216605186462402
TRAIN,sfbg4630,100,16,17,20,1,0,1,-7.90625,0.00036829791497439146,,,,,0.0,0.0,2.8216605186462402
TRAIN,sfbg4630,100,17,18,20,1,0,1,-9.0625,0.00011591933434829116,,,,,0.0,0.0,2.8216605186462402
TRAIN,sfbg4630,100,18,19,20,1,0,1,-9.6875,6.205049430718645e-05,,,,,0.0,0.0,2.8216605186462402
TRAIN,sfbg4630,100,19,20,20,1,0,1,-8.6875,0.0001686527393758297,,,,,0.0,0.0,2.8216605186462402
TRAIN,sfbg4630,101,0,1,20,1,0,1,-1.8359375,0.13753245770931244,,,,,0.0,0.0,2.8216605186462402
TRAIN,sfbg4630,101,1,2,20,1,0,1,-5.375,0.004609572235494852,,,,,0.0,0.0,2.8216605186462402
TRAIN,sfbg4630,101,2,3,20,1,0,1,-6.40625,0.0016484829830005765,,,,,0.0,0.0,2.8216605186462402
TRAIN,sfbg4630,101,3,4,20,1,0,1,-5.90625,0.0027149852830916643,,,,,0.0,0.0,2.8216605186462402
TRAIN,sfbg4630,101,4,5,20,1,0,1,-6.59375,0.0013670255430042744,,,,,0.0,0.0,2.8216605186462402
TRAIN,sfbg4630,101,5,6,20,1,0,1,-6.15625,0.002115703420713544,,,,,0.0,0.0,2.8216605186462402
TRAIN,sfbg4630,101,6,7,20,1,0,1,-6.71875,0.0012065897462889552,,,,,0.0,0.0,2.8216605186462402
TRAIN,sfbg4630,101,7,8,20,1,0,1,-6.34375,0.0017546144081279635,,,,,0.0,0.0,2.8216605186462402
TRAIN,sfbg4630,101,8,9,20,1,0,1,-6.375,0.0017007222631946206,,,,,0.0,0.0,2.8216605186462402
TRAIN,sfbg4630,101,9,10,20,1,0,1,-8.9375,0.00013135180051904172,,,,,0.0,0.0,2.8216605186462402
TRAIN,sfbg4630,101,10,11,20,1,0,1,-8.75,0.00015843621804378927,,,,,0.0,0.0,2.8216605186462402
TRAIN,sfbg4630,101,11,12,20,1,0,1,-5.8125,0.0029810327105224133,,,,,0.0,0.0,2.8216605186462402
TRAIN,sfbg4630,101,12,13,20,1,0,1,-6.46875,0.0015487611526623368,,,,,0.0,0.0,2.8216605186462402
TRAIN,sfbg4630,101,13,14,20,1,0,1,-7.53125,0.0005357805639505386,,,,,0.0,0.0,2.8216605186462402
TRAIN,sfbg4630,101,14,15,20,1,0,1,-7.34375,0.0006462032906711102,,,,,0.0,0.0,2.8216605186462402
TRAIN,sfbg4630,101,15,16,20,1,0,1,-6.9375,0.0009697519708424807,,,,,0.0,0.0,2.8216605186462402
TRAIN,sfbg4630,101,16,17,20,1,0,1,-7.78125,0.00041731575038284063,,,,,0.0,0.0,2.8216605186462402
TRAIN,sfbg4630,101,17,18,20,1,0,1,-8.8125,0.00014883848780300468,,,,,0.0,0.0,2.8216605186462402
TRAIN,sfbg4630,101,18,19,20,1,0,1,-9.375,8.481103577651083e-05,,,,,0.0,0.0,2.8216605186462402
TRAIN,sfbg4630,101,19,20,20,1,0,1,-8.9375,0.00013135180051904172,,,,,0.0,0.0,2.8216605186462402
TRAIN,sfbg4630,102,0,1,20,1,0,1,-3.03125,0.04603390023112297,,,,,0.0,0.0,2.8216605186462402
TRAIN,sfbg4630,102,1,2,20,1,0,1,-6.15625,0.002115703420713544,,,,,0.0,0.0,2.8216605186462402
TRAIN,sfbg4630,102,2,3,20,1,0,1,-7.1875,0.0007554056355729699,,,,,0.0,0.0,2.8216605186462402
TRAIN,sfbg4630,102,3,4,20,1,0,1,-6.78125,0.0011335690505802631,,,,,0.0,0.0,2.8216605186462402
TRAIN,sfbg4630,102,4,5,20,1,0,1,-7.3125,0.0006667023408226669,,,,,0.0,0.0,2.8216605186462402
TRAIN,sfbg4630,102,5,6,20,1,0,1,-7.0625,0.0008559006964787841,,,,,0.0,0.0,2.8216605186462402
TRAIN,sfbg4630,102,6,7,20,1,0,1,-7.65625,0.0004728544445242733,,,,,0.0,0.0,2.8216605186462402
TRAIN,sfbg4630,102,7,8,20,1,0,1,-7.3125,0.0006667023408226669,,,,,0.0,0.0,2.8216605186462402
TRAIN,sfbg4630,102,8,9,20,1,0,1,-7.34375,0.0006462032906711102,,,,,0.0,0.0,2.8216605186462402
TRAIN,sfbg4630,102,9,10,20,1,0,1,-9.3125,9.028038039105013e-05,,,,,0.0,0.0,2.8216605186462402
TRAIN,sfbg4630,102,10,11,20,1,0,1,-9.1875,0.00010229986219201237,,,,,0.0,0.0,2.8216605186462402
TRAIN,sfbg4630,102,11,12,20,1,0,1,-6.125,0.002182716503739357,,,,,0.0,0.0,2.8216605186462402
TRAIN,sfbg4630,102,12,13,20,1,0,1,-6.5625,0.0014103584690019488,,,,,0.0,0.0,2.8216605186462402
TRAIN,sfbg4630,102,13,14,20,1,0,1,-7.53125,0.0005357805639505386,,,,,0.0,0.0,2.8216605186462402
TRAIN,sfbg4630,102,14,15,20,1,0,1,-7.625,0.000487857119878754,,,,,0.0,0.0,2.8216605186462402
TRAIN,sfbg4630,102,15,16,20,1,0,1,-7.125,0.0008040859247557819,,,,,0.0,0.0,2.8216605186462402
TRAIN,sfbg4630,102,16,17,20,1,0,1,-7.84375,0.0003920417802873999,,,,,0.0,0.0,2.8216605186462402
TRAIN,sfbg4630,102,17,18,20,1,0,1,-9.125,0.00010889690747717395,,,,,0.0,0.0,2.8216605186462402
TRAIN,sfbg4630,102,18,19,20,1,0,1,-9.625,6.60521473037079e-05,,,,,0.0,0.0,2.8216605186462402
TRAIN,sfbg4630,102,19,20,20,1,0,1,-9.125,0.00010889690747717395,,,,,0.0,0.0,2.8216605186462402
TRAIN,sfbg4630,103,0,1,20,1,0,1,-2.53125,0.07369627058506012,,,,,0.0,0.0,2.8216605186462402
TRAIN,sfbg4630,103,1,2,20,1,0,1,-6.28125,0.0018675660248845816,,,,,0.0,0.0,2.8216605186462402
TRAIN,sfbg4630,103,2,3,20,1,0,1,-7.46875,0.000570315751247108,,,,,0.0,0.0,2.8216605186462402
TRAIN,sfbg4630,103,3,4,20,1,0,1,-6.75,0.0011695103021338582,,,,,0.0,0.0,2.8216605186462402
TRAIN,sfbg4630,103,4,5,20,1,0,1,-7.4375,0.0005884087877348065,,,,,0.0,0.0,2.8216605186462402
TRAIN,sfbg4630,103,5,6,20,1,0,1,-7.09375,0.0008295892039313912,,,,,0.0,0.0,2.8216605186462402
TRAIN,sfbg4630,103,6,7,20,1,0,1,-7.78125,0.00041731575038284063,,,,,0.0,0.0,2.8216605186462402
TRAIN,sfbg4630,103,7,8,20,1,0,1,-7.53125,0.0005357805639505386,,,,,0.0,0.0,2.8216605186462402
TRAIN,sfbg4630,103,8,9,20,1,0,1,-7.5,0.000552778656128794,,,,,0.0,0.0,2.8216605186462402
TRAIN,sfbg4630,103,9,10,20,1,0,1,-9.25,9.610241977497935e-05,,,,,0.0,0.0,2.8216605186462402
TRAIN,sfbg4630,103,10,11,20,1,0,1,-9.3125,9.028038039105013e-05,,,,,0.0,0.0,2.8216605186462402
TRAIN,sfbg4630,103,11,12,20,1,0,1,-6.28125,0.0018675660248845816,,,,,0.0,0.0,2.8216605186462402
TRAIN,sfbg4630,103,12,13,20,1,0,1,-7.125,0.0008040859247557819,,,,,0.0,0.0,2.8216605186462402
TRAIN,sfbg4630,103,13,14,20,1,0,1,-8.0625,0.0003150386910419911,,,,,0.0,0.0,2.8216605186462402
TRAIN,sfbg4630,103,14,15,20,1,0,1,-8.1875,0.0002780309587251395,,,,,0.0,0.0,2.8216605186462402
TRAIN,sfbg4630,103,15,16,20,1,0,1,-7.78125,0.00041731575038284063,,,,,0.0,0.0,2.8216605186462402
TRAIN,sfbg4630,103,16,17,20,1,0,1,-7.71875,0.0004442183708306402,,,,,0.0,0.0,2.8216605186462402
TRAIN,sfbg4630,103,17,18,20,1,0,1,-9.3125,9.028038039105013e-05,,,,,0.0,0.0,2.8216605186462402
TRAIN,sfbg4630,103,18,19,20,1,0,1,-9.6875,6.205049430718645e-05,,,,,0.0,0.0,2.8216605186462402
TRAIN,sfbg4630,103,19,20,20,1,0,1,-9.3125,9.028038039105013e-05,,,,,0.0,0.0,2.8216605186462402
TRAIN,sfbg4630,104,0,1,20,1,0,1,-2.078125,0.11124119907617569,,,,,0.0,0.0,2.8216605186462402
TRAIN,sfbg4630,104,1,2,20,1,0,1,-5.78125,0.0030753696337342262,,,,,0.0,0.0,2.8216605186462402
TRAIN,sfbg4630,104,2,3,20,1,0,1,-7.3125,0.0006667023408226669,,,,,0.0,0.0,2.8216605186462402
TRAIN,sfbg4630,104,3,4,20,1,0,1,-6.84375,0.0010649627074599266,,,,,0.0,0.0,2.8216605186462402
TRAIN,sfbg4630,104,4,5,20,1,0,1,-7.25,0.0007096704212017357,,,,,0.0,0.0,2.8216605186462402
TRAIN,sfbg4630,104,5,6,20,1,0,1,-6.96875,0.0009399438858963549,,,,,0.0,0.0,2.8216605186462402
TRAIN,sfbg4630,104,6,7,20,1,0,1,-7.5625,0.0005193048855289817,,,,,0.0,0.0,2.8216605186462402
TRAIN,sfbg4630,104,7,8,20,1,0,1,-7.21875,0.0007321811863221228,,,,,0.0,0.0,2.8216605186462402
TRAIN,sfbg4630,104,8,9,20,1,0,1,-7.4375,0.0005884087877348065,,,,,0.0,0.0,2.8216605186462402
TRAIN,sfbg4630,104,9,10,20,1,0,1,-8.9375,0.00013135180051904172,,,,,0.0,0.0,2.8216605186462402
TRAIN,sfbg4630,104,10,11,20,1,0,1,-8.8125,0.00014883848780300468,,,,,0.0,0.0,2.8216605186462402
TRAIN,sfbg4630,104,11,12,20,1,0,1,-6.21875,0.001987774157896638,,,,,0.0,0.0,2.8216605186462402
TRAIN,sfbg4630,104,12,13,20,1,0,1,-6.6875,0.0012448433553799987,,,,,0.0,0.0,2.8216605186462402
TRAIN,sfbg4630,104,13,14,20,1,0,1,-7.8125,0.0004044814850203693,,,,,0.0,0.0,2.8216605186462402
TRAIN,sfbg4630,104,14,15,20,1,0,1,-7.78125,0.00041731575038284063,,,,,0.0,0.0,2.8216605186462402
TRAIN,sfbg4630,104,15,16,20,1,0,1,-7.1875,0.0007554056355729699,,,,,0.0,0.0,2.8216605186462402
TRAIN,sfbg4630,104,16,17,20,1,0,1,-7.8125,0.0004044814850203693,,,,,0.0,0.0,2.8216605186462402
TRAIN,sfbg4630,104,17,18,20,1,0,1,-9.0,0.00012339458044152707,,,,,0.0,0.0,2.8216605186462402
TRAIN,sfbg4630,104,18,19,20,1,0,1,-9.5,7.484622619813308e-05,,,,,0.0,0.0,2.8216605186462402
TRAIN,sfbg4630,104,19,20,20,1,0,1,-9.1875,0.00010229986219201237,,,,,0.0,0.0,2.8216605186462402
TRAIN,sfbg4630,105,0,1,20,1,0,1,-2.359375,0.08632347732782364,,,,,0.0,0.0,2.8216605186462402
TRAIN,sfbg4630,105,1,2,20,1,0,1,-5.5,0.00407013762742281,,,,,0.0,0.0,2.8216605186462402
TRAIN,sfbg4630,105,2,3,20,1,0,1,-7.09375,0.0008295892039313912,,,,,0.0,0.0,2.8216605186462402
TRAIN,sfbg4630,105,3,4,20,1,0,1,-6.6875,0.0012448433553799987,,,,,0.0,0.0,2.8216605186462402
TRAIN,sfbg4630,105,4,5,20,1,0,1,-7.46875,0.000570315751247108,,,,,0.0,0.0,2.8216605186462402
TRAIN,sfbg4630,105,5,6,20,1,0,1,-6.875,0.0010322310263291001,,,,,0.0,0.0,2.8216605186462402
TRAIN,sfbg4630,105,6,7,20,1,0,1,-7.46875,0.000570315751247108,,,,,0.0,0.0,2.8216605186462402
TRAIN,sfbg4630,105,7,8,20,1,0,1,-7.1875,0.0007554056355729699,,,,,0.0,0.0,2.8216605186462402
TRAIN,sfbg4630,105,8,9,20,1,0,1,-6.8125,0.001098731067031622,,,,,0.0,0.0,2.8216605186462402
TRAIN,sfbg4630,105,9,10,20,1,0,1,-9.0,0.00012339458044152707,,,,,0.0,0.0,2.8216605186462402
TRAIN,sfbg4630,105,10,11,20,1,0,1,-8.3125,0.00024536947603337467,,,,,0.0,0.0,2.8216605186462402
TRAIN,sfbg4630,105,11,12,20,1,0,1,-6.25,0.0019267346942797303,,,,,0.0,0.0,2.8216605186462402
TRAIN,sfbg4630,105,12,13,20,1,0,1,-7.15625,0.0007793660624884069,,,,,0.0,0.0,2.8216605186462402
TRAIN,sfbg4630,105,13,14,20,1,0,1,-8.0,0.00033535013790242374,,,,,0.0,0.0,2.8216605186462402
TRAIN,sfbg4630,105,14,15,20,1,0,1,-8.125,0.0002959570847451687,,,,,0.0,0.0,2.8216605186462402
TRAIN,sfbg4630,105,15,16,20,1,0,1,-7.5625,0.0005193048855289817,,,,,0.0,0.0,2.8216605186462402
TRAIN,sfbg4630,105,16,17,20,1,0,1,-7.84375,0.0003920417802873999,,,,,0.0,0.0,2.8216605186462402
TRAIN,sfbg4630,105,17,18,20,1,0,1,-9.0625,0.00011591933434829116,,,,,0.0,0.0,2.8216605186462402
TRAIN,sfbg4630,105,18,19,20,1,0,1,-9.3125,9.028038039105013e-05,,,,,0.0,0.0,2.8216605186462402
TRAIN,sfbg4630,105,19,20,20,1,0,1,-9.1875,0.00010229986219201237,,,,,0.0,0.0,2.8216605186462402
TRAIN,sfbg4630,106,0,1,20,1,0,1,-2.140625,0.10521054267883301,,,,,0.0,0.0,2.8216605186462402
TRAIN,sfbg4630,106,1,2,20,1,0,1,-5.59375,0.0037072531413286924,,,,,0.0,0.0,2.8216605186462402
TRAIN,sfbg4630,106,2,3,20,1,0,1,-7.0,0.0009110511746257544,,,,,0.0,0.0,2.8216605186462402
TRAIN,sfbg4630,106,3,4,20,1,0,1,-6.65625,0.0012843081494793296,,,,,0.0,0.0,2.8216605186462402
TRAIN,sfbg4630,106,4,5,20,1,0,1,-7.34375,0.0006462032906711102,,,,,0.0,0.0,2.8216605186462402
TRAIN,sfbg4630,106,5,6,20,1,0,1,-6.71875,0.0012065897462889552,,,,,0.0,0.0,2.8216605186462402
TRAIN,sfbg4630,106,6,7,20,1,0,1,-7.59375,0.000503335555549711,,,,,0.0,0.0,2.8216605186462402
TRAIN,sfbg4630,106,7,8,20,1,0,1,-7.21875,0.0007321811863221228,,,,,0.0,0.0,2.8216605186462402
TRAIN,sfbg4630,106,8,9,20,1,0,1,-7.09375,0.0008295892039313912,,,,,0.0,0.0,2.8216605186462402
TRAIN,sfbg4630,106,9,10,20,1,0,1,-9.1875,0.00010229986219201237,,,,,0.0,0.0,2.8216605186462402
TRAIN,sfbg4630,106,10,11,20,1,0,1,-8.8125,0.00014883848780300468,,,,,0.0,0.0,2.8216605186462402
TRAIN,sfbg4630,106,11,12,20,1,0,1,-6.46875,0.0015487611526623368,,,,,0.0,0.0,2.8216605186462402
TRAIN,sfbg4630,106,12,13,20,1,0,1,-6.90625,0.0010005044750869274,,,,,0.0,0.0,2.8216605186462402
TRAIN,sfbg4630,106,13,14,20,1,0,1,-7.6875,0.000458312890259549,,,,,0.0,0.0,2.8216605186462402
TRAIN,sfbg4630,106,14,15,20,1,0,1,-7.90625,0.00036829791497439146,,,,,0.0,0.0,2.8216605186462402
TRAIN,sfbg4630,106,15,16,20,1,0,1,-7.4375,0.0005884087877348065,,,,,0.0,0.0,2.8216605186462402
TRAIN,sfbg4630,106,16,17,20,1,0,1,-7.65625,0.0004728544445242733,,,,,0.0,0.0,2.8216605186462402
TRAIN,sfbg4630,106,17,18,20,1,0,1,-9.25,9.610241977497935e-05,,,,,0.0,0.0,2.8216605186462402
TRAIN,sfbg4630,106,18,19,20,1,0,1,-9.5625,7.031184941297397e-05,,,,,0.0,0.0,2.8216605186462402
TRAIN,sfbg4630,106,19,20,20,1,0,1,-9.0625,0.00011591933434829116,,,,,0.0,0.0,2.8216605186462402
TRAIN,sfbg4630,107,0,1,20,1,0,1,-2.546875,0.07263670116662979,,,,,0.0,0.0,2.8216605186462402
TRAIN,sfbg4630,107,1,2,20,1,0,1,-5.78125,0.0030753696337342262,,,,,0.0,0.0,2.8216605186462402
TRAIN,sfbg4630,107,2,3,20,1,0,1,-7.0625,0.0008559006964787841,,,,,0.0,0.0,2.8216605186462402
TRAIN,sfbg4630,107,3,4,20,1,0,1,-6.625,0.0013250223128125072,,,,,0.0,0.0,2.8216605186462402
TRAIN,sfbg4630,107,4,5,20,1,0,1,-7.09375,0.0008295892039313912,,,,,0.0,0.0,2.8216605186462402
TRAIN,sfbg4630,107,5,6,20,1,0,1,-6.8125,0.001098731067031622,,,,,0.0,0.0,2.8216605186462402
TRAIN,sfbg4630,107,6,7,20,1,0,1,-7.1875,0.0007554056355729699,,,,,0.0,0.0,2.8216605186462402
TRAIN,sfbg4630,107,7,8,20,1,0,1,-7.125,0.0008040859247557819,,,,,0.0,0.0,2.8216605186462402
TRAIN,sfbg4630,107,8,9,20,1,0,1,-7.28125,0.0006878511630930007,,,,,0.0,0.0,2.8216605186462402
TRAIN,sfbg4630,107,9,10,20,1,0,1,-8.75,0.00015843621804378927,,,,,0.0,0.0,2.8216605186462402
TRAIN,sfbg4630,107,10,11,20,1,0,1,-8.25,0.0002611903182696551,,,,,0.0,0.0,2.8216605186462402
TRAIN,sfbg4630,107,11,12,20,1,0,1,-6.40625,0.0016484829830005765,,,,,0.0,0.0,2.8216605186462402
TRAIN,sfbg4630,107,12,13,20,1,0,1,-6.8125,0.001098731067031622,,,,,0.0,0.0,2.8216605186462402
TRAIN,sfbg4630,107,13,14,20,1,0,1,-7.34375,0.0006462032906711102,,,,,0.0,0.0,2.8216605186462402
TRAIN,sfbg4630,107,14,15,20,1,0,1,-7.71875,0.0004442183708306402,,,,,0.0,0.0,2.8216605186462402
TRAIN,sfbg4630,107,15,16,20,1,0,1,-7.03125,0.0008830457809381187,,,,,0.0,0.0,2.8216605186462402
TRAIN,sfbg4630,107,16,17,20,1,0,1,-7.25,0.0007096704212017357,,,,,0.0,0.0,2.8216605186462402
TRAIN,sfbg4630,107,17,18,20,1,0,1,-8.625,0.00017952796770259738,,,,,0.0,0.0,2.8216605186462402
TRAIN,sfbg4630,107,18,19,20,1,0,1,-9.1875,0.00010229986219201237,,,,,0.0,0.0,2.8216605186462402
TRAIN,sfbg4630,107,19,20,20,1,0,1,-8.6875,0.0001686527393758297,,,,,0.0,0.0,2.8216605186462402
TRAIN,sfbg4630,108,0,1,20,1,0,1,-3.0625,0.044680867344141006,,,,,0.0,0.0,2.8216605186462402
TRAIN,sfbg4630,108,1,2,20,1,0,1,-6.03125,0.0023967307060956955,,,,,0.0,0.0,2.8216605186462402
TRAIN,sfbg4630,108,2,3,20,1,0,1,-7.125,0.0008040859247557819,,,,,0.0,0.0,2.8216605186462402
TRAIN,sfbg4630,108,3,4,20,1,0,1,-6.96875,0.0009399438858963549,,,,,0.0,0.0,2.8216605186462402
TRAIN,sfbg4630,108,4,5,20,1,0,1,-7.46875,0.000570315751247108,,,,,0.0,0.0,2.8216605186462402
TRAIN,sfbg4630,108,5,6,20,1,0,1,-7.375,0.000626334105618298,,,,,0.0,0.0,2.8216605186462402
TRAIN,sfbg4630,108,6,7,20,1,0,1,-7.71875,0.0004442183708306402,,,,,0.0,0.0,2.8216605186462402
TRAIN,sfbg4630,108,7,8,20,1,0,1,-7.5625,0.0005193048855289817,,,,,0.0,0.0,2.8216605186462402
TRAIN,sfbg4630,108,8,9,20,1,0,1,-7.34375,0.0006462032906711102,,,,,0.0,0.0,2.8216605186462402
TRAIN,sfbg4630,108,9,10,20,1,0,1,-9.125,0.00010889690747717395,,,,,0.0,0.0,2.8216605186462402
TRAIN,sfbg4630,108,10,11,20,1,0,1,-8.6875,0.0001686527393758297,,,,,0.0,0.0,2.8216605186462402
TRAIN,sfbg4630,108,11,12,20,1,0,1,-6.78125,0.0011335690505802631,,,,,0.0,0.0,2.8216605186462402
TRAIN,sfbg4630,108,12,13,20,1,0,1,-6.84375,0.0010649627074599266,,,,,0.0,0.0,2.8216605186462402
TRAIN,sfbg4630,108,13,14,20,1,0,1,-7.84375,0.0003920417802873999,,,,,0.0,0.0,2.8216605186462402
TRAIN,sfbg4630,108,14,15,20,1,0,1,-7.8125,0.0004044814850203693,,,,,0.0,0.0,2.8216605186462402
TRAIN,sfbg4630,108,15,16,20,1,0,1,-7.34375,0.0006462032906711102,,,,,0.0,0.0,2.8216605186462402
TRAIN,sfbg4630,108,16,17,20,1,0,1,-7.34375,0.0006462032906711102,,,,,0.0,0.0,2.8216605186462402
TRAIN,sfbg4630,108,17,18,20,1,0,1,-9.125,0.00010889690747717395,,,,,0.0,0.0,2.8216605186462402
TRAIN,sfbg4630,108,18,19,20,1,0,1,-9.375,8.481103577651083e-05,,,,,0.0,0.0,2.8216605186462402
TRAIN,sfbg4630,108,19,20,20,1,0,1,-8.9375,0.00013135180051904172,,,,,0.0,0.0,2.8216605186462402
TRAIN,sfbg4630,109,0,1,20,1,0,1,-2.640625,0.06656918674707413,,,,,0.0,0.0,2.8216605186462402
TRAIN,sfbg4630,109,1,2,20,1,0,1,-6.09375,0.002251847181469202,,,,,0.0,0.0,2.8216605186462402
TRAIN,sfbg4630,109,2,3,20,1,0,1,-6.53125,0.0014550630003213882,,,,,0.0,0.0,2.8216605186462402
TRAIN,sfbg4630,109,3,4,20,1,0,1,-6.75,0.0011695103021338582,,,,,0.0,0.0,2.8216605186462402
TRAIN,sfbg4630,109,4,5,20,1,0,1,-7.53125,0.0005357805639505386,,,,,0.0,0.0,2.8216605186462402
TRAIN,sfbg4630,109,5,6,20,1,0,1,-6.28125,0.0018675660248845816,,,,,0.0,0.0,2.8216605186462402
TRAIN,sfbg4630,109,6,7,20,1,0,1,-7.71875,0.0004442183708306402,,,,,0.0,0.0,2.8216605186462402
TRAIN,sfbg4630,109,7,8,20,1,0,1,-7.5,0.000552778656128794,,,,,0.0,0.0,2.8216605186462402
TRAIN,sfbg4630,109,8,9,20,1,0,1,-7.0625,0.0008559006964787841,,,,,0.0,0.0,2.8216605186462402
TRAIN,sfbg4630,109,9,10,20,1,0,1,-8.9375,0.00013135180051904172,,,,,0.0,0.0,2.8216605186462402
TRAIN,sfbg4630,109,10,11,20,1,0,1,-8.625,0.00017952796770259738,,,,,0.0,0.0,2.8216605186462402
TRAIN,sfbg4630,109,11,12,20,1,0,1,-6.46875,0.0015487611526623368,,,,,0.0,0.0,2.8216605186462402
TRAIN,sfbg4630,109,12,13,20,1,0,1,-7.0,0.0009110511746257544,,,,,0.0,0.0,2.8216605186462402
TRAIN,sfbg4630,109,13,14,20,1,0,1,-7.65625,0.0004728544445242733,,,,,0.0,0.0,2.8216605186462402
TRAIN,sfbg4630,109,14,15,20,1,0,1,-7.9375,0.0003569706459529698,,,,,0.0,0.0,2.8216605186462402
TRAIN,sfbg4630,109,15,16,20,1,0,1,-7.34375,0.0006462032906711102,,,,,0.0,0.0,2.8216605186462402
TRAIN,sfbg4630,109,16,17,20,1,0,1,-7.6875,0.000458312890259549,,,,,0.0,0.0,2.8216605186462402
TRAIN,sfbg4630,109,17,18,20,1,0,1,-9.1875,0.00010229986219201237,,,,,0.0,0.0,2.8216605186462402
TRAIN,sfbg4630,109,18,19,20,1,0,1,-9.5625,7.031184941297397e-05,,,,,0.0,0.0,2.8216605186462402
TRAIN,sfbg4630,109,19,20,20,1,0,1,-8.8125,0.00014883848780300468,,,,,0.0,0.0,2.8216605186462402
TRAIN,sfbg4630,110,0,1,20,1,0,1,-2.34375,0.08756384253501892,,,,,0.0,0.0,2.8216605186462402
TRAIN,sfbg4630,110,1,2,20,1,0,1,-6.1875,0.0020507434383034706,,,,,0.0,0.0,2.8216605186462402
TRAIN,sfbg4630,110,2,3,20,1,0,1,-6.78125,0.0011335690505802631,,,,,0.0,0.0,2.8216605186462402
TRAIN,sfbg4630,110,3,4,20,1,0,1,-6.65625,0.0012843081494793296,,,,,0.0,0.0,2.8216605186462402
TRAIN,sfbg4630,110,4,5,20,1,0,1,-7.46875,0.000570315751247108,,,,,0.0,0.0,2.8216605186462402
TRAIN,sfbg4630,110,5,6,20,1,0,1,-6.875,0.0010322310263291001,,,,,0.0,0.0,2.8216605186462402
TRAIN,sfbg4630,110,6,7,20,1,0,1,-7.84375,0.0003920417802873999,,,,,0.0,0.0,2.8216605186462402
TRAIN,sfbg4630,110,7,8,20,1,0,1,-7.28125,0.0006878511630930007,,,,,0.0,0.0,2.8216605186462402
TRAIN,sfbg4630,110,8,9,20,1,0,1,-7.15625,0.0007793660624884069,,,,,0.0,0.0,2.8216605186462402
TRAIN,sfbg4630,110,9,10,20,1,0,1,-9.125,0.00010889690747717395,,,,,0.0,0.0,2.8216605186462402
TRAIN,sfbg4630,110,10,11,20,1,0,1,-8.5,0.00020342698553577065,,,,,0.0,0.0,2.8216605186462402
TRAIN,sfbg4630,110,11,12,20,1,0,1,-6.34375,0.0017546144081279635,,,,,0.0,0.0,2.8216605186462402
TRAIN,sfbg4630,110,12,13,20,1,0,1,-6.90625,0.0010005044750869274,,,,,0.0,0.0,2.8216605186462402
TRAIN,sfbg4630,110,13,14,20,1,0,1,-7.65625,0.0004728544445242733,,,,,0.0,0.0,2.8216605186462402
TRAIN,sfbg4630,110,14,15,20,1,0,1,-7.8125,0.0004044814850203693,,,,,0.0,0.0,2.8216605186462402
TRAIN,sfbg4630,110,15,16,20,1,0,1,-7.3125,0.0006667023408226669,,,,,0.0,0.0,2.8216605186462402
TRAIN,sfbg4630,110,16,17,20,1,0,1,-7.5,0.000552778656128794,,,,,0.0,0.0,2.8216605186462402
TRAIN,sfbg4630,110,17,18,20,1,0,1,-8.9375,0.00013135180051904172,,,,,0.0,0.0,2.8216605186462402
TRAIN,sfbg4630,110,18,19,20,1,0,1,-9.375,8.481103577651083e-05,,,,,0.0,0.0,2.8216605186462402
TRAIN,sfbg4630,110,19,20,20,1,0,1,-9.0625,0.00011591933434829116,,,,,0.0,0.0,2.8216605186462402
TRAIN,sfbg4630,111,0,1,20,1,0,1,-2.34375,0.08756384253501892,,,,,0.0,0.0,2.8216605186462402
TRAIN,sfbg4630,111,1,2,20,1,0,1,-6.65625,0.0012843081494793296,,,,,0.0,0.0,2.8216605186462402
TRAIN,sfbg4630,111,2,3,20,1,0,1,-7.0625,0.0008559006964787841,,,,,0.0,0.0,2.8216605186462402
TRAIN,sfbg4630,111,3,4,20,1,0,1,-7.125,0.0008040859247557819,,,,,0.0,0.0,2.8216605186462402
TRAIN,sfbg4630,111,4,5,20,1,0,1,-7.875,0.0003799845289904624,,,,,0.0,0.0,2.8216605186462402
TRAIN,sfbg4630,111,5,6,20,1,0,1,-7.40625,0.0006070755189284682,,,,,0.0,0.0,2.8216605186462402
TRAIN,sfbg4630,111,6,7,20,1,0,1,-8.0,0.00033535013790242374,,,,,0.0,0.0,2.8216605186462402
TRAIN,sfbg4630,111,7,8,20,1,0,1,-7.625,0.000487857119878754,,,,,0.0,0.0,2.8216605186462402
TRAIN,sfbg4630,111,8,9,20,1,0,1,-7.5,0.000552778656128794,,,,,0.0,0.0,2.8216605186462402
TRAIN,sfbg4630,111,9,10,20,1,0,1,-9.375,8.481103577651083e-05,,,,,0.0,0.0,2.8216605186462402
TRAIN,sfbg4630,111,10,11,20,1,0,1,-8.75,0.00015843621804378927,,,,,0.0,0.0,2.8216605186462402
TRAIN,sfbg4630,111,11,12,20,1,0,1,-6.90625,0.0010005044750869274,,,,,0.0,0.0,2.8216605186462402
TRAIN,sfbg4630,111,12,13,20,1,0,1,-7.1875,0.0007554056355729699,,,,,0.0,0.0,2.8216605186462402
TRAIN,sfbg4630,111,13,14,20,1,0,1,-7.875,0.0003799845289904624,,,,,0.0,0.0,2.8216605186462402
TRAIN,sfbg4630,111,14,15,20,1,0,1,-8.0625,0.0003150386910419911,,,,,0.0,0.0,2.8216605186462402
TRAIN,sfbg4630,111,15,16,20,1,0,1,-7.59375,0.000503335555549711,,,,,0.0,0.0,2.8216605186462402
TRAIN,sfbg4630,111,16,17,20,1,0,1,-7.75,0.00043055712012574077,,,,,0.0,0.0,2.8216605186462402
TRAIN,sfbg4630,111,17,18,20,1,0,1,-9.125,0.00010889690747717395,,,,,0.0,0.0,2.8216605186462402
TRAIN,sfbg4630,111,18,19,20,1,0,1,-9.5,7.484622619813308e-05,,,,,0.0,0.0,2.8216605186462402
TRAIN,sfbg4630,111,19,20,20,1,0,1,-9.25,9.610241977497935e-05,,,,,0.0,0.0,2.8216605186462402
TRAIN,sfbg4630,112,0,1,20,1,0,1,-2.140625,0.10521054267883301,,,,,0.0,0.0,2.8216605186462402
TRAIN,sfbg4630,112,1,2,20,1,0,1,-6.09375,0.002251847181469202,,,,,0.0,0.0,2.8216605186462402
TRAIN,sfbg4630,112,2,3,20,1,0,1,-7.0,0.0009110511746257544,,,,,0.0,0.0,2.8216605186462402
TRAIN,sfbg4630,112,3,4,20,1,0,1,-6.46875,0.0015487611526623368,,,,,0.0,0.0,2.8216605186462402
TRAIN,sfbg4630,112,4,5,20,1,0,1,-7.40625,0.0006070755189284682,,,,,0.0,0.0,2.8216605186462402
TRAIN,sfbg4630,112,5,6,20,1,0,1,-7.125,0.0008040859247557819,,,,,0.0,0.0,2.8216605186462402
TRAIN,sfbg4630,112,6,7,20,1,0,1,-7.59375,0.000503335555549711,,,,,0.0,0.0,2.8216605186462402
TRAIN,sfbg4630,112,7,8,20,1,0,1,-7.0625,0.0008559006964787841,,,,,0.0,0.0,2.8216605186462402
TRAIN,sfbg4630,112,8,9,20,1,0,1,-7.0,0.0009110511746257544,,,,,0.0,0.0,2.8216605186462402
TRAIN,sfbg4630,112,9,10,20,1,0,1,-9.1875,0.00010229986219201237,,,,,0.0,0.0,2.8216605186462402
TRAIN,sfbg4630,112,10,11,20,1,0,1,-8.625,0.00017952796770259738,,,,,0.0,0.0,2.8216605186462402
TRAIN,sfbg4630,112,11,12,20,1,0,1,-6.8125,0.001098731067031622,,,,,0.0,0.0,2.8216605186462402
TRAIN,sfbg4630,112,12,13,20,1,0,1,-7.25,0.0007096704212017357,,,,,0.0,0.0,2.8216605186462402
TRAIN,sfbg4630,112,13,14,20,1,0,1,-8.125,0.0002959570847451687,,,,,0.0,0.0,2.8216605186462402
TRAIN,sfbg4630,112,14,15,20,1,0,1,-8.0625,0.0003150386910419911,,,,,0.0,0.0,2.8216605186462402
TRAIN,sfbg4630,112,15,16,20,1,0,1,-7.625,0.000487857119878754,,,,,0.0,0.0,2.8216605186462402
TRAIN,sfbg4630,112,16,17,20,1,0,1,-7.78125,0.00041731575038284063,,,,,0.0,0.0,2.8216605186462402
TRAIN,sfbg4630,112,17,18,20,1,0,1,-9.375,8.481103577651083e-05,,,,,0.0,0.0,2.8216605186462402
TRAIN,sfbg4630,112,18,19,20,1,0,1,-9.5625,7.031184941297397e-05,,,,,0.0,0.0,2.8216605186462402
TRAIN,sfbg4630,112,19,20,20,1,0,1,-9.1875,0.00010229986219201237,,,,,0.0,0.0,2.8216605186462402
TRAIN,sfbg4630,113,0,1,20,1,0,1,-1.9296875,0.12678517401218414,,,,,0.0,0.0,2.8216605186462402
TRAIN,sfbg4630,113,1,2,20,1,0,1,-5.96875,0.0025509123224765062,,,,,0.0,0.0,2.8216605186462402
TRAIN,sfbg4630,113,2,3,20,1,0,1,-6.4375,0.001597845577634871,,,,,0.0,0.0,2.8216605186462402
TRAIN,sfbg4630,113,3,4,20,1,0,1,-6.34375,0.0017546144081279635,,,,,0.0,0.0,2.8216605186462402
TRAIN,sfbg4630,113,4,5,20,1,0,1,-7.1875,0.0007554056355729699,,,,,0.0,0.0,2.8216605186462402
TRAIN,sfbg4630,113,5,6,20,1,0,1,-6.9375,0.0009697519708424807,,,,,0.0,0.0,2.8216605186462402
TRAIN,sfbg4630,113,6,7,20,1,0,1,-7.25,0.0007096704212017357,,,,,0.0,0.0,2.8216605186462402
TRAIN,sfbg4630,113,7,8,20,1,0,1,-6.96875,0.0009399438858963549,,,,,0.0,0.0,2.8216605186462402
TRAIN,sfbg4630,113,8,9,20,1,0,1,-7.125,0.0008040859247557819,,,,,0.0,0.0,2.8216605186462402
TRAIN,sfbg4630,113,9,10,20,1,0,1,-8.8125,0.00014883848780300468,,,,,0.0,0.0,2.8216605186462402
TRAIN,sfbg4630,113,10,11,20,1,0,1,-8.5,0.00020342698553577065,,,,,0.0,0.0,2.8216605186462402
TRAIN,sfbg4630,113,11,12,20,1,0,1,-6.5,0.0015011823270469904,,,,,0.0,0.0,2.8216605186462402
TRAIN,sfbg4630,113,12,13,20,1,0,1,-7.03125,0.0008830457809381187,,,,,0.0,0.0,2.8216605186462402
TRAIN,sfbg4630,113,13,14,20,1,0,1,-7.8125,0.0004044814850203693,,,,,0.0,0.0,2.8216605186462402
TRAIN,sfbg4630,113,14,15,20,1,0,1,-7.875,0.0003799845289904624,,,,,0.0,0.0,2.8216605186462402
TRAIN,sfbg4630,113,15,16,20,1,0,1,-7.15625,0.0007793660624884069,,,,,0.0,0.0,2.8216605186462402
TRAIN,sfbg4630,113,16,17,20,1,0,1,-7.5625,0.0005193048855289817,,,,,0.0,0.0,2.8216605186462402
TRAIN,sfbg4630,113,17,18,20,1,0,1,-8.875,0.00013982206291984767,,,,,0.0,0.0,2.8216605186462402
TRAIN,sfbg4630,113,18,19,20,1,0,1,-9.25,9.610241977497935e-05,,,,,0.0,0.0,2.8216605186462402
TRAIN,sfbg4630,113,19,20,20,1,0,1,-8.8125,0.00014883848780300468,,,,,0.0,0.0,2.8216605186462402
TRAIN,sfbg4630,114,0,1,20,1,0,1,-2.421875,0.08151976019144058,,,,,0.0,0.0,2.8216605186462402
TRAIN,sfbg4630,114,1,2,20,1,0,1,-5.5,0.00407013762742281,,,,,0.0,0.0,2.8216605186462402
TRAIN,sfbg4630,114,2,3,20,1,0,1,-6.15625,0.002115703420713544,,,,,0.0,0.0,2.8216605186462402
TRAIN,sfbg4630,114,3,4,20,1,0,1,-6.1875,0.0020507434383034706,,,,,0.0,0.0,2.8216605186462402
TRAIN,sfbg4630,114,4,5,20,1,0,1,-7.09375,0.0008295892039313912,,,,,0.0,0.0,2.8216605186462402
TRAIN,sfbg4630,114,5,6,20,1,0,1,-6.3125,0.0018102108733728528,,,,,0.0,0.0,2.8216605186462402
TRAIN,sfbg4630,114,6,7,20,1,0,1,-7.09375,0.0008295892039313912,,,,,0.0,0.0,2.8216605186462402
TRAIN,sfbg4630,114,7,8,20,1,0,1,-6.875,0.0010322310263291001,,,,,0.0,0.0,2.8216605186462402
TRAIN,sfbg4630,114,8,9,20,1,0,1,-6.6875,0.0012448433553799987,,,,,0.0,0.0,2.8216605186462402
TRAIN,sfbg4630,114,9,10,20,1,0,1,-8.625,0.00017952796770259738,,,,,0.0,0.0,2.8216605186462402
TRAIN,sfbg4630,114,10,11,20,1,0,1,-8.25,0.0002611903182696551,,,,,0.0,0.0,2.8216605186462402
TRAIN,sfbg4630,114,11,12,20,1,0,1,-6.15625,0.002115703420713544,,,,,0.0,0.0,2.8216605186462402
TRAIN,sfbg4630,114,12,13,20,1,0,1,-6.71875,0.0012065897462889552,,,,,0.0,0.0,2.8216605186462402
TRAIN,sfbg4630,114,13,14,20,1,0,1,-7.59375,0.000503335555549711,,,,,0.0,0.0,2.8216605186462402
TRAIN,sfbg4630,114,14,15,20,1,0,1,-7.75,0.00043055712012574077,,,,,0.0,0.0,2.8216605186462402
TRAIN,sfbg4630,114,15,16,20,1,0,1,-6.96875,0.0009399438858963549,,,,,0.0,0.0,2.8216605186462402
TRAIN,sfbg4630,114,16,17,20,1,0,1,-7.3125,0.0006667023408226669,,,,,0.0,0.0,2.8216605186462402
TRAIN,sfbg4630,114,17,18,20,1,0,1,-8.75,0.00015843621804378927,,,,,0.0,0.0,2.8216605186462402
TRAIN,sfbg4630,114,18,19,20,1,0,1,-9.1875,0.00010229986219201237,,,,,0.0,0.0,2.8216605186462402
TRAIN,sfbg4630,114,19,20,20,1,0,1,-8.8125,0.00014883848780300468,,,,,0.0,0.0,2.8216605186462402
TRAIN,sfbg4630,115,0,1,20,1,0,1,-2.078125,0.11124119907617569,,,,,0.0,0.0,2.8216605186462402
TRAIN,sfbg4630,115,1,2,20,1,0,1,-5.5625,0.0038244836032390594,,,,,0.0,0.0,2.8216605186462402
TRAIN,sfbg4630,115,2,3,20,1,0,1,-5.71875,0.003273064736276865,,,,,0.0,0.0,2.8216605186462402
TRAIN,sfbg4630,115,3,4,20,1,0,1,-6.09375,0.002251847181469202,,,,,0.0,0.0,2.8216605186462402
TRAIN,sfbg4630,115,4,5,20,1,0,1,-6.875,0.0010322310263291001,,,,,0.0,0.0,2.8216605186462402
TRAIN,sfbg4630,115,5,6,20,1,0,1,-6.03125,0.0023967307060956955,,,,,0.0,0.0,2.8216605186462402
TRAIN,sfbg4630,115,6,7,20,1,0,1,-6.96875,0.0009399438858963549,,,,,0.0,0.0,2.8216605186462402
TRAIN,sfbg4630,115,7,8,20,1,0,1,-6.84375,0.0010649627074599266,,,,,0.0,0.0,2.8216605186462402
TRAIN,sfbg4630,115,8,9,20,1,0,1,-6.5,0.0015011823270469904,,,,,0.0,0.0,2.8216605186462402
TRAIN,sfbg4630,115,9,10,20,1,0,1,-8.875,0.00013982206291984767,,,,,0.0,0.0,2.8216605186462402
TRAIN,sfbg4630,115,10,11,20,1,0,1,-8.4375,0.00021654405281879008,,,,,0.0,0.0,2.8216605186462402
TRAIN,sfbg4630,115,11,12,20,1,0,1,-6.5,0.0015011823270469904,,,,,0.0,0.0,2.8216605186462402
TRAIN,sfbg4630,115,12,13,20,1,0,1,-6.65625,0.0012843081494793296,,,,,0.0,0.0,2.8216605186462402
TRAIN,sfbg4630,115,13,14,20,1,0,1,-7.40625,0.0006070755189284682,,,,,0.0,0.0,2.8216605186462402
TRAIN,sfbg4630,115,14,15,20,1,0,1,-7.5625,0.0005193048855289817,,,,,0.0,0.0,2.8216605186462402
TRAIN,sfbg4630,115,15,16,20,1,0,1,-6.96875,0.0009399438858963549,,,,,0.0,0.0,2.8216605186462402
TRAIN,sfbg4630,115,16,17,20,1,0,1,-7.53125,0.0005357805639505386,,,,,0.0,0.0,2.8216605186462402
TRAIN,sfbg4630,115,17,18,20,1,0,1,-8.8125,0.00014883848780300468,,,,,0.0,0.0,2.8216605186462402
TRAIN,sfbg4630,115,18,19,20,1,0,1,-9.5,7.484622619813308e-05,,,,,0.0,0.0,2.8216605186462402
TRAIN,sfbg4630,115,19,20,20,1,0,1,-9.125,0.00010889690747717395,,,,,0.0,0.0,2.8216605186462402
TRAIN,sfbg4630,116,0,1,20,1,0,1,-1.8984375,0.13028541207313538,,,,,0.0,0.0,2.8216605186462402
TRAIN,sfbg4630,116,1,2,20,1,0,1,-5.65625,0.0034834241960197687,,,,,0.0,0.0,2.8216605186462402
TRAIN,sfbg4630,116,2,3,20,1,0,1,-5.75,0.003172682598233223,,,,,0.0,0.0,2.8216605186462402
TRAIN,sfbg4630,116,3,4,20,1,0,1,-6.1875,0.0020507434383034706,,,,,0.0,0.0,2.8216605186462402
TRAIN,sfbg4630,116,4,5,20,1,0,1,-6.96875,0.0009399438858963549,,,,,0.0,0.0,2.8216605186462402
TRAIN,sfbg4630,116,5,6,20,1,0,1,-6.125,0.002182716503739357,,,,,0.0,0.0,2.8216605186462402
TRAIN,sfbg4630,116,6,7,20,1,0,1,-7.09375,0.0008295892039313912,,,,,0.0,0.0,2.8216605186462402
TRAIN,sfbg4630,116,7,8,20,1,0,1,-6.96875,0.0009399438858963549,,,,,0.0,0.0,2.8216605186462402
TRAIN,sfbg4630,116,8,9,20,1,0,1,-6.5,0.0015011823270469904,,,,,0.0,0.0,2.8216605186462402
TRAIN,sfbg4630,116,9,10,20,1,0,1,-8.625,0.00017952796770259738,,,,,0.0,0.0,2.8216605186462402
TRAIN,sfbg4630,116,10,11,20,1,0,1,-8.1875,0.0002780309587251395,,,,,0.0,0.0,2.8216605186462402
TRAIN,sfbg4630,116,11,12,20,1,0,1,-6.34375,0.0017546144081279635,,,,,0.0,0.0,2.8216605186462402
TRAIN,sfbg4630,116,12,13,20,1,0,1,-6.71875,0.0012065897462889552,,,,,0.0,0.0,2.8216605186462402
TRAIN,sfbg4630,116,13,14,20,1,0,1,-7.28125,0.0006878511630930007,,,,,0.0,0.0,2.8216605186462402
TRAIN,sfbg4630,116,14,15,20,1,0,1,-7.59375,0.000503335555549711,,,,,0.0,0.0,2.8216605186462402
TRAIN,sfbg4630,116,15,16,20,1,0,1,-6.96875,0.0009399438858963549,,,,,0.0,0.0,2.8216605186462402
TRAIN,sfbg4630,116,16,17,20,1,0,1,-7.375,0.000626334105618298,,,,,0.0,0.0,2.8216605186462402
TRAIN,sfbg4630,116,17,18,20,1,0,1,-8.9375,0.00013135180051904172,,,,,0.0,0.0,2.8216605186462402
TRAIN,sfbg4630,116,18,19,20,1,0,1,-9.375,8.481103577651083e-05,,,,,0.0,0.0,2.8216605186462402
TRAIN,sfbg4630,116,19,20,20,1,0,1,-8.875,0.00013982206291984767,,,,,0.0,0.0,2.8216605186462402
TRAIN,sfbg4630,117,0,1,20,1,0,1,-2.15625,0.1037486344575882,,,,,0.0,0.0,2.8216605186462402
TRAIN,sfbg4630,117,1,2,20,1,0,1,-5.375,0.004609572235494852,,,,,0.0,0.0,2.8216605186462402
TRAIN,sfbg4630,117,2,3,20,1,0,1,-6.25,0.0019267346942797303,,,,,0.0,0.0,2.8216605186462402
TRAIN,sfbg4630,117,3,4,20,1,0,1,-6.1875,0.0020507434383034706,,,,,0.0,0.0,2.8216605186462402
TRAIN,sfbg4630,117,4,5,20,1,0,1,-7.0625,0.0008559006964787841,,,,,0.0,0.0,2.8216605186462402
TRAIN,sfbg4630,117,5,6,20,1,0,1,-5.96875,0.0025509123224765062,,,,,0.0,0.0,2.8216605186462402
TRAIN,sfbg4630,117,6,7,20,1,0,1,-7.21875,0.0007321811863221228,,,,,0.0,0.0,2.8216605186462402
TRAIN,sfbg4630,117,7,8,20,1,0,1,-7.09375,0.0008295892039313912,,,,,0.0,0.0,2.8216605186462402
TRAIN,sfbg4630,117,8,9,20,1,0,1,-7.0,0.0009110511746257544,,,,,0.0,0.0,2.8216605186462402
TRAIN,sfbg4630,117,9,10,20,1,0,1,-8.75,0.00015843621804378927,,,,,0.0,0.0,2.8216605186462402
TRAIN,sfbg4630,117,10,11,20,1,0,1,-8.4375,0.00021654405281879008,,,,,0.0,0.0,2.8216605186462402
TRAIN,sfbg4630,117,11,12,20,1,0,1,-6.3125,0.0018102108733728528,,,,,0.0,0.0,2.8216605186462402
TRAIN,sfbg4630,117,12,13,20,1,0,1,-6.5625,0.0014103584690019488,,,,,0.0,0.0,2.8216605186462402
TRAIN,sfbg4630,117,13,14,20,1,0,1,-7.34375,0.0006462032906711102,,,,,0.0,0.0,2.8216605186462402
TRAIN,sfbg4630,117,14,15,20,1,0,1,-7.53125,0.0005357805639505386,,,,,0.0,0.0,2.8216605186462402
TRAIN,sfbg4630,117,15,16,20,1,0,1,-6.8125,0.001098731067031622,,,,,0.0,0.0,2.8216605186462402
TRAIN,sfbg4630,117,16,17,20,1,0,1,-7.5,0.000552778656128794,,,,,0.0,0.0,2.8216605186462402
TRAIN,sfbg4630,117,17,18,20,1,0,1,-8.8125,0.00014883848780300468,,,,,0.0,0.0,2.8216605186462402
TRAIN,sfbg4630,117,18,19,20,1,0,1,-9.1875,0.00010229986219201237,,,,,0.0,0.0,2.8216605186462402
TRAIN,sfbg4630,117,19,20,20,1,0,1,-8.8125,0.00014883848780300468,,,,,0.0,0.0,2.8216605186462402
TRAIN,sfbg4630,118,0,1,20,1,0,1,-2.296875,0.09138210862874985,,,,,0.0,0.0,2.8216605186462402
TRAIN,sfbg4630,118,1,2,20,1,0,1,-6.3125,0.0018102108733728528,,,,,0.0,0.0,2.8216605186462402
TRAIN,sfbg4630,118,2,3,20,1,0,1,-7.5625,0.0005193048855289817,,,,,0.0,0.0,2.8216605186462402
TRAIN,sfbg4630,118,3,4,20,1,0,1,-6.875,0.0010322310263291001,,,,,0.0,0.0,2.8216605186462402
TRAIN,sfbg4630,118,4,5,20,1,0,1,-7.6875,0.000458312890259549,,,,,0.0,0.0,2.8216605186462402
TRAIN,sfbg4630,118,5,6,20,1,0,1,-7.28125,0.0006878511630930007,,,,,0.0,0.0,2.8216605186462402
TRAIN,sfbg4630,118,6,7,20,1,0,1,-7.90625,0.00036829791497439146,,,,,0.0,0.0,2.8216605186462402
TRAIN,sfbg4630,118,7,8,20,1,0,1,-7.4375,0.0005884087877348065,,,,,0.0,0.0,2.8216605186462402
TRAIN,sfbg4630,118,8,9,20,1,0,1,-7.9375,0.0003569706459529698,,,,,0.0,0.0,2.8216605186462402
TRAIN,sfbg4630,118,9,10,20,1,0,1,-9.5,7.484622619813308e-05,,,,,0.0,0.0,2.8216605186462402
TRAIN,sfbg4630,118,10,11,20,1,0,1,-8.9375,0.00013135180051904172,,,,,0.0,0.0,2.8216605186462402
TRAIN,sfbg4630,118,11,12,20,1,0,1,-6.8125,0.001098731067031622,,,,,0.0,0.0,2.8216605186462402
TRAIN,sfbg4630,118,12,13,20,1,0,1,-7.15625,0.0007793660624884069,,,,,0.0,0.0,2.8216605186462402
TRAIN,sfbg4630,118,13,14,20,1,0,1,-8.1875,0.0002780309587251395,,,,,0.0,0.0,2.8216605186462402
TRAIN,sfbg4630,118,14,15,20,1,0,1,-8.25,0.0002611903182696551,,,,,0.0,0.0,2.8216605186462402
TRAIN,sfbg4630,118,15,16,20,1,0,1,-7.625,0.000487857119878754,,,,,0.0,0.0,2.8216605186462402
TRAIN,sfbg4630,118,16,17,20,1,0,1,-8.125,0.0002959570847451687,,,,,0.0,0.0,2.8216605186462402
TRAIN,sfbg4630,118,17,18,20,1,0,1,-9.625,6.60521473037079e-05,,,,,0.0,0.0,2.8216605186462402
TRAIN,sfbg4630,118,18,19,20,1,0,1,-9.8125,5.475977377500385e-05,,,,,0.0,0.0,2.8216605186462402
TRAIN,sfbg4630,118,19,20,20,1,0,1,-9.25,9.610241977497935e-05,,,,,0.0,0.0,2.8216605186462402
TRAIN,sfbg4630,119,0,1,20,1,0,1,-2.859375,0.054198723286390305,,,,,0.0,0.0,2.8216605186462402
TRAIN,sfbg4630,119,1,2,20,1,0,1,-6.09375,0.002251847181469202,,,,,0.0,0.0,2.8216605186462402
TRAIN,sfbg4630,119,2,3,20,1,0,1,-7.25,0.0007096704212017357,,,,,0.0,0.0,2.8216605186462402
TRAIN,sfbg4630,119,3,4,20,1,0,1,-6.84375,0.0010649627074599266,,,,,0.0,0.0,2.8216605186462402
TRAIN,sfbg4630,119,4,5,20,1,0,1,-7.28125,0.0006878511630930007,,,,,0.0,0.0,2.8216605186462402
TRAIN,sfbg4630,119,5,6,20,1,0,1,-6.96875,0.0009399438858963549,,,,,0.0,0.0,2.8216605186462402
TRAIN,sfbg4630,119,6,7,20,1,0,1,-7.625,0.000487857119878754,,,,,0.0,0.0,2.8216605186462402
TRAIN,sfbg4630,119,7,8,20,1,0,1,-7.28125,0.0006878511630930007,,,,,0.0,0.0,2.8216605186462402
TRAIN,sfbg4630,119,8,9,20,1,0,1,-7.28125,0.0006878511630930007,,,,,0.0,0.0,2.8216605186462402
TRAIN,sfbg4630,119,9,10,20,1,0,1,-9.3125,9.028038039105013e-05,,,,,0.0,0.0,2.8216605186462402
TRAIN,sfbg4630,119,10,11,20,1,0,1,-8.6875,0.0001686527393758297,,,,,0.0,0.0,2.8216605186462402
TRAIN,sfbg4630,119,11,12,20,1,0,1,-6.90625,0.0010005044750869274,,,,,0.0,0.0,2.8216605186462402
TRAIN,sfbg4630,119,12,13,20,1,0,1,-7.125,0.0008040859247557819,,,,,0.0,0.0,2.8216605186462402
TRAIN,sfbg4630,119,13,14,20,1,0,1,-8.5625,0.000191104321856983,,,,,0.0,0.0,2.8216605186462402
TRAIN,sfbg4630,119,14,15,20,1,0,1,-8.1875,0.0002780309587251395,,,,,0.0,0.0,2.8216605186462402
TRAIN,sfbg4630,119,15,16,20,1,0,1,-7.625,0.000487857119878754,,,,,0.0,0.0,2.8216605186462402
TRAIN,sfbg4630,119,16,17,20,1,0,1,-8.1875,0.0002780309587251395,,,,,0.0,0.0,2.8216605186462402
TRAIN,sfbg4630,119,17,18,20,1,0,1,-9.625,6.60521473037079e-05,,,,,0.0,0.0,2.8216605186462402
TRAIN,sfbg4630,119,18,19,20,1,0,1,-9.8125,5.475977377500385e-05,,,,,0.0,0.0,2.8216605186462402
TRAIN,sfbg4630,119,19,20,20,1,0,1,-9.375,8.481103577651083e-05,,,,,0.0,0.0,2.8216605186462402
TRAIN,sfbg4630,120,0,1,20,1,0,1,-2.28125,0.09268777817487717,,,,,0.0,0.0,2.8216605186462402
TRAIN,sfbg4630,120,1,2,20,1,0,1,-6.09375,0.002251847181469202,,,,,0.0,0.0,2.8216605186462402
TRAIN,sfbg4630,120,2,3,20,1,0,1,-6.875,0.0010322310263291001,,,,,0.0,0.0,2.8216605186462402
TRAIN,sfbg4630,120,3,4,20,1,0,1,-6.84375,0.0010649627074599266,,,,,0.0,0.0,2.8216605186462402
TRAIN,sfbg4630,120,4,5,20,1,0,1,-7.1875,0.0007554056355729699,,,,,0.0,0.0,2.8216605186462402
TRAIN,sfbg4630,120,5,6,20,1,0,1,-6.90625,0.0010005044750869274,,,,,0.0,0.0,2.8216605186462402
TRAIN,sfbg4630,120,6,7,20,1,0,1,-7.59375,0.000503335555549711,,,,,0.0,0.0,2.8216605186462402
TRAIN,sfbg4630,120,7,8,20,1,0,1,-7.34375,0.0006462032906711102,,,,,0.0,0.0,2.8216605186462402
TRAIN,sfbg4630,120,8,9,20,1,0,1,-7.25,0.0007096704212017357,,,,,0.0,0.0,2.8216605186462402
TRAIN,sfbg4630,120,9,10,20,1,0,1,-9.0625,0.00011591933434829116,,,,,0.0,0.0,2.8216605186462402
TRAIN,sfbg4630,120,10,11,20,1,0,1,-8.6875,0.0001686527393758297,,,,,0.0,0.0,2.8216605186462402
TRAIN,sfbg4630,120,11,12,20,1,0,1,-6.125,0.002182716503739357,,,,,0.0,0.0,2.8216605186462402
TRAIN,sfbg4630,120,12,13,20,1,0,1,-7.1875,0.0007554056355729699,,,,,0.0,0.0,2.8216605186462402
TRAIN,sfbg4630,120,13,14,20,1,0,1,-8.0625,0.0003150386910419911,,,,,0.0,0.0,2.8216605186462402
TRAIN,sfbg4630,120,14,15,20,1,0,1,-8.0625,0.0003150386910419911,,,,,0.0,0.0,2.8216605186462402
TRAIN,sfbg4630,120,15,16,20,1,0,1,-7.6875,0.000458312890259549,,,,,0.0,0.0,2.8216605186462402
TRAIN,sfbg4630,120,16,17,20,1,0,1,-8.125,0.0002959570847451687,,,,,0.0,0.0,2.8216605186462402
TRAIN,sfbg4630,120,17,18,20,1,0,1,-9.375,8.481103577651083e-05,,,,,0.0,0.0,2.8216605186462402
TRAIN,sfbg4630,120,18,19,20,1,0,1,-9.1875,0.00010229986219201237,,,,,0.0,0.0,2.8216605186462402
TRAIN,sfbg4630,120,19,20,20,1,0,1,-8.75,0.00015843621804378927,,,,,0.0,0.0,2.8216605186462402
TRAIN,sfbg4630,121,0,1,20,1,0,1,-2.421875,0.08151976019144058,,,,,0.0,0.0,2.8216605186462402
TRAIN,sfbg4630,121,1,2,20,1,0,1,-6.15625,0.002115703420713544,,,,,0.0,0.0,2.8216605186462402
TRAIN,sfbg4630,121,2,3,20,1,0,1,-6.9375,0.0009697519708424807,,,,,0.0,0.0,2.8216605186462402
TRAIN,sfbg4630,121,3,4,20,1,0,1,-6.625,0.0013250223128125072,,,,,0.0,0.0,2.8216605186462402
TRAIN,sfbg4630,121,4,5,20,1,0,1,-7.28125,0.0006878511630930007,,,,,0.0,0.0,2.8216605186462402
TRAIN,sfbg4630,121,5,6,20,1,0,1,-6.53125,0.0014550630003213882,,,,,0.0,0.0,2.8216605186462402
TRAIN,sfbg4630,121,6,7,20,1,0,1,-7.46875,0.000570315751247108,,,,,0.0,0.0,2.8216605186462402
TRAIN,sfbg4630,121,7,8,20,1,0,1,-7.21875,0.0007321811863221228,,,,,0.0,0.0,2.8216605186462402
TRAIN,sfbg4630,121,8,9,20,1,0,1,-7.0625,0.0008559006964787841,,,,,0.0,0.0,2.8216605186462402
TRAIN,sfbg4630,121,9,10,20,1,0,1,-9.25,9.610241977497935e-05,,,,,0.0,0.0,2.8216605186462402
TRAIN,sfbg4630,121,10,11,20,1,0,1,-8.5,0.00020342698553577065,,,,,0.0,0.0,2.8216605186462402
TRAIN,sfbg4630,121,11,12,20,1,0,1,-6.03125,0.0023967307060956955,,,,,0.0,0.0,2.8216605186462402
TRAIN,sfbg4630,121,12,13,20,1,0,1,-6.9375,0.0009697519708424807,,,,,0.0,0.0,2.8216605186462402
TRAIN,sfbg4630,121,13,14,20,1,0,1,-7.75,0.00043055712012574077,,,,,0.0,0.0,2.8216605186462402
TRAIN,sfbg4630,121,14,15,20,1,0,1,-8.0625,0.0003150386910419911,,,,,0.0,0.0,2.8216605186462402
TRAIN,sfbg4630,121,15,16,20,1,0,1,-7.65625,0.0004728544445242733,,,,,0.0,0.0,2.8216605186462402
TRAIN,sfbg4630,121,16,17,20,1,0,1,-7.6875,0.000458312890259549,,,,,0.0,0.0,2.8216605186462402
TRAIN,sfbg4630,121,17,18,20,1,0,1,-9.5625,7.031184941297397e-05,,,,,0.0,0.0,2.8216605186462402
TRAIN,sfbg4630,121,18,19,20,1,0,1,-9.6875,6.205049430718645e-05,,,,,0.0,0.0,2.8216605186462402
TRAIN,sfbg4630,121,19,20,20,1,0,1,-9.125,0.00010889690747717395,,,,,0.0,0.0,2.8216605186462402
TRAIN,sfbg4630,122,0,1,20,1,0,1,-1.953125,0.12421301752328873,,,,,0.0,0.0,2.8216605186462402
TRAIN,sfbg4630,122,1,2,20,1,0,1,-5.71875,0.003273064736276865,,,,,0.0,0.0,2.8216605186462402
TRAIN,sfbg4630,122,2,3,20,1,0,1,-6.78125,0.0011335690505802631,,,,,0.0,0.0,2.8216605186462402
TRAIN,sfbg4630,122,3,4,20,1,0,1,-6.59375,0.0013670255430042744,,,,,0.0,0.0,2.8216605186462402
TRAIN,sfbg4630,122,4,5,20,1,0,1,-7.15625,0.0007793660624884069,,,,,0.0,0.0,2.8216605186462402
TRAIN,sfbg4630,122,5,6,20,1,0,1,-6.09375,0.002251847181469202,,,,,0.0,0.0,2.8216605186462402
TRAIN,sfbg4630,122,6,7,20,1,0,1,-7.21875,0.0007321811863221228,,,,,0.0,0.0,2.8216605186462402
TRAIN,sfbg4630,122,7,8,20,1,0,1,-6.6875,0.0012448433553799987,,,,,0.0,0.0,2.8216605186462402
TRAIN,sfbg4630,122,8,9,20,1,0,1,-6.8125,0.001098731067031622,,,,,0.0,0.0,2.8216605186462402
TRAIN,sfbg4630,122,9,10,20,1,0,1,-8.875,0.00013982206291984767,,,,,0.0,0.0,2.8216605186462402
TRAIN,sfbg4630,122,10,11,20,1,0,1,-8.25,0.0002611903182696551,,,,,0.0,0.0,2.8216605186462402
TRAIN,sfbg4630,122,11,12,20,1,0,1,-5.03125,0.0064882696606218815,,,,,0.0,0.0,2.8216605186462402
TRAIN,sfbg4630,122,12,13,20,1,0,1,-6.90625,0.0010005044750869274,,,,,0.0,0.0,2.8216605186462402
TRAIN,sfbg4630,122,13,14,20,1,0,1,-7.65625,0.0004728544445242733,,,,,0.0,0.0,2.8216605186462402
TRAIN,sfbg4630,122,14,15,20,1,0,1,-7.90625,0.00036829791497439146,,,,,0.0,0.0,2.8216605186462402
TRAIN,sfbg4630,122,15,16,20,1,0,1,-7.40625,0.0006070755189284682,,,,,0.0,0.0,2.8216605186462402
TRAIN,sfbg4630,122,16,17,20,1,0,1,-7.625,0.000487857119878754,,,,,0.0,0.0,2.8216605186462402
TRAIN,sfbg4630,122,17,18,20,1,0,1,-9.125,0.00010889690747717395,,,,,0.0,0.0,2.8216605186462402
TRAIN,sfbg4630,122,18,19,20,1,0,1,-9.4375,7.9673009167891e-05,,,,,0.0,0.0,2.8216605186462402
TRAIN,sfbg4630,122,19,20,20,1,0,1,-8.875,0.00013982206291984767,,,,,0.0,0.0,2.8216605186462402
TRAIN,sfbg4630,123,0,1,20,1,0,1,-1.3671875,0.2030746340751648,,,,,0.0,0.0,2.8216605186462402
TRAIN,sfbg4630,123,1,2,20,1,0,1,-4.84375,0.007815888151526451,,,,,0.0,0.0,2.8216605186462402
TRAIN,sfbg4630,123,2,3,20,1,0,1,-6.1875,0.0020507434383034706,,,,,0.0,0.0,2.8216605186462402
TRAIN,sfbg4630,123,3,4,20,1,0,1,-6.28125,0.0018675660248845816,,,,,0.0,0.0,2.8216605186462402
TRAIN,sfbg4630,123,4,5,20,1,0,1,-6.71875,0.0012065897462889552,,,,,0.0,0.0,2.8216605186462402
TRAIN,sfbg4630,123,5,6,20,1,0,1,-5.875,0.0028009270317852497,,,,,0.0,0.0,2.8216605186462402
TRAIN,sfbg4630,123,6,7,20,1,0,1,-7.125,0.0008040859247557819,,,,,0.0,0.0,2.8216605186462402
TRAIN,sfbg4630,123,7,8,20,1,0,1,-6.875,0.0010322310263291001,,,,,0.0,0.0,2.8216605186462402
TRAIN,sfbg4630,123,8,9,20,1,0,1,-6.75,0.0011695103021338582,,,,,0.0,0.0,2.8216605186462402
TRAIN,sfbg4630,123,9,10,20,1,0,1,-8.5,0.00020342698553577065,,,,,0.0,0.0,2.8216605186462402
TRAIN,sfbg4630,123,10,11,20,1,0,1,-8.375,0.00023050670279189944,,,,,0.0,0.0,2.8216605186462402
TRAIN,sfbg4630,123,11,12,20,1,0,1,-3.625,0.02595735713839531,,,,,0.0,0.0,2.8216605186462402
TRAIN,sfbg4630,123,12,13,20,1,0,1,-6.1875,0.0020507434383034706,,,,,0.0,0.0,2.8216605186462402
TRAIN,sfbg4630,123,13,14,20,1,0,1,-6.90625,0.0010005044750869274,,,,,0.0,0.0,2.8216605186462402
TRAIN,sfbg4630,123,14,15,20,1,0,1,-7.34375,0.0006462032906711102,,,,,0.0,0.0,2.8216605186462402
TRAIN,sfbg4630,123,15,16,20,1,0,1,-7.0,0.0009110511746257544,,,,,0.0,0.0,2.8216605186462402
TRAIN,sfbg4630,123,16,17,20,1,0,1,-7.40625,0.0006070755189284682,,,,,0.0,0.0,2.8216605186462402
TRAIN,sfbg4630,123,17,18,20,1,0,1,-8.875,0.00013982206291984767,,,,,0.0,0.0,2.8216605186462402
TRAIN,sfbg4630,123,18,19,20,1,0,1,-9.375,8.481103577651083e-05,,,,,0.0,0.0,2.8216605186462402
TRAIN,sfbg4630,123,19,20,20,1,0,1,-8.8125,0.00014883848780300468,,,,,0.0,0.0,2.8216605186462402
TRAIN,sfbg4630,124,0,1,20,1,0,1,-1.890625,0.13117322325706482,,,,,0.0,0.0,2.8216605186462402
TRAIN,sfbg4630,124,1,2,20,1,0,1,-4.46875,0.011331753805279732,,,,,0.0,0.0,2.8216605186462402
TRAIN,sfbg4630,124,2,3,20,1,0,1,-7.25,0.0007096704212017357,,,,,0.0,0.0,2.8216605186462402
TRAIN,sfbg4630,124,3,4,20,1,0,1,-6.0,0.0024726230185478926,,,,,0.0,0.0,2.8216605186462402
TRAIN,sfbg4630,124,4,5,20,1,0,1,-6.78125,0.0011335690505802631,,,,,0.0,0.0,2.8216605186462402
TRAIN,sfbg4630,124,5,6,20,1,0,1,-5.96875,0.0025509123224765062,,,,,0.0,0.0,2.8216605186462402
TRAIN,sfbg4630,124,6,7,20,1,0,1,-7.0625,0.0008559006964787841,,,,,0.0,0.0,2.8216605186462402
TRAIN,sfbg4630,124,7,8,20,1,0,1,-6.75,0.0011695103021338582,,,,,0.0,0.0,2.8216605186462402
TRAIN,sfbg4630,124,8,9,20,1,0,1,-7.0625,0.0008559006964787841,,,,,0.0,0.0,2.8216605186462402
TRAIN,sfbg4630,124,9,10,20,1,0,1,-8.9375,0.00013135180051904172,,,,,0.0,0.0,2.8216605186462402
TRAIN,sfbg4630,124,10,11,20,1,0,1,-8.75,0.00015843621804378927,,,,,0.0,0.0,2.8216605186462402
TRAIN,sfbg4630,124,11,12,20,1,0,1,-4.5625,0.010328153148293495,,,,,0.0,0.0,2.8216605186462402
TRAIN,sfbg4630,124,12,13,20,1,0,1,-6.78125,0.0011335690505802631,,,,,0.0,0.0,2.8216605186462402
TRAIN,sfbg4630,124,13,14,20,1,0,1,-7.6875,0.000458312890259549,,,,,0.0,0.0,2.8216605186462402
TRAIN,sfbg4630,124,14,15,20,1,0,1,-7.65625,0.0004728544445242733,,,,,0.0,0.0,2.8216605186462402
TRAIN,sfbg4630,124,15,16,20,1,0,1,-7.21875,0.0007321811863221228,,,,,0.0,0.0,2.8216605186462402
TRAIN,sfbg4630,124,16,17,20,1,0,1,-7.59375,0.000503335555549711,,,,,0.0,0.0,2.8216605186462402
TRAIN,sfbg4630,124,17,18,20,1,0,1,-9.4375,7.9673009167891e-05,,,,,0.0,0.0,2.8216605186462402
TRAIN,sfbg4630,124,18,19,20,1,0,1,-9.8125,5.475977377500385e-05,,,,,0.0,0.0,2.8216605186462402
TRAIN,sfbg4630,124,19,20,20,1,0,1,-9.25,9.610241977497935e-05,,,,,0.0,0.0,2.8216605186462402
TRAIN,sfbg4630,125,0,1,20,1,0,1,-1.171875,0.23651622235774994,,,,,0.0,0.0,2.8216605186462402
TRAIN,sfbg4630,125,1,2,20,1,0,1,-3.625,0.02595735713839531,,,,,0.0,0.0,2.8216605186462402
TRAIN,sfbg4630,125,2,3,20,1,0,1,-5.75,0.003172682598233223,,,,,0.0,0.0,2.8216605186462402
TRAIN,sfbg4630,125,3,4,20,1,0,1,-4.84375,0.007815888151526451,,,,,0.0,0.0,2.8216605186462402
TRAIN,sfbg4630,125,4,5,20,1,0,1,-5.75,0.003172682598233223,,,,,0.0,0.0,2.8216605186462402
TRAIN,sfbg4630,125,5,6,20,1,0,1,-4.84375,0.007815888151526451,,,,,0.0,0.0,2.8216605186462402
TRAIN,sfbg4630,125,6,7,20,1,0,1,-6.125,0.002182716503739357,,,,,0.0,0.0,2.8216605186462402
TRAIN,sfbg4630,125,7,8,20,1,0,1,-6.03125,0.0023967307060956955,,,,,0.0,0.0,2.8216605186462402
TRAIN,sfbg4630,125,8,9,20,1,0,1,-5.90625,0.0027149852830916643,,,,,0.0,0.0,2.8216605186462402
TRAIN,sfbg4630,125,9,10,20,1,0,1,-8.1875,0.0002780309587251395,,,,,0.0,0.0,2.8216605186462402
TRAIN,sfbg4630,125,10,11,20,1,0,1,-7.65625,0.0004728544445242733,,,,,0.0,0.0,2.8216605186462402
TRAIN,sfbg4630,125,11,12,20,1,0,1,-4.1875,0.014957086183130741,,,,,0.0,0.0,2.8216605186462402
TRAIN,sfbg4630,125,12,13,20,1,0,1,-6.28125,0.0018675660248845816,,,,,0.0,0.0,2.8216605186462402
TRAIN,sfbg4630,125,13,14,20,1,0,1,-7.375,0.000626334105618298,,,,,0.0,0.0,2.8216605186462402
TRAIN,sfbg4630,125,14,15,20,1,0,1,-7.28125,0.0006878511630930007,,,,,0.0,0.0,2.8216605186462402
TRAIN,sfbg4630,125,15,16,20,1,0,1,-6.9375,0.0009697519708424807,,,,,0.0,0.0,2.8216605186462402
TRAIN,sfbg4630,125,16,17,20,1,0,1,-8.0,0.00033535013790242374,,,,,0.0,0.0,2.8216605186462402
TRAIN,sfbg4630,125,17,18,20,1,0,1,-9.125,0.00010889690747717395,,,,,0.0,0.0,2.8216605186462402
TRAIN,sfbg4630,125,18,19,20,1,0,1,-9.25,9.610241977497935e-05,,,,,0.0,0.0,2.8216605186462402
TRAIN,sfbg4630,125,19,20,20,1,0,1,-8.875,0.00013982206291984767,,,,,0.0,0.0,2.8216605186462402
TRAIN,sfbg4630,126,0,1,20,1,0,1,-0.30078125,0.42536652088165283,,,,,0.0,0.0,2.8216605186462402
TRAIN,sfbg4630,126,1,2,20,1,0,1,-2.28125,0.09268777817487717,,,,,0.0,0.0,2.8216605186462402
TRAIN,sfbg4630,126,2,3,20,1,0,1,-5.0625,0.00628990214318037,,,,,0.0,0.0,2.8216605186462402
TRAIN,sfbg4630,126,3,4,20,1,0,1,-4.5,0.010986941866576672,,,,,0.0,0.0,2.8216605186462402
TRAIN,sfbg4630,126,4,5,20,1,0,1,-5.25,0.005220125429332256,,,,,0.0,0.0,2.8216605186462402
TRAIN,sfbg4630,126,5,6,20,1,0,1,-4.65625,0.009412589482963085,,,,,0.0,0.0,2.8216605186462402
TRAIN,sfbg4630,126,6,7,20,1,0,1,-5.90625,0.0027149852830916643,,,,,0.0,0.0,2.8216605186462402
TRAIN,sfbg4630,126,7,8,20,1,0,1,-5.625,0.0035936026833951473,,,,,0.0,0.0,2.8216605186462402
TRAIN,sfbg4630,126,8,9,20,1,0,1,-5.59375,0.0037072531413286924,,,,,0.0,0.0,2.8216605186462402
TRAIN,sfbg4630,126,9,10,20,1,0,1,-8.1875,0.0002780309587251395,,,,,0.0,0.0,2.8216605186462402
TRAIN,sfbg4630,126,10,11,20,1,0,1,-7.5,0.000552778656128794,,,,,0.0,0.0,2.8216605186462402
TRAIN,sfbg4630,126,11,12,20,1,0,1,-4.28125,0.013636835850775242,,,,,0.0,0.0,2.8216605186462402
TRAIN,sfbg4630,126,12,13,20,1,0,1,-6.0,0.0024726230185478926,,,,,0.0,0.0,2.8216605186462402
TRAIN,sfbg4630,126,13,14,20,1,0,1,-6.90625,0.0010005044750869274,,,,,0.0,0.0,2.8216605186462402
TRAIN,sfbg4630,126,14,15,20,1,0,1,-7.15625,0.0007793660624884069,,,,,0.0,0.0,2.8216605186462402
TRAIN,sfbg4630,126,15,16,20,1,0,1,-6.65625,0.0012843081494793296,,,,,0.0,0.0,2.8216605186462402
TRAIN,sfbg4630,126,16,17,20,1,0,1,-7.03125,0.0008830457809381187,,,,,0.0,0.0,2.8216605186462402
TRAIN,sfbg4630,126,17,18,20,1,0,1,-9.125,0.00010889690747717395,,,,,0.0,0.0,2.8216605186462402
TRAIN,sfbg4630,126,18,19,20,1,0,1,-9.25,9.610241977497935e-05,,,,,0.0,0.0,2.8216605186462402
TRAIN,sfbg4630,126,19,20,20,1,0,1,-8.875,0.00013982206291984767,,,,,0.0,0.0,2.8216605186462402
TRAIN,sfbg4630,127,0,1,20,1,0,1,-0.38671875,0.40450742840766907,,,,,0.0,0.0,2.8216605186462402
TRAIN,sfbg4630,127,1,2,20,1,0,1,-2.09375,0.10970578342676163,,,,,0.0,0.0,2.8216605186462402
TRAIN,sfbg4630,127,2,3,20,1,0,1,-4.0,0.01798621006309986,,,,,0.0,0.0,2.8216605186462402
TRAIN,sfbg4630,127,3,4,20,1,0,1,-3.546875,0.028007520362734795,,,,,0.0,0.0,2.8216605186462402
TRAIN,sfbg4630,127,4,5,20,1,0,1,-4.375,0.012431650422513485,,,,,0.0,0.0,2.8216605186462402
TRAIN,sfbg4630,127,5,6,20,1,0,1,-3.84375,0.020964240655303,,,,,0.0,0.0,2.8216605186462402
TRAIN,sfbg4630,127,6,7,20,1,0,1,-5.625,0.0035936026833951473,,,,,0.0,0.0,2.8216605186462402
TRAIN,sfbg4630,127,7,8,20,1,0,1,-5.5625,0.0038244836032390594,,,,,0.0,0.0,2.8216605186462402
TRAIN,sfbg4630,127,8,9,20,1,0,1,-5.40625,0.0044683837331831455,,,,,0.0,0.0,2.8216605186462402
TRAIN,sfbg4630,127,9,10,20,1,0,1,-7.5,0.000552778656128794,,,,,0.0,0.0,2.8216605186462402
TRAIN,sfbg4630,127,10,11,20,1,0,1,-7.28125,0.0006878511630930007,,,,,0.0,0.0,2.8216605186462402
TRAIN,sfbg4630,127,11,12,20,1,0,1,-3.375,0.03308597952127457,,,,,0.0,0.0,2.8216605186462402
TRAIN,sfbg4630,127,12,13,20,1,0,1,-5.625,0.0035936026833951473,,,,,0.0,0.0,2.8216605186462402
TRAIN,sfbg4630,127,13,14,20,1,0,1,-7.03125,0.0008830457809381187,,,,,0.0,0.0,2.8216605186462402
TRAIN,sfbg4630,127,14,15,20,1,0,1,-7.03125,0.0008830457809381187,,,,,0.0,0.0,2.8216605186462402
TRAIN,sfbg4630,127,15,16,20,1,0,1,-6.875,0.0010322310263291001,,,,,0.0,0.0,2.8216605186462402
TRAIN,sfbg4630,127,16,17,20,1,0,1,-7.21875,0.0007321811863221228,,,,,0.0,0.0,2.8216605186462402
TRAIN,sfbg4630,127,17,18,20,1,0,1,-9.0625,0.00011591933434829116,,,,,0.0,0.0,2.8216605186462402
TRAIN,sfbg4630,127,18,19,20,1,0,1,-9.5,7.484622619813308e-05,,,,,0.0,0.0,2.8216605186462402
TRAIN,sfbg4630,127,19,20,20,1,0,1,-9.1875,0.00010229986219201237,,,,,0.0,0.0,2.8216605186462402
TRAIN,sfbg4630,128,0,1,20,1,0,1,-0.10986328125,0.4725617468357086,,,,,0.0,0.0,2.8216605186462402
TRAIN,sfbg4630,128,1,2,20,1,0,1,-1.7265625,0.15102779865264893,,,,,0.0,0.0,2.8216605186462402
TRAIN,sfbg4630,128,2,3,20,1,0,1,-4.3125,0.013222821988165379,,,,,0.0,0.0,2.8216605186462402
TRAIN,sfbg4630,128,3,4,20,1,0,1,-4.03125,0.017442485317587852,,,,,0.0,0.0,2.8216605186462402
TRAIN,sfbg4630,128,4,5,20,1,0,1,-4.625,0.009708477184176445,,,,,0.0,0.0,2.8216605186462402
TRAIN,sfbg4630,128,5,6,20,1,0,1,-3.875,0.020332353189587593,,,,,0.0,0.0,2.8216605186462402
TRAIN,sfbg4630,128,6,7,20,1,0,1,-5.28125,0.005060331895947456,,,,,0.0,0.0,2.8216605186462402
TRAIN,sfbg4630,128,7,8,20,1,0,1,-4.875,0.007577241398394108,,,,,0.0,0.0,2.8216605186462402
TRAIN,sfbg4630,128,8,9,20,1,0,1,-5.25,0.005220125429332256,,,,,0.0,0.0,2.8216605186462402
TRAIN,sfbg4630,128,9,10,20,1,0,1,-7.65625,0.0004728544445242733,,,,,0.0,0.0,2.8216605186462402
TRAIN,sfbg4630,128,10,11,20,1,0,1,-7.6875,0.000458312890259549,,,,,0.0,0.0,2.8216605186462402
TRAIN,sfbg4630,128,11,12,20,1,0,1,-3.875,0.020332353189587593,,,,,0.0,0.0,2.8216605186462402
TRAIN,sfbg4630,128,12,13,20,1,0,1,-6.125,0.002182716503739357,,,,,0.0,0.0,2.8216605186462402
TRAIN,sfbg4630,128,13,14,20,1,0,1,-7.6875,0.000458312890259549,,,,,0.0,0.0,2.8216605186462402
TRAIN,sfbg4630,128,14,15,20,1,0,1,-7.15625,0.0007793660624884069,,,,,0.0,0.0,2.8216605186462402
TRAIN,sfbg4630,128,15,16,20,1,0,1,-7.0,0.0009110511746257544,,,,,0.0,0.0,2.8216605186462402
TRAIN,sfbg4630,128,16,17,20,1,0,1,-7.5,0.000552778656128794,,,,,0.0,0.0,2.8216605186462402
TRAIN,sfbg4630,128,17,18,20,1,0,1,-9.1875,0.00010229986219201237,,,,,0.0,0.0,2.8216605186462402
TRAIN,sfbg4630,128,18,19,20,1,0,1,-9.5,7.484622619813308e-05,,,,,0.0,0.0,2.8216605186462402
TRAIN,sfbg4630,128,19,20,20,1,0,1,-9.25,9.610241977497935e-05,,,,,0.0,0.0,2.8216605186462402
TRAIN,sfbg4630,129,0,1,20,1,1,0,2.1875,0.8991213440895081,0.5287802815437317,0.5438397526741028,20,-0.015059471130371094,9.431020736694336,2.002471923828125,8.914512634277344
TRAIN,sfbg4630,129,1,2,20,1,0,1,-1.7734375,0.14511536061763763,,,,,0.0,0.0,2.8216605186462402
TRAIN,sfbg4630,129,2,3,20,1,0,1,-3.421875,0.031618766486644745,,,,,0.0,0.0,2.8216605186462402
TRAIN,sfbg4630,129,3,4,20,1,0,1,-3.265625,0.03676946833729744,,,,,0.0,0.0,2.8216605186462402
TRAIN,sfbg4630,129,4,5,20,1,0,1,-4.1875,0.014957086183130741,,,,,0.0,0.0,2.8216605186462402
TRAIN,sfbg4630,129,5,6,20,1,0,1,-3.65625,0.02517884224653244,,,,,0.0,0.0,2.8216605186462402
TRAIN,sfbg4630,129,6,7,20,1,0,1,-4.625,0.009708477184176445,,,,,0.0,0.0,2.8216605186462402
TRAIN,sfbg4630,129,7,8,20,1,0,1,-4.0,0.01798621006309986,,,,,0.0,0.0,2.8216605186462402
TRAIN,sfbg4630,129,8,9,20,1,0,1,-4.15625,0.015424552373588085,,,,,0.0,0.0,2.8216605186462402
TRAIN,sfbg4630,129,9,10,20,1,0,1,-7.125,0.0008040859247557819,,,,,0.0,0.0,2.8216605186462402
TRAIN,sfbg4630,129,10,11,20,1,0,1,-6.84375,0.0010649627074599266,,,,,0.0,0.0,2.8216605186462402
TRAIN,sfbg4630,129,11,12,20,1,0,1,-4.1875,0.014957086183130741,,,,,0.0,0.0,2.8216605186462402
TRAIN,sfbg4630,129,12,13,20,1,0,1,-5.9375,0.0026316740550100803,,,,,0.0,0.0,2.8216605186462402
TRAIN,sfbg4630,129,13,14,20,1,0,1,-7.21875,0.0007321811863221228,,,,,0.0,0.0,2.8216605186462402
TRAIN,sfbg4630,129,14,15,20,1,0,1,-6.96875,0.0009399438858963549,,,,,0.0,0.0,2.8216605186462402
TRAIN,sfbg4630,129,15,16,20,1,0,1,-6.75,0.0011695103021338582,,,,,0.0,0.0,2.8216605186462402
TRAIN,sfbg4630,129,16,17,20,1,0,1,-7.8125,0.0004044814850203693,,,,,0.0,0.0,2.8216605186462402
TRAIN,sfbg4630,129,17,18,20,1,0,1,-8.8125,0.00014883848780300468,,,,,0.0,0.0,2.8216605186462402
TRAIN,sfbg4630,129,18,19,20,1,0,1,-9.1875,0.00010229986219201237,,,,,0.0,0.0,2.8216605186462402
TRAIN,sfbg4630,129,19,20,20,1,0,1,-8.6875,0.0001686527393758297,,,,,0.0,0.0,2.8216605186462402
TRAIN,sfbg4630,130,0,1,20,1,1,0,5.78125,0.9969245791435242,0.4638645648956299,0.47484415769577026,8,-0.01097959280014038,13.45059871673584,2.392974615097046,12.969999313354492
TRAIN,sfbg4630,130,1,2,20,1,0,1,-0.94140625,0.2806163728237152,,,,,0.0,0.0,2.8216605186462402
TRAIN,sfbg4630,130,2,3,20,1,0,1,-3.453125,0.030675802379846573,,,,,0.0,0.0,2.8216605186462402
TRAIN,sfbg4630,130,3,4,20,1,0,1,-2.109375,0.10818895697593689,,,,,0.0,0.0,2.8216605186462402
TRAIN,sfbg4630,130,4,5,20,1,0,1,-2.234375,0.09670579433441162,,,,,0.0,0.0,2.8216605186462402
TRAIN,sfbg4630,130,5,6,20,1,0,1,-2.890625,0.052618950605392456,,,,,0.0,0.0,2.8216605186462402
TRAIN,sfbg4630,130,6,7,20,1,0,1,-3.78125,0.0222861859947443,,,,,0.0,0.0,2.8216605186462402
TRAIN,sfbg4630,130,7,8,20,1,0,1,-3.4375,0.031143832951784134,,,,,0.0,0.0,2.8216605186462402
TRAIN,sfbg4630,130,8,9,20,1,0,1,-4.25,0.014063628390431404,,,,,0.0,0.0,2.8216605186462402
TRAIN,sfbg4630,130,9,10,20,1,0,1,-6.6875,0.0012448433553799987,,,,,0.0,0.0,2.8216605186462402
TRAIN,sfbg4630,130,10,11,20,1,0,1,-6.78125,0.0011335690505802631,,,,,0.0,0.0,2.8216605186462402
TRAIN,sfbg4630,130,11,12,20,1,0,1,-3.28125,0.03622005507349968,,,,,0.0,0.0,2.8216605186462402
TRAIN,sfbg4630,130,12,13,20,1,0,1,-4.28125,0.013636835850775242,,,,,0.0,0.0,2.8216605186462402
TRAIN,sfbg4630,130,13,14,20,1,0,1,-6.71875,0.0012065897462889552,,,,,0.0,0.0,2.8216605186462402
TRAIN,sfbg4630,130,14,15,20,1,0,1,-6.28125,0.0018675660248845816,,,,,0.0,0.0,2.8216605186462402
TRAIN,sfbg4630,130,15,16,20,1,0,1,-5.8125,0.0029810327105224133,,,,,0.0,0.0,2.8216605186462402
TRAIN,sfbg4630,130,16,17,20,1,0,1,-7.25,0.0007096704212017357,,,,,0.0,0.0,2.8216605186462402
TRAIN,sfbg4630,130,17,18,20,1,0,1,-9.0625,0.00011591933434829116,,,,,0.0,0.0,2.8216605186462402
TRAIN,sfbg4630,130,18,19,20,1,0,1,-9.5,7.484622619813308e-05,,,,,0.0,0.0,2.8216605186462402
TRAIN,sfbg4630,130,19,20,20,1,0,1,-8.8125,0.00014883848780300468,,,,,0.0,0.0,2.8216605186462402
TRAIN,sfbg4630,131,0,1,20,1,1,0,6.0625,0.9976769089698792,0.4188198745250702,0.43360692262649536,8,-0.014787048101425171,15.13085651397705,3.0600483417510986,14.770649909973145
TRAIN,sfbg4630,131,1,2,20,1,1,0,0.0026702880859375,0.5006675720214844,0.4457966089248657,0.5629715323448181,19,-0.11717492341995239,9.9216890335083,1.939971923828125,9.894678115844727
TRAIN,sfbg4630,131,2,3,20,1,0,1,-2.546875,0.07263670116662979,,,,,0.0,0.0,2.8216605186462402
TRAIN,sfbg4630,131,3,4,20,1,0,1,-1.5234375,0.17895588278770447,,,,,0.0,0.0,2.8216605186462402
TRAIN,sfbg4630,131,4,5,20,1,0,1,-1.3828125,0.20055769383907318,,,,,0.0,0.0,2.8216605186462402
TRAIN,sfbg4630,131,5,6,20,1,0,1,-3.046875,0.04535258188843727,,,,,0.0,0.0,2.8216605186462402
TRAIN,sfbg4630,131,6,7,20,1,0,1,-3.125,0.042087726294994354,,,,,0.0,0.0,2.8216605186462402
TRAIN,sfbg4630,131,7,8,20,1,0,1,-2.78125,0.05834583938121796,,,,,0.0,0.0,2.8216605186462402
TRAIN,sfbg4630,131,8,9,20,1,0,1,-2.53125,0.07369627058506012,,,,,0.0,0.0,2.8216605186462402
TRAIN,sfbg4630,131,9,10,20,1,0,1,-6.9375,0.0009697519708424807,,,,,0.0,0.0,2.8216605186462402
TRAIN,sfbg4630,131,10,11,20,1,0,1,-6.0625,0.002323162741959095,,,,,0.0,0.0,2.8216605186462402
TRAIN,sfbg4630,131,11,12,20,1,0,1,-3.78125,0.0222861859947443,,,,,0.0,0.0,2.8216605186462402
TRAIN,sfbg4630,131,12,13,20,1,0,1,-2.171875,0.10230471193790436,,,,,0.0,0.0,2.8216605186462402
TRAIN,sfbg4630,131,13,14,20,1,0,1,-6.0625,0.002323162741959095,,,,,0.0,0.0,2.8216605186462402
TRAIN,sfbg4630,131,14,15,20,1,0,1,-4.90625,0.007345826830714941,,,,,0.0,0.0,2.8216605186462402
TRAIN,sfbg4630,131,15,16,20,1,0,1,-4.5625,0.010328153148293495,,,,,0.0,0.0,2.8216605186462402
TRAIN,sfbg4630,131,16,17,20,1,0,1,-7.46875,0.000570315751247108,,,,,0.0,0.0,2.8216605186462402
TRAIN,sfbg4630,131,17,18,20,1,0,1,-8.375,0.00023050670279189944,,,,,0.0,0.0,2.8216605186462402
TRAIN,sfbg4630,131,18,19,20,1,0,1,-8.8125,0.00014883848780300468,,,,,0.0,0.0,2.8216605186462402
TRAIN,sfbg4630,131,19,20,20,1,0,1,-8.4375,0.00021654405281879008,,,,,0.0,0.0,2.8216605186462402
TRAIN,sfbg4630,132,0,1,20,1,1,0,6.09375,0.9977481961250305,0.397443950176239,0.41142404079437256,8,-0.013980090618133545,16.398643493652344,3.1537983417510986,16.137346267700195
TRAIN,sfbg4630,132,1,2,20,1,1,0,3.4375,0.9688562154769897,0.6051689386367798,0.648408830165863,20,-0.04323989152908325,11.794200897216797,2.314971923828125,11.252021789550781
TRAIN,sfbg4630,132,2,3,20,1,0,1,-1.6875,0.1561049073934555,,,,,0.0,0.0,2.8216605186462402
TRAIN,sfbg4630,132,3,4,20,1,0,1,-1.2421875,0.2240554392337799,,,,,0.0,0.0,2.8216605186462402
TRAIN,sfbg4630,132,4,5,20,1,0,1,-1.71875,0.1520322561264038,,,,,0.0,0.0,2.8216605186462402
TRAIN,sfbg4630,132,5,6,20,1,0,1,-2.6875,0.06371499598026276,,,,,0.0,0.0,2.8216605186462402
TRAIN,sfbg4630,132,6,7,20,1,0,1,-2.25,0.09534945338964462,,,,,0.0,0.0,2.8216605186462402
TRAIN,sfbg4630,132,7,8,20,1,0,1,-1.921875,0.1276526302099228,,,,,0.0,0.0,2.8216605186462402
TRAIN,sfbg4630,132,8,9,20,1,0,1,-1.03125,0.2628418207168579,,,,,0.0,0.0,2.8216605186462402
TRAIN,sfbg4630,132,9,10,20,1,0,1,-5.3125,0.004905405919998884,,,,,0.0,0.0,2.8216605186462402
TRAIN,sfbg4630,132,10,11,20,1,0,1,-4.3125,0.013222821988165379,,,,,0.0,0.0,2.8216605186462402
TRAIN,sfbg4630,132,11,12,20,1,0,1,-2.796875,0.05749328061938286,,,,,0.0,0.0,2.8216605186462402
TRAIN,sfbg4630,132,12,13,20,1,0,1,-1.75,0.14804719388484955,,,,,0.0,0.0,2.8216605186462402
TRAIN,sfbg4630,132,13,14,20,1,0,1,-4.4375,0.011687257327139378,,,,,0.0,0.0,2.8216605186462402
TRAIN,sfbg4630,132,14,15,20,1,0,1,-4.21875,0.014503579586744308,,,,,0.0,0.0,2.8216605186462402
TRAIN,sfbg4630,132,15,16,20,1,0,1,-3.40625,0.03210070729255676,,,,,0.0,0.0,2.8216605186462402
TRAIN,sfbg4630,132,16,17,20,1,0,1,-7.25,0.0007096704212017357,,,,,0.0,0.0,2.8216605186462402
TRAIN,sfbg4630,132,17,18,20,1,0,1,-7.34375,0.0006462032906711102,,,,,0.0,0.0,2.8216605186462402
TRAIN,sfbg4630,132,18,19,20,1,0,1,-7.9375,0.0003569706459529698,,,,,0.0,0.0,2.8216605186462402
TRAIN,sfbg4630,132,19,20,20,1,0,1,-7.875,0.0003799845289904624,,,,,0.0,0.0,2.8216605186462402
TRAIN,sfbg4630,133,0,1,20,1,1,0,6.0,0.9975274205207825,0.4332033097743988,0.45037174224853516,8,-0.017168432474136353,15.901542663574219,3.0444233417510986,15.55284595489502
TRAIN,sfbg4630,133,1,2,20,1,1,0,6.25,0.9980732202529907,0.5541566014289856,0.5813371539115906,8,-0.02718055248260498,13.341534614562988,2.361846923828125,12.609515190124512
TRAIN,sfbg4630,133,2,3,20,1,0,1,-0.50390625,0.37662312388420105,,,,,0.0,0.0,2.8216605186462402
TRAIN,sfbg4630,133,3,4,20,1,0,1,-0.6953125,0.332852303981781,,,,,0.0,0.0,2.8216605186462402
TRAIN,sfbg4630,133,4,5,20,1,0,1,-1.0625,0.2568320035934448,,,,,0.0,0.0,2.8216605186462402
TRAIN,sfbg4630,133,5,6,20,1,0,1,-2.546875,0.07263670116662979,,,,,0.0,0.0,2.8216605186462402
TRAIN,sfbg4630,133,6,7,20,1,0,1,-1.65625,0.16026602685451508,,,,,0.0,0.0,2.8216605186462402
TRAIN,sfbg4630,133,7,8,20,1,0,1,-1.3828125,0.20055769383907318,,,,,0.0,0.0,2.8216605186462402
TRAIN,sfbg4630,133,8,9,20,1,0,1,-1.109375,0.24798744916915894,,,,,0.0,0.0,2.8216605186462402
TRAIN,sfbg4630,133,9,10,20,1,0,1,-5.6875,0.0033766122069209814,,,,,0.0,0.0,2.8216605186462402
TRAIN,sfbg4630,133,10,11,20,1,0,1,-4.96875,0.006903838831931353,,,,,0.0,0.0,2.8216605186462402
TRAIN,sfbg4630,133,11,12,20,1,0,1,-3.15625,0.04084571450948715,,,,,0.0,0.0,2.8216605186462402
TRAIN,sfbg4630,133,12,13,20,1,0,1,-1.640625,0.16238002479076385,,,,,0.0,0.0,2.8216605186462402
TRAIN,sfbg4630,133,13,14,20,1,0,1,-5.5,0.00407013762742281,,,,,0.0,0.0,2.8216605186462402
TRAIN,sfbg4630,133,14,15,20,1,0,1,-4.15625,0.015424552373588085,,,,,0.0,0.0,2.8216605186462402
TRAIN,sfbg4630,133,15,16,20,1,0,1,-3.609375,0.026355354115366936,,,,,0.0,0.0,2.8216605186462402
TRAIN,sfbg4630,133,16,17,20,1,0,1,-6.5625,0.0014103584690019488,,,,,0.0,0.0,2.8216605186462402
TRAIN,sfbg4630,133,17,18,20,1,0,1,-7.90625,0.00036829791497439146,,,,,0.0,0.0,2.8216605186462402
TRAIN,sfbg4630,133,18,19,20,1,0,1,-8.1875,0.0002780309587251395,,,,,0.0,0.0,2.8216605186462402
TRAIN,sfbg4630,133,19,20,20,1,0,1,-7.9375,0.0003569706459529698,,,,,0.0,0.0,2.8216605186462402
TRAIN,sfbg4630,134,0,1,20,1,1,0,5.0,0.9933071732521057,0.3241504430770874,0.3340453505516052,20,-0.009894907474517822,15.459315299987793,2.6770455837249756,15.474038124084473
TRAIN,sfbg4630,134,1,2,20,1,1,0,5.0625,0.9937100410461426,0.40026572346687317,0.44103020429611206,20,-0.04076448082923889,12.165873527526855,2.1223580837249756,11.9646635055542
TRAIN,sfbg4630,134,2,3,20,1,1,0,2.890625,0.9473810195922852,0.467739075422287,0.5058321952819824,19,-0.038093119859695435,11.258378982543945,2.252471923828125,11.029716491699219
TRAIN,sfbg4630,134,3,4,20,1,1,0,4.84375,0.9921841025352478,0.5803889632225037,0.6658208966255188,20,-0.08543193340301514,9.889521598815918,1.893096923828125,9.405364990234375
TRAIN,sfbg4630,134,4,5,20,1,1,0,5.21875,0.9946150183677673,0.43129146099090576,0.48797452449798584,20,-0.05668306350708008,11.747400283813477,2.213409423828125,11.426697731018066
TRAIN,sfbg4630,134,5,6,20,1,1,0,2.796875,0.9425067901611328,0.5235099792480469,0.5712432861328125,20,-0.047733306884765625,10.181079864501953,2.127471923828125,9.66504192352295
TRAIN,sfbg4630,134,6,7,20,1,1,0,3.5625,0.9724147915840149,0.4586374759674072,0.5502334833145142,19,-0.09159600734710693,11.596652030944824,2.21850848197937,11.364169120788574
TRAIN,sfbg4630,134,7,8,20,1,1,0,5.125,0.9940890073776245,0.6636538505554199,0.7197096347808838,20,-0.05605578422546387,10.094856262207031,1.963409423828125,9.38205623626709
TRAIN,sfbg4630,134,8,9,20,1,1,0,4.75,0.9914224743843079,0.5433799624443054,0.6082966923713684,19,-0.06491672992706299,9.634020805358887,1.916534423828125,9.2764892578125
TRAIN,sfbg4630,134,9,10,20,1,0,1,-3.15625,0.04084571450948715,,,,,0.0,0.0,2.8216605186462402
TRAIN,sfbg4630,134,10,11,20,1,1,0,4.34375,0.9871788024902344,0.5955463647842407,0.6701880693435669,19,-0.07464170455932617,8.92337703704834,1.799346923828125,8.481050491333008
TRAIN,sfbg4630,134,11,12,20,1,1,0,4.59375,0.9899863600730896,0.4210476875305176,0.49399542808532715,20,-0.07294774055480957,10.969705581665039,1.973920464515686,10.548552513122559
TRAIN,sfbg4630,134,12,13,20,1,1,0,2.796875,0.9425067901611328,0.5457922220230103,0.680452823638916,19,-0.13466060161590576,11.266060829162598,2.14038348197937,11.013785362243652
TRAIN,sfbg4630,134,13,14,20,1,1,0,1.3125,0.7879312038421631,0.4439244568347931,0.5257886052131653,19,-0.08186414837837219,11.07047176361084,2.057159423828125,11.047213554382324
TRAIN,sfbg4630,134,14,15,20,1,1,0,3.734375,0.976669192314148,0.5707985758781433,0.6257243156433105,19,-0.054925739765167236,11.037056922912598,2.096221923828125,10.749541282653809
TRAIN,sfbg4630,134,15,16,20,1,1,0,3.671875,0.9752018451690674,0.623392641544342,0.6931926012039185,20,-0.06979995965957642,9.775508880615234,1.869659423828125,9.240046501159668
TRAIN,sfbg4630,134,16,17,20,1,1,0,4.46875,0.9886682629585266,0.417231947183609,0.45662859082221985,3,-0.03939664363861084,14.116153717041016,2.502471923828125,13.483036041259766
TRAIN,sfbg4630,134,17,18,20,1,0,1,-4.03125,0.017442485317587852,,,,,0.0,0.0,2.8216605186462402
TRAIN,sfbg4630,134,18,19,20,1,0,1,-3.734375,0.023330770432949066,,,,,0.0,0.0,2.8216605186462402
TRAIN,sfbg4630,134,19,20,20,1,0,1,-1.2421875,0.2240554392337799,,,,,0.0,0.0,2.8216605186462402
TRAIN,sfbg4630,135,0,1,20,1,1,0,7.75,0.9995694756507874,0.5207451581954956,0.5350325107574463,3,-0.014287352561950684,13.533174514770508,2.330596923828125,12.627459526062012
TRAIN,sfbg4630,135,1,2,20,1,1,0,7.28125,0.999312162399292,0.5201517939567566,0.5722200870513916,3,-0.05206829309463501,11.496170043945312,1.900909423828125,10.428956985473633
TRAIN,sfbg4630,135,2,3,20,1,1,0,5.9375,0.997368335723877,0.48564350605010986,0.4978461265563965,8,-0.012202620506286621,10.417670249938965,1.8651022911071777,9.300226211547852
TRAIN,sfbg4630,135,3,4,20,1,1,0,7.1875,0.9992445707321167,0.572914719581604,0.595979630947113,8,-0.023064911365509033,9.852063179016113,1.713409423828125,8.70081901550293
TRAIN,sfbg4630,135,4,5,20,1,1,0,4.25,0.9859364032745361,0.33319735527038574,0.3993600010871887,19,-0.06616264581680298,13.392193794250488,2.134075880050659,13.331565856933594
TRAIN,sfbg4630,135,5,6,20,1,1,0,3.109375,0.957277774810791,0.38196295499801636,0.44795191287994385,3,-0.06598895788192749,11.727787971496582,2.2281334400177,10.978678703308105
TRAIN,sfbg4630,135,6,7,20,1,1,0,2.359375,0.9136765599250793,0.5514463186264038,0.6405714750289917,19,-0.08912515640258789,8.87350845336914,1.7437585592269897,8.261561393737793
TRAIN,sfbg4630,135,7,8,20,1,1,0,4.25,0.9859364032745361,0.5554707050323486,0.6020318269729614,19,-0.04656112194061279,9.16352653503418,1.7906335592269897,8.556340217590332
TRAIN,sfbg4630,135,8,9,20,1,1,0,4.9375,0.9928786158561707,0.5836400389671326,0.5960392951965332,3,-0.012399256229400635,9.64005184173584,1.971221923828125,8.911962509155273
TRAIN,sfbg4630,135,9,10,20,1,1,0,5.90625,0.997285008430481,0.4765796363353729,0.5300103425979614,3,-0.0534307062625885,12.468578338623047,2.096221923828125,11.46866226196289
TRAIN,sfbg4630,135,10,11,20,1,1,0,6.46875,0.9984512329101562,0.5883536338806152,0.6180872321128845,8,-0.029733598232269287,10.96096134185791,1.9227712154388428,9.920570373535156
TRAIN,sfbg4630,135,11,12,20,1,1,0,8.875,0.9998601675033569,0.45795613527297974,0.5383760333061218,3,-0.08041989803314209,11.919732093811035,2.0258708000183105,10.779923439025879
TRAIN,sfbg4630,135,12,13,20,1,1,0,5.28125,0.9949396848678589,0.5453822016716003,0.5691869258880615,20,-0.02380472421646118,8.752888679504395,1.5961834192276,7.799299240112305
TRAIN,sfbg4630,135,13,14,20,1,0,1,-0.46484375,0.3858373761177063,,,,,0.0,0.0,2.8216605186462402
TRAIN,sfbg4630,135,14,15,20,1,1,0,4.21875,0.985496461391449,0.5537070631980896,0.5755705833435059,20,-0.02186352014541626,8.854527473449707,1.5526022911071777,7.980147838592529
TRAIN,sfbg4630,135,15,16,20,1,1,0,3.8125,0.9783847332000732,0.5710430145263672,0.6536878347396851,19,-0.08264482021331787,9.287720680236816,1.7906335592269897,8.800835609436035
TRAIN,sfbg4630,135,16,17,20,1,1,0,6.4375,0.9984021782875061,0.4924265742301941,0.5559191107749939,3,-0.0634925365447998,11.115374565124512,1.9625085592269897,10.041670799255371
TRAIN,sfbg4630,135,17,18,20,1,1,0,1.859375,0.8652240633964539,0.4375377297401428,0.45818251371383667,20,-0.020644783973693848,10.557206153869629,2.205596923828125,10.139147758483887
TRAIN,sfbg4630,135,18,19,20,1,0,1,-2.4375,0.08035746961832047,,,,,0.0,0.0,2.8216605186462402
TRAIN,sfbg4630,135,19,20,20,1,0,1,-1.1796875,0.2351083904504776,,,,,0.0,0.0,2.8216605186462402
