split,video,frame_idx,obj_idx,object_id,n_objects,frame_height,frame_width,baseline_memory_encoded,mask_conf_iou_head,occ_score_logit,occ_score_prob,pointer_valid,pred_area_px,area_norm,frame0_anchor_area_px,area_ratio_anchor,temporal_iou_prev,centroid_x_px,centroid_y_px,prev_centroid_x_px,prev_centroid_y_px,target_visible,target_gt_area_px,target_iou,max_other_iou,max_other_object_id,ptr_sim_anchor_fp32
TRAIN,82a3db34,1,0,1,4,1080,1920,1,0.9765625,11.875,0.999993085861206,1,160499,0.07740113811728395,159768,1.0045753843072456,0.7026965240783863,947.3366625337229,446.294300899071,943.0866068299033,464.0036803364879,1,159937,0.9719138461538461,8.709194860550422e-05,2,0.27502375841140747
TRAIN,82a3db34,1,1,2,4,1080,1920,1,0.94921875,11.25,0.999987006187439,1,34914,0.01683738425925926,34141,1.0226413989045429,0.5861585814038957,1079.5710889614481,633.1388268316434,1073.235933335286,647.2271462464486,1,34714,0.929608690832502,0.005844512434298266,3,0.20336440205574036
TRAIN,82a3db34,1,2,3,4,1080,1920,1,0.89453125,11.1875,0.9999861717224121,1,15119,0.007291184413580247,14911,1.013949433304272,0.7220024083949768,1382.2566968714862,598.8172498181096,1386.4432298303266,606.4265978136946,1,16372,0.8412559200140326,0.008014931927975406,4,0.3573867082595825
TRAIN,82a3db34,1,3,4,4,1080,1920,1,0.828125,8.1875,0.9997219443321228,1,4783,0.002306616512345679,6255,0.7646682653876898,0.33583444269635726,1358.6989337236043,630.5833159105164,1353.686970423661,644.4108713029576,1,3243,0.535195103289977,0.08604137789414242,3,0.3985641896724701
TRAIN,82a3db34,2,0,1,4,1080,1920,1,0.9765625,11.9375,0.9999934434890747,1,160060,0.07718942901234568,159768,1.0018276500926344,0.8098305678039307,934.7359427714607,435.3761277021117,947.3366625337229,446.294300899071,1,158012,0.9714758548875956,0.00017988107291350803,2,0.30855894088745117
TRAIN,82a3db34,2,1,2,4,1080,1920,1,0.94921875,11.1875,0.9999861717224121,1,34901,0.016831114969135804,34141,1.0222606250549193,0.7126631341379649,1067.7512392195067,624.4195008739005,1079.5710889614481,633.1388268316434,1,34548,0.9290853031860226,0.007212116355477202,3,0.2611862123012543
TRAIN,82a3db34,2,2,3,4,1080,1920,1,0.89453125,11.5625,0.9999904632568359,1,14826,0.0071498842592592595,14911,0.9942995104285427,0.592734429019733,1357.3155267772831,593.5481586402266,1382.2566968714862,598.8172498181096,1,15375,0.8606986630521841,0.015972384741399486,4,0.39409714937210083
TRAIN,82a3db34,2,3,4,4,1080,1920,1,0.76171875,5.03125,0.9935117363929749,1,3164,0.0015258487654320988,6255,0.5058353317346123,0.396170063246662,1338.194058154235,620.8542983565108,1358.6989337236043,630.5833159105164,1,2539,0.542602109818772,0.0534121256889596,3,0.422000527381897
TRAIN,82a3db34,3,0,1,4,1080,1920,1,0.97265625,12.4375,0.9999960660934448,1,159606,0.07697048611111111,159768,0.9989860297431276,0.7813553560581997,907.0786937834417,430.88539277972006,934.7359427714607,435.3761277021117,1,157657,0.9715572955505841,0.00022672231668985417,2,0.18428556621074677
TRAIN,82a3db34,3,1,2,4,1080,1920,1,0.94140625,12.125,0.9999946355819702,1,34770,0.016767939814814815,34141,1.0184235962625583,0.6406687860591075,1042.947771067012,619.6341961461029,1067.7512392195067,624.4195008739005,1,34508,0.9238010607869818,0.012002388535031848,3,0.220718652009964
TRAIN,82a3db34,3,2,3,4,1080,1920,1,0.87890625,11.8125,0.9999926090240479,1,14623,0.007051986882716049,14911,0.9806854000402387,0.49525260218329525,1322.6807084729535,594.4920330985434,1357.3155267772831,593.5481586402266,1,16073,0.8203166696317381,0.019385026737967916,4,0.35741469264030457
TRAIN,82a3db34,3,3,4,4,1080,1920,1,0.58203125,2.21875,0.9019206762313843,1,1752,0.0008449074074074074,6255,0.2800959232613909,0.3743360357841767,1311.1381278538813,623.0610730593608,1338.194058154235,620.8542983565108,1,627,0.09631336405529954,0.08358662613981763,3,0.3092757761478424
TRAIN,82a3db34,4,0,1,4,1080,1920,1,0.97265625,12.625,0.9999966621398926,1,158360,0.0763695987654321,159768,0.9911872214711331,0.7750274935383207,878.0455102298561,433.3347751957565,907.0786937834417,430.88539277972006,1,156712,0.9724051583823714,0.00020702385949980734,3,0.20958347618579865
TRAIN,82a3db34,4,1,2,4,1080,1920,1,0.94140625,12.25,0.999995231628418,1,34086,0.016438078703703705,34141,0.9983890337131308,0.6432236355392216,1017.6997594320248,619.9646775802382,1042.947771067012,619.6341961461029,1,34070,0.9349307290483762,0.010213008361646288,3,0.2938429117202759
TRAIN,82a3db34,4,2,3,4,1080,1920,1,0.86328125,12.0625,0.9999942779541016,1,14167,0.006832079475308642,14911,0.9501039501039501,0.46708112515287403,1290.4547892990754,598.00748217689,1322.6807084729535,594.4920330985434,1,15569,0.8398713030565524,0.0053563984993747395,2,0.3271690607070923
TRAIN,82a3db34,4,3,4,4,1080,1920,1,0.515625,1.84375,0.8633915781974792,1,1158,0.0005584490740740741,6255,0.18513189448441247,0.3108108108108108,1267.520725388601,626.2435233160621,1311.1381278538813,623.0610730593608,0,0,0.0,0.06840827797649464,3,0.28355562686920166
TRAIN,82a3db34,5,0,1,4,1080,1920,1,0.97265625,12.5,0.9999963045120239,1,159407,0.07687451774691358,159768,0.9977404736868459,0.7833343622149764,855.6615456033926,436.4970170695139,878.0455102298561,433.3347751957565,1,156977,0.9715101135358117,0.00028637704401615166,3,0.1964443176984787
TRAIN,82a3db34,5,1,2,4,1080,1920,1,0.94140625,12.125,0.9999946355819702,1,35128,0.016940586419753087,34141,1.0289095222752702,0.696421568627451,1001.5938567524482,620.3636984741516,1017.6997594320248,619.9646775802382,1,34175,0.9167242857537959,0.02245229395046691,3,0.28786134719848633
TRAIN,82a3db34,5,2,3,4,1080,1920,1,0.84765625,11.5625,0.9999904632568359,1,14576,0.007029320987654321,14911,0.9775333646301388,0.5270959515460631,1263.4708424807905,598.3858397365533,1290.4547892990754,598.00748217689,1,15238,0.7663368682978849,0.08933601609657947,4,0.3649080991744995
TRAIN,82a3db34,5,3,4,4,1080,1920,1,0.24609375,1.078125,0.7461389899253845,1,1275,0.0006148726851851852,6255,0.2038369304556355,0.33681318681318684,1245.7341176470588,629.9780392156863,1267.520725388601,626.2435233160621,1,1666,0.0,0.07548521557900222,3,0.2945391535758972
TRAIN,82a3db34,6,0,1,4,1080,1920,1,0.97265625,12.125,0.9999946355819702,1,157444,0.0759278549382716,159768,0.985453908166842,0.8366683283675528,849.7739831305099,443.4616498564569,855.6615456033926,436.4970170695139,1,156592,0.9707063607610824,0.0005975829799084479,3,0.26929283142089844
TRAIN,82a3db34,6,1,2,4,1080,1920,1,0.94140625,12.125,0.9999946355819702,1,35296,0.017021604938271605,34141,1.0338302920242524,0.8435119499489542,996.2186083408885,623.0504023118767,1001.5938567524482,620.3636984741516,1,34295,0.9072297741723306,0.03180559827745309,3,0.21891096234321594
TRAIN,82a3db34,6,2,3,4,1080,1920,1,0.8203125,11.5,0.9999898672103882,1,15798,0.007618634259259259,14911,1.059486285292737,0.6478949652777778,1252.7911760982404,603.2858589694898,1263.4708424807905,598.3858397365533,1,15020,0.7607267325601326,0.13225129597630214,4,0.4082556366920471
TRAIN,82a3db34,6,3,4,4,1080,1920,1,0.462890625,2.046875,0.8856314420700073,1,1991,0.0009601658950617284,6255,0.3183053557154277,0.2986083499005964,1195.3093922651933,609.626820693119,1245.7341176470588,629.9780392156863,1,2549,0.0033149171270718232,0.12514055162378465,3,0.27490633726119995
TRAIN,82a3db34,7,0,1,4,1080,1920,1,0.97265625,12.0,0.9999938011169434,1,159050,0.07670235339506173,159768,0.9955059836763307,0.866219315883508,851.5639987425338,450.53092738132665,849.7739831305099,443.4616498564569,1,157291,0.9712053140247132,0.0009454629309350858,3,0.24704593420028687
TRAIN,82a3db34,7,1,2,4,1080,1920,1,0.93359375,11.875,0.999993085861206,1,35349,0.017047164351851853,34141,1.0353826777188717,0.9006430089590788,998.8700670457439,625.6861863136156,996.2186083408885,623.0504023118767,1,35131,0.9104930741915372,0.02532347504621072,3,0.22089695930480957
TRAIN,82a3db34,7,2,3,4,1080,1920,1,0.7734375,11.125,0.9999852180480957,1,12725,0.006136670524691358,14911,0.8533968211387566,0.7180460185519817,1254.0050294695482,608.1723379174853,1252.7911760982404,603.2858589694898,1,14574,0.7547727710998264,0.05293079788276808,4,0.40611669421195984
TRAIN,82a3db34,7,3,4,4,1080,1920,1,0.41796875,3.15625,0.9591543078422546,1,1684,0.0008121141975308642,6255,0.269224620303757,0.384180790960452,1190.163301662708,607.9596199524941,1195.3093922651933,609.626820693119,1,3388,0.0011843663639952626,0.10178910273786934,3,0.3965747058391571
TRAIN,82a3db34,8,0,1,4,1080,1920,1,0.97265625,11.625,0.9999910593032837,1,156558,0.0755005787037037,159768,0.9799083671323419,0.9133091649793276,852.625218768763,455.495132794236,851.5639987425338,450.53092738132665,1,156836,0.9741727402722571,0.00048495399154439194,4,0.27883172035217285
TRAIN,82a3db34,8,1,2,4,1080,1920,1,0.93359375,11.625,0.9999910593032837,1,34674,0.016721643518518518,34141,1.0156117278345684,0.9166005200492678,998.8267289611813,626.7755667070427,998.8700670457439,625.6861863136156,1,34284,0.9272239456694894,0.01827277737736889,3,0.25138407945632935
TRAIN,82a3db34,8,2,3,4,1080,1920,1,0.7578125,10.9375,0.9999822378158569,1,11256,0.00542824074074074,14911,0.7548789484273355,0.766426045963465,1253.262882018479,613.4393212508884,1254.0050294695482,608.1723379174853,1,13362,0.7211773753757953,0.05151168271496869,4,0.389241099357605
TRAIN,82a3db34,8,3,4,4,1080,1920,1,0.294921875,3.59375,0.9732407331466675,1,1416,0.0006828703703703704,6255,0.22637889688249402,0.0190664036817883,1237.9449152542372,577.5204802259886,1190.163301662708,607.9596199524941,1,4360,0.31902260790134734,0.0007449041782352543,3,0.3109130263328552
TRAIN,82a3db34,9,0,1,4,1080,1920,1,0.97265625,12.9375,0.999997615814209,1,157232,0.07582561728395061,159768,0.9841269841269841,0.9610526776284131,854.1031851022692,457.2861504019538,852.625218768763,455.495132794236,1,154282,0.9663432708634478,0.00400027458983144,4,0.2127809226512909
TRAIN,82a3db34,9,1,2,4,1080,1920,1,0.9296875,11.4375,0.9999892711639404,1,33384,0.016099537037037037,34141,0.9778272458334554,0.8491509305800842,1000.278396836808,623.1981488138031,998.8267289611813,626.7755667070427,1,34769,0.8959301193423651,0.013349786852142697,3,0.3336755335330963
TRAIN,82a3db34,9,2,3,4,1080,1920,1,0.765625,10.5,0.9999724626541138,1,11558,0.005573881172839506,14911,0.7751324525518074,0.7577625394868633,1243.3817269423776,608.6817788544731,1253.262882018479,613.4393212508884,1,11781,0.8348270440251573,0.023283983849259757,4,0.3698884844779968
TRAIN,82a3db34,9,3,4,4,1080,1920,1,0.2451171875,3.203125,0.9609517455101013,1,1606,0.0007744984567901235,6255,0.2567545963229416,0.19683168316831684,1248.5566625155666,569.5722291407222,1237.9449152542372,577.5204802259886,1,3648,0.43984653329679363,0.0,1,0.31735748052597046
TRAIN,82a3db34,10,0,1,4,1080,1920,1,0.96875,13.125,0.9999979734420776,1,156776,0.0756057098765432,159768,0.9812728456261579,0.9112799162466827,859.8322511098637,453.68443511762007,854.1031851022692,457.2861504019538,1,156849,0.9746949415068441,0.0010270886761898162,4,0.2704450488090515
TRAIN,82a3db34,10,1,2,4,1080,1920,1,0.93359375,12.0625,0.9999942779541016,1,33118,0.015971257716049382,34141,0.9700360270642336,0.7596380282062816,1006.0102059303098,618.0053445256356,1000.278396836808,623.1981488138031,1,33849,0.9263872508126456,0.009807611414908456,3,0.3066628575325012
TRAIN,82a3db34,10,2,3,4,1080,1920,1,0.84375,10.375,0.9999687671661377,1,10769,0.005193383487654321,14911,0.7222184964120448,0.7631682855563453,1248.6217847525304,606.0492153403287,1243.3817269423776,608.6817788544731,1,12494,0.8346214511041009,0.0033280863503485497,2,0.40867742896080017
TRAIN,82a3db34,10,3,4,4,1080,1920,1,0.671875,2.921875,0.9489172697067261,1,1735,0.0008367091049382717,6255,0.2773780975219824,0.17558057705840957,1265.7014409221902,560.7164265129683,1248.5566625155666,569.5722291407222,1,2088,0.7212967131922557,0.002819085206850377,3,0.33265450596809387
TRAIN,82a3db34,11,0,1,4,1080,1920,1,0.97265625,12.5,0.9999963045120239,1,159295,0.07682050540123457,159768,0.9970394572129588,0.9347534661647232,865.0731724159579,454.58907686995826,859.8322511098637,453.68443511762007,1,157440,0.9702964137973935,0.003319916378046117,4,0.24477532505989075
TRAIN,82a3db34,11,1,2,4,1080,1920,1,0.9375,12.0625,0.9999942779541016,1,33341,0.016078800154320987,34141,0.976567763100085,0.8569153394803017,1013.2741069554003,616.2650490387211,1006.0102059303098,618.0053445256356,1,33606,0.9411116587897591,0.007480297430874037,3,0.2660600543022156
TRAIN,82a3db34,11,2,3,4,1080,1920,1,0.86328125,10.375,0.9999687671661377,1,10841,0.005228105709876543,14911,0.7270471464019851,0.8801113624499739,1248.6062171386404,606.5873074439627,1248.6217847525304,606.0492153403287,1,11913,0.881584387662284,0.0015999639444744906,2,0.3816993832588196
TRAIN,82a3db34,11,3,4,4,1080,1920,1,0.30859375,2.078125,0.8887587189674377,1,309,0.0001490162037037037,6255,0.049400479616306954,0.1444568868980963,1217.1132686084143,557.1521035598705,1265.7014409221902,560.7164265129683,1,1482,0.049824150058616644,0.0014219965084907157,1,0.24944022297859192
TRAIN,82a3db34,12,0,1,4,1080,1920,1,0.97265625,12.3125,0.9999954700469971,1,157659,0.07603153935185185,159768,0.9867996094336788,0.9015946915609738,870.9781680715976,459.95569552007817,865.0731724159579,454.58907686995826,1,158686,0.9756498170145265,0.00034693967665222133,4,0.2853538393974304
TRAIN,82a3db34,12,1,2,4,1080,1920,1,0.9453125,11.4375,0.9999892711639404,1,32497,0.015671778549382717,34141,0.9518467531706746,0.8728984723921145,1015.311136412592,620.2882112194972,1013.2741069554003,616.2650490387211,1,33706,0.931749875988445,0.0027281344646614106,3,0.28072112798690796
TRAIN,82a3db34,12,2,3,4,1080,1920,1,0.87109375,9.75,0.9999417066574097,1,10486,0.005056905864197531,14911,0.7032392193682516,0.7271622934888241,1247.5678046919702,612.0389090215525,1248.6062171386404,606.5873074439627,1,10874,0.8904327816620939,0.004047514298284206,4,0.34169018268585205
TRAIN,82a3db34,12,3,4,4,1080,1920,1,0.07275390625,0.77734375,0.6851073503494263,1,603,0.0002907986111111111,6255,0.09640287769784173,0.0,1212.5174129353234,603.7180762852405,1217.1132686084143,557.1521035598705,1,925,0.08831908831908832,0.028220748969718688,3,0.30421215295791626
TRAIN,82a3db34,13,0,1,4,1080,1920,1,0.97265625,11.75,0.9999921321868896,1,157282,0.0758497299382716,159768,0.9844399379099694,0.7894069987443396,862.3295482000483,470.9500260678272,870.9781680715976,459.95569552007817,1,157879,0.9742971334068358,0.0005920725157842341,2,0.27594292163848877
TRAIN,82a3db34,13,1,2,4,1080,1920,1,0.93359375,11.8125,0.9999926090240479,1,32989,0.015909047067901236,34141,0.9662575788641223,0.6610272669625872,1005.8070265846192,629.9297947800782,1015.311136412592,620.2882112194972,1,33686,0.9225778546712803,0.00629994209612044,3,0.26932963728904724
TRAIN,82a3db34,13,2,3,4,1080,1920,1,0.84765625,9.1875,0.9998977184295654,1,10215,0.004926215277777778,14911,0.6850647173227818,0.4620382795395155,1233.556142927068,623.5198237885462,1247.5678046919702,612.0389090215525,1,10458,0.9063998524529694,0.002740915008793769,2,0.3813762068748474
TRAIN,82a3db34,13,3,4,4,1080,1920,1,0.0002460479736328125,-0.08203125,0.47950366139411926,0,0,0.0,6255,0.0,0.0,,,1212.5174129353234,603.7180762852405,0,0,,0.0,1,
TRAIN,82a3db34,14,0,1,4,1080,1920,1,0.97265625,12.125,0.9999946355819702,1,156358,0.07540412808641975,159768,0.9786565520004006,0.7512200024567555,846.7206666751941,482.276372171555,862.3295482000483,470.9500260678272,1,156601,0.9775240430183624,0.00022166044785965728,2,0.30693650245666504
TRAIN,82a3db34,14,1,2,4,1080,1920,1,0.93359375,11.5625,0.9999904632568359,1,32497,0.015671778549382717,34141,0.9518467531706746,0.6106547296964927,990.9845831922946,640.7844108686955,1005.8070265846192,629.9297947800782,1,33163,0.9343624793777987,0.003074942791762014,3,0.28173619508743286
TRAIN,82a3db34,14,2,3,4,1080,1920,1,0.8671875,9.1875,0.9998977184295654,1,9503,0.004582851080246914,14911,0.6373147340889277,0.3842049842049842,1212.5519309691676,635.6869409660108,1233.556142927068,623.5198237885462,1,9584,0.9127167050806694,0.003787789671803317,2,0.44400376081466675
TRAIN,82a3db34,14,3,4,4,1080,1920,1,0.12109375,0.224609375,0.555917501449585,1,631,0.0003043016975308642,6255,0.1008792965627498,0.0,1176.4960380348653,588.2060221870048,,,0,0,0.0,0.010676795167030535,2,0.2998042702674866
TRAIN,82a3db34,15,0,1,4,1080,1920,1,0.97265625,12.0625,0.9999942779541016,1,155974,0.07521894290123457,159768,0.9762530669470733,0.8041254382772742,835.0755382307308,490.30991703745497,846.7206666751941,482.276372171555,1,156408,0.9785037494933118,0.00016440477516321153,2,0.30048733949661255
TRAIN,82a3db34,15,1,2,4,1080,1920,1,0.94140625,10.75,0.9999785423278809,1,31080,0.014988425925925926,34141,0.9103424035617,0.6527243423104918,978.8131274131274,649.997425997426,990.9845831922946,640.7844108686955,1,32616,0.9223177908555907,0.0019690853598503494,3,0.3777546286582947
TRAIN,82a3db34,15,2,3,4,1080,1920,1,0.875,9.0,0.9998766183853149,1,9337,0.004502797067901234,14911,0.6261820132787874,0.41952983725135623,1192.8477026882297,643.0289172110956,1212.5519309691676,635.6869409660108,1,9628,0.9041164658634538,0.00469382379002323,2,0.4332641661167145
TRAIN,82a3db34,15,3,4,4,1080,1920,1,8.149072527885437e-09,-0.3984375,0.4016878008842468,0,0,0.0,6255,0.0,0.0,,,1176.4960380348653,588.2060221870048,0,0,,0.0,1,
TRAIN,82a3db34,16,0,1,4,1080,1920,1,0.9765625,11.8125,0.9999926090240479,1,158489,0.07643180941358024,159768,0.9919946422312353,0.9776676498518934,831.8670065430408,490.727072541312,835.0755382307308,490.30991703745497,1,157083,0.974978877867134,0.0005189059993919889,2,0.257073312997818
TRAIN,82a3db34,16,1,2,4,1080,1920,1,0.94921875,11.3125,0.9999877214431763,1,32473,0.015660204475308644,34141,0.9511437860636771,0.8856778328338724,976.6283065931697,651.7635266221168,978.8131274131274,649.997425997426,1,32396,0.9352904322921328,0.003001416668667611,3,0.29234349727630615
TRAIN,82a3db34,16,2,3,4,1080,1920,1,0.85546875,9.25,0.9999039173126221,1,9653,0.004655189043209876,14911,0.64737442156797,0.7051270539642632,1186.5861390241375,645.0938568320729,1192.8477026882297,643.0289172110956,1,9299,0.8591328232293506,0.004539047755560333,2,0.3932584226131439
TRAIN,82a3db34,16,3,4,4,1080,1920,1,8.083811398051921e-16,-0.7734375,0.31573596596717834,0,0,0.0,6255,0.0,,,,,,0,0,,0.0,1,
TRAIN,82a3db34,17,0,1,4,1080,1920,1,0.97265625,12.1875,0.9999948740005493,1,158375,0.07637683256172839,159768,0.9912811076060287,0.8537646989995905,844.1318831886346,484.1415185477506,831.8670065430408,490.727072541312,1,159631,0.9771328384377215,0.0002142692894621318,2,0.27397188544273376
TRAIN,82a3db34,17,1,2,4,1080,1920,1,0.9453125,11.5,0.9999898672103882,1,32295,0.015574363425925926,34141,0.945930113353446,0.9061184849465846,981.8259482892089,650.9143520668835,976.6283065931697,651.7635266221168,1,33014,0.9317617132039754,0.0018008067614291203,3,0.315917432308197
TRAIN,82a3db34,17,2,3,4,1080,1920,1,0.85546875,9.4375,0.9999203681945801,1,9494,0.0045785108024691355,14911,0.6367111528401851,0.8587515775167459,1188.828101959132,645.4045713081947,1186.5861390241375,645.0938568320729,1,9428,0.9059226430298146,0.004181332829368548,2,0.4095275402069092
TRAIN,82a3db34,17,3,4,4,1080,1920,1,3.979039320256561e-12,-0.58984375,0.35667070746421814,0,0,0.0,6255,0.0,,,,,,0,0,,0.0,1,
TRAIN,82a3db34,18,0,1,4,1080,1920,1,0.9765625,12.875,0.9999974966049194,1,161012,0.07764853395061729,159768,1.0077862901206749,0.8855572479425691,847.4074044170621,478.51352073137406,844.1318831886346,484.1415185477506,1,160190,0.9726823276523875,0.0007449038303468683,2,0.1804569810628891
TRAIN,82a3db34,18,1,2,4,1080,1920,1,0.9453125,11.625,0.9999910593032837,1,32539,0.015692033179012344,34141,0.9530769456079201,0.9324014187356562,983.8479363225667,650.2855035495867,981.8259482892089,650.9143520668835,1,33789,0.9326903464553163,0.0013923564432494718,3,0.2975480556488037
TRAIN,82a3db34,18,2,3,4,1080,1920,1,0.8671875,9.25,0.9999039173126221,1,8957,0.004319540895061728,14911,0.6006974716652136,0.8377490039840637,1188.634252539913,646.3716646198504,1188.828101959132,645.4045713081947,1,9175,0.9074268882810856,0.0011007283542940115,2,0.384648859500885
TRAIN,82a3db34,18,3,4,4,1080,1920,1,6.314393452555578e-16,-0.859375,0.29746994376182556,0,0,0.0,6255,0.0,,,,,,0,0,,0.0,1,
TRAIN,82a3db34,19,0,1,4,1080,1920,1,0.96875,13.1875,0.9999980926513672,1,157023,0.07572482638888889,159768,0.9828188373141055,0.8659536144472281,846.557281417372,470.6267935270629,847.4074044170621,478.51352073137406,1,157328,0.9713964980935179,0.0005435947292218755,2,0.23761850595474243
TRAIN,82a3db34,19,1,2,4,1080,1920,1,0.94140625,11.5625,0.9999904632568359,1,32389,0.015619695216049383,34141,0.948683401189186,0.9439520958083832,981.3653709592763,648.3830312760505,983.8479363225667,650.2855035495867,1,34400,0.9181768574628795,0.0016391437308868502,3,0.2864641845226288
TRAIN,82a3db34,19,2,3,4,1080,1920,1,0.828125,9.625,0.9999339580535889,1,7854,0.0037876157407407407,14911,0.5267252364026558,0.7712569802971236,1183.5047109752993,646.409982174688,1188.634252539913,646.3716646198504,1,8553,0.8557855446216491,0.0029670773101663937,2,0.3727430999279022
TRAIN,82a3db34,19,3,4,4,1080,1920,1,8.083811398051921e-16,-0.8046875,0.3090237081050873,0,0,0.0,6255,0.0,,,,,,0,0,,0.0,1,
TRAIN,82a3db34,20,0,1,4,1080,1920,1,0.96875,13.3125,0.9999983310699463,1,160356,0.07733217592592592,159768,1.0036803364879074,0.8605219654602371,843.6974980668014,462.12305744718003,846.557281417372,470.6267935270629,1,160316,0.9712432764714922,0.004511194099407828,4,0.2352106273174286
TRAIN,82a3db34,20,1,2,4,1080,1920,1,0.9375,11.375,0.9999885559082031,1,32521,0.01568335262345679,34141,0.952549720277672,0.9095669569310426,978.1615263983273,648.6656621875096,981.3653709592763,648.3830312760505,1,34184,0.9291725713624663,0.00024543491066169253,3,0.3011569678783417
TRAIN,82a3db34,20,2,3,4,1080,1920,1,0.83984375,9.25,0.9999039173126221,1,8130,0.003920717592592593,14911,0.5452350613640936,0.6832350463352991,1176.4166051660516,648.5637146371464,1183.5047109752993,646.409982174688,1,8233,0.8897101281903222,0.005250279143800632,2,0.4183906614780426
TRAIN,82a3db34,20,3,4,4,1080,1920,1,0.53125,1.640625,0.837619960308075,1,1338,0.0006452546296296296,6255,0.21390887290167865,0.0,1114.9192825112107,554.4275037369208,,,1,1303,0.6272335181762169,0.0015240880253766852,1,0.3506493866443634
TRAIN,82a3db34,21,0,1,4,1080,1920,1,0.96875,13.6875,0.9999988079071045,1,163242,0.07872395833333333,159768,1.0217440288418207,0.9062649111955465,847.185705884515,458.0999436419549,843.6974980668014,462.12305744718003,1,160377,0.9601036928462838,0.015839666764104064,4,0.2575295567512512
TRAIN,82a3db34,21,1,2,4,1080,1920,1,0.9375,10.875,0.9999810457229614,1,33364,0.01608989197530864,34141,0.9772414399109575,0.8140143171806168,978.4360388442633,652.3969847740079,978.1615263983273,648.6656621875096,1,34274,0.937274445781062,0.001771479185119575,3,0.35495421290397644
TRAIN,82a3db34,21,2,3,4,1080,1920,1,0.83203125,9.1875,0.9998977184295654,1,7549,0.003640528549382716,14911,0.506270538528603,0.5675864827034593,1172.7709630414624,654.9462180421248,1176.4166051660516,648.5637146371464,1,7352,0.8644894894894894,0.005191434133679429,2,0.4289689362049103
TRAIN,82a3db34,21,3,4,4,1080,1920,1,0.52734375,1.7734375,0.854884684085846,1,2490,0.0012008101851851852,6255,0.3980815347721823,0.3555240793201133,1164.8353413654618,556.6979919678715,1114.9192825112107,554.4275037369208,1,3567,0.606631299734748,0.0007680869105701048,1,0.29381683468818665
TRAIN,82a3db34,22,0,1,4,1080,1920,1,0.95703125,12.875,0.9999974966049194,1,160963,0.07762490354938271,159768,1.0074795954133493,0.9061351677102625,846.0426495530029,453.1993750116486,847.185705884515,458.0999436419549,1,160735,0.9738253304045845,9.632635368628914e-05,4,0.28881990909576416
TRAIN,82a3db34,22,1,2,4,1080,1920,1,0.94140625,10.25,0.9999645948410034,1,33005,0.01591676311728395,34141,0.9667262236021206,0.7796637438661411,979.7156491440691,658.9148613846387,978.4360388442633,652.3969847740079,1,34594,0.9254037426300948,0.0013931041345340565,3,0.3272925019264221
TRAIN,82a3db34,22,2,3,4,1080,1920,1,0.81640625,9.125,0.9998910427093506,1,6955,0.0033540702160493826,14911,0.4664341761115955,0.5444574592695134,1173.7889288281813,663.878360891445,1172.7709630414624,654.9462180421248,1,7249,0.8888297872340426,0.003647519203826272,2,0.3850102126598358
TRAIN,82a3db34,22,3,4,4,1080,1920,1,0.796875,2.65625,0.9343951344490051,1,5176,0.002496141975308642,6255,0.827498001598721,0.42969041402461766,1149.6039412673879,557.020285935085,1164.8353413654618,556.6979919678715,1,5155,0.861776896738151,0.001043816143551871,1,0.3586985468864441
TRAIN,82a3db34,23,0,1,4,1080,1920,1,0.97265625,13.75,0.999998927116394,1,158818,0.07659047067901234,159768,0.9940538781232787,0.9400066733400066,848.7628669294412,450.40625118059666,846.0426495530029,453.1993750116486,1,158314,0.9768240610877357,0.001080826500175106,4,0.29482463002204895
TRAIN,82a3db34,23,1,2,4,1080,1920,1,0.94140625,10.375,0.9999687671661377,1,33228,0.016024305555555556,34141,0.9732579596379719,0.793571273830156,981.0517334777899,664.8478993619839,979.7156491440691,658.9148613846387,1,34734,0.9277265636079989,0.001214298363226998,3,0.31172287464141846
TRAIN,82a3db34,23,2,3,4,1080,1920,1,0.8046875,9.5,0.9999251365661621,1,6027,0.002906539351851852,14911,0.40419824290792034,0.44678479884096733,1176.2424091587854,674.7985730877717,1173.7889288281813,663.878360891445,1,6349,0.8482676224611708,0.0031995274544067338,2,0.32393133640289307
TRAIN,82a3db34,23,3,4,4,1080,1920,1,0.8671875,2.609375,0.9314625263214111,1,6602,0.00318383487654321,6255,1.0554756195043964,0.6112175102599179,1148.653135413511,560.1105725537716,1149.6039412673879,557.020285935085,1,6975,0.8789094934957099,0.00010309340869259365,1,0.3498702645301819
TRAIN,82a3db34,24,0,1,4,1080,1920,1,0.96875,14.1875,0.9999992847442627,1,159672,0.07700231481481482,159768,0.9993991287366681,0.8903166453987001,852.8181835262287,444.78483390951453,848.7628669294412,450.40625118059666,1,159718,0.9720423070036244,6.000888131443454e-06,4,0.2990080416202545
TRAIN,82a3db34,24,1,2,4,1080,1920,1,0.9375,11.0625,0.9999842643737793,1,35481,0.017110821759259258,34141,1.0392489968073577,0.8819743077049494,986.0847495842845,668.0706011668217,981.0517334777899,664.8478993619839,1,35117,0.9261179166780346,0.025232928848577713,3,0.2671501338481903
TRAIN,82a3db34,24,2,3,4,1080,1920,1,0.77734375,10.25,0.9999645948410034,1,4810,0.002319637345679012,14911,0.3225806451612903,0.5465962608819752,1182.9675675675676,683.2453222453222,1176.2424091587854,674.7985730877717,1,6003,0.6897952805125801,0.0036953242835595776,2,0.3739383816719055
TRAIN,82a3db34,24,3,4,4,1080,1920,1,0.8671875,2.703125,0.937210738658905,1,6854,0.0033053626543209876,6255,1.0957633892885692,0.701352889113668,1144.4975196965277,562.7064487890283,1148.653135413511,560.1105725537716,1,6971,0.8559538193046047,0.0010216223362699967,1,0.3525242805480957
TRAIN,82a3db34,25,0,1,4,1080,1920,1,0.97265625,14.0,0.9999991655349731,1,158507,0.0764404899691358,159768,0.99210730559311,0.8267881543743613,857.1400127439167,435.5253585015173,852.8181835262287,444.78483390951453,1,159462,0.9751958305638554,0.0001205734473154322,4,0.3213770091533661
TRAIN,82a3db34,25,1,2,4,1080,1920,1,0.9140625,12.25,0.999995231628418,1,35859,0.017293113425925925,34141,1.0503207287425675,0.9196512660441837,988.7957555983156,669.2408321481357,986.0847495842845,668.0706011668217,1,35092,0.9104690613387905,0.038327610977183624,3,0.3053688406944275
TRAIN,82a3db34,25,2,3,4,1080,1920,1,0.62890625,10.875,0.9999810457229614,1,4522,0.0021807484567901237,14911,0.30326604520152906,0.3819043388123797,1174.7067669172932,700.8646616541354,1182.9675675675676,683.2453222453222,1,6782,0.5941334085460442,0.004717459673328599,2,0.4018931984901428
TRAIN,82a3db34,25,3,4,4,1080,1920,1,0.8515625,3.109375,0.957277774810791,1,6784,0.003271604938271605,6255,1.084572342126299,0.6235714285714286,1140.3615860849056,567.5557193396227,1144.4975196965277,562.7064487890283,1,7387,0.876953642384106,7.218739848647088e-05,1,0.36477673053741455
TRAIN,82a3db34,26,0,1,4,1080,1920,1,0.97265625,13.9375,0.9999991655349731,1,158393,0.07638551311728395,159768,0.9913937709679035,0.8720684318103947,862.4360041163435,429.5685036586213,857.1400127439167,435.5253585015173,1,158510,0.9721879939758287,0.0,2,0.3397296667098999
TRAIN,82a3db34,26,1,2,4,1080,1920,1,0.90234375,12.75,0.9999971389770508,1,37496,0.01808256172839506,34141,1.0982689434990187,0.8579352616382149,995.0160283763602,673.512027949648,988.7957555983156,669.2408321481357,1,35813,0.8538589925146672,0.081460741956506,3,0.35199370980262756
TRAIN,82a3db34,26,2,3,4,1080,1920,1,0.640625,10.25,0.9999645948410034,1,6615,0.0031901041666666666,14911,0.44363221782576623,0.2845444059976932,1120.6739229024943,721.269387755102,1174.7067669172932,700.8646616541354,1,7310,0.7533366910098213,0.009229305423406279,2,0.3681446313858032
TRAIN,82a3db34,26,3,4,4,1080,1920,1,0.86328125,3.359375,0.9664104580879211,1,7031,0.003390721450617284,6255,1.124060751398881,0.6804524996959007,1143.014791637036,573.1474896885222,1140.3615860849056,567.5557193396227,1,7348,0.8904811990533789,0.0,1,0.39746230840682983
TRAIN,82a3db34,27,0,1,4,1080,1920,1,0.97265625,14.3125,0.9999994039535522,1,158172,0.07627893518518518,159768,0.9900105152471083,0.8427440479655394,871.9635523354323,422.9175644235389,862.4360041163435,429.5685036586213,1,157546,0.9761152177859007,0.0,2,0.3192548155784607
TRAIN,82a3db34,27,1,2,4,1080,1920,1,0.92578125,12.875,0.9999974966049194,1,34922,0.016841242283950616,34141,1.022875721273542,0.8158521601765252,995.0150907737243,669.837466353588,995.0160283763602,673.512027949648,1,36037,0.9363896848137536,0.004627368910591792,3,0.31024736166000366
TRAIN,82a3db34,27,2,3,4,1080,1920,1,0.76953125,8.6875,0.9998313188552856,1,7312,0.0035262345679012348,14911,0.4903762323117162,0.40280016116035455,1116.4815371991247,733.168079868709,1120.6739229024943,721.269387755102,1,8282,0.7903559127439724,0.004914574495212926,2,0.4035736620426178
TRAIN,82a3db34,27,3,4,4,1080,1920,1,0.85546875,3.75,0.977022647857666,1,6781,0.0032701581790123458,6255,1.0840927258193445,0.6332032635686413,1145.961805043504,579.9303937472349,1143.014791637036,573.1474896885222,1,7396,0.8832359192348566,0.0,1,0.4659821689128876
TRAIN,82a3db34,28,0,1,4,1080,1920,1,0.97265625,14.25,0.9999994039535522,1,157204,0.07581211419753087,159768,0.9839517300085123,0.8954479343213972,876.5052479580672,418.5026589654207,871.9635523354323,422.9175644235389,1,156311,0.9756692377495463,0.0,2,0.33664870262145996
TRAIN,82a3db34,28,1,2,4,1080,1920,1,0.9296875,12.8125,0.9999972581863403,1,34732,0.016749614197530863,34141,1.0173105650098122,0.8783776495334664,996.639467925832,672.3848612230796,995.0150907737243,669.837466353588,1,36182,0.9366414506923014,0.0017482125647174844,3,0.3716089725494385
TRAIN,82a3db34,28,2,3,4,1080,1920,1,0.78125,8.8125,0.9998511075973511,1,9326,0.004497492283950617,14911,0.6254443028636577,0.5282446955084045,1106.3937379369504,739.6319965687326,1116.4815371991247,733.168079868709,1,9963,0.7985081585081585,0.013744403109754739,2,0.41936033964157104
TRAIN,82a3db34,28,3,4,4,1080,1920,1,0.86328125,4.5,0.9890130758285522,1,6626,0.003195408950617284,6255,1.059312549960032,0.5644107351225204,1143.9726833685481,588.2500754603079,1145.961805043504,579.9303937472349,1,7350,0.8585106382978723,0.0,1,0.4180743992328644
TRAIN,82a3db34,29,0,1,4,1080,1920,1,0.97265625,13.9375,0.9999991655349731,1,157399,0.07590615354938271,159768,0.9851722497621551,0.9145985223773415,877.2995762361895,413.91391940228334,876.5052479580672,418.5026589654207,1,158412,0.9720562247491304,0.0,2,0.31545597314834595
TRAIN,82a3db34,29,1,2,4,1080,1920,1,0.94140625,12.375,0.9999958276748657,1,35526,0.017132523148148147,34141,1.040567060132978,0.9102229472539424,996.8887012328998,674.5498508134887,996.639467925832,672.3848612230796,1,36750,0.9426943339425868,0.0012739133299655165,3,0.35177668929100037
TRAIN,82a3db34,29,2,3,4,1080,1920,1,0.8359375,8.9375,0.999868631362915,1,10292,0.004963348765432099,14911,0.6902286902286903,0.6119967132292523,1098.4061406917995,746.1753789350952,1106.3937379369504,739.6319965687326,1,10061,0.857194999543754,0.011655913978494624,2,0.3820343017578125
TRAIN,82a3db34,29,3,4,4,1080,1920,1,0.86328125,5.125,0.9940890073776245,1,6254,0.003016010802469136,6255,0.9998401278976818,0.5087267189879349,1142.496482251359,596.4280460505277,1143.9726833685481,588.2500754603079,1,7416,0.8346530667024561,0.0,1,0.30061405897140503
TRAIN,82a3db34,30,0,1,4,1080,1920,1,0.9765625,13.625,0.9999988079071045,1,157636,0.07602044753086419,159768,0.9866556506935056,0.8649621425146369,868.0087543454541,408.73868913192416,877.2995762361895,413.91391940228334,1,158699,0.9731105331112816,0.0,2,0.30044466257095337
TRAIN,82a3db34,30,1,2,4,1080,1920,1,0.9375,12.375,0.9999958276748657,1,36012,0.01736689814814815,34141,1.0548021440496764,0.8148101169486796,986.1619737865157,674.4467677440853,996.8887012328998,674.5498508134887,1,36475,0.9464300099352864,0.0067633258654943565,3,0.3179300129413605
TRAIN,82a3db34,30,2,3,4,1080,1920,1,0.8359375,8.75,0.999841570854187,1,9808,0.0047299382716049386,14911,0.6577694319629803,0.7003637594112173,1095.6663947797715,750.4337275693312,1098.4061406917995,746.1753789350952,1,11622,0.7825652969555814,0.0005837080594949844,2,0.444463312625885
TRAIN,82a3db34,30,3,4,4,1080,1920,1,0.87109375,4.8125,0.9919379353523254,1,7000,0.0033757716049382714,6255,1.1191047162270185,0.521699196326062,1126.865857142857,600.9602857142858,1142.496482251359,596.4280460505277,1,7076,0.8952470714958933,0.0008287483597688713,2,0.35528603196144104
TRAIN,82a3db34,31,0,1,4,1080,1920,1,0.9765625,13.5,0.9999985694885254,1,157062,0.07574363425925926,159768,0.983062941264834,0.8170259939720775,847.6452865747284,406.33204085011016,868.0087543454541,408.73868913192416,1,157411,0.9774942462238879,0.0,2,0.29384276270866394
TRAIN,82a3db34,31,1,2,4,1080,1920,1,0.94140625,12.25,0.999995231628418,1,35511,0.01712528935185185,34141,1.0401277056911045,0.708419921175206,966.9534228830503,675.7070485201768,986.1619737865157,674.4467677440853,1,36580,0.933356575842094,0.0037534074229398197,3,0.30608534812927246
TRAIN,82a3db34,31,2,3,4,1080,1920,1,0.828125,9.25,0.9999039173126221,1,10663,0.005142264660493827,14911,0.7151096505935216,0.6925175692434891,1078.3524336490668,752.6814217387226,1095.6663947797715,750.4337275693312,1,12358,0.8054270253313466,0.001759966072943172,2,0.39390745759010315
TRAIN,82a3db34,31,3,4,4,1080,1920,1,0.87109375,5.125,0.9940890073776245,1,6790,0.0032744984567901233,6255,1.085531574740208,0.49193984637022614,1105.1702503681886,605.1384388807069,1126.865857142857,600.9602857142858,1,6586,0.8616562282533055,0.006801773568261485,2,0.3112536072731018
TRAIN,82a3db34,32,0,1,4,1080,1920,1,0.9765625,13.25,0.9999982118606567,1,155922,0.07519386574074075,159768,0.9759275950127685,0.7502740185661559,820.4950167391388,410.5440669052475,847.6452865747284,406.33204085011016,1,156618,0.9777132334795072,0.0,2,0.3122529089450836
TRAIN,82a3db34,32,1,2,4,1080,1920,1,0.9375,12.25,0.999995231628418,1,35358,0.017051504629629628,34141,1.0356462903839958,0.6304092760024846,944.7504383732112,680.3133095763335,966.9534228830503,675.7070485201768,1,35819,0.9367364153356371,0.0053811659192825115,3,0.309057354927063
TRAIN,82a3db34,32,2,3,4,1080,1920,1,0.8359375,9.4375,0.9999203681945801,1,12224,0.005895061728395061,14911,0.8197974649587553,0.5707226683137739,1046.6375981675392,756.203697643979,1078.3524336490668,752.6814217387226,1,12845,0.8575133372851215,0.0036349203033278323,2,0.3795708417892456
TRAIN,82a3db34,32,3,4,4,1080,1920,1,0.83984375,5.5,0.9959298968315125,1,6204,0.002991898148148148,6255,0.9918465227817745,0.4150059893281063,1076.3128626692458,613.24194068343,1105.1702503681886,605.1384388807069,1,6296,0.8785692816351067,0.0052146872383686165,2,0.31778261065483093
TRAIN,82a3db34,33,0,1,4,1080,1920,1,0.9765625,13.0,0.9999977350234985,1,156045,0.07525318287037037,159768,0.9766974613189124,0.8281958720596336,805.0661027267776,414.3099362363421,820.4950167391388,410.5440669052475,1,157019,0.9704927112968604,0.0,2,0.29866164922714233
TRAIN,82a3db34,33,1,2,4,1080,1920,1,0.94140625,12.0625,0.9999942779541016,1,35099,0.016926601080246913,34141,1.0280601036876482,0.6938000336562733,931.5296162283826,686.3471039060942,944.7504383732112,680.3133095763335,1,35584,0.9460106822311547,0.005467256936884631,4,0.29981324076652527
TRAIN,82a3db34,33,2,3,4,1080,1920,1,0.86328125,9.625,0.9999339580535889,1,12981,0.006260127314814815,14911,0.8705653544363222,0.6334002981012248,1031.7142747091902,763.011093136122,1046.6375981675392,756.203697643979,1,13296,0.8896159930965051,0.003181095205635083,2,0.40223705768585205
TRAIN,82a3db34,33,3,4,4,1080,1920,1,0.828125,5.4375,0.9956685304641724,1,5774,0.0027845293209876544,6255,0.923101518784972,0.40011689070718875,1062.5216487703499,621.641149982681,1076.3128626692458,613.24194068343,1,6464,0.8726855394032135,7.254261878853827e-05,2,0.34329527616500854
TRAIN,82a3db34,34,0,1,4,1080,1920,1,0.9765625,12.9375,0.999997615814209,1,156429,0.07543836805555555,159768,0.9791009463722398,0.9288518518518518,805.8663994527869,417.1929054075651,805.0661027267776,414.3099362363421,1,158368,0.9769831251452292,0.0,2,0.3015904724597931
TRAIN,82a3db34,34,1,2,4,1080,1920,1,0.9375,12.1875,0.9999948740005493,1,35335,0.017040412808641974,34141,1.0349726135731232,0.801150747986191,929.9619357577473,692.5174189896703,931.5296162283826,686.3471039060942,1,36238,0.9375998267413844,0.0029061248412620886,4,0.29207560420036316
TRAIN,82a3db34,34,2,3,4,1080,1920,1,0.87109375,10.3125,0.9999667406082153,1,13282,0.006405285493827161,14911,0.8907517939776004,0.6779325325836953,1032.1005872609546,769.6341665411835,1031.7142747091902,763.011093136122,1,13882,0.9047752612018792,0.004584736479084675,2,0.397353857755661
TRAIN,82a3db34,34,3,4,4,1080,1920,1,0.80859375,6.15625,0.9978843331336975,1,5725,0.0027608989197530865,6255,0.9152677857713829,0.4763127487482347,1061.1881222707423,630.9958078602621,1062.5216487703499,621.641149982681,1,5732,0.8357634994391925,0.009769713886950453,2,0.35162538290023804
TRAIN,82a3db34,35,0,1,4,1080,1920,1,0.98046875,12.75,0.9999971389770508,1,159680,0.07700617283950617,159768,0.9994492013419458,0.8404431842661434,818.5401615731463,422.24140781563125,805.8663994527869,417.1929054075651,1,158173,0.9769067625308646,0.0,2,0.2863450348377228
TRAIN,82a3db34,35,1,2,4,1080,1920,1,0.93359375,12.5,0.9999963045120239,1,35439,0.01709056712962963,34141,1.0380188043701122,0.6579754960526624,943.1283331922458,701.6633652191089,929.9619357577473,692.5174189896703,1,36648,0.9392300863529981,0.0010835975438455673,3,0.3132055997848511
TRAIN,82a3db34,35,2,3,4,1080,1920,1,0.87109375,10.625,0.9999756813049316,1,14092,0.00679591049382716,14911,0.9450741063644289,0.619380028395646,1049.6366732898098,779.04222253761,1032.1005872609546,769.6341665411835,1,14449,0.9130638782760239,0.004851965541142688,2,0.39421549439430237
TRAIN,82a3db34,35,3,4,4,1080,1920,1,0.79296875,6.875,0.9989677667617798,1,5363,0.002586323302469136,6255,0.8573940847322142,0.29578123174009585,1080.3373112064144,642.7851948536266,1061.1881222707423,630.9958078602621,1,5074,0.8525026624068157,0.009588580217245025,2,0.3810995817184448
TRAIN,82a3db34,36,0,1,4,1080,1920,1,0.96875,13.125,0.9999979734420776,1,159771,0.07705005787037036,159768,1.000018777226979,0.7478879866932219,845.1056386953828,427.1372213981261,818.5401615731463,422.24140781563125,1,157846,0.9536884968598722,0.0,2,0.30927833914756775
TRAIN,82a3db34,36,1,2,4,1080,1920,1,0.87109375,12.375,0.9999958276748657,1,35276,0.01701195987654321,34141,1.0332444861017545,0.565807537310128,971.7793117133461,710.9675416713914,943.1283331922458,701.6633652191089,1,34800,0.8704890027759983,0.035891870062343824,4,0.3631362318992615
TRAIN,82a3db34,36,2,3,4,1080,1920,1,0.8125,10.4375,0.9999706745147705,1,13467,0.006494502314814815,14911,0.9031587418684193,0.4820650712557139,1071.4183559812875,792.7966139451994,1049.6366732898098,779.04222253761,1,15623,0.818125,0.001909704203425013,2,0.4953378438949585
TRAIN,82a3db34,36,3,4,4,1080,1920,1,0.67578125,7.75,0.9995694756507874,1,4600,0.002218364197530864,6255,0.7354116706634692,0.23228200371057514,1114.0382608695652,656.4289130434782,1080.3373112064144,642.7851948536266,1,5765,0.7277879646607768,0.0012197601138442774,2,0.44899481534957886
TRAIN,82a3db34,37,0,1,4,1080,1920,1,0.9765625,12.5,0.9999963045120239,1,159336,0.07684027777777777,159768,0.9972960793150067,0.8020499209396883,870.5143219360345,432.7677800371542,845.1056386953828,427.1372213981261,1,157613,0.9764348606919259,0.0,2,0.3010939061641693
TRAIN,82a3db34,37,1,2,4,1080,1920,1,0.9296875,12.125,0.9999946355819702,1,36833,0.017762827932098765,34141,1.0788494771682142,0.6831380421082116,987.054217685228,718.5259685608014,971.7793117133461,710.9675416713914,1,37897,0.9167927770795393,0.002055538318336953,3,0.3046669363975525
TRAIN,82a3db34,37,2,3,4,1080,1920,1,0.86328125,10.875,0.9999810457229614,1,14612,0.007046682098765432,14911,0.979947689625109,0.6989774308706964,1093.0718587462359,799.8582671776622,1071.4183559812875,792.7966139451994,1,14841,0.8972558618912652,0.004034571111705992,2,0.39989370107650757
TRAIN,82a3db34,37,3,4,4,1080,1920,1,0.7734375,7.71875,0.999555766582489,1,4633,0.002234278549382716,6255,0.740687450039968,0.3766214402862681,1140.5290308655299,663.9132311677099,1114.0382608695652,656.4289130434782,1,3540,0.7005826050769871,0.02201182294420147,2,0.4274066686630249
TRAIN,82a3db34,38,0,1,4,1080,1920,1,0.9765625,12.5,0.9999963045120239,1,156119,0.07528886959876543,159768,0.9771606329177307,0.9010528091986718,875.9142833351482,437.41281970804323,870.5143219360345,432.7677800371542,1,155297,0.975074996987436,0.0,2,0.2709454298019409
TRAIN,82a3db34,38,1,2,4,1080,1920,1,0.93359375,11.5,0.9999898672103882,1,36314,0.017512538580246914,34141,1.0636478134793943,0.9171515437437753,989.7161149969709,720.5212314809716,987.054217685228,718.5259685608014,1,37460,0.9183004836444953,0.0009130335539831089,4,0.2395382672548294
TRAIN,82a3db34,38,2,3,4,1080,1920,1,0.88671875,11.375,0.9999885559082031,1,14925,0.007197627314814815,14911,1.0009389041647105,0.916120661693156,1094.2811390284758,801.6085092127303,1093.0718587462359,799.8582671776622,1,14855,0.925016160310278,0.004044159926400123,2,0.3417063355445862
TRAIN,82a3db34,38,3,4,4,1080,1920,1,0.73828125,8.625,0.9998205304145813,1,4434,0.0021383101851851854,6255,0.708872901678657,0.5741319444444445,1142.8960306720794,670.5011276499774,1140.5290308655299,663.9132311677099,1,3151,0.6224598930481283,0.028729987231116787,2,0.3387331962585449
TRAIN,82a3db34,39,0,1,4,1080,1920,1,0.9765625,11.875,0.999993085861206,1,154278,0.07440104166666667,159768,0.9656376746282109,0.8393678297146108,860.9068953447672,434.0998003603884,875.9142833351482,437.41281970804323,1,153009,0.9698389702300059,0.0,2,0.28263041377067566
TRAIN,82a3db34,39,1,2,4,1080,1920,1,0.93359375,11.875,0.999993085861206,1,35964,0.01734375,34141,1.0533962098356815,0.6961490624926665,971.1642475809142,717.0642865087309,989.7161149969709,720.5212314809716,1,36684,0.926185173401209,0.00687346688470973,4,0.2497197389602661
TRAIN,82a3db34,39,2,3,4,1080,1920,1,0.87890625,10.875,0.9999810457229614,1,14654,0.0070669367283950615,14911,0.9827644021192409,0.7140290896447818,1072.7595878258496,799.1155998362221,1094.2811390284758,801.6085092127303,1,14566,0.9140573824184463,0.002969561989606533,2,0.31417012214660645
TRAIN,82a3db34,39,3,4,4,1080,1920,1,0.72265625,9.25,0.9999039173126221,1,3951,0.0019053819444444444,6255,0.6316546762589929,0.3284220532319392,1123.8266261705896,671.507972665148,1142.8960306720794,670.5011276499774,1,3441,0.706765181251443,0.016281512605042018,2,0.3072086572647095
TRAIN,82a3db34,40,0,1,4,1080,1920,1,0.9765625,12.4375,0.9999960660934448,1,151327,0.07297791280864198,159768,0.9471671423564169,0.709965308863026,826.7000601346753,425.99480595002876,860.9068953447672,434.0998003603884,1,150512,0.9710003917983544,0.0,2,0.2858806550502777
TRAIN,82a3db34,40,1,2,4,1080,1920,1,0.921875,11.875,0.999993085861206,1,34481,0.016628568672839506,34141,1.009958700682464,0.5362555882673645,938.71738058641,707.5323801513878,971.1642475809142,717.0642865087309,1,35035,0.9167310025366714,0.01134721404485361,4,0.24628448486328125
TRAIN,82a3db34,40,2,3,4,1080,1920,1,0.8671875,11.0,0.9999833106994629,1,14327,0.006909239969135802,14911,0.9608342834149286,0.5871303395399781,1039.3700704962657,789.9839463949187,1072.7595878258496,799.1155998362221,1,14016,0.9001743094663449,0.006012187417205046,2,0.40133410692214966
TRAIN,82a3db34,40,3,4,4,1080,1920,1,0.7265625,9.875,0.9999485015869141,1,3953,0.0019063464506172839,6255,0.6319744204636291,0.2674791533033996,1091.81887174298,668.0500885403491,1123.8266261705896,671.507972665148,1,3309,0.6663607159247361,0.022207073752654623,2,0.31990522146224976
TRAIN,82a3db34,41,0,1,4,1080,1920,1,0.9765625,11.9375,0.9999934434890747,1,152974,0.07377218364197531,159768,0.9574758399679535,0.682261952147185,811.0601932354517,404.5115379084027,826.7000601346753,425.99480595002876,1,151404,0.9721648081795033,0.0,2,0.2992134690284729
TRAIN,82a3db34,41,1,2,4,1080,1920,1,0.91796875,11.75,0.9999921321868896,1,35028,0.01689236111111111,34141,1.025980492662781,0.5236519070583078,923.4660842754367,687.8577138289369,938.71738058641,707.5323801513878,1,34743,0.9105397190503574,0.01935960331276046,4,0.32914769649505615
TRAIN,82a3db34,41,2,3,4,1080,1920,1,0.875,10.8125,0.9999798536300659,1,13584,0.006550925925925926,14911,0.9110052981020723,0.4530924614743857,1030.1571702002357,772.6489252061249,1039.3700704962657,789.9839463949187,1,14739,0.8810520023909145,0.0028845355690213332,2,0.38673925399780273
TRAIN,82a3db34,41,3,4,4,1080,1920,1,0.69140625,10.0625,0.9999573230743408,1,3809,0.0018369020061728394,6255,0.6089528377298161,0.24152271273192577,1078.980834864794,651.5691782620111,1091.81887174298,668.0500885403491,1,3620,0.6807692307692308,0.017310534093308,2,0.3494178354740143
TRAIN,82a3db34,42,0,1,4,1080,1920,1,0.97265625,12.3125,0.9999954700469971,1,150270,0.07246817129629629,159768,0.940551299384107,0.7056782068228479,812.214780062554,383.19509549477607,811.0601932354517,404.5115379084027,1,150022,0.9714418891682697,0.0,2,0.3646794557571411
TRAIN,82a3db34,42,1,2,4,1080,1920,1,0.90234375,11.8125,0.9999926090240479,1,34127,0.016457851080246912,34141,0.9995899358542515,0.46545878364060184,920.6227620359247,664.9084009728367,923.4660842754367,687.8577138289369,1,34799,0.894872852233677,0.02175669125962626,4,0.34642666578292847
TRAIN,82a3db34,42,2,3,4,1080,1920,1,0.8515625,11.625,0.9999910593032837,1,13934,0.00671971450617284,14911,0.9344779022198377,0.28660931363381337,1026.967920195206,748.3258217310176,1030.1571702002357,772.6489252061249,1,14494,0.8872734515036845,0.00536381078125967,2,0.40881213545799255
TRAIN,82a3db34,42,3,4,4,1080,1920,1,0.6484375,9.125,0.9998910427093506,1,3752,0.0018094135802469136,6255,0.5998401278976818,0.10621799561082662,1083.6743070362472,628.1044776119403,1078.980834864794,651.5691782620111,1,3819,0.6990574506283662,0.013060387869869133,2,0.4454081058502197
TRAIN,82a3db34,43,0,1,4,1080,1920,1,0.97265625,12.5,0.9999963045120239,1,153366,0.07396122685185186,159768,0.9599293976265585,0.7529732351107313,815.9236075792548,366.3445809371047,812.214780062554,383.19509549477607,1,150462,0.9647185111418631,0.0,2,0.33549198508262634
TRAIN,82a3db34,43,1,2,4,1080,1920,1,0.8984375,11.6875,0.9999916553497314,1,33157,0.015990065586419754,34141,0.9711783486131045,0.5172164971700454,924.5462195011611,645.9320203878517,920.6227620359247,664.9084009728367,1,35438,0.8666321976706215,0.006991847450601078,4,0.3243604600429535
TRAIN,82a3db34,43,2,3,4,1080,1920,1,0.81640625,12.125,0.9999946355819702,1,14390,0.006939621913580247,14911,0.9650593521561264,0.3997529033852236,1036.2388464211258,728.9948575399583,1026.967920195206,748.3258217310176,1,14793,0.8561887800534284,0.00784789644012945,2,0.39759576320648193
TRAIN,82a3db34,43,3,4,4,1080,1920,1,0.66796875,10.25,0.9999645948410034,1,3918,0.0018894675925925925,6255,0.626378896882494,0.11336913920743213,1094.8126595201634,608.5,1083.6743070362472,628.1044776119403,1,3281,0.6159371492704826,0.024682357842116226,2,0.46208876371383667
TRAIN,82a3db34,44,0,1,4,1080,1920,1,0.97265625,13.0625,0.9999978542327881,1,153093,0.07382957175925926,159768,0.9582206699714586,0.8669334941608641,821.3705786678686,358.43099945784587,815.9236075792548,366.3445809371047,1,153124,0.970546406944793,0.0,2,0.33022022247314453
TRAIN,82a3db34,44,1,2,4,1080,1920,1,0.9296875,11.5,0.9999898672103882,1,34256,0.016520061728395062,34141,1.0033683840543628,0.6555255402750492,936.88947921532,634.1695761326483,924.5462195011611,645.9320203878517,1,35851,0.8936066769305567,0.014312798739619215,4,0.3439044952392578
TRAIN,82a3db34,44,2,3,4,1080,1920,1,0.85546875,11.6875,0.9999916553497314,1,14201,0.006848476080246913,14911,0.9523841459325331,0.5419587962463596,1054.0696429828886,716.3412435743961,1036.2388464211258,728.9948575399583,1,15423,0.8525420549058845,0.0041730198218441535,2,0.40434008836746216
TRAIN,82a3db34,44,3,4,4,1080,1920,1,0.7421875,10.125,0.9999599456787109,1,3841,0.0018523341049382716,6255,0.6140687450039968,0.1883902588451524,1105.1983858370215,595.2587867742775,1094.8126595201634,608.5,1,3729,0.6099532113994045,0.0185009365938775,2,0.2974223792552948
TRAIN,82a3db34,45,0,1,4,1080,1920,1,0.9765625,12.75,0.9999971389770508,1,155566,0.07502218364197531,159768,0.973699364077913,0.8227821937708907,815.2078603293779,368.741408791124,821.3705786678686,358.43099945784587,1,153835,0.9744294976516235,0.0,2,0.2579900324344635
TRAIN,82a3db34,45,1,2,4,1080,1920,1,0.9296875,11.5,0.9999898672103882,1,35147,0.016949749228395063,34141,1.0294660379016431,0.886668841407057,932.4535237715879,636.871824053262,936.88947921532,634.1695761326483,1,35857,0.9152482939066167,0.010143151417172955,4,0.31173446774482727
TRAIN,82a3db34,45,2,3,4,1080,1920,1,0.87109375,11.6875,0.9999916553497314,1,13814,0.006661844135802469,14911,0.9264301522366039,0.8491749174917492,1057.7997683509484,719.4675691327639,1054.0696429828886,716.3412435743961,1,14592,0.8922195576871836,0.003353196646803353,2,0.34889349341392517
TRAIN,82a3db34,45,3,4,4,1080,1920,1,0.74609375,10.3125,0.9999667406082153,1,4012,0.0019347993827160495,6255,0.6414068745003997,0.8123701823217171,1106.527666999003,598.3322532402792,1105.1983858370215,595.2587867742775,1,3593,0.6641137855579868,0.017455659053209137,2,0.35240161418914795
TRAIN,82a3db34,46,0,1,4,1080,1920,1,0.9765625,12.5,0.9999963045120239,1,154684,0.0745968364197531,159768,0.9681788593460517,0.7198846942735185,808.0940950583124,385.84986165343537,815.2078603293779,368.741408791124,1,152474,0.9694033917866188,0.0,2,0.2749257981777191
TRAIN,82a3db34,46,1,2,4,1080,1920,1,0.9140625,11.5,0.9999898672103882,1,34451,0.016614101080246912,34141,1.009079991798717,0.6678568860983968,920.9782009230502,647.623291051058,932.4535237715879,636.871824053262,1,35271,0.9130220051583164,0.005208655014102485,3,0.23240667581558228
TRAIN,82a3db34,46,2,3,4,1080,1920,1,0.87890625,11.25,0.999987006187439,1,14101,0.006800250771604939,14911,0.9456776876131715,0.6101401626578993,1054.21658038437,728.3044464931565,1057.7997683509484,719.4675691327639,1,14375,0.9044943820224719,0.00445547575936362,2,0.3482801020145416
TRAIN,82a3db34,46,3,4,4,1080,1920,1,0.73828125,11.125,0.9999852180480957,1,3853,0.0018581211419753086,6255,0.6159872102318146,0.34146341463414637,1101.7072411108227,605.5725408772386,1106.527666999003,598.3322532402792,1,4246,0.6117412935323383,0.01718534695681564,2,0.30302485823631287
TRAIN,82a3db34,47,0,1,4,1080,1920,1,0.9765625,12.3125,0.9999954700469971,1,153210,0.07388599537037037,159768,0.9589529818236443,0.6660750424778953,801.7125579270282,407.35768552966516,808.0940950583124,385.84986165343537,1,151586,0.9720110506531402,0.0,2,0.29165977239608765
TRAIN,82a3db34,47,1,2,4,1080,1920,1,0.921875,11.5625,0.9999904632568359,1,35572,0.01715470679012346,34141,1.0419144137547232,0.6966635167551065,905.9019172382773,657.0498144608118,920.9782009230502,647.623291051058,1,35969,0.9089308108973504,0.001257020051497273,3,0.3745136559009552
TRAIN,82a3db34,47,2,3,4,1080,1920,1,0.890625,11.0,0.9999833106994629,1,13529,0.0065244020061728395,14911,0.9073167460264234,0.6144676872735771,1049.4580530711805,735.7705669302978,1054.21658038437,728.3044464931565,1,13813,0.8942774005819593,0.008619460010188488,2,0.37404826283454895
TRAIN,82a3db34,47,3,4,4,1080,1920,1,0.71875,10.3125,0.9999667406082153,1,4103,0.001978684413580247,6255,0.655955235811351,0.3558282208588957,1096.0197416524495,615.6446502559103,1101.7072411108227,605.5725408772386,1,4445,0.6896619885352836,0.012711971492835301,2,0.38239040970802307
TRAIN,82a3db34,48,0,1,4,1080,1920,1,0.97265625,12.0,0.9999938011169434,1,149786,0.07223476080246914,159768,0.937521906764809,0.6863465348738841,794.205453113108,426.3777255551253,801.7125579270282,407.35768552966516,1,150188,0.9734482418341502,0.0,2,0.3534698486328125
TRAIN,82a3db34,48,1,2,4,1080,1920,1,0.93359375,11.8125,0.9999926090240479,1,34494,0.016634837962962962,34141,1.0103394745320875,0.7234712451419295,897.0748825882762,662.8817475502987,905.9019172382773,657.0498144608118,1,35799,0.8990922353704004,0.0006742804163681572,3,0.3503046929836273
TRAIN,82a3db34,48,2,3,4,1080,1920,1,0.87890625,10.875,0.9999810457229614,1,13588,0.006552854938271605,14911,0.9112735564348468,0.7429618202853837,1040.9015307624375,739.6121577862821,1049.4580530711805,735.7705669302978,1,12996,0.871585468882005,0.01242286955986962,2,0.3734304904937744
TRAIN,82a3db34,48,3,4,4,1080,1920,1,0.71484375,10.9375,0.9999822378158569,1,4154,0.002003279320987654,6255,0.6641087130295763,0.4686944147990039,1089.7250842561386,618.450409244102,1096.0197416524495,615.6446502559103,1,4476,0.6270739064856712,0.01811834259212069,2,0.40768688917160034
TRAIN,82a3db34,49,0,1,4,1080,1920,1,0.97265625,12.25,0.999995231628418,1,149862,0.07227141203703703,159768,0.9379975965149466,0.7464345454227548,786.2823130613498,439.9034378294698,794.205453113108,426.3777255551253,1,151060,0.9769796272328908,0.0,2,0.3126801550388336
TRAIN,82a3db34,49,1,2,4,1080,1920,1,0.9453125,11.625,0.9999910593032837,1,35096,0.016925154320987654,34141,1.0279722327992735,0.8432972214128679,886.275729427855,662.5511454296786,897.0748825882762,662.8817475502987,1,35902,0.9094723253187026,0.0004990331233235606,3,0.33668431639671326
TRAIN,82a3db34,49,2,3,4,1080,1920,1,0.8828125,10.6875,0.9999772310256958,1,13104,0.006319444444444444,14911,0.8788142981691369,0.7672139830508474,1037.4056776556777,735.9059829059829,1040.9015307624375,739.6121577862821,1,13021,0.8761220825852782,0.011496625317344012,2,0.3983418941497803
TRAIN,82a3db34,49,3,4,4,1080,1920,1,0.6953125,10.3125,0.9999667406082153,1,4286,0.002066936728395062,6255,0.6852118305355716,0.5586334256694367,1082.6357909472702,617.9587027531497,1089.7250842561386,618.450409244102,1,5051,0.7157295112091143,0.007243289305496378,2,0.4160407483577728
TRAIN,82a3db34,50,0,1,4,1080,1920,1,0.97265625,11.875,0.999993085861206,1,147098,0.07093846450617285,159768,0.9206975113915177,0.7717954225436147,774.417225251193,451.32507579980694,786.2823130613498,439.9034378294698,1,148001,0.9759153118890109,0.0,2,0.32544800639152527
TRAIN,82a3db34,50,1,2,4,1080,1920,1,0.921875,12.0,0.9999938011169434,1,35177,0.016964216820987654,34141,1.03034474678539,0.7751983024301521,881.4148733547488,657.0025300622566,886.275729427855,662.5511454296786,1,36096,0.9255166824260435,0.0025420702115590663,3,0.30193713307380676
TRAIN,82a3db34,50,2,3,4,1080,1920,1,0.859375,11.375,0.9999885559082031,1,12747,0.006147280092592592,14911,0.8548722419690161,0.5410432190760059,1025.711539970189,726.2712010669177,1037.4056776556777,735.9059829059829,1,12543,0.875,0.00740450457883013,2,0.3741675615310669
TRAIN,82a3db34,50,3,4,4,1080,1920,1,0.74609375,11.0,0.9999833106994629,1,4162,0.0020071373456790123,6255,0.6653876898481215,0.3846910342566792,1076.322921672273,609.4464199903892,1082.6357909472702,617.9587027531497,1,4455,0.759289505920784,0.007407036684850608,2,0.43679898977279663
TRAIN,82a3db34,51,0,1,4,1080,1920,1,0.97265625,12.3125,0.9999954700469971,1,148539,0.0716333912037037,159768,0.9297168394171549,0.8148930292519722,756.3421391015154,458.4759894707787,774.417225251193,451.32507579980694,1,146295,0.9697884792688304,0.00010905898455179484,2,0.2312677949666977
TRAIN,82a3db34,51,1,2,4,1080,1920,1,0.9140625,11.625,0.9999910593032837,1,34531,0.016652681327160492,34141,1.0114232154887086,0.7152137004502842,866.5681851090325,650.8241869624395,881.4148733547488,657.0025300622566,1,34868,0.899624996578436,0.002236645908253662,3,0.3118728697299957
TRAIN,82a3db34,51,2,3,4,1080,1920,1,0.8359375,11.5625,0.9999904632568359,1,11546,0.005568094135802469,14911,0.774327677553484,0.46927543244224024,1021.1972111553785,713.3660142040534,1025.711539970189,726.2712010669177,1,11175,0.8446862060566697,0.011132170010674684,2,0.46161073446273804
TRAIN,82a3db34,51,3,4,4,1080,1920,1,0.71484375,11.25,0.999987006187439,1,4187,0.002019193672839506,6255,0.6693844924060751,0.3059596433599249,1067.5543348459516,597.4733699546215,1076.322921672273,609.4464199903892,1,4539,0.8130064408892582,0.004216913938957599,2,0.39497342705726624
TRAIN,82a3db34,52,0,1,4,1080,1920,1,0.97265625,12.0625,0.9999942779541016,1,146222,0.07051601080246914,159768,0.9152145611136148,0.7476743014010518,740.5734841542312,467.56619386959557,756.3421391015154,458.4759894707787,1,146989,0.9737936884054068,0.00018519253409526832,4,0.2997536063194275
TRAIN,82a3db34,52,1,2,4,1080,1920,1,0.91796875,11.8125,0.9999926090240479,1,34157,0.016472318672839506,34141,1.0004686447379982,0.7077221421112824,851.7245659747636,646.8327721989637,866.5681851090325,650.8241869624395,1,34796,0.9182384688143326,0.0028171178323558787,4,0.3652205467224121
TRAIN,82a3db34,52,2,3,4,1080,1920,1,0.80859375,11.75,0.9999921321868896,1,10684,0.005152391975308642,14911,0.7165180068405875,0.4238134887593672,1014.663515537252,699.5647697491576,1021.1972111553785,713.3660142040534,1,10183,0.8184749455337691,0.008917875682150939,2,0.4004771113395691
TRAIN,82a3db34,52,3,4,4,1080,1920,1,0.72265625,10.9375,0.9999822378158569,1,4429,0.0021358989197530864,6255,0.7080735411670663,0.3180357962368059,1055.3379995484308,588.0185143373222,1067.5543348459516,597.4733699546215,1,5000,0.7908831908831909,0.0028378585672649177,2,0.4101070463657379
TRAIN,82a3db34,53,0,1,4,1080,1920,1,0.97265625,11.9375,0.9999934434890747,1,146534,0.0706664737654321,159768,0.9171673927194431,0.7046862626356734,724.3809491312596,482.2644710442628,740.5734841542312,467.56619386959557,1,148043,0.9758333892279831,0.0003830076667569156,4,0.3353555202484131
TRAIN,82a3db34,53,1,2,4,1080,1920,1,0.921875,11.75,0.9999921321868896,1,34869,0.01681568287037037,34141,1.0213233355789226,0.7409266311886806,839.3418796065273,651.9176919326623,851.7245659747636,646.8327721989637,1,34902,0.9102781732559413,0.010530055060769835,4,0.3427062928676605
TRAIN,82a3db34,53,2,3,4,1080,1920,1,0.82421875,11.6875,0.9999916553497314,1,9517,0.0045896026234567905,14911,0.6382536382536382,0.5890033823645088,1020.6510454975307,693.832510244825,1014.663515537252,699.5647697491576,1,10024,0.8424476711295493,0.0074163113489975506,2,0.3820001482963562
TRAIN,82a3db34,53,3,4,4,1080,1920,1,0.6875,10.1875,0.999962329864502,1,3735,0.0018012152777777779,6255,0.5971223021582733,0.5107327905255367,1042.6265060240964,589.7967871485944,1055.3379995484308,588.0185143373222,1,4957,0.6799381522999614,0.0048895940076464925,2,0.4575572907924652
TRAIN,82a3db34,54,0,1,4,1080,1920,1,0.97265625,12.0,0.9999938011169434,1,145367,0.07010368441358025,159768,0.9098630514245656,0.6370605917850012,708.0292982588895,502.4659860903781,724.3809491312596,482.2644710442628,1,146978,0.9735038984709893,0.0008258969038938017,4,0.3015156686306
TRAIN,82a3db34,54,1,2,4,1080,1920,1,0.92578125,11.1875,0.9999861717224121,1,34045,0.016418306327160494,34141,0.9971881315720101,0.6315639945073157,829.9438390365692,664.62147158173,839.3418796065273,651.9176919326623,1,34605,0.9133221850613155,0.00855386260358193,4,0.32169103622436523
TRAIN,82a3db34,54,2,3,4,1080,1920,1,0.82421875,11.625,0.9999910593032837,1,9334,0.004501350308641975,14911,0.6259808195292066,0.5363488182559087,1019.1030640668523,693.3133704735376,1020.6510454975307,693.832510244825,1,9051,0.8546353273479269,0.010626308162936726,2,0.3757140338420868
TRAIN,82a3db34,54,3,4,4,1080,1920,1,0.65234375,9.3125,0.9999097585678101,1,3152,0.0015200617283950618,6255,0.5039168665067946,0.2641336270190896,1028.2963197969543,601.9409898477157,1042.6265060240964,589.7967871485944,1,3685,0.7096774193548387,0.006450753032120485,2,0.3961963355541229
TRAIN,82a3db34,55,0,1,4,1080,1920,1,0.97265625,12.25,0.999995231628418,1,146636,0.07071566358024692,159768,0.9178058184367333,0.617789966481066,694.0191971957773,524.5148735644726,708.0292982588895,502.4659860903781,1,147934,0.9712117562033244,0.0018680622057970623,4,0.37417614459991455
TRAIN,82a3db34,55,1,2,4,1080,1920,1,0.91796875,11.1875,0.9999861717224121,1,34258,0.0165210262345679,34141,1.0034269646466125,0.5662233432698922,817.7153657539844,682.0054585790181,829.9438390365692,664.62147158173,1,34440,0.90774784782005,0.010494077376931045,3,0.2566568851470947
TRAIN,82a3db34,55,2,3,4,1080,1920,1,0.79296875,12.125,0.9999946355819702,1,9464,0.0045640432098765435,14911,0.6346992153443767,0.509031066870033,1019.1691673710905,696.4359678782756,1019.1030640668523,693.3133704735376,1,10614,0.8170135746606335,0.004369409557797452,2,0.38935017585754395
TRAIN,82a3db34,55,3,4,4,1080,1920,1,0.5078125,8.375,0.9997695088386536,1,2850,0.0013744212962962963,6255,0.4556354916067146,0.0458267990939188,989.3929824561403,627.180350877193,1028.2963197969543,601.9409898477157,1,1923,0.33660039204704567,0.06967506157146262,3,0.2801864743232727
TRAIN,82a3db34,56,0,1,4,1080,1920,1,0.97265625,12.125,0.9999946355819702,1,148265,0.0715012538580247,159768,0.9280018526863952,0.6571009541362763,681.0520014838296,543.9467440056656,694.0191971957773,524.5148735644726,1,147742,0.9746964643095397,0.0005598335867220646,2,0.2933933436870575
TRAIN,82a3db34,56,1,2,4,1080,1920,1,0.91015625,11.5,0.9999898672103882,1,34801,0.01678288966049383,34141,1.01933159544243,0.5655022329018656,811.2398206948076,700.2371770926122,817.7153657539844,682.0054585790181,1,34034,0.87694279325953,0.026422810927555544,3,0.3096112012863159
TRAIN,82a3db34,56,2,3,4,1080,1920,1,0.83203125,11.6875,0.9999916553497314,1,8497,0.004097704475308642,14911,0.5698477633961505,0.5128874663072777,1045.452394962928,697.2351418147581,1019.1691673710905,696.4359678782756,1,9872,0.8063723079948865,9.405789263291557e-05,2,0.3896878957748413
TRAIN,82a3db34,56,3,4,4,1080,1920,1,0.439453125,5.15625,0.9942697286605835,1,1298,0.0006259645061728395,6255,0.20751398880895283,0.022682445759368838,946.3590138674884,642.2542372881356,989.3929824561403,627.180350877193,1,111,0.004992867332382311,0.06889952153110047,3,0.34766727685928345
TRAIN,82a3db34,57,0,1,4,1080,1920,1,0.97265625,12.3125,0.9999954700469971,1,146923,0.07085407021604938,159768,0.9196021731510691,0.8055857993956669,678.329730539126,554.7985475385066,681.0520014838296,543.9467440056656,1,146159,0.9743208013634496,0.0009583426788736415,4,0.23398050665855408
TRAIN,82a3db34,57,1,2,4,1080,1920,1,0.91796875,11.75,0.9999921321868896,1,33453,0.0161328125,34141,0.9798482762660731,0.6658693742067754,806.7699160015544,712.3905180402355,811.2398206948076,700.2371770926122,1,34004,0.906211145020911,0.0055714186224667455,3,0.262290358543396
TRAIN,82a3db34,57,2,3,4,1080,1920,1,0.8046875,11.4375,0.9999892711639404,1,8962,0.004321952160493827,14911,0.6010327945811816,0.7552025736402935,1043.0345904931935,701.5996429368445,1045.452394962928,697.2351418147581,1,9864,0.8267028915195032,0.0004889975550122249,2,0.34267568588256836
TRAIN,82a3db34,57,3,4,4,1080,1920,1,0.396484375,4.28125,0.9863631129264832,1,915,0.00044126157407407406,6255,0.14628297362110312,0.019345923537540305,989.5989071038251,650.4142076502732,946.3590138674884,642.2542372881356,1,347,0.253227408142999,0.03049713193116635,3,0.29557645320892334
TRAIN,82a3db34,58,0,1,4,1080,1920,1,0.97265625,12.125,0.9999946355819702,1,148171,0.07145592206790123,159768,0.9274134995743829,0.9147152524996918,678.7855855734254,559.4513906229964,678.329730539126,554.7985475385066,1,147890,0.9733058727080043,0.0010448616400957227,4,0.2054075300693512
TRAIN,82a3db34,58,1,2,4,1080,1920,1,0.92578125,11.875,0.999993085861206,1,32199,0.01552806712962963,34141,0.9431182449254562,0.685069685069685,809.4534923444827,723.7658622938601,806.7699160015544,712.3905180402355,1,35029,0.8811349264088645,0.001979782922625425,3,0.3305397629737854
TRAIN,82a3db34,58,2,3,4,1080,1920,1,0.796875,11.6875,0.9999916553497314,1,10934,0.00527295524691358,14911,0.7332841526389914,0.6518057285180573,1031.6060910920066,699.7068776294128,1043.0345904931935,701.5996429368445,1,10820,0.8476303720061151,0.014143241692776136,2,0.3554285168647766
TRAIN,82a3db34,58,3,4,4,1080,1920,1,0.419921875,3.921875,0.9805806875228882,1,1223,0.000589795524691358,6255,0.19552358113509194,0.056846267918932276,988.982829108749,660.4178250204416,989.5989071038251,650.4142076502732,1,329,0.09218859957776214,0.04205243575322316,3,0.3211064636707306
TRAIN,82a3db34,59,0,1,4,1080,1920,1,0.97265625,12.9375,0.999997615814209,1,147961,0.07135464891975309,159768,0.9260990936858444,0.9556477176669484,683.1949229864626,560.1335149127135,678.7855855734254,559.4513906229964,1,146754,0.9732384370229519,0.0011876644847830487,4,0.19347117841243744
TRAIN,82a3db34,59,1,2,4,1080,1920,1,0.9296875,11.5625,0.9999904632568359,1,33586,0.016196952160493827,34141,0.9837438856506839,0.7976008306918789,816.0128922765438,728.6740308461859,809.4534923444827,723.7658622938601,1,34688,0.9049665178571429,0.003417772416566144,3,0.37826088070869446
TRAIN,82a3db34,59,2,3,4,1080,1920,1,0.81640625,11.5625,0.9999904632568359,1,11385,0.0054904513888888885,14911,0.763530279659312,0.7517463307432698,1038.8416337285903,702.968906455863,1031.6060910920066,699.7068776294128,1,11333,0.901724426586305,0.007500546687076317,2,0.3297208249568939
TRAIN,82a3db34,59,3,4,4,1080,1920,1,0.404296875,4.6875,0.9908744096755981,1,1036,0.0004996141975308642,6255,0.16562749800159873,0.3970315398886827,994.3832046332046,664.8291505791506,988.982829108749,660.4178250204416,1,405,0.16680161943319838,0.0218091697645601,3,0.387358695268631
TRAIN,82a3db34,60,0,1,4,1080,1920,1,0.96875,12.6875,0.9999969005584717,1,145451,0.0701441936728395,159768,0.9103888137799809,0.8648633188633316,682.0075283085025,552.9191480292332,683.1949229864626,560.1335149127135,1,146511,0.9714507579594179,0.002092093118654497,4,0.24748869240283966
TRAIN,82a3db34,60,1,2,4,1080,1920,1,0.921875,11.5625,0.9999904632568359,1,35137,0.016944926697530865,34141,1.0291731349403943,0.8860255776936166,819.1714716680423,728.8152090389049,816.0128922765438,728.6740308461859,1,35321,0.9201504333133482,0.008212445843122885,3,0.3486427962779999
TRAIN,82a3db34,60,2,3,4,1080,1920,1,0.8046875,11.25,0.999987006187439,1,11728,0.005655864197530864,14911,0.786533431694722,0.829718176060798,1038.587738744884,703.0368349249659,1038.8416337285903,702.968906455863,1,11637,0.8764053967234179,0.00967852697540667,2,0.3482917249202728
TRAIN,82a3db34,60,3,4,4,1080,1920,1,0.3515625,4.71875,0.9911527037620544,1,947,0.00045669367283950616,6255,0.15139888089528378,0.37612768910478833,1010.1932418162619,666.844772967265,994.3832046332046,664.8291505791506,1,1120,0.2550091074681239,0.009913120962352417,2,0.38355326652526855
TRAIN,82a3db34,61,0,1,4,1080,1920,1,0.96875,13.25,0.9999982118606567,1,146080,0.07044753086419753,159768,0.9143257723699364,0.7761010350856885,673.1807639649508,540.9317223439211,682.0075283085025,552.9191480292332,1,144954,0.9659810180024994,0.006300331596399811,4,0.1906319409608841
TRAIN,82a3db34,61,1,2,4,1080,1920,1,0.92578125,11.375,0.9999885559082031,1,34997,0.0168774112654321,34141,1.0250724934829092,0.8175551351491435,810.1291825013573,724.3548304140355,819.1714716680423,728.8152090389049,1,34534,0.9126619536214343,0.019850743058691958,3,0.2880646884441376
TRAIN,82a3db34,61,2,3,4,1080,1920,1,0.8125,11.0,0.9999833106994629,1,12396,0.005978009259259259,14911,0.8313325732680571,0.7701790431464631,1027.0514682155533,698.6314133591482,1038.587738744884,703.0368349249659,1,12423,0.844730191764531,0.008336556228782604,2,0.3214680850505829
TRAIN,82a3db34,61,3,4,4,1080,1920,1,0.578125,6.6875,0.9987550973892212,1,1402,0.0006761188271604938,6255,0.22414068745003995,0.032981530343007916,1065.2952924393724,643.6740370898716,1010.1932418162619,666.844772967265,1,2621,0.4972087830294008,0.00023920011481605511,1,0.44135621190071106
TRAIN,82a3db34,62,0,1,4,1080,1920,1,0.96484375,12.8125,0.9999972581863403,1,141305,0.0681447723765432,159768,0.8844386860948376,0.7186967364587258,657.9082976540109,523.6371041364424,673.1807639649508,540.9317223439211,1,142348,0.9723189887148251,0.0003801046324388204,4,0.3093714416027069
TRAIN,82a3db34,62,1,2,4,1080,1920,1,0.9296875,11.4375,0.9999892711639404,1,35333,0.017039448302469135,34141,1.0349140329808735,0.7391196834817013,797.3886168737441,717.6179492259361,810.1291825013573,724.3548304140355,1,35100,0.9269787420316817,0.009829105190531791,3,0.3066750466823578
TRAIN,82a3db34,62,2,3,4,1080,1920,1,0.7890625,9.9375,0.9999517202377319,1,12861,0.006202256944444444,14911,0.8625176044530883,0.674090276396898,1014.2749397403002,694.4689370966488,1027.0514682155533,698.6314133591482,1,12235,0.843667352336174,0.016488989678485895,2,0.33811014890670776
TRAIN,82a3db34,62,3,4,4,1080,1920,1,0.765625,7.34375,0.99935382604599,1,3052,0.0014718364197530865,6255,0.48792965627498003,0.18143236074270558,1034.282110091743,634.5917431192661,1065.2952924393724,643.6740370898716,1,3447,0.8057793831619895,0.0005849361731411072,1,0.5380739569664001
TRAIN,82a3db34,63,0,1,4,1080,1920,1,0.96875,12.9375,0.999997615814209,1,140648,0.06782793209876543,159768,0.8803264733864103,0.7358110728731231,648.3225996814743,508.29322848529665,657.9082976540109,523.6371041364424,1,140493,0.969395117509019,0.0019599213280701994,4,0.35491296648979187
TRAIN,82a3db34,63,1,2,4,1080,1920,1,0.9296875,11.5,0.9999898672103882,1,35471,0.01710599922839506,34141,1.0389560938461089,0.7314031398249132,786.2789602774097,710.9508330749063,797.3886168737441,717.6179492259361,1,35156,0.9157760538165247,0.010625614424062416,3,0.27957674860954285
TRAIN,82a3db34,63,2,3,4,1080,1920,1,0.83984375,9.625,0.9999339580535889,1,12888,0.006215277777777778,14911,0.8643283481993159,0.7216501738432736,1007.1097144630664,692.4797486033519,1014.2749397403002,694.4689370966488,1,12846,0.8888725778038755,0.006431070239017953,2,0.3370206654071808
TRAIN,82a3db34,63,3,4,4,1080,1920,1,0.8125,8.5,0.9997965693473816,1,4143,0.0019979745370370373,6255,0.6623501199040768,0.49615304637138696,1025.5751870625152,626.0021723388849,1034.282110091743,634.5917431192661,1,5051,0.8066417763804283,0.0010016497761018148,3,0.5002900958061218
TRAIN,82a3db34,64,0,1,4,1080,1920,1,0.96875,13.5,0.9999985694885254,1,139338,0.06719618055555555,159768,0.8721270842721947,0.7520916640071088,640.8512035482065,493.8289698431153,648.3225996814743,508.29322848529665,1,140872,0.973518329400993,0.0003363698145847206,4,0.3143440783023834
TRAIN,82a3db34,64,1,2,4,1080,1920,1,0.93359375,11.5,0.9999898672103882,1,35509,0.017124324845679013,34141,1.0400691250988547,0.7953257790368272,775.0865977639472,707.0310343856487,786.2789602774097,710.9508330749063,1,35704,0.9179369781847563,0.0063137847516923015,3,0.2644198536872864
TRAIN,82a3db34,64,2,3,4,1080,1920,1,0.890625,9.25,0.9999039173126221,1,13019,0.006278452932098766,14911,0.8731138085976796,0.7322144958545066,1002.9572931868807,697.439127429142,1007.1097144630664,692.4797486033519,1,13103,0.9139800703399765,0.004535801909160258,2,0.37594839930534363
TRAIN,82a3db34,64,3,4,4,1080,1920,1,0.8203125,9.0625,0.9998840093612671,1,6072,0.002928240740740741,6255,0.9707434052757794,0.6273697626254581,1023.0615942028985,620.8700592885375,1025.5751870625152,626.0021723388849,1,6384,0.854951600893522,0.0,1,0.5056463479995728
TRAIN,82a3db34,65,0,1,4,1080,1920,1,0.97265625,13.8125,0.9999990463256836,1,140237,0.06762972608024691,159768,0.8777539932902709,0.8961950623982637,635.1674379799911,489.1560857690909,640.8512035482065,493.8289698431153,1,139005,0.976193003687112,0.0003008670441180493,4,0.2305436134338379
TRAIN,82a3db34,65,1,2,4,1080,1920,1,0.9375,11.1875,0.9999861717224121,1,36728,0.017712191358024692,34141,1.0757739960751003,0.8473518655857607,770.520284251797,708.2813112611632,775.0865977639472,707.0310343856487,1,36210,0.935310974315432,0.005956131969995731,3,0.33766254782676697
TRAIN,82a3db34,65,2,3,4,1080,1920,1,0.87109375,9.5,0.9999251365661621,1,12582,0.006067708333333333,14911,0.8438065857420696,0.6327168367346939,1001.2064059767922,707.2457478938165,1002.9572931868807,697.439127429142,1,12758,0.9044040282579288,0.004860367410824615,2,0.4085437059402466
TRAIN,82a3db34,65,3,4,4,1080,1920,1,0.8515625,9.125,0.9998910427093506,1,5862,0.0028269675925925927,6255,0.9371702637889688,0.6581909128803668,1018.2937563971341,625.1827021494371,1023.0615942028985,620.8700592885375,1,6051,0.8810990052108005,0.0005469809032319436,2,0.4163208305835724
TRAIN,82a3db34,66,0,1,4,1080,1920,1,0.97265625,12.9375,0.999997615814209,1,136403,0.06578076774691358,159768,0.8537566972109559,0.8282149394978753,625.6758429066809,495.0181740870802,635.1674379799911,489.1560857690909,1,137373,0.9754383433148135,5.773672055427252e-06,2,0.2895994186401367
TRAIN,82a3db34,66,1,2,4,1080,1920,1,0.93359375,11.625,0.9999910593032837,1,36706,0.017701581790123457,34141,1.0751296095603526,0.6331368842433004,760.3404348062987,718.6203617937122,770.520284251797,708.2813112611632,1,36798,0.9298973402998398,0.008732388672151361,3,0.3308820426464081
TRAIN,82a3db34,66,2,3,4,1080,1920,1,0.88671875,8.25,0.9997387528419495,1,12368,0.005964506172839506,14911,0.8294547649386359,0.43613653370172106,993.8817917205693,724.4670924967659,1001.2064059767922,707.2457478938165,1,13197,0.8771569131360599,0.004433185560481318,2,0.49230605363845825
TRAIN,82a3db34,66,3,4,4,1080,1920,1,0.84375,9.875,0.9999485015869141,1,5824,0.002808641975308642,6255,0.9310951239008793,0.40575003007337906,1010.4896978021978,638.195054945055,1018.2937563971341,625.1827021494371,1,5924,0.8730867346938775,0.003323135351830362,3,0.4401899576187134
TRAIN,82a3db34,67,0,1,4,1080,1920,1,0.97265625,13.125,0.9999979734420776,1,134468,0.06484760802469136,159768,0.8416453858094237,0.6324413909479901,609.0112145640599,513.1734390338222,625.6758429066809,495.0181740870802,1,135402,0.9781564962433572,7.1204784961549416e-06,4,0.3405901789665222
TRAIN,82a3db34,67,1,2,4,1080,1920,1,0.93359375,11.375,0.9999885559082031,1,36771,0.017732928240740742,34141,1.0770334788084708,0.4954106034395034,745.675042832667,736.6378939925485,760.3404348062987,718.6203617937122,1,35762,0.9256378262139273,0.011822283090308548,3,0.32187211513519287
TRAIN,82a3db34,67,2,3,4,1080,1920,1,0.890625,8.6875,0.9998313188552856,1,12543,0.006048900462962963,14911,0.8411910669975186,0.3167186426343887,981.0029498525074,748.5546519971299,993.8817917205693,724.4670924967659,1,13468,0.8710257516904043,0.0016588906168999481,2,0.43934106826782227
TRAIN,82a3db34,67,3,4,4,1080,1920,1,0.85546875,10.3125,0.9999667406082153,1,5920,0.002854938271604938,6255,0.9464428457234213,0.269347168179853,996.8881756756757,659.4976351351352,1010.4896978021978,638.195054945055,1,5973,0.8785341968093509,0.004966727746166457,2,0.4354090690612793
TRAIN,82a3db34,68,0,1,4,1080,1920,1,0.97265625,12.9375,0.999997615814209,1,133404,0.06433449074074074,159768,0.8349857293074958,0.6577673808374488,588.8658735869989,527.1319375730862,609.0112145640599,513.1734390338222,1,133959,0.9755059517212333,0.00010008949178088644,2,0.36079955101013184
TRAIN,82a3db34,68,1,2,4,1080,1920,1,0.92578125,11.1875,0.9999861717224121,1,37103,0.017893036265432097,34141,1.0867578571219354,0.5392661429791845,730.0973506185484,751.3888364822252,745.675042832667,736.6378939925485,1,36461,0.9100090873685577,0.018431978178463267,3,0.3612266480922699
TRAIN,82a3db34,68,2,3,4,1080,1920,1,0.8828125,8.6875,0.9998313188552856,1,13401,0.006462673611111111,14911,0.8987324793776407,0.3519541427826993,963.4975001865532,770.1939407506902,981.0029498525074,748.5546519971299,1,13675,0.8225632740980076,0.01324933956512904,2,0.3783740699291229
TRAIN,82a3db34,68,3,4,4,1080,1920,1,0.85546875,10.75,0.9999785423278809,1,5724,0.0027604166666666667,6255,0.9151079136690647,0.31407290373547003,982.8815513626835,676.2760307477289,996.8881756756757,659.4976351351352,1,5779,0.833731866730432,0.005338290317199304,2,0.3615264594554901
TRAIN,82a3db34,69,0,1,4,1080,1920,1,0.97265625,13.25,0.9999982118606567,1,132139,0.06372444058641975,159768,0.8270679985979671,0.8485930690725813,577.2641839275309,526.7941561537472,588.8658735869989,527.1319375730862,1,133429,0.9743658369762394,0.0,2,0.33462703227996826
TRAIN,82a3db34,69,1,2,4,1080,1920,1,0.92578125,11.9375,0.9999934434890747,1,38209,0.018426408179012345,34141,1.119152924636068,0.7549517639931025,719.6373629249654,750.6952288727787,730.0973506185484,751.3888364822252,1,37679,0.9021455785041107,0.027610451681709558,3,0.3459913432598114
TRAIN,82a3db34,69,2,3,4,1080,1920,1,0.875,9.0625,0.9998840093612671,1,12007,0.005790412808641975,14911,0.8052444504057408,0.6686149602679451,961.1786457899559,778.894061797285,963.4975001865532,770.1939407506902,1,13822,0.8221516754850088,0.001915670182089492,2,0.3827723562717438
TRAIN,82a3db34,69,3,4,4,1080,1920,1,0.86328125,10.875,0.9999810457229614,1,5474,0.0026398533950617283,6255,0.8751398880895284,0.5870181405895691,974.7363902082573,680.2482645232005,982.8815513626835,676.2760307477289,1,5119,0.837467476149176,0.01103509676210112,2,0.358511745929718
TRAIN,82a3db34,70,0,1,4,1080,1920,1,0.97265625,12.9375,0.999997615814209,1,134044,0.06464313271604938,159768,0.838991537729708,0.8107440715092311,567.2723881710483,517.2870848378144,577.2641839275309,526.7941561537472,1,132982,0.9742850382988791,4.673060971763029e-05,2,0.22483469545841217
TRAIN,82a3db34,70,1,2,4,1080,1920,1,0.92578125,12.0,0.9999938011169434,1,39272,0.018939043209876542,34141,1.1502885094168303,0.6525402038988184,715.2062538195152,738.4394224893053,719.6373629249654,750.6952288727787,1,37158,0.8843688362919132,0.03810755011866402,3,0.3506953716278076
TRAIN,82a3db34,70,2,3,4,1080,1920,1,0.85546875,8.8125,0.9998511075973511,1,12376,0.005968364197530864,14911,0.8299912816041848,0.7795212377755072,957.2031351001939,772.8172268907563,961.1786457899559,778.894061797285,1,14530,0.7914641454158067,0.0005655880095341979,2,0.31831109523773193
TRAIN,82a3db34,70,3,4,4,1080,1920,1,0.84375,11.5625,0.9999904632568359,1,5730,0.002763310185185185,6255,0.9160671462829736,0.5822623923174692,967.6788830715532,672.3801047120419,974.7363902082573,680.2482645232005,1,5535,0.795791487326638,0.009533225054727774,2,0.3122507333755493
TRAIN,82a3db34,71,0,1,4,1080,1920,1,0.96875,13.25,0.9999982118606567,1,131655,0.06349103009259259,159768,0.8240386059786691,0.7690622669649515,562.4641449242338,503.5772967224944,567.2723881710483,517.2870848378144,1,131825,0.9754234174795132,5.9336264544801845e-06,2,0.3010466396808624
TRAIN,82a3db34,71,1,2,4,1080,1920,1,0.9296875,12.0625,0.9999942779541016,1,38661,0.018644386574074075,34141,1.1323921384845201,0.5244214932613501,703.6656578981402,720.4996508108947,715.2062538195152,738.4394224893053,1,36877,0.8820041358347659,0.03833134404289041,3,0.31445664167404175
TRAIN,82a3db34,71,2,3,4,1080,1920,1,0.86328125,8.5,0.9997965693473816,1,14114,0.006806520061728395,14911,0.9465495271946884,0.5632930067866627,928.6504180246563,764.9183789145529,957.2031351001939,772.8172268907563,1,14405,0.8919331298925302,0.005639760310186817,4,0.3630349338054657
TRAIN,82a3db34,71,3,4,4,1080,1920,1,0.83984375,12.0625,0.9999942779541016,1,5603,0.0027020640432098763,6255,0.8957633892885691,0.4360111505321845,960.0124933071569,658.5621988220596,967.6788830715532,672.3801047120419,1,5857,0.7326882370728757,0.011982752459680302,2,0.27528876066207886
TRAIN,82a3db34,72,0,1,4,1080,1920,1,0.97265625,13.1875,0.9999980926513672,1,132300,0.06380208333333333,159768,0.8280757097791798,0.710638877007427,553.1571428571428,486.13559334845047,562.4641449242338,503.5772967224944,1,131511,0.97259567213507,5.889524303122037e-06,2,0.19940714538097382
TRAIN,82a3db34,72,1,2,4,1080,1920,1,0.92578125,12.0,0.9999938011169434,1,40276,0.019423225308641975,34141,1.1796959667262237,0.46331380691087054,697.5117191379481,697.4733836527957,703.6656578981402,720.4996508108947,1,37494,0.8806374386380673,0.044746536023485856,3,0.2904449701309204
TRAIN,82a3db34,72,2,3,4,1080,1920,1,0.8515625,8.6875,0.9998313188552856,1,12911,0.006226369598765432,14911,0.8658708336127691,0.46231264541962014,943.9675470529006,741.0786925877159,928.6504180246563,764.9183789145529,1,15596,0.7554652380072665,0.0029252207211998725,4,0.3750252425670624
TRAIN,82a3db34,72,3,4,4,1080,1920,1,0.84375,11.3125,0.9999877214431763,1,5746,0.0027710262345679013,6255,0.9186250999200639,0.35607599474250207,949.9852071005918,641.2483466759485,960.0124933071569,658.5621988220596,1,5946,0.7466387809979086,0.011745987177687304,2,0.34888511896133423
TRAIN,82a3db34,73,0,1,4,1080,1920,1,0.97265625,13.0625,0.9999978542327881,1,130811,0.06308400848765432,159768,0.8187559461218767,0.7967521869472879,552.0814304607411,474.87814480433605,553.1571428571428,486.13559334845047,1,128842,0.9710251641553118,0.0,2,0.17632780969142914
TRAIN,82a3db34,73,1,2,4,1080,1920,1,0.92578125,11.875,0.999993085861206,1,39305,0.018954957561728394,34141,1.1512550891889517,0.5363424004324407,697.4066149344867,679.4790484671162,697.5117191379481,697.4733836527957,1,35520,0.8565154823342597,0.0676015069066555,3,0.3030448853969574
TRAIN,82a3db34,73,2,3,4,1080,1920,1,0.86328125,8.625,0.9998205304145813,1,14818,0.007146026234567901,14911,0.9937629937629938,0.4836276083467095,920.3279794844109,728.6214063976245,943.9675470529006,741.0786925877159,1,16806,0.8340196021573972,0.0014585055180125431,4,0.33608078956604004
TRAIN,82a3db34,73,3,4,4,1080,1920,1,0.84765625,11.6875,0.9999916553497314,1,5589,0.0026953125,6255,0.8935251798561151,0.37227602905569007,950.1501162998748,624.772589014135,949.9852071005918,641.2483466759485,1,5781,0.7707522192804859,0.009726622945987768,2,0.30458641052246094
TRAIN,82a3db34,74,0,1,4,1080,1920,1,0.97265625,12.6875,0.9999969005584717,1,130886,0.0631201774691358,159768,0.8192253767963548,0.8032523686477174,558.7872270525495,466.5874195865104,552.0814304607411,474.87814480433605,1,129403,0.9740099197621684,5.383612284206874e-05,2,0.20513203740119934
TRAIN,82a3db34,74,1,2,4,1080,1920,1,0.91796875,11.8125,0.9999926090240479,1,39247,0.01892698688271605,34141,1.149556252013708,0.607037643207856,705.1411572859072,666.4840115168038,697.4066149344867,679.4790484671162,1,36297,0.8656064011063641,0.04813312770130043,3,0.2635306417942047
TRAIN,82a3db34,74,2,3,4,1080,1920,1,0.859375,9.1875,0.9998977184295654,1,15188,0.00732445987654321,14911,1.0185768895446314,0.48920541962380265,929.9969712931262,715.4423228864894,920.3279794844109,728.6214063976245,1,15802,0.8805752776260696,0.0036214152882450817,4,0.39645275473594666
TRAIN,82a3db34,74,3,4,4,1080,1920,1,0.8359375,11.5625,0.9999904632568359,1,5562,0.0026822916666666666,6255,0.8892086330935252,0.4225028702640643,957.2626752966559,611.7349874145991,950.1501162998748,624.772589014135,1,5320,0.7954132981356212,0.012260591990713872,2,0.3827579617500305
TRAIN,82a3db34,75,0,1,4,1080,1920,1,0.97265625,12.75,0.9999971389770508,1,131161,0.06325279706790124,159768,0.8209466226027741,0.8151195893855329,571.9772417105695,462.9380837291573,558.7872270525495,466.5874195865104,1,130752,0.972964422113581,7.291499569801525e-05,4,0.2086215615272522
TRAIN,82a3db34,75,1,2,4,1080,1920,1,0.9140625,11.9375,0.9999934434890747,1,39495,0.019046585648148148,34141,1.1568202454526815,0.6555653673100375,720.4966704646158,657.6525636156475,705.1411572859072,666.4840115168038,1,36790,0.8650677228497384,0.04890568592057762,3,0.2767583727836609
TRAIN,82a3db34,75,2,3,4,1080,1920,1,0.8515625,8.875,0.9998601675033569,1,15997,0.00771460262345679,14911,1.0728321373482663,0.4838694328130948,944.2781771582172,703.1043945739826,929.9969712931262,715.4423228864894,1,16290,0.9180775856947663,0.0023355612942427464,2,0.41577088832855225
TRAIN,82a3db34,75,3,4,4,1080,1920,1,0.84375,10.8125,0.9999798536300659,1,5812,0.002802854938271605,6255,0.9291766586730615,0.4330351518205871,972.6959738472127,602.2092222986923,957.2626752966559,611.7349874145991,1,5995,0.7530809205642168,0.008593953455337484,2,0.2836284935474396
TRAIN,82a3db34,76,0,1,4,1080,1920,1,0.97265625,12.75,0.9999971389770508,1,132101,0.06370611496913581,159768,0.8268301537228983,0.7572707308444527,594.164359088879,459.97470874558104,571.9772417105695,462.9380837291573,1,130672,0.9740448037020899,0.00029136143088193323,2,0.2233806550502777
TRAIN,82a3db34,76,1,2,4,1080,1920,1,0.91015625,11.9375,0.9999934434890747,1,37259,0.01796826774691358,34141,1.091327143317419,0.6599048442906574,737.4230118897448,649.2169140341931,720.4966704646158,657.6525636156475,1,36124,0.8718243036424854,0.027436864577150624,3,0.35312244296073914
TRAIN,82a3db34,76,2,3,4,1080,1920,1,0.875,8.5,0.9997965693473816,1,15072,0.007268518518518519,14911,1.010797397894172,0.4054555324346331,981.9533572186837,687.3461385350319,944.2781771582172,703.1043945739826,1,16403,0.8218916415837,0.0012953967152440436,4,0.4590575098991394
TRAIN,82a3db34,76,3,4,4,1080,1920,1,0.828125,11.75,0.9999921321868896,1,5327,0.0025689621913580246,6255,0.8516386890487609,0.3967398119122257,998.4969025718041,595.0371691383518,972.6959738472127,602.2092222986923,1,6571,0.6774284505850838,0.01045780313002779,2,0.3482595384120941
TRAIN,82a3db34,77,0,1,4,1080,1920,1,0.97265625,12.4375,0.9999960660934448,1,133323,0.06429542824074073,159768,0.8344787441790597,0.8393391728573013,605.2364258230012,459.9868889838963,594.164359088879,459.97470874558104,1,131749,0.970839498278772,0.0004917149001463296,2,0.21483977138996124
TRAIN,82a3db34,77,1,2,4,1080,1920,1,0.8984375,12.1875,0.9999948740005493,1,36624,0.01766203703703704,34141,1.0727278052781113,0.7612157330154946,747.1864351245085,647.2646898208825,737.4230118897448,649.2169140341931,1,35557,0.8826551904016693,0.02468330134357006,3,0.22910776734352112
TRAIN,82a3db34,77,2,3,4,1080,1920,1,0.875,9.25,0.9999039173126221,1,15985,0.007708815586419753,14911,1.072027362349943,0.5715514624025908,989.2989052236471,682.4515483265561,981.9533572186837,687.3461385350319,1,16762,0.8965077894249146,0.001389573714644314,4,0.42946162819862366
TRAIN,82a3db34,77,3,4,4,1080,1920,1,0.8046875,12.0,0.9999938011169434,1,5134,0.0024758873456790123,6255,0.8207833733013589,0.5377039541378803,1013.5208414491624,590.7259446825087,998.4969025718041,595.0371691383518,1,6355,0.6794328314573893,0.007776704559526463,2,0.3688381612300873
TRAIN,82a3db34,78,0,1,4,1080,1920,1,0.97265625,12.875,0.9999974966049194,1,134492,0.06485918209876543,159768,0.8417956036252566,0.8859547199042287,609.3813907146894,464.2705067959433,605.2364258230012,459.9868889838963,1,131508,0.9685185048139898,0.0007169435688384329,2,0.21466189622879028
TRAIN,82a3db34,78,1,2,4,1080,1920,1,0.89453125,11.875,0.999993085861206,1,35392,0.0170679012345679,34141,1.0366421604522422,0.8721988249363074,748.734375,650.0499265370705,747.1864351245085,647.2646898208825,1,34401,0.8829893430460003,0.021902659189933765,3,0.2513407766819
TRAIN,82a3db34,78,2,3,4,1080,1920,1,0.88671875,8.625,0.9998205304145813,1,16885,0.00814284336419753,14911,1.132385487224197,0.7407191653868559,993.011489487711,678.7127628072253,989.2989052236471,682.4515483265561,1,16910,0.9042655096636051,0.003365027194115115,2,0.41456151008605957
TRAIN,82a3db34,78,3,4,4,1080,1920,1,0.8046875,12.0,0.9999938011169434,1,4835,0.002331693672839506,6255,0.7729816147082335,0.7942764578833693,1019.4159255429163,590.1075491209928,1013.5208414491624,590.7259446825087,1,5429,0.7055500166168163,0.00933810099554961,2,0.33213669061660767
TRAIN,82a3db34,79,0,1,4,1080,1920,1,0.96875,12.875,0.9999974966049194,1,134177,0.06470727237654321,159768,0.8398239947924491,0.8988013626019478,606.7042339596205,468.36790955230776,609.3813907146894,464.2705067959433,1,132386,0.9683295674390442,0.0007216599371380518,2,0.22641795873641968
TRAIN,82a3db34,79,1,2,4,1080,1920,1,0.9140625,11.25,0.999987006187439,1,33344,0.016080246913580246,34141,0.9766556339884597,0.8239617885100172,742.7743821976967,653.1249400191939,748.734375,650.0499265370705,1,33613,0.9067919692439128,0.007905217443512719,3,0.29492437839508057
TRAIN,82a3db34,79,2,3,4,1080,1920,1,0.89453125,9.0,0.9998766183853149,1,15850,0.0076437114197530865,14911,1.0629736436188049,0.81216784765279,999.2246687697161,674.9530599369085,993.011489487711,678.7127628072253,1,17018,0.8962672359083829,0.0009853141275277999,4,0.45369595289230347
TRAIN,82a3db34,79,3,4,4,1080,1920,1,0.80078125,11.5,0.9999898672103882,1,4845,0.0023365162037037035,6255,0.7745803357314148,0.8052965311450951,1014.2311661506708,589.1420020639835,1019.4159255429163,590.1075491209928,1,5484,0.6833441981747066,0.008337703198741478,2,0.41799622774124146
TRAIN,82a3db34,80,0,1,4,1080,1920,1,0.96875,12.6875,0.9999969005584717,1,133490,0.06437596450617283,159768,0.8355240098142306,0.8704760973019057,601.5544759907109,474.36564536669414,606.7042339596205,468.36790955230776,1,131459,0.9605375126719501,0.0010129024478475824,2,0.20595362782478333
TRAIN,82a3db34,80,1,2,4,1080,1920,1,0.89453125,11.75,0.9999921321868896,1,32189,0.015523244598765432,34141,0.9428253419642073,0.7746154679376083,738.477647643605,658.7911708968902,742.7743821976967,653.1249400191939,1,32538,0.8998238919870855,0.00910400304372639,4,0.3677730858325958
TRAIN,82a3db34,80,2,3,4,1080,1920,1,0.89453125,9.125,0.9998910427093506,1,16994,0.008195408950617284,14911,1.139695526792301,0.8182019486271036,992.853654230905,670.6801812404378,999.2246687697161,674.9530599369085,1,16895,0.883140697932874,0.0056646295657117336,2,0.44915971159935
TRAIN,82a3db34,80,3,4,4,1080,1920,1,0.796875,10.5625,0.9999741315841675,1,4616,0.0022260802469135804,6255,0.7379696243005596,0.7942347809596055,1011.6943240901213,588.1655112651647,1014.2311661506708,589.1420020639835,1,4943,0.7060503301802605,0.008222300615994138,2,0.3856043815612793
TRAIN,82a3db34,81,0,1,4,1080,1920,1,0.96484375,12.8125,0.9999972581863403,1,131394,0.06336516203703704,159768,0.8224049872314857,0.8332975741426446,610.8199765590514,477.91141147997627,601.5544759907109,474.36564536669414,1,129747,0.9531716292323916,0.001462716104012636,2,0.18415597081184387
TRAIN,82a3db34,81,1,2,4,1080,1920,1,0.90625,12.0,0.9999938011169434,1,30600,0.014756944444444444,34141,0.896283061421751,0.7871292764843172,746.8944444444444,661.3398692810457,738.477647643605,658.7911708968902,1,31555,0.8921428353983378,0.010243095183748004,4,0.35014837980270386
TRAIN,82a3db34,81,2,3,4,1080,1920,1,0.8984375,9.4375,0.9999203681945801,1,16081,0.007755111882716049,14911,1.07846556233653,0.6942423931974183,1003.2470617498911,666.7994527703501,992.853654230905,670.6801812404378,1,16236,0.862758660441524,0.013553479861273645,2,0.4575287997722626
TRAIN,82a3db34,81,3,4,4,1080,1920,1,0.81640625,10.8125,0.9999798536300659,1,4743,0.002287326388888889,6255,0.758273381294964,0.5806451612903226,1017.5365802234872,583.0634619439173,1011.6943240901213,588.1655112651647,1,4807,0.7160826594788859,0.012581248082126817,2,0.40636444091796875
TRAIN,82a3db34,82,0,1,4,1080,1920,1,0.9609375,12.75,0.9999971389770508,1,127701,0.06158420138888889,159768,0.7992902208201893,0.7301489786515128,632.7747159380115,477.3298877847472,610.8199765590514,477.91141147997627,1,128364,0.957653552697971,0.00018416440165620952,2,0.2836652994155884
TRAIN,82a3db34,82,1,2,4,1080,1920,1,0.90234375,11.0,0.9999833106994629,1,29712,0.014328703703703703,34141,0.8702732784628453,0.6794386277567387,769.3819668820679,662.4758683360259,746.8944444444444,661.3398692810457,1,29796,0.9058416602613374,0.008540239726027398,3,0.3207316994667053
TRAIN,82a3db34,82,2,3,4,1080,1920,1,0.89453125,9.5,0.9999251365661621,1,15979,0.007705922067901235,14911,1.0716249748507813,0.5478949401313248,1030.8348457350273,661.1016959759685,1003.2470617498911,666.7994527703501,1,17407,0.8591157144448157,0.00034148007219864384,4,0.4693976640701294
TRAIN,82a3db34,82,3,4,4,1080,1920,1,0.8203125,11.3125,0.9999877214431763,1,4741,0.0022863618827160493,6255,0.7579536370903277,0.3382249188655284,1035.5950221472262,578.1813963298882,1017.5365802234872,583.0634619439173,1,4527,0.8298124383020731,0.010119622122780848,2,0.44822466373443604
TRAIN,82a3db34,83,0,1,4,1080,1920,1,0.9609375,12.875,0.9999974966049194,1,133928,0.0645871913580247,159768,0.8382654849531821,0.7024049660988274,655.7158025207574,473.98488740218625,632.7747159380115,477.3298877847472,1,131918,0.960602976532885,0.0018131152727582473,2,0.25511395931243896
TRAIN,82a3db34,83,1,2,4,1080,1920,1,0.90234375,11.0625,0.9999842643737793,1,29857,0.014398630401234567,34141,0.8745203714009548,0.6393483226463385,796.5405432561878,661.9938037981043,769.3819668820679,662.4758683360259,1,30728,0.8828081297781093,0.005063291139240506,3,0.334901362657547
TRAIN,82a3db34,83,2,3,4,1080,1920,1,0.89453125,10.1875,0.999962329864502,1,16032,0.0077314814814814815,14911,1.075179397760043,0.5217246624833618,1061.3018962075848,653.0363023952095,1030.8348457350273,661.1016959759685,1,17386,0.8475232198142415,0.008628127696289905,2,0.44715416431427
TRAIN,82a3db34,83,3,4,4,1080,1920,1,0.79296875,12.125,0.9999946355819702,1,5139,0.0024782986111111112,6255,0.8215827338129497,0.2836169936338833,1061.3950184860869,568.9172990854252,1035.5950221472262,578.1813963298882,1,4764,0.7139148494288681,0.01587516348712398,3,0.37858089804649353
TRAIN,82a3db34,84,0,1,4,1080,1920,1,0.95703125,12.5625,0.999996542930603,1,135574,0.0653809799382716,159768,0.8485679234890592,0.6429342160610106,693.3242657146651,474.8857081741337,655.7158025207574,473.98488740218625,1,131534,0.951502487707583,0.0018640908320623623,2,0.3099963366985321
TRAIN,82a3db34,84,1,2,4,1080,1920,1,0.88671875,11.0625,0.9999842643737793,1,29634,0.014291087962962964,34141,0.8679886353651035,0.48123895127356026,840.8901262063846,667.4869406762502,796.5405432561878,661.9938037981043,1,29962,0.8974783494651044,0.003109777313848295,3,0.3981890380382538
TRAIN,82a3db34,84,2,3,4,1080,1920,1,0.890625,9.75,0.9999417066574097,1,15917,0.00767602237654321,14911,1.067466970692777,0.4385609437615381,1109.8151661745303,649.9650059684614,1061.3018962075848,653.0363023952095,1,16493,0.8628577997470974,0.0025786149778195405,2,0.44933706521987915
TRAIN,82a3db34,84,3,4,4,1080,1920,1,0.74609375,11.25,0.999987006187439,1,5411,0.002609471450617284,6255,0.8650679456434852,0.26165988997847406,1097.9327296248382,565.849750508224,1061.3950184860869,568.9172990854252,1,4775,0.771170231264128,0.01727661155489504,3,0.4101608097553253
TRAIN,82a3db34,85,0,1,4,1080,1920,1,0.9609375,12.625,0.9999966621398926,1,135079,0.06514226466049383,159768,0.8454696810375044,0.6592568524433382,725.210972838117,478.040250520066,693.3242657146651,474.8857081741337,1,130098,0.9446689302659852,0.00203777821163608,2,0.22011497616767883
TRAIN,82a3db34,85,1,2,4,1080,1920,1,0.88671875,11.1875,0.9999861717224121,1,30029,0.014481577932098765,34141,0.8795583023344365,0.49771563409980923,873.6785440740617,675.9722601485231,840.8901262063846,667.4869406762502,1,29159,0.8864701195219123,0.015093537414965986,3,0.34148868918418884
TRAIN,82a3db34,85,2,3,4,1080,1920,1,0.87890625,9.875,0.9999485015869141,1,15456,0.007453703703703704,14911,1.0365501978405205,0.49516275079826527,1146.7604813664595,653.4842779503106,1109.8151661745303,649.9650059684614,1,17721,0.815927750410509,0.005997880448262644,2,0.4218643605709076
TRAIN,82a3db34,85,3,4,4,1080,1920,1,0.7578125,11.4375,0.9999892711639404,1,6173,0.0029769483024691358,6255,0.986890487609912,0.3056807935076646,1127.5203304714078,570.3220476267617,1097.9327296248382,565.849750508224,1,5824,0.6511147811725846,0.03855348372234537,3,0.47405481338500977
TRAIN,82a3db34,86,0,1,4,1080,1920,1,0.95703125,12.3125,0.9999954700469971,1,131718,0.06352141203703704,159768,0.8244329277452306,0.6670332348181426,761.4663295828968,479.34645226924187,725.210972838117,478.040250520066,1,130926,0.9630329982435816,0.0010863222714688318,2,0.243523970246315
TRAIN,82a3db34,86,1,2,4,1080,1920,1,0.88671875,11.0625,0.9999842643737793,1,32127,0.015493344907407407,34141,0.9410093436044639,0.4940627854430075,920.7950322158932,680.0432346624335,873.6785440740617,675.9722601485231,1,29551,0.860348675876214,0.0445669458284745,3,0.34355926513671875
TRAIN,82a3db34,86,2,3,4,1080,1920,1,0.83984375,10.0625,0.9999573230743408,1,16463,0.007939332561728395,14911,1.1040842331164913,0.4322444584043794,1185.2496507319443,649.8729271700176,1146.7604813664595,653.4842779503106,1,17140,0.8711994654193117,0.008481819975014794,2,0.43454429507255554
TRAIN,82a3db34,86,3,4,4,1080,1920,1,0.7109375,12.4375,0.9999960660934448,1,5839,0.002815875771604938,6255,0.9334932054356515,0.2724576271186441,1146.4540160986471,574.4425415310841,1127.5203304714078,570.3220476267617,1,5678,0.7950436408977556,0.0055134993217520675,3,0.4676976203918457
TRAIN,82a3db34,87,0,1,4,1080,1920,1,0.95703125,12.8125,0.9999972581863403,1,131892,0.06360532407407407,159768,0.8255220069100195,0.6666034443517184,792.0313210808844,473.6029781942802,761.4663295828968,479.34645226924187,1,130995,0.9645702243412498,0.001541190141275763,2,0.23203475773334503
TRAIN,82a3db34,87,1,2,4,1080,1920,1,0.875,11.4375,0.9999892711639404,1,32958,0.015894097222222223,34141,0.9653495796842506,0.5433591804794764,948.3757206141149,685.1391771345349,920.7950322158932,680.0432346624335,1,31870,0.8797807869632035,0.03245736881126946,3,0.34203067421913147
TRAIN,82a3db34,87,2,3,4,1080,1920,1,0.875,9.875,0.9999485015869141,1,16517,0.007965374228395062,14911,1.1077057206089465,0.4006030492207075,1228.029060967488,648.8043228189139,1185.2496507319443,649.8729271700176,1,17174,0.8548227262717463,0.012343870954243991,2,0.474246621131897
TRAIN,82a3db34,87,3,4,4,1080,1920,1,0.78125,10.875,0.9999810457229614,1,5732,0.002764274691358025,6255,0.9163868904876099,0.2815372688005316,1169.604152128402,568.3422889043964,1146.4540160986471,574.4425415310841,1,6011,0.7399614757741888,0.012733221328145725,3,0.37436580657958984
TRAIN,82a3db34,88,0,1,4,1080,1920,1,0.95703125,12.6875,0.9999969005584717,1,136017,0.06559461805555555,159768,0.8513406940063092,0.5852697353238776,817.0157774395848,457.6564620598896,792.0313210808844,473.6029781942802,1,133669,0.9574236441760539,0.0007160017515414748,2,0.1950797587633133
TRAIN,82a3db34,88,1,2,4,1080,1920,1,0.8671875,10.9375,0.9999822378158569,1,32803,0.01581934799382716,34141,0.9608095837848921,0.6183737756558547,972.8619638447703,683.1063012529341,948.3757206141149,685.1391771345349,1,33098,0.8793418125819883,0.016133314272877654,3,0.3650839328765869
TRAIN,82a3db34,88,2,3,4,1080,1920,1,0.8515625,10.125,0.9999599456787109,1,17965,0.008663676697530865,14911,1.2048152370733016,0.4442117607639471,1256.9691065961592,642.531143890899,1228.029060967488,648.8043228189139,1,16954,0.8361991901982436,0.028397075705395444,2,0.4028523862361908
TRAIN,82a3db34,88,3,4,4,1080,1920,1,0.7734375,11.0625,0.9999842643737793,1,6135,0.0029586226851851852,6255,0.9808153477218226,0.3720661348132732,1196.3432762836185,563.6193969030155,1169.604152128402,568.3422889043964,1,6238,0.8192912806940156,0.005311969347324422,3,0.3673730492591858
TRAIN,82a3db34,89,0,1,4,1080,1920,1,0.95703125,12.625,0.9999966621398926,1,138462,0.06677372685185186,159768,0.8666441339942917,0.6287428347634136,834.3841414973061,439.56627089020816,817.0157774395848,457.6564620598896,1,134121,0.9474665637860082,0.0024548259910491485,2,0.21977676451206207
TRAIN,82a3db34,89,1,2,4,1080,1920,1,0.88671875,11.125,0.9999852180480957,1,34380,0.01657986111111111,34141,1.0070003807738497,0.7188947166432135,978.6458987783595,677.0088423502036,972.8619638447703,683.1063012529341,1,34683,0.907606894265827,0.003925587871287129,3,0.24242444336414337
TRAIN,82a3db34,89,2,3,4,1080,1920,1,0.8515625,10.375,0.9999687671661377,1,17969,0.008665605709876543,14911,1.205083495406076,0.49974958263772956,1285.5271857087205,634.1299460181424,1256.9691065961592,642.531143890899,1,17535,0.8119832601816883,0.026293014630125695,4,0.3751816153526306
TRAIN,82a3db34,89,3,4,4,1080,1920,1,0.7578125,11.0,0.9999833106994629,1,6844,0.00330054012345679,6255,1.0941646682653876,0.42454176270442323,1211.2777615429573,555.6995908825248,1196.3432762836185,563.6193969030155,1,6934,0.8188778877887789,0.005361045816322322,3,0.3374950885772705
TRAIN,82a3db34,90,0,1,4,1080,1920,1,0.9609375,12.4375,0.9999960660934448,1,139546,0.06729648919753087,159768,0.8734289720094136,0.6696675775502238,839.9394966534333,422.8952101815889,834.3841414973061,439.56627089020816,1,136319,0.9583643914386114,0.0014001889967040818,2,0.21049383282661438
TRAIN,82a3db34,90,1,2,4,1080,1920,1,0.9140625,11.1875,0.9999861717224121,1,35293,0.017020158179012347,34141,1.0337424211358777,0.7594191919191919,987.4314453291021,669.9326495339019,978.6458987783595,677.0088423502036,1,34245,0.8974568871425453,0.009384795498319424,3,0.3854977488517761
TRAIN,82a3db34,90,2,3,4,1080,1920,1,0.859375,10.8125,0.9999798536300659,1,16689,0.008048321759259259,14911,1.1192408289182483,0.5658263305322129,1298.5773863023549,630.4034393912158,1285.5271857087205,634.1299460181424,1,18162,0.7932081296629792,0.019923271427325834,4,0.3352929651737213
TRAIN,82a3db34,90,3,4,4,1080,1920,1,0.7578125,11.375,0.9999885559082031,1,7134,0.0034403935185185184,6255,1.1405275779376498,0.5560503172659468,1214.3013737033923,548.4198205775161,1211.2777615429573,555.6995908825248,1,6706,0.7913538700491846,0.018398486251459397,3,0.2989540994167328
TRAIN,82a3db34,91,0,1,4,1080,1920,1,0.9609375,12.25,0.999995231628418,1,139769,0.06740403163580247,159768,0.8748247458815283,0.7086725923569607,842.1680844822529,408.14788687047917,839.9394966534333,422.8952101815889,1,136965,0.9594284581397984,0.002065325916417059,2,0.2183111160993576
TRAIN,82a3db34,91,1,2,4,1080,1920,1,0.90625,11.5625,0.9999904632568359,1,37522,0.018095100308641976,34141,1.099030491198266,0.7710943010726534,996.9366771494057,660.3478492617664,987.4314453291021,669.9326495339019,1,35868,0.8639203535327882,0.019269758679465326,3,0.34009087085723877
TRAIN,82a3db34,91,2,3,4,1080,1920,1,0.87109375,10.4375,0.9999706745147705,1,19632,0.009467592592592593,14911,1.3166118972570586,0.6517053206002729,1300.2703239608802,625.8463223308884,1298.5773863023549,630.4034393912158,1,19287,0.8362349610757254,0.027211924326390215,4,0.4937347173690796
TRAIN,82a3db34,91,3,4,4,1080,1920,1,0.7734375,10.875,0.9999810457229614,1,6589,0.0031775655864197533,6255,1.0533972821742605,0.5733776656730107,1215.5850660191227,540.7852481408408,1214.3013737033923,548.4198205775161,1,7245,0.7695062675876183,0.006613242044658835,3,0.2998744249343872
TRAIN,82a3db34,92,0,1,4,1080,1920,1,0.9609375,12.3125,0.9999954700469971,1,140229,0.06762586805555555,159768,0.8777039206849933,0.7013398146741607,839.1345014226729,393.1909662052785,842.1680844822529,408.14788687047917,1,136810,0.9562690656423003,0.0006959418603324549,2,0.22378599643707275
TRAIN,82a3db34,92,1,2,4,1080,1920,1,0.91015625,11.875,0.999993085861206,1,36404,0.017555941358024692,34141,1.0662839401306348,0.7474530197376197,990.4998901219647,657.0545544445665,996.9366771494057,660.3478492617664,1,35195,0.9012453862290555,0.01580915079223785,3,0.3606202304363251
TRAIN,82a3db34,92,2,3,4,1080,1920,1,0.8984375,10.6875,0.9999772310256958,1,20816,0.01003858024691358,14911,1.3960163637582992,0.7855471681454995,1303.30606264412,628.0370868562644,1300.2703239608802,625.8463223308884,1,20654,0.859724651329656,0.013755407141952182,2,0.4367527663707733
TRAIN,82a3db34,92,3,4,4,1080,1920,1,0.80859375,10.875,0.9999810457229614,1,7026,0.003388310185185185,6255,1.1232613908872902,0.6658509727150373,1208.8259322516367,537.8134073441503,1215.5850660191227,540.7852481408408,1,7115,0.8412760416666667,0.006216147442655131,3,0.3113144040107727
TRAIN,82a3db34,93,0,1,4,1080,1920,1,0.9609375,12.125,0.9999946355819702,1,141685,0.06832802854938272,159768,0.886817134845526,0.8091124943849066,829.840413593535,386.73631647669123,839.1345014226729,393.1909662052785,1,137510,0.9542301581190897,0.0009275021349515606,2,0.21964804828166962
TRAIN,82a3db34,93,1,2,4,1080,1920,1,0.91015625,11.75,0.9999921321868896,1,36137,0.017427179783950617,34141,1.058463431065288,0.685353840434924,980.8019758142624,658.0659988377563,990.4998901219647,657.0545544445665,1,35298,0.9077313392976365,0.012464550361357607,4,0.31263190507888794
TRAIN,82a3db34,93,2,3,4,1080,1920,1,0.8828125,11.0625,0.9999842643737793,1,21913,0.010567611882716049,14911,1.4695862115216953,0.6719752699953044,1296.7817277415234,635.8116186738466,1303.30606264412,628.0370868562644,1,20899,0.8539754027368786,0.016379754481337383,2,0.4575004577636719
TRAIN,82a3db34,93,3,4,4,1080,1920,1,0.7890625,11.3125,0.9999877214431763,1,7272,0.0035069444444444445,6255,1.162589928057554,0.661978379635011,1199.6500275027502,541.9260176017601,1208.8259322516367,537.8134073441503,1,8132,0.7806033984510461,0.010727611940298507,3,0.3113161325454712
TRAIN,82a3db34,94,0,1,4,1080,1920,1,0.95703125,12.1875,0.9999948740005493,1,142541,0.06874083719135803,159768,0.8921749036102349,0.7192371205110059,810.7131000905002,383.2104306831017,829.840413593535,386.73631647669123,1,137702,0.9524366879158394,0.0012599581897282332,2,0.24705259501934052
TRAIN,82a3db34,94,1,2,4,1080,1920,1,0.9140625,11.875,0.999993085861206,1,34534,0.016654128086419754,34141,1.0115110863770833,0.5835574079053509,947.4331962703423,660.4289685527307,980.8019758142624,658.0659988377563,1,34672,0.9160022148394241,0.0022582124836808865,3,0.367511123418808
TRAIN,82a3db34,94,2,3,4,1080,1920,1,0.890625,11.5,0.9999898672103882,1,20348,0.009812885802469137,14911,1.3646301388236872,0.5817426454075904,1291.6154413210143,647.6720070768625,1296.7817277415234,635.8116186738466,1,22276,0.8242670661245453,0.009948970226513455,2,0.48453769087791443
TRAIN,82a3db34,94,3,4,4,1080,1920,1,0.83203125,11.75,0.9999921321868896,1,8560,0.004128086419753086,6255,1.3685051958433254,0.5270061728395061,1184.611331775701,555.9794392523364,1199.6500275027502,541.9260176017601,1,7877,0.8218798492573709,0.015544724015281255,3,0.4530218243598938
TRAIN,82a3db34,95,0,1,4,1080,1920,1,0.9609375,12.5625,0.999996542930603,1,143587,0.06924527391975309,159768,0.8987218967502879,0.6250993934161801,781.3569264627021,376.02824768258967,810.7131000905002,383.2104306831017,1,138973,0.9539045590645377,0.0020124537999698967,2,0.22447651624679565
TRAIN,82a3db34,95,1,2,4,1080,1920,1,0.90234375,11.9375,0.9999934434890747,1,36329,0.01751977237654321,34141,1.0640871679212678,0.4779752221248905,918.4307577968015,651.6453246717498,947.4331962703423,660.4289685527307,1,36157,0.9165542952328072,0.0062660018865382024,4,0.33046430349349976
TRAIN,82a3db34,95,2,3,4,1080,1920,1,0.875,11.75,0.9999921321868896,1,23706,0.011432291666666667,14911,1.5898330091878479,0.5339670601344058,1259.0335779971315,648.2517506116595,1291.6154413210143,647.6720070768625,1,22152,0.8594598978185062,0.013767993226079593,2,0.49149253964424133
TRAIN,82a3db34,95,3,4,4,1080,1920,1,0.7734375,12.3125,0.9999954700469971,1,8660,0.0041763117283950615,6255,1.3844924060751398,0.44366197183098594,1152.7739030023095,554.7279445727482,1184.611331775701,555.9794392523364,1,8476,0.8423825395118805,0.002258699346989892,2,0.3526846468448639
TRAIN,82a3db34,96,0,1,4,1080,1920,1,0.9609375,12.8125,0.9999972581863403,1,145247,0.07004581404320988,159768,0.9091119623454008,0.5374714552626115,736.2354265492575,369.1509291069695,781.3569264627021,376.02824768258967,1,141473,0.9552512598795698,0.003929382430206153,2,0.26240259408950806
TRAIN,82a3db34,96,1,2,4,1080,1920,1,0.90234375,11.5,0.9999898672103882,1,37656,0.018159722222222223,34141,1.1029553908790017,0.3603684771816276,865.347301890801,641.3635277246653,918.4307577968015,651.6453246717498,1,35131,0.8806066556428276,0.0018712986812848117,4,0.36206328868865967
TRAIN,82a3db34,96,2,3,4,1080,1920,1,0.89453125,11.25,0.999987006187439,1,20854,0.010056905864197531,14911,1.3985648179196566,0.45983488402568473,1229.0293948403184,660.5746139829289,1259.0335779971315,648.2517506116595,1,22769,0.8840373153666753,0.0,1,0.4986150860786438
TRAIN,82a3db34,96,3,4,4,1080,1920,1,0.796875,12.375,0.9999958276748657,1,7706,0.003716242283950617,6255,1.2319744204636291,0.351221928665786,1096.7613547884764,560.4961069296652,1152.7739030023095,554.7279445727482,1,7852,0.7959136557774443,0.01169052005101318,2,0.48631179332733154
TRAIN,82a3db34,97,0,1,4,1080,1920,1,0.9609375,13.125,0.9999979734420776,1,147489,0.07112702546296296,159768,0.923144809974463,0.5671595447391243,688.5010339754151,365.8859508166711,736.2354265492575,369.1509291069695,1,142594,0.9561344356481044,0.0007070328008832471,2,0.22411657869815826
TRAIN,82a3db34,97,1,2,4,1080,1920,1,0.91015625,11.125,0.9999852180480957,1,37230,0.01795428240740741,34141,1.090477724729797,0.3843167701863354,808.4020950846092,637.4571582057481,865.347301890801,641.3635277246653,1,36508,0.8997784304632349,0.004557926483593732,4,0.362607479095459
TRAIN,82a3db34,97,2,3,4,1080,1920,1,0.890625,11.0625,0.9999842643737793,1,21834,0.010529513888888889,14911,1.4642881094493998,0.4610171811896776,1189.813456077677,667.0579371622241,1229.0293948403184,660.5746139829289,1,23218,0.9017306880540312,0.001385809312638581,4,0.516729474067688
TRAIN,82a3db34,97,3,4,4,1080,1920,1,0.82421875,12.1875,0.9999948740005493,1,6368,0.003070987654320988,6255,1.0180655475619504,0.4167505536541172,1052.858040201005,566.1597047738693,1096.7613547884764,560.4961069296652,1,7070,0.7803391626921039,0.0074721556464119555,2,0.4325517416000366
TRAIN,82a3db34,98,0,1,4,1080,1920,1,0.9609375,12.875,0.9999974966049194,1,146460,0.07063078703703704,159768,0.9167042211206249,0.575880555406637,651.8639696845555,363.5894715280623,688.5010339754151,365.8859508166711,1,142931,0.9597673127192448,0.0002122495183568622,2,0.20264041423797607
TRAIN,82a3db34,98,1,2,4,1080,1920,1,0.9140625,11.25,0.999987006187439,1,37073,0.017878568672839507,34141,1.0858791482381887,0.38374583310054566,757.6151107274836,637.1329808755698,808.4020950846092,637.4571582057481,1,37325,0.9229258206254847,0.002808259587020649,4,0.3557582199573517
TRAIN,82a3db34,98,2,3,4,1080,1920,1,0.90234375,11.0,0.9999833106994629,1,21128,0.010189043209876543,14911,1.4169405137147073,0.43426587434065567,1156.2092957213176,680.0941878076486,1189.813456077677,667.0579371622241,1,22282,0.9069583552978387,0.0,1,0.5034936666488647
TRAIN,82a3db34,98,3,4,4,1080,1920,1,0.75,11.875,0.999993085861206,1,6331,0.0030531442901234568,6255,1.012150279776179,0.3188285387890747,1016.1410519665139,574.8302006002211,1052.858040201005,566.1597047738693,1,5421,0.7173754201373667,0.018310746192064565,2,0.4355475604534149
TRAIN,82a3db34,99,0,1,4,1080,1920,1,0.96484375,12.375,0.9999958276748657,1,147935,0.07134211033950617,159768,0.9259363577186921,0.7219505632698899,637.0463717173083,358.9278940075033,651.8639696845555,363.5894715280623,1,143546,0.9594702699068939,0.00032338040314756927,2,0.223819300532341
TRAIN,82a3db34,99,1,2,4,1080,1920,1,0.90234375,11.25,0.999987006187439,1,37126,0.01790412808641975,34141,1.087431533932808,0.49489271683288,732.2316705273932,633.0817217044658,757.6151107274836,637.1329808755698,1,37665,0.9276030927835052,0.011095535650645062,4,0.35126402974128723
TRAIN,82a3db34,99,2,3,4,1080,1920,1,0.90625,10.75,0.9999785423278809,1,21343,0.01029272762345679,14911,1.4313593991013347,0.5237873134328358,1139.232347842384,690.02441081385,1156.2092957213176,680.0941878076486,1,22254,0.8979973878972572,0.0,1,0.3744971752166748
TRAIN,82a3db34,99,3,4,4,1080,1920,1,0.69921875,12.1875,0.9999948740005493,1,5684,0.0027411265432098764,6255,0.9087130295763389,0.2691454526249076,993.536593947924,593.4123856439128,1016.1410519665139,574.8302006002211,1,5430,0.6114252573582717,0.021972322417898486,2,0.48046642541885376
TRAIN,82a3db34,100,0,1,4,1080,1920,1,0.96875,12.75,0.9999971389770508,1,148885,0.07180025077160494,159768,0.9318824795954134,0.6628105655303773,653.5476374382913,347.19049602041844,637.0463717173083,358.9278940075033,1,145279,0.9592516367947462,0.000570954571407026,2,0.2436065524816513
TRAIN,82a3db34,100,1,2,4,1080,1920,1,0.90625,11.1875,0.9999861717224121,1,36897,0.01779369212962963,34141,1.0807240561202074,0.6148828482918103,737.0410060438518,622.3551508252704,732.2316705273932,633.0817217044658,1,36875,0.9205956627007889,0.005242746337259408,4,0.3330844044685364
TRAIN,82a3db34,100,2,3,4,1080,1920,1,0.90625,10.8125,0.9999798536300659,1,22609,0.010903260030864198,14911,1.5162631614244517,0.5481507573089116,1164.420319341855,691.3579547967623,1139.232347842384,690.02441081385,1,22525,0.9321888779485423,0.0,1,0.41792935132980347
TRAIN,82a3db34,100,3,4,4,1080,1920,1,0.60546875,11.625,0.9999910593032837,1,5013,0.0024175347222222224,6255,0.8014388489208633,0.42304110682453105,1011.8063036106124,596.6533014163176,993.536593947924,593.4123856439128,1,5094,0.625965250965251,0.013206908228919742,2,0.47974807024002075
TRAIN,82a3db34,101,0,1,4,1080,1920,1,0.9609375,12.625,0.9999966621398926,1,149245,0.07197386188271605,159768,0.9341357468329077,0.5997274137033639,693.5262018828101,337.0178029414721,653.5476374382913,347.19049602041844,1,145825,0.9548697835578139,0.0003593553058542734,2,0.24881409108638763
TRAIN,82a3db34,101,1,2,4,1080,1920,1,0.875,11.5625,0.9999904632568359,1,37711,0.01818624614197531,34141,1.104566357165871,0.5142375839743459,774.0968417703058,613.3908408687121,737.0410060438518,622.3551508252704,1,37267,0.9069152318217656,0.009279020135473694,4,0.3603619933128357
TRAIN,82a3db34,101,2,3,4,1080,1920,1,0.890625,10.9375,0.9999822378158569,1,22598,0.01089795524691358,14911,1.515525451009322,0.43856801909307874,1209.6607221878041,691.8208248517568,1164.420319341855,691.3579547967623,1,21540,0.8892265548088858,0.0,1,0.4477788805961609
TRAIN,82a3db34,101,3,4,4,1080,1920,1,0.5859375,11.3125,0.9999877214431763,1,5253,0.002533275462962963,6255,0.8398081534772183,0.25947736474052263,1046.569960022844,598.0828098229583,1011.8063036106124,596.6533014163176,1,5797,0.5977443609022557,0.013515124067408768,2,0.4446514844894409
TRAIN,82a3db34,102,0,1,4,1080,1920,1,0.9609375,12.9375,0.999997615814209,1,150625,0.07263937114197531,159768,0.9427732712433028,0.5378895111494041,758.6680232365145,322.674489626556,693.5262018828101,337.0178029414721,1,146676,0.9462476105684883,0.00041109859425636535,2,0.33844617009162903
TRAIN,82a3db34,102,1,2,4,1080,1920,1,0.90625,11.125,0.9999852180480957,1,37390,0.018031442901234568,34141,1.09516417210978,0.4024986927616344,822.8699384862263,602.296763840599,774.0968417703058,613.3908408687121,1,36755,0.9179729939469191,0.003230758655454483,4,0.4081878960132599
TRAIN,82a3db34,102,2,3,4,1080,1920,1,0.87890625,10.4375,0.9999706745147705,1,23252,0.0112133487654321,14911,1.5593856884179464,0.383399209486166,1275.3731722002408,688.8447875451574,1209.6607221878041,691.8208248517568,1,22323,0.884510420112471,0.0,1,0.43457648158073425
TRAIN,82a3db34,102,3,4,4,1080,1920,1,0.6640625,10.8125,0.9999798536300659,1,5549,0.00267602237654321,6255,0.8871302957633893,0.2611792177466433,1077.829699044873,605.0482969904488,1046.569960022844,598.0828098229583,1,6394,0.7493774718031346,0.005060464232258677,2,0.43110889196395874
TRAIN,82a3db34,103,0,1,4,1080,1920,1,0.96484375,12.8125,0.9999972581863403,1,146579,0.07068817515432099,159768,0.91744905112413,0.5391674521217645,828.9715443549212,315.8831960922097,758.6680232365145,322.674489626556,1,146015,0.9694811663660106,0.0003942876895821631,2,0.2611352205276489
TRAIN,82a3db34,103,1,2,4,1080,1920,1,0.921875,11.25,0.999987006187439,1,37455,0.018062789351851852,34141,1.0970680413578981,0.39805734566171663,886.634574823121,597.0277933520224,822.8699384862263,602.296763840599,1,38638,0.9290911395614146,0.0008465463198114719,4,0.4535277783870697
TRAIN,82a3db34,103,2,3,4,1080,1920,1,0.890625,10.75,0.9999785423278809,1,23685,0.011422164351851852,14911,1.588424652940782,0.3482607072070778,1349.848300612202,691.5242558581381,1275.3731722002408,688.8447875451574,1,24169,0.9223878198690395,0.0,1,0.4296470284461975
TRAIN,82a3db34,103,3,4,4,1080,1920,1,0.7578125,10.75,0.9999785423278809,1,6953,0.0033531057098765433,6255,1.1115907274180656,0.3184982071292976,1115.682583057673,610.0988062706746,1077.829699044873,605.0482969904488,1,6289,0.7817545748116254,0.016793790980864445,2,0.4126017689704895
TRAIN,82a3db34,104,0,1,4,1080,1920,1,0.96484375,12.375,0.9999958276748657,1,152460,0.07352430555555556,159768,0.9542586750788643,0.5255146027292438,912.698347107438,314.4220975993703,828.9715443549212,315.8831960922097,1,148985,0.962213181448332,0.0006719624951165516,2,0.28560078144073486
TRAIN,82a3db34,104,1,2,4,1080,1920,1,0.92578125,11.4375,0.9999892711639404,1,38918,0.018768325617283952,34141,1.1399197445886178,0.38804478208716514,954.243152268873,599.7192815663703,886.634574823121,597.0277933520224,1,39644,0.9294643514993737,0.0023881893182805037,4,0.4094473123550415
TRAIN,82a3db34,104,2,3,4,1080,1920,1,0.88671875,10.4375,0.9999706745147705,1,23054,0.011117862654320987,14911,1.5461069009456105,0.24720480320213475,1438.028368179058,706.9823457968248,1349.848300612202,691.5242558581381,1,24625,0.8776434450439098,0.0,1,0.3877294659614563
TRAIN,82a3db34,104,3,4,4,1080,1920,1,0.79296875,10.25,0.9999645948410034,1,7110,0.0034288194444444444,6255,1.1366906474820144,0.17505013368983957,1181.9943741209563,626.3935302390998,1115.682583057673,610.0988062706746,1,7252,0.8074502894538133,0.012451547240087485,2,0.38544243574142456
TRAIN,82a3db34,105,0,1,4,1080,1920,1,0.96875,12.6875,0.9999969005584717,1,155774,0.07512249228395061,159768,0.975001251815132,0.5837897830622039,969.5935457778577,315.2629321966439,912.698347107438,314.4220975993703,1,151594,0.961243228412274,0.00020326649253503805,2,0.3060401380062103
TRAIN,82a3db34,105,1,2,4,1080,1920,1,0.9296875,11.875,0.999993085861206,1,40610,0.019584297839506173,34141,1.1894789256319382,0.4802516472471429,996.8400886481162,609.7206599359764,954.243152268873,599.7192815663703,1,41052,0.9486016989596259,0.0019482383823469095,4,0.34420931339263916
TRAIN,82a3db34,105,2,3,4,1080,1920,1,0.91015625,10.125,0.9999599456787109,1,23478,0.011322337962962963,14911,1.5745422842197037,0.31094520354979577,1490.2936365959622,725.8134849646477,1438.028368179058,706.9823457968248,1,24718,0.8903357389394415,0.0010096866816016155,4,0.46001750230789185
TRAIN,82a3db34,105,3,4,4,1080,1920,1,0.8203125,9.75,0.9999417066574097,1,7219,0.0034813850308641975,6255,1.1541167066346922,0.2242822966507177,1226.4296994043495,643.9228424989611,1181.9943741209563,626.3935302390998,1,8247,0.8148321990143159,0.004871245081916023,2,0.28985312581062317
TRAIN,82a3db34,106,0,1,4,1080,1920,1,0.96484375,13.0625,0.9999978542327881,1,159201,0.07677517361111111,159768,0.9964511041009464,0.5814617883484714,1017.2526240413063,323.4619443345205,969.5935457778577,315.2629321966439,1,153236,0.951231240983494,0.0002864650216330482,2,0.21370846033096313
TRAIN,82a3db34,106,1,2,4,1080,1920,1,0.93359375,12.1875,0.9999948740005493,1,42617,0.020552179783950617,34141,1.2482645499546001,0.4936111410214996,1029.7757467677218,624.9957997982026,996.8400886481162,609.7206599359764,1,43325,0.930977149661851,0.0009812890662932317,1,0.26468339562416077
TRAIN,82a3db34,106,2,3,4,1080,1920,1,0.90234375,9.9375,0.9999517202377319,1,23448,0.011307870370370371,14911,1.5725303467238951,0.3051314142678348,1539.8582395087,749.8869413169567,1490.2936365959622,725.8134849646477,1,25006,0.887720118435406,0.0,1,0.4659380316734314
TRAIN,82a3db34,106,3,4,4,1080,1920,1,0.84375,9.625,0.9999339580535889,1,7240,0.0034915123456790123,6255,1.1574740207833734,0.17485983586576745,1255.9969613259668,669.7551104972375,1226.4296994043495,643.9228424989611,1,8122,0.8149810964083176,0.002319219790675547,2,0.2784076929092407
TRAIN,82a3db34,107,0,1,4,1080,1920,1,0.96875,12.5625,0.999996542930603,1,162493,0.07836275077160494,159768,1.0170559811727005,0.5819097355402787,1053.7580880407156,337.5682398626402,1017.2526240413063,323.4619443345205,1,156408,0.9510614866931784,0.001909249902837155,2,0.23011831939220428
TRAIN,82a3db34,107,1,2,4,1080,1920,1,0.92578125,12.0625,0.9999942779541016,1,43166,0.02081693672839506,34141,1.2643449225271668,0.4785074112375043,1048.7501737478572,646.4792197562897,1029.7757467677218,624.9957997982026,1,43740,0.9366239554317549,0.0004963027948364457,1,0.2488333135843277
TRAIN,82a3db34,107,2,3,4,1080,1920,1,0.921875,10.375,0.9999687671661377,1,25668,0.012378472222222223,14911,1.7214137214137215,0.3326821326821327,1577.553373850709,774.6907043789932,1539.8582395087,749.8869413169567,1,26086,0.9156086908242959,0.0,1,0.34655889868736267
TRAIN,82a3db34,107,3,4,4,1080,1920,1,0.85546875,10.5,0.9999724626541138,1,8162,0.0039361496913580245,6255,1.3048760991207033,0.2134247222878752,1271.9217103651065,697.5562362166136,1255.9969613259668,669.7551104972375,1,8298,0.8772810218978102,0.003577160314790108,2,0.29630550742149353
TRAIN,82a3db34,108,0,1,4,1080,1920,1,0.96484375,12.6875,0.9999969005584717,1,157684,0.07604359567901235,159768,0.9869560863251715,0.6550549484632006,1077.064629258517,349.2996372491819,1053.7580880407156,337.5682398626402,1,156568,0.9668039404673985,0.0004377616117497184,2,0.21968989074230194
TRAIN,82a3db34,108,1,2,4,1080,1920,1,0.9296875,12.5625,0.999996542930603,1,44695,0.021554301697530864,34141,1.3091297853021293,0.5483751586070774,1061.6489316478353,664.4133571987918,1048.7501737478572,646.4792197562897,1,45712,0.9130112782750376,0.0012921832278362485,4,0.2886928617954254
TRAIN,82a3db34,108,2,3,4,1080,1920,1,0.91796875,10.3125,0.9999667406082153,1,24854,0.011985918209876543,14911,1.6668231506941185,0.3783488841599825,1600.355194334916,799.6840749979882,1577.553373850709,774.6907043789932,1,25858,0.9068245910885505,0.0,1,0.434492290019989
TRAIN,82a3db34,108,3,4,4,1080,1920,1,0.84375,10.5625,0.9999741315841675,1,8232,0.003969907407407407,6255,1.3160671462829736,0.2541309669522644,1276.553814382896,724.2638483965014,1271.9217103651065,697.5562362166136,1,8772,0.8739255014326648,0.0014852220406950838,2,0.23898868262767792
TRAIN,82a3db34,109,0,1,4,1080,1920,1,0.96484375,12.6875,0.9999969005584717,1,157962,0.07617766203703703,159768,0.9886961093585699,0.7887477190556607,1085.021017713121,356.11543915625276,1077.064629258517,349.2996372491819,1,158423,0.9705831059954906,0.0005072991981717528,2,0.21032623946666718
TRAIN,82a3db34,109,1,2,4,1080,1920,1,0.93359375,12.5,0.9999963045120239,1,46112,0.022237654320987656,34141,1.350634134911104,0.7340831837451781,1059.2596504163776,672.9542418459404,1061.6489316478353,664.4133571987918,1,45177,0.9234934681837337,0.001213436046404736,4,0.2693037986755371
TRAIN,82a3db34,109,2,3,4,1080,1920,1,0.91796875,10.25,0.9999645948410034,1,25051,0.012080922067901234,14911,1.6800348735832606,0.6133777317987844,1610.2501696539061,810.3195481218314,1600.355194334916,799.6840749979882,1,26344,0.895864841934413,0.0,1,0.3984576165676117
TRAIN,82a3db34,109,3,4,4,1080,1920,1,0.85546875,10.8125,0.9999798536300659,1,7459,0.0035971257716049384,6255,1.1924860111910471,0.38307624504186866,1276.2322027081377,740.1792465477946,1276.553814382896,724.2638483965014,1,8345,0.8625810253388332,0.00020902612826603325,2,0.22254247963428497
TRAIN,82a3db34,110,0,1,4,1080,1920,1,0.96484375,13.0,0.9999977350234985,1,164941,0.07954330632716049,159768,1.032378198387662,0.9046279256323141,1083.3595346214706,354.4075881678903,1085.021017713121,356.11543915625276,1,159279,0.956184649543565,0.0004960692418172197,2,0.21078097820281982
TRAIN,82a3db34,110,1,2,4,1080,1920,1,0.94140625,12.375,0.9999958276748657,1,47334,0.022826967592592593,34141,1.3864268767757242,0.803628643119089,1049.4015084294588,675.1625892593062,1059.2596504163776,672.9542418459404,1,46828,0.9328365868177433,0.0005859791178350735,1,0.31377488374710083
TRAIN,82a3db34,110,2,3,4,1080,1920,1,0.9375,10.75,0.9999785423278809,1,25641,0.01236545138888889,14911,1.7196029776674937,0.8550151864456399,1613.3201123201122,812.7583557583557,1610.2501696539061,810.3195481218314,1,26069,0.9146178909952607,0.0,1,0.3689245879650116
TRAIN,82a3db34,110,3,4,4,1080,1920,1,0.84375,10.75,0.9999785423278809,1,7651,0.003689718364197531,6255,1.223181454836131,0.4405567737629898,1263.7941445562672,748.9415762645406,1276.2322027081377,740.1792465477946,1,8394,0.839601008942903,0.0019679246671080704,2,0.24351423978805542
TRAIN,82a3db34,111,0,1,4,1080,1920,1,0.96484375,12.8125,0.9999972581863403,1,167283,0.08067274305555555,159768,1.0470369535826949,0.8365875771178383,1077.9963893521756,349.09894011943834,1083.3595346214706,354.4075881678903,1,162415,0.9596885401806943,0.00030234105000720966,2,0.22503966093063354
TRAIN,82a3db34,111,1,2,4,1080,1920,1,0.9375,12.3125,0.9999954700469971,1,48195,0.0232421875,34141,1.4116458217392578,0.7000765247103629,1031.4454403983816,672.703599958502,1049.4015084294588,675.1625892593062,1,47771,0.940471135375594,0.0017299224156007548,4,0.31944069266319275
TRAIN,82a3db34,111,2,3,4,1080,1920,1,0.92578125,10.5625,0.9999741315841675,1,24329,0.011732735339506173,14911,1.6316142445174704,0.8350409459806838,1607.2035841999261,811.3691890336635,1613.3201123201122,812.7583557583557,1,26544,0.897892184293975,0.0,1,0.3565228581428528
TRAIN,82a3db34,111,3,4,4,1080,1920,1,0.85546875,10.8125,0.9999798536300659,1,8667,0.0041796875,6255,1.385611510791367,0.4792856495331339,1237.3492557978539,749.6546671281874,1263.7941445562672,748.9415762645406,1,9132,0.8587092731829574,0.00033676598309080277,2,0.27613145112991333
TRAIN,82a3db34,112,0,1,4,1080,1920,1,0.96484375,13.25,0.9999982118606567,1,168264,0.08114583333333333,159768,1.053177106804867,0.7042704915534878,1056.8343139352446,341.949811011268,1077.9963893521756,349.09894011943834,1,162881,0.9585455147654619,0.0004532777065998159,2,0.23472119867801666
TRAIN,82a3db34,112,1,2,4,1080,1920,1,0.92578125,12.0625,0.9999942779541016,1,49283,0.02376687885802469,34141,1.4435136639231423,0.5705033189405169,1004.3646287766572,663.6101495444676,1031.4454403983816,672.703599958502,1,48037,0.9074498735814664,0.005902148589179394,4,0.32843178510665894
TRAIN,82a3db34,112,2,3,4,1080,1920,1,0.9375,10.8125,0.9999798536300659,1,26076,0.01257523148148148,14911,1.7487760713567164,0.58665953160413,1591.9366083755176,802.5478217518024,1607.2035841999261,811.3691890336635,1,26378,0.9291651342405296,0.0,1,0.3662899136543274
TRAIN,82a3db34,112,3,4,4,1080,1920,1,0.8359375,11.375,0.9999885559082031,1,9382,0.004524498456790123,6255,1.499920063948841,0.43098390549433124,1201.478682583671,743.9227243658069,1237.3492557978539,749.6546671281874,1,9004,0.8454280839104688,0.0010634959377942047,2,0.317752867937088
TRAIN,82a3db34,113,0,1,4,1080,1920,1,0.9609375,13.3125,0.9999983310699463,1,167075,0.08057243441358025,159768,1.045735065845476,0.7093347469938475,1031.1835882088883,338.44521921292835,1056.8343139352446,341.949811011268,1,162157,0.9565581710455159,0.00026388888888888886,2,0.22173325717449188
TRAIN,82a3db34,113,1,2,4,1080,1920,1,0.93359375,11.625,0.9999910593032837,1,48882,0.02357349537037037,34141,1.4317682551770599,0.5518685974453016,969.920522891862,653.6832985557056,1004.3646287766572,663.6101495444676,1,48982,0.93307786512859,0.0008583975945897239,1,0.35607558488845825
TRAIN,82a3db34,113,2,3,4,1080,1920,1,0.9375,10.8125,0.9999798536300659,1,25006,0.012059220679012345,14911,1.677016967339548,0.5632880401517933,1567.2548588338798,796.8980244741263,1591.9366083755176,802.5478217518024,1,25201,0.9176151554503094,0.0,1,0.38315194845199585
TRAIN,82a3db34,113,3,4,4,1080,1920,1,0.85546875,11.1875,0.9999861717224121,1,8835,0.004260706018518519,6255,1.4124700239808154,0.44774696018437576,1167.6282965478213,741.3787209960385,1201.478682583671,743.9227243658069,1,9397,0.8657388456815391,0.0,1,0.3994939923286438
TRAIN,82a3db34,114,0,1,4,1080,1920,1,0.96484375,13.1875,0.9999980926513672,1,169715,0.0818455825617284,159768,1.0622590255871014,0.628696472181251,991.4998556403382,332.37813982264385,1031.1835882088883,338.44521921292835,1,165603,0.9639330436106783,0.0003058941697484363,2,0.23210908472537994
TRAIN,82a3db34,114,1,2,4,1080,1920,1,0.93359375,11.3125,0.9999877214431763,1,50846,0.024520640432098766,34141,1.4892943967663512,0.5184846823801693,930.7747708767652,643.0899579121268,969.920522891862,653.6832985557056,1,49382,0.9157460147559158,0.0011331890251799228,1,0.30324748158454895
TRAIN,82a3db34,114,2,3,4,1080,1920,1,0.94140625,10.0,0.9999545812606812,1,24601,0.011863908179012346,14911,1.6498558111461337,0.49391676203095825,1530.5966424129101,790.794805089224,1567.2548588338798,796.8980244741263,1,25114,0.9366965329178029,0.0,1,0.38841497898101807
TRAIN,82a3db34,114,3,4,4,1080,1920,1,0.84375,11.0625,0.9999842643737793,1,8612,0.0041531635802469135,6255,1.3768185451638688,0.3817217074522848,1124.756967022759,738.131328379006,1167.6282965478213,741.3787209960385,1,9411,0.83402869644856,0.0,1,0.3094547390937805
TRAIN,82a3db34,115,0,1,4,1080,1920,1,0.96484375,13.0625,0.9999978542327881,1,172432,0.08315586419753086,159768,1.079264934154524,0.6632654053318295,962.1716328755683,327.53108471745384,991.4998556403382,332.37813982264385,1,167508,0.9615242579513457,0.0004577219044856747,2,0.24279436469078064
TRAIN,82a3db34,115,1,2,4,1080,1920,1,0.93359375,11.75,0.9999921321868896,1,51717,0.024940682870370372,34141,1.514806244691134,0.540169990389236,894.666647330665,632.4146992284935,930.7747708767652,643.0899579121268,1,48327,0.8810566889160477,0.0013566103924577944,1,0.2621592581272125
TRAIN,82a3db34,115,2,3,4,1080,1920,1,0.92578125,10.0,0.9999545812606812,1,23143,0.011160783179012345,14911,1.5520756488498424,0.5149611296208155,1502.6485762433565,785.6103357386683,1530.5966424129101,790.794805089224,1,24052,0.9336665710656779,0.0,1,0.32686886191368103
TRAIN,82a3db34,115,3,4,4,1080,1920,1,0.84375,11.0,0.9999833106994629,1,8792,0.004239969135802469,6255,1.405595523581135,0.42433914395613387,1087.2451091901728,735.2328252957234,1124.756967022759,738.131328379006,1,9550,0.8436023720976983,0.0,1,0.3676513731479645
TRAIN,82a3db34,116,0,1,4,1080,1920,1,0.96484375,13.3125,0.9999983310699463,1,176490,0.08511284722222222,159768,1.1046642631816133,0.6775741374668256,929.0002323077795,325.3643095926115,962.1716328755683,327.53108471745384,1,171176,0.9604046373150488,0.0003321082229996015,2,0.2227666825056076
TRAIN,82a3db34,116,1,2,4,1080,1920,1,0.9296875,11.75,0.9999921321868896,1,49456,0.02385030864197531,34141,1.4485808851527489,0.530697772936335,855.0574045616305,623.1120996441281,894.666647330665,632.4146992284935,1,49415,0.9090382498889769,0.0017525857450305566,1,0.283349871635437
TRAIN,82a3db34,116,2,3,4,1080,1920,1,0.9375,10.3125,0.9999667406082153,1,24166,0.011654128086419753,14911,1.620682717456911,0.4835058011915961,1471.5506910535464,777.6070098485476,1502.6485762433565,785.6103357386683,1,24225,0.9426334805299077,0.0,1,0.35157114267349243
TRAIN,82a3db34,116,3,4,4,1080,1920,1,0.84375,11.8125,0.9999926090240479,1,9482,0.004572723765432099,6255,1.5159072741806554,0.40818370964013256,1049.123391689517,728.46150601139,1087.2451091901728,735.2328252957234,1,9966,0.8837659821774506,0.0,1,0.38943493366241455
TRAIN,82a3db34,117,0,1,4,1080,1920,1,0.96484375,14.0625,0.9999991655349731,1,178394,0.08603105709876543,159768,1.1165815432376947,0.7591331330735905,908.6791427962823,323.4125082682153,929.0002323077795,325.3643095926115,1,172982,0.9573301841598058,0.0001139795976520203,2,0.24023005366325378
TRAIN,82a3db34,117,1,2,4,1080,1920,1,0.93359375,11.375,0.9999885559082031,1,50046,0.024134837962962962,34141,1.4658621598664363,0.5881442229422374,826.980158254406,615.9135994884706,855.0574045616305,623.1120996441281,1,49743,0.9214950031771706,0.001963241999901164,1,0.21112602949142456
TRAIN,82a3db34,117,2,3,4,1080,1920,1,0.94140625,10.0625,0.9999573230743408,1,23747,0.011452064043209876,14911,1.5925826570987862,0.6042120065624268,1454.229376342275,773.0522171221628,1471.5506910535464,777.6070098485476,1,24202,0.9334274193548387,0.0,1,0.373219758272171
TRAIN,82a3db34,117,3,4,4,1080,1920,1,0.8359375,11.4375,0.9999892711639404,1,10236,0.004936342592592593,6255,1.636450839328537,0.5128126438545343,1023.0659437280187,728.4473427119968,1049.123391689517,728.46150601139,1,9812,0.8384227418615314,0.0,1,0.32815468311309814
TRAIN,82a3db34,118,0,1,4,1080,1920,1,0.96875,13.8125,0.9999990463256836,1,180796,0.08718942901234568,159768,1.1316158429723098,0.7464214866389203,884.9715203876192,329.9423106705901,908.6791427962823,323.4125082682153,1,175868,0.9606403096002463,0.00014477748139828724,2,0.24096816778182983
TRAIN,82a3db34,118,1,2,4,1080,1920,1,0.9375,11.125,0.9999852180480957,1,49758,0.023995949074074076,34141,1.4574265545824667,0.6412702067128221,799.566039631818,615.8821897986253,826.980158254406,615.9135994884706,1,47173,0.9012788827429289,0.0018872029875533413,1,0.19696813821792603
TRAIN,82a3db34,118,2,3,4,1080,1920,1,0.94140625,9.9375,0.9999517202377319,1,24327,0.011731770833333334,14911,1.6314801153510832,0.6522546054440473,1435.2853208369302,773.0635507871912,1454.229376342275,773.0522171221628,1,24815,0.938158154210215,0.0,1,0.29797258973121643
TRAIN,82a3db34,118,3,4,4,1080,1920,1,0.859375,11.125,0.9999852180480957,1,9697,0.004676408179012346,6255,1.5502797761790568,0.41670220326936747,995.558832628648,733.1018871816026,1023.0659437280187,728.4473427119968,1,10739,0.8502489814395654,0.0,1,0.37572479248046875
TRAIN,82a3db34,119,0,1,4,1080,1920,1,0.96484375,13.5,0.9999985694885254,1,183878,0.08867573302469135,159768,1.1509063141555256,0.7098929541010817,855.5462426173876,341.2469300296936,884.9715203876192,329.9423106705901,1,178975,0.9618553802567125,0.000377326129834491,2,0.3254408836364746
TRAIN,82a3db34,119,1,2,4,1080,1920,1,0.93359375,11.3125,0.9999877214431763,1,47979,0.02313802083333333,34141,1.4053191177762807,0.623888879658398,776.3507784655787,623.1389774693095,799.566039631818,615.8821897986253,1,49430,0.9151249434756109,0.001522446151741546,1,0.2588537335395813
TRAIN,82a3db34,119,2,3,4,1080,1920,1,0.94140625,10.4375,0.9999706745147705,1,24267,0.011702835648148148,14911,1.6274562403594661,0.5868983084057213,1415.7059381052459,777.8734907487534,1435.2853208369302,773.0635507871912,1,24390,0.9429381463882123,0.0,1,0.38074028491973877
TRAIN,82a3db34,119,3,4,4,1080,1920,1,0.85546875,11.0625,0.9999842643737793,1,8817,0.004252025462962963,6255,1.4095923261390888,0.33684742580691746,972.7140750822275,743.278099126687,995.558832628648,733.1018871816026,1,9576,0.8411411411411411,0.0,1,0.3357815742492676
TRAIN,82a3db34,120,0,1,4,1080,1920,1,0.96875,13.3125,0.9999983310699463,1,186098,0.08974633487654321,159768,1.1648014621200742,0.6337222138813576,819.3071661167771,358.84353942546403,855.5462426173876,341.2469300296936,1,182601,0.9670555973473753,0.0005631584295924934,2,0.33891478180885315
TRAIN,82a3db34,120,1,2,4,1080,1920,1,0.9375,11.5625,0.9999904632568359,1,50245,0.024230806327160494,34141,1.4716909287952902,0.5162938606647216,736.1496666334958,635.258095332869,776.3507784655787,623.1389774693095,1,50203,0.9393003320719747,0.001953595648731454,1,0.24856027960777283
TRAIN,82a3db34,120,2,3,4,1080,1920,1,0.93359375,10.25,0.9999645948410034,1,23957,0.011553337191358025,14911,1.6066662195694454,0.477088948787062,1390.7510539716993,786.9719914847435,1415.7059381052459,777.8734907487534,1,24016,0.9467981495008522,0.0,1,0.3121650218963623
TRAIN,82a3db34,120,3,4,4,1080,1920,1,0.8671875,10.5625,0.9999741315841675,1,9147,0.004411168981481481,6255,1.4623501199040767,0.25438167725717475,938.6971684705368,760.1070296272002,972.7140750822275,743.278099126687,1,9428,0.8794900333906709,0.0,1,0.3139471709728241
TRAIN,82a3db34,121,0,1,4,1080,1920,1,0.96484375,13.5,0.9999985694885254,1,190867,0.09204619984567901,159768,1.1946509939412147,0.6636289012851292,784.833124636527,373.7269564670687,819.3071661167771,358.84353942546403,1,186860,0.9680764040494563,0.002538356227087174,2,0.2654689848423004
TRAIN,82a3db34,121,1,2,4,1080,1920,1,0.9375,11.6875,0.9999916553497314,1,51046,0.024617091049382717,34141,1.49515245599133,0.5430116535912864,704.3828703522313,647.7661520981076,736.1496666334958,635.258095332869,1,50056,0.9325254224329077,0.0013468807084592526,1,0.21938085556030273
TRAIN,82a3db34,121,2,3,4,1080,1920,1,0.9375,10.1875,0.999962329864502,1,23999,0.011573591820987654,14911,1.6094829320635773,0.47588711414766255,1366.8235759823326,797.5229801241718,1390.7510539716993,786.9719914847435,1,24141,0.942460557640318,0.0,1,0.3364764153957367
TRAIN,82a3db34,121,3,4,4,1080,1920,1,0.86328125,10.9375,0.9999822378158569,1,9993,0.004819155092592593,6255,1.597601918465228,0.27159181504119057,909.7242069448614,776.4905433803663,938.6971684705368,760.1070296272002,1,10199,0.8863976083707026,0.0,1,0.3726009130477905
TRAIN,82a3db34,122,0,1,4,1080,1920,1,0.96875,14.0625,0.9999991655349731,1,195110,0.09409239969135802,159768,1.2212082519653498,0.6837024467486467,755.8399979498744,388.29224540003077,784.833124636527,373.7269564670687,1,190986,0.9663561682904594,0.001455769809448678,2,0.2774558961391449
TRAIN,82a3db34,122,1,2,4,1080,1920,1,0.94921875,11.0,0.9999833106994629,1,51121,0.024653260030864196,34141,1.497349228200697,0.5508751157460116,674.8383834432034,661.3188709141058,704.3828703522313,647.7661520981076,1,51166,0.9439914856415227,0.0016839056681836988,1,0.2368461936712265
TRAIN,82a3db34,122,2,3,4,1080,1920,1,0.93359375,10.375,0.9999687671661377,1,24352,0.011743827160493827,14911,1.6331567299309235,0.46713800218473117,1344.8777102496715,808.7518478975032,1366.8235759823326,797.5229801241718,1,24175,0.9504421221864952,0.0,1,0.3110317587852478
TRAIN,82a3db34,122,3,4,4,1080,1920,1,0.86328125,11.0,0.9999833106994629,1,9800,0.00472608024691358,6255,1.5667466027178258,0.2976463646495771,884.6311224489796,793.5115306122449,909.7242069448614,776.4905433803663,1,10975,0.8337893900609057,0.0,1,0.32875025272369385
TRAIN,82a3db34,123,0,1,4,1080,1920,1,0.96484375,14.0625,0.9999991655349731,1,199696,0.09630401234567901,159768,1.2499123729407642,0.7001890505699508,725.9798243329861,402.31339636247094,755.8399979498744,388.29224540003077,1,194739,0.959867035020074,0.0015115293893023496,2,0.3016873598098755
TRAIN,82a3db34,123,1,2,4,1080,1920,1,0.9453125,11.375,0.9999885559082031,1,52213,0.025179880401234568,34141,1.5293342315690812,0.5521441982726248,641.2217646946162,674.4775056020532,674.8383834432034,661.3188709141058,1,52085,0.9403557076945974,0.0014842691799210011,1,0.2296142429113388
TRAIN,82a3db34,123,2,3,4,1080,1920,1,0.9296875,10.125,0.9999599456787109,1,23551,0.011357542438271605,14911,1.5794379987928375,0.4315641623333931,1322.3818096896098,823.4834614241433,1344.8777102496715,808.7518478975032,1,23951,0.9422660179089831,0.0,1,0.34212589263916016
TRAIN,82a3db34,123,3,4,4,1080,1920,1,0.859375,11.1875,0.9999861717224121,1,9747,0.0047005208333333335,6255,1.558273381294964,0.2624814312471743,854.3368215861291,811.0003077870114,884.6311224489796,793.5115306122449,1,10442,0.8581684307409112,0.0,1,0.35676708817481995
TRAIN,82a3db34,124,0,1,4,1080,1920,1,0.96875,13.8125,0.9999990463256836,1,201083,0.09697289737654322,159768,1.2585937108807772,0.7465800884666507,702.2163882575852,412.662776067594,725.9798243329861,402.31339636247094,1,198179,0.9692330456226881,0.0008009184917481723,2,0.27907222509384155
TRAIN,82a3db34,124,1,2,4,1080,1920,1,0.94921875,11.375,0.9999885559082031,1,53124,0.02561921296296296,34141,1.5560176913388595,0.6226412187870666,613.5343912355997,679.8898991039831,641.2217646946162,674.4775056020532,1,52579,0.9282886695733076,0.0020175679932375587,1,0.22539538145065308
TRAIN,82a3db34,124,2,3,4,1080,1920,1,0.9375,10.0,0.9999545812606812,1,24482,0.011806520061728396,14911,1.6418751257460935,0.4857098669965976,1303.8367371946736,834.278776243771,1322.3818096896098,823.4834614241433,1,24733,0.9428763175555643,0.0,1,0.3308762311935425
TRAIN,82a3db34,124,3,4,4,1080,1920,1,0.875,11.3125,0.9999877214431763,1,10740,0.005179398148148148,6255,1.7170263788968825,0.3754279959718026,831.153165735568,820.4542830540038,854.3368215861291,811.0003077870114,1,10874,0.899630866584637,0.0,1,0.34182119369506836
TRAIN,82a3db34,125,0,1,4,1080,1920,1,0.96875,13.625,0.9999988079071045,1,203127,0.09795862268518518,159768,1.2713872615292174,0.8621096323322783,688.1423542906655,410.86096383051,702.2163882575852,412.662776067594,1,197407,0.9651648292340678,0.0010830877418797852,2,0.26973915100097656
TRAIN,82a3db34,125,1,2,4,1080,1920,1,0.9453125,11.3125,0.9999877214431763,1,52864,0.025493827160493827,34141,1.5484022143463871,0.6497470620281734,596.790273153753,674.041313559322,613.5343912355997,679.8898991039831,1,51976,0.9331403389080449,0.0019256175187157211,1,0.23368705809116364
TRAIN,82a3db34,125,2,3,4,1080,1920,1,0.9375,10.0,0.9999545812606812,1,24165,0.011653645833333334,14911,1.6206156528737174,0.664055551754806,1292.8436995654872,837.9417339126836,1303.8367371946736,834.278776243771,1,24409,0.9445156124899919,0.0,1,0.3058423697948456
TRAIN,82a3db34,125,3,4,4,1080,1920,1,0.88671875,11.125,0.9999852180480957,1,10756,0.0051871141975308645,6255,1.7195843325339728,0.5767622680261131,816.0975269616958,822.957698029007,831.153165735568,820.4542830540038,1,10750,0.9060533546042719,0.0,1,0.3084586262702942
TRAIN,82a3db34,126,0,1,4,1080,1920,1,0.97265625,13.5625,0.9999986886978149,1,205877,0.0992848186728395,159768,1.2885997195934105,0.8464108201324527,678.9730858716613,402.96381334486125,688.1423542906655,410.86096383051,1,201063,0.9686898300000968,0.000850767624424765,2,0.33284759521484375
TRAIN,82a3db34,126,1,2,4,1080,1920,1,0.94921875,11.375,0.9999885559082031,1,53221,0.02566599151234568,34141,1.558858850062974,0.5969441517386723,578.4588038556209,664.0158396121832,596.790273153753,674.041313559322,1,52933,0.940835542554164,0.001839908280375231,1,0.2873768210411072
TRAIN,82a3db34,126,2,3,4,1080,1920,1,0.9375,10.375,0.9999687671661377,1,24171,0.011656539351851852,14911,1.621018040372879,0.7383923754720374,1282.7713375532662,838.0544454097886,1292.8436995654872,837.9417339126836,1,24142,0.9455160471952644,0.0,1,0.3026784658432007
TRAIN,82a3db34,126,3,4,4,1080,1920,1,0.890625,11.3125,0.9999877214431763,1,11011,0.005310088734567901,6255,1.7603517186250999,0.5798374219770649,802.4814276632459,819.7351739169922,816.0975269616958,822.957698029007,1,11041,0.8881753574792363,0.0,1,0.34581631422042847
TRAIN,82a3db34,127,0,1,4,1080,1920,1,0.96875,14.0,0.9999991655349731,1,202840,0.09782021604938272,159768,1.2695909068148816,0.8480351595881771,672.313197594163,394.7880151843818,678.9730858716613,402.96381334486125,1,202853,0.9789998975604759,0.0001848486993730876,2,0.2579158544540405
TRAIN,82a3db34,127,1,2,4,1080,1920,1,0.94921875,11.4375,0.9999892711639404,1,51901,0.025029417438271605,34141,1.5201956591781143,0.5637802537821877,566.8434904915127,649.6285042677405,578.4588038556209,664.0158396121832,1,51469,0.9345722680740366,0.002672439240381777,1,0.26664215326309204
TRAIN,82a3db34,127,2,3,4,1080,1920,1,0.94140625,9.9375,0.9999517202377319,1,24200,0.011670524691358024,14911,1.622962913285494,0.7206531018782015,1273.3152066115701,836.0365702479339,1282.7713375532662,838.0544454097886,1,24078,0.949444780940844,0.0,1,0.34474945068359375
TRAIN,82a3db34,127,3,4,4,1080,1920,1,0.890625,11.375,0.9999885559082031,1,10870,0.005242091049382716,6255,1.7378097521982414,0.5274694589877836,790.8329346826127,813.2049678012879,802.4814276632459,819.7351739169922,1,10899,0.8919694072657743,0.0,1,0.3356817662715912
TRAIN,82a3db34,128,0,1,4,1080,1920,1,0.97265625,13.5,0.9999985694885254,1,207462,0.10004918981481481,159768,1.2985203545140453,0.8294348977608147,670.0297259257117,388.25690005880597,672.313197594163,394.7880151843818,1,203570,0.9712724988130123,0.00031581902400224584,2,0.3031730651855469
TRAIN,82a3db34,128,1,2,4,1080,1920,1,0.953125,11.625,0.9999910593032837,1,49380,0.02381365740740741,34141,1.446354822647257,0.5379861206019467,552.5112191170514,635.2758404212232,566.8434904915127,649.6285042677405,1,49095,0.9432659102121361,0.0026041150566999483,1,0.3006066083908081
TRAIN,82a3db34,128,2,3,4,1080,1920,1,0.9375,9.75,0.9999417066574097,1,24154,0.011648341049382716,14911,1.6198779424585876,0.6619350403849459,1260.2877370207832,833.2912975076592,1273.3152066115701,836.0365702479339,1,24162,0.9492475894622181,0.0,1,0.36160728335380554
TRAIN,82a3db34,128,3,4,4,1080,1920,1,0.89453125,11.5,0.9999898672103882,1,11109,0.005357349537037037,6255,1.7760191846522781,0.49618788291354665,778.1113511567198,805.1557295886219,790.8329346826127,813.2049678012879,1,11215,0.8699949740325013,0.0,1,0.3379773795604706
TRAIN,82a3db34,129,0,1,4,1080,1920,1,0.97265625,13.5,0.9999985694885254,1,209116,0.10084683641975309,159768,1.3088728656552,0.8856765210463658,664.8397014097438,385.71920369555653,670.0297259257117,388.25690005880597,1,204730,0.9702448964046313,0.00029579120254691793,2,0.3359852433204651
TRAIN,82a3db34,129,1,2,4,1080,1920,1,0.94921875,11.625,0.9999910593032837,1,46342,0.022348572530864197,34141,1.3573709030198295,0.5633697001371921,538.1590997367399,622.4812265331665,552.5112191170514,635.2758404212232,1,47898,0.9297239741174543,0.0027557891541724246,1,0.256728857755661
TRAIN,82a3db34,129,2,3,4,1080,1920,1,0.9375,9.625,0.9999339580535889,1,24085,0.011615065586419754,14911,1.6152504862182282,0.6661140469036024,1247.1205729707287,830.0087191197841,1260.2877370207832,833.2912975076592,1,24019,0.945325137495956,0.0,1,0.3321816325187683
TRAIN,82a3db34,129,3,4,4,1080,1920,1,0.90234375,11.375,0.9999885559082031,1,11512,0.005551697530864198,6255,1.8404476418864908,0.5245316080334277,766.335128561501,797.5952050034747,778.1113511567198,805.1557295886219,1,11413,0.8737229260318757,0.0,1,0.3320750296115875
TRAIN,82a3db34,130,0,1,4,1080,1920,1,0.97265625,13.75,0.999998927116394,1,211420,0.10195794753086419,159768,1.323293775975164,0.9121965415168036,658.3591760476776,383.29886008892254,664.8397014097438,385.71920369555653,1,207987,0.9721023181454836,0.0011547163922914878,2,0.29139190912246704
TRAIN,82a3db34,130,1,2,4,1080,1920,1,0.94921875,11.75,0.9999921321868896,1,43661,0.02105565200617284,34141,1.2788436191089891,0.4965331471043049,521.2933739492911,605.0005954971256,538.1590997367399,622.4812265331665,1,45216,0.9239528087455352,0.0028813390455315335,1,0.3651125133037567
TRAIN,82a3db34,130,2,3,4,1080,1920,1,0.93359375,9.5,0.9999251365661621,1,24264,0.01170138888888889,14911,1.6272550466098854,0.5351325607239245,1230.7867210682493,822.2558110781405,1247.1205729707287,830.0087191197841,1,24080,0.9452760341220022,0.0,1,0.32888883352279663
TRAIN,82a3db34,130,3,4,4,1080,1920,1,0.890625,11.5625,0.9999904632568359,1,11677,0.005631269290123457,6255,1.8668265387689849,0.43221542832437776,750.8276098312923,785.4893380149011,766.335128561501,797.5952050034747,1,11651,0.8619203448000639,0.0,1,0.3290082514286041
TRAIN,82a3db34,131,0,1,4,1080,1920,1,0.97265625,13.625,0.9999988079071045,1,211456,0.1019753086419753,159768,1.3235191026989135,0.9117619135883398,650.0334916010896,380.86576876513317,658.3591760476776,383.29886008892254,1,208510,0.9729403419100549,0.0009186660968274066,2,0.3534110188484192
TRAIN,82a3db34,131,1,2,4,1080,1920,1,0.9453125,11.1875,0.9999861717224121,1,38670,0.01864872685185185,34141,1.1326557511496442,0.472405036125617,508.2354279803465,586.2959917248513,521.2933739492911,605.0005954971256,1,39137,0.9339580433485782,0.0034343614766942443,1,0.3401336371898651
TRAIN,82a3db34,131,2,3,4,1080,1920,1,0.93359375,9.625,0.9999339580535889,1,24357,0.011746238425925926,14911,1.6334920528468915,0.4679367187971741,1210.8840990269737,810.7125261731741,1230.7867210682493,822.2558110781405,1,24459,0.939374677207898,0.0,1,0.30799609422683716
TRAIN,82a3db34,131,3,4,4,1080,1920,1,0.8984375,11.4375,0.9999892711639404,1,11568,0.005578703703703704,6255,1.849400479616307,0.358562244301578,728.9861687413554,768.4259163208852,750.8276098312923,785.4893380149011,1,10990,0.8902295961119491,0.0,1,0.29242926836013794
TRAIN,82a3db34,132,0,1,4,1080,1920,1,0.97265625,13.6875,0.9999988079071045,1,213182,0.1028076774691358,159768,1.334322267287567,0.8800106255810864,640.4623936354852,377.6323329361766,650.0334916010896,380.86576876513317,1,210830,0.9743527658781896,0.001136115719148901,2,0.32993561029434204
TRAIN,82a3db34,132,1,2,4,1080,1920,1,0.93359375,10.125,0.9999599456787109,1,31369,0.015127797067901235,34141,0.9188072991417944,0.36392670055110904,496.8368134145175,562.3480506232268,508.2354279803465,586.2959917248513,1,30027,0.909911030921421,0.00634055336493915,1,0.3453960418701172
TRAIN,82a3db34,132,2,3,4,1080,1920,1,0.9296875,9.625,0.9999339580535889,1,24289,0.011713445216049383,14911,1.6289316611897258,0.3605369878338694,1188.6775083371074,791.341018568076,1210.8840990269737,810.7125261731741,1,24242,0.9403862300587741,0.0,1,0.3404993414878845
TRAIN,82a3db34,132,3,4,4,1080,1920,1,0.87890625,11.0625,0.9999842643737793,1,11841,0.005710358796296297,6255,1.8930455635491608,0.24861318540644337,705.5529938349802,741.9707794949751,728.9861687413554,768.4259163208852,1,11355,0.8832507915888609,0.0,1,0.39050132036209106
TRAIN,82a3db34,133,0,1,4,1080,1920,1,0.96875,13.75,0.999998927116394,1,217279,0.10478346836419752,159768,1.3599657002653849,0.9168659408189166,632.4978115694568,378.07966255367523,640.4623936354852,377.6323329361766,1,214687,0.973781368230585,0.0041233288502320956,2,0.3110031187534332
TRAIN,82a3db34,133,1,2,4,1080,1920,1,0.88671875,10.375,0.9999687671661377,1,20286,0.00978298611111111,34141,0.5941829471895961,0.4572460292831551,481.7696440895199,552.9171842650104,496.8368134145175,562.3480506232268,1,20886,0.8586971242833281,0.004518716120316695,1,0.3654632866382599
TRAIN,82a3db34,133,2,3,4,1080,1920,1,0.93359375,9.8125,0.9999452829360962,1,24023,0.011585165895061728,14911,1.611092482060224,0.452686652434074,1171.8622153769304,778.7549848062274,1188.6775083371074,791.341018568076,1,24481,0.9414024975984631,0.0,1,0.3299607038497925
TRAIN,82a3db34,133,3,4,4,1080,1920,1,0.875,11.5,0.9999898672103882,1,11863,0.0057209683641975305,6255,1.8965627498001598,0.36914457344192225,688.7149119109837,724.4280536120712,705.5529938349802,741.9707794949751,1,11422,0.8949381510416666,0.0,1,0.35801762342453003
TRAIN,82a3db34,134,0,1,4,1080,1920,1,0.96484375,13.625,0.9999988079071045,1,217316,0.10480131172839506,159768,1.360197286064794,0.880948362049937,630.5469914778479,387.23822912256804,632.4978115694568,378.07966255367523,1,218324,0.9665500507843359,0.002437912244188514,2,0.3323898911476135
TRAIN,82a3db34,134,1,2,4,1080,1920,1,0.76171875,10.0625,0.9999573230743408,1,7310,0.003525270061728395,34141,0.21411206467297383,0.24418394950405772,534.4287277701778,532.4151846785226,481.7696440895199,552.9171842650104,1,4725,0.4407997126780797,0.015107344022746496,1,0.4008093774318695
TRAIN,82a3db34,134,2,3,4,1080,1920,1,0.92578125,9.5,0.9999251365661621,1,24085,0.011615065586419754,14911,1.6152504862182282,0.49687295808830395,1156.8346273614284,769.5315756695038,1171.8622153769304,778.7549848062274,1,24571,0.9236182493872065,0.0,1,0.33881303668022156
TRAIN,82a3db34,134,3,4,4,1080,1920,1,0.8828125,11.3125,0.9999877214431763,1,11682,0.005633680555555556,6255,1.8676258992805754,0.3717664879981356,671.715887690464,706.7809450436569,688.7149119109837,724.4280536120712,1,11380,0.8774014978834256,0.0,1,0.3816836476325989
TRAIN,82a3db34,135,0,1,4,1080,1920,1,0.97265625,13.25,0.9999982118606567,1,222203,0.1071580825617284,159768,1.39078538881378,0.8340420204886394,629.368743896347,399.6131105340612,630.5469914778479,387.23822912256804,1,218216,0.9720989589163774,0.008234337005524018,2,0.3195323050022125
TRAIN,82a3db34,135,1,2,4,1080,1920,1,0.546875,7.0625,0.9991440773010254,1,2235,0.001077835648148148,34141,0.0654638118391377,0.07694911429538531,348.78165548098434,516.621029082774,534.4287277701778,532.4151846785226,1,2112,0.4933012710408794,0.003304130162703379,1,0.3201037049293518
TRAIN,82a3db34,135,2,3,4,1080,1920,1,0.92578125,9.5,0.9999251365661621,1,25380,0.012239583333333333,14911,1.7020991214539603,0.62196281601469,1141.9922379826635,762.6294326241135,1156.8346273614284,769.5315756695038,1,24981,0.9145029462079453,0.0,1,0.31835052371025085
TRAIN,82a3db34,135,3,4,4,1080,1920,1,0.890625,11.75,0.9999921321868896,1,11358,0.005477430555555556,6255,1.8158273381294965,0.4831026713871902,658.7086634970946,696.5627751364677,671.715887690464,706.7809450436569,1,11516,0.8779967159277504,0.0,1,0.3422219455242157
TRAIN,82a3db34,136,0,1,4,1080,1920,1,0.97265625,12.625,0.9999966621398926,1,223230,0.10765335648148149,159768,1.3972134595162986,0.7762965326102127,629.1562379608475,416.57438964296915,629.368743896347,399.6131105340612,1,218037,0.9683953679252016,0.009723036703120594,2,0.25611311197280884
TRAIN,82a3db34,136,1,2,4,1080,1920,1,0.66796875,6.09375,0.9977481961250305,1,1708,0.0008236882716049382,34141,0.05002782578131865,0.09741163373225717,182.87295081967213,482.4490632318501,348.78165548098434,516.621029082774,1,2329,0.7134974533106961,7.736838272773611e-05,1,0.36549511551856995
TRAIN,82a3db34,136,2,3,4,1080,1920,1,0.92578125,9.3125,0.9999097585678101,1,24445,0.011788676697530864,14911,1.6393937361679298,0.6066361408487038,1121.8554714665577,761.8154632849254,1141.9922379826635,762.6294326241135,1,24406,0.9210743639152149,0.0,1,0.3345593214035034
TRAIN,82a3db34,136,3,4,4,1080,1920,1,0.87890625,11.375,0.9999885559082031,1,12290,0.005926890432098765,6255,1.964828137490008,0.41528517565383927,641.5641171684296,686.06672091131,658.7086634970946,696.5627751364677,1,10925,0.8322809786898184,0.0,1,0.3774394094944
TRAIN,82a3db34,137,0,1,4,1080,1920,1,0.95703125,12.75,0.9999971389770508,1,228570,0.11022858796296296,159768,1.4306369235391316,0.8318493650561962,615.7036618978868,431.4041606510041,629.1562379608475,416.57438964296915,1,219993,0.9527360585085543,0.02685981063746237,2,0.2891438901424408
TRAIN,82a3db34,137,1,2,4,1080,1920,1,0.7734375,7.09375,0.9991704225540161,1,5710,0.00275366512345679,34141,0.16724759087314373,0.1929880990672242,188.31628721541156,510.14063047285464,182.87295081967213,482.4490632318501,1,6776,0.7763551002987623,0.0006251052925581437,1,0.4298989474773407
TRAIN,82a3db34,137,2,3,4,1080,1920,1,0.9296875,9.125,0.9998910427093506,1,23633,0.011397087191358025,14911,1.584937294614714,0.6227765214162757,1103.1508060762494,763.9235391190285,1121.8554714665577,761.8154632849254,1,23967,0.920284008391157,0.0,1,0.3681573271751404
TRAIN,82a3db34,137,3,4,4,1080,1920,1,0.875,11.1875,0.9999861717224121,1,11609,0.005598476080246914,6255,1.855955235811351,0.4587682353659281,614.6433801361013,680.1410974244121,641.5641171684296,686.06672091131,1,11094,0.8800099370652534,0.0,1,0.36922788619995117
TRAIN,82a3db34,138,0,1,4,1080,1920,1,0.96484375,12.6875,0.9999969005584717,1,223326,0.10769965277777778,159768,1.3978143307796305,0.8241693477093737,615.6103230255321,440.7341912719522,615.7036618978868,431.4041606510041,1,222600,0.9770692842796909,0.002437192149765671,2,0.31290537118911743
TRAIN,82a3db34,138,1,2,4,1080,1920,1,0.828125,7.96875,0.9996540546417236,1,11344,0.005470679012345679,34141,0.33226911924079555,0.3669445335043283,181.76128349788434,512.2745944992948,188.31628721541156,510.14063047285464,1,11531,0.845502218636547,0.0011468871428815968,1,0.39157095551490784
TRAIN,82a3db34,138,2,3,4,1080,1920,1,0.9296875,9.0625,0.9998840093612671,1,24799,0.011959394290123456,14911,1.6631345986184696,0.5216790247580747,1076.4223154159442,759.5992983588048,1103.1508060762494,763.9235391190285,1,24202,0.9133541585318236,0.0,1,0.33565443754196167
TRAIN,82a3db34,138,3,4,4,1080,1920,1,0.87109375,10.6875,0.9999772310256958,1,11845,0.005712287808641975,6255,1.8936850519584332,0.35142610198789975,585.1708737864078,669.0319121992402,614.6433801361013,680.1410974244121,1,11189,0.8699464198733561,0.0,1,0.3901098072528839
TRAIN,82a3db34,139,0,1,4,1080,1920,1,0.96484375,12.875,0.9999974966049194,1,228428,0.11016010802469135,159768,1.4297481347954535,0.883061557956516,601.0635429982314,445.0252070674348,615.6103230255321,440.7341912719522,1,225607,0.9719560817560349,0.00810856700335027,2,0.28714314103126526
TRAIN,82a3db34,139,1,2,4,1080,1920,1,0.86328125,8.25,0.9997387528419495,1,16750,0.008077739197530864,34141,0.4906124600919715,0.4458339766352735,181.38185074626867,497.6924776119403,181.76128349788434,512.2745944992948,1,15003,0.7679844097995545,0.0011814715517348216,1,0.3300638496875763
TRAIN,82a3db34,139,2,3,4,1080,1920,1,0.92578125,9.0,0.9998766183853149,1,24383,0.01175877700617284,14911,1.6352357320099256,0.5143173840753741,1052.5755239306075,753.874830824755,1076.4223154159442,759.5992983588048,1,24709,0.9347363442894301,0.0,1,0.3746654987335205
TRAIN,82a3db34,139,3,4,4,1080,1920,1,0.8828125,10.5625,0.9999741315841675,1,11695,0.005639949845679012,6255,1.8697042366107115,0.34437464306110793,557.4396750748183,657.1242411286875,585.1708737864078,669.0319121992402,1,11398,0.899407797335088,0.0,1,0.3369572162628174
TRAIN,82a3db34,140,0,1,4,1080,1920,1,0.96484375,12.5,0.9999963045120239,1,230422,0.11112172067901234,159768,1.4422287316609084,0.9031837940073664,590.0143085295675,445.9560719028565,601.0635429982314,445.0252070674348,1,227649,0.9680393546862581,0.011412854988183865,2,0.2677966058254242
TRAIN,82a3db34,140,1,2,4,1080,1920,1,0.90234375,8.0625,0.9996849298477173,1,20119,0.009702449845679013,34141,0.5892914677367388,0.5753963167115327,174.74834733336647,493.03220836025645,181.38185074626867,497.6924776119403,1,20374,0.8993855246493738,0.0021153107241804687,1,0.3637887239456177
TRAIN,82a3db34,140,2,3,4,1080,1920,1,0.92578125,9.125,0.9998910427093506,1,25184,0.012145061728395062,14911,1.6889544631480116,0.4640968837690149,1025.3762309402796,744.6442185514612,1052.5755239306075,753.874830824755,1,24907,0.9359588776377831,0.0,1,0.3822696805000305
TRAIN,82a3db34,140,3,4,4,1080,1920,1,0.89453125,9.5625,0.999929666519165,1,11390,0.005492862654320987,6255,1.8209432454036771,0.25927340170194196,528.952063213345,639.7548726953468,557.4396750748183,657.1242411286875,1,11129,0.9082281162613338,0.0,1,0.3890363872051239
TRAIN,82a3db34,141,0,1,4,1080,1920,1,0.96484375,12.6875,0.9999969005584717,1,236794,0.11419463734567901,159768,1.4821115617645586,0.9333209194546169,590.211774791591,445.28377830519355,590.0143085295675,445.9560719028565,1,233011,0.9679344866585683,0.0130947609281909,2,0.28203293681144714
TRAIN,82a3db34,141,1,2,4,1080,1920,1,0.91015625,8.625,0.9998205304145813,1,23341,0.011256269290123458,34141,0.6836648018511468,0.7393044383079201,170.88350970395442,488.1486225954329,174.74834733336647,493.03220836025645,1,23544,0.924276626308229,0.001547140914844739,1,0.32726654410362244
TRAIN,82a3db34,141,2,3,4,1080,1920,1,0.921875,9.5,0.9999251365661621,1,25219,0.012161940586419753,14911,1.691301723559788,0.5656022861402746,1012.0247035964948,736.5028748166065,1025.3762309402796,744.6442185514612,1,25478,0.933597772607651,0.0,1,0.37950050830841064
TRAIN,82a3db34,141,3,4,4,1080,1920,1,0.89453125,9.3125,0.9999097585678101,1,11909,0.00574315200617284,6255,1.9039168665067945,0.3730331781483882,511.14577210513056,627.5645310269545,528.952063213345,639.7548726953468,1,11304,0.8843250263820115,8.574963556404885e-05,1,0.33518996834754944
TRAIN,82a3db34,142,0,1,4,1080,1920,1,0.9609375,12.375,0.9999958276748657,1,240332,0.1159008487654321,159768,1.5042561714486005,0.9148843948034853,595.4738445150874,442.12129886989663,590.211774791591,445.28377830519355,1,235770,0.9646034496987703,0.016158167493479068,2,0.2696555256843567
TRAIN,82a3db34,142,1,2,4,1080,1920,1,0.9140625,9.1875,0.9998977184295654,1,24485,0.011807966820987654,34141,0.7171729006180253,0.8416573606992953,170.9870124566061,484.6974474167858,170.88350970395442,488.1486225954329,1,25748,0.9222056403780661,0.001169451165796631,1,0.2914969027042389
TRAIN,82a3db34,142,2,3,4,1080,1920,1,0.92578125,9.5,0.9999251365661621,1,26085,0.012579571759259259,14911,1.749379652605459,0.6215430323335125,1003.845390070922,730.3778416714587,1012.0247035964948,736.5028748166065,1,25497,0.9358252645800496,0.0,1,0.3766467571258545
TRAIN,82a3db34,142,3,4,4,1080,1920,1,0.89453125,9.25,0.9999039173126221,1,10084,0.00486304012345679,6255,1.612150279776179,0.4094462958215842,502.3960729869099,617.7347282824276,511.14577210513056,627.5645310269545,1,10687,0.8841618287373004,1.6270083384177345e-05,1,0.2923377454280853
TRAIN,82a3db34,143,0,1,4,1080,1920,1,0.9609375,12.375,0.9999958276748657,1,238864,0.11519290123456791,159768,1.4950678483801512,0.8959437859053286,607.7143939647666,440.27555847679014,595.4738445150874,442.12129886989663,1,235645,0.9611051413456769,0.015865401221183035,2,0.2648237943649292
TRAIN,82a3db34,143,1,2,4,1080,1920,1,0.90234375,9.25,0.9999039173126221,1,25735,0.012410783179012346,34141,0.7537857707741425,0.8470705064548163,179.60058286380416,480.0236642704488,170.9870124566061,484.6974474167858,1,25837,0.9060501903389141,0.0028160800472671744,1,0.26261210441589355
TRAIN,82a3db34,143,2,3,4,1080,1920,1,0.921875,8.6875,0.9998313188552856,1,25975,0.012526523919753086,14911,1.7420025484541612,0.6692317558035141,998.4167468719922,724.0126275264678,1003.845390070922,730.3778416714587,1,25997,0.924247473064534,0.0,1,0.33889642357826233
TRAIN,82a3db34,143,3,4,4,1080,1920,1,0.88671875,8.8125,0.9998511075973511,1,9451,0.004557773919753086,6255,1.510951239008793,0.3957559302657902,496.17278594857686,604.6883927626707,502.3960729869099,617.7347282824276,1,8954,0.8888546798029556,0.0014055043472576323,1,0.3924454152584076
TRAIN,82a3db34,144,0,1,4,1080,1920,1,0.95703125,12.25,0.999995231628418,1,242424,0.11690972222222222,159768,1.5173501577287065,0.8613306931918383,623.3110706860707,435.4143484143484,607.7143939647666,440.27555847679014,1,238413,0.958339612190622,0.017329402459193212,2,0.2580944001674652
TRAIN,82a3db34,144,1,2,4,1080,1920,1,0.89453125,9.1875,0.9998977184295654,1,25924,0.012501929012345678,34141,0.7593216367417475,0.8312949767804602,186.04760067890757,477.6379416756673,179.60058286380416,480.0236642704488,1,26388,0.9138069803175533,0.002518270736859671,1,0.19788911938667297
TRAIN,82a3db34,144,2,3,4,1080,1920,1,0.9296875,8.75,0.999841570854187,1,25906,0.012493248456790123,14911,1.7373750922138018,0.7148476234547498,990.3951208214313,719.4878792557708,998.4167468719922,724.0126275264678,1,26138,0.9046294602012809,0.0,1,0.3717528283596039
TRAIN,82a3db34,144,3,4,4,1080,1920,1,0.84375,8.625,0.9998205304145813,1,6970,0.003361304012345679,6255,1.1143085531574741,0.43892393971258326,494.65423242467716,594.0510760401721,496.17278594857686,604.6883927626707,1,5626,0.7760857304004513,0.004071394667495949,1,0.41203373670578003
TRAIN,82a3db34,145,0,1,4,1080,1920,1,0.95703125,12.375,0.9999958276748657,1,242459,0.11692660108024691,159768,1.5175692253767963,0.8992303323475843,630.9503462441072,436.14344693329593,623.3110706860707,435.4143484143484,1,239196,0.9617190777389045,0.014352809554022954,2,0.25448065996170044
TRAIN,82a3db34,145,1,2,4,1080,1920,1,0.9140625,8.875,0.9998601675033569,1,26076,0.01257523148148148,34141,0.7637737617527314,0.9180406477075725,186.49041263997546,479.33306488725265,186.04760067890757,477.6379416756673,1,27723,0.9058060859399908,0.001374061938484304,1,0.2731744647026062
TRAIN,82a3db34,145,2,3,4,1080,1920,1,0.93359375,8.5625,0.9998089671134949,1,26299,0.012682773919753086,14911,1.7637314734088927,0.8038422998514219,982.4574698657743,721.4373550325107,990.3951208214313,719.4878792557708,1,27162,0.9272170151405912,0.0,1,0.3328092098236084
TRAIN,82a3db34,145,3,4,4,1080,1920,1,0.7734375,8.4375,0.999783456325531,1,3604,0.00173804012345679,6255,0.5761790567545964,0.4357094365241005,528.1989456159822,577.5452275249722,494.65423242467716,594.0510760401721,1,2190,0.5659459459459459,0.004792213274182468,1,0.44972842931747437
TRAIN,82a3db34,146,0,1,4,1080,1920,1,0.95703125,12.375,0.9999958276748657,1,243709,0.11752941743827161,159768,1.5253930699514295,0.8199473670418855,638.9960116368292,443.7757161204551,630.9503462441072,436.14344693329593,1,239225,0.9613205593167337,0.01859063166959973,2,0.24107633531093597
TRAIN,82a3db34,146,1,2,4,1080,1920,1,0.91796875,9.0625,0.9998840093612671,1,26637,0.012845775462962963,34141,0.7802056178787967,0.7280684500393391,184.83481623305929,487.7976498854976,186.49041263997546,479.33306488725265,1,28326,0.8885032985156679,0.00045156580442685013,1,0.23291154205799103
TRAIN,82a3db34,146,2,3,4,1080,1920,1,0.92578125,8.75,0.999841570854187,1,26542,0.012799961419753087,14911,1.7800281671249414,0.668066165793295,978.9878306080928,731.5829251751941,982.4574698657743,721.4373550325107,1,26064,0.9328360950876291,0.0,1,0.3651117980480194
TRAIN,82a3db34,146,3,4,4,1080,1920,1,0.5625,6.71875,0.998793363571167,1,1337,0.0006447723765432099,6255,0.21374900079936052,0.3296555435952637,552.1810022438294,574.3702318623784,528.1989456159822,577.5452275249722,1,771,0.5545722713864307,0.001536264587227771,1,0.4041399657726288
TRAIN,82a3db34,147,0,1,4,1080,1920,1,0.9609375,12.4375,0.9999960660934448,1,242996,0.11718557098765432,159768,1.5209303490060588,0.7776840305932371,658.7215221649739,451.4951028000461,638.9960116368292,443.7757161204551,1,240466,0.9648773430006665,0.012662156754957724,2,0.2575196921825409
TRAIN,82a3db34,147,1,2,4,1080,1920,1,0.92578125,8.9375,0.999868631362915,1,27991,0.013498746141975309,34141,0.819864678831903,0.5483688104078682,197.60862420063592,501.16916151620165,184.83481623305929,487.7976498854976,1,27801,0.9244593149598151,0.0008201702226016545,1,0.3171944320201874
TRAIN,82a3db34,147,2,3,4,1080,1920,1,0.91015625,8.3125,0.9997546076774597,1,27210,0.013122106481481481,14911,1.8248273086982765,0.5486473249013224,980.6212421903712,747.9339213524439,978.9878306080928,731.5829251751941,1,27324,0.9082511022464833,0.0,1,0.39159634709358215
TRAIN,82a3db34,147,3,4,4,1080,1920,1,0.5546875,1.6015625,0.8322367072105408,1,368,0.00017746913580246913,6255,0.05883293365307754,0.08876117496807152,583.1603260869565,574.7228260869565,552.1810022438294,574.3702318623784,1,246,0.6329787234042553,0.00022427111886369298,1,0.3751261830329895
TRAIN,82a3db34,148,0,1,4,1080,1920,1,0.95703125,12.1875,0.9999948740005493,1,240304,0.11588734567901235,159768,1.5040809173301286,0.7361472833408172,686.5014481656568,459.31462231173845,658.7215221649739,451.4951028000461,1,238310,0.9648585515647387,0.014288737557347685,2,0.24418902397155762
TRAIN,82a3db34,148,1,2,4,1080,1920,1,0.91796875,8.875,0.9998601675033569,1,26555,0.012806230709876543,34141,0.7778038135965555,0.4653843054025737,216.53413669742045,515.6210506495952,197.60862420063592,501.16916151620165,1,28091,0.8929610641540806,0.001043127265305814,1,0.23194363713264465
TRAIN,82a3db34,148,2,3,4,1080,1920,1,0.91796875,8.125,0.9997040629386902,1,26951,0.012997202932098766,14911,1.80745758165113,0.5113994697921027,982.5079959927275,766.60565470669,980.6212421903712,747.9339213524439,1,27817,0.8973186447723966,0.0,1,0.36652883887290955
TRAIN,82a3db34,148,3,4,4,1080,1920,1,3.049420715222343e-26,-3.46875,0.03021458350121975,0,0,0.0,6255,0.0,0.0,,,583.1603260869565,574.7228260869565,0,0,,0.0,1,
TRAIN,82a3db34,149,0,1,4,1080,1920,1,0.9609375,12.0,0.9999938011169434,1,241499,0.11646363811728395,159768,1.5115605127434781,0.815391165754204,707.726822885395,461.1284684408631,686.5014481656568,459.31462231173845,1,239818,0.963060847434815,0.01445449643068592,2,0.24062956869602203
TRAIN,82a3db34,149,1,2,4,1080,1920,1,0.9140625,9.9375,0.9999517202377319,1,28654,0.013818479938271604,34141,0.8392841451627076,0.5775802948908446,235.48450478118238,523.0602359181964,216.53413669742045,515.6210506495952,1,27511,0.9077785326086957,0.002921289551346707,1,0.36932507157325745
TRAIN,82a3db34,149,2,3,4,1080,1920,1,0.921875,8.9375,0.999868631362915,1,27008,0.013024691358024691,14911,1.8112802628931661,0.6701436176798317,987.6896104857819,776.3191646919431,982.5079959927275,766.60565470669,1,27077,0.9068185023268932,0.0,1,0.3171056807041168
TRAIN,82a3db34,149,3,4,4,1080,1920,1,3.715850407953054e-25,-2.859375,0.054198723286390305,0,0,0.0,6255,0.0,,,,,,0,0,,0.0,1,
