video,object_id_i,object_id_j,cosine_fp32
006e6b64,1,1,1.0
006e6b64,1,2,0.9675145149230957
006e6b64,2,1,0.9675145149230957
006e6b64,2,2,1.0
028f6f64,1,1,0.9999999403953552
028f6f64,1,2,0.9878600835800171
028f6f64,1,3,0.9637961983680725
028f6f64,2,1,0.9878600835800171
028f6f64,2,2,1.0
028f6f64,2,3,0.9875872135162354
028f6f64,3,1,0.9637961983680725
028f6f64,3,2,0.9875872135162354
028f6f64,3,3,1.0000001192092896
02b72b8d,1,1,0.9999998807907104
02b72b8d,1,2,0.9970055818557739
02b72b8d,1,3,0.9821317195892334
02b72b8d,1,4,0.9953389167785645
02b72b8d,1,5,0.9770129323005676
02b72b8d,2,1,0.9970055818557739
02b72b8d,2,2,1.0
02b72b8d,2,3,0.9856053590774536
02b72b8d,2,4,0.998569667339325
02b72b8d,2,5,0.9840245246887207
02b72b8d,3,1,0.9821317195892334
02b72b8d,3,2,0.9856053590774536
02b72b8d,3,3,1.0000001192092896
02b72b8d,3,4,0.9898431897163391
02b72b8d,3,5,0.9912216067314148
02b72b8d,4,1,0.9953389167785645
02b72b8d,4,2,0.998569667339325
02b72b8d,4,3,0.9898431897163391
02b72b8d,4,4,1.0
02b72b8d,4,5,0.9902659058570862
02b72b8d,5,1,0.9770129323005676
02b72b8d,5,2,0.9840245246887207
02b72b8d,5,3,0.9912216067314148
02b72b8d,5,4,0.9902659058570862
02b72b8d,5,5,0.9999998807907104
02deca50,1,1,1.0
02deca50,1,2,0.9942891001701355
02deca50,1,3,0.9832468032836914
02deca50,1,4,0.984523594379425
02deca50,2,1,0.9942891001701355
02deca50,2,2,0.9999999403953552
02deca50,2,3,0.9899239540100098
02deca50,2,4,0.9903377890586853
02deca50,3,1,0.9832468032836914
02deca50,3,2,0.9899239540100098
02deca50,3,3,0.9999998807907104
02deca50,3,4,0.9984706044197083
02deca50,4,1,0.984523594379425
02deca50,4,2,0.9903377890586853
02deca50,4,3,0.9984706044197083
02deca50,4,4,1.0000001192092896
04ae7a6b,1,1,0.9999999403953552
04ae7a6b,1,2,0.9931305050849915
04ae7a6b,1,3,0.9845422506332397
04ae7a6b,1,4,0.9393854737281799
04ae7a6b,1,5,0.9348710775375366
04ae7a6b,1,6,0.9447462558746338
04ae7a6b,2,1,0.9931305050849915
04ae7a6b,2,2,1.0
04ae7a6b,2,3,0.9859602451324463
04ae7a6b,2,4,0.945623517036438
04ae7a6b,2,5,0.9353033304214478
04ae7a6b,2,6,0.9402782917022705
04ae7a6b,3,1,0.9845422506332397
04ae7a6b,3,2,0.9859602451324463
04ae7a6b,3,3,0.9999999403953552
04ae7a6b,3,4,0.9774877429008484
04ae7a6b,3,5,0.9745482206344604
04ae7a6b,3,6,0.9759668111801147
04ae7a6b,4,1,0.9393854737281799
04ae7a6b,4,2,0.945623517036438
04ae7a6b,4,3,0.9774877429008484
04ae7a6b,4,4,1.0
04ae7a6b,4,5,0.9788789749145508
04ae7a6b,4,6,0.9842385649681091
04ae7a6b,5,1,0.9348710775375366
04ae7a6b,5,2,0.9353033304214478
04ae7a6b,5,3,0.9745482206344604
04ae7a6b,5,4,0.9788789749145508
04ae7a6b,5,5,1.0000001192092896
04ae7a6b,5,6,0.9874303340911865
04ae7a6b,6,1,0.9447462558746338
04ae7a6b,6,2,0.9402782917022705
04ae7a6b,6,3,0.9759668111801147
04ae7a6b,6,4,0.9842385649681091
04ae7a6b,6,5,0.9874303340911865
04ae7a6b,6,6,1.0
06ea172e,1,1,1.0
06ea172e,1,2,0.9877172708511353
06ea172e,1,3,0.9899473190307617
06ea172e,1,4,0.989855945110321
06ea172e,1,5,0.9930671453475952
06ea172e,1,6,0.9890036582946777
06ea172e,1,7,0.9803012609481812
06ea172e,1,8,0.9984646439552307
06ea172e,1,9,0.9831242561340332
06ea172e,1,10,0.9865629076957703
06ea172e,1,11,0.9917488098144531
06ea172e,1,12,0.9791383743286133
06ea172e,2,1,0.9877172708511353
06ea172e,2,2,1.0
06ea172e,2,3,0.9987496137619019
06ea172e,2,4,0.9986889362335205
06ea172e,2,5,0.9945669174194336
06ea172e,2,6,0.9986384510993958
06ea172e,2,7,0.9966813325881958
06ea172e,2,8,0.9921621680259705
06ea172e,2,9,0.9973997473716736
06ea172e,2,10,0.997812807559967
06ea172e,2,11,0.9971272945404053
06ea172e,2,12,0.9939203262329102
06ea172e,3,1,0.9899473190307617
06ea172e,3,2,0.9987496137619019
06ea172e,3,3,1.000000238418579
06ea172e,3,4,0.9971945285797119
06ea172e,3,5,0.9953927397727966
06ea172e,3,6,0.9989056587219238
06ea172e,3,7,0.9951409101486206
06ea172e,3,8,0.9935119152069092
06ea172e,3,9,0.9952864646911621
06ea172e,3,10,0.9970430135726929
06ea172e,3,11,0.9983236193656921
06ea172e,3,12,0.9927189946174622
06ea172e,4,1,0.989855945110321
06ea172e,4,2,0.9986889362335205
06ea172e,4,3,0.9971945285797119
06ea172e,4,4,1.0000001192092896
06ea172e,4,5,0.9916301369667053
06ea172e,4,6,0.9989280104637146
06ea172e,4,7,0.9947069883346558
06ea172e,4,8,0.9923988580703735
06ea172e,4,9,0.9986608028411865
06ea172e,4,10,0.9984809756278992
06ea172e,4,11,0.99616539478302
06ea172e,4,12,0.9942655563354492
06ea172e,5,1,0.9930671453475952
06ea172e,5,2,0.9945669174194336
06ea172e,5,3,0.9953927397727966
06ea172e,5,4,0.9916301369667053
06ea172e,5,5,0.9999999403953552
06ea172e,5,6,0.9920135736465454
06ea172e,5,7,0.9900108575820923
06ea172e,5,8,0.9970634579658508
06ea172e,5,9,0.9864991307258606
06ea172e,5,10,0.989374041557312
06ea172e,5,11,0.9948450326919556
06ea172e,5,12,0.9838350415229797
06ea172e,6,1,0.9890036582946777
06ea172e,6,2,0.9986384510993958
06ea172e,6,3,0.9989056587219238
06ea172e,6,4,0.9989280104637146
06ea172e,6,5,0.9920135736465454
06ea172e,6,6,1.0
06ea172e,6,7,0.9953653216362
06ea172e,6,8,0.9915735721588135
06ea172e,6,9,0.9982481598854065
06ea172e,6,10,0.9986791610717773
06ea172e,6,11,0.9976754784584045
06ea172e,6,12,0.9949451088905334
06ea172e,7,1,0.9803012609481812
06ea172e,7,2,0.9966813325881958
06ea172e,7,3,0.9951409101486206
06ea172e,7,4,0.9947069883346558
06ea172e,7,5,0.9900108575820923
06ea172e,7,6,0.9953653216362
06ea172e,7,7,0.9999999403953552
06ea172e,7,8,0.984665036201477
06ea172e,7,9,0.9955208897590637
06ea172e,7,10,0.9965075254440308
06ea172e,7,11,0.993599534034729
06ea172e,7,12,0.9979551434516907
06ea172e,8,1,0.9984646439552307
06ea172e,8,2,0.9921621680259705
06ea172e,8,3,0.9935119152069092
06ea172e,8,4,0.9923988580703735
06ea172e,8,5,0.9970634579658508
06ea172e,8,6,0.9915735721588135
06ea172e,8,7,0.984665036201477
06ea172e,8,8,0.9999999403953552
06ea172e,8,9,0.9859410524368286
06ea172e,8,10,0.9891836047172546
06ea172e,8,11,0.994236409664154
06ea172e,8,12,0.9811551570892334
06ea172e,9,1,0.9831242561340332
06ea172e,9,2,0.9973997473716736
06ea172e,9,3,0.9952864646911621
06ea172e,9,4,0.9986608028411865
06ea172e,9,5,0.9864991307258606
06ea172e,9,6,0.9982481598854065
06ea172e,9,7,0.9955208897590637
06ea172e,9,8,0.9859410524368286
06ea172e,9,9,1.0
06ea172e,9,10,0.9987720251083374
06ea172e,9,11,0.9942855834960938
06ea172e,9,12,0.9964805245399475
06ea172e,10,1,0.9865629076957703
06ea172e,10,2,0.997812807559967
06ea172e,10,3,0.9970430135726929
06ea172e,10,4,0.9984809756278992
06ea172e,10,5,0.989374041557312
06ea172e,10,6,0.9986791610717773
06ea172e,10,7,0.9965075254440308
06ea172e,10,8,0.9891836047172546
06ea172e,10,9,0.9987720251083374
06ea172e,10,10,1.0
06ea172e,10,11,0.9966095089912415
06ea172e,10,12,0.9969790577888489
06ea172e,11,1,0.9917488098144531
06ea172e,11,2,0.9971272945404053
06ea172e,11,3,0.9983236193656921
06ea172e,11,4,0.99616539478302
06ea172e,11,5,0.9948450326919556
06ea172e,11,6,0.9976754784584045
06ea172e,11,7,0.993599534034729
06ea172e,11,8,0.994236409664154
06ea172e,11,9,0.9942855834960938
06ea172e,11,10,0.9966095089912415
06ea172e,11,11,1.0000001192092896
06ea172e,11,12,0.9926431179046631
06ea172e,12,1,0.9791383743286133
06ea172e,12,2,0.9939203262329102
06ea172e,12,3,0.9927189946174622
06ea172e,12,4,0.9942655563354492
06ea172e,12,5,0.9838350415229797
06ea172e,12,6,0.9949451088905334
06ea172e,12,7,0.9979551434516907
06ea172e,12,8,0.9811551570892334
06ea172e,12,9,0.9964805245399475
06ea172e,12,10,0.9969790577888489
06ea172e,12,11,0.9926431179046631
06ea172e,12,12,1.0
06z6pse9,1,1,1.0
06z6pse9,1,2,0.9870015382766724
06z6pse9,2,1,0.9870015382766724
06z6pse9,2,2,0.9999998807907104
0770ad03,1,1,0.9999999403953552
0770ad03,1,2,0.9901940226554871
0770ad03,1,3,0.9953456521034241
0770ad03,2,1,0.9901940226554871
0770ad03,2,2,1.0
0770ad03,2,3,0.9790398478507996
0770ad03,3,1,0.9953456521034241
0770ad03,3,2,0.9790398478507996
0770ad03,3,3,0.9999999403953552
07b5d86c,1,1,1.0
07b5d86c,1,2,0.995620608329773
07b5d86c,1,3,0.9974315762519836
07b5d86c,1,4,0.9977447986602783
07b5d86c,1,5,0.9906967878341675
07b5d86c,1,6,0.984457790851593
07b5d86c,2,1,0.995620608329773
07b5d86c,2,2,1.0
07b5d86c,2,3,0.9958051443099976
07b5d86c,2,4,0.9944923520088196
07b5d86c,2,5,0.997289776802063
07b5d86c,2,6,0.9791596531867981
07b5d86c,3,1,0.9974315762519836
07b5d86c,3,2,0.9958051443099976
07b5d86c,3,3,1.0000001192092896
07b5d86c,3,4,0.9957844614982605
07b5d86c,3,5,0.9923092722892761
07b5d86c,3,6,0.9788392186164856
07b5d86c,4,1,0.9977447986602783
07b5d86c,4,2,0.9944923520088196
07b5d86c,4,3,0.9957844614982605
07b5d86c,4,4,0.9999998807907104
07b5d86c,4,5,0.9937893152236938
07b5d86c,4,6,0.9909122586250305
07b5d86c,5,1,0.9906967878341675
07b5d86c,5,2,0.997289776802063
07b5d86c,5,3,0.9923092722892761
07b5d86c,5,4,0.9937893152236938
07b5d86c,5,5,0.9999999403953552
07b5d86c,5,6,0.9830020666122437
07b5d86c,6,1,0.984457790851593
07b5d86c,6,2,0.9791596531867981
07b5d86c,6,3,0.9788392186164856
07b5d86c,6,4,0.9909122586250305
07b5d86c,6,5,0.9830020666122437
07b5d86c,6,6,1.0000001192092896
08a5c662,1,1,0.9999999403953552
08a5c662,1,2,0.9797132611274719
08a5c662,2,1,0.9797132611274719
08a5c662,2,2,1.0
0cbfxuq5,1,1,0.9999999403953552
0cbfxuq5,1,2,0.9978923201560974
0cbfxuq5,1,3,0.9926589131355286
0cbfxuq5,1,4,0.9989007115364075
0cbfxuq5,1,5,0.9962626099586487
0cbfxuq5,1,6,0.9959876537322998
0cbfxuq5,1,7,0.9683611392974854
0cbfxuq5,1,8,0.9981375932693481
0cbfxuq5,1,9,0.997245192527771
0cbfxuq5,1,10,0.9982285499572754
0cbfxuq5,1,11,0.9961945414543152
0cbfxuq5,1,12,0.9956914782524109
0cbfxuq5,1,13,0.9980711340904236
0cbfxuq5,1,14,0.9912314414978027
0cbfxuq5,1,15,0.9917391538619995
0cbfxuq5,1,16,0.9978873133659363
0cbfxuq5,1,17,0.9937338829040527
0cbfxuq5,2,1,0.9978923201560974
0cbfxuq5,2,2,1.0000001192092896
0cbfxuq5,2,3,0.9942068457603455
0cbfxuq5,2,4,0.9970988631248474
0cbfxuq5,2,5,0.9958451986312866
0cbfxuq5,2,6,0.9943556785583496
0cbfxuq5,2,7,0.967616081237793
0cbfxuq5,2,8,0.9979475736618042
0cbfxuq5,2,9,0.9965301156044006
0cbfxuq5,2,10,0.9967018365859985
0cbfxuq5,2,11,0.9953085780143738
0cbfxuq5,2,12,0.9920043349266052
0cbfxuq5,2,13,0.9957439303398132
0cbfxuq5,2,14,0.9898176193237305
0cbfxuq5,2,15,0.9966779351234436
0cbfxuq5,2,16,0.9960858225822449
0cbfxuq5,2,17,0.9950628280639648
0cbfxuq5,3,1,0.9926589131355286
0cbfxuq5,3,2,0.9942068457603455
0cbfxuq5,3,3,1.0
0cbfxuq5,3,4,0.9902994632720947
0cbfxuq5,3,5,0.9944858551025391
0cbfxuq5,3,6,0.985012412071228
0cbfxuq5,3,7,0.9824640154838562
0cbfxuq5,3,8,0.9965444803237915
0cbfxuq5,3,9,0.9914795756340027
0cbfxuq5,3,10,0.9906197190284729
0cbfxuq5,3,11,0.9955242276191711
0cbfxuq5,3,12,0.981014609336853
0cbfxuq5,3,13,0.988658607006073
0cbfxuq5,3,14,0.9820665717124939
0cbfxuq5,3,15,0.9949568510055542
0cbfxuq5,3,16,0.9888172149658203
0cbfxuq5,3,17,0.9848666191101074
0cbfxuq5,4,1,0.9989007115364075
0cbfxuq5,4,2,0.9970988631248474
0cbfxuq5,4,3,0.9902994632720947
0cbfxuq5,4,4,1.0
0cbfxuq5,4,5,0.9939363598823547
0cbfxuq5,4,6,0.9942666292190552
0cbfxuq5,4,7,0.9664137363433838
0cbfxuq5,4,8,0.9964813590049744
0cbfxuq5,4,9,0.9965513944625854
0cbfxuq5,4,10,0.9966928958892822
0cbfxuq5,4,11,0.9957427382469177
0cbfxuq5,4,12,0.9967381358146667
0cbfxuq5,4,13,0.9960938692092896
0cbfxuq5,4,14,0.986564040184021
0cbfxuq5,4,15,0.9887593984603882
0cbfxuq5,4,16,0.9962433576583862
0cbfxuq5,4,17,0.9908067584037781
0cbfxuq5,5,1,0.9962626099586487
0cbfxuq5,5,2,0.9958451986312866
0cbfxuq5,5,3,0.9944858551025391
0cbfxuq5,5,4,0.9939363598823547
0cbfxuq5,5,5,1.000000238418579
0cbfxuq5,5,6,0.9961955547332764
0cbfxuq5,5,7,0.966305673122406
0cbfxuq5,5,8,0.998771071434021
0cbfxuq5,5,9,0.9903373718261719
0cbfxuq5,5,10,0.9961221218109131
0cbfxuq5,5,11,0.9966223239898682
0cbfxuq5,5,12,0.9914728403091431
0cbfxuq5,5,13,0.9965693950653076
0cbfxuq5,5,14,0.99440997838974
0cbfxuq5,5,15,0.9944314360618591
0cbfxuq5,5,16,0.9976059198379517
0cbfxuq5,5,17,0.9941765666007996
0cbfxuq5,6,1,0.9959876537322998
0cbfxuq5,6,2,0.9943556785583496
0cbfxuq5,6,3,0.985012412071228
0cbfxuq5,6,4,0.9942666292190552
0cbfxuq5,6,5,0.9961955547332764
0cbfxuq5,6,6,0.9999997019767761
0cbfxuq5,6,7,0.9491560459136963
0cbfxuq5,6,8,0.9947941899299622
0cbfxuq5,6,9,0.9891591668128967
0cbfxuq5,6,10,0.9980908632278442
0cbfxuq5,6,11,0.9927564263343811
0cbfxuq5,6,12,0.9948283433914185
0cbfxuq5,6,13,0.999025285243988
0cbfxuq5,6,14,0.9971583485603333
0cbfxuq5,6,15,0.9893577098846436
0cbfxuq5,6,16,0.9993991851806641
0cbfxuq5,6,17,0.9961350560188293
0cbfxuq5,7,1,0.9683611392974854
0cbfxuq5,7,2,0.967616081237793
0cbfxuq5,7,3,0.9824640154838562
0cbfxuq5,7,4,0.9664137363433838
0cbfxuq5,7,5,0.966305673122406
0cbfxuq5,7,6,0.9491560459136963
0cbfxuq5,7,7,0.9999999403953552
0cbfxuq5,7,8,0.9728941917419434
0cbfxuq5,7,9,0.9739140272140503
0cbfxuq5,7,10,0.9599824547767639
0cbfxuq5,7,11,0.9741441011428833
0cbfxuq5,7,12,0.9565078616142273
0cbfxuq5,7,13,0.9584236145019531
0cbfxuq5,7,14,0.9449877142906189
0cbfxuq5,7,15,0.9652718305587769
0cbfxuq5,7,16,0.9567256569862366
0cbfxuq5,7,17,0.9474870562553406
0cbfxuq5,8,1,0.9981375932693481
0cbfxuq5,8,2,0.9979475736618042
0cbfxuq5,8,3,0.9965444803237915
0cbfxuq5,8,4,0.9964813590049744
0cbfxuq5,8,5,0.998771071434021
0cbfxuq5,8,6,0.9947941899299622
0cbfxuq5,8,7,0.9728941917419434
0cbfxuq5,8,8,0.9999997615814209
0cbfxuq5,8,9,0.994289219379425
0cbfxuq5,8,10,0.9966465830802917
0cbfxuq5,8,11,0.9979407787322998
0cbfxuq5,8,12,0.9925534725189209
0cbfxuq5,8,13,0.9963741898536682
0cbfxuq5,8,14,0.9909170269966125
0cbfxuq5,8,15,0.9951827526092529
0cbfxuq5,8,16,0.9967472553253174
0cbfxuq5,8,17,0.992932915687561
0cbfxuq5,9,1,0.997245192527771
0cbfxuq5,9,2,0.9965301156044006
0cbfxuq5,9,3,0.9914795756340027
0cbfxuq5,9,4,0.9965513944625854
0cbfxuq5,9,5,0.9903373718261719
0cbfxuq5,9,6,0.9891591668128967
0cbfxuq5,9,7,0.9739140272140503
0cbfxuq5,9,8,0.994289219379425
0cbfxuq5,9,9,0.9999999403953552
0cbfxuq5,9,10,0.9939061999320984
0cbfxuq5,9,11,0.991769015789032
0cbfxuq5,9,12,0.9906307458877563
0cbfxuq5,9,13,0.9935888051986694
0cbfxuq5,9,14,0.9839610457420349
0cbfxuq5,9,15,0.9891718626022339
0cbfxuq5,9,16,0.9918226003646851
0cbfxuq5,9,17,0.9894923567771912
0cbfxuq5,10,1,0.9982285499572754
0cbfxuq5,10,2,0.9967018365859985
0cbfxuq5,10,3,0.9906197190284729
0cbfxuq5,10,4,0.9966928958892822
0cbfxuq5,10,5,0.9961221218109131
0cbfxuq5,10,6,0.9980908632278442
0cbfxuq5,10,7,0.9599824547767639
0cbfxuq5,10,8,0.9966465830802917
0cbfxuq5,10,9,0.9939061999320984
0cbfxuq5,10,10,0.9999998211860657
0cbfxuq5,10,11,0.99635249376297
0cbfxuq5,10,12,0.993312656879425
0cbfxuq5,10,13,0.9991286396980286
0cbfxuq5,10,14,0.9941965341567993
0cbfxuq5,10,15,0.9917887449264526
0cbfxuq5,10,16,0.9987677931785583
0cbfxuq5,10,17,0.9937177300453186
0cbfxuq5,11,1,0.9961945414543152
0cbfxuq5,11,2,0.9953085780143738
0cbfxuq5,11,3,0.9955242276191711
0cbfxuq5,11,4,0.9957427382469177
0cbfxuq5,11,5,0.9966223239898682
0cbfxuq5,11,6,0.9927564263343811
0cbfxuq5,11,7,0.9741441011428833
0cbfxuq5,11,8,0.9979407787322998
0cbfxuq5,11,9,0.991769015789032
0cbfxuq5,11,10,0.99635249376297
0cbfxuq5,11,11,0.9999998211860657
0cbfxuq5,11,12,0.9907928705215454
0cbfxuq5,11,13,0.9946074485778809
0cbfxuq5,11,14,0.987000584602356
0cbfxuq5,11,15,0.9915065765380859
0cbfxuq5,11,16,0.9949386119842529
0cbfxuq5,11,17,0.986543595790863
0cbfxuq5,12,1,0.9956914782524109
0cbfxuq5,12,2,0.9920043349266052
0cbfxuq5,12,3,0.981014609336853
0cbfxuq5,12,4,0.9967381358146667
0cbfxuq5,12,5,0.9914728403091431
0cbfxuq5,12,6,0.9948283433914185
0cbfxuq5,12,7,0.9565078616142273
0cbfxuq5,12,8,0.9925534725189209
0cbfxuq5,12,9,0.9906307458877563
0cbfxuq5,12,10,0.993312656879425
0cbfxuq5,12,11,0.9907928705215454
0cbfxuq5,12,12,1.0000001192092896
0cbfxuq5,12,13,0.9948997497558594
0cbfxuq5,12,14,0.9879952073097229
0cbfxuq5,12,15,0.9817068576812744
0cbfxuq5,12,16,0.9954946041107178
0cbfxuq5,12,17,0.98994380235672
0cbfxuq5,13,1,0.9980711340904236
0cbfxuq5,13,2,0.9957439303398132
0cbfxuq5,13,3,0.988658607006073
0cbfxuq5,13,4,0.9960938692092896
0cbfxuq5,13,5,0.9965693950653076
0cbfxuq5,13,6,0.999025285243988
0cbfxuq5,13,7,0.9584236145019531
0cbfxuq5,13,8,0.9963741898536682
0cbfxuq5,13,9,0.9935888051986694
0cbfxuq5,13,10,0.9991286396980286
0cbfxuq5,13,11,0.9946074485778809
0cbfxuq5,13,12,0.9948997497558594
0cbfxuq5,13,13,1.0
0cbfxuq5,13,14,0.996113121509552
0cbfxuq5,13,15,0.9899712204933167
0cbfxuq5,13,16,0.9992294311523438
0cbfxuq5,13,17,0.9954245686531067
0cbfxuq5,14,1,0.9912314414978027
0cbfxuq5,14,2,0.9898176193237305
0cbfxuq5,14,3,0.9820665717124939
0cbfxuq5,14,4,0.986564040184021
0cbfxuq5,14,5,0.99440997838974
0cbfxuq5,14,6,0.9971583485603333
0cbfxuq5,14,7,0.9449877142906189
0cbfxuq5,14,8,0.9909170269966125
0cbfxuq5,14,9,0.9839610457420349
0cbfxuq5,14,10,0.9941965341567993
0cbfxuq5,14,11,0.987000584602356
0cbfxuq5,14,12,0.9879952073097229
0cbfxuq5,14,13,0.996113121509552
0cbfxuq5,14,14,1.0000001192092896
0cbfxuq5,14,15,0.9886461496353149
0cbfxuq5,14,16,0.9964983463287354
0cbfxuq5,14,17,0.9960496425628662
0cbfxuq5,15,1,0.9917391538619995
0cbfxuq5,15,2,0.9966779351234436
0cbfxuq5,15,3,0.9949568510055542
0cbfxuq5,15,4,0.9887593984603882
0cbfxuq5,15,5,0.9944314360618591
0cbfxuq5,15,6,0.9893577098846436
0cbfxuq5,15,7,0.9652718305587769
0cbfxuq5,15,8,0.9951827526092529
0cbfxuq5,15,9,0.9891718626022339
0cbfxuq5,15,10,0.9917887449264526
0cbfxuq5,15,11,0.9915065765380859
0cbfxuq5,15,12,0.9817068576812744
0cbfxuq5,15,13,0.9899712204933167
0cbfxuq5,15,14,0.9886461496353149
0cbfxuq5,15,15,0.9999999403953552
0cbfxuq5,15,16,0.9913930892944336
0cbfxuq5,15,17,0.9929533004760742
0cbfxuq5,16,1,0.9978873133659363
0cbfxuq5,16,2,0.9960858225822449
0cbfxuq5,16,3,0.9888172149658203
0cbfxuq5,16,4,0.9962433576583862
0cbfxuq5,16,5,0.9976059198379517
0cbfxuq5,16,6,0.9993991851806641
0cbfxuq5,16,7,0.9567256569862366
0cbfxuq5,16,8,0.9967472553253174
0cbfxuq5,16,9,0.9918226003646851
0cbfxuq5,16,10,0.9987677931785583
0cbfxuq5,16,11,0.9949386119842529
0cbfxuq5,16,12,0.9954946041107178
0cbfxuq5,16,13,0.9992294311523438
0cbfxuq5,16,14,0.9964983463287354
0cbfxuq5,16,15,0.9913930892944336
0cbfxuq5,16,16,0.9999998807907104
0cbfxuq5,16,17,0.9962030053138733
0cbfxuq5,17,1,0.9937338829040527
0cbfxuq5,17,2,0.9950628280639648
0cbfxuq5,17,3,0.9848666191101074
0cbfxuq5,17,4,0.9908067584037781
0cbfxuq5,17,5,0.9941765666007996
0cbfxuq5,17,6,0.9961350560188293
0cbfxuq5,17,7,0.9474870562553406
0cbfxuq5,17,8,0.992932915687561
0cbfxuq5,17,9,0.9894923567771912
0cbfxuq5,17,10,0.9937177300453186
0cbfxuq5,17,11,0.986543595790863
0cbfxuq5,17,12,0.98994380235672
0cbfxuq5,17,13,0.9954245686531067
0cbfxuq5,17,14,0.9960496425628662
0cbfxuq5,17,15,0.9929533004760742
0cbfxuq5,17,16,0.9962030053138733
0cbfxuq5,17,17,0.9999998211860657
0d967fd1,1,1,1.0
0d967fd1,1,2,0.9967724680900574
0d967fd1,1,3,0.9672697186470032
0d967fd1,1,4,0.9867133498191833
0d967fd1,1,5,0.980694055557251
0d967fd1,1,6,0.972547173500061
0d967fd1,1,7,0.9708298444747925
0d967fd1,1,8,0.9757233262062073
0d967fd1,2,1,0.9967724680900574
0d967fd1,2,2,1.0000001192092896
0d967fd1,2,3,0.9717161059379578
0d967fd1,2,4,0.9906699657440186
0d967fd1,2,5,0.9899278879165649
0d967fd1,2,6,0.9797756671905518
0d967fd1,2,7,0.9737348556518555
0d967fd1,2,8,0.9770992398262024
0d967fd1,3,1,0.9672697186470032
0d967fd1,3,2,0.9717161059379578
0d967fd1,3,3,1.0
0d967fd1,3,4,0.9810284376144409
0d967fd1,3,5,0.9733401536941528
0d967fd1,3,6,0.989001989364624
0d967fd1,3,7,0.997909426689148
0d967fd1,3,8,0.9715883731842041
0d967fd1,4,1,0.9867133498191833
0d967fd1,4,2,0.9906699657440186
0d967fd1,4,3,0.9810284376144409
0d967fd1,4,4,1.0000001192092896
0d967fd1,4,5,0.9940887689590454
0d967fd1,4,6,0.993910551071167
0d967fd1,4,7,0.9869766235351562
0d967fd1,4,8,0.9930352568626404
0d967fd1,5,1,0.980694055557251
0d967fd1,5,2,0.9899278879165649
0d967fd1,5,3,0.9733401536941528
0d967fd1,5,4,0.9940887689590454
0d967fd1,5,5,1.0000001192092896
0d967fd1,5,6,0.9913440942764282
0d967fd1,5,7,0.9766066670417786
0d967fd1,5,8,0.9872046709060669
0d967fd1,6,1,0.972547173500061
0d967fd1,6,2,0.9797756671905518
0d967fd1,6,3,0.989001989364624
0d967fd1,6,4,0.993910551071167
0d967fd1,6,5,0.9913440942764282
0d967fd1,6,6,0.9999998807907104
0d967fd1,6,7,0.9930455684661865
0d967fd1,6,8,0.9879783391952515
0d967fd1,7,1,0.9708298444747925
0d967fd1,7,2,0.9737348556518555
0d967fd1,7,3,0.997909426689148
0d967fd1,7,4,0.9869766235351562
0d967fd1,7,5,0.9766066670417786
0d967fd1,7,6,0.9930455684661865
0d967fd1,7,7,0.9999998211860657
0d967fd1,7,8,0.9803542494773865
0d967fd1,8,1,0.9757233262062073
0d967fd1,8,2,0.9770992398262024
0d967fd1,8,3,0.9715883731842041
0d967fd1,8,4,0.9930352568626404
0d967fd1,8,5,0.9872046709060669
0d967fd1,8,6,0.9879783391952515
0d967fd1,8,7,0.9803542494773865
0d967fd1,8,8,1.0
0j354ezu,1,1,1.0
0j354ezu,1,2,0.9568513035774231
0j354ezu,1,3,0.9704899787902832
0j354ezu,1,4,0.9133034944534302
0j354ezu,1,5,0.932192862033844
0j354ezu,1,6,0.9662761688232422
0j354ezu,1,7,0.9774394631385803
0j354ezu,1,8,0.9626089334487915
0j354ezu,1,9,0.9654408693313599
0j354ezu,1,10,0.9766010642051697
0j354ezu,1,11,0.9526480436325073
0j354ezu,1,12,0.9631403684616089
0j354ezu,1,13,0.9530540704727173
0j354ezu,1,14,0.9568262100219727
0j354ezu,1,15,0.9340874552726746
0j354ezu,1,16,0.9557635188102722
0j354ezu,1,17,0.9560180306434631
0j354ezu,2,1,0.9568513035774231
0j354ezu,2,2,0.9999998807907104
0j354ezu,2,3,0.9396999478340149
0j354ezu,2,4,0.9661648869514465
0j354ezu,2,5,0.9701139330863953
0j354ezu,2,6,0.9414100646972656
0j354ezu,2,7,0.9432887434959412
0j354ezu,2,8,0.9130756855010986
0j354ezu,2,9,0.9488694071769714
0j354ezu,2,10,0.9626478552818298
0j354ezu,2,11,0.924583911895752
0j354ezu,2,12,0.9720360040664673
0j354ezu,2,13,0.9488642811775208
0j354ezu,2,14,0.9345227479934692
0j354ezu,2,15,0.9340741634368896
0j354ezu,2,16,0.942461371421814
0j354ezu,2,17,0.9555368423461914
0j354ezu,3,1,0.9704899787902832
0j354ezu,3,2,0.9396999478340149
0j354ezu,3,3,0.9999996423721313
0j354ezu,3,4,0.8991947174072266
0j354ezu,3,5,0.9603939652442932
0j354ezu,3,6,0.9938613772392273
0j354ezu,3,7,0.9980055093765259
0j354ezu,3,8,0.9941976070404053
0j354ezu,3,9,0.9907795190811157
0j354ezu,3,10,0.9919544458389282
0j354ezu,3,11,0.9924982190132141
0j354ezu,3,12,0.9727371335029602
0j354ezu,3,13,0.9893550276756287
0j354ezu,3,14,0.9896622896194458
0j354ezu,3,15,0.9821724891662598
0j354ezu,3,16,0.9880029559135437
0j354ezu,3,17,0.9876741766929626
0j354ezu,4,1,0.9133034944534302
0j354ezu,4,2,0.9661648869514465
0j354ezu,4,3,0.8991947174072266
0j354ezu,4,4,1.000000238418579
0j354ezu,4,5,0.9076715111732483
0j354ezu,4,6,0.8881639242172241
0j354ezu,4,7,0.9079561233520508
0j354ezu,4,8,0.8677597641944885
0j354ezu,4,9,0.9050509333610535
0j354ezu,4,10,0.9369215369224548
0j354ezu,4,11,0.8768315315246582
0j354ezu,4,12,0.9641430377960205
0j354ezu,4,13,0.9008637070655823
0j354ezu,4,14,0.885739803314209
0j354ezu,4,15,0.8801157474517822
0j354ezu,4,16,0.8948935270309448
0j354ezu,4,17,0.9133666157722473
0j354ezu,5,1,0.932192862033844
0j354ezu,5,2,0.9701139330863953
0j354ezu,5,3,0.9603939652442932
0j354ezu,5,4,0.9076715111732483
0j354ezu,5,5,1.0
0j354ezu,5,6,0.9689023494720459
0j354ezu,5,7,0.9530000686645508
0j354ezu,5,8,0.9430741667747498
0j354ezu,5,9,0.96703040599823
0j354ezu,5,10,0.9634697437286377
0j354ezu,5,11,0.9634445905685425
0j354ezu,5,12,0.9623326659202576
0j354ezu,5,13,0.9787017107009888
0j354ezu,5,14,0.966295063495636
0j354ezu,5,15,0.9808347821235657
0j354ezu,5,16,0.9728479981422424
0j354ezu,5,17,0.9803152084350586
0j354ezu,6,1,0.9662761688232422
0j354ezu,6,2,0.9414100646972656
0j354ezu,6,3,0.9938613772392273
0j354ezu,6,4,0.8881639242172241
0j354ezu,6,5,0.9689023494720459
0j354ezu,6,6,1.0
0j354ezu,6,7,0.9905997514724731
0j354ezu,6,8,0.9943565726280212
0j354ezu,6,9,0.9955534934997559
0j354ezu,6,10,0.984287679195404
0j354ezu,6,11,0.991671621799469
0j354ezu,6,12,0.9638307094573975
0j354ezu,6,13,0.9957180023193359
0j354ezu,6,14,0.9977816343307495
0j354ezu,6,15,0.9898245334625244
0j354ezu,6,16,0.9969988465309143
0j354ezu,6,17,0.994716465473175
0j354ezu,7,1,0.9774394631385803
0j354ezu,7,2,0.9432887434959412
0j354ezu,7,3,0.9980055093765259
0j354ezu,7,4,0.9079561233520508
0j354ezu,7,5,0.9530000686645508
0j354ezu,7,6,0.9905997514724731
0j354ezu,7,7,1.0000001192092896
0j354ezu,7,8,0.9922989010810852
0j354ezu,7,9,0.9906414151191711
0j354ezu,7,10,0.9940490126609802
0j354ezu,7,11,0.9881759285926819
0j354ezu,7,12,0.9759469628334045
0j354ezu,7,13,0.9828769564628601
0j354ezu,7,14,0.9849337935447693
0j354ezu,7,15,0.9729985594749451
0j354ezu,7,16,0.9827112555503845
0j354ezu,7,17,0.9841596484184265
0j354ezu,8,1,0.9626089334487915
0j354ezu,8,2,0.9130756855010986
0j354ezu,8,3,0.9941976070404053
0j354ezu,8,4,0.8677597641944885
0j354ezu,8,5,0.9430741667747498
0j354ezu,8,6,0.9943565726280212
0j354ezu,8,7,0.9922989010810852
0j354ezu,8,8,1.0000001192092896
0j354ezu,8,9,0.9903553128242493
0j354ezu,8,10,0.9795026779174805
0j354ezu,8,11,0.9915370941162109
0j354ezu,8,12,0.9538356065750122
0j354ezu,8,13,0.9850648045539856
0j354ezu,8,14,0.9924498200416565
0j354ezu,8,15,0.9791779518127441
0j354ezu,8,16,0.9883430004119873
0j354ezu,8,17,0.983605682849884
0j354ezu,9,1,0.9654408693313599
0j354ezu,9,2,0.9488694071769714
0j354ezu,9,3,0.9907795190811157
0j354ezu,9,4,0.9050509333610535
0j354ezu,9,5,0.96703040599823
0j354ezu,9,6,0.9955534934997559
0j354ezu,9,7,0.9906414151191711
0j354ezu,9,8,0.9903553128242493
0j354ezu,9,9,1.0000001192092896
0j354ezu,9,10,0.9876391887664795
0j354ezu,9,11,0.989936888217926
0j354ezu,9,12,0.9691523909568787
0j354ezu,9,13,0.9921290874481201
0j354ezu,9,14,0.9943968653678894
0j354ezu,9,15,0.9862314462661743
0j354ezu,9,16,0.9931414723396301
0j354ezu,9,17,0.9946925044059753
0j354ezu,10,1,0.9766010642051697
0j354ezu,10,2,0.9626478552818298
0j354ezu,10,3,0.9919544458389282
0j354ezu,10,4,0.9369215369224548
0j354ezu,10,5,0.9634697437286377
0j354ezu,10,6,0.984287679195404
0j354ezu,10,7,0.9940490126609802
0j354ezu,10,8,0.9795026779174805
0j354ezu,10,9,0.9876391887664795
0j354ezu,10,10,1.0000001192092896
0j354ezu,10,11,0.9848537445068359
0j354ezu,10,12,0.9914215207099915
0j354ezu,10,13,0.9811878204345703
0j354ezu,10,14,0.9799203872680664
0j354ezu,10,15,0.9720063209533691
0j354ezu,10,16,0.9803646206855774
0j354ezu,10,17,0.9858675599098206
0j354ezu,11,1,0.9526480436325073
0j354ezu,11,2,0.924583911895752
0j354ezu,11,3,0.9924982190132141
0j354ezu,11,4,0.8768315315246582
0j354ezu,11,5,0.9634445905685425
0j354ezu,11,6,0.991671621799469
0j354ezu,11,7,0.9881759285926819
0j354ezu,11,8,0.9915370941162109
0j354ezu,11,9,0.989936888217926
0j354ezu,11,10,0.9848537445068359
0j354ezu,11,11,1.0
0j354ezu,11,12,0.9662145972251892
0j354ezu,11,13,0.9872914552688599
0j354ezu,11,14,0.9903002977371216
0j354ezu,11,15,0.9900362491607666
0j354ezu,11,16,0.9883248805999756
0j354ezu,11,17,0.9878679513931274
0j354ezu,12,1,0.9631403684616089
0j354ezu,12,2,0.9720360040664673
0j354ezu,12,3,0.9727371335029602
0j354ezu,12,4,0.9641430377960205
0j354ezu,12,5,0.9623326659202576
0j354ezu,12,6,0.9638307094573975
0j354ezu,12,7,0.9759469628334045
0j354ezu,12,8,0.9538356065750122
0j354ezu,12,9,0.9691523909568787
0j354ezu,12,10,0.9914215207099915
0j354ezu,12,11,0.9662145972251892
0j354ezu,12,12,1.000000238418579
0j354ezu,12,13,0.9650892615318298
0j354ezu,12,14,0.9596567153930664
0j354ezu,12,15,0.9571462273597717
0j354ezu,12,16,0.963799774646759
0j354ezu,12,17,0.9742516279220581
0j354ezu,13,1,0.9530540704727173
0j354ezu,13,2,0.9488642811775208
0j354ezu,13,3,0.9893550276756287
0j354ezu,13,4,0.9008637070655823
0j354ezu,13,5,0.9787017107009888
0j354ezu,13,6,0.9957180023193359
0j354ezu,13,7,0.9828769564628601
0j354ezu,13,8,0.9850648045539856
0j354ezu,13,9,0.9921290874481201
0j354ezu,13,10,0.9811878204345703
0j354ezu,13,11,0.9872914552688599
0j354ezu,13,12,0.9650892615318298
0j354ezu,13,13,0.9999998211860657
0j354ezu,13,14,0.9965296983718872
0j354ezu,13,15,0.9954600930213928
0j354ezu,13,16,0.998079240322113
0j354ezu,13,17,0.9972731471061707
0j354ezu,14,1,0.9568262100219727
0j354ezu,14,2,0.9345227479934692
0j354ezu,14,3,0.9896622896194458
0j354ezu,14,4,0.885739803314209
0j354ezu,14,5,0.966295063495636
0j354ezu,14,6,0.9977816343307495
0j354ezu,14,7,0.9849337935447693
0j354ezu,14,8,0.9924498200416565
0j354ezu,14,9,0.9943968653678894
0j354ezu,14,10,0.9799203872680664
0j354ezu,14,11,0.9903002977371216
0j354ezu,14,12,0.9596567153930664
0j354ezu,14,13,0.9965296983718872
0j354ezu,14,14,1.0000001192092896
0j354ezu,14,15,0.9919875860214233
0j354ezu,14,16,0.9992274045944214
0j354ezu,14,17,0.9960920810699463
0j354ezu,15,1,0.9340874552726746
0j354ezu,15,2,0.9340741634368896
0j354ezu,15,3,0.9821724891662598
0j354ezu,15,4,0.8801157474517822
0j354ezu,15,5,0.9808347821235657
0j354ezu,15,6,0.9898245334625244
0j354ezu,15,7,0.9729985594749451
0j354ezu,15,8,0.9791779518127441
0j354ezu,15,9,0.9862314462661743
0j354ezu,15,10,0.9720063209533691
0j354ezu,15,11,0.9900362491607666
0j354ezu,15,12,0.9571462273597717
0j354ezu,15,13,0.9954600930213928
0j354ezu,15,14,0.9919875860214233
0j354ezu,15,15,0.9999998807907104
0j354ezu,15,16,0.9936407804489136
0j354ezu,15,17,0.993209183216095
0j354ezu,16,1,0.9557635188102722
0j354ezu,16,2,0.942461371421814
0j354ezu,16,3,0.9880029559135437
0j354ezu,16,4,0.8948935270309448
0j354ezu,16,5,0.9728479981422424
0j354ezu,16,6,0.9969988465309143
0j354ezu,16,7,0.9827112555503845
0j354ezu,16,8,0.9883430004119873
0j354ezu,16,9,0.9931414723396301
0j354ezu,16,10,0.9803646206855774
0j354ezu,16,11,0.9883248805999756
0j354ezu,16,12,0.963799774646759
0j354ezu,16,13,0.998079240322113
0j354ezu,16,14,0.9992274045944214
0j354ezu,16,15,0.9936407804489136
0j354ezu,16,16,1.0000001192092896
0j354ezu,16,17,0.9978480935096741
0j354ezu,17,1,0.9560180306434631
0j354ezu,17,2,0.9555368423461914
0j354ezu,17,3,0.9876741766929626
0j354ezu,17,4,0.9133666157722473
0j354ezu,17,5,0.9803152084350586
0j354ezu,17,6,0.994716465473175
0j354ezu,17,7,0.9841596484184265
0j354ezu,17,8,0.983605682849884
0j354ezu,17,9,0.9946925044059753
0j354ezu,17,10,0.9858675599098206
0j354ezu,17,11,0.9878679513931274
0j354ezu,17,12,0.9742516279220581
0j354ezu,17,13,0.9972731471061707
0j354ezu,17,14,0.9960920810699463
0j354ezu,17,15,0.993209183216095
0j354ezu,17,16,0.9978480935096741
0j354ezu,17,17,1.0
0k0ka5yq,1,1,1.0
0k0ka5yq,1,2,0.9757977724075317
0k0ka5yq,2,1,0.9757977724075317
0k0ka5yq,2,2,1.0
0mpk5bxc,1,1,1.0
0mpk5bxc,1,2,0.9961076974868774
0mpk5bxc,2,1,0.9961076974868774
0mpk5bxc,2,2,1.0000001192092896
0tlww5ko,1,1,0.9999999403953552
0tlww5ko,1,2,0.9974679946899414
0tlww5ko,1,3,0.9928486347198486
0tlww5ko,2,1,0.9974679946899414
0tlww5ko,2,2,1.0
0tlww5ko,2,3,0.9889119863510132
0tlww5ko,3,1,0.9928486347198486
0tlww5ko,3,2,0.9889119863510132
0tlww5ko,3,3,1.0000001192092896
0wrf8ule,1,1,1.0
0wrf8ule,1,2,0.9943975210189819
0wrf8ule,2,1,0.9943975210189819
0wrf8ule,2,2,1.0000001192092896
0zvohcp2,1,1,0.9999999403953552
0zvohcp2,1,2,0.9915677905082703
0zvohcp2,1,3,0.9915891885757446
0zvohcp2,1,4,0.9952806830406189
0zvohcp2,1,5,0.9949726462364197
0zvohcp2,1,6,0.9868811368942261
0zvohcp2,1,7,0.9932543039321899
0zvohcp2,1,8,0.9931575059890747
0zvohcp2,1,9,0.9959200024604797
0zvohcp2,1,10,0.9928709268569946
0zvohcp2,1,11,0.9955534934997559
0zvohcp2,1,12,0.9924807548522949
0zvohcp2,1,13,0.9919664859771729
0zvohcp2,1,14,0.9955726265907288
0zvohcp2,1,15,0.9884421229362488
0zvohcp2,1,16,0.9911003708839417
0zvohcp2,1,17,0.9908714890480042
0zvohcp2,1,18,0.9919634461402893
0zvohcp2,1,19,0.9987137317657471
0zvohcp2,1,20,0.9945974349975586
0zvohcp2,1,21,0.995753824710846
0zvohcp2,2,1,0.9915677905082703
0zvohcp2,2,2,1.0
0zvohcp2,2,3,0.9844421744346619
0zvohcp2,2,4,0.994442343711853
0zvohcp2,2,5,0.9963628649711609
0zvohcp2,2,6,0.9927846193313599
0zvohcp2,2,7,0.9916630387306213
0zvohcp2,2,8,0.9973827004432678
0zvohcp2,2,9,0.9930615425109863
0zvohcp2,2,10,0.9947370886802673
0zvohcp2,2,11,0.9937984943389893
0zvohcp2,2,12,0.9963065385818481
0zvohcp2,2,13,0.9910972118377686
0zvohcp2,2,14,0.9933556914329529
0zvohcp2,2,15,0.9866421222686768
0zvohcp2,2,16,0.9887992143630981
0zvohcp2,2,17,0.9907116889953613
0zvohcp2,2,18,0.9887428283691406
0zvohcp2,2,19,0.9950758218765259
0zvohcp2,2,20,0.9961718320846558
0zvohcp2,2,21,0.9977167844772339
0zvohcp2,3,1,0.9915891885757446
0zvohcp2,3,2,0.9844421744346619
0zvohcp2,3,3,1.0000001192092896
0zvohcp2,3,4,0.9831023812294006
0zvohcp2,3,5,0.9860168099403381
0zvohcp2,3,6,0.972050666809082
0zvohcp2,3,7,0.9800968170166016
0zvohcp2,3,8,0.9903073310852051
0zvohcp2,3,9,0.9911514520645142
0zvohcp2,3,10,0.9804077744483948
0zvohcp2,3,11,0.9858899116516113
0zvohcp2,3,12,0.9868131875991821
0zvohcp2,3,13,0.9798502922058105
0zvohcp2,3,14,0.9857184886932373
0zvohcp2,3,15,0.9854610562324524
0zvohcp2,3,16,0.9849379658699036
0zvohcp2,3,17,0.978093147277832
0zvohcp2,3,18,0.989998996257782
0zvohcp2,3,19,0.9930343627929688
0zvohcp2,3,20,0.9846987724304199
0zvohcp2,3,21,0.9893108010292053
0zvohcp2,4,1,0.9952806830406189
0zvohcp2,4,2,0.994442343711853
0zvohcp2,4,3,0.9831023812294006
0zvohcp2,4,4,1.0
0zvohcp2,4,5,0.9991551041603088
0zvohcp2,4,6,0.9968183040618896
0zvohcp2,4,7,0.9988518357276917
0zvohcp2,4,8,0.99544757604599
0zvohcp2,4,9,0.9968403577804565
0zvohcp2,4,10,0.9988536238670349
0zvohcp2,4,11,0.9974590539932251
0zvohcp2,4,12,0.9939764142036438
0zvohcp2,4,13,0.996422290802002
0zvohcp2,4,14,0.9943361878395081
0zvohcp2,4,15,0.9891716837882996
0zvohcp2,4,16,0.992477536201477
0zvohcp2,4,17,0.9965755343437195
0zvohcp2,4,18,0.9929735064506531
0zvohcp2,4,19,0.996566653251648
0zvohcp2,4,20,0.9982624650001526
0zvohcp2,4,21,0.9967416524887085
0zvohcp2,5,1,0.9949726462364197
0zvohcp2,5,2,0.9963628649711609
0zvohcp2,5,3,0.9860168099403381
0zvohcp2,5,4,0.9991551041603088
0zvohcp2,5,5,1.0
0zvohcp2,5,6,0.9973170757293701
0zvohcp2,5,7,0.9985394477844238
0zvohcp2,5,8,0.9970617890357971
0zvohcp2,5,9,0.9981738924980164
0zvohcp2,5,10,0.9981520175933838
0zvohcp2,5,11,0.997780978679657
0zvohcp2,5,12,0.9961285591125488
0zvohcp2,5,13,0.9965033531188965
0zvohcp2,5,14,0.9952391982078552
0zvohcp2,5,15,0.9907822012901306
0zvohcp2,5,16,0.9942798614501953
0zvohcp2,5,17,0.9964389801025391
0zvohcp2,5,18,0.9944361448287964
0zvohcp2,5,19,0.9973975419998169
0zvohcp2,5,20,0.9987351894378662
0zvohcp2,5,21,0.9978111982345581
0zvohcp2,6,1,0.9868811368942261
0zvohcp2,6,2,0.9927846193313599
0zvohcp2,6,3,0.972050666809082
0zvohcp2,6,4,0.9968183040618896
0zvohcp2,6,5,0.9973170757293701
0zvohcp2,6,6,0.9999998211860657
0zvohcp2,6,7,0.9979221820831299
0zvohcp2,6,8,0.990971028804779
0zvohcp2,6,9,0.9927703142166138
0zvohcp2,6,10,0.9964292645454407
0zvohcp2,6,11,0.9934462308883667
0zvohcp2,6,12,0.9911074042320251
0zvohcp2,6,13,0.9947651624679565
0zvohcp2,6,14,0.9899559617042542
0zvohcp2,6,15,0.9842210412025452
0zvohcp2,6,16,0.9898655414581299
0zvohcp2,6,17,0.9951407313346863
0zvohcp2,6,18,0.9881078600883484
0zvohcp2,6,19,0.9903241395950317
0zvohcp2,6,20,0.9956494569778442
0zvohcp2,6,21,0.9921218752861023
0zvohcp2,7,1,0.9932543039321899
0zvohcp2,7,2,0.9916630387306213
0zvohcp2,7,3,0.9800968170166016
0zvohcp2,7,4,0.9988518357276917
0zvohcp2,7,5,0.9985394477844238
0zvohcp2,7,6,0.9979221820831299
0zvohcp2,7,7,0.9999999403953552
0zvohcp2,7,8,0.992608368396759
0zvohcp2,7,9,0.9968195557594299
0zvohcp2,7,10,0.9977759718894958
0zvohcp2,7,11,0.9965834021568298
0zvohcp2,7,12,0.9924800395965576
0zvohcp2,7,13,0.9971450567245483
0zvohcp2,7,14,0.9933946132659912
0zvohcp2,7,15,0.988621175289154
0zvohcp2,7,16,0.9936019778251648
0zvohcp2,7,17,0.9971747994422913
0zvohcp2,7,18,0.9930146932601929
0zvohcp2,7,19,0.994723916053772
0zvohcp2,7,20,0.9975760579109192
0zvohcp2,7,21,0.9943276643753052
0zvohcp2,8,1,0.9931575059890747
0zvohcp2,8,2,0.9973827004432678
0zvohcp2,8,3,0.9903073310852051
0zvohcp2,8,4,0.99544757604599
0zvohcp2,8,5,0.9970617890357971
0zvohcp2,8,6,0.990971028804779
0zvohcp2,8,7,0.992608368396759
0zvohcp2,8,8,1.0000001192092896
0zvohcp2,8,9,0.9967162013053894
0zvohcp2,8,10,0.9961752891540527
0zvohcp2,8,11,0.9965009093284607
0zvohcp2,8,12,0.9977840781211853
0zvohcp2,8,13,0.9934927225112915
0zvohcp2,8,14,0.9944140911102295
0zvohcp2,8,15,0.9929308295249939
0zvohcp2,8,16,0.9931560158729553
0zvohcp2,8,17,0.9936729669570923
0zvohcp2,8,18,0.9951255321502686
0zvohcp2,8,19,0.9962095618247986
0zvohcp2,8,20,0.9976698756217957
0zvohcp2,8,21,0.9989094734191895
0zvohcp2,9,1,0.9959200024604797
0zvohcp2,9,2,0.9930615425109863
0zvohcp2,9,3,0.9911514520645142
0zvohcp2,9,4,0.9968403577804565
0zvohcp2,9,5,0.9981738924980164
0zvohcp2,9,6,0.9927703142166138
0zvohcp2,9,7,0.9968195557594299
0zvohcp2,9,8,0.9967162013053894
0zvohcp2,9,9,0.9999999403953552
0zvohcp2,9,10,0.9961356520652771
0zvohcp2,9,11,0.9982984066009521
0zvohcp2,9,12,0.9964746832847595
0zvohcp2,9,13,0.99698406457901
0zvohcp2,9,14,0.9963245391845703
0zvohcp2,9,15,0.9951760172843933
0zvohcp2,9,16,0.9975293874740601
0zvohcp2,9,17,0.996265172958374
0zvohcp2,9,18,0.9983087778091431
0zvohcp2,9,19,0.9975118637084961
0zvohcp2,9,20,0.997930645942688
0zvohcp2,9,21,0.9970296621322632
0zvohcp2,10,1,0.9928709268569946
0zvohcp2,10,2,0.9947370886802673
0zvohcp2,10,3,0.9804077744483948
0zvohcp2,10,4,0.9988536238670349
0zvohcp2,10,5,0.9981520175933838
0zvohcp2,10,6,0.9964292645454407
0zvohcp2,10,7,0.9977759718894958
0zvohcp2,10,8,0.9961752891540527
0zvohcp2,10,9,0.9961356520652771
0zvohcp2,10,10,1.0000001192092896
0zvohcp2,10,11,0.9981253147125244
0zvohcp2,10,12,0.9959765672683716
0zvohcp2,10,13,0.9978626370429993
0zvohcp2,10,14,0.9953821897506714
0zvohcp2,10,15,0.9915196895599365
0zvohcp2,10,16,0.9938335418701172
0zvohcp2,10,17,0.9983357787132263
0zvohcp2,10,18,0.9933528304100037
0zvohcp2,10,19,0.9945918917655945
0zvohcp2,10,20,0.999126136302948
0zvohcp2,10,21,0.9972598552703857
0zvohcp2,11,1,0.9955534934997559
0zvohcp2,11,2,0.9937984943389893
0zvohcp2,11,3,0.9858899116516113
0zvohcp2,11,4,0.9974590539932251
0zvohcp2,11,5,0.997780978679657
0zvohcp2,11,6,0.9934462308883667
0zvohcp2,11,7,0.9965834021568298
0zvohcp2,11,8,0.9965009093284607
0zvohcp2,11,9,0.9982984066009521
0zvohcp2,11,10,0.9981253147125244
0zvohcp2,11,11,1.0000001192092896
0zvohcp2,11,12,0.9980067610740662
0zvohcp2,11,13,0.9987932443618774
0zvohcp2,11,14,0.9987130165100098
0zvohcp2,11,15,0.9961937665939331
0zvohcp2,11,16,0.9978335499763489
0zvohcp2,11,17,0.9983381032943726
0zvohcp2,11,18,0.9963182806968689
0zvohcp2,11,19,0.9964133501052856
0zvohcp2,11,20,0.998854398727417
0zvohcp2,11,21,0.9980491399765015
0zvohcp2,12,1,0.9924807548522949
0zvohcp2,12,2,0.9963065385818481
0zvohcp2,12,3,0.9868131875991821
0zvohcp2,12,4,0.9939764142036438
0zvohcp2,12,5,0.9961285591125488
0zvohcp2,12,6,0.9911074042320251
0zvohcp2,12,7,0.9924800395965576
0zvohcp2,12,8,0.9977840781211853
0zvohcp2,12,9,0.9964746832847595
0zvohcp2,12,10,0.9959765672683716
0zvohcp2,12,11,0.9980067610740662
0zvohcp2,12,12,1.0
0zvohcp2,12,13,0.9960653781890869
0zvohcp2,12,14,0.9980632066726685
0zvohcp2,12,15,0.9955989122390747
0zvohcp2,12,16,0.9963779449462891
0zvohcp2,12,17,0.995299220085144
0zvohcp2,12,18,0.9943023920059204
0zvohcp2,12,19,0.9951192736625671
0zvohcp2,12,20,0.9976667761802673
0zvohcp2,12,21,0.998633861541748
0zvohcp2,13,1,0.9919664859771729
0zvohcp2,13,2,0.9910972118377686
0zvohcp2,13,3,0.9798502922058105
0zvohcp2,13,4,0.996422290802002
0zvohcp2,13,5,0.9965033531188965
0zvohcp2,13,6,0.9947651624679565
0zvohcp2,13,7,0.9971450567245483
0zvohcp2,13,8,0.9934927225112915
0zvohcp2,13,9,0.99698406457901
0zvohcp2,13,10,0.9978626370429993
0zvohcp2,13,11,0.9987932443618774
0zvohcp2,13,12,0.9960653781890869
0zvohcp2,13,13,1.0000001192092896
0zvohcp2,13,14,0.9972535967826843
0zvohcp2,13,15,0.9957017302513123
0zvohcp2,13,16,0.9981403350830078
0zvohcp2,13,17,0.999302864074707
0zvohcp2,13,18,0.9957447052001953
0zvohcp2,13,19,0.9927558898925781
0zvohcp2,13,20,0.9979937076568604
0zvohcp2,13,21,0.9949692487716675
0zvohcp2,14,1,0.9955726265907288
0zvohcp2,14,2,0.9933556914329529
0zvohcp2,14,3,0.9857184886932373
0zvohcp2,14,4,0.9943361878395081
0zvohcp2,14,5,0.9952391982078552
0zvohcp2,14,6,0.9899559617042542
0zvohcp2,14,7,0.9933946132659912
0zvohcp2,14,8,0.9944140911102295
0zvohcp2,14,9,0.9963245391845703
0zvohcp2,14,10,0.9953821897506714
0zvohcp2,14,11,0.9987130165100098
0zvohcp2,14,12,0.9980632066726685
0zvohcp2,14,13,0.9972535967826843
0zvohcp2,14,14,0.9999997019767761
0zvohcp2,14,15,0.995417058467865
0zvohcp2,14,16,0.9970461130142212
0zvohcp2,14,17,0.9957661628723145
0zvohcp2,14,18,0.9937537312507629
0zvohcp2,14,19,0.9957483410835266
0zvohcp2,14,20,0.9968269467353821
0zvohcp2,14,21,0.9971490502357483
0zvohcp2,15,1,0.9884421229362488
0zvohcp2,15,2,0.9866421222686768
0zvohcp2,15,3,0.9854610562324524
0zvohcp2,15,4,0.9891716837882996
0zvohcp2,15,5,0.9907822012901306
0zvohcp2,15,6,0.9842210412025452
0zvohcp2,15,7,0.988621175289154
0zvohcp2,15,8,0.9929308295249939
0zvohcp2,15,9,0.9951760172843933
0zvohcp2,15,10,0.9915196895599365
0zvohcp2,15,11,0.9961937665939331
0zvohcp2,15,12,0.9955989122390747
0zvohcp2,15,13,0.9957017302513123
0zvohcp2,15,14,0.995417058467865
0zvohcp2,15,15,0.9999998211860657
0zvohcp2,15,16,0.998403787612915
0zvohcp2,15,17,0.9939983487129211
0zvohcp2,15,18,0.9968570470809937
0zvohcp2,15,19,0.9896810054779053
0zvohcp2,15,20,0.9933103322982788
0zvohcp2,15,21,0.9928048849105835
0zvohcp2,16,1,0.9911003708839417
0zvohcp2,16,2,0.9887992143630981
0zvohcp2,16,3,0.9849379658699036
0zvohcp2,16,4,0.992477536201477
0zvohcp2,16,5,0.9942798614501953
0zvohcp2,16,6,0.9898655414581299
0zvohcp2,16,7,0.9936019778251648
0zvohcp2,16,8,0.9931560158729553
0zvohcp2,16,9,0.9975293874740601
0zvohcp2,16,10,0.9938335418701172
0zvohcp2,16,11,0.9978335499763489
0zvohcp2,16,12,0.9963779449462891
0zvohcp2,16,13,0.9981403350830078
0zvohcp2,16,14,0.9970461130142212
0zvohcp2,16,15,0.998403787612915
0zvohcp2,16,16,1.0000001192092896
0zvohcp2,16,17,0.9968991875648499
0zvohcp2,16,18,0.9977800846099854
0zvohcp2,16,19,0.992218554019928
0zvohcp2,16,20,0.9958873987197876
0zvohcp2,16,21,0.9939266443252563
0zvohcp2,17,1,0.9908714890480042
0zvohcp2,17,2,0.9907116889953613
0zvohcp2,17,3,0.978093147277832
0zvohcp2,17,4,0.9965755343437195
0zvohcp2,17,5,0.9964389801025391
0zvohcp2,17,6,0.9951407313346863
0zvohcp2,17,7,0.9971747994422913
0zvohcp2,17,8,0.9936729669570923
0zvohcp2,17,9,0.996265172958374
0zvohcp2,17,10,0.9983357787132263
0zvohcp2,17,11,0.9983381032943726
0zvohcp2,17,12,0.995299220085144
0zvohcp2,17,13,0.999302864074707
0zvohcp2,17,14,0.9957661628723145
0zvohcp2,17,15,0.9939983487129211
0zvohcp2,17,16,0.9968991875648499
0zvohcp2,17,17,1.0
0zvohcp2,17,18,0.9953528642654419
0zvohcp2,17,19,0.9918472766876221
0zvohcp2,17,20,0.9982348680496216
0zvohcp2,17,21,0.994694709777832
0zvohcp2,18,1,0.9919634461402893
0zvohcp2,18,2,0.9887428283691406
0zvohcp2,18,3,0.989998996257782
0zvohcp2,18,4,0.9929735064506531
0zvohcp2,18,5,0.9944361448287964
0zvohcp2,18,6,0.9881078600883484
0zvohcp2,18,7,0.9930146932601929
0zvohcp2,18,8,0.9951255321502686
0zvohcp2,18,9,0.9983087778091431
0zvohcp2,18,10,0.9933528304100037
0zvohcp2,18,11,0.9963182806968689
0zvohcp2,18,12,0.9943023920059204
0zvohcp2,18,13,0.9957447052001953
0zvohcp2,18,14,0.9937537312507629
0zvohcp2,18,15,0.9968570470809937
0zvohcp2,18,16,0.9977800846099854
0zvohcp2,18,17,0.9953528642654419
0zvohcp2,18,18,1.000000238418579
0zvohcp2,18,19,0.9930922389030457
0zvohcp2,18,20,0.9955962896347046
0zvohcp2,18,21,0.9937086701393127
0zvohcp2,19,1,0.9987137317657471
0zvohcp2,19,2,0.9950758218765259
0zvohcp2,19,3,0.9930343627929688
0zvohcp2,19,4,0.996566653251648
0zvohcp2,19,5,0.9973975419998169
0zvohcp2,19,6,0.9903241395950317
0zvohcp2,19,7,0.994723916053772
0zvohcp2,19,8,0.9962095618247986
0zvohcp2,19,9,0.9975118637084961
0zvohcp2,19,10,0.9945918917655945
0zvohcp2,19,11,0.9964133501052856
0zvohcp2,19,12,0.9951192736625671
0zvohcp2,19,13,0.9927558898925781
0zvohcp2,19,14,0.9957483410835266
0zvohcp2,19,15,0.9896810054779053
0zvohcp2,19,16,0.992218554019928
0zvohcp2,19,17,0.9918472766876221
0zvohcp2,19,18,0.9930922389030457
0zvohcp2,19,19,1.0000001192092896
0zvohcp2,19,20,0.9963398575782776
0zvohcp2,19,21,0.9980689287185669
0zvohcp2,20,1,0.9945974349975586
0zvohcp2,20,2,0.9961718320846558
0zvohcp2,20,3,0.9846987724304199
0zvohcp2,20,4,0.9982624650001526
0zvohcp2,20,5,0.9987351894378662
0zvohcp2,20,6,0.9956494569778442
0zvohcp2,20,7,0.9975760579109192
0zvohcp2,20,8,0.9976698756217957
0zvohcp2,20,9,0.997930645942688
0zvohcp2,20,10,0.999126136302948
0zvohcp2,20,11,0.998854398727417
0zvohcp2,20,12,0.9976667761802673
0zvohcp2,20,13,0.9979937076568604
0zvohcp2,20,14,0.9968269467353821
0zvohcp2,20,15,0.9933103322982788
0zvohcp2,20,16,0.9958873987197876
0zvohcp2,20,17,0.9982348680496216
0zvohcp2,20,18,0.9955962896347046
0zvohcp2,20,19,0.9963398575782776
0zvohcp2,20,20,0.9999999403953552
0zvohcp2,20,21,0.9984803199768066
0zvohcp2,21,1,0.995753824710846
0zvohcp2,21,2,0.9977167844772339
0zvohcp2,21,3,0.9893108010292053
0zvohcp2,21,4,0.9967416524887085
0zvohcp2,21,5,0.9978111982345581
0zvohcp2,21,6,0.9921218752861023
0zvohcp2,21,7,0.9943276643753052
0zvohcp2,21,8,0.9989094734191895
0zvohcp2,21,9,0.9970296621322632
0zvohcp2,21,10,0.9972598552703857
0zvohcp2,21,11,0.9980491399765015
0zvohcp2,21,12,0.998633861541748
0zvohcp2,21,13,0.9949692487716675
0zvohcp2,21,14,0.9971490502357483
0zvohcp2,21,15,0.9928048849105835
0zvohcp2,21,16,0.9939266443252563
0zvohcp2,21,17,0.994694709777832
0zvohcp2,21,18,0.9937086701393127
0zvohcp2,21,19,0.9980689287185669
0zvohcp2,21,20,0.9984803199768066
0zvohcp2,21,21,0.9999998211860657
111e0a5c,1,1,0.9999998807907104
111e0a5c,1,2,0.9884929060935974
111e0a5c,1,3,0.9978814721107483
111e0a5c,1,4,0.9955995678901672
111e0a5c,1,5,0.9900780916213989
111e0a5c,2,1,0.9884929060935974
111e0a5c,2,2,1.0
111e0a5c,2,3,0.9839998483657837
111e0a5c,2,4,0.9908470511436462
111e0a5c,2,5,0.9888269305229187
111e0a5c,3,1,0.9978814721107483
111e0a5c,3,2,0.9839998483657837
111e0a5c,3,3,0.9999998807907104
111e0a5c,3,4,0.9966363310813904
111e0a5c,3,5,0.9925793409347534
111e0a5c,4,1,0.9955995678901672
111e0a5c,4,2,0.9908470511436462
111e0a5c,4,3,0.9966363310813904
111e0a5c,4,4,1.0
111e0a5c,4,5,0.9979843497276306
111e0a5c,5,1,0.9900780916213989
111e0a5c,5,2,0.9888269305229187
111e0a5c,5,3,0.9925793409347534
111e0a5c,5,4,0.9979843497276306
111e0a5c,5,5,1.0
15c41c4b,1,1,1.0
15c41c4b,1,2,0.9954088926315308
15c41c4b,2,1,0.9954088926315308
15c41c4b,2,2,1.0
15e7e4d1,1,1,0.9999998807907104
15e7e4d1,1,2,0.9814630150794983
15e7e4d1,2,1,0.9814630150794983
15e7e4d1,2,2,1.0
18d8931e,1,1,1.0000001192092896
18d8931e,1,2,0.9848793148994446
18d8931e,1,3,0.9899793863296509
18d8931e,1,4,0.9800993204116821
18d8931e,1,5,0.9856313467025757
18d8931e,2,1,0.9848793148994446
18d8931e,2,2,1.0000001192092896
18d8931e,2,3,0.9940582513809204
18d8931e,2,4,0.9939088821411133
18d8931e,2,5,0.9915083646774292
18d8931e,3,1,0.9899793863296509
18d8931e,3,2,0.9940582513809204
18d8931e,3,3,1.0
18d8931e,3,4,0.9856530427932739
18d8931e,3,5,0.9856058359146118
18d8931e,4,1,0.9800993204116821
18d8931e,4,2,0.9939088821411133
18d8931e,4,3,0.9856530427932739
18d8931e,4,4,1.0
18d8931e,4,5,0.9977547526359558
18d8931e,5,1,0.9856313467025757
18d8931e,5,2,0.9915083646774292
18d8931e,5,3,0.9856058359146118
18d8931e,5,4,0.9977547526359558
18d8931e,5,5,0.9999999403953552
19247506,1,1,1.0
19247506,1,2,0.9915650486946106
19247506,1,3,0.9831333756446838
19247506,2,1,0.9915650486946106
19247506,2,2,1.0
19247506,2,3,0.9884686470031738
19247506,3,1,0.9831333756446838
19247506,3,2,0.9884686470031738
19247506,3,3,0.9999999403953552
199995b5,1,1,1.0
199995b5,1,2,0.9909080266952515
199995b5,1,3,0.9918035864830017
199995b5,1,4,0.9839649200439453
199995b5,1,5,0.993398904800415
199995b5,1,6,0.9804788827896118
199995b5,2,1,0.9909080266952515
199995b5,2,2,1.0
199995b5,2,3,0.9965478777885437
199995b5,2,4,0.9975563883781433
199995b5,2,5,0.9922296404838562
199995b5,2,6,0.9628316760063171
199995b5,3,1,0.9918035864830017
199995b5,3,2,0.9965478777885437
199995b5,3,3,1.0
199995b5,3,4,0.9944441914558411
199995b5,3,5,0.9976694583892822
199995b5,3,6,0.959001362323761
199995b5,4,1,0.9839649200439453
199995b5,4,2,0.9975563883781433
199995b5,4,3,0.9944441914558411
199995b5,4,4,1.0
199995b5,4,5,0.9889786839485168
199995b5,4,6,0.9544215798377991
199995b5,5,1,0.993398904800415
199995b5,5,2,0.9922296404838562
199995b5,5,3,0.9976694583892822
199995b5,5,4,0.9889786839485168
199995b5,5,5,1.000000238418579
199995b5,5,6,0.9686709046363831
199995b5,6,1,0.9804788827896118
199995b5,6,2,0.9628316760063171
199995b5,6,3,0.959001362323761
199995b5,6,4,0.9544215798377991
199995b5,6,5,0.9686709046363831
199995b5,6,6,0.9999999403953552
1a6a731f,1,1,1.0000001192092896
1a6a731f,1,2,0.9943171143531799
1a6a731f,1,3,0.9932129383087158
1a6a731f,1,4,0.9871183633804321
1a6a731f,2,1,0.9943171143531799
1a6a731f,2,2,0.9999999403953552
1a6a731f,2,3,0.9947258234024048
1a6a731f,2,4,0.9899261593818665
1a6a731f,3,1,0.9932129383087158
1a6a731f,3,2,0.9947258234024048
1a6a731f,3,3,1.0000001192092896
1a6a731f,3,4,0.9883092045783997
1a6a731f,4,1,0.9871183633804321
1a6a731f,4,2,0.9899261593818665
1a6a731f,4,3,0.9883092045783997
1a6a731f,4,4,1.0000001192092896
1d7a23e0,1,1,0.9999998807907104
1d7a23e0,1,2,0.9830222725868225
1d7a23e0,1,3,0.995333731174469
1d7a23e0,1,4,0.9773387908935547
1d7a23e0,1,5,0.9835706353187561
1d7a23e0,1,6,0.9809218645095825
1d7a23e0,2,1,0.9830222725868225
1d7a23e0,2,2,1.0
1d7a23e0,2,3,0.9910711646080017
1d7a23e0,2,4,0.9986333847045898
1d7a23e0,2,5,0.9905324578285217
1d7a23e0,2,6,0.9942382574081421
1d7a23e0,3,1,0.995333731174469
1d7a23e0,3,2,0.9910711646080017
1d7a23e0,3,3,0.9999999403953552
1d7a23e0,3,4,0.9885565042495728
1d7a23e0,3,5,0.9945851564407349
1d7a23e0,3,6,0.9938199520111084
1d7a23e0,4,1,0.9773387908935547
1d7a23e0,4,2,0.9986333847045898
1d7a23e0,4,3,0.9885565042495728
1d7a23e0,4,4,1.0000001192092896
1d7a23e0,4,5,0.9915370941162109
1d7a23e0,4,6,0.9953410625457764
1d7a23e0,5,1,0.9835706353187561
1d7a23e0,5,2,0.9905324578285217
1d7a23e0,5,3,0.9945851564407349
1d7a23e0,5,4,0.9915370941162109
1d7a23e0,5,5,1.0000001192092896
1d7a23e0,5,6,0.9978277087211609
1d7a23e0,6,1,0.9809218645095825
1d7a23e0,6,2,0.9942382574081421
1d7a23e0,6,3,0.9938199520111084
1d7a23e0,6,4,0.9953410625457764
1d7a23e0,6,5,0.9978277087211609
1d7a23e0,6,6,0.9999999403953552
1is3mqqg,1,1,1.000000238418579
1is3mqqg,1,2,0.9992678761482239
1is3mqqg,2,1,0.9992678761482239
1is3mqqg,2,2,1.0
1mgutbc4,1,1,1.0
1mgutbc4,1,2,0.9888007044792175
1mgutbc4,1,3,0.9901540875434875
1mgutbc4,2,1,0.9888007044792175
1mgutbc4,2,2,1.0000001192092896
1mgutbc4,2,3,0.9699586629867554
1mgutbc4,3,1,0.9901540875434875
1mgutbc4,3,2,0.9699586629867554
1mgutbc4,3,3,1.0
1sbd4ima,1,1,1.000000238418579
1sbd4ima,1,2,0.9650946855545044
1sbd4ima,1,3,0.9466850161552429
1sbd4ima,2,1,0.9650946855545044
1sbd4ima,2,2,0.9999999403953552
1sbd4ima,2,3,0.9955081939697266
1sbd4ima,3,1,0.9466850161552429
1sbd4ima,3,2,0.9955081939697266
1sbd4ima,3,3,1.0000001192092896
214aeac3,1,1,1.0
214aeac3,1,2,0.9969361424446106
214aeac3,1,3,0.9787899255752563
214aeac3,1,4,0.991805374622345
214aeac3,1,5,0.981014609336853
214aeac3,1,6,0.9738503098487854
214aeac3,1,7,0.9739384055137634
214aeac3,1,8,0.9613003134727478
214aeac3,2,1,0.9969361424446106
214aeac3,2,2,1.0
214aeac3,2,3,0.9739639163017273
214aeac3,2,4,0.9898760318756104
214aeac3,2,5,0.9777440428733826
214aeac3,2,6,0.9728761315345764
214aeac3,2,7,0.9705873131752014
214aeac3,2,8,0.9616091251373291
214aeac3,3,1,0.9787899255752563
214aeac3,3,2,0.9739639163017273
214aeac3,3,3,1.0
214aeac3,3,4,0.9949390292167664
214aeac3,3,5,0.9986467361450195
214aeac3,3,6,0.998277485370636
214aeac3,3,7,0.9948651790618896
214aeac3,3,8,0.9847381114959717
214aeac3,4,1,0.991805374622345
214aeac3,4,2,0.9898760318756104
214aeac3,4,3,0.9949390292167664
214aeac3,4,4,1.0
214aeac3,4,5,0.9951919913291931
214aeac3,4,6,0.9933760762214661
214aeac3,4,7,0.993287980556488
214aeac3,4,8,0.979669988155365
214aeac3,5,1,0.981014609336853
214aeac3,5,2,0.9777440428733826
214aeac3,5,3,0.9986467361450195
214aeac3,5,4,0.9951919913291931
214aeac3,5,5,1.0000001192092896
214aeac3,5,6,0.9977602958679199
214aeac3,5,7,0.9925066232681274
214aeac3,5,8,0.9818764925003052
214aeac3,6,1,0.9738503098487854
214aeac3,6,2,0.9728761315345764
214aeac3,6,3,0.998277485370636
214aeac3,6,4,0.9933760762214661
214aeac3,6,5,0.9977602958679199
214aeac3,6,6,1.0
214aeac3,6,7,0.9938012361526489
214aeac3,6,8,0.9886146187782288
214aeac3,7,1,0.9739384055137634
214aeac3,7,2,0.9705873131752014
214aeac3,7,3,0.9948651790618896
214aeac3,7,4,0.993287980556488
214aeac3,7,5,0.9925066232681274
214aeac3,7,6,0.9938012361526489
214aeac3,7,7,1.0
214aeac3,7,8,0.974798321723938
214aeac3,8,1,0.9613003134727478
214aeac3,8,2,0.9616091251373291
214aeac3,8,3,0.9847381114959717
214aeac3,8,4,0.979669988155365
214aeac3,8,5,0.9818764925003052
214aeac3,8,6,0.9886146187782288
214aeac3,8,7,0.974798321723938
214aeac3,8,8,1.0
228a0234,1,1,1.0
228a0234,1,2,0.9933443069458008
228a0234,1,3,0.9797098636627197
228a0234,1,4,0.97414231300354
228a0234,2,1,0.9933443069458008
228a0234,2,2,0.9999998807907104
228a0234,2,3,0.9876302480697632
228a0234,2,4,0.9854312539100647
228a0234,3,1,0.9797098636627197
228a0234,3,2,0.9876302480697632
228a0234,3,3,0.9999998807907104
228a0234,3,4,0.9914425611495972
228a0234,4,1,0.97414231300354
228a0234,4,2,0.9854312539100647
228a0234,4,3,0.9914425611495972
228a0234,4,4,1.0000001192092896
22p90xzq,1,1,1.0000001192092896
22p90xzq,1,2,0.995771050453186
22p90xzq,1,3,0.9939566254615784
22p90xzq,1,4,0.9946626424789429
22p90xzq,1,5,0.9920809864997864
22p90xzq,1,6,0.9934218525886536
22p90xzq,1,7,0.9941726922988892
22p90xzq,1,8,0.9935989379882812
22p90xzq,1,9,0.9915024638175964
22p90xzq,1,10,0.9938514232635498
22p90xzq,1,11,0.9900062680244446
22p90xzq,1,12,0.9912886023521423
22p90xzq,1,13,0.9883669018745422
22p90xzq,1,14,0.9880262613296509
22p90xzq,1,15,0.9852074384689331
22p90xzq,1,16,0.9805753827095032
22p90xzq,1,17,0.974373459815979
22p90xzq,1,18,0.9849445819854736
22p90xzq,1,19,0.9777084589004517
22p90xzq,1,20,0.9811757206916809
22p90xzq,1,21,0.9793369770050049
22p90xzq,1,22,0.9785454273223877
22p90xzq,1,23,0.9816547632217407
22p90xzq,1,24,0.9730781316757202
22p90xzq,1,25,0.9790528416633606
22p90xzq,1,26,0.9746978878974915
22p90xzq,1,27,0.9787392020225525
22p90xzq,1,28,0.9812415242195129
22p90xzq,2,1,0.995771050453186
22p90xzq,2,2,0.9999999403953552
22p90xzq,2,3,0.9965956211090088
22p90xzq,2,4,0.9990092515945435
22p90xzq,2,5,0.9988499283790588
22p90xzq,2,6,0.9976047873497009
22p90xzq,2,7,0.9961272478103638
22p90xzq,2,8,0.9973663687705994
22p90xzq,2,9,0.9980168342590332
22p90xzq,2,10,0.9966400265693665
22p90xzq,2,11,0.9970516562461853
22p90xzq,2,12,0.9969587326049805
22p90xzq,2,13,0.9947776198387146
22p90xzq,2,14,0.985899031162262
22p90xzq,2,15,0.9866733551025391
22p90xzq,2,16,0.9844096302986145
22p90xzq,2,17,0.979537844657898
22p90xzq,2,18,0.9891822934150696
22p90xzq,2,19,0.9843508005142212
22p90xzq,2,20,0.9856031537055969
22p90xzq,2,21,0.9831268191337585
22p90xzq,2,22,0.984839141368866
22p90xzq,2,23,0.9879944324493408
22p90xzq,2,24,0.9799942970275879
22p90xzq,2,25,0.9866675138473511
22p90xzq,2,26,0.9818915724754333
22p90xzq,2,27,0.9829902052879333
22p90xzq,2,28,0.9873460531234741
22p90xzq,3,1,0.9939566254615784
22p90xzq,3,2,0.9965956211090088
22p90xzq,3,3,1.0
22p90xzq,3,4,0.9970265030860901
22p90xzq,3,5,0.9964240193367004
22p90xzq,3,6,0.9986475706100464
22p90xzq,3,7,0.9975701570510864
22p90xzq,3,8,0.9956637024879456
22p90xzq,3,9,0.9971193075180054
22p90xzq,3,10,0.9981048107147217
22p90xzq,3,11,0.994618833065033
22p90xzq,3,12,0.9973320364952087
22p90xzq,3,13,0.993044376373291
22p90xzq,3,14,0.9899516105651855
22p90xzq,3,15,0.9900203347206116
22p90xzq,3,16,0.9913161396980286
22p90xzq,3,17,0.9876310229301453
22p90xzq,3,18,0.9939440488815308
22p90xzq,3,19,0.9908071756362915
22p90xzq,3,20,0.9934722781181335
22p90xzq,3,21,0.9926584362983704
22p90xzq,3,22,0.9930272102355957
22p90xzq,3,23,0.9944539070129395
22p90xzq,3,24,0.9875063896179199
22p90xzq,3,25,0.9913011193275452
22p90xzq,3,26,0.9880243539810181
22p90xzq,3,27,0.9914922714233398
22p90xzq,3,28,0.9924370050430298
22p90xzq,4,1,0.9946626424789429
22p90xzq,4,2,0.9990092515945435
22p90xzq,4,3,0.9970265030860901
22p90xzq,4,4,0.9999999403953552
22p90xzq,4,5,0.9987961649894714
22p90xzq,4,6,0.9986890554428101
22p90xzq,4,7,0.9984956979751587
22p90xzq,4,8,0.9994654059410095
22p90xzq,4,9,0.9982897043228149
22p90xzq,4,10,0.998470664024353
22p90xzq,4,11,0.9985970258712769
22p90xzq,4,12,0.9976988434791565
22p90xzq,4,13,0.9951698780059814
22p90xzq,4,14,0.9829778671264648
22p90xzq,4,15,0.9834732413291931
22p90xzq,4,16,0.981905996799469
22p90xzq,4,17,0.976040780544281
22p90xzq,4,18,0.9867813587188721
22p90xzq,4,19,0.9820886254310608
22p90xzq,4,20,0.984367311000824
22p90xzq,4,21,0.9820876121520996
22p90xzq,4,22,0.9835032224655151
22p90xzq,4,23,0.9870084524154663
22p90xzq,4,24,0.9773590564727783
22p90xzq,4,25,0.9845713376998901
22p90xzq,4,26,0.9802139401435852
22p90xzq,4,27,0.9825608134269714
22p90xzq,4,28,0.9865597486495972
22p90xzq,5,1,0.9920809864997864
22p90xzq,5,2,0.9988499283790588
22p90xzq,5,3,0.9964240193367004
22p90xzq,5,4,0.9987961649894714
22p90xzq,5,5,1.0000001192092896
22p90xzq,5,6,0.9986701607704163
22p90xzq,5,7,0.996567964553833
22p90xzq,5,8,0.997569739818573
22p90xzq,5,9,0.9995590448379517
22p90xzq,5,10,0.9970722198486328
22p90xzq,5,11,0.9984118938446045
22p90xzq,5,12,0.9986075758934021
22p90xzq,5,13,0.997008740901947
22p90xzq,5,14,0.9858203530311584
22p90xzq,5,15,0.9875945448875427
22p90xzq,5,16,0.9861140251159668
22p90xzq,5,17,0.9804837703704834
22p90xzq,5,18,0.9903267621994019
22p90xzq,5,19,0.9871207475662231
22p90xzq,5,20,0.9877339601516724
22p90xzq,5,21,0.9848921895027161
22p90xzq,5,22,0.9868147969245911
22p90xzq,5,23,0.990545928478241
22p90xzq,5,24,0.9827717542648315
22p90xzq,5,25,0.9895262718200684
22p90xzq,5,26,0.9860506653785706
22p90xzq,5,27,0.9859122633934021
22p90xzq,5,28,0.9905873537063599
22p90xzq,6,1,0.9934218525886536
22p90xzq,6,2,0.9976047873497009
22p90xzq,6,3,0.9986475706100464
22p90xzq,6,4,0.9986890554428101
22p90xzq,6,5,0.9986701607704163
22p90xzq,6,6,0.9999999403953552
22p90xzq,6,7,0.9988480806350708
22p90xzq,6,8,0.9980555176734924
22p90xzq,6,9,0.9991037249565125
22p90xzq,6,10,0.9990879893302917
22p90xzq,6,11,0.9975100755691528
22p90xzq,6,12,0.9993099570274353
22p90xzq,6,13,0.9964891672134399
22p90xzq,6,14,0.9878155589103699
22p90xzq,6,15,0.9888362288475037
22p90xzq,6,16,0.9885654449462891
22p90xzq,6,17,0.9828302264213562
22p90xzq,6,18,0.992070198059082
22p90xzq,6,19,0.9886243939399719
22p90xzq,6,20,0.991036057472229
22p90xzq,6,21,0.9889702796936035
22p90xzq,6,22,0.9894578456878662
22p90xzq,6,23,0.992695689201355
22p90xzq,6,24,0.9846252202987671
22p90xzq,6,25,0.9901971817016602
22p90xzq,6,26,0.987417459487915
22p90xzq,6,27,0.9897236227989197
22p90xzq,6,28,0.9919708371162415
22p90xzq,7,1,0.9941726922988892
22p90xzq,7,2,0.9961272478103638
22p90xzq,7,3,0.9975701570510864
22p90xzq,7,4,0.9984956979751587
22p90xzq,7,5,0.996567964553833
22p90xzq,7,6,0.9988480806350708
22p90xzq,7,7,0.9999998807907104
22p90xzq,7,8,0.9989255666732788
22p90xzq,7,9,0.9969679713249207
22p90xzq,7,10,0.9993412494659424
22p90xzq,7,11,0.9970835447311401
22p90xzq,7,12,0.9975560307502747
22p90xzq,7,13,0.9944054484367371
22p90xzq,7,14,0.9843733310699463
22p90xzq,7,15,0.9839468002319336
22p90xzq,7,16,0.9829999804496765
22p90xzq,7,17,0.9763116836547852
22p90xzq,7,18,0.9869431853294373
22p90xzq,7,19,0.982554018497467
22p90xzq,7,20,0.9862277507781982
22p90xzq,7,21,0.9846352338790894
22p90xzq,7,22,0.9844245314598083
22p90xzq,7,23,0.9880357384681702
22p90xzq,7,24,0.9779694080352783
22p90xzq,7,25,0.984343945980072
22p90xzq,7,26,0.9813922047615051
22p90xzq,7,27,0.9854311943054199
22p90xzq,7,28,0.9876797199249268
22p90xzq,8,1,0.9935989379882812
22p90xzq,8,2,0.9973663687705994
22p90xzq,8,3,0.9956637024879456
22p90xzq,8,4,0.9994654059410095
22p90xzq,8,5,0.997569739818573
22p90xzq,8,6,0.9980555176734924
22p90xzq,8,7,0.9989255666732788
22p90xzq,8,8,1.0
22p90xzq,8,9,0.9972418546676636
22p90xzq,8,10,0.9984949827194214
22p90xzq,8,11,0.9987421035766602
22p90xzq,8,12,0.9970111846923828
22p90xzq,8,13,0.9947636723518372
22p90xzq,8,14,0.9798813462257385
22p90xzq,8,15,0.9797032475471497
22p90xzq,8,16,0.9780267477035522
22p90xzq,8,17,0.9711241722106934
22p90xzq,8,18,0.9831966757774353
22p90xzq,8,19,0.9783557653427124
22p90xzq,8,20,0.9813811779022217
22p90xzq,8,21,0.979057788848877
22p90xzq,8,22,0.9802587628364563
22p90xzq,8,23,0.9843137860298157
22p90xzq,8,24,0.9732599258422852
22p90xzq,8,25,0.9811968803405762
22p90xzq,8,26,0.9770839810371399
22p90xzq,8,27,0.9802442789077759
22p90xzq,8,28,0.9843330383300781
22p90xzq,9,1,0.9915024638175964
22p90xzq,9,2,0.9980168342590332
22p90xzq,9,3,0.9971193075180054
22p90xzq,9,4,0.9982897043228149
22p90xzq,9,5,0.9995590448379517
22p90xzq,9,6,0.9991037249565125
22p90xzq,9,7,0.9969679713249207
22p90xzq,9,8,0.9972418546676636
22p90xzq,9,9,1.0000001192092896
22p90xzq,9,10,0.9979819059371948
22p90xzq,9,11,0.9985426664352417
22p90xzq,9,12,0.9994807243347168
22p90xzq,9,13,0.9982967972755432
22p90xzq,9,14,0.9874213337898254
22p90xzq,9,15,0.9891752004623413
22p90xzq,9,16,0.9883195161819458
22p90xzq,9,17,0.9832344055175781
22p90xzq,9,18,0.9921044111251831
22p90xzq,9,19,0.9894430041313171
22p90xzq,9,20,0.9901357889175415
22p90xzq,9,21,0.9877755045890808
22p90xzq,9,22,0.9893110990524292
22p90xzq,9,23,0.9929086565971375
22p90xzq,9,24,0.9859654307365417
22p90xzq,9,25,0.9920433759689331
22p90xzq,9,26,0.989069402217865
22p90xzq,9,27,0.9894137382507324
22p90xzq,9,28,0.9934919476509094
22p90xzq,10,1,0.9938514232635498
22p90xzq,10,2,0.9966400265693665
22p90xzq,10,3,0.9981048107147217
22p90xzq,10,4,0.998470664024353
22p90xzq,10,5,0.9970722198486328
22p90xzq,10,6,0.9990879893302917
22p90xzq,10,7,0.9993412494659424
22p90xzq,10,8,0.9984949827194214
22p90xzq,10,9,0.9979819059371948
22p90xzq,10,10,0.9999998211860657
22p90xzq,10,11,0.9977718591690063
22p90xzq,10,12,0.9986280798912048
22p90xzq,10,13,0.996390700340271
22p90xzq,10,14,0.9850471019744873
22p90xzq,10,15,0.9853460788726807
22p90xzq,10,16,0.985038161277771
22p90xzq,10,17,0.9797980189323425
22p90xzq,10,18,0.9890332221984863
22p90xzq,10,19,0.9849668145179749
22p90xzq,10,20,0.9881975054740906
22p90xzq,10,21,0.986796498298645
22p90xzq,10,22,0.9869236946105957
22p90xzq,10,23,0.9902580380439758
22p90xzq,10,24,0.9816470146179199
22p90xzq,10,25,0.9874674677848816
22p90xzq,10,26,0.984296977519989
22p90xzq,10,27,0.9883796572685242
22p90xzq,10,28,0.9904855489730835
22p90xzq,11,1,0.9900062680244446
22p90xzq,11,2,0.9970516562461853
22p90xzq,11,3,0.994618833065033
22p90xzq,11,4,0.9985970258712769
22p90xzq,11,5,0.9984118938446045
22p90xzq,11,6,0.9975100755691528
22p90xzq,11,7,0.9970835447311401
22p90xzq,11,8,0.9987421035766602
22p90xzq,11,9,0.9985426664352417
22p90xzq,11,10,0.9977718591690063
22p90xzq,11,11,1.0
22p90xzq,11,12,0.9979310631752014
22p90xzq,11,13,0.9972727298736572
22p90xzq,11,14,0.9796070456504822
22p90xzq,11,15,0.9807466268539429
22p90xzq,11,16,0.9796333909034729
22p90xzq,11,17,0.9739697575569153
22p90xzq,11,18,0.984684407711029
22p90xzq,11,19,0.9813826084136963
22p90xzq,11,20,0.982689619064331
22p90xzq,11,21,0.9803426265716553
22p90xzq,11,22,0.9825151562690735
22p90xzq,11,23,0.9867655634880066
22p90xzq,11,24,0.9773336052894592
22p90xzq,11,25,0.9852108955383301
22p90xzq,11,26,0.9812634587287903
22p90xzq,11,27,0.982624888420105
22p90xzq,11,28,0.9879096746444702
22p90xzq,12,1,0.9912886023521423
22p90xzq,12,2,0.9969587326049805
22p90xzq,12,3,0.9973320364952087
22p90xzq,12,4,0.9976988434791565
22p90xzq,12,5,0.9986075758934021
22p90xzq,12,6,0.9993099570274353
22p90xzq,12,7,0.9975560307502747
22p90xzq,12,8,0.9970111846923828
22p90xzq,12,9,0.9994807243347168
22p90xzq,12,10,0.9986280798912048
22p90xzq,12,11,0.9979310631752014
22p90xzq,12,12,1.000000238418579
22p90xzq,12,13,0.9985335469245911
22p90xzq,12,14,0.9869515895843506
22p90xzq,12,15,0.9890118837356567
22p90xzq,12,16,0.9887015223503113
22p90xzq,12,17,0.9835346937179565
22p90xzq,12,18,0.992408275604248
22p90xzq,12,19,0.989507257938385
22p90xzq,12,20,0.9911937713623047
22p90xzq,12,21,0.9889244437217712
22p90xzq,12,22,0.9897703528404236
22p90xzq,12,23,0.9934080839157104
22p90xzq,12,24,0.9863752722740173
22p90xzq,12,25,0.9920400381088257
22p90xzq,12,26,0.989551305770874
22p90xzq,12,27,0.9911032319068909
22p90xzq,12,28,0.9938752055168152
22p90xzq,13,1,0.9883669018745422
22p90xzq,13,2,0.9947776198387146
22p90xzq,13,3,0.993044376373291
22p90xzq,13,4,0.9951698780059814
22p90xzq,13,5,0.997008740901947
22p90xzq,13,6,0.9964891672134399
22p90xzq,13,7,0.9944054484367371
22p90xzq,13,8,0.9947636723518372
22p90xzq,13,9,0.9982967972755432
22p90xzq,13,10,0.996390700340271
22p90xzq,13,11,0.9972727298736572
22p90xzq,13,12,0.9985335469245911
22p90xzq,13,13,1.0000001192092896
22p90xzq,13,14,0.9846258163452148
22p90xzq,13,15,0.987069308757782
22p90xzq,13,16,0.9848822951316833
22p90xzq,13,17,0.9794119596481323
22p90xzq,13,18,0.9892243146896362
22p90xzq,13,19,0.9864232540130615
22p90xzq,13,20,0.9868712425231934
22p90xzq,13,21,0.9841418266296387
22p90xzq,13,22,0.9851304292678833
22p90xzq,13,23,0.9901830554008484
22p90xzq,13,24,0.9840488433837891
22p90xzq,13,25,0.9907324314117432
22p90xzq,13,26,0.9885520339012146
22p90xzq,13,27,0.9887286424636841
22p90xzq,13,28,0.9933584332466125
22p90xzq,14,1,0.9880262613296509
22p90xzq,14,2,0.985899031162262
22p90xzq,14,3,0.9899516105651855
22p90xzq,14,4,0.9829778671264648
22p90xzq,14,5,0.9858203530311584
22p90xzq,14,6,0.9878155589103699
22p90xzq,14,7,0.9843733310699463
22p90xzq,14,8,0.9798813462257385
22p90xzq,14,9,0.9874213337898254
22p90xzq,14,10,0.9850471019744873
22p90xzq,14,11,0.9796070456504822
22p90xzq,14,12,0.9869515895843506
22p90xzq,14,13,0.9846258163452148
22p90xzq,14,14,0.9999998211860657
22p90xzq,14,15,0.9983475804328918
22p90xzq,14,16,0.9952957630157471
22p90xzq,14,17,0.9905688762664795
22p90xzq,14,18,0.9952553510665894
22p90xzq,14,19,0.9931869506835938
22p90xzq,14,20,0.9927953481674194
22p90xzq,14,21,0.9917157292366028
22p90xzq,14,22,0.9900528192520142
22p90xzq,14,23,0.9920775294303894
22p90xzq,14,24,0.9905035495758057
22p90xzq,14,25,0.9921632409095764
22p90xzq,14,26,0.9918292760848999
22p90xzq,14,27,0.9908847808837891
22p90xzq,14,28,0.9924719929695129
22p90xzq,15,1,0.9852074384689331
22p90xzq,15,2,0.9866733551025391
22p90xzq,15,3,0.9900203347206116
22p90xzq,15,4,0.9834732413291931
22p90xzq,15,5,0.9875945448875427
22p90xzq,15,6,0.9888362288475037
22p90xzq,15,7,0.9839468002319336
22p90xzq,15,8,0.9797032475471497
22p90xzq,15,9,0.9891752004623413
22p90xzq,15,10,0.9853460788726807
22p90xzq,15,11,0.9807466268539429
22p90xzq,15,12,0.9890118837356567
22p90xzq,15,13,0.987069308757782
22p90xzq,15,14,0.9983475804328918
22p90xzq,15,15,1.0
22p90xzq,15,16,0.9976983070373535
22p90xzq,15,17,0.9936357140541077
22p90xzq,15,18,0.9980190992355347
22p90xzq,15,19,0.9961592555046082
22p90xzq,15,20,0.9952785968780518
22p90xzq,15,21,0.9936533570289612
22p90xzq,15,22,0.9920268654823303
22p90xzq,15,23,0.9946638941764832
22p90xzq,15,24,0.9939864277839661
22p90xzq,15,25,0.9956003427505493
22p90xzq,15,26,0.9952672719955444
22p90xzq,15,27,0.9935097098350525
22p90xzq,15,28,0.9945971369743347
22p90xzq,16,1,0.9805753827095032
22p90xzq,16,2,0.9844096302986145
22p90xzq,16,3,0.9913161396980286
22p90xzq,16,4,0.981905996799469
22p90xzq,16,5,0.9861140251159668
22p90xzq,16,6,0.9885654449462891
22p90xzq,16,7,0.9829999804496765
22p90xzq,16,8,0.9780267477035522
22p90xzq,16,9,0.9883195161819458
22p90xzq,16,10,0.985038161277771
22p90xzq,16,11,0.9796333909034729
22p90xzq,16,12,0.9887015223503113
22p90xzq,16,13,0.9848822951316833
22p90xzq,16,14,0.9952957630157471
22p90xzq,16,15,0.9976983070373535
22p90xzq,16,16,0.9999999403953552
22p90xzq,16,17,0.9982804656028748
22p90xzq,16,18,0.9993217587471008
22p90xzq,16,19,0.9992462992668152
22p90xzq,16,20,0.9991436004638672
22p90xzq,16,21,0.9985172748565674
22p90xzq,16,22,0.9975786805152893
22p90xzq,16,23,0.9982645511627197
22p90xzq,16,24,0.998131513595581
22p90xzq,16,25,0.9978018403053284
22p90xzq,16,26,0.9973498582839966
22p90xzq,16,27,0.9971383213996887
22p90xzq,16,28,0.9960015416145325
22p90xzq,17,1,0.974373459815979
22p90xzq,17,2,0.979537844657898
22p90xzq,17,3,0.9876310229301453
22p90xzq,17,4,0.976040780544281
22p90xzq,17,5,0.9804837703704834
22p90xzq,17,6,0.9828302264213562
22p90xzq,17,7,0.9763116836547852
22p90xzq,17,8,0.9711241722106934
22p90xzq,17,9,0.9832344055175781
22p90xzq,17,10,0.9797980189323425
22p90xzq,17,11,0.9739697575569153
22p90xzq,17,12,0.9835346937179565
22p90xzq,17,13,0.9794119596481323
22p90xzq,17,14,0.9905688762664795
22p90xzq,17,15,0.9936357140541077
22p90xzq,17,16,0.9982804656028748
22p90xzq,17,17,0.9999998807907104
22p90xzq,17,18,0.9971792101860046
22p90xzq,17,19,0.9979836940765381
22p90xzq,17,20,0.9973964095115662
22p90xzq,17,21,0.9979156851768494
22p90xzq,17,22,0.9976625442504883
22p90xzq,17,23,0.9966742396354675
22p90xzq,17,24,0.9987090229988098
22p90xzq,17,25,0.9966481924057007
22p90xzq,17,26,0.9952961206436157
22p90xzq,17,27,0.99568110704422
22p90xzq,17,28,0.9936842918395996
22p90xzq,18,1,0.9849445819854736
22p90xzq,18,2,0.9891822934150696
22p90xzq,18,3,0.9939440488815308
22p90xzq,18,4,0.9867813587188721
22p90xzq,18,5,0.9903267621994019
22p90xzq,18,6,0.992070198059082
22p90xzq,18,7,0.9869431853294373
22p90xzq,18,8,0.9831966757774353
22p90xzq,18,9,0.9921044111251831
22p90xzq,18,10,0.9890332221984863
22p90xzq,18,11,0.984684407711029
22p90xzq,18,12,0.992408275604248
22p90xzq,18,13,0.9892243146896362
22p90xzq,18,14,0.9952553510665894
22p90xzq,18,15,0.9980190992355347
22p90xzq,18,16,0.9993217587471008
22p90xzq,18,17,0.9971792101860046
22p90xzq,18,18,1.0000001192092896
22p90xzq,18,19,0.9987366199493408
22p90xzq,18,20,0.9988048076629639
22p90xzq,18,21,0.9977144002914429
22p90xzq,18,22,0.9971868395805359
22p90xzq,18,23,0.9985575079917908
22p90xzq,18,24,0.9971455931663513
22p90xzq,18,25,0.9982534646987915
22p90xzq,18,26,0.9968167543411255
22p90xzq,18,27,0.9968256950378418
22p90xzq,18,28,0.9966055750846863
22p90xzq,19,1,0.9777084589004517
22p90xzq,19,2,0.9843508005142212
22p90xzq,19,3,0.9908071756362915
22p90xzq,19,4,0.9820886254310608
22p90xzq,19,5,0.9871207475662231
22p90xzq,19,6,0.9886243939399719
22p90xzq,19,7,0.982554018497467
22p90xzq,19,8,0.9783557653427124
22p90xzq,19,9,0.9894430041313171
22p90xzq,19,10,0.9849668145179749
22p90xzq,19,11,0.9813826084136963
22p90xzq,19,12,0.989507257938385
22p90xzq,19,13,0.9864232540130615
22p90xzq,19,14,0.9931869506835938
22p90xzq,19,15,0.9961592555046082
22p90xzq,19,16,0.9992462992668152
22p90xzq,19,17,0.9979836940765381
22p90xzq,19,18,0.9987366199493408
22p90xzq,19,19,0.9999999403953552
22p90xzq,19,20,0.9988479614257812
22p90xzq,19,21,0.9981014132499695
22p90xzq,19,22,0.9984498620033264
22p90xzq,19,23,0.9990893006324768
22p90xzq,19,24,0.9990508556365967
22p90xzq,19,25,0.9991670846939087
22p90xzq,19,26,0.9986932277679443
22p90xzq,19,27,0.9973546862602234
22p90xzq,19,28,0.9974037408828735
22p90xzq,20,1,0.9811757206916809
22p90xzq,20,2,0.9856031537055969
22p90xzq,20,3,0.9934722781181335
22p90xzq,20,4,0.984367311000824
22p90xzq,20,5,0.9877339601516724
22p90xzq,20,6,0.991036057472229
22p90xzq,20,7,0.9862277507781982
22p90xzq,20,8,0.9813811779022217
22p90xzq,20,9,0.9901357889175415
22p90xzq,20,10,0.9881975054740906
22p90xzq,20,11,0.982689619064331
22p90xzq,20,12,0.9911937713623047
22p90xzq,20,13,0.9868712425231934
22p90xzq,20,14,0.9927953481674194
22p90xzq,20,15,0.9952785968780518
22p90xzq,20,16,0.9991436004638672
22p90xzq,20,17,0.9973964095115662
22p90xzq,20,18,0.9988048076629639
22p90xzq,20,19,0.9988479614257812
22p90xzq,20,20,1.0000001192092896
22p90xzq,20,21,0.9995133280754089
22p90xzq,20,22,0.9987281560897827
22p90xzq,20,23,0.9993040561676025
22p90xzq,20,24,0.9977642297744751
22p90xzq,20,25,0.9976478219032288
22p90xzq,20,26,0.997061550617218
22p90xzq,20,27,0.998491644859314
22p90xzq,20,28,0.9964840412139893
22p90xzq,21,1,0.9793369770050049
22p90xzq,21,2,0.9831268191337585
22p90xzq,21,3,0.9926584362983704
22p90xzq,21,4,0.9820876121520996
22p90xzq,21,5,0.9848921895027161
22p90xzq,21,6,0.9889702796936035
22p90xzq,21,7,0.9846352338790894
22p90xzq,21,8,0.979057788848877
22p90xzq,21,9,0.9877755045890808
22p90xzq,21,10,0.986796498298645
22p90xzq,21,11,0.9803426265716553
22p90xzq,21,12,0.9889244437217712
22p90xzq,21,13,0.9841418266296387
22p90xzq,21,14,0.9917157292366028
22p90xzq,21,15,0.9936533570289612
22p90xzq,21,16,0.9985172748565674
22p90xzq,21,17,0.9979156851768494
22p90xzq,21,18,0.9977144002914429
22p90xzq,21,19,0.9981014132499695
22p90xzq,21,20,0.9995133280754089
22p90xzq,21,21,0.9999997019767761
22p90xzq,21,22,0.9989027380943298
22p90xzq,21,23,0.998770534992218
22p90xzq,21,24,0.9976519346237183
22p90xzq,21,25,0.9966817498207092
22p90xzq,21,26,0.9959343075752258
22p90xzq,21,27,0.9983302354812622
22p90xzq,21,28,0.9956267476081848
22p90xzq,22,1,0.9785454273223877
22p90xzq,22,2,0.984839141368866
22p90xzq,22,3,0.9930272102355957
22p90xzq,22,4,0.9835032224655151
22p90xzq,22,5,0.9868147969245911
22p90xzq,22,6,0.9894578456878662
22p90xzq,22,7,0.9844245314598083
22p90xzq,22,8,0.9802587628364563
22p90xzq,22,9,0.9893110990524292
22p90xzq,22,10,0.9869236946105957
22p90xzq,22,11,0.9825151562690735
22p90xzq,22,12,0.9897703528404236
22p90xzq,22,13,0.9851304292678833
22p90xzq,22,14,0.9900528192520142
22p90xzq,22,15,0.9920268654823303
22p90xzq,22,16,0.9975786805152893
22p90xzq,22,17,0.9976625442504883
22p90xzq,22,18,0.9971868395805359
22p90xzq,22,19,0.9984498620033264
22p90xzq,22,20,0.9987281560897827
22p90xzq,22,21,0.9989027380943298
22p90xzq,22,22,0.9999998211860657
22p90xzq,22,23,0.999036967754364
22p90xzq,22,24,0.9977883696556091
22p90xzq,22,25,0.9974220395088196
22p90xzq,22,26,0.9959462285041809
22p90xzq,22,27,0.9970151782035828
22p90xzq,22,28,0.9961084723472595
22p90xzq,23,1,0.9816547632217407
22p90xzq,23,2,0.9879944324493408
22p90xzq,23,3,0.9944539070129395
22p90xzq,23,4,0.9870084524154663
22p90xzq,23,5,0.990545928478241
22p90xzq,23,6,0.992695689201355
22p90xzq,23,7,0.9880357384681702
22p90xzq,23,8,0.9843137860298157
22p90xzq,23,9,0.9929086565971375
22p90xzq,23,10,0.9902580380439758
22p90xzq,23,11,0.9867655634880066
22p90xzq,23,12,0.9934080839157104
22p90xzq,23,13,0.9901830554008484
22p90xzq,23,14,0.9920775294303894
22p90xzq,23,15,0.9946638941764832
22p90xzq,23,16,0.9982645511627197
22p90xzq,23,17,0.9966742396354675
22p90xzq,23,18,0.9985575079917908
22p90xzq,23,19,0.9990893006324768
22p90xzq,23,20,0.9993040561676025
22p90xzq,23,21,0.998770534992218
22p90xzq,23,22,0.999036967754364
22p90xzq,23,23,1.0000001192092896
22p90xzq,23,24,0.9979436993598938
22p90xzq,23,25,0.9989268183708191
22p90xzq,23,26,0.9978341460227966
22p90xzq,23,27,0.998381495475769
22p90xzq,23,28,0.9981379508972168
22p90xzq,24,1,0.9730781316757202
22p90xzq,24,2,0.9799942970275879
22p90xzq,24,3,0.9875063896179199
22p90xzq,24,4,0.9773590564727783
22p90xzq,24,5,0.9827717542648315
22p90xzq,24,6,0.9846252202987671
22p90xzq,24,7,0.9779694080352783
22p90xzq,24,8,0.9732599258422852
22p90xzq,24,9,0.9859654307365417
22p90xzq,24,10,0.9816470146179199
22p90xzq,24,11,0.9773336052894592
22p90xzq,24,12,0.9863752722740173
22p90xzq,24,13,0.9840488433837891
22p90xzq,24,14,0.9905035495758057
22p90xzq,24,15,0.9939864277839661
22p90xzq,24,16,0.998131513595581
22p90xzq,24,17,0.9987090229988098
22p90xzq,24,18,0.9971455931663513
22p90xzq,24,19,0.9990508556365967
22p90xzq,24,20,0.9977642297744751
22p90xzq,24,21,0.9976519346237183
22p90xzq,24,22,0.9977883696556091
22p90xzq,24,23,0.9979436993598938
22p90xzq,24,24,0.9999998807907104
22p90xzq,24,25,0.9988049268722534
22p90xzq,24,26,0.9985766410827637
22p90xzq,24,27,0.9977931380271912
22p90xzq,24,28,0.9970049262046814
22p90xzq,25,1,0.9790528416633606
22p90xzq,25,2,0.9866675138473511
22p90xzq,25,3,0.9913011193275452
22p90xzq,25,4,0.9845713376998901
22p90xzq,25,5,0.9895262718200684
22p90xzq,25,6,0.9901971817016602
22p90xzq,25,7,0.984343945980072
22p90xzq,25,8,0.9811968803405762
22p90xzq,25,9,0.9920433759689331
22p90xzq,25,10,0.9874674677848816
22p90xzq,25,11,0.9852108955383301
22p90xzq,25,12,0.9920400381088257
22p90xzq,25,13,0.9907324314117432
22p90xzq,25,14,0.9921632409095764
22p90xzq,25,15,0.9956003427505493
22p90xzq,25,16,0.9978018403053284
22p90xzq,25,17,0.9966481924057007
22p90xzq,25,18,0.9982534646987915
22p90xzq,25,19,0.9991670846939087
22p90xzq,25,20,0.9976478219032288
22p90xzq,25,21,0.9966817498207092
22p90xzq,25,22,0.9974220395088196
22p90xzq,25,23,0.9989268183708191
22p90xzq,25,24,0.9988049268722534
22p90xzq,25,25,1.000000238418579
22p90xzq,25,26,0.9991381764411926
22p90xzq,25,27,0.9976258873939514
22p90xzq,25,28,0.9989253282546997
22p90xzq,26,1,0.9746978878974915
22p90xzq,26,2,0.9818915724754333
22p90xzq,26,3,0.9880243539810181
22p90xzq,26,4,0.9802139401435852
22p90xzq,26,5,0.9860506653785706
22p90xzq,26,6,0.987417459487915
22p90xzq,26,7,0.9813922047615051
22p90xzq,26,8,0.9770839810371399
22p90xzq,26,9,0.989069402217865
22p90xzq,26,10,0.984296977519989
22p90xzq,26,11,0.9812634587287903
22p90xzq,26,12,0.989551305770874
22p90xzq,26,13,0.9885520339012146
22p90xzq,26,14,0.9918292760848999
22p90xzq,26,15,0.9952672719955444
22p90xzq,26,16,0.9973498582839966
22p90xzq,26,17,0.9952961206436157
22p90xzq,26,18,0.9968167543411255
22p90xzq,26,19,0.9986932277679443
22p90xzq,26,20,0.997061550617218
22p90xzq,26,21,0.9959343075752258
22p90xzq,26,22,0.9959462285041809
22p90xzq,26,23,0.9978341460227966
22p90xzq,26,24,0.9985766410827637
22p90xzq,26,25,0.9991381764411926
22p90xzq,26,26,1.0
22p90xzq,26,27,0.9979120492935181
22p90xzq,26,28,0.998740553855896
22p90xzq,27,1,0.9787392020225525
22p90xzq,27,2,0.9829902052879333
22p90xzq,27,3,0.9914922714233398
22p90xzq,27,4,0.9825608134269714
22p90xzq,27,5,0.9859122633934021
22p90xzq,27,6,0.9897236227989197
22p90xzq,27,7,0.9854311943054199
22p90xzq,27,8,0.9802442789077759
22p90xzq,27,9,0.9894137382507324
22p90xzq,27,10,0.9883796572685242
22p90xzq,27,11,0.982624888420105
22p90xzq,27,12,0.9911032319068909
22p90xzq,27,13,0.9887286424636841
22p90xzq,27,14,0.9908847808837891
22p90xzq,27,15,0.9935097098350525
22p90xzq,27,16,0.9971383213996887
22p90xzq,27,17,0.99568110704422
22p90xzq,27,18,0.9968256950378418
22p90xzq,27,19,0.9973546862602234
22p90xzq,27,20,0.998491644859314
22p90xzq,27,21,0.9983302354812622
22p90xzq,27,22,0.9970151782035828
22p90xzq,27,23,0.998381495475769
22p90xzq,27,24,0.9977931380271912
22p90xzq,27,25,0.9976258873939514
22p90xzq,27,26,0.9979120492935181
22p90xzq,27,27,0.9999998807907104
22p90xzq,27,28,0.9979842305183411
22p90xzq,28,1,0.9812415242195129
22p90xzq,28,2,0.9873460531234741
22p90xzq,28,3,0.9924370050430298
22p90xzq,28,4,0.9865597486495972
22p90xzq,28,5,0.9905873537063599
22p90xzq,28,6,0.9919708371162415
22p90xzq,28,7,0.9876797199249268
22p90xzq,28,8,0.9843330383300781
22p90xzq,28,9,0.9934919476509094
22p90xzq,28,10,0.9904855489730835
22p90xzq,28,11,0.9879096746444702
22p90xzq,28,12,0.9938752055168152
22p90xzq,28,13,0.9933584332466125
22p90xzq,28,14,0.9924719929695129
22p90xzq,28,15,0.9945971369743347
22p90xzq,28,16,0.9960015416145325
22p90xzq,28,17,0.9936842918395996
22p90xzq,28,18,0.9966055750846863
22p90xzq,28,19,0.9974037408828735
22p90xzq,28,20,0.9964840412139893
22p90xzq,28,21,0.9956267476081848
22p90xzq,28,22,0.9961084723472595
22p90xzq,28,23,0.9981379508972168
22p90xzq,28,24,0.9970049262046814
22p90xzq,28,25,0.9989253282546997
22p90xzq,28,26,0.998740553855896
22p90xzq,28,27,0.9979842305183411
22p90xzq,28,28,0.9999999403953552
23454d80,1,1,1.000000238418579
23454d80,1,2,0.9847365021705627
23454d80,1,3,0.988044023513794
23454d80,1,4,0.9938669204711914
23454d80,1,5,0.9597664475440979
23454d80,2,1,0.9847365021705627
23454d80,2,2,1.0
23454d80,2,3,0.9896126389503479
23454d80,2,4,0.9879093170166016
23454d80,2,5,0.9398479461669922
23454d80,3,1,0.988044023513794
23454d80,3,2,0.9896126389503479
23454d80,3,3,1.0
23454d80,3,4,0.9864837527275085
23454d80,3,5,0.9488786458969116
23454d80,4,1,0.9938669204711914
23454d80,4,2,0.9879093170166016
23454d80,4,3,0.9864837527275085
23454d80,4,4,1.0
23454d80,4,5,0.9677128195762634
23454d80,5,1,0.9597664475440979
23454d80,5,2,0.9398479461669922
23454d80,5,3,0.9488786458969116
23454d80,5,4,0.9677128195762634
23454d80,5,5,1.0
23b9a3ea,1,1,0.9999998807907104
23b9a3ea,1,2,0.9971187114715576
23b9a3ea,1,3,0.9903628826141357
23b9a3ea,1,4,0.9938848614692688
23b9a3ea,1,5,0.9828659892082214
23b9a3ea,1,6,0.9926652908325195
23b9a3ea,1,7,0.9947724938392639
23b9a3ea,1,8,0.9925931692123413
23b9a3ea,1,9,0.9817028045654297
23b9a3ea,1,10,0.9931106567382812
23b9a3ea,1,11,0.9804644584655762
23b9a3ea,1,12,0.9850963354110718
23b9a3ea,1,13,0.9788210988044739
23b9a3ea,1,14,0.9715939164161682
23b9a3ea,2,1,0.9971187114715576
23b9a3ea,2,2,0.9999998807907104
23b9a3ea,2,3,0.9861747026443481
23b9a3ea,2,4,0.9924545884132385
23b9a3ea,2,5,0.9830483198165894
23b9a3ea,2,6,0.9975289702415466
23b9a3ea,2,7,0.9961051940917969
23b9a3ea,2,8,0.9865003824234009
23b9a3ea,2,9,0.981568455696106
23b9a3ea,2,10,0.988905131816864
23b9a3ea,2,11,0.9772953987121582
23b9a3ea,2,12,0.9771907925605774
23b9a3ea,2,13,0.9692666530609131
23b9a3ea,2,14,0.9701976776123047
23b9a3ea,3,1,0.9903628826141357
23b9a3ea,3,2,0.9861747026443481
23b9a3ea,3,3,1.0000001192092896
23b9a3ea,3,4,0.9899684190750122
23b9a3ea,3,5,0.9831075668334961
23b9a3ea,3,6,0.9845295548439026
23b9a3ea,3,7,0.9819915294647217
23b9a3ea,3,8,0.9950688481330872
23b9a3ea,3,9,0.9733679890632629
23b9a3ea,3,10,0.9823291897773743
23b9a3ea,3,11,0.9852554798126221
23b9a3ea,3,12,0.9920995831489563
23b9a3ea,3,13,0.9802945852279663
23b9a3ea,3,14,0.9670606851577759
23b9a3ea,4,1,0.9938848614692688
23b9a3ea,4,2,0.9924545884132385
23b9a3ea,4,3,0.9899684190750122
23b9a3ea,4,4,1.0
23b9a3ea,4,5,0.9961399435997009
23b9a3ea,4,6,0.9919366836547852
23b9a3ea,4,7,0.9883192777633667
23b9a3ea,4,8,0.9903453588485718
23b9a3ea,4,9,0.9922561645507812
23b9a3ea,4,10,0.989025354385376
23b9a3ea,4,11,0.9936327934265137
23b9a3ea,4,12,0.9858173727989197
23b9a3ea,4,13,0.9810130596160889
23b9a3ea,4,14,0.9824706315994263
23b9a3ea,5,1,0.9828659892082214
23b9a3ea,5,2,0.9830483198165894
23b9a3ea,5,3,0.9831075668334961
23b9a3ea,5,4,0.9961399435997009
23b9a3ea,5,5,0.9999998807907104
23b9a3ea,5,6,0.9865109324455261
23b9a3ea,5,7,0.9758685827255249
23b9a3ea,5,8,0.9801049828529358
23b9a3ea,5,9,0.9948063492774963
23b9a3ea,5,10,0.9769957661628723
23b9a3ea,5,11,0.9955230951309204
23b9a3ea,5,12,0.9755333065986633
23b9a3ea,5,13,0.9725931882858276
23b9a3ea,5,14,0.9891054034233093
23b9a3ea,6,1,0.9926652908325195
23b9a3ea,6,2,0.9975289702415466
23b9a3ea,6,3,0.9845295548439026
23b9a3ea,6,4,0.9919366836547852
23b9a3ea,6,5,0.9865109324455261
23b9a3ea,6,6,1.0000001192092896
23b9a3ea,6,7,0.9932524561882019
23b9a3ea,6,8,0.9837908744812012
23b9a3ea,6,9,0.9831624031066895
23b9a3ea,6,10,0.9862683415412903
23b9a3ea,6,11,0.9777828454971313
23b9a3ea,6,12,0.9754959940910339
23b9a3ea,6,13,0.97080397605896
23b9a3ea,6,14,0.9751403331756592
23b9a3ea,7,1,0.9947724938392639
23b9a3ea,7,2,0.9961051940917969
23b9a3ea,7,3,0.9819915294647217
23b9a3ea,7,4,0.9883192777633667
23b9a3ea,7,5,0.9758685827255249
23b9a3ea,7,6,0.9932524561882019
23b9a3ea,7,7,0.9999999403953552
23b9a3ea,7,8,0.9842993021011353
23b9a3ea,7,9,0.9744853973388672
23b9a3ea,7,10,0.995546817779541
23b9a3ea,7,11,0.9688401818275452
23b9a3ea,7,12,0.9785584211349487
23b9a3ea,7,13,0.9748557209968567
23b9a3ea,7,14,0.9551692605018616
23b9a3ea,8,1,0.9925931692123413
23b9a3ea,8,2,0.9865003824234009
23b9a3ea,8,3,0.9950688481330872
23b9a3ea,8,4,0.9903453588485718
23b9a3ea,8,5,0.9801049828529358
23b9a3ea,8,6,0.9837908744812012
23b9a3ea,8,7,0.9842993021011353
23b9a3ea,8,8,0.9999999403953552
23b9a3ea,8,9,0.9706473350524902
23b9a3ea,8,10,0.9870447516441345
23b9a3ea,8,11,0.9803512096405029
23b9a3ea,8,12,0.9972249269485474
23b9a3ea,8,13,0.9883437752723694
23b9a3ea,8,14,0.9646541476249695
23b9a3ea,9,1,0.9817028045654297
23b9a3ea,9,2,0.981568455696106
23b9a3ea,9,3,0.9733679890632629
23b9a3ea,9,4,0.9922561645507812
23b9a3ea,9,5,0.9948063492774963
23b9a3ea,9,6,0.9831624031066895
23b9a3ea,9,7,0.9744853973388672
23b9a3ea,9,8,0.9706473350524902
23b9a3ea,9,9,1.0
23b9a3ea,9,10,0.977340817451477
23b9a3ea,9,11,0.9927732348442078
23b9a3ea,9,12,0.9640592336654663
23b9a3ea,9,13,0.9667287468910217
23b9a3ea,9,14,0.9901191592216492
23b9a3ea,10,1,0.9931106567382812
23b9a3ea,10,2,0.988905131816864
23b9a3ea,10,3,0.9823291897773743
23b9a3ea,10,4,0.989025354385376
23b9a3ea,10,5,0.9769957661628723
23b9a3ea,10,6,0.9862683415412903
23b9a3ea,10,7,0.995546817779541
23b9a3ea,10,8,0.9870447516441345
23b9a3ea,10,9,0.977340817451477
23b9a3ea,10,10,1.0000001192092896
23b9a3ea,10,11,0.9735132455825806
23b9a3ea,10,12,0.9856424927711487
23b9a3ea,10,13,0.9886022210121155
23b9a3ea,10,14,0.9577289819717407
23b9a3ea,11,1,0.9804644584655762
23b9a3ea,11,2,0.9772953987121582
23b9a3ea,11,3,0.9852554798126221
23b9a3ea,11,4,0.9936327934265137
23b9a3ea,11,5,0.9955230951309204
23b9a3ea,11,6,0.9777828454971313
23b9a3ea,11,7,0.9688401818275452
23b9a3ea,11,8,0.9803512096405029
23b9a3ea,11,9,0.9927732348442078
23b9a3ea,11,10,0.9735132455825806
23b9a3ea,11,11,0.9999999403953552
23b9a3ea,11,12,0.9777368903160095
23b9a3ea,11,13,0.9724273681640625
23b9a3ea,11,14,0.9844781160354614
23b9a3ea,12,1,0.9850963354110718
23b9a3ea,12,2,0.9771907925605774
23b9a3ea,12,3,0.9920995831489563
23b9a3ea,12,4,0.9858173727989197
23b9a3ea,12,5,0.9755333065986633
23b9a3ea,12,6,0.9754959940910339
23b9a3ea,12,7,0.9785584211349487
23b9a3ea,12,8,0.9972249269485474
23b9a3ea,12,9,0.9640592336654663
23b9a3ea,12,10,0.9856424927711487
23b9a3ea,12,11,0.9777368903160095
23b9a3ea,12,12,1.0
23b9a3ea,12,13,0.9933252334594727
23b9a3ea,12,14,0.9548301100730896
23b9a3ea,13,1,0.9788210988044739
23b9a3ea,13,2,0.9692666530609131
23b9a3ea,13,3,0.9802945852279663
23b9a3ea,13,4,0.9810130596160889
23b9a3ea,13,5,0.9725931882858276
23b9a3ea,13,6,0.97080397605896
23b9a3ea,13,7,0.9748557209968567
23b9a3ea,13,8,0.9883437752723694
23b9a3ea,13,9,0.9667287468910217
23b9a3ea,13,10,0.9886022210121155
23b9a3ea,13,11,0.9724273681640625
23b9a3ea,13,12,0.9933252334594727
23b9a3ea,13,13,1.0000001192092896
23b9a3ea,13,14,0.9558985829353333
23b9a3ea,14,1,0.9715939164161682
23b9a3ea,14,2,0.9701976776123047
23b9a3ea,14,3,0.9670606851577759
23b9a3ea,14,4,0.9824706315994263
23b9a3ea,14,5,0.9891054034233093
23b9a3ea,14,6,0.9751403331756592
23b9a3ea,14,7,0.9551692605018616
23b9a3ea,14,8,0.9646541476249695
23b9a3ea,14,9,0.9901191592216492
23b9a3ea,14,10,0.9577289819717407
23b9a3ea,14,11,0.9844781160354614
23b9a3ea,14,12,0.9548301100730896
23b9a3ea,14,13,0.9558985829353333
23b9a3ea,14,14,1.0
23df06e1,1,1,0.9999999403953552
23df06e1,1,2,0.9933648109436035
23df06e1,1,3,0.989453911781311
23df06e1,2,1,0.9933648109436035
23df06e1,2,2,0.9999999403953552
23df06e1,2,3,0.9923983216285706
23df06e1,3,1,0.989453911781311
23df06e1,3,2,0.9923983216285706
23df06e1,3,3,0.9999998807907104
2461z6fp,1,1,1.0
2461z6fp,1,2,0.9959574937820435
2461z6fp,2,1,0.9959574937820435
2461z6fp,2,2,1.0
2463609b,1,1,0.9999999403953552
2463609b,1,2,0.9890546202659607
2463609b,1,3,0.9679532051086426
2463609b,1,4,0.9615726470947266
2463609b,2,1,0.9890546202659607
2463609b,2,2,1.0
2463609b,2,3,0.9823360443115234
2463609b,2,4,0.9692816734313965
2463609b,3,1,0.9679532051086426
2463609b,3,2,0.9823360443115234
2463609b,3,3,1.0000001192092896
2463609b,3,4,0.9909910559654236
2463609b,4,1,0.9615726470947266
2463609b,4,2,0.9692816734313965
2463609b,4,3,0.9909910559654236
2463609b,4,4,1.0
25153e58,1,1,1.0000001192092896
25153e58,1,2,0.9733418822288513
25153e58,1,3,0.8931543827056885
25153e58,1,4,0.8850632905960083
25153e58,2,1,0.9733418822288513
25153e58,2,2,1.0000001192092896
25153e58,2,3,0.9449880123138428
25153e58,2,4,0.9344214797019958
25153e58,3,1,0.8931543827056885
25153e58,3,2,0.9449880123138428
25153e58,3,3,1.0
25153e58,3,4,0.9662730693817139
25153e58,4,1,0.8850632905960083
25153e58,4,2,0.9344214797019958
25153e58,4,3,0.9662730693817139
25153e58,4,4,0.9999999403953552
255f86ef,1,1,0.9999998807907104
255f86ef,1,2,0.9931637644767761
255f86ef,1,3,0.9955436587333679
255f86ef,1,4,0.9950278997421265
255f86ef,1,5,0.9646698236465454
255f86ef,1,6,0.961118221282959
255f86ef,1,7,0.9734523296356201
255f86ef,1,8,0.9750248789787292
255f86ef,1,9,0.9650721549987793
255f86ef,1,10,0.9810279607772827
255f86ef,1,11,0.9791817665100098
255f86ef,1,12,0.9312021732330322
255f86ef,2,1,0.9931637644767761
255f86ef,2,2,0.9999999403953552
255f86ef,2,3,0.9913100004196167
255f86ef,2,4,0.9907110929489136
255f86ef,2,5,0.95406174659729
255f86ef,2,6,0.9525661468505859
255f86ef,2,7,0.9663150310516357
255f86ef,2,8,0.9679620862007141
255f86ef,2,9,0.9577590823173523
255f86ef,2,10,0.9726560115814209
255f86ef,2,11,0.9701284766197205
255f86ef,2,12,0.9167951345443726
255f86ef,3,1,0.9955436587333679
255f86ef,3,2,0.9913100004196167
255f86ef,3,3,1.0000001192092896
255f86ef,3,4,0.9967367053031921
255f86ef,3,5,0.9665153622627258
255f86ef,3,6,0.9654200077056885
255f86ef,3,7,0.9791028499603271
255f86ef,3,8,0.9702884554862976
255f86ef,3,9,0.9592615365982056
255f86ef,3,10,0.977667510509491
255f86ef,3,11,0.9755765795707703
255f86ef,3,12,0.9282010793685913
255f86ef,4,1,0.9950278997421265
255f86ef,4,2,0.9907110929489136
255f86ef,4,3,0.9967367053031921
255f86ef,4,4,0.9999999403953552
255f86ef,4,5,0.9742319583892822
255f86ef,4,6,0.9727374315261841
255f86ef,4,7,0.9813374280929565
255f86ef,4,8,0.9737797975540161
255f86ef,4,9,0.9626550078392029
255f86ef,4,10,0.9837197065353394
255f86ef,4,11,0.9801380038261414
255f86ef,4,12,0.9415185451507568
255f86ef,5,1,0.9646698236465454
255f86ef,5,2,0.95406174659729
255f86ef,5,3,0.9665153622627258
255f86ef,5,4,0.9742319583892822
255f86ef,5,5,1.0000001192092896
255f86ef,5,6,0.9993042945861816
255f86ef,5,7,0.9964137673377991
255f86ef,5,8,0.9885831475257874
255f86ef,5,9,0.9865705370903015
255f86ef,5,10,0.9936186075210571
255f86ef,5,11,0.9929564595222473
255f86ef,5,12,0.9886036515235901
255f86ef,6,1,0.961118221282959
255f86ef,6,2,0.9525661468505859
255f86ef,6,3,0.9654200077056885
255f86ef,6,4,0.9727374315261841
255f86ef,6,5,0.9993042945861816
255f86ef,6,6,0.9999999403953552
255f86ef,6,7,0.9967237710952759
255f86ef,6,8,0.9867660999298096
255f86ef,6,9,0.9848628044128418
255f86ef,6,10,0.9921640753746033
255f86ef,6,11,0.9914454221725464
255f86ef,6,12,0.987423300743103
255f86ef,7,1,0.9734523296356201
255f86ef,7,2,0.9663150310516357
255f86ef,7,3,0.9791028499603271
255f86ef,7,4,0.9813374280929565
255f86ef,7,5,0.9964137673377991
255f86ef,7,6,0.9967237710952759
255f86ef,7,7,0.9999998807907104
255f86ef,7,8,0.9902849793434143
255f86ef,7,9,0.9860066175460815
255f86ef,7,10,0.9916388988494873
255f86ef,7,11,0.9918527603149414
255f86ef,7,12,0.9753667712211609
255f86ef,8,1,0.9750248789787292
255f86ef,8,2,0.9679620862007141
255f86ef,8,3,0.9702884554862976
255f86ef,8,4,0.9737797975540161
255f86ef,8,5,0.9885831475257874
255f86ef,8,6,0.9867660999298096
255f86ef,8,7,0.9902849793434143
255f86ef,8,8,1.0
255f86ef,8,9,0.9964378476142883
255f86ef,8,10,0.9896722435951233
255f86ef,8,11,0.9914175868034363
255f86ef,8,12,0.9703323841094971
255f86ef,9,1,0.9650721549987793
255f86ef,9,2,0.9577590823173523
255f86ef,9,3,0.9592615365982056
255f86ef,9,4,0.9626550078392029
255f86ef,9,5,0.9865705370903015
255f86ef,9,6,0.9848628044128418
255f86ef,9,7,0.9860066175460815
255f86ef,9,8,0.9964378476142883
255f86ef,9,9,0.9999999403953552
255f86ef,9,10,0.988990068435669
255f86ef,9,11,0.9916341304779053
255f86ef,9,12,0.9773558974266052
255f86ef,10,1,0.9810279607772827
255f86ef,10,2,0.9726560115814209
255f86ef,10,3,0.977667510509491
255f86ef,10,4,0.9837197065353394
255f86ef,10,5,0.9936186075210571
255f86ef,10,6,0.9921640753746033
255f86ef,10,7,0.9916388988494873
255f86ef,10,8,0.9896722435951233
255f86ef,10,9,0.988990068435669
255f86ef,10,10,1.0
255f86ef,10,11,0.9988690614700317
255f86ef,10,12,0.9819904565811157
255f86ef,11,1,0.9791817665100098
255f86ef,11,2,0.9701284766197205
255f86ef,11,3,0.9755765795707703
255f86ef,11,4,0.9801380038261414
255f86ef,11,5,0.9929564595222473
255f86ef,11,6,0.9914454221725464
255f86ef,11,7,0.9918527603149414
255f86ef,11,8,0.9914175868034363
255f86ef,11,9,0.9916341304779053
255f86ef,11,10,0.9988690614700317
255f86ef,11,11,1.0
255f86ef,11,12,0.9817889928817749
255f86ef,12,1,0.9312021732330322
255f86ef,12,2,0.9167951345443726
255f86ef,12,3,0.9282010793685913
255f86ef,12,4,0.9415185451507568
255f86ef,12,5,0.9886036515235901
255f86ef,12,6,0.987423300743103
255f86ef,12,7,0.9753667712211609
255f86ef,12,8,0.9703323841094971
255f86ef,12,9,0.9773558974266052
255f86ef,12,10,0.9819904565811157
255f86ef,12,11,0.9817889928817749
255f86ef,12,12,0.9999998807907104
258944c8,1,1,0.9999999403953552
258944c8,1,2,0.9851489663124084
258944c8,1,3,0.9850479960441589
258944c8,2,1,0.9851489663124084
258944c8,2,2,1.0
258944c8,2,3,0.9968585968017578
258944c8,3,1,0.9850479960441589
258944c8,3,2,0.9968585968017578
258944c8,3,3,1.0
26163977,1,1,0.9999999403953552
26163977,1,2,0.9957685470581055
26163977,1,3,0.9915941953659058
26163977,1,4,0.9533178806304932
26163977,1,5,0.9862980842590332
26163977,1,6,0.9868213534355164
26163977,1,7,0.9891356825828552
26163977,2,1,0.9957685470581055
26163977,2,2,0.9999999403953552
26163977,2,3,0.991676390171051
26163977,2,4,0.9332430362701416
26163977,2,5,0.9852316379547119
26163977,2,6,0.9927874207496643
26163977,2,7,0.9835265278816223
26163977,3,1,0.9915941953659058
26163977,3,2,0.991676390171051
26163977,3,3,0.9999999403953552
26163977,3,4,0.9584428071975708
26163977,3,5,0.9982573390007019
26163977,3,6,0.994381308555603
26163977,3,7,0.9857466816902161
26163977,4,1,0.9533178806304932
26163977,4,2,0.9332430362701416
26163977,4,3,0.9584428071975708
26163977,4,4,1.0
26163977,4,5,0.9615042209625244
26163977,4,6,0.9373412728309631
26163977,4,7,0.966821551322937
26163977,5,1,0.9862980842590332
26163977,5,2,0.9852316379547119
26163977,5,3,0.9982573390007019
26163977,5,4,0.9615042209625244
26163977,5,5,1.0
26163977,5,6,0.9915696382522583
26163977,5,7,0.9851357936859131
26163977,6,1,0.9868213534355164
26163977,6,2,0.9927874207496643
26163977,6,3,0.994381308555603
26163977,6,4,0.9373412728309631
26163977,6,5,0.9915696382522583
26163977,6,6,1.0
26163977,6,7,0.9791123867034912
26163977,7,1,0.9891356825828552
26163977,7,2,0.9835265278816223
26163977,7,3,0.9857466816902161
26163977,7,4,0.966821551322937
26163977,7,5,0.9851357936859131
26163977,7,6,0.9791123867034912
26163977,7,7,1.0
2982de7a,1,1,1.0
2982de7a,1,2,0.9913110733032227
2982de7a,1,3,0.987116813659668
2982de7a,1,4,0.9654054045677185
2982de7a,2,1,0.9913110733032227
2982de7a,2,2,1.0000001192092896
2982de7a,2,3,0.9951584339141846
2982de7a,2,4,0.9794439077377319
2982de7a,3,1,0.987116813659668
2982de7a,3,2,0.9951584339141846
2982de7a,3,3,1.0000001192092896
2982de7a,3,4,0.969962477684021
2982de7a,4,1,0.9654054045677185
2982de7a,4,2,0.9794439077377319
2982de7a,4,3,0.969962477684021
2982de7a,4,4,0.9999998807907104
2a2745e5,1,1,1.0
2a2745e5,1,2,0.9733742475509644
2a2745e5,1,3,0.9946079850196838
2a2745e5,1,4,0.9898850321769714
2a2745e5,1,5,0.9718583822250366
2a2745e5,1,6,0.9796711206436157
2a2745e5,1,7,0.9884313344955444
2a2745e5,1,8,0.9821929931640625
2a2745e5,1,9,0.9894580245018005
2a2745e5,1,10,0.9824689030647278
2a2745e5,1,11,0.9816405177116394
2a2745e5,2,1,0.9733742475509644
2a2745e5,2,2,0.9999998807907104
2a2745e5,2,3,0.9817959070205688
2a2745e5,2,4,0.9870943427085876
2a2745e5,2,5,0.9364356994628906
2a2745e5,2,6,0.9732697010040283
2a2745e5,2,7,0.9817625880241394
2a2745e5,2,8,0.9918279647827148
2a2745e5,2,9,0.9798056483268738
2a2745e5,2,10,0.9893118739128113
2a2745e5,2,11,0.9693962335586548
2a2745e5,3,1,0.9946079850196838
2a2745e5,3,2,0.9817959070205688
2a2745e5,3,3,1.0000001192092896
2a2745e5,3,4,0.9916579723358154
2a2745e5,3,5,0.9632608890533447
2a2745e5,3,6,0.9810804128646851
2a2745e5,3,7,0.9971303939819336
2a2745e5,3,8,0.9880086779594421
2a2745e5,3,9,0.9976728558540344
2a2745e5,3,10,0.9871407747268677
2a2745e5,3,11,0.9851014018058777
2a2745e5,4,1,0.9898850321769714
2a2745e5,4,2,0.9870943427085876
2a2745e5,4,3,0.9916579723358154
2a2745e5,4,4,1.0
2a2745e5,4,5,0.9684610366821289
2a2745e5,4,6,0.9883280396461487
2a2745e5,4,7,0.9842088222503662
2a2745e5,4,8,0.9945290684700012
2a2745e5,4,9,0.9872621893882751
2a2745e5,4,10,0.9967594146728516
2a2745e5,4,11,0.9745264053344727
2a2745e5,5,1,0.9718583822250366
2a2745e5,5,2,0.9364356994628906
2a2745e5,5,3,0.9632608890533447
2a2745e5,5,4,0.9684610366821289
2a2745e5,5,5,0.9999998807907104
2a2745e5,5,6,0.9887149930000305
2a2745e5,5,7,0.9475400447845459
2a2745e5,5,8,0.943205714225769
2a2745e5,5,9,0.9651687741279602
2a2745e5,5,10,0.969267725944519
2a2745e5,5,11,0.9651132225990295
2a2745e5,6,1,0.9796711206436157
2a2745e5,6,2,0.9732697010040283
2a2745e5,6,3,0.9810804128646851
2a2745e5,6,4,0.9883280396461487
2a2745e5,6,5,0.9887149930000305
2a2745e5,6,6,1.0000001192092896
2a2745e5,6,7,0.9704182744026184
2a2745e5,6,8,0.9738836288452148
2a2745e5,6,9,0.9833571910858154
2a2745e5,6,10,0.9923091530799866
2a2745e5,6,11,0.9776418209075928
2a2745e5,7,1,0.9884313344955444
2a2745e5,7,2,0.9817625880241394
2a2745e5,7,3,0.9971303939819336
2a2745e5,7,4,0.9842088222503662
2a2745e5,7,5,0.9475400447845459
2a2745e5,7,6,0.9704182744026184
2a2745e5,7,7,1.000000238418579
2a2745e5,7,8,0.9870767593383789
2a2745e5,7,9,0.9970738887786865
2a2745e5,7,10,0.9810827970504761
2a2745e5,7,11,0.9864843487739563
2a2745e5,8,1,0.9821929931640625
2a2745e5,8,2,0.9918279647827148
2a2745e5,8,3,0.9880086779594421
2a2745e5,8,4,0.9945290684700012
2a2745e5,8,5,0.943205714225769
2a2745e5,8,6,0.9738836288452148
2a2745e5,8,7,0.9870767593383789
2a2745e5,8,8,0.9999998807907104
2a2745e5,8,9,0.9843093156814575
2a2745e5,8,10,0.9924004077911377
2a2745e5,8,11,0.9722816944122314
2a2745e5,9,1,0.9894580245018005
2a2745e5,9,2,0.9798056483268738
2a2745e5,9,3,0.9976728558540344
2a2745e5,9,4,0.9872621893882751
2a2745e5,9,5,0.9651687741279602
2a2745e5,9,6,0.9833571910858154
2a2745e5,9,7,0.9970738887786865
2a2745e5,9,8,0.9843093156814575
2a2745e5,9,9,1.0
2a2745e5,9,10,0.9866201281547546
2a2745e5,9,11,0.9900467991828918
2a2745e5,10,1,0.9824689030647278
2a2745e5,10,2,0.9893118739128113
2a2745e5,10,3,0.9871407747268677
2a2745e5,10,4,0.9967594146728516
2a2745e5,10,5,0.969267725944519
2a2745e5,10,6,0.9923091530799866
2a2745e5,10,7,0.9810827970504761
2a2745e5,10,8,0.9924004077911377
2a2745e5,10,9,0.9866201281547546
2a2745e5,10,10,1.0
2a2745e5,10,11,0.9801685214042664
2a2745e5,11,1,0.9816405177116394
2a2745e5,11,2,0.9693962335586548
2a2745e5,11,3,0.9851014018058777
2a2745e5,11,4,0.9745264053344727
2a2745e5,11,5,0.9651132225990295
2a2745e5,11,6,0.9776418209075928
2a2745e5,11,7,0.9864843487739563
2a2745e5,11,8,0.9722816944122314
2a2745e5,11,9,0.9900467991828918
2a2745e5,11,10,0.9801685214042664
2a2745e5,11,11,1.0
2b0e34d3,1,1,1.0
2b0e34d3,1,2,0.9590721726417542
2b0e34d3,1,3,0.8580513596534729
2b0e34d3,1,4,0.9622575640678406
2b0e34d3,2,1,0.9590721726417542
2b0e34d3,2,2,0.9999999403953552
2b0e34d3,2,3,0.9425598382949829
2b0e34d3,2,4,0.9807406663894653
2b0e34d3,3,1,0.8580513596534729
2b0e34d3,3,2,0.9425598382949829
2b0e34d3,3,3,0.9999999403953552
2b0e34d3,3,4,0.945217490196228
2b0e34d3,4,1,0.9622575640678406
2b0e34d3,4,2,0.9807406663894653
2b0e34d3,4,3,0.945217490196228
2b0e34d3,4,4,0.9999999403953552
2esj86gk,1,1,1.0000001192092896
2esj86gk,1,2,0.9904698133468628
2esj86gk,1,3,0.9946796894073486
2esj86gk,1,4,0.9979665279388428
2esj86gk,2,1,0.9904698133468628
2esj86gk,2,2,1.0
2esj86gk,2,3,0.9940828084945679
2esj86gk,2,4,0.9849563241004944
2esj86gk,3,1,0.9946796894073486
2esj86gk,3,2,0.9940828084945679
2esj86gk,3,3,1.0
2esj86gk,3,4,0.9918946623802185
2esj86gk,4,1,0.9979665279388428
2esj86gk,4,2,0.9849563241004944
2esj86gk,4,3,0.9918946623802185
2esj86gk,4,4,1.0000001192092896
2f477d05,1,1,1.0
2f477d05,1,2,0.9882729053497314
2f477d05,1,3,0.9964768886566162
2f477d05,1,4,0.9868777394294739
2f477d05,1,5,0.9547687768936157
2f477d05,1,6,0.9891777634620667
2f477d05,1,7,0.9592903852462769
2f477d05,1,8,0.9222003221511841
2f477d05,1,9,0.969903826713562
2f477d05,1,10,0.9947617053985596
2f477d05,1,11,0.9984889030456543
2f477d05,1,12,0.9927883148193359
2f477d05,1,13,0.9682756662368774
2f477d05,2,1,0.9882729053497314
2f477d05,2,2,0.9999999403953552
2f477d05,2,3,0.9918563365936279
2f477d05,2,4,0.9906218647956848
2f477d05,2,5,0.9691652655601501
2f477d05,2,6,0.9959561824798584
2f477d05,2,7,0.9817682504653931
2f477d05,2,8,0.9552932977676392
2f477d05,2,9,0.989187479019165
2f477d05,2,10,0.983282208442688
2f477d05,2,11,0.988033652305603
2f477d05,2,12,0.9880319237709045
2f477d05,2,13,0.9852322936058044
2f477d05,3,1,0.9964768886566162
2f477d05,3,2,0.9918563365936279
2f477d05,3,3,1.0
2f477d05,3,4,0.99188232421875
2f477d05,3,5,0.9676504731178284
2f477d05,3,6,0.9934794902801514
2f477d05,3,7,0.9705917239189148
2f477d05,3,8,0.9387350678443909
2f477d05,3,9,0.9797606468200684
2f477d05,3,10,0.9936221837997437
2f477d05,3,11,0.9936206936836243
2f477d05,3,12,0.9876217842102051
2f477d05,3,13,0.975338339805603
2f477d05,4,1,0.9868777394294739
2f477d05,4,2,0.9906218647956848
2f477d05,4,3,0.99188232421875
2f477d05,4,4,0.9999999403953552
2f477d05,4,5,0.9818827509880066
2f477d05,4,6,0.985794186592102
2f477d05,4,7,0.9764370918273926
2f477d05,4,8,0.9500231742858887
2f477d05,4,9,0.9819314479827881
2f477d05,4,10,0.98415207862854
2f477d05,4,11,0.9847325086593628
2f477d05,4,12,0.9857122898101807
2f477d05,4,13,0.9869067072868347
2f477d05,5,1,0.9547687768936157
2f477d05,5,2,0.9691652655601501
2f477d05,5,3,0.9676504731178284
2f477d05,5,4,0.9818827509880066
2f477d05,5,5,0.9999998807907104
2f477d05,5,6,0.9610585570335388
2f477d05,5,7,0.9675858020782471
2f477d05,5,8,0.961949348449707
2f477d05,5,9,0.973414421081543
2f477d05,5,10,0.952721893787384
2f477d05,5,11,0.9507483839988708
2f477d05,5,12,0.9606549143791199
2f477d05,5,13,0.9758289456367493
2f477d05,6,1,0.9891777634620667
2f477d05,6,2,0.9959561824798584
2f477d05,6,3,0.9934794902801514
2f477d05,6,4,0.985794186592102
2f477d05,6,5,0.9610585570335388
2f477d05,6,6,0.9999998807907104
2f477d05,6,7,0.9803931713104248
2f477d05,6,8,0.9550954103469849
2f477d05,6,9,0.9889934062957764
2f477d05,6,10,0.9900271892547607
2f477d05,6,11,0.9889676570892334
2f477d05,6,12,0.9845009446144104
2f477d05,6,13,0.977868378162384
2f477d05,7,1,0.9592903852462769
2f477d05,7,2,0.9817682504653931
2f477d05,7,3,0.9705917239189148
2f477d05,7,4,0.9764370918273926
2f477d05,7,5,0.9675858020782471
2f477d05,7,6,0.9803931713104248
2f477d05,7,7,1.0000001192092896
2f477d05,7,8,0.9876862168312073
2f477d05,7,9,0.9965077638626099
2f477d05,7,10,0.969917893409729
2f477d05,7,11,0.9636318683624268
2f477d05,7,12,0.9694433808326721
2f477d05,7,13,0.9943311810493469
2f477d05,8,1,0.9222003221511841
2f477d05,8,2,0.9552932977676392
2f477d05,8,3,0.9387350678443909
2f477d05,8,4,0.9500231742858887
2f477d05,8,5,0.961949348449707
2f477d05,8,6,0.9550954103469849
2f477d05,8,7,0.9876862168312073
2f477d05,8,8,1.0
2f477d05,8,9,0.9839048385620117
2f477d05,8,10,0.9395725131034851
2f477d05,8,11,0.9250941276550293
2f477d05,8,12,0.9378686547279358
2f477d05,8,13,0.9755257964134216
2f477d05,9,1,0.969903826713562
2f477d05,9,2,0.989187479019165
2f477d05,9,3,0.9797606468200684
2f477d05,9,4,0.9819314479827881
2f477d05,9,5,0.973414421081543
2f477d05,9,6,0.9889934062957764
2f477d05,9,7,0.9965077638626099
2f477d05,9,8,0.9839048385620117
2f477d05,9,9,1.0
2f477d05,9,10,0.9771127104759216
2f477d05,9,11,0.9719305038452148
2f477d05,9,12,0.9770610332489014
2f477d05,9,13,0.9903018474578857
2f477d05,10,1,0.9947617053985596
2f477d05,10,2,0.983282208442688
2f477d05,10,3,0.9936221837997437
2f477d05,10,4,0.98415207862854
2f477d05,10,5,0.952721893787384
2f477d05,10,6,0.9900271892547607
2f477d05,10,7,0.969917893409729
2f477d05,10,8,0.9395725131034851
2f477d05,10,9,0.9771127104759216
2f477d05,10,10,1.0
2f477d05,10,11,0.9950960278511047
2f477d05,10,12,0.9897647500038147
2f477d05,10,13,0.9724631905555725
2f477d05,11,1,0.9984889030456543
2f477d05,11,2,0.988033652305603
2f477d05,11,3,0.9936206936836243
2f477d05,11,4,0.9847325086593628
2f477d05,11,5,0.9507483839988708
2f477d05,11,6,0.9889676570892334
2f477d05,11,7,0.9636318683624268
2f477d05,11,8,0.9250941276550293
2f477d05,11,9,0.9719305038452148
2f477d05,11,10,0.9950960278511047
2f477d05,11,11,1.0
2f477d05,11,12,0.9956316351890564
2f477d05,11,13,0.9723057746887207
2f477d05,12,1,0.9927883148193359
2f477d05,12,2,0.9880319237709045
2f477d05,12,3,0.9876217842102051
2f477d05,12,4,0.9857122898101807
2f477d05,12,5,0.9606549143791199
2f477d05,12,6,0.9845009446144104
2f477d05,12,7,0.9694433808326721
2f477d05,12,8,0.9378686547279358
2f477d05,12,9,0.9770610332489014
2f477d05,12,10,0.9897647500038147
2f477d05,12,11,0.9956316351890564
2f477d05,12,12,0.9999999403953552
2f477d05,12,13,0.9797936081886292
2f477d05,13,1,0.9682756662368774
2f477d05,13,2,0.9852322936058044
2f477d05,13,3,0.975338339805603
2f477d05,13,4,0.9869067072868347
2f477d05,13,5,0.9758289456367493
2f477d05,13,6,0.977868378162384
2f477d05,13,7,0.9943311810493469
2f477d05,13,8,0.9755257964134216
2f477d05,13,9,0.9903018474578857
2f477d05,13,10,0.9724631905555725
2f477d05,13,11,0.9723057746887207
2f477d05,13,12,0.9797936081886292
2f477d05,13,13,1.0
2fb5a55b,1,1,1.0
2fb5a55b,1,2,0.993560254573822
2fb5a55b,2,1,0.993560254573822
2fb5a55b,2,2,1.0
2fkfe27d,1,1,1.000000238418579
2fkfe27d,1,2,0.9768821001052856
2fkfe27d,1,3,0.9020243287086487
2fkfe27d,1,4,0.9995270371437073
2fkfe27d,1,5,0.9992278814315796
2fkfe27d,1,6,0.999026894569397
2fkfe27d,1,7,0.9917171001434326
2fkfe27d,1,8,0.9988920092582703
2fkfe27d,1,9,0.998275101184845
2fkfe27d,1,10,0.9990681409835815
2fkfe27d,1,11,0.9986221194267273
2fkfe27d,1,12,0.9989827871322632
2fkfe27d,1,13,0.9989120960235596
2fkfe27d,1,14,0.9994850754737854
2fkfe27d,1,15,0.9998875856399536
2fkfe27d,1,16,0.9885736703872681
2fkfe27d,1,17,0.9974641799926758
2fkfe27d,1,18,0.8642514944076538
2fkfe27d,1,19,0.9991573691368103
2fkfe27d,1,20,0.9989993572235107
2fkfe27d,1,21,0.9994990229606628
2fkfe27d,1,22,0.9843432903289795
2fkfe27d,1,23,0.9876888394355774
2fkfe27d,1,24,0.8844044208526611
2fkfe27d,1,25,0.9997861981391907
2fkfe27d,1,26,0.9856500625610352
2fkfe27d,2,1,0.9768821001052856
2fkfe27d,2,2,0.9999998211860657
2fkfe27d,2,3,0.9477956295013428
2fkfe27d,2,4,0.9789215326309204
2fkfe27d,2,5,0.973302960395813
2fkfe27d,2,6,0.9793720841407776
2fkfe27d,2,7,0.9918924570083618
2fkfe27d,2,8,0.973305344581604
2fkfe27d,2,9,0.9789981245994568
2fkfe27d,2,10,0.9733105897903442
2fkfe27d,2,11,0.9827543497085571
2fkfe27d,2,12,0.9734893441200256
2fkfe27d,2,13,0.976052463054657
2fkfe27d,2,14,0.9744803309440613
2fkfe27d,2,15,0.9767632484436035
2fkfe27d,2,16,0.9754624366760254
2fkfe27d,2,17,0.9790647029876709
2fkfe27d,2,18,0.8816652297973633
2fkfe27d,2,19,0.973422646522522
2fkfe27d,2,20,0.9765989184379578
2fkfe27d,2,21,0.9785832762718201
2fkfe27d,2,22,0.9737898111343384
2fkfe27d,2,23,0.9746715426445007
2fkfe27d,2,24,0.8974563479423523
2fkfe27d,2,25,0.9751285910606384
2fkfe27d,2,26,0.9727956056594849
2fkfe27d,3,1,0.9020243287086487
2fkfe27d,3,2,0.9477956295013428
2fkfe27d,3,3,1.000000238418579
2fkfe27d,3,4,0.9077643156051636
2fkfe27d,3,5,0.8905605673789978
2fkfe27d,3,6,0.8965142965316772
2fkfe27d,3,7,0.9338226318359375
2fkfe27d,3,8,0.8878784775733948
2fkfe27d,3,9,0.9179688096046448
2fkfe27d,3,10,0.8887426257133484
2fkfe27d,3,11,0.920062780380249
2fkfe27d,3,12,0.8889671564102173
2fkfe27d,3,13,0.890891969203949
2fkfe27d,3,14,0.8921687006950378
2fkfe27d,3,15,0.9050401449203491
2fkfe27d,3,16,0.9373226761817932
2fkfe27d,3,17,0.9226246476173401
2fkfe27d,3,18,0.9571462869644165
2fkfe27d,3,19,0.8891080617904663
2fkfe27d,3,20,0.9130474328994751
2fkfe27d,3,21,0.9102777242660522
2fkfe27d,3,22,0.94623863697052
2fkfe27d,3,23,0.9430753588676453
2fkfe27d,3,24,0.9637292623519897
2fkfe27d,3,25,0.897001326084137
2fkfe27d,3,26,0.9441297650337219
2fkfe27d,4,1,0.9995270371437073
2fkfe27d,4,2,0.9789215326309204
2fkfe27d,4,3,0.9077643156051636
2fkfe27d,4,4,1.000000238418579
2fkfe27d,4,5,0.9990318417549133
2fkfe27d,4,6,0.9990041851997375
2fkfe27d,4,7,0.9940202236175537
2fkfe27d,4,8,0.9986621737480164
2fkfe27d,4,9,0.9991755485534668
2fkfe27d,4,10,0.9987764954566956
2fkfe27d,4,11,0.9992525577545166
2fkfe27d,4,12,0.9987965226173401
2fkfe27d,4,13,0.9988009929656982
2fkfe27d,4,14,0.9991315603256226
2fkfe27d,4,15,0.9994205236434937
2fkfe27d,4,16,0.9877594113349915
2fkfe27d,4,17,0.9971106648445129
2fkfe27d,4,18,0.8649994134902954
2fkfe27d,4,19,0.9988424777984619
2fkfe27d,4,20,0.998475193977356
2fkfe27d,4,21,0.9990412592887878
2fkfe27d,4,22,0.9840101599693298
2fkfe27d,4,23,0.9874346256256104
2fkfe27d,4,24,0.8854331970214844
2fkfe27d,4,25,0.9995021820068359
2fkfe27d,4,26,0.9854511022567749
2fkfe27d,5,1,0.9992278814315796
2fkfe27d,5,2,0.973302960395813
2fkfe27d,5,3,0.8905605673789978
2fkfe27d,5,4,0.9990318417549133
2fkfe27d,5,5,1.0
2fkfe27d,5,6,0.9994572997093201
2fkfe27d,5,7,0.9902273416519165
2fkfe27d,5,8,0.9998693466186523
2fkfe27d,5,9,0.9969914555549622
2fkfe27d,5,10,0.9998971819877625
2fkfe27d,5,11,0.9970245957374573
2fkfe27d,5,12,0.9998911023139954
2fkfe27d,5,13,0.9997121691703796
2fkfe27d,5,14,0.9999122023582458
2fkfe27d,5,15,0.9987938404083252
2fkfe27d,5,16,0.982255220413208
2fkfe27d,5,17,0.9944798350334167
2fkfe27d,5,18,0.8464365005493164
2fkfe27d,5,19,0.9999105930328369
2fkfe27d,5,20,0.9968124032020569
2fkfe27d,5,21,0.9979463219642639
2fkfe27d,5,22,0.9775599241256714
2fkfe27d,5,23,0.9814957976341248
2fkfe27d,5,24,0.8680797219276428
2fkfe27d,5,25,0.9997516870498657
2fkfe27d,5,26,0.9789500832557678
2fkfe27d,6,1,0.999026894569397
2fkfe27d,6,2,0.9793720841407776
2fkfe27d,6,3,0.8965142965316772
2fkfe27d,6,4,0.9990041851997375
2fkfe27d,6,5,0.9994572997093201
2fkfe27d,6,6,0.9999999403953552
2fkfe27d,6,7,0.9927141666412354
2fkfe27d,6,8,0.9994570016860962
2fkfe27d,6,9,0.9967798590660095
2fkfe27d,6,10,0.9994353652000427
2fkfe27d,6,11,0.9974119663238525
2fkfe27d,6,12,0.9994562268257141
2fkfe27d,6,13,0.9997811913490295
2fkfe27d,6,14,0.9995404481887817
2fkfe27d,6,15,0.9984807968139648
2fkfe27d,6,16,0.9829700589179993
2fkfe27d,6,17,0.9944723844528198
2fkfe27d,6,18,0.8483956456184387
2fkfe27d,6,19,0.9994615316390991
2fkfe27d,6,20,0.9964362382888794
2fkfe27d,6,21,0.9978333711624146
2fkfe27d,6,22,0.9781216382980347
2fkfe27d,6,23,0.9817113280296326
2fkfe27d,6,24,0.8697820901870728
2fkfe27d,6,25,0.9993061423301697
2fkfe27d,6,26,0.9791823625564575
2fkfe27d,7,1,0.9917171001434326
2fkfe27d,7,2,0.9918924570083618
2fkfe27d,7,3,0.9338226318359375
2fkfe27d,7,4,0.9940202236175537
2fkfe27d,7,5,0.9902273416519165
2fkfe27d,7,6,0.9927141666412354
2fkfe27d,7,7,1.0
2fkfe27d,7,8,0.9903750419616699
2fkfe27d,7,9,0.9940138459205627
2fkfe27d,7,10,0.9903403520584106
2fkfe27d,7,11,0.9953189492225647
2fkfe27d,7,12,0.9905552864074707
2fkfe27d,7,13,0.9915570020675659
2fkfe27d,7,14,0.9908289313316345
2fkfe27d,7,15,0.9913588166236877
2fkfe27d,7,16,0.9824750423431396
2fkfe27d,7,17,0.9905581474304199
2fkfe27d,7,18,0.873302698135376
2fkfe27d,7,19,0.9903807640075684
2fkfe27d,7,20,0.9904914498329163
2fkfe27d,7,21,0.9919608235359192
2fkfe27d,7,22,0.9796047210693359
2fkfe27d,7,23,0.9830700755119324
2fkfe27d,7,24,0.8913841247558594
2fkfe27d,7,25,0.991348385810852
2fkfe27d,7,26,0.9810641407966614
2fkfe27d,8,1,0.9988920092582703
2fkfe27d,8,2,0.973305344581604
2fkfe27d,8,3,0.8878784775733948
2fkfe27d,8,4,0.9986621737480164
2fkfe27d,8,5,0.9998693466186523
2fkfe27d,8,6,0.9994570016860962
2fkfe27d,8,7,0.9903750419616699
2fkfe27d,8,8,1.0
2fkfe27d,8,9,0.9963783025741577
2fkfe27d,8,10,0.9999836683273315
2fkfe27d,8,11,0.9964573979377747
2fkfe27d,8,12,0.9999901652336121
2fkfe27d,8,13,0.9998714327812195
2fkfe27d,8,14,0.9998806715011597
2fkfe27d,8,15,0.9982500076293945
2fkfe27d,8,16,0.9804959297180176
2fkfe27d,8,17,0.9933449625968933
2fkfe27d,8,18,0.8416429162025452
2fkfe27d,8,19,0.9999735951423645
2fkfe27d,8,20,0.9959274530410767
2fkfe27d,8,21,0.9972987174987793
2fkfe27d,8,22,0.9753639698028564
2fkfe27d,8,23,0.9796174168586731
2fkfe27d,8,24,0.8631994724273682
2fkfe27d,8,25,0.9995569586753845
2fkfe27d,8,26,0.9769720435142517
2fkfe27d,9,1,0.998275101184845
2fkfe27d,9,2,0.9789981245994568
2fkfe27d,9,3,0.9179688096046448
2fkfe27d,9,4,0.9991755485534668
2fkfe27d,9,5,0.9969914555549622
2fkfe27d,9,6,0.9967798590660095
2fkfe27d,9,7,0.9940138459205627
2fkfe27d,9,8,0.9963783025741577
2fkfe27d,9,9,1.0000001192092896
2fkfe27d,9,10,0.9966251254081726
2fkfe27d,9,11,0.9996277689933777
2fkfe27d,9,12,0.9966588020324707
2fkfe27d,9,13,0.9964354038238525
2fkfe27d,9,14,0.9971463680267334
2fkfe27d,9,15,0.9985442757606506
2fkfe27d,9,16,0.9900006651878357
2fkfe27d,9,17,0.9980430603027344
2fkfe27d,9,18,0.8771235942840576
2fkfe27d,9,19,0.9966670274734497
2fkfe27d,9,20,0.9984132647514343
2fkfe27d,9,21,0.9985455274581909
2fkfe27d,9,22,0.9879282116889954
2fkfe27d,9,23,0.990945041179657
2fkfe27d,9,24,0.8968421220779419
2fkfe27d,9,25,0.9980869889259338
2fkfe27d,9,26,0.9891689419746399
2fkfe27d,10,1,0.9990681409835815
2fkfe27d,10,2,0.9733105897903442
2fkfe27d,10,3,0.8887426257133484
2fkfe27d,10,4,0.9987764954566956
2fkfe27d,10,5,0.9998971819877625
2fkfe27d,10,6,0.9994353652000427
2fkfe27d,10,7,0.9903403520584106
2fkfe27d,10,8,0.9999836683273315
2fkfe27d,10,9,0.9966251254081726
2fkfe27d,10,10,1.0
2fkfe27d,10,11,0.9966905117034912
2fkfe27d,10,12,0.9999890327453613
2fkfe27d,10,13,0.9998358488082886
2fkfe27d,10,14,0.999929666519165
2fkfe27d,10,15,0.9984835386276245
2fkfe27d,10,16,0.9812449216842651
2fkfe27d,10,17,0.9937993884086609
2fkfe27d,10,18,0.8435145616531372
2fkfe27d,10,19,0.9999895095825195
2fkfe27d,10,20,0.9962937831878662
2fkfe27d,10,21,0.9975735545158386
2fkfe27d,10,22,0.9762227535247803
2fkfe27d,10,23,0.9804198741912842
2fkfe27d,10,24,0.8649505972862244
2fkfe27d,10,25,0.9996739029884338
2fkfe27d,10,26,0.9778300523757935
2fkfe27d,11,1,0.9986221194267273
2fkfe27d,11,2,0.9827543497085571
2fkfe27d,11,3,0.920062780380249
2fkfe27d,11,4,0.9992525577545166
2fkfe27d,11,5,0.9970245957374573
2fkfe27d,11,6,0.9974119663238525
2fkfe27d,11,7,0.9953189492225647
2fkfe27d,11,8,0.9964573979377747
2fkfe27d,11,9,0.9996277689933777
2fkfe27d,11,10,0.9966905117034912
2fkfe27d,11,11,0.9999998807907104
2fkfe27d,11,12,0.9966923594474792
2fkfe27d,11,13,0.9967496395111084
2fkfe27d,11,14,0.9973204731941223
2fkfe27d,11,15,0.9988699555397034
2fkfe27d,11,16,0.990984320640564
2fkfe27d,11,17,0.9985631704330444
2fkfe27d,11,18,0.8782861828804016
2fkfe27d,11,19,0.996764063835144
2fkfe27d,11,20,0.998712420463562
2fkfe27d,11,21,0.9991343021392822
2fkfe27d,11,22,0.9886802434921265
2fkfe27d,11,23,0.9914731979370117
2fkfe27d,11,24,0.8976123332977295
2fkfe27d,11,25,0.9981873035430908
2fkfe27d,11,26,0.9896279573440552
2fkfe27d,12,1,0.9989827871322632
2fkfe27d,12,2,0.9734893441200256
2fkfe27d,12,3,0.8889671564102173
2fkfe27d,12,4,0.9987965226173401
2fkfe27d,12,5,0.9998911023139954
2fkfe27d,12,6,0.9994562268257141
2fkfe27d,12,7,0.9905552864074707
2fkfe27d,12,8,0.9999901652336121
2fkfe27d,12,9,0.9966588020324707
2fkfe27d,12,10,0.9999890327453613
2fkfe27d,12,11,0.9966923594474792
2fkfe27d,12,12,1.0
2fkfe27d,12,13,0.9998537302017212
2fkfe27d,12,14,0.9999023079872131
2fkfe27d,12,15,0.9983813762664795
2fkfe27d,12,16,0.980928897857666
2fkfe27d,12,17,0.9936345815658569
2fkfe27d,12,18,0.8429997563362122
2fkfe27d,12,19,0.9999767541885376
2fkfe27d,12,20,0.9961399435997009
2fkfe27d,12,21,0.9974557161331177
2fkfe27d,12,22,0.9759295582771301
2fkfe27d,12,23,0.9801414608955383
2fkfe27d,12,24,0.8644711971282959
2fkfe27d,12,25,0.9996308088302612
2fkfe27d,12,26,0.9775307178497314
2fkfe27d,13,1,0.9989120960235596
2fkfe27d,13,2,0.976052463054657
2fkfe27d,13,3,0.890891969203949
2fkfe27d,13,4,0.9988009929656982
2fkfe27d,13,5,0.9997121691703796
2fkfe27d,13,6,0.9997811913490295
2fkfe27d,13,7,0.9915570020675659
2fkfe27d,13,8,0.9998714327812195
2fkfe27d,13,9,0.9964354038238525
2fkfe27d,13,10,0.9998358488082886
2fkfe27d,13,11,0.9967496395111084
2fkfe27d,13,12,0.9998537302017212
2fkfe27d,13,13,1.000000238418579
2fkfe27d,13,14,0.9997881650924683
2fkfe27d,13,15,0.9982350468635559
2fkfe27d,13,16,0.9811586737632751
2fkfe27d,13,17,0.9934900999069214
2fkfe27d,13,18,0.843332052230835
2fkfe27d,13,19,0.9998449087142944
2fkfe27d,13,20,0.9959245324134827
2fkfe27d,13,21,0.9973592758178711
2fkfe27d,13,22,0.9759054183959961
2fkfe27d,13,23,0.979964017868042
2fkfe27d,13,24,0.8647561073303223
2fkfe27d,13,25,0.9994389414787292
2fkfe27d,13,26,0.9774227142333984
2fkfe27d,14,1,0.9994850754737854
2fkfe27d,14,2,0.9744803309440613
2fkfe27d,14,3,0.8921687006950378
2fkfe27d,14,4,0.9991315603256226
2fkfe27d,14,5,0.9999122023582458
2fkfe27d,14,6,0.9995404481887817
2fkfe27d,14,7,0.9908289313316345
2fkfe27d,14,8,0.9998806715011597
2fkfe27d,14,9,0.9971463680267334
2fkfe27d,14,10,0.999929666519165
2fkfe27d,14,11,0.9973204731941223
2fkfe27d,14,12,0.9999023079872131
2fkfe27d,14,13,0.9997881650924683
2fkfe27d,14,14,1.0000001192092896
2fkfe27d,14,15,0.9990214109420776
2fkfe27d,14,16,0.983314037322998
2fkfe27d,14,17,0.9948959946632385
2fkfe27d,14,18,0.849000871181488
2fkfe27d,14,19,0.9999536275863647
2fkfe27d,14,20,0.9971594214439392
2fkfe27d,14,21,0.9982507824897766
2fkfe27d,14,22,0.9784597754478455
2fkfe27d,14,23,0.9824011325836182
2fkfe27d,14,24,0.8700777292251587
2fkfe27d,14,25,0.9998658299446106
2fkfe27d,14,26,0.9799418449401855
2fkfe27d,15,1,0.9998875856399536
2fkfe27d,15,2,0.9767632484436035
2fkfe27d,15,3,0.9050401449203491
2fkfe27d,15,4,0.9994205236434937
2fkfe27d,15,5,0.9987938404083252
2fkfe27d,15,6,0.9984807968139648
2fkfe27d,15,7,0.9913588166236877
2fkfe27d,15,8,0.9982500076293945
2fkfe27d,15,9,0.9985442757606506
2fkfe27d,15,10,0.9984835386276245
2fkfe27d,15,11,0.9988699555397034
2fkfe27d,15,12,0.9983813762664795
2fkfe27d,15,13,0.9982350468635559
2fkfe27d,15,14,0.9990214109420776
2fkfe27d,15,15,1.0
2fkfe27d,15,16,0.9901052117347717
2fkfe27d,15,17,0.9982717037200928
2fkfe27d,15,18,0.8695657849311829
2fkfe27d,15,19,0.9985914826393127
2fkfe27d,15,20,0.9994890689849854
2fkfe27d,15,21,0.9997769594192505
2fkfe27d,15,22,0.9863671660423279
2fkfe27d,15,23,0.9894388318061829
2fkfe27d,15,24,0.8895113468170166
2fkfe27d,15,25,0.9995229840278625
2fkfe27d,15,26,0.9875327944755554
2fkfe27d,16,1,0.9885736703872681
2fkfe27d,16,2,0.9754624366760254
2fkfe27d,16,3,0.9373226761817932
2fkfe27d,16,4,0.9877594113349915
2fkfe27d,16,5,0.982255220413208
2fkfe27d,16,6,0.9829700589179993
2fkfe27d,16,7,0.9824750423431396
2fkfe27d,16,8,0.9804959297180176
2fkfe27d,16,9,0.9900006651878357
2fkfe27d,16,10,0.9812449216842651
2fkfe27d,16,11,0.990984320640564
2fkfe27d,16,12,0.980928897857666
2fkfe27d,16,13,0.9811586737632751
2fkfe27d,16,14,0.983314037322998
2fkfe27d,16,15,0.9901052117347717
2fkfe27d,16,16,1.0
2fkfe27d,16,17,0.9956193566322327
2fkfe27d,16,18,0.9261297583580017
2fkfe27d,16,19,0.9816533923149109
2fkfe27d,16,20,0.9938440322875977
2fkfe27d,16,21,0.9914079904556274
2fkfe27d,16,22,0.9985814094543457
2fkfe27d,16,23,0.99888014793396
2fkfe27d,16,24,0.9408994913101196
2fkfe27d,16,25,0.9855625033378601
2fkfe27d,16,26,0.9990667104721069
2fkfe27d,17,1,0.9974641799926758
2fkfe27d,17,2,0.9790647029876709
2fkfe27d,17,3,0.9226246476173401
2fkfe27d,17,4,0.9971106648445129
2fkfe27d,17,5,0.9944798350334167
2fkfe27d,17,6,0.9944723844528198
2fkfe27d,17,7,0.9905581474304199
2fkfe27d,17,8,0.9933449625968933
2fkfe27d,17,9,0.9980430603027344
2fkfe27d,17,10,0.9937993884086609
2fkfe27d,17,11,0.9985631704330444
2fkfe27d,17,12,0.9936345815658569
2fkfe27d,17,13,0.9934900999069214
2fkfe27d,17,14,0.9948959946632385
2fkfe27d,17,15,0.9982717037200928
2fkfe27d,17,16,0.9956193566322327
2fkfe27d,17,17,0.9999998211860657
2fkfe27d,17,18,0.8935232162475586
2fkfe27d,17,19,0.9939682483673096
2fkfe27d,17,20,0.9993907809257507
2fkfe27d,17,21,0.998969316482544
2fkfe27d,17,22,0.9940861463546753
2fkfe27d,17,23,0.9959576725959778
2fkfe27d,17,24,0.9120559096336365
2fkfe27d,17,25,0.9962612390518188
2fkfe27d,17,26,0.9944387674331665
2fkfe27d,18,1,0.8642514944076538
2fkfe27d,18,2,0.8816652297973633
2fkfe27d,18,3,0.9571462869644165
2fkfe27d,18,4,0.8649994134902954
2fkfe27d,18,5,0.8464365005493164
2fkfe27d,18,6,0.8483956456184387
2fkfe27d,18,7,0.873302698135376
2fkfe27d,18,8,0.8416429162025452
2fkfe27d,18,9,0.8771235942840576
2fkfe27d,18,10,0.8435145616531372
2fkfe27d,18,11,0.8782861828804016
2fkfe27d,18,12,0.8429997563362122
2fkfe27d,18,13,0.843332052230835
2fkfe27d,18,14,0.849000871181488
2fkfe27d,18,15,0.8695657849311829
2fkfe27d,18,16,0.9261297583580017
2fkfe27d,18,17,0.8935232162475586
2fkfe27d,18,18,1.000000238418579
2fkfe27d,18,19,0.8445402979850769
2fkfe27d,18,20,0.8837507963180542
2fkfe27d,18,21,0.8753976821899414
2fkfe27d,18,22,0.9341863393783569
2fkfe27d,18,23,0.9281349778175354
2fkfe27d,18,24,0.9974234700202942
2fkfe27d,18,25,0.8557259440422058
2fkfe27d,18,26,0.932562530040741
2fkfe27d,19,1,0.9991573691368103
2fkfe27d,19,2,0.973422646522522
2fkfe27d,19,3,0.8891080617904663
2fkfe27d,19,4,0.9988424777984619
2fkfe27d,19,5,0.9999105930328369
2fkfe27d,19,6,0.9994615316390991
2fkfe27d,19,7,0.9903807640075684
2fkfe27d,19,8,0.9999735951423645
2fkfe27d,19,9,0.9966670274734497
2fkfe27d,19,10,0.9999895095825195
2fkfe27d,19,11,0.996764063835144
2fkfe27d,19,12,0.9999767541885376
2fkfe27d,19,13,0.9998449087142944
2fkfe27d,19,14,0.9999536275863647
2fkfe27d,19,15,0.9985914826393127
2fkfe27d,19,16,0.9816533923149109
2fkfe27d,19,17,0.9939682483673096
2fkfe27d,19,18,0.8445402979850769
2fkfe27d,19,19,1.0000001192092896
2fkfe27d,19,20,0.9964621067047119
2fkfe27d,19,21,0.9976983666419983
2fkfe27d,19,22,0.9765810370445251
2fkfe27d,19,23,0.9807326793670654
2fkfe27d,19,24,0.8658862113952637
2fkfe27d,19,25,0.9997078776359558
2fkfe27d,19,26,0.9781913757324219
2fkfe27d,20,1,0.9989993572235107
2fkfe27d,20,2,0.9765989184379578
2fkfe27d,20,3,0.9130474328994751
2fkfe27d,20,4,0.998475193977356
2fkfe27d,20,5,0.9968124032020569
2fkfe27d,20,6,0.9964362382888794
2fkfe27d,20,7,0.9904914498329163
2fkfe27d,20,8,0.9959274530410767
2fkfe27d,20,9,0.9984132647514343
2fkfe27d,20,10,0.9962937831878662
2fkfe27d,20,11,0.998712420463562
2fkfe27d,20,12,0.9961399435997009
2fkfe27d,20,13,0.9959245324134827
2fkfe27d,20,14,0.9971594214439392
2fkfe27d,20,15,0.9994890689849854
2fkfe27d,20,16,0.9938440322875977
2fkfe27d,20,17,0.9993907809257507
2fkfe27d,20,18,0.8837507963180542
2fkfe27d,20,19,0.9964621067047119
2fkfe27d,20,20,1.0
2fkfe27d,20,21,0.9995771646499634
2fkfe27d,20,22,0.9907577037811279
2fkfe27d,20,23,0.9933023452758789
2fkfe27d,20,24,0.9027054309844971
2fkfe27d,20,25,0.9981062412261963
2fkfe27d,20,26,0.991860032081604
2fkfe27d,21,1,0.9994990229606628
2fkfe27d,21,2,0.9785832762718201
2fkfe27d,21,3,0.9102777242660522
2fkfe27d,21,4,0.9990412592887878
2fkfe27d,21,5,0.9979463219642639
2fkfe27d,21,6,0.9978333711624146
2fkfe27d,21,7,0.9919608235359192
2fkfe27d,21,8,0.9972987174987793
2fkfe27d,21,9,0.9985455274581909
2fkfe27d,21,10,0.9975735545158386
2fkfe27d,21,11,0.9991343021392822
2fkfe27d,21,12,0.9974557161331177
2fkfe27d,21,13,0.9973592758178711
2fkfe27d,21,14,0.9982507824897766
2fkfe27d,21,15,0.9997769594192505
2fkfe27d,21,16,0.9914079904556274
2fkfe27d,21,17,0.998969316482544
2fkfe27d,21,18,0.8753976821899414
2fkfe27d,21,19,0.9976983666419983
2fkfe27d,21,20,0.9995771646499634
2fkfe27d,21,21,0.9999998807907104
2fkfe27d,21,22,0.9883823394775391
2fkfe27d,21,23,0.9911815524101257
2fkfe27d,21,24,0.894874095916748
2fkfe27d,21,25,0.9989455342292786
2fkfe27d,21,26,0.9891701936721802
2fkfe27d,22,1,0.9843432903289795
2fkfe27d,22,2,0.9737898111343384
2fkfe27d,22,3,0.94623863697052
2fkfe27d,22,4,0.9840101599693298
2fkfe27d,22,5,0.9775599241256714
2fkfe27d,22,6,0.9781216382980347
2fkfe27d,22,7,0.9796047210693359
2fkfe27d,22,8,0.9753639698028564
2fkfe27d,22,9,0.9879282116889954
2fkfe27d,22,10,0.9762227535247803
2fkfe27d,22,11,0.9886802434921265
2fkfe27d,22,12,0.9759295582771301
2fkfe27d,22,13,0.9759054183959961
2fkfe27d,22,14,0.9784597754478455
2fkfe27d,22,15,0.9863671660423279
2fkfe27d,22,16,0.9985814094543457
2fkfe27d,22,17,0.9940861463546753
2fkfe27d,22,18,0.9341863393783569
2fkfe27d,22,19,0.9765810370445251
2fkfe27d,22,20,0.9907577037811279
2fkfe27d,22,21,0.9883823394775391
2fkfe27d,22,22,0.9999997615814209
2fkfe27d,22,23,0.9995220899581909
2fkfe27d,22,24,0.9489270448684692
2fkfe27d,22,25,0.9812894463539124
2fkfe27d,22,26,0.9993090629577637
2fkfe27d,23,1,0.9876888394355774
2fkfe27d,23,2,0.9746715426445007
2fkfe27d,23,3,0.9430753588676453
2fkfe27d,23,4,0.9874346256256104
2fkfe27d,23,5,0.9814957976341248
2fkfe27d,23,6,0.9817113280296326
2fkfe27d,23,7,0.9830700755119324
2fkfe27d,23,8,0.9796174168586731
2fkfe27d,23,9,0.990945041179657
2fkfe27d,23,10,0.9804198741912842
2fkfe27d,23,11,0.9914731979370117
2fkfe27d,23,12,0.9801414608955383
2fkfe27d,23,13,0.979964017868042
2fkfe27d,23,14,0.9824011325836182
2fkfe27d,23,15,0.9894388318061829
2fkfe27d,23,16,0.99888014793396
2fkfe27d,23,17,0.9959576725959778
2fkfe27d,23,18,0.9281349778175354
2fkfe27d,23,19,0.9807326793670654
2fkfe27d,23,20,0.9933023452758789
2fkfe27d,23,21,0.9911815524101257
2fkfe27d,23,22,0.9995220899581909
2fkfe27d,23,23,1.000000238418579
2fkfe27d,23,24,0.9433704614639282
2fkfe27d,23,25,0.9850257635116577
2fkfe27d,23,26,0.9996485710144043
2fkfe27d,24,1,0.8844044208526611
2fkfe27d,24,2,0.8974563479423523
2fkfe27d,24,3,0.9637292623519897
2fkfe27d,24,4,0.8854331970214844
2fkfe27d,24,5,0.8680797219276428
2fkfe27d,24,6,0.8697820901870728
2fkfe27d,24,7,0.8913841247558594
2fkfe27d,24,8,0.8631994724273682
2fkfe27d,24,9,0.8968421220779419
2fkfe27d,24,10,0.8649505972862244
2fkfe27d,24,11,0.8976123332977295
2fkfe27d,24,12,0.8644711971282959
2fkfe27d,24,13,0.8647561073303223
2fkfe27d,24,14,0.8700777292251587
2fkfe27d,24,15,0.8895113468170166
2fkfe27d,24,16,0.9408994913101196
2fkfe27d,24,17,0.9120559096336365
2fkfe27d,24,18,0.9974234700202942
2fkfe27d,24,19,0.8658862113952637
2fkfe27d,24,20,0.9027054309844971
2fkfe27d,24,21,0.894874095916748
2fkfe27d,24,22,0.9489270448684692
2fkfe27d,24,23,0.9433704614639282
2fkfe27d,24,24,1.0
2fkfe27d,24,25,0.8765744566917419
2fkfe27d,24,26,0.9471167325973511
2fkfe27d,25,1,0.9997861981391907
2fkfe27d,25,2,0.9751285910606384
2fkfe27d,25,3,0.897001326084137
2fkfe27d,25,4,0.9995021820068359
2fkfe27d,25,5,0.9997516870498657
2fkfe27d,25,6,0.9993061423301697
2fkfe27d,25,7,0.991348385810852
2fkfe27d,25,8,0.9995569586753845
2fkfe27d,25,9,0.9980869889259338
2fkfe27d,25,10,0.9996739029884338
2fkfe27d,25,11,0.9981873035430908
2fkfe27d,25,12,0.9996308088302612
2fkfe27d,25,13,0.9994389414787292
2fkfe27d,25,14,0.9998658299446106
2fkfe27d,25,15,0.9995229840278625
2fkfe27d,25,16,0.9855625033378601
2fkfe27d,25,17,0.9962612390518188
2fkfe27d,25,18,0.8557259440422058
2fkfe27d,25,19,0.9997078776359558
2fkfe27d,25,20,0.9981062412261963
2fkfe27d,25,21,0.9989455342292786
2fkfe27d,25,22,0.9812894463539124
2fkfe27d,25,23,0.9850257635116577
2fkfe27d,25,24,0.8765744566917419
2fkfe27d,25,25,1.0
2fkfe27d,25,26,0.98271244764328
2fkfe27d,26,1,0.9856500625610352
2fkfe27d,26,2,0.9727956056594849
2fkfe27d,26,3,0.9441297650337219
2fkfe27d,26,4,0.9854511022567749
2fkfe27d,26,5,0.9789500832557678
2fkfe27d,26,6,0.9791823625564575
2fkfe27d,26,7,0.9810641407966614
2fkfe27d,26,8,0.9769720435142517
2fkfe27d,26,9,0.9891689419746399
2fkfe27d,26,10,0.9778300523757935
2fkfe27d,26,11,0.9896279573440552
2fkfe27d,26,12,0.9775307178497314
2fkfe27d,26,13,0.9774227142333984
2fkfe27d,26,14,0.9799418449401855
2fkfe27d,26,15,0.9875327944755554
2fkfe27d,26,16,0.9990667104721069
2fkfe27d,26,17,0.9944387674331665
2fkfe27d,26,18,0.932562530040741
2fkfe27d,26,19,0.9781913757324219
2fkfe27d,26,20,0.991860032081604
2fkfe27d,26,21,0.9891701936721802
2fkfe27d,26,22,0.9993090629577637
2fkfe27d,26,23,0.9996485710144043
2fkfe27d,26,24,0.9471167325973511
2fkfe27d,26,25,0.98271244764328
2fkfe27d,26,26,1.0000001192092896
2gae65s3,1,1,1.0000001192092896
2gae65s3,1,2,0.981623113155365
2gae65s3,1,3,0.9913183450698853
2gae65s3,2,1,0.981623113155365
2gae65s3,2,2,1.0
2gae65s3,2,3,0.99689781665802
2gae65s3,3,1,0.9913183450698853
2gae65s3,3,2,0.99689781665802
2gae65s3,3,3,1.0
2ug2ry5m,1,1,1.0000001192092896
2ug2ry5m,1,2,0.9985009431838989
2ug2ry5m,2,1,0.9985009431838989
2ug2ry5m,2,2,0.9999999403953552
2wq92crf,1,1,1.0
2wq92crf,1,2,0.9245988726615906
2wq92crf,1,3,0.8829078674316406
2wq92crf,1,4,0.9079918265342712
2wq92crf,2,1,0.9245988726615906
2wq92crf,2,2,1.0000001192092896
2wq92crf,2,3,0.9901681542396545
2wq92crf,2,4,0.9837673902511597
2wq92crf,3,1,0.8829078674316406
2wq92crf,3,2,0.9901681542396545
2wq92crf,3,3,0.9999998211860657
2wq92crf,3,4,0.986748993396759
2wq92crf,4,1,0.9079918265342712
2wq92crf,4,2,0.9837673902511597
2wq92crf,4,3,0.986748993396759
2wq92crf,4,4,1.0000001192092896
342c0b2a,1,1,1.0000001192092896
342c0b2a,1,2,0.992168664932251
342c0b2a,2,1,0.992168664932251
342c0b2a,2,2,1.0000001192092896
34a5f964,1,1,1.0
34a5f964,1,2,0.978272020816803
34a5f964,1,3,0.9856454133987427
34a5f964,1,4,0.9826592803001404
34a5f964,1,5,0.9753450751304626
34a5f964,1,6,0.9824351668357849
34a5f964,1,7,0.9320894479751587
34a5f964,1,8,0.9802479147911072
34a5f964,1,9,0.9799027442932129
34a5f964,1,10,0.9748260974884033
34a5f964,1,11,0.9707777500152588
34a5f964,1,12,0.9418975114822388
34a5f964,1,13,0.9453815817832947
34a5f964,2,1,0.978272020816803
34a5f964,2,2,1.0
34a5f964,2,3,0.9961738586425781
34a5f964,2,4,0.9661152958869934
34a5f964,2,5,0.99786776304245
34a5f964,2,6,0.9928088188171387
34a5f964,2,7,0.9109338521957397
34a5f964,2,8,0.9871780872344971
34a5f964,2,9,0.9806526899337769
34a5f964,2,10,0.9857237339019775
34a5f964,2,11,0.967765212059021
34a5f964,2,12,0.9112359285354614
34a5f964,2,13,0.9184505939483643
34a5f964,3,1,0.9856454133987427
34a5f964,3,2,0.9961738586425781
34a5f964,3,3,1.0
34a5f964,3,4,0.9813821911811829
34a5f964,3,5,0.9962977170944214
34a5f964,3,6,0.9977555871009827
34a5f964,3,7,0.9299727082252502
34a5f964,3,8,0.9918491840362549
34a5f964,3,9,0.9867708683013916
34a5f964,3,10,0.9912364482879639
34a5f964,3,11,0.9809861183166504
34a5f964,3,12,0.930637538433075
34a5f964,3,13,0.9385883212089539
34a5f964,4,1,0.9826592803001404
34a5f964,4,2,0.9661152958869934
34a5f964,4,3,0.9813821911811829
34a5f964,4,4,1.0
34a5f964,4,5,0.967214047908783
34a5f964,4,6,0.9819686412811279
34a5f964,4,7,0.9596871137619019
34a5f964,4,8,0.9788545966148376
34a5f964,4,9,0.9768295884132385
34a5f964,4,10,0.9775151610374451
34a5f964,4,11,0.9825704097747803
34a5f964,4,12,0.9473992586135864
34a5f964,4,13,0.9697732329368591
34a5f964,5,1,0.9753450751304626
34a5f964,5,2,0.99786776304245
34a5f964,5,3,0.9962977170944214
34a5f964,5,4,0.967214047908783
34a5f964,5,5,0.9999999403953552
34a5f964,5,6,0.9936015009880066
34a5f964,5,7,0.9060149788856506
34a5f964,5,8,0.984359622001648
34a5f964,5,9,0.9792327284812927
34a5f964,5,10,0.9854413866996765
34a5f964,5,11,0.9723426699638367
34a5f964,5,12,0.9170399308204651
34a5f964,5,13,0.9182171821594238
34a5f964,6,1,0.9824351668357849
34a5f964,6,2,0.9928088188171387
34a5f964,6,3,0.9977555871009827
34a5f964,6,4,0.9819686412811279
34a5f964,6,5,0.9936015009880066
34a5f964,6,6,1.0000001192092896
34a5f964,6,7,0.9294010400772095
34a5f964,6,8,0.9918601512908936
34a5f964,6,9,0.9876108765602112
34a5f964,6,10,0.9950525760650635
34a5f964,6,11,0.9799367189407349
34a5f964,6,12,0.9226200580596924
34a5f964,6,13,0.9356103539466858
34a5f964,7,1,0.9320894479751587
34a5f964,7,2,0.9109338521957397
34a5f964,7,3,0.9299727082252502
34a5f964,7,4,0.9596871137619019
34a5f964,7,5,0.9060149788856506
34a5f964,7,6,0.9294010400772095
34a5f964,7,7,1.0
34a5f964,7,8,0.9456707239151001
34a5f964,7,9,0.9482678771018982
34a5f964,7,10,0.9440666437149048
34a5f964,7,11,0.9691497087478638
34a5f964,7,12,0.9557473063468933
34a5f964,7,13,0.9890607595443726
34a5f964,8,1,0.9802479147911072
34a5f964,8,2,0.9871780872344971
34a5f964,8,3,0.9918491840362549
34a5f964,8,4,0.9788545966148376
34a5f964,8,5,0.984359622001648
34a5f964,8,6,0.9918601512908936
34a5f964,8,7,0.9456707239151001
34a5f964,8,8,1.0000001192092896
34a5f964,8,9,0.997403085231781
34a5f964,8,10,0.99586421251297
34a5f964,8,11,0.9787659645080566
34a5f964,8,12,0.9365916848182678
34a5f964,8,13,0.9552558660507202
34a5f964,9,1,0.9799027442932129
34a5f964,9,2,0.9806526899337769
34a5f964,9,3,0.9867708683013916
34a5f964,9,4,0.9768295884132385
34a5f964,9,5,0.9792327284812927
34a5f964,9,6,0.9876108765602112
34a5f964,9,7,0.9482678771018982
34a5f964,9,8,0.997403085231781
34a5f964,9,9,1.0
34a5f964,9,10,0.994635820388794
34a5f964,9,11,0.9812064170837402
34a5f964,9,12,0.9506605863571167
34a5f964,9,13,0.9623178243637085
34a5f964,10,1,0.9748260974884033
34a5f964,10,2,0.9857237339019775
34a5f964,10,3,0.9912364482879639
34a5f964,10,4,0.9775151610374451
34a5f964,10,5,0.9854413866996765
34a5f964,10,6,0.9950525760650635
34a5f964,10,7,0.9440666437149048
34a5f964,10,8,0.99586421251297
34a5f964,10,9,0.994635820388794
34a5f964,10,10,1.0
34a5f964,10,11,0.9832538962364197
34a5f964,10,12,0.9327978491783142
34a5f964,10,13,0.9496689438819885
34a5f964,11,1,0.9707777500152588
34a5f964,11,2,0.967765212059021
34a5f964,11,3,0.9809861183166504
34a5f964,11,4,0.9825704097747803
34a5f964,11,5,0.9723426699638367
34a5f964,11,6,0.9799367189407349
34a5f964,11,7,0.9691497087478638
34a5f964,11,8,0.9787659645080566
34a5f964,11,9,0.9812064170837402
34a5f964,11,10,0.9832538962364197
34a5f964,11,11,0.9999999403953552
34a5f964,11,12,0.9713780283927917
34a5f964,11,13,0.975826621055603
34a5f964,12,1,0.9418975114822388
34a5f964,12,2,0.9112359285354614
34a5f964,12,3,0.930637538433075
34a5f964,12,4,0.9473992586135864
34a5f964,12,5,0.9170399308204651
34a5f964,12,6,0.9226200580596924
34a5f964,12,7,0.9557473063468933
34a5f964,12,8,0.9365916848182678
34a5f964,12,9,0.9506605863571167
34a5f964,12,10,0.9327978491783142
34a5f964,12,11,0.9713780283927917
34a5f964,12,12,1.0000001192092896
34a5f964,12,13,0.9805436730384827
34a5f964,13,1,0.9453815817832947
34a5f964,13,2,0.9184505939483643
34a5f964,13,3,0.9385883212089539
34a5f964,13,4,0.9697732329368591
34a5f964,13,5,0.9182171821594238
34a5f964,13,6,0.9356103539466858
34a5f964,13,7,0.9890607595443726
34a5f964,13,8,0.9552558660507202
34a5f964,13,9,0.9623178243637085
34a5f964,13,10,0.9496689438819885
34a5f964,13,11,0.975826621055603
34a5f964,13,12,0.9805436730384827
34a5f964,13,13,0.9999999403953552
37303a3b,1,1,1.0000001192092896
37303a3b,1,2,0.9774740934371948
37303a3b,1,3,0.9593909382820129
37303a3b,2,1,0.9774740934371948
37303a3b,2,2,1.0
37303a3b,2,3,0.9731522798538208
37303a3b,3,1,0.9593909382820129
37303a3b,3,2,0.9731522798538208
37303a3b,3,3,1.0000001192092896
37af9ac1,1,1,0.9999998807907104
37af9ac1,1,2,0.9932999610900879
37af9ac1,1,3,0.9930242896080017
37af9ac1,1,4,0.9869492650032043
37af9ac1,1,5,0.991864025592804
37af9ac1,1,6,0.9880980253219604
37af9ac1,1,7,0.9864845871925354
37af9ac1,1,8,0.9938028454780579
37af9ac1,1,9,0.9861599802970886
37af9ac1,1,10,0.9872854351997375
37af9ac1,2,1,0.9932999610900879
37af9ac1,2,2,1.0000001192092896
37af9ac1,2,3,0.9919423460960388
37af9ac1,2,4,0.9843642115592957
37af9ac1,2,5,0.9834952354431152
37af9ac1,2,6,0.9776675701141357
37af9ac1,2,7,0.9772295951843262
37af9ac1,2,8,0.9971057176589966
37af9ac1,2,9,0.9953184723854065
37af9ac1,2,10,0.9888059496879578
37af9ac1,3,1,0.9930242896080017
37af9ac1,3,2,0.9919423460960388
37af9ac1,3,3,0.9999999403953552
37af9ac1,3,4,0.9928199648857117
37af9ac1,3,5,0.9777268767356873
37af9ac1,3,6,0.9833650588989258
37af9ac1,3,7,0.9860962629318237
37af9ac1,3,8,0.9963831305503845
37af9ac1,3,9,0.9949367642402649
37af9ac1,3,10,0.9978237748146057
37af9ac1,4,1,0.9869492650032043
37af9ac1,4,2,0.9843642115592957
37af9ac1,4,3,0.9928199648857117
37af9ac1,4,4,1.0
37af9ac1,4,5,0.9782030582427979
37af9ac1,4,6,0.9843251705169678
37af9ac1,4,7,0.9929389953613281
37af9ac1,4,8,0.9853317737579346
37af9ac1,4,9,0.9885923266410828
37af9ac1,4,10,0.9944519400596619
37af9ac1,5,1,0.991864025592804
37af9ac1,5,2,0.9834952354431152
37af9ac1,5,3,0.9777268767356873
37af9ac1,5,4,0.9782030582427979
37af9ac1,5,5,1.000000238418579
37af9ac1,5,6,0.9827492833137512
37af9ac1,5,7,0.9814388751983643
37af9ac1,5,8,0.9809259176254272
37af9ac1,5,9,0.9716495275497437
37af9ac1,5,10,0.972369909286499
37af9ac1,6,1,0.9880980253219604
37af9ac1,6,2,0.9776675701141357
37af9ac1,6,3,0.9833650588989258
37af9ac1,6,4,0.9843251705169678
37af9ac1,6,5,0.9827492833137512
37af9ac1,6,6,1.0
37af9ac1,6,7,0.9970699548721313
37af9ac1,6,8,0.9754852652549744
37af9ac1,6,9,0.9707123041152954
37af9ac1,6,10,0.9756883978843689
37af9ac1,7,1,0.9864845871925354
37af9ac1,7,2,0.9772295951843262
37af9ac1,7,3,0.9860962629318237
37af9ac1,7,4,0.9929389953613281
37af9ac1,7,5,0.9814388751983643
37af9ac1,7,6,0.9970699548721313
37af9ac1,7,7,1.0000001192092896
37af9ac1,7,8,0.9759706854820251
37af9ac1,7,9,0.9754253625869751
37af9ac1,7,10,0.9822752475738525
37af9ac1,8,1,0.9938028454780579
37af9ac1,8,2,0.9971057176589966
37af9ac1,8,3,0.9963831305503845
37af9ac1,8,4,0.9853317737579346
37af9ac1,8,5,0.9809259176254272
37af9ac1,8,6,0.9754852652549744
37af9ac1,8,7,0.9759706854820251
37af9ac1,8,8,0.9999999403953552
37af9ac1,8,9,0.9961844682693481
37af9ac1,8,10,0.9937094449996948
37af9ac1,9,1,0.9861599802970886
37af9ac1,9,2,0.9953184723854065
37af9ac1,9,3,0.9949367642402649
37af9ac1,9,4,0.9885923266410828
37af9ac1,9,5,0.9716495275497437
37af9ac1,9,6,0.9707123041152954
37af9ac1,9,7,0.9754253625869751
37af9ac1,9,8,0.9961844682693481
37af9ac1,9,9,1.0000001192092896
37af9ac1,9,10,0.9959263801574707
37af9ac1,10,1,0.9872854351997375
37af9ac1,10,2,0.9888059496879578
37af9ac1,10,3,0.9978237748146057
37af9ac1,10,4,0.9944519400596619
37af9ac1,10,5,0.972369909286499
37af9ac1,10,6,0.9756883978843689
37af9ac1,10,7,0.9822752475738525
37af9ac1,10,8,0.9937094449996948
37af9ac1,10,9,0.9959263801574707
37af9ac1,10,10,1.0
37b07a28,1,1,1.0
37b07a28,1,2,0.9973660111427307
37b07a28,1,3,0.9755107164382935
37b07a28,2,1,0.9973660111427307
37b07a28,2,2,1.0
37b07a28,2,3,0.9773498773574829
37b07a28,3,1,0.9755107164382935
37b07a28,3,2,0.9773498773574829
37b07a28,3,3,1.0000001192092896
3a6e6ace,1,1,0.9999999403953552
3a6e6ace,1,2,0.9502567648887634
3a6e6ace,1,3,0.9801415801048279
3a6e6ace,1,4,0.97927325963974
3a6e6ace,1,5,0.9887322187423706
3a6e6ace,2,1,0.9502567648887634
3a6e6ace,2,2,1.0
3a6e6ace,2,3,0.9390944242477417
3a6e6ace,2,4,0.9387481212615967
3a6e6ace,2,5,0.9757702946662903
3a6e6ace,3,1,0.9801415801048279
3a6e6ace,3,2,0.9390944242477417
3a6e6ace,3,3,0.9999999403953552
3a6e6ace,3,4,0.9988021850585938
3a6e6ace,3,5,0.9628949761390686
3a6e6ace,4,1,0.97927325963974
3a6e6ace,4,2,0.9387481212615967
3a6e6ace,4,3,0.9988021850585938
3a6e6ace,4,4,0.9999998807907104
3a6e6ace,4,5,0.9654983282089233
3a6e6ace,5,1,0.9887322187423706
3a6e6ace,5,2,0.9757702946662903
3a6e6ace,5,3,0.9628949761390686
3a6e6ace,5,4,0.9654983282089233
3a6e6ace,5,5,1.0
3a739934,1,1,1.0
3a739934,1,2,0.9844805002212524
3a739934,1,3,0.9457220435142517
3a739934,1,4,0.9545019268989563
3a739934,2,1,0.9844805002212524
3a739934,2,2,1.0
3a739934,2,3,0.9708865284919739
3a739934,2,4,0.9568802714347839
3a739934,3,1,0.9457220435142517
3a739934,3,2,0.9708865284919739
3a739934,3,3,1.0
3a739934,3,4,0.9764581918716431
3a739934,4,1,0.9545019268989563
3a739934,4,2,0.9568802714347839
3a739934,4,3,0.9764581918716431
3a739934,4,4,1.0000001192092896
3b19c5c3,1,1,0.9999999403953552
3b19c5c3,1,2,0.9828164577484131
3b19c5c3,1,3,0.9927976131439209
3b19c5c3,1,4,0.9813228249549866
3b19c5c3,1,5,0.9622942209243774
3b19c5c3,2,1,0.9828164577484131
3b19c5c3,2,2,1.0
3b19c5c3,2,3,0.9962810277938843
3b19c5c3,2,4,0.9952037334442139
3b19c5c3,2,5,0.9853560328483582
3b19c5c3,3,1,0.9927976131439209
3b19c5c3,3,2,0.9962810277938843
3b19c5c3,3,3,1.0
3b19c5c3,3,4,0.9956972002983093
3b19c5c3,3,5,0.9809043407440186
3b19c5c3,4,1,0.9813228249549866
3b19c5c3,4,2,0.9952037334442139
3b19c5c3,4,3,0.9956972002983093
3b19c5c3,4,4,0.9999998807907104
3b19c5c3,4,5,0.9852035641670227
3b19c5c3,5,1,0.9622942209243774
3b19c5c3,5,2,0.9853560328483582
3b19c5c3,5,3,0.9809043407440186
3b19c5c3,5,4,0.9852035641670227
3b19c5c3,5,5,0.9999999403953552
3b1a4616,1,1,0.9999999403953552
3b1a4616,1,2,0.995261013507843
3b1a4616,1,3,0.9961071610450745
3b1a4616,1,4,0.9973232746124268
3b1a4616,1,5,0.9780917763710022
3b1a4616,1,6,0.9878588318824768
3b1a4616,2,1,0.995261013507843
3b1a4616,2,2,1.0
3b1a4616,2,3,0.987533688545227
3b1a4616,2,4,0.9941428303718567
3b1a4616,2,5,0.9846987128257751
3b1a4616,2,6,0.9896567463874817
3b1a4616,3,1,0.9961071610450745
3b1a4616,3,2,0.987533688545227
3b1a4616,3,3,0.9999999403953552
3b1a4616,3,4,0.9973551630973816
3b1a4616,3,5,0.9643210172653198
3b1a4616,3,6,0.9821465015411377
3b1a4616,4,1,0.9973232746124268
3b1a4616,4,2,0.9941428303718567
3b1a4616,4,3,0.9973551630973816
3b1a4616,4,4,1.0000001192092896
3b1a4616,4,5,0.9727513194084167
3b1a4616,4,6,0.9865312576293945
3b1a4616,5,1,0.9780917763710022
3b1a4616,5,2,0.9846987128257751
3b1a4616,5,3,0.9643210172653198
3b1a4616,5,4,0.9727513194084167
3b1a4616,5,5,0.9999999403953552
3b1a4616,5,6,0.9867101311683655
3b1a4616,6,1,0.9878588318824768
3b1a4616,6,2,0.9896567463874817
3b1a4616,6,3,0.9821465015411377
3b1a4616,6,4,0.9865312576293945
3b1a4616,6,5,0.9867101311683655
3b1a4616,6,6,1.0000001192092896
3b97c07b,1,1,1.0000001192092896
3b97c07b,1,2,0.9731928706169128
3b97c07b,1,3,0.9781824350357056
3b97c07b,1,4,0.9891900420188904
3b97c07b,1,5,0.9945842027664185
3b97c07b,2,1,0.9731928706169128
3b97c07b,2,2,0.9999999403953552
3b97c07b,2,3,0.993452250957489
3b97c07b,2,4,0.9739114046096802
3b97c07b,2,5,0.9746876358985901
3b97c07b,3,1,0.9781824350357056
3b97c07b,3,2,0.993452250957489
3b97c07b,3,3,1.0
3b97c07b,3,4,0.9878747463226318
3b97c07b,3,5,0.9852219820022583
3b97c07b,4,1,0.9891900420188904
3b97c07b,4,2,0.9739114046096802
3b97c07b,4,3,0.9878747463226318
3b97c07b,4,4,1.0
3b97c07b,4,5,0.9970095157623291
3b97c07b,5,1,0.9945842027664185
3b97c07b,5,2,0.9746876358985901
3b97c07b,5,3,0.9852219820022583
3b97c07b,5,4,0.9970095157623291
3b97c07b,5,5,1.0
3d08dadd,1,1,1.0
3d08dadd,1,2,0.9889863729476929
3d08dadd,1,3,0.9841581583023071
3d08dadd,1,4,0.9887095093727112
3d08dadd,1,5,0.9564729332923889
3d08dadd,1,6,0.9461454749107361
3d08dadd,1,7,0.9013999104499817
3d08dadd,2,1,0.9889863729476929
3d08dadd,2,2,1.0
3d08dadd,2,3,0.9982133507728577
3d08dadd,2,4,0.9958322048187256
3d08dadd,2,5,0.9808202981948853
3d08dadd,2,6,0.977649450302124
3d08dadd,2,7,0.9379679560661316
3d08dadd,3,1,0.9841581583023071
3d08dadd,3,2,0.9982133507728577
3d08dadd,3,3,1.0000001192092896
3d08dadd,3,4,0.9956414699554443
3d08dadd,3,5,0.9853382110595703
3d08dadd,3,6,0.9803609848022461
3d08dadd,3,7,0.9457802176475525
3d08dadd,4,1,0.9887095093727112
3d08dadd,4,2,0.9958322048187256
3d08dadd,4,3,0.9956414699554443
3d08dadd,4,4,1.0
3d08dadd,4,5,0.9870569705963135
3d08dadd,4,6,0.9795084595680237
3d08dadd,4,7,0.9449515342712402
3d08dadd,5,1,0.9564729332923889
3d08dadd,5,2,0.9808202981948853
3d08dadd,5,3,0.9853382110595703
3d08dadd,5,4,0.9870569705963135
3d08dadd,5,5,1.0000001192092896
3d08dadd,5,6,0.9932268857955933
3d08dadd,5,7,0.9780349135398865
3d08dadd,6,1,0.9461454749107361
3d08dadd,6,2,0.977649450302124
3d08dadd,6,3,0.9803609848022461
3d08dadd,6,4,0.9795084595680237
3d08dadd,6,5,0.9932268857955933
3d08dadd,6,6,1.0
3d08dadd,6,7,0.9636435508728027
3d08dadd,7,1,0.9013999104499817
3d08dadd,7,2,0.9379679560661316
3d08dadd,7,3,0.9457802176475525
3d08dadd,7,4,0.9449515342712402
3d08dadd,7,5,0.9780349135398865
3d08dadd,7,6,0.9636435508728027
3d08dadd,7,7,1.0
3iu5qznd,1,1,0.9999998807907104
3iu5qznd,1,2,0.9966112375259399
3iu5qznd,1,3,0.9983793497085571
3iu5qznd,1,4,0.9978507161140442
3iu5qznd,1,5,0.9988619089126587
3iu5qznd,1,6,0.9963797330856323
3iu5qznd,1,7,0.9969502091407776
3iu5qznd,1,8,0.995302140712738
3iu5qznd,1,9,0.9976592659950256
3iu5qznd,1,10,0.9958662390708923
3iu5qznd,1,11,0.9943658113479614
3iu5qznd,1,12,0.9988042116165161
3iu5qznd,1,13,0.9953076839447021
3iu5qznd,1,14,0.9975619912147522
3iu5qznd,1,15,0.9968973398208618
3iu5qznd,1,16,0.9958624243736267
3iu5qznd,1,17,0.9965695142745972
3iu5qznd,1,18,0.9888446927070618
3iu5qznd,1,19,0.9974687695503235
3iu5qznd,1,20,0.9983523488044739
3iu5qznd,1,21,0.9975563287734985
3iu5qznd,1,22,0.9906384944915771
3iu5qznd,1,23,0.9944071173667908
3iu5qznd,1,24,0.9906391501426697
3iu5qznd,1,25,0.987507700920105
3iu5qznd,1,26,0.9945001006126404
3iu5qznd,1,27,0.9919132590293884
3iu5qznd,1,28,0.9620802998542786
3iu5qznd,2,1,0.9966112375259399
3iu5qznd,2,2,1.0
3iu5qznd,2,3,0.9988300204277039
3iu5qznd,2,4,0.9982326030731201
3iu5qznd,2,5,0.9985129833221436
3iu5qznd,2,6,0.9973719120025635
3iu5qznd,2,7,0.997362494468689
3iu5qznd,2,8,0.995552122592926
3iu5qznd,2,9,0.9989120960235596
3iu5qznd,2,10,0.9992652535438538
3iu5qznd,2,11,0.998957097530365
3iu5qznd,2,12,0.9974467158317566
3iu5qznd,2,13,0.9987453818321228
3iu5qznd,2,14,0.9968725442886353
3iu5qznd,2,15,0.9970065951347351
3iu5qznd,2,16,0.9972500205039978
3iu5qznd,2,17,0.9994145631790161
3iu5qznd,2,18,0.9941019415855408
3iu5qznd,2,19,0.9960071444511414
3iu5qznd,2,20,0.9985411167144775
3iu5qznd,2,21,0.9978670477867126
3iu5qznd,2,22,0.9935088753700256
3iu5qznd,2,23,0.9990068078041077
3iu5qznd,2,24,0.9978358745574951
3iu5qznd,2,25,0.9936638474464417
3iu5qznd,2,26,0.9961915612220764
3iu5qznd,2,27,0.9973033666610718
3iu5qznd,2,28,0.9644960761070251
3iu5qznd,3,1,0.9983793497085571
3iu5qznd,3,2,0.9988300204277039
3iu5qznd,3,3,0.9999999403953552
3iu5qznd,3,4,0.9989041686058044
3iu5qznd,3,5,0.9989914298057556
3iu5qznd,3,6,0.9978920221328735
3iu5qznd,3,7,0.9982359409332275
3iu5qznd,3,8,0.9963943958282471
3iu5qznd,3,9,0.9993926882743835
3iu5qznd,3,10,0.9980881214141846
3iu5qznd,3,11,0.998346209526062
3iu5qznd,3,12,0.9991946220397949
3iu5qznd,3,13,0.9981206655502319
3iu5qznd,3,14,0.9989929795265198
3iu5qznd,3,15,0.9982612729072571
3iu5qznd,3,16,0.9983686804771423
3iu5qznd,3,17,0.9980323314666748
3iu5qznd,3,18,0.9934660792350769
3iu5qznd,3,19,0.998224139213562
3iu5qznd,3,20,0.9993051290512085
3iu5qznd,3,21,0.9995880722999573
3iu5qznd,3,22,0.9936891794204712
3iu5qznd,3,23,0.9978091716766357
3iu5qznd,3,24,0.9951930046081543
3iu5qznd,3,25,0.992822527885437
3iu5qznd,3,26,0.9975703358650208
3iu5qznd,3,27,0.9960959553718567
3iu5qznd,3,28,0.9636240601539612
3iu5qznd,4,1,0.9978507161140442
3iu5qznd,4,2,0.9982326030731201
3iu5qznd,4,3,0.9989041686058044
3iu5qznd,4,4,1.0000001192092896
3iu5qznd,4,5,0.998996913433075
3iu5qznd,4,6,0.9992660284042358
3iu5qznd,4,7,0.9985955357551575
3iu5qznd,4,8,0.9954761266708374
3iu5qznd,4,9,0.9975116848945618
3iu5qznd,4,10,0.9976909160614014
3iu5qznd,4,11,0.9964356422424316
3iu5qznd,4,12,0.9979037046432495
3iu5qznd,4,13,0.9976704120635986
3iu5qznd,4,14,0.9986173510551453
3iu5qznd,4,15,0.9962294697761536
3iu5qznd,4,16,0.9965231418609619
3iu5qznd,4,17,0.9967285394668579
3iu5qznd,4,18,0.9899420142173767
3iu5qznd,4,19,0.9963005781173706
3iu5qznd,4,20,0.9986341595649719
3iu5qznd,4,21,0.9982225298881531
3iu5qznd,4,22,0.9914699196815491
3iu5qznd,4,23,0.9967190027236938
3iu5qznd,4,24,0.9945388436317444
3iu5qznd,4,25,0.9895782470703125
3iu5qznd,4,26,0.9959297776222229
3iu5qznd,4,27,0.9965558052062988
3iu5qznd,4,28,0.9649268388748169
3iu5qznd,5,1,0.9988619089126587
3iu5qznd,5,2,0.9985129833221436
3iu5qznd,5,3,0.9989914298057556
3iu5qznd,5,4,0.998996913433075
3iu5qznd,5,5,1.0
3iu5qznd,5,6,0.9980724453926086
3iu5qznd,5,7,0.9983891248703003
3iu5qznd,5,8,0.9962514638900757
3iu5qznd,5,9,0.9985160827636719
3iu5qznd,5,10,0.9978623986244202
3iu5qznd,5,11,0.996570348739624
3iu5qznd,5,12,0.998951256275177
3iu5qznd,5,13,0.9978172779083252
3iu5qznd,5,14,0.9984552264213562
3iu5qznd,5,15,0.9971505403518677
3iu5qznd,5,16,0.9971416592597961
3iu5qznd,5,17,0.9976577162742615
3iu5qznd,5,18,0.9906448721885681
3iu5qznd,5,19,0.9974612593650818
3iu5qznd,5,20,0.9989937543869019
3iu5qznd,5,21,0.9982598423957825
3iu5qznd,5,22,0.9921188354492188
3iu5qznd,5,23,0.9964374303817749
3iu5qznd,5,24,0.994388222694397
3iu5qznd,5,25,0.9900011420249939
3iu5qznd,5,26,0.9956597685813904
3iu5qznd,5,27,0.994985044002533
3iu5qznd,5,28,0.9665381908416748
3iu5qznd,6,1,0.9963797330856323
3iu5qznd,6,2,0.9973719120025635
3iu5qznd,6,3,0.9978920221328735
3iu5qznd,6,4,0.9992660284042358
3iu5qznd,6,5,0.9980724453926086
3iu5qznd,6,6,1.0
3iu5qznd,6,7,0.9981181025505066
3iu5qznd,6,8,0.9960916638374329
3iu5qznd,6,9,0.9964396953582764
3iu5qznd,6,10,0.9974857568740845
3iu5qznd,6,11,0.995602011680603
3iu5qznd,6,12,0.9967067241668701
3iu5qznd,6,13,0.9978788495063782
3iu5qznd,6,14,0.9983283281326294
3iu5qznd,6,15,0.9952011108398438
3iu5qznd,6,16,0.9951145648956299
3iu5qznd,6,17,0.9953694939613342
3iu5qznd,6,18,0.9873731732368469
3iu5qznd,6,19,0.9947835803031921
3iu5qznd,6,20,0.9986045956611633
3iu5qznd,6,21,0.9972305297851562
3iu5qznd,6,22,0.9892207384109497
3iu5qznd,6,23,0.9958399534225464
3iu5qznd,6,24,0.9946268200874329
3iu5qznd,6,25,0.9877916574478149
3iu5qznd,6,26,0.9947324991226196
3iu5qznd,6,27,0.996529757976532
3iu5qznd,6,28,0.9635321497917175
3iu5qznd,7,1,0.9969502091407776
3iu5qznd,7,2,0.997362494468689
3iu5qznd,7,3,0.9982359409332275
3iu5qznd,7,4,0.9985955357551575
3iu5qznd,7,5,0.9983891248703003
3iu5qznd,7,6,0.9981181025505066
3iu5qznd,7,7,1.0000001192092896
3iu5qznd,7,8,0.9966520667076111
3iu5qznd,7,9,0.9975493550300598
3iu5qznd,7,10,0.9963098168373108
3iu5qznd,7,11,0.9962771534919739
3iu5qznd,7,12,0.997533917427063
3iu5qznd,7,13,0.9964728355407715
3iu5qznd,7,14,0.998170018196106
3iu5qznd,7,15,0.9981049299240112
3iu5qznd,7,16,0.9973561763763428
3iu5qznd,7,17,0.9964002370834351
3iu5qznd,7,18,0.991788387298584
3iu5qznd,7,19,0.9967658519744873
3iu5qznd,7,20,0.9975454807281494
3iu5qznd,7,21,0.9983371496200562
3iu5qznd,7,22,0.9949913620948792
3iu5qznd,7,23,0.9966894388198853
3iu5qznd,7,24,0.9951348304748535
3iu5qznd,7,25,0.9922822713851929
3iu5qznd,7,26,0.9969131946563721
3iu5qznd,7,27,0.9966937899589539
3iu5qznd,7,28,0.9750251173973083
3iu5qznd,8,1,0.995302140712738
3iu5qznd,8,2,0.995552122592926
3iu5qznd,8,3,0.9963943958282471
3iu5qznd,8,4,0.9954761266708374
3iu5qznd,8,5,0.9962514638900757
3iu5qznd,8,6,0.9960916638374329
3iu5qznd,8,7,0.9966520667076111
3iu5qznd,8,8,0.9999999403953552
3iu5qznd,8,9,0.9959781169891357
3iu5qznd,8,10,0.9962988495826721
3iu5qznd,8,11,0.9945263266563416
3iu5qznd,8,12,0.995133101940155
3iu5qznd,8,13,0.996053159236908
3iu5qznd,8,14,0.996655285358429
3iu5qznd,8,15,0.9977763295173645
3iu5qznd,8,16,0.9935381412506104
3iu5qznd,8,17,0.9948829412460327
3iu5qznd,8,18,0.987012505531311
3iu5qznd,8,19,0.9933088421821594
3iu5qznd,8,20,0.9973950386047363
3iu5qznd,8,21,0.9960728883743286
3iu5qznd,8,22,0.9889813661575317
3iu5qznd,8,23,0.9937578439712524
3iu5qznd,8,24,0.9933309555053711
3iu5qznd,8,25,0.9870797991752625
3iu5qznd,8,26,0.9920947551727295
3iu5qznd,8,27,0.9928556084632874
3iu5qznd,8,28,0.9690903425216675
3iu5qznd,9,1,0.9976592659950256
3iu5qznd,9,2,0.9989120960235596
3iu5qznd,9,3,0.9993926882743835
3iu5qznd,9,4,0.9975116848945618
3iu5qznd,9,5,0.9985160827636719
3iu5qznd,9,6,0.9964396953582764
3iu5qznd,9,7,0.9975493550300598
3iu5qznd,9,8,0.9959781169891357
3iu5qznd,9,9,1.0
3iu5qznd,9,10,0.9982315301895142
3iu5qznd,9,11,0.9989792704582214
3iu5qznd,9,12,0.9992180466651917
3iu5qznd,9,13,0.9982213377952576
3iu5qznd,9,14,0.9981551170349121
3iu5qznd,9,15,0.998468816280365
3iu5qznd,9,16,0.9991058707237244
3iu5qznd,9,17,0.9987389445304871
3iu5qznd,9,18,0.9948746562004089
3iu5qznd,9,19,0.9983811974525452
3iu5qznd,9,20,0.9987425804138184
3iu5qznd,9,21,0.9990522861480713
3iu5qznd,9,22,0.9952999353408813
3iu5qznd,9,23,0.9985570907592773
3iu5qznd,9,24,0.9963798522949219
3iu5qznd,9,25,0.9945247769355774
3iu5qznd,9,26,0.9980291128158569
3iu5qznd,9,27,0.9964230060577393
3iu5qznd,9,28,0.9658283591270447
3iu5qznd,10,1,0.9958662390708923
3iu5qznd,10,2,0.9992652535438538
3iu5qznd,10,3,0.9980881214141846
3iu5qznd,10,4,0.9976909160614014
3iu5qznd,10,5,0.9978623986244202
3iu5qznd,10,6,0.9974857568740845
3iu5qznd,10,7,0.9963098168373108
3iu5qznd,10,8,0.9962988495826721
3iu5qznd,10,9,0.9982315301895142
3iu5qznd,10,10,0.9999997615814209
3iu5qznd,10,11,0.9984527826309204
3iu5qznd,10,12,0.9966396689414978
3iu5qznd,10,13,0.999607264995575
3iu5qznd,10,14,0.9970179200172424
3iu5qznd,10,15,0.9959156513214111
3iu5qznd,10,16,0.9958528876304626
3iu5qznd,10,17,0.9985249042510986
3iu5qznd,10,18,0.990627646446228
3iu5qznd,10,19,0.994186282157898
3iu5qznd,10,20,0.9987416863441467
3iu5qznd,10,21,0.9967971444129944
3iu5qznd,10,22,0.9906418919563293
3iu5qznd,10,23,0.9982247948646545
3iu5qznd,10,24,0.9977406859397888
3iu5qznd,10,25,0.9905436635017395
3iu5qznd,10,26,0.9945402145385742
3iu5qznd,10,27,0.9972653388977051
3iu5qznd,10,28,0.9627838730812073
3iu5qznd,11,1,0.9943658113479614
3iu5qznd,11,2,0.998957097530365
3iu5qznd,11,3,0.998346209526062
3iu5qznd,11,4,0.9964356422424316
3iu5qznd,11,5,0.996570348739624
3iu5qznd,11,6,0.995602011680603
3iu5qznd,11,7,0.9962771534919739
3iu5qznd,11,8,0.9945263266563416
3iu5qznd,11,9,0.9989792704582214
3iu5qznd,11,10,0.9984527826309204
3iu5qznd,11,11,1.0
3iu5qznd,11,12,0.9968790411949158
3iu5qznd,11,13,0.9984719157218933
3iu5qznd,11,14,0.9966039657592773
3iu5qznd,11,15,0.9969399571418762
3iu5qznd,11,16,0.998181164264679
3iu5qznd,11,17,0.9984487891197205
3iu5qznd,11,18,0.9959444403648376
3iu5qznd,11,19,0.9959897994995117
3iu5qznd,11,20,0.9974299073219299
3iu5qznd,11,21,0.9979713559150696
3iu5qznd,11,22,0.9950410723686218
3iu5qznd,11,23,0.9994335174560547
3iu5qznd,11,24,0.998336672782898
3iu5qznd,11,25,0.9960705041885376
3iu5qznd,11,26,0.9976097345352173
3iu5qznd,11,27,0.9978139400482178
3iu5qznd,11,28,0.9644894599914551
3iu5qznd,12,1,0.9988042116165161
3iu5qznd,12,2,0.9974467158317566
3iu5qznd,12,3,0.9991946220397949
3iu5qznd,12,4,0.9979037046432495
3iu5qznd,12,5,0.998951256275177
3iu5qznd,12,6,0.9967067241668701
3iu5qznd,12,7,0.997533917427063
3iu5qznd,12,8,0.995133101940155
3iu5qznd,12,9,0.9992180466651917
3iu5qznd,12,10,0.9966396689414978
3iu5qznd,12,11,0.9968790411949158
3iu5qznd,12,12,1.0000001192092896
3iu5qznd,12,13,0.9970045685768127
3iu5qznd,12,14,0.998909592628479
3iu5qznd,12,15,0.9976392984390259
3iu5qznd,12,16,0.998784065246582
3iu5qznd,12,17,0.9969179034233093
3iu5qznd,12,18,0.9922729730606079
3iu5qznd,12,19,0.9992940425872803
3iu5qznd,12,20,0.9986240863800049
3iu5qznd,12,21,0.9990686178207397
3iu5qznd,12,22,0.9937426447868347
3iu5qznd,12,23,0.996421217918396
3iu5qznd,12,24,0.9932257533073425
3iu5qznd,12,25,0.9916692972183228
3iu5qznd,12,26,0.9976742267608643
3iu5qznd,12,27,0.9944983124732971
3iu5qznd,12,28,0.9642616510391235
3iu5qznd,13,1,0.9953076839447021
3iu5qznd,13,2,0.9987453818321228
3iu5qznd,13,3,0.9981206655502319
3iu5qznd,13,4,0.9976704120635986
3iu5qznd,13,5,0.9978172779083252
3iu5qznd,13,6,0.9978788495063782
3iu5qznd,13,7,0.9964728355407715
3iu5qznd,13,8,0.996053159236908
3iu5qznd,13,9,0.9982213377952576
3iu5qznd,13,10,0.999607264995575
3iu5qznd,13,11,0.9984719157218933
3iu5qznd,13,12,0.9970045685768127
3iu5qznd,13,13,1.0000001192092896
3iu5qznd,13,14,0.9978076219558716
3iu5qznd,13,15,0.99551922082901
3iu5qznd,13,16,0.9964621067047119
3iu5qznd,13,17,0.9973738193511963
3iu5qznd,13,18,0.990061342716217
3iu5qznd,13,19,0.9945815801620483
3iu5qznd,13,20,0.9986943006515503
3iu5qznd,13,21,0.9970914125442505
3iu5qznd,13,22,0.9904943108558655
3iu5qznd,13,23,0.9978132843971252
3iu5qznd,13,24,0.9974655508995056
3iu5qznd,13,25,0.9904162287712097
3iu5qznd,13,26,0.9951452016830444
3iu5qznd,13,27,0.9975570440292358
3iu5qznd,13,28,0.9628010392189026
3iu5qznd,14,1,0.9975619912147522
3iu5qznd,14,2,0.9968725442886353
3iu5qznd,14,3,0.9989929795265198
3iu5qznd,14,4,0.9986173510551453
3iu5qznd,14,5,0.9984552264213562
3iu5qznd,14,6,0.9983283281326294
3iu5qznd,14,7,0.998170018196106
3iu5qznd,14,8,0.996655285358429
3iu5qznd,14,9,0.9981551170349121
3iu5qznd,14,10,0.9970179200172424
3iu5qznd,14,11,0.9966039657592773
3iu5qznd,14,12,0.998909592628479
3iu5qznd,14,13,0.9978076219558716
3iu5qznd,14,14,1.0
3iu5qznd,14,15,0.9972298741340637
3iu5qznd,14,16,0.9977245926856995
3iu5qznd,14,17,0.9953657984733582
3iu5qznd,14,18,0.9897135496139526
3iu5qznd,14,19,0.9976994395256042
3iu5qznd,14,20,0.9988743662834167
3iu5qznd,14,21,0.9990981817245483
3iu5qznd,14,22,0.9917848110198975
3iu5qznd,14,23,0.9958465695381165
3iu5qznd,14,24,0.993535041809082
3iu5qznd,14,25,0.9897295236587524
3iu5qznd,14,26,0.9969971776008606
3iu5qznd,14,27,0.9955814480781555
3iu5qznd,14,28,0.9654379487037659
3iu5qznd,15,1,0.9968973398208618
3iu5qznd,15,2,0.9970065951347351
3iu5qznd,15,3,0.9982612729072571
3iu5qznd,15,4,0.9962294697761536
3iu5qznd,15,5,0.9971505403518677
3iu5qznd,15,6,0.9952011108398438
3iu5qznd,15,7,0.9981049299240112
3iu5qznd,15,8,0.9977763295173645
3iu5qznd,15,9,0.998468816280365
3iu5qznd,15,10,0.9959156513214111
3iu5qznd,15,11,0.9969399571418762
3iu5qznd,15,12,0.9976392984390259
3iu5qznd,15,13,0.99551922082901
3iu5qznd,15,14,0.9972298741340637
3iu5qznd,15,15,1.0
3iu5qznd,15,16,0.997698962688446
3iu5qznd,15,17,0.9972140789031982
3iu5qznd,15,18,0.9943417310714722
3iu5qznd,15,19,0.9974952340126038
3iu5qznd,15,20,0.9973325729370117
3iu5qznd,15,21,0.9985788464546204
3iu5qznd,15,22,0.9958081841468811
3iu5qznd,15,23,0.9966294169425964
3iu5qznd,15,24,0.9945024847984314
3iu5qznd,15,25,0.9939919710159302
3iu5qznd,15,26,0.9968729019165039
3iu5qznd,15,27,0.9944530129432678
3iu5qznd,15,28,0.9723953008651733
3iu5qznd,16,1,0.9958624243736267
3iu5qznd,16,2,0.9972500205039978
3iu5qznd,16,3,0.9983686804771423
3iu5qznd,16,4,0.9965231418609619
3iu5qznd,16,5,0.9971416592597961
3iu5qznd,16,6,0.9951145648956299
3iu5qznd,16,7,0.9973561763763428
3iu5qznd,16,8,0.9935381412506104
3iu5qznd,16,9,0.9991058707237244
3iu5qznd,16,10,0.9958528876304626
3iu5qznd,16,11,0.998181164264679
3iu5qznd,16,12,0.998784065246582
3iu5qznd,16,13,0.9964621067047119
3iu5qznd,16,14,0.9977245926856995
3iu5qznd,16,15,0.997698962688446
3iu5qznd,16,16,1.0000001192092896
3iu5qznd,16,17,0.9967745542526245
3iu5qznd,16,18,0.9960163235664368
3iu5qznd,16,19,0.9989380240440369
3iu5qznd,16,20,0.9967163801193237
3iu5qznd,16,21,0.9989030361175537
3iu5qznd,16,22,0.9973106384277344
3iu5qznd,16,23,0.997877299785614
3iu5qznd,16,24,0.9953618049621582
3iu5qznd,16,25,0.9961270689964294
3iu5qznd,16,26,0.9994579553604126
3iu5qznd,16,27,0.9964480996131897
3iu5qznd,16,28,0.9692675471305847
3iu5qznd,17,1,0.9965695142745972
3iu5qznd,17,2,0.9994145631790161
3iu5qznd,17,3,0.9980323314666748
3iu5qznd,17,4,0.9967285394668579
3iu5qznd,17,5,0.9976577162742615
3iu5qznd,17,6,0.9953694939613342
3iu5qznd,17,7,0.9964002370834351
3iu5qznd,17,8,0.9948829412460327
3iu5qznd,17,9,0.9987389445304871
3iu5qznd,17,10,0.9985249042510986
3iu5qznd,17,11,0.9984487891197205
3iu5qznd,17,12,0.9969179034233093
3iu5qznd,17,13,0.9973738193511963
3iu5qznd,17,14,0.9953657984733582
3iu5qznd,17,15,0.9972140789031982
3iu5qznd,17,16,0.9967745542526245
3iu5qznd,17,17,1.000000238418579
3iu5qznd,17,18,0.9948213696479797
3iu5qznd,17,19,0.9957776069641113
3iu5qznd,17,20,0.9976940155029297
3iu5qznd,17,21,0.997004508972168
3iu5qznd,17,22,0.994364321231842
3iu5qznd,17,23,0.9988618493080139
3iu5qznd,17,24,0.9973539710044861
3iu5qznd,17,25,0.9941765666007996
3iu5qznd,17,26,0.995743989944458
3iu5qznd,17,27,0.9961007237434387
3iu5qznd,17,28,0.9653926491737366
3iu5qznd,18,1,0.9888446927070618
3iu5qznd,18,2,0.9941019415855408
3iu5qznd,18,3,0.9934660792350769
3iu5qznd,18,4,0.9899420142173767
3iu5qznd,18,5,0.9906448721885681
3iu5qznd,18,6,0.9873731732368469
3iu5qznd,18,7,0.991788387298584
3iu5qznd,18,8,0.987012505531311
3iu5qznd,18,9,0.9948746562004089
3iu5qznd,18,10,0.990627646446228
3iu5qznd,18,11,0.9959444403648376
3iu5qznd,18,12,0.9922729730606079
3iu5qznd,18,13,0.990061342716217
3iu5qznd,18,14,0.9897135496139526
3iu5qznd,18,15,0.9943417310714722
3iu5qznd,18,16,0.9960163235664368
3iu5qznd,18,17,0.9948213696479797
3iu5qznd,18,18,1.0000001192092896
3iu5qznd,18,19,0.994310200214386
3iu5qznd,18,20,0.9902237057685852
3iu5qznd,18,21,0.9944358468055725
3iu5qznd,18,22,0.9975618720054626
3iu5qznd,18,23,0.9960183501243591
3iu5qznd,18,24,0.9935948848724365
3iu5qznd,18,25,0.9994567036628723
3iu5qznd,18,26,0.996325671672821
3iu5qznd,18,27,0.9921773672103882
3iu5qznd,18,28,0.965416669845581
3iu5qznd,19,1,0.9974687695503235
3iu5qznd,19,2,0.9960071444511414
3iu5qznd,19,3,0.998224139213562
3iu5qznd,19,4,0.9963005781173706
3iu5qznd,19,5,0.9974612593650818
3iu5qznd,19,6,0.9947835803031921
3iu5qznd,19,7,0.9967658519744873
3iu5qznd,19,8,0.9933088421821594
3iu5qznd,19,9,0.9983811974525452
3iu5qznd,19,10,0.994186282157898
3iu5qznd,19,11,0.9959897994995117
3iu5qznd,19,12,0.9992940425872803
3iu5qznd,19,13,0.9945815801620483
3iu5qznd,19,14,0.9976994395256042
3iu5qznd,19,15,0.9974952340126038
3iu5qznd,19,16,0.9989380240440369
3iu5qznd,19,17,0.9957776069641113
3iu5qznd,19,18,0.994310200214386
3iu5qznd,19,19,1.0000001192092896
3iu5qznd,19,20,0.9969594478607178
3iu5qznd,19,21,0.9989401698112488
3iu5qznd,19,22,0.9953234195709229
3iu5qznd,19,23,0.9956732988357544
3iu5qznd,19,24,0.9919071793556213
3iu5qznd,19,25,0.9936276078224182
3iu5qznd,19,26,0.9984890818595886
3iu5qznd,19,27,0.9930374622344971
3iu5qznd,19,28,0.9649068713188171
3iu5qznd,20,1,0.9983523488044739
3iu5qznd,20,2,0.9985411167144775
3iu5qznd,20,3,0.9993051290512085
3iu5qznd,20,4,0.9986341595649719
3iu5qznd,20,5,0.9989937543869019
3iu5qznd,20,6,0.9986045956611633
3iu5qznd,20,7,0.9975454807281494
3iu5qznd,20,8,0.9973950386047363
3iu5qznd,20,9,0.9987425804138184
3iu5qznd,20,10,0.9987416863441467
3iu5qznd,20,11,0.9974299073219299
3iu5qznd,20,12,0.9986240863800049
3iu5qznd,20,13,0.9986943006515503
3iu5qznd,20,14,0.9988743662834167
3iu5qznd,20,15,0.9973325729370117
3iu5qznd,20,16,0.9967163801193237
3iu5qznd,20,17,0.9976940155029297
3iu5qznd,20,18,0.9902237057685852
3iu5qznd,20,19,0.9969594478607178
3iu5qznd,20,20,0.9999999403953552
3iu5qznd,20,21,0.9985727071762085
3iu5qznd,20,22,0.9907166957855225
3iu5qznd,20,23,0.9969766139984131
3iu5qznd,20,24,0.9950438737869263
3iu5qznd,20,25,0.9898280501365662
3iu5qznd,20,26,0.9957493543624878
3iu5qznd,20,27,0.9954556822776794
3iu5qznd,20,28,0.9609666466712952
3iu5qznd,21,1,0.9975563287734985
3iu5qznd,21,2,0.9978670477867126
3iu5qznd,21,3,0.9995880722999573
3iu5qznd,21,4,0.9982225298881531
3iu5qznd,21,5,0.9982598423957825
3iu5qznd,21,6,0.9972305297851562
3iu5qznd,21,7,0.9983371496200562
3iu5qznd,21,8,0.9960728883743286
3iu5qznd,21,9,0.9990522861480713
3iu5qznd,21,10,0.9967971444129944
3iu5qznd,21,11,0.9979713559150696
3iu5qznd,21,12,0.9990686178207397
3iu5qznd,21,13,0.9970914125442505
3iu5qznd,21,14,0.9990981817245483
3iu5qznd,21,15,0.9985788464546204
3iu5qznd,21,16,0.9989030361175537
3iu5qznd,21,17,0.997004508972168
3iu5qznd,21,18,0.9944358468055725
3iu5qznd,21,19,0.9989401698112488
3iu5qznd,21,20,0.9985727071762085
3iu5qznd,21,21,0.9999999403953552
3iu5qznd,21,22,0.9949139356613159
3iu5qznd,21,23,0.9974038600921631
3iu5qznd,21,24,0.994665801525116
3iu5qznd,21,25,0.9940098524093628
3iu5qznd,21,26,0.9985342025756836
3iu5qznd,21,27,0.9957760572433472
3iu5qznd,21,28,0.9658219218254089
3iu5qznd,22,1,0.9906384944915771
3iu5qznd,22,2,0.9935088753700256
3iu5qznd,22,3,0.9936891794204712
3iu5qznd,22,4,0.9914699196815491
3iu5qznd,22,5,0.9921188354492188
3iu5qznd,22,6,0.9892207384109497
3iu5qznd,22,7,0.9949913620948792
3iu5qznd,22,8,0.9889813661575317
3iu5qznd,22,9,0.9952999353408813
3iu5qznd,22,10,0.9906418919563293
3iu5qznd,22,11,0.9950410723686218
3iu5qznd,22,12,0.9937426447868347
3iu5qznd,22,13,0.9904943108558655
3iu5qznd,22,14,0.9917848110198975
3iu5qznd,22,15,0.9958081841468811
3iu5qznd,22,16,0.9973106384277344
3iu5qznd,22,17,0.994364321231842
3iu5qznd,22,18,0.9975618720054626
3iu5qznd,22,19,0.9953234195709229
3iu5qznd,22,20,0.9907166957855225
3iu5qznd,22,21,0.9949139356613159
3iu5qznd,22,22,1.000000238418579
3iu5qznd,22,23,0.9959596991539001
3iu5qznd,22,24,0.9937963485717773
3iu5qznd,22,25,0.9982656240463257
3iu5qznd,22,26,0.9976208209991455
3iu5qznd,22,27,0.9941908717155457
3iu5qznd,22,28,0.9779337048530579
3iu5qznd,23,1,0.9944071173667908
3iu5qznd,23,2,0.9990068078041077
3iu5qznd,23,3,0.9978091716766357
3iu5qznd,23,4,0.9967190027236938
3iu5qznd,23,5,0.9964374303817749
3iu5qznd,23,6,0.9958399534225464
3iu5qznd,23,7,0.9966894388198853
3iu5qznd,23,8,0.9937578439712524
3iu5qznd,23,9,0.9985570907592773
3iu5qznd,23,10,0.9982247948646545
3iu5qznd,23,11,0.9994335174560547
3iu5qznd,23,12,0.996421217918396
3iu5qznd,23,13,0.9978132843971252
3iu5qznd,23,14,0.9958465695381165
3iu5qznd,23,15,0.9966294169425964
3iu5qznd,23,16,0.997877299785614
3iu5qznd,23,17,0.9988618493080139
3iu5qznd,23,18,0.9960183501243591
3iu5qznd,23,19,0.9956732988357544
3iu5qznd,23,20,0.9969766139984131
3iu5qznd,23,21,0.9974038600921631
3iu5qznd,23,22,0.9959596991539001
3iu5qznd,23,23,0.9999999403953552
3iu5qznd,23,24,0.998949408531189
3iu5qznd,23,25,0.9963514804840088
3iu5qznd,23,26,0.9977412819862366
3iu5qznd,23,27,0.9986787438392639
3iu5qznd,23,28,0.9668257832527161
3iu5qznd,24,1,0.9906391501426697
3iu5qznd,24,2,0.9978358745574951
3iu5qznd,24,3,0.9951930046081543
3iu5qznd,24,4,0.9945388436317444
3iu5qznd,24,5,0.994388222694397
3iu5qznd,24,6,0.9946268200874329
3iu5qznd,24,7,0.9951348304748535
3iu5qznd,24,8,0.9933309555053711
3iu5qznd,24,9,0.9963798522949219
3iu5qznd,24,10,0.9977406859397888
3iu5qznd,24,11,0.998336672782898
3iu5qznd,24,12,0.9932257533073425
3iu5qznd,24,13,0.9974655508995056
3iu5qznd,24,14,0.993535041809082
3iu5qznd,24,15,0.9945024847984314
3iu5qznd,24,16,0.9953618049621582
3iu5qznd,24,17,0.9973539710044861
3iu5qznd,24,18,0.9935948848724365
3iu5qznd,24,19,0.9919071793556213
3iu5qznd,24,20,0.9950438737869263
3iu5qznd,24,21,0.994665801525116
3iu5qznd,24,22,0.9937963485717773
3iu5qznd,24,23,0.998949408531189
3iu5qznd,24,24,0.9999997615814209
3iu5qznd,24,25,0.9947717785835266
3iu5qznd,24,26,0.9949778318405151
3iu5qznd,24,27,0.9986744523048401
3iu5qznd,24,28,0.9692535996437073
3iu5qznd,25,1,0.987507700920105
3iu5qznd,25,2,0.9936638474464417
3iu5qznd,25,3,0.992822527885437
3iu5qznd,25,4,0.9895782470703125
3iu5qznd,25,5,0.9900011420249939
3iu5qznd,25,6,0.9877916574478149
3iu5qznd,25,7,0.9922822713851929
3iu5qznd,25,8,0.9870797991752625
3iu5qznd,25,9,0.9945247769355774
3iu5qznd,25,10,0.9905436635017395
3iu5qznd,25,11,0.9960705041885376
3iu5qznd,25,12,0.9916692972183228
3iu5qznd,25,13,0.9904162287712097
3iu5qznd,25,14,0.9897295236587524
3iu5qznd,25,15,0.9939919710159302
3iu5qznd,25,16,0.9961270689964294
3iu5qznd,25,17,0.9941765666007996
3iu5qznd,25,18,0.9994567036628723
3iu5qznd,25,19,0.9936276078224182
3iu5qznd,25,20,0.9898280501365662
3iu5qznd,25,21,0.9940098524093628
3iu5qznd,25,22,0.9982656240463257
3iu5qznd,25,23,0.9963514804840088
3iu5qznd,25,24,0.9947717785835266
3iu5qznd,25,25,1.0000001192092896
3iu5qznd,25,26,0.9968030452728271
3iu5qznd,25,27,0.9936485886573792
3iu5qznd,25,28,0.9687772393226624
3iu5qznd,26,1,0.9945001006126404
3iu5qznd,26,2,0.9961915612220764
3iu5qznd,26,3,0.9975703358650208
3iu5qznd,26,4,0.9959297776222229
3iu5qznd,26,5,0.9956597685813904
3iu5qznd,26,6,0.9947324991226196
3iu5qznd,26,7,0.9969131946563721
3iu5qznd,26,8,0.9920947551727295
3iu5qznd,26,9,0.9980291128158569
3iu5qznd,26,10,0.9945402145385742
3iu5qznd,26,11,0.9976097345352173
3iu5qznd,26,12,0.9976742267608643
3iu5qznd,26,13,0.9951452016830444
3iu5qznd,26,14,0.9969971776008606
3iu5qznd,26,15,0.9968729019165039
3iu5qznd,26,16,0.9994579553604126
3iu5qznd,26,17,0.995743989944458
3iu5qznd,26,18,0.996325671672821
3iu5qznd,26,19,0.9984890818595886
3iu5qznd,26,20,0.9957493543624878
3iu5qznd,26,21,0.9985342025756836
3iu5qznd,26,22,0.9976208209991455
3iu5qznd,26,23,0.9977412819862366
3iu5qznd,26,24,0.9949778318405151
3iu5qznd,26,25,0.9968030452728271
3iu5qznd,26,26,0.9999999403953552
3iu5qznd,26,27,0.9965298175811768
3iu5qznd,26,28,0.9683193564414978
3iu5qznd,27,1,0.9919132590293884
3iu5qznd,27,2,0.9973033666610718
3iu5qznd,27,3,0.9960959553718567
3iu5qznd,27,4,0.9965558052062988
3iu5qznd,27,5,0.994985044002533
3iu5qznd,27,6,0.996529757976532
3iu5qznd,27,7,0.9966937899589539
3iu5qznd,27,8,0.9928556084632874
3iu5qznd,27,9,0.9964230060577393
3iu5qznd,27,10,0.9972653388977051
3iu5qznd,27,11,0.9978139400482178
3iu5qznd,27,12,0.9944983124732971
3iu5qznd,27,13,0.9975570440292358
3iu5qznd,27,14,0.9955814480781555
3iu5qznd,27,15,0.9944530129432678
3iu5qznd,27,16,0.9964480996131897
3iu5qznd,27,17,0.9961007237434387
3iu5qznd,27,18,0.9921773672103882
3iu5qznd,27,19,0.9930374622344971
3iu5qznd,27,20,0.9954556822776794
3iu5qznd,27,21,0.9957760572433472
3iu5qznd,27,22,0.9941908717155457
3iu5qznd,27,23,0.9986787438392639
3iu5qznd,27,24,0.9986744523048401
3iu5qznd,27,25,0.9936485886573792
3iu5qznd,27,26,0.9965298175811768
3iu5qznd,27,27,0.9999998807907104
3iu5qznd,27,28,0.9703484773635864
3iu5qznd,28,1,0.9620802998542786
3iu5qznd,28,2,0.9644960761070251
3iu5qznd,28,3,0.9636240601539612
3iu5qznd,28,4,0.9649268388748169
3iu5qznd,28,5,0.9665381908416748
3iu5qznd,28,6,0.9635321497917175
3iu5qznd,28,7,0.9750251173973083
3iu5qznd,28,8,0.9690903425216675
3iu5qznd,28,9,0.9658283591270447
3iu5qznd,28,10,0.9627838730812073
3iu5qznd,28,11,0.9644894599914551
3iu5qznd,28,12,0.9642616510391235
3iu5qznd,28,13,0.9628010392189026
3iu5qznd,28,14,0.9654379487037659
3iu5qznd,28,15,0.9723953008651733
3iu5qznd,28,16,0.9692675471305847
3iu5qznd,28,17,0.9653926491737366
3iu5qznd,28,18,0.965416669845581
3iu5qznd,28,19,0.9649068713188171
3iu5qznd,28,20,0.9609666466712952
3iu5qznd,28,21,0.9658219218254089
3iu5qznd,28,22,0.9779337048530579
3iu5qznd,28,23,0.9668257832527161
3iu5qznd,28,24,0.9692535996437073
3iu5qznd,28,25,0.9687772393226624
3iu5qznd,28,26,0.9683193564414978
3iu5qznd,28,27,0.9703484773635864
3iu5qznd,28,28,1.0
3k63z2kb,1,1,1.0
3k63z2kb,1,2,0.9923689365386963
3k63z2kb,2,1,0.9923689365386963
3k63z2kb,2,2,1.0
3kcukszd,1,1,1.0000001192092896
3kcukszd,1,2,0.9876010417938232
3kcukszd,2,1,0.9876010417938232
3kcukszd,2,2,1.0
3mcal3cl,1,1,0.9999999403953552
3mcal3cl,1,2,0.9917601346969604
3mcal3cl,1,3,0.992276668548584
3mcal3cl,2,1,0.9917601346969604
3mcal3cl,2,2,1.0
3mcal3cl,2,3,0.994600772857666
3mcal3cl,3,1,0.992276668548584
3mcal3cl,3,2,0.994600772857666
3mcal3cl,3,3,1.0
3mkpwq2r,1,1,1.000000238418579
3mkpwq2r,1,2,0.9968844652175903
3mkpwq2r,1,3,0.9984776973724365
3mkpwq2r,1,4,0.9947904348373413
3mkpwq2r,1,5,0.9961063265800476
3mkpwq2r,1,6,0.9915907382965088
3mkpwq2r,1,7,0.9969140887260437
3mkpwq2r,1,8,0.9912521839141846
3mkpwq2r,1,9,0.9965002536773682
3mkpwq2r,1,10,0.9976025223731995
3mkpwq2r,1,11,0.9967234134674072
3mkpwq2r,1,12,0.9972460865974426
3mkpwq2r,1,13,0.9978845119476318
3mkpwq2r,1,14,0.9980508685112
3mkpwq2r,1,15,0.9981694221496582
3mkpwq2r,1,16,0.9972706437110901
3mkpwq2r,1,17,0.9929999113082886
3mkpwq2r,1,18,0.9968662261962891
3mkpwq2r,1,19,0.9971686005592346
3mkpwq2r,1,20,0.9943362474441528
3mkpwq2r,1,21,0.9902864694595337
3mkpwq2r,2,1,0.9968844652175903
3mkpwq2r,2,2,1.0
3mkpwq2r,2,3,0.9948840737342834
3mkpwq2r,2,4,0.9935819506645203
3mkpwq2r,2,5,0.9959895610809326
3mkpwq2r,2,6,0.9935920834541321
3mkpwq2r,2,7,0.9910784363746643
3mkpwq2r,2,8,0.9834308624267578
3mkpwq2r,2,9,0.9953290224075317
3mkpwq2r,2,10,0.9961969256401062
3mkpwq2r,2,11,0.9989914298057556
3mkpwq2r,2,12,0.9988266825675964
3mkpwq2r,2,13,0.9965184926986694
3mkpwq2r,2,14,0.9953449964523315
3mkpwq2r,2,15,0.9980115294456482
3mkpwq2r,2,16,0.99754399061203
3mkpwq2r,2,17,0.9968934059143066
3mkpwq2r,2,18,0.9922084808349609
3mkpwq2r,2,19,0.9970678687095642
3mkpwq2r,2,20,0.9927473664283752
3mkpwq2r,2,21,0.9871640801429749
3mkpwq2r,3,1,0.9984776973724365
3mkpwq2r,3,2,0.9948840737342834
3mkpwq2r,3,3,1.0
3mkpwq2r,3,4,0.9896261096000671
3mkpwq2r,3,5,0.9979041218757629
3mkpwq2r,3,6,0.9910861253738403
3mkpwq2r,3,7,0.9969804286956787
3mkpwq2r,3,8,0.9919023513793945
3mkpwq2r,3,9,0.9971837997436523
3mkpwq2r,3,10,0.9987523555755615
3mkpwq2r,3,11,0.9939824938774109
3mkpwq2r,3,12,0.9947167634963989
3mkpwq2r,3,13,0.9943651556968689
3mkpwq2r,3,14,0.9971522688865662
3mkpwq2r,3,15,0.997246265411377
3mkpwq2r,3,16,0.9974724054336548
3mkpwq2r,3,17,0.9897827506065369
3mkpwq2r,3,18,0.9962746500968933
3mkpwq2r,3,19,0.9961884617805481
3mkpwq2r,3,20,0.9918941259384155
3mkpwq2r,3,21,0.9868156313896179
3mkpwq2r,4,1,0.9947904348373413
3mkpwq2r,4,2,0.9935819506645203
3mkpwq2r,4,3,0.9896261096000671
3mkpwq2r,4,4,1.0
3mkpwq2r,4,5,0.98546302318573
3mkpwq2r,4,6,0.9904785752296448
3mkpwq2r,4,7,0.9913291335105896
3mkpwq2r,4,8,0.9863803386688232
3mkpwq2r,4,9,0.9882158041000366
3mkpwq2r,4,10,0.9905261397361755
3mkpwq2r,4,11,0.9942047595977783
3mkpwq2r,4,12,0.9955589771270752
3mkpwq2r,4,13,0.997922956943512
3mkpwq2r,4,14,0.9941558241844177
3mkpwq2r,4,15,0.9930959343910217
3mkpwq2r,4,16,0.9898425340652466
3mkpwq2r,4,17,0.9930000305175781
3mkpwq2r,4,18,0.9920439124107361
3mkpwq2r,4,19,0.9910675287246704
3mkpwq2r,4,20,0.989960789680481
3mkpwq2r,4,21,0.9905281662940979
3mkpwq2r,5,1,0.9961063265800476
3mkpwq2r,5,2,0.9959895610809326
3mkpwq2r,5,3,0.9979041218757629
3mkpwq2r,5,4,0.98546302318573
3mkpwq2r,5,5,1.0
3mkpwq2r,5,6,0.9878876209259033
3mkpwq2r,5,7,0.9921010732650757
3mkpwq2r,5,8,0.9847059845924377
3mkpwq2r,5,9,0.9972377419471741
3mkpwq2r,5,10,0.997485876083374
3mkpwq2r,5,11,0.9944837689399719
3mkpwq2r,5,12,0.9951887130737305
3mkpwq2r,5,13,0.9922292232513428
3mkpwq2r,5,14,0.9941465854644775
3mkpwq2r,5,15,0.997040867805481
3mkpwq2r,5,16,0.9987320303916931
3mkpwq2r,5,17,0.9903996586799622
3mkpwq2r,5,18,0.9926179647445679
3mkpwq2r,5,19,0.9955782890319824
3mkpwq2r,5,20,0.9906654357910156
3mkpwq2r,5,21,0.9828773736953735
3mkpwq2r,6,1,0.9915907382965088
3mkpwq2r,6,2,0.9935920834541321
3mkpwq2r,6,3,0.9910861253738403
3mkpwq2r,6,4,0.9904785752296448
3mkpwq2r,6,5,0.9878876209259033
3mkpwq2r,6,6,1.0000001192092896
3mkpwq2r,6,7,0.9922144412994385
3mkpwq2r,6,8,0.9893073439598083
3mkpwq2r,6,9,0.9919499754905701
3mkpwq2r,6,10,0.9919707179069519
3mkpwq2r,6,11,0.9908758997917175
3mkpwq2r,6,12,0.9901559948921204
3mkpwq2r,6,13,0.9897454380989075
3mkpwq2r,6,14,0.9906583428382874
3mkpwq2r,6,15,0.9919456839561462
3mkpwq2r,6,16,0.9893884062767029
3mkpwq2r,6,17,0.9927854537963867
3mkpwq2r,6,18,0.9904822707176208
3mkpwq2r,6,19,0.992862343788147
3mkpwq2r,6,20,0.9892473220825195
3mkpwq2r,6,21,0.9877908229827881
3mkpwq2r,7,1,0.9969140887260437
3mkpwq2r,7,2,0.9910784363746643
3mkpwq2r,7,3,0.9969804286956787
3mkpwq2r,7,4,0.9913291335105896
3mkpwq2r,7,5,0.9921010732650757
3mkpwq2r,7,6,0.9922144412994385
3mkpwq2r,7,7,1.0000001192092896
3mkpwq2r,7,8,0.9981381893157959
3mkpwq2r,7,9,0.9966614842414856
3mkpwq2r,7,10,0.9951857328414917
3mkpwq2r,7,11,0.9908013939857483
3mkpwq2r,7,12,0.9911075234413147
3mkpwq2r,7,13,0.9937112927436829
3mkpwq2r,7,14,0.9957336783409119
3mkpwq2r,7,15,0.9955422282218933
3mkpwq2r,7,16,0.9933769702911377
3mkpwq2r,7,17,0.9895219206809998
3mkpwq2r,7,18,0.9989534616470337
3mkpwq2r,7,19,0.9951813817024231
3mkpwq2r,7,20,0.9947673678398132
3mkpwq2r,7,21,0.9936856031417847
3mkpwq2r,8,1,0.9912521839141846
3mkpwq2r,8,2,0.9834308624267578
3mkpwq2r,8,3,0.9919023513793945
3mkpwq2r,8,4,0.9863803386688232
3mkpwq2r,8,5,0.9847059845924377
3mkpwq2r,8,6,0.9893073439598083
3mkpwq2r,8,7,0.9981381893157959
3mkpwq2r,8,8,0.9999999403953552
3mkpwq2r,8,9,0.9918246865272522
3mkpwq2r,8,10,0.9903385639190674
3mkpwq2r,8,11,0.9833335280418396
3mkpwq2r,8,12,0.9833691716194153
3mkpwq2r,8,13,0.98811274766922
3mkpwq2r,8,14,0.991574764251709
3mkpwq2r,8,15,0.990074634552002
3mkpwq2r,8,16,0.9870414137840271
3mkpwq2r,8,17,0.9846230149269104
3mkpwq2r,8,18,0.997002363204956
3mkpwq2r,8,19,0.9906158447265625
3mkpwq2r,8,20,0.9919129610061646
3mkpwq2r,8,21,0.9937243461608887
3mkpwq2r,9,1,0.9965002536773682
3mkpwq2r,9,2,0.9953290224075317
3mkpwq2r,9,3,0.9971837997436523
3mkpwq2r,9,4,0.9882158041000366
3mkpwq2r,9,5,0.9972377419471741
3mkpwq2r,9,6,0.9919499754905701
3mkpwq2r,9,7,0.9966614842414856
3mkpwq2r,9,8,0.9918246865272522
3mkpwq2r,9,9,1.0000004768371582
3mkpwq2r,9,10,0.9959443807601929
3mkpwq2r,9,11,0.9943503141403198
3mkpwq2r,9,12,0.9940141439437866
3mkpwq2r,9,13,0.9930189847946167
3mkpwq2r,9,14,0.9945023655891418
3mkpwq2r,9,15,0.9981485605239868
3mkpwq2r,9,16,0.997372567653656
3mkpwq2r,9,17,0.993397057056427
3mkpwq2r,9,18,0.9970397353172302
3mkpwq2r,9,19,0.9977378249168396
3mkpwq2r,9,20,0.9964148998260498
3mkpwq2r,9,21,0.9916641116142273
3mkpwq2r,10,1,0.9976025223731995
3mkpwq2r,10,2,0.9961969256401062
3mkpwq2r,10,3,0.9987523555755615
3mkpwq2r,10,4,0.9905261397361755
3mkpwq2r,10,5,0.997485876083374
3mkpwq2r,10,6,0.9919707179069519
3mkpwq2r,10,7,0.9951857328414917
3mkpwq2r,10,8,0.9903385639190674
3mkpwq2r,10,9,0.9959443807601929
3mkpwq2r,10,10,0.9999997615814209
3mkpwq2r,10,11,0.9959608912467957
3mkpwq2r,10,12,0.9961612820625305
3mkpwq2r,10,13,0.9955924153327942
3mkpwq2r,10,14,0.998529314994812
3mkpwq2r,10,15,0.9979804754257202
3mkpwq2r,10,16,0.9985819458961487
3mkpwq2r,10,17,0.9926576018333435
3mkpwq2r,10,18,0.9957980513572693
3mkpwq2r,10,19,0.9972105622291565
3mkpwq2r,10,20,0.9921483993530273
3mkpwq2r,10,21,0.9871357083320618
3mkpwq2r,11,1,0.9967234134674072
3mkpwq2r,11,2,0.9989914298057556
3mkpwq2r,11,3,0.9939824938774109
3mkpwq2r,11,4,0.9942047595977783
3mkpwq2r,11,5,0.9944837689399719
3mkpwq2r,11,6,0.9908758997917175
3mkpwq2r,11,7,0.9908013939857483
3mkpwq2r,11,8,0.9833335280418396
3mkpwq2r,11,9,0.9943503141403198
3mkpwq2r,11,10,0.9959608912467957
3mkpwq2r,11,11,1.0000001192092896
3mkpwq2r,11,12,0.9991584420204163
3mkpwq2r,11,13,0.9976754188537598
3mkpwq2r,11,14,0.9969213604927063
3mkpwq2r,11,15,0.9984692931175232
3mkpwq2r,11,16,0.9975267648696899
3mkpwq2r,11,17,0.9971153140068054
3mkpwq2r,11,18,0.9932066202163696
3mkpwq2r,11,19,0.997672975063324
3mkpwq2r,11,20,0.9939449429512024
3mkpwq2r,11,21,0.9885092377662659
3mkpwq2r,12,1,0.9972460865974426
3mkpwq2r,12,2,0.9988266825675964
3mkpwq2r,12,3,0.9947167634963989
3mkpwq2r,12,4,0.9955589771270752
3mkpwq2r,12,5,0.9951887130737305
3mkpwq2r,12,6,0.9901559948921204
3mkpwq2r,12,7,0.9911075234413147
3mkpwq2r,12,8,0.9833691716194153
3mkpwq2r,12,9,0.9940141439437866
3mkpwq2r,12,10,0.9961612820625305
3mkpwq2r,12,11,0.9991584420204163
3mkpwq2r,12,12,1.0000001192092896
3mkpwq2r,12,13,0.9983060359954834
3mkpwq2r,12,14,0.9967092871665955
3mkpwq2r,12,15,0.998120903968811
3mkpwq2r,12,16,0.9975452423095703
3mkpwq2r,12,17,0.9955919981002808
3mkpwq2r,12,18,0.9930499792098999
3mkpwq2r,12,19,0.9959620237350464
3mkpwq2r,12,20,0.9921872019767761
3mkpwq2r,12,21,0.9873692989349365
3mkpwq2r,13,1,0.9978845119476318
3mkpwq2r,13,2,0.9965184926986694
3mkpwq2r,13,3,0.9943651556968689
3mkpwq2r,13,4,0.997922956943512
3mkpwq2r,13,5,0.9922292232513428
3mkpwq2r,13,6,0.9897454380989075
3mkpwq2r,13,7,0.9937112927436829
3mkpwq2r,13,8,0.98811274766922
3mkpwq2r,13,9,0.9930189847946167
3mkpwq2r,13,10,0.9955924153327942
3mkpwq2r,13,11,0.9976754188537598
3mkpwq2r,13,12,0.9983060359954834
3mkpwq2r,13,13,0.9999999403953552
3mkpwq2r,13,14,0.9980369806289673
3mkpwq2r,13,15,0.997535228729248
3mkpwq2r,13,16,0.9958953261375427
3mkpwq2r,13,17,0.9954025745391846
3mkpwq2r,13,18,0.995481014251709
3mkpwq2r,13,19,0.9958276748657227
3mkpwq2r,13,20,0.9940654039382935
3mkpwq2r,13,21,0.9919952154159546
3mkpwq2r,14,1,0.9980508685112
3mkpwq2r,14,2,0.9953449964523315
3mkpwq2r,14,3,0.9971522688865662
3mkpwq2r,14,4,0.9941558241844177
3mkpwq2r,14,5,0.9941465854644775
3mkpwq2r,14,6,0.9906583428382874
3mkpwq2r,14,7,0.9957336783409119
3mkpwq2r,14,8,0.991574764251709
3mkpwq2r,14,9,0.9945023655891418
3mkpwq2r,14,10,0.998529314994812
3mkpwq2r,14,11,0.9969213604927063
3mkpwq2r,14,12,0.9967092871665955
3mkpwq2r,14,13,0.9980369806289673
3mkpwq2r,14,14,0.9999997019767761
3mkpwq2r,14,15,0.9981898069381714
3mkpwq2r,14,16,0.9972894191741943
3mkpwq2r,14,17,0.9939016699790955
3mkpwq2r,14,18,0.9973083734512329
3mkpwq2r,14,19,0.9975408911705017
3mkpwq2r,14,20,0.9942852258682251
3mkpwq2r,14,21,0.9910991191864014
3mkpwq2r,15,1,0.9981694221496582
3mkpwq2r,15,2,0.9980115294456482
3mkpwq2r,15,3,0.997246265411377
3mkpwq2r,15,4,0.9930959343910217
3mkpwq2r,15,5,0.997040867805481
3mkpwq2r,15,6,0.9919456839561462
3mkpwq2r,15,7,0.9955422282218933
3mkpwq2r,15,8,0.990074634552002
3mkpwq2r,15,9,0.9981485605239868
3mkpwq2r,15,10,0.9979804754257202
3mkpwq2r,15,11,0.9984692931175232
3mkpwq2r,15,12,0.998120903968811
3mkpwq2r,15,13,0.997535228729248
3mkpwq2r,15,14,0.9981898069381714
3mkpwq2r,15,15,1.0000001192092896
3mkpwq2r,15,16,0.9992133975028992
3mkpwq2r,15,17,0.9966914057731628
3mkpwq2r,15,18,0.9974198937416077
3mkpwq2r,15,19,0.9991518259048462
3mkpwq2r,15,20,0.9968803524971008
3mkpwq2r,15,21,0.9924786686897278
3mkpwq2r,16,1,0.9972706437110901
3mkpwq2r,16,2,0.99754399061203
3mkpwq2r,16,3,0.9974724054336548
3mkpwq2r,16,4,0.9898425340652466
3mkpwq2r,16,5,0.9987320303916931
3mkpwq2r,16,6,0.9893884062767029
3mkpwq2r,16,7,0.9933769702911377
3mkpwq2r,16,8,0.9870414137840271
3mkpwq2r,16,9,0.997372567653656
3mkpwq2r,16,10,0.9985819458961487
3mkpwq2r,16,11,0.9975267648696899
3mkpwq2r,16,12,0.9975452423095703
3mkpwq2r,16,13,0.9958953261375427
3mkpwq2r,16,14,0.9972894191741943
3mkpwq2r,16,15,0.9992133975028992
3mkpwq2r,16,16,1.0
3mkpwq2r,16,17,0.9948638677597046
3mkpwq2r,16,18,0.9954103231430054
3mkpwq2r,16,19,0.9981122016906738
3mkpwq2r,16,20,0.9944114685058594
3mkpwq2r,16,21,0.9883098602294922
3mkpwq2r,17,1,0.9929999113082886
3mkpwq2r,17,2,0.9968934059143066
3mkpwq2r,17,3,0.9897827506065369
3mkpwq2r,17,4,0.9930000305175781
3mkpwq2r,17,5,0.9903996586799622
3mkpwq2r,17,6,0.9927854537963867
3mkpwq2r,17,7,0.9895219206809998
3mkpwq2r,17,8,0.9846230149269104
3mkpwq2r,17,9,0.993397057056427
3mkpwq2r,17,10,0.9926576018333435
3mkpwq2r,17,11,0.9971153140068054
3mkpwq2r,17,12,0.9955919981002808
3mkpwq2r,17,13,0.9954025745391846
3mkpwq2r,17,14,0.9939016699790955
3mkpwq2r,17,15,0.9966914057731628
3mkpwq2r,17,16,0.9948638677597046
3mkpwq2r,17,17,1.0000001192092896
3mkpwq2r,17,18,0.992635190486908
3mkpwq2r,17,19,0.9970491528511047
3mkpwq2r,17,20,0.9960272908210754
3mkpwq2r,17,21,0.9933972954750061
3mkpwq2r,18,1,0.9968662261962891
3mkpwq2r,18,2,0.9922084808349609
3mkpwq2r,18,3,0.9962746500968933
3mkpwq2r,18,4,0.9920439124107361
3mkpwq2r,18,5,0.9926179647445679
3mkpwq2r,18,6,0.9904822707176208
3mkpwq2r,18,7,0.9989534616470337
3mkpwq2r,18,8,0.997002363204956
3mkpwq2r,18,9,0.9970397353172302
3mkpwq2r,18,10,0.9957980513572693
3mkpwq2r,18,11,0.9932066202163696
3mkpwq2r,18,12,0.9930499792098999
3mkpwq2r,18,13,0.995481014251709
3mkpwq2r,18,14,0.9973083734512329
3mkpwq2r,18,15,0.9974198937416077
3mkpwq2r,18,16,0.9954103231430054
3mkpwq2r,18,17,0.992635190486908
3mkpwq2r,18,18,1.0
3mkpwq2r,18,19,0.9970248937606812
3mkpwq2r,18,20,0.9973369836807251
3mkpwq2r,18,21,0.9960878491401672
3mkpwq2r,19,1,0.9971686005592346
3mkpwq2r,19,2,0.9970678687095642
3mkpwq2r,19,3,0.9961884617805481
3mkpwq2r,19,4,0.9910675287246704
3mkpwq2r,19,5,0.9955782890319824
3mkpwq2r,19,6,0.992862343788147
3mkpwq2r,19,7,0.9951813817024231
3mkpwq2r,19,8,0.9906158447265625
3mkpwq2r,19,9,0.9977378249168396
3mkpwq2r,19,10,0.9972105622291565
3mkpwq2r,19,11,0.997672975063324
3mkpwq2r,19,12,0.9959620237350464
3mkpwq2r,19,13,0.9958276748657227
3mkpwq2r,19,14,0.9975408911705017
3mkpwq2r,19,15,0.9991518259048462
3mkpwq2r,19,16,0.9981122016906738
3mkpwq2r,19,17,0.9970491528511047
3mkpwq2r,19,18,0.9970248937606812
3mkpwq2r,19,19,0.9999998211860657
3mkpwq2r,19,20,0.9978834986686707
3mkpwq2r,19,21,0.9931756854057312
3mkpwq2r,20,1,0.9943362474441528
3mkpwq2r,20,2,0.9927473664283752
3mkpwq2r,20,3,0.9918941259384155
3mkpwq2r,20,4,0.989960789680481
3mkpwq2r,20,5,0.9906654357910156
3mkpwq2r,20,6,0.9892473220825195
3mkpwq2r,20,7,0.9947673678398132
3mkpwq2r,20,8,0.9919129610061646
3mkpwq2r,20,9,0.9964148998260498
3mkpwq2r,20,10,0.9921483993530273
3mkpwq2r,20,11,0.9939449429512024
3mkpwq2r,20,12,0.9921872019767761
3mkpwq2r,20,13,0.9940654039382935
3mkpwq2r,20,14,0.9942852258682251
3mkpwq2r,20,15,0.9968803524971008
3mkpwq2r,20,16,0.9944114685058594
3mkpwq2r,20,17,0.9960272908210754
3mkpwq2r,20,18,0.9973369836807251
3mkpwq2r,20,19,0.9978834986686707
3mkpwq2r,20,20,1.0000001192092896
3mkpwq2r,20,21,0.9977082014083862
3mkpwq2r,21,1,0.9902864694595337
3mkpwq2r,21,2,0.9871640801429749
3mkpwq2r,21,3,0.9868156313896179
3mkpwq2r,21,4,0.9905281662940979
3mkpwq2r,21,5,0.9828773736953735
3mkpwq2r,21,6,0.9877908229827881
3mkpwq2r,21,7,0.9936856031417847
3mkpwq2r,21,8,0.9937243461608887
3mkpwq2r,21,9,0.9916641116142273
3mkpwq2r,21,10,0.9871357083320618
3mkpwq2r,21,11,0.9885092377662659
3mkpwq2r,21,12,0.9873692989349365
3mkpwq2r,21,13,0.9919952154159546
3mkpwq2r,21,14,0.9910991191864014
3mkpwq2r,21,15,0.9924786686897278
3mkpwq2r,21,16,0.9883098602294922
3mkpwq2r,21,17,0.9933972954750061
3mkpwq2r,21,18,0.9960878491401672
3mkpwq2r,21,19,0.9931756854057312
3mkpwq2r,21,20,0.9977082014083862
3mkpwq2r,21,21,1.000000238418579
3wwwxabv,1,1,1.0000001192092896
3wwwxabv,1,2,0.99660724401474
3wwwxabv,1,3,0.9688021540641785
3wwwxabv,1,4,0.9948483109474182
3wwwxabv,1,5,0.9757415652275085
3wwwxabv,1,6,0.998229444026947
3wwwxabv,1,7,0.9903463125228882
3wwwxabv,1,8,0.9911785125732422
3wwwxabv,1,9,0.9943491816520691
3wwwxabv,1,10,0.9846735000610352
3wwwxabv,1,11,0.9981047511100769
3wwwxabv,1,12,0.9533906579017639
3wwwxabv,1,13,0.972500741481781
3wwwxabv,1,14,0.9861525297164917
3wwwxabv,1,15,0.9823127388954163
3wwwxabv,1,16,0.9936712384223938
3wwwxabv,1,17,0.9864694476127625
3wwwxabv,1,18,0.9863629341125488
3wwwxabv,1,19,0.9980446100234985
3wwwxabv,1,20,0.9938357472419739
3wwwxabv,1,21,0.9923798441886902
3wwwxabv,1,22,0.9867150187492371
3wwwxabv,1,23,0.9867764115333557
3wwwxabv,1,24,0.9946134090423584
3wwwxabv,1,25,0.9838281273841858
3wwwxabv,1,26,0.979115903377533
3wwwxabv,1,27,0.9905900359153748
3wwwxabv,1,28,0.9940592646598816
3wwwxabv,2,1,0.99660724401474
3wwwxabv,2,2,1.0
3wwwxabv,2,3,0.9822647571563721
3wwwxabv,2,4,0.9962828159332275
3wwwxabv,2,5,0.9880062937736511
3wwwxabv,2,6,0.9977813959121704
3wwwxabv,2,7,0.9860526919364929
3wwwxabv,2,8,0.9856321811676025
3wwwxabv,2,9,0.991454005241394
3wwwxabv,2,10,0.9840025305747986
3wwwxabv,2,11,0.9962692260742188
3wwwxabv,2,12,0.9606357216835022
3wwwxabv,2,13,0.980829656124115
3wwwxabv,2,14,0.9837694764137268
3wwwxabv,2,15,0.9792194962501526
3wwwxabv,2,16,0.9894203543663025
3wwwxabv,2,17,0.9871059656143188
3wwwxabv,2,18,0.9780682325363159
3wwwxabv,2,19,0.9939690828323364
3wwwxabv,2,20,0.9945245981216431
3wwwxabv,2,21,0.9864572286605835
3wwwxabv,2,22,0.9784995317459106
3wwwxabv,2,23,0.9787195920944214
3wwwxabv,2,24,0.9884995818138123
3wwwxabv,2,25,0.9780073165893555
3wwwxabv,2,26,0.9702732563018799
3wwwxabv,2,27,0.9851505160331726
3wwwxabv,2,28,0.990745484828949
3wwwxabv,3,1,0.9688021540641785
3wwwxabv,3,2,0.9822647571563721
3wwwxabv,3,3,1.0000001192092896
3wwwxabv,3,4,0.9699059724807739
3wwwxabv,3,5,0.9920428395271301
3wwwxabv,3,6,0.9747561812400818
3wwwxabv,3,7,0.9627526998519897
3wwwxabv,3,8,0.9557472467422485
3wwwxabv,3,9,0.9654783606529236
3wwwxabv,3,10,0.9767966270446777
3wwwxabv,3,11,0.9762969613075256
3wwwxabv,3,12,0.9812585115432739
3wwwxabv,3,13,0.9902752637863159
3wwwxabv,3,14,0.9655259847640991
3wwwxabv,3,15,0.9573620557785034
3wwwxabv,3,16,0.959037721157074
3wwwxabv,3,17,0.9736707806587219
3wwwxabv,3,18,0.9334188103675842
3wwwxabv,3,19,0.9613317251205444
3wwwxabv,3,20,0.965758740901947
3wwwxabv,3,21,0.9501396417617798
3wwwxabv,3,22,0.932551383972168
3wwwxabv,3,23,0.9306648969650269
3wwwxabv,3,24,0.9480820298194885
3wwwxabv,3,25,0.9292041063308716
3wwwxabv,3,26,0.9208760261535645
3wwwxabv,3,27,0.9506473541259766
3wwwxabv,3,28,0.9586331248283386
3wwwxabv,4,1,0.9948483109474182
3wwwxabv,4,2,0.9962828159332275
3wwwxabv,4,3,0.9699059724807739
3wwwxabv,4,4,0.9999999403953552
3wwwxabv,4,5,0.9772363901138306
3wwwxabv,4,6,0.996158242225647
3wwwxabv,4,7,0.9842779636383057
3wwwxabv,4,8,0.9851962924003601
3wwwxabv,4,9,0.9921354055404663
3wwwxabv,4,10,0.9749404191970825
3wwwxabv,4,11,0.9921895265579224
3wwwxabv,4,12,0.9426542520523071
3wwwxabv,4,13,0.9677268862724304
3wwwxabv,4,14,0.9786311984062195
3wwwxabv,4,15,0.9773206114768982
3wwwxabv,4,16,0.9892913103103638
3wwwxabv,4,17,0.9824861288070679
3wwwxabv,4,18,0.982903003692627
3wwwxabv,4,19,0.9953329563140869
3wwwxabv,4,20,0.9967470765113831
3wwwxabv,4,21,0.9879646301269531
3wwwxabv,4,22,0.9831770658493042
3wwwxabv,4,23,0.9839676022529602
3wwwxabv,4,24,0.9910992980003357
3wwwxabv,4,25,0.9846627712249756
3wwwxabv,4,26,0.9753981232643127
3wwwxabv,4,27,0.9860308766365051
3wwwxabv,4,28,0.9936233758926392
3wwwxabv,5,1,0.9757415652275085
3wwwxabv,5,2,0.9880062937736511
3wwwxabv,5,3,0.9920428395271301
3wwwxabv,5,4,0.9772363901138306
3wwwxabv,5,5,1.0000001192092896
3wwwxabv,5,6,0.9821072220802307
3wwwxabv,5,7,0.971382737159729
3wwwxabv,5,8,0.9663493037223816
3wwwxabv,5,9,0.975654661655426
3wwwxabv,5,10,0.9775201678276062
3wwwxabv,5,11,0.9801175594329834
3wwwxabv,5,12,0.971269428730011
3wwwxabv,5,13,0.9879516959190369
3wwwxabv,5,14,0.9737494587898254
3wwwxabv,5,15,0.9683051109313965
3wwwxabv,5,16,0.9720466732978821
3wwwxabv,5,17,0.9823146462440491
3wwwxabv,5,18,0.9518181085586548
3wwwxabv,5,19,0.9712634682655334
3wwwxabv,5,20,0.9748072028160095
3wwwxabv,5,21,0.9647241830825806
3wwwxabv,5,22,0.9528732895851135
3wwwxabv,5,23,0.9514864683151245
3wwwxabv,5,24,0.9614489674568176
3wwwxabv,5,25,0.9499660134315491
3wwwxabv,5,26,0.9437023997306824
3wwwxabv,5,27,0.9659557342529297
3wwwxabv,5,28,0.9695171117782593
3wwwxabv,6,1,0.998229444026947
3wwwxabv,6,2,0.9977813959121704
3wwwxabv,6,3,0.9747561812400818
3wwwxabv,6,4,0.996158242225647
3wwwxabv,6,5,0.9821072220802307
3wwwxabv,6,6,1.000000238418579
3wwwxabv,6,7,0.9921029806137085
3wwwxabv,6,8,0.9921876788139343
3wwwxabv,6,9,0.995780348777771
3wwwxabv,6,10,0.9876077175140381
3wwwxabv,6,11,0.998333752155304
3wwwxabv,6,12,0.9599776864051819
3wwwxabv,6,13,0.9795898199081421
3wwwxabv,6,14,0.9870120286941528
3wwwxabv,6,15,0.9840071201324463
3wwwxabv,6,16,0.9960103034973145
3wwwxabv,6,17,0.9916384220123291
3wwwxabv,6,18,0.986965000629425
3wwwxabv,6,19,0.9978024363517761
3wwwxabv,6,20,0.9961259365081787
3wwwxabv,6,21,0.9942017793655396
3wwwxabv,6,22,0.9873777627944946
3wwwxabv,6,23,0.9866942167282104
3wwwxabv,6,24,0.9945406913757324
3wwwxabv,6,25,0.9852590560913086
3wwwxabv,6,26,0.9807118773460388
3wwwxabv,6,27,0.9927650690078735
3wwwxabv,6,28,0.9958134889602661
3wwwxabv,7,1,0.9903463125228882
3wwwxabv,7,2,0.9860526919364929
3wwwxabv,7,3,0.9627526998519897
3wwwxabv,7,4,0.9842779636383057
3wwwxabv,7,5,0.971382737159729
3wwwxabv,7,6,0.9921029806137085
3wwwxabv,7,7,0.9999998211860657
3wwwxabv,7,8,0.9985964894294739
3wwwxabv,7,9,0.9953641295433044
3wwwxabv,7,10,0.9923622608184814
3wwwxabv,7,11,0.9931690096855164
3wwwxabv,7,12,0.9646185040473938
3wwwxabv,7,13,0.9759072661399841
3wwwxabv,7,14,0.9966251850128174
3wwwxabv,7,15,0.9961190819740295
3wwwxabv,7,16,0.9952921867370605
3wwwxabv,7,17,0.9949003458023071
3wwwxabv,7,18,0.9909031391143799
3wwwxabv,7,19,0.9908447265625
3wwwxabv,7,20,0.9811113476753235
3wwwxabv,7,21,0.9931629300117493
3wwwxabv,7,22,0.9896529912948608
3wwwxabv,7,23,0.9862697124481201
3wwwxabv,7,24,0.9886460304260254
3wwwxabv,7,25,0.9823695421218872
3wwwxabv,7,26,0.9847710728645325
3wwwxabv,7,27,0.9953784346580505
3wwwxabv,7,28,0.99333256483078
3wwwxabv,8,1,0.9911785125732422
3wwwxabv,8,2,0.9856321811676025
3wwwxabv,8,3,0.9557472467422485
3wwwxabv,8,4,0.9851962924003601
3wwwxabv,8,5,0.9663493037223816
3wwwxabv,8,6,0.9921876788139343
3wwwxabv,8,7,0.9985964894294739
3wwwxabv,8,8,1.0000001192092896
3wwwxabv,8,9,0.9935232996940613
3wwwxabv,8,10,0.9900915622711182
3wwwxabv,8,11,0.9921118021011353
3wwwxabv,8,12,0.9576544165611267
3wwwxabv,8,13,0.9713409543037415
3wwwxabv,8,14,0.9933741092681885
3wwwxabv,8,15,0.9926324486732483
3wwwxabv,8,16,0.995956301689148
3wwwxabv,8,17,0.9916932582855225
3wwwxabv,8,18,0.9953514337539673
3wwwxabv,8,19,0.9920224547386169
3wwwxabv,8,20,0.9825456142425537
3wwwxabv,8,21,0.9951914548873901
3wwwxabv,8,22,0.9933704137802124
3wwwxabv,8,23,0.9898737668991089
3wwwxabv,8,24,0.9924759864807129
3wwwxabv,8,25,0.9886793494224548
3wwwxabv,8,26,0.9903563261032104
3wwwxabv,8,27,0.9967284202575684
3wwwxabv,8,28,0.9938938021659851
3wwwxabv,9,1,0.9943491816520691
3wwwxabv,9,2,0.991454005241394
3wwwxabv,9,3,0.9654783606529236
3wwwxabv,9,4,0.9921354055404663
3wwwxabv,9,5,0.975654661655426
3wwwxabv,9,6,0.995780348777771
3wwwxabv,9,7,0.9953641295433044
3wwwxabv,9,8,0.9935232996940613
3wwwxabv,9,9,0.9999998807907104
3wwwxabv,9,10,0.983263373374939
3wwwxabv,9,11,0.9950531721115112
3wwwxabv,9,12,0.9518721103668213
3wwwxabv,9,13,0.9705418944358826
3wwwxabv,9,14,0.9923157691955566
3wwwxabv,9,15,0.9922596216201782
3wwwxabv,9,16,0.9957917928695679
3wwwxabv,9,17,0.9933702945709229
3wwwxabv,9,18,0.9890518188476562
3wwwxabv,9,19,0.9961392879486084
3wwwxabv,9,20,0.9908061027526855
3wwwxabv,9,21,0.9938909411430359
3wwwxabv,9,22,0.9903345108032227
3wwwxabv,9,23,0.9905002117156982
3wwwxabv,9,24,0.991928219795227
3wwwxabv,9,25,0.9834353923797607
3wwwxabv,9,26,0.9823917150497437
3wwwxabv,9,27,0.9947845935821533
3wwwxabv,9,28,0.9966872334480286
3wwwxabv,10,1,0.9846735000610352
3wwwxabv,10,2,0.9840025305747986
3wwwxabv,10,3,0.9767966270446777
3wwwxabv,10,4,0.9749404191970825
3wwwxabv,10,5,0.9775201678276062
3wwwxabv,10,6,0.9876077175140381
3wwwxabv,10,7,0.9923622608184814
3wwwxabv,10,8,0.9900915622711182
3wwwxabv,10,9,0.983263373374939
3wwwxabv,10,10,1.0
3wwwxabv,10,11,0.9906248450279236
3wwwxabv,10,12,0.9874910116195679
3wwwxabv,10,13,0.9920692443847656
3wwwxabv,10,14,0.988499104976654
3wwwxabv,10,15,0.9832012057304382
3wwwxabv,10,16,0.9869086146354675
3wwwxabv,10,17,0.9925711154937744
3wwwxabv,10,18,0.9753161072731018
3wwwxabv,10,19,0.9804213047027588
3wwwxabv,10,20,0.9720785021781921
3wwwxabv,10,21,0.982016384601593
3wwwxabv,10,22,0.9718405604362488
3wwwxabv,10,23,0.9655736684799194
3wwwxabv,10,24,0.9766098260879517
3wwwxabv,10,25,0.9649395942687988
3wwwxabv,10,26,0.9675224423408508
3wwwxabv,10,27,0.983474612236023
3wwwxabv,10,28,0.9800204038619995
3wwwxabv,11,1,0.9981047511100769
3wwwxabv,11,2,0.9962692260742188
3wwwxabv,11,3,0.9762969613075256
3wwwxabv,11,4,0.9921895265579224
3wwwxabv,11,5,0.9801175594329834
3wwwxabv,11,6,0.998333752155304
3wwwxabv,11,7,0.9931690096855164
3wwwxabv,11,8,0.9921118021011353
3wwwxabv,11,9,0.9950531721115112
3wwwxabv,11,10,0.9906248450279236
3wwwxabv,11,11,0.9999999403953552
3wwwxabv,11,12,0.965493381023407
3wwwxabv,11,13,0.9808029532432556
3wwwxabv,11,14,0.9906126856803894
3wwwxabv,11,15,0.9862502813339233
3wwwxabv,11,16,0.9941008687019348
3wwwxabv,11,17,0.9912341237068176
3wwwxabv,11,18,0.9838682413101196
3wwwxabv,11,19,0.9967406392097473
3wwwxabv,11,20,0.9921241402626038
3wwwxabv,11,21,0.9916789531707764
3wwwxabv,11,22,0.9841044545173645
3wwwxabv,11,23,0.9835420250892639
3wwwxabv,11,24,0.9919819235801697
3wwwxabv,11,25,0.9794812202453613
3wwwxabv,11,26,0.976091206073761
3wwwxabv,11,27,0.9910447597503662
3wwwxabv,11,28,0.9942341446876526
3wwwxabv,12,1,0.9533906579017639
3wwwxabv,12,2,0.9606357216835022
3wwwxabv,12,3,0.9812585115432739
3wwwxabv,12,4,0.9426542520523071
3wwwxabv,12,5,0.971269428730011
3wwwxabv,12,6,0.9599776864051819
3wwwxabv,12,7,0.9646185040473938
3wwwxabv,12,8,0.9576544165611267
3wwwxabv,12,9,0.9518721103668213
3wwwxabv,12,10,0.9874910116195679
3wwwxabv,12,11,0.965493381023407
3wwwxabv,12,12,0.9999998807907104
3wwwxabv,12,13,0.9940302968025208
3wwwxabv,12,14,0.9637488126754761
3wwwxabv,12,15,0.9546829462051392
3wwwxabv,12,16,0.9546024203300476
3wwwxabv,12,17,0.974412202835083
3wwwxabv,12,18,0.9313782453536987
3wwwxabv,12,19,0.9443641901016235
3wwwxabv,12,20,0.9391621351242065
3wwwxabv,12,21,0.9450613856315613
3wwwxabv,12,22,0.9264629483222961
3wwwxabv,12,23,0.9178327322006226
3wwwxabv,12,24,0.9360362887382507
3wwwxabv,12,25,0.9174490571022034
3wwwxabv,12,26,0.9210742115974426
3wwwxabv,12,27,0.947889506816864
3wwwxabv,12,28,0.9439942836761475
3wwwxabv,13,1,0.972500741481781
3wwwxabv,13,2,0.980829656124115
3wwwxabv,13,3,0.9902752637863159
3wwwxabv,13,4,0.9677268862724304
3wwwxabv,13,5,0.9879516959190369
3wwwxabv,13,6,0.9795898199081421
3wwwxabv,13,7,0.9759072661399841
3wwwxabv,13,8,0.9713409543037415
3wwwxabv,13,9,0.9705418944358826
3wwwxabv,13,10,0.9920692443847656
3wwwxabv,13,11,0.9808029532432556
3wwwxabv,13,12,0.9940302968025208
3wwwxabv,13,13,1.000000238418579
3wwwxabv,13,14,0.9726327061653137
3wwwxabv,13,15,0.9652529358863831
3wwwxabv,13,16,0.9736656546592712
3wwwxabv,13,17,0.9870696663856506
3wwwxabv,13,18,0.953026533126831
3wwwxabv,13,19,0.9666175246238708
3wwwxabv,13,20,0.9661697745323181
3wwwxabv,13,21,0.9657523036003113
3wwwxabv,13,22,0.9500213265419006
3wwwxabv,13,23,0.9438609480857849
3wwwxabv,13,24,0.9596117734909058
3wwwxabv,13,25,0.9449588656425476
3wwwxabv,13,26,0.9446098804473877
3wwwxabv,13,27,0.966933012008667
3wwwxabv,13,28,0.9652935266494751
3wwwxabv,14,1,0.9861525297164917
3wwwxabv,14,2,0.9837694764137268
3wwwxabv,14,3,0.9655259847640991
3wwwxabv,14,4,0.9786311984062195
3wwwxabv,14,5,0.9737494587898254
3wwwxabv,14,6,0.9870120286941528
3wwwxabv,14,7,0.9966251850128174
3wwwxabv,14,8,0.9933741092681885
3wwwxabv,14,9,0.9923157691955566
3wwwxabv,14,10,0.988499104976654
3wwwxabv,14,11,0.9906126856803894
3wwwxabv,14,12,0.9637488126754761
3wwwxabv,14,13,0.9726327061653137
3wwwxabv,14,14,0.9999999403953552
3wwwxabv,14,15,0.9985886216163635
3wwwxabv,14,16,0.9878971576690674
3wwwxabv,14,17,0.9905028343200684
3wwwxabv,14,18,0.9818053841590881
3wwwxabv,14,19,0.9858432412147522
3wwwxabv,14,20,0.9746670722961426
3wwwxabv,14,21,0.9849373698234558
3wwwxabv,14,22,0.9817175269126892
3wwwxabv,14,23,0.9800317287445068
3wwwxabv,14,24,0.9807968735694885
3wwwxabv,14,25,0.9727827310562134
3wwwxabv,14,26,0.9742734432220459
3wwwxabv,14,27,0.9889422655105591
3wwwxabv,14,28,0.9888299703598022
3wwwxabv,15,1,0.9823127388954163
3wwwxabv,15,2,0.9792194962501526
3wwwxabv,15,3,0.9573620557785034
3wwwxabv,15,4,0.9773206114768982
3wwwxabv,15,5,0.9683051109313965
3wwwxabv,15,6,0.9840071201324463
3wwwxabv,15,7,0.9961190819740295
3wwwxabv,15,8,0.9926324486732483
3wwwxabv,15,9,0.9922596216201782
3wwwxabv,15,10,0.9832012057304382
3wwwxabv,15,11,0.9862502813339233
3wwwxabv,15,12,0.9546829462051392
3wwwxabv,15,13,0.9652529358863831
3wwwxabv,15,14,0.9985886216163635
3wwwxabv,15,15,1.0
3wwwxabv,15,16,0.987596333026886
3wwwxabv,15,17,0.9892684817314148
3wwwxabv,15,18,0.9834996461868286
3wwwxabv,15,19,0.9841668605804443
3wwwxabv,15,20,0.9728574752807617
3wwwxabv,15,21,0.985274612903595
3wwwxabv,15,22,0.9840473532676697
3wwwxabv,15,23,0.9823558330535889
3wwwxabv,15,24,0.979904294013977
3wwwxabv,15,25,0.9747892618179321
3wwwxabv,15,26,0.9772043824195862
3wwwxabv,15,27,0.9896862506866455
3wwwxabv,15,28,0.989270806312561
3wwwxabv,16,1,0.9936712384223938
3wwwxabv,16,2,0.9894203543663025
3wwwxabv,16,3,0.959037721157074
3wwwxabv,16,4,0.9892913103103638
3wwwxabv,16,5,0.9720466732978821
3wwwxabv,16,6,0.9960103034973145
3wwwxabv,16,7,0.9952921867370605
3wwwxabv,16,8,0.995956301689148
3wwwxabv,16,9,0.9957917928695679
3wwwxabv,16,10,0.9869086146354675
3wwwxabv,16,11,0.9941008687019348
3wwwxabv,16,12,0.9546024203300476
3wwwxabv,16,13,0.9736656546592712
3wwwxabv,16,14,0.9878971576690674
3wwwxabv,16,15,0.987596333026886
3wwwxabv,16,16,0.9999998211860657
3wwwxabv,16,17,0.9943615794181824
3wwwxabv,16,18,0.9947408437728882
3wwwxabv,16,19,0.9961153268814087
3wwwxabv,16,20,0.9911020398139954
3wwwxabv,16,21,0.9992303848266602
3wwwxabv,16,22,0.9954105019569397
3wwwxabv,16,23,0.9932726621627808
3wwwxabv,16,24,0.9963763952255249
3wwwxabv,16,25,0.9906936883926392
3wwwxabv,16,26,0.9918369650840759
3wwwxabv,16,27,0.9989672303199768
3wwwxabv,16,28,0.996602475643158
3wwwxabv,17,1,0.9864694476127625
3wwwxabv,17,2,0.9871059656143188
3wwwxabv,17,3,0.9736707806587219
3wwwxabv,17,4,0.9824861288070679
3wwwxabv,17,5,0.9823146462440491
3wwwxabv,17,6,0.9916384220123291
3wwwxabv,17,7,0.9949003458023071
3wwwxabv,17,8,0.9916932582855225
3wwwxabv,17,9,0.9933702945709229
3wwwxabv,17,10,0.9925711154937744
3wwwxabv,17,11,0.9912341237068176
3wwwxabv,17,12,0.974412202835083
3wwwxabv,17,13,0.9870696663856506
3wwwxabv,17,14,0.9905028343200684
3wwwxabv,17,15,0.9892684817314148
3wwwxabv,17,16,0.9943615794181824
3wwwxabv,17,17,1.0000001192092896
3wwwxabv,17,18,0.9833149313926697
3wwwxabv,17,19,0.9868885278701782
3wwwxabv,17,20,0.9820614457130432
3wwwxabv,17,21,0.9901305437088013
3wwwxabv,17,22,0.9828976392745972
3wwwxabv,17,23,0.9793223142623901
3wwwxabv,17,24,0.9835005402565002
3wwwxabv,17,25,0.9747012257575989
3wwwxabv,17,26,0.9780819416046143
3wwwxabv,17,27,0.9923990368843079
3wwwxabv,17,28,0.9889281392097473
3wwwxabv,18,1,0.9863629341125488
3wwwxabv,18,2,0.9780682325363159
3wwwxabv,18,3,0.9334188103675842
3wwwxabv,18,4,0.982903003692627
3wwwxabv,18,5,0.9518181085586548
3wwwxabv,18,6,0.986965000629425
3wwwxabv,18,7,0.9909031391143799
3wwwxabv,18,8,0.9953514337539673
3wwwxabv,18,9,0.9890518188476562
3wwwxabv,18,10,0.9753161072731018
3wwwxabv,18,11,0.9838682413101196
3wwwxabv,18,12,0.9313782453536987
3wwwxabv,18,13,0.953026533126831
3wwwxabv,18,14,0.9818053841590881
3wwwxabv,18,15,0.9834996461868286
3wwwxabv,18,16,0.9947408437728882
3wwwxabv,18,17,0.9833149313926697
3wwwxabv,18,18,1.0
3wwwxabv,18,19,0.9910187721252441
3wwwxabv,18,20,0.98265540599823
3wwwxabv,18,21,0.9964044094085693
3wwwxabv,18,22,0.9989612698554993
3wwwxabv,18,23,0.9964806437492371
3wwwxabv,18,24,0.9952001571655273
3wwwxabv,18,25,0.9966285824775696
3wwwxabv,18,26,0.9981915950775146
3wwwxabv,18,27,0.9970260858535767
3wwwxabv,18,28,0.9929960370063782
3wwwxabv,19,1,0.9980446100234985
3wwwxabv,19,2,0.9939690828323364
3wwwxabv,19,3,0.9613317251205444
3wwwxabv,19,4,0.9953329563140869
3wwwxabv,19,5,0.9712634682655334
3wwwxabv,19,6,0.9978024363517761
3wwwxabv,19,7,0.9908447265625
3wwwxabv,19,8,0.9920224547386169
3wwwxabv,19,9,0.9961392879486084
3wwwxabv,19,10,0.9804213047027588
3wwwxabv,19,11,0.9967406392097473
3wwwxabv,19,12,0.9443641901016235
3wwwxabv,19,13,0.9666175246238708
3wwwxabv,19,14,0.9858432412147522
3wwwxabv,19,15,0.9841668605804443
3wwwxabv,19,16,0.9961153268814087
3wwwxabv,19,17,0.9868885278701782
3wwwxabv,19,18,0.9910187721252441
3wwwxabv,19,19,1.0
3wwwxabv,19,20,0.9963865280151367
3wwwxabv,19,21,0.9959504008293152
3wwwxabv,19,22,0.9923889636993408
3wwwxabv,19,23,0.9932017922401428
3wwwxabv,19,24,0.9977927803993225
3wwwxabv,19,25,0.9898393750190735
3wwwxabv,19,26,0.985481858253479
3wwwxabv,19,27,0.9945480823516846
3wwwxabv,19,28,0.9981294870376587
3wwwxabv,20,1,0.9938357472419739
3wwwxabv,20,2,0.9945245981216431
3wwwxabv,20,3,0.965758740901947
3wwwxabv,20,4,0.9967470765113831
3wwwxabv,20,5,0.9748072028160095
3wwwxabv,20,6,0.9961259365081787
3wwwxabv,20,7,0.9811113476753235
3wwwxabv,20,8,0.9825456142425537
3wwwxabv,20,9,0.9908061027526855
3wwwxabv,20,10,0.9720785021781921
3wwwxabv,20,11,0.9921241402626038
3wwwxabv,20,12,0.9391621351242065
3wwwxabv,20,13,0.9661697745323181
3wwwxabv,20,14,0.9746670722961426
3wwwxabv,20,15,0.9728574752807617
3wwwxabv,20,16,0.9911020398139954
3wwwxabv,20,17,0.9820614457130432
3wwwxabv,20,18,0.98265540599823
3wwwxabv,20,19,0.9963865280151367
3wwwxabv,20,20,1.0000001192092896
3wwwxabv,20,21,0.9909022450447083
3wwwxabv,20,22,0.9850486516952515
3wwwxabv,20,23,0.9869714975357056
3wwwxabv,20,24,0.9940729737281799
3wwwxabv,20,25,0.986370325088501
3wwwxabv,20,26,0.9781070351600647
3wwwxabv,20,27,0.9880548119544983
3wwwxabv,20,28,0.9945024847984314
3wwwxabv,21,1,0.9923798441886902
3wwwxabv,21,2,0.9864572286605835
3wwwxabv,21,3,0.9501396417617798
3wwwxabv,21,4,0.9879646301269531
3wwwxabv,21,5,0.9647241830825806
3wwwxabv,21,6,0.9942017793655396
3wwwxabv,21,7,0.9931629300117493
3wwwxabv,21,8,0.9951914548873901
3wwwxabv,21,9,0.9938909411430359
3wwwxabv,21,10,0.982016384601593
3wwwxabv,21,11,0.9916789531707764
3wwwxabv,21,12,0.9450613856315613
3wwwxabv,21,13,0.9657523036003113
3wwwxabv,21,14,0.9849373698234558
3wwwxabv,21,15,0.985274612903595
3wwwxabv,21,16,0.9992303848266602
3wwwxabv,21,17,0.9901305437088013
3wwwxabv,21,18,0.9964044094085693
3wwwxabv,21,19,0.9959504008293152
3wwwxabv,21,20,0.9909022450447083
3wwwxabv,21,21,1.0
3wwwxabv,21,22,0.9975072741508484
3wwwxabv,21,23,0.9958978295326233
3wwwxabv,21,24,0.9980934858322144
3wwwxabv,21,25,0.9940070509910583
3wwwxabv,21,26,0.9948438405990601
3wwwxabv,21,27,0.999139666557312
3wwwxabv,21,28,0.9968293905258179
3wwwxabv,22,1,0.9867150187492371
3wwwxabv,22,2,0.9784995317459106
3wwwxabv,22,3,0.932551383972168
3wwwxabv,22,4,0.9831770658493042
3wwwxabv,22,5,0.9528732895851135
3wwwxabv,22,6,0.9873777627944946
3wwwxabv,22,7,0.9896529912948608
3wwwxabv,22,8,0.9933704137802124
3wwwxabv,22,9,0.9903345108032227
3wwwxabv,22,10,0.9718405604362488
3wwwxabv,22,11,0.9841044545173645
3wwwxabv,22,12,0.9264629483222961
3wwwxabv,22,13,0.9500213265419006
3wwwxabv,22,14,0.9817175269126892
3wwwxabv,22,15,0.9840473532676697
3wwwxabv,22,16,0.9954105019569397
3wwwxabv,22,17,0.9828976392745972
3wwwxabv,22,18,0.9989612698554993
3wwwxabv,22,19,0.9923889636993408
3wwwxabv,22,20,0.9850486516952515
3wwwxabv,22,21,0.9975072741508484
3wwwxabv,22,22,0.9999999403953552
3wwwxabv,22,23,0.9989283680915833
3wwwxabv,22,24,0.9962494969367981
3wwwxabv,22,25,0.9969319701194763
3wwwxabv,22,26,0.9983229637145996
3wwwxabv,22,27,0.9977761507034302
3wwwxabv,22,28,0.994486927986145
3wwwxabv,23,1,0.9867764115333557
3wwwxabv,23,2,0.9787195920944214
3wwwxabv,23,3,0.9306648969650269
3wwwxabv,23,4,0.9839676022529602
3wwwxabv,23,5,0.9514864683151245
3wwwxabv,23,6,0.9866942167282104
3wwwxabv,23,7,0.9862697124481201
3wwwxabv,23,8,0.9898737668991089
3wwwxabv,23,9,0.9905002117156982
3wwwxabv,23,10,0.9655736684799194
3wwwxabv,23,11,0.9835420250892639
3wwwxabv,23,12,0.9178327322006226
3wwwxabv,23,13,0.9438609480857849
3wwwxabv,23,14,0.9800317287445068
3wwwxabv,23,15,0.9823558330535889
3wwwxabv,23,16,0.9932726621627808
3wwwxabv,23,17,0.9793223142623901
3wwwxabv,23,18,0.9964806437492371
3wwwxabv,23,19,0.9932017922401428
3wwwxabv,23,20,0.9869714975357056
3wwwxabv,23,21,0.9958978295326233
3wwwxabv,23,22,0.9989283680915833
3wwwxabv,23,23,1.0000001192092896
3wwwxabv,23,24,0.9962689876556396
3wwwxabv,23,25,0.9959521293640137
3wwwxabv,23,26,0.9956637620925903
3wwwxabv,23,27,0.9959646463394165
3wwwxabv,23,28,0.9948726892471313
3wwwxabv,24,1,0.9946134090423584
3wwwxabv,24,2,0.9884995818138123
3wwwxabv,24,3,0.9480820298194885
3wwwxabv,24,4,0.9910992980003357
3wwwxabv,24,5,0.9614489674568176
3wwwxabv,24,6,0.9945406913757324
3wwwxabv,24,7,0.9886460304260254
3wwwxabv,24,8,0.9924759864807129
3wwwxabv,24,9,0.991928219795227
3wwwxabv,24,10,0.9766098260879517
3wwwxabv,24,11,0.9919819235801697
3wwwxabv,24,12,0.9360362887382507
3wwwxabv,24,13,0.9596117734909058
3wwwxabv,24,14,0.9807968735694885
3wwwxabv,24,15,0.979904294013977
3wwwxabv,24,16,0.9963763952255249
3wwwxabv,24,17,0.9835005402565002
3wwwxabv,24,18,0.9952001571655273
3wwwxabv,24,19,0.9977927803993225
3wwwxabv,24,20,0.9940729737281799
3wwwxabv,24,21,0.9980934858322144
3wwwxabv,24,22,0.9962494969367981
3wwwxabv,24,23,0.9962689876556396
3wwwxabv,24,24,1.000000238418579
3wwwxabv,24,25,0.9955331683158875
3wwwxabv,24,26,0.9927559494972229
3wwwxabv,24,27,0.9961578845977783
3wwwxabv,24,28,0.9967871308326721
3wwwxabv,25,1,0.9838281273841858
3wwwxabv,25,2,0.9780073165893555
3wwwxabv,25,3,0.9292041063308716
3wwwxabv,25,4,0.9846627712249756
3wwwxabv,25,5,0.9499660134315491
3wwwxabv,25,6,0.9852590560913086
3wwwxabv,25,7,0.9823695421218872
3wwwxabv,25,8,0.9886793494224548
3wwwxabv,25,9,0.9834353923797607
3wwwxabv,25,10,0.9649395942687988
3wwwxabv,25,11,0.9794812202453613
3wwwxabv,25,12,0.9174490571022034
3wwwxabv,25,13,0.9449588656425476
3wwwxabv,25,14,0.9727827310562134
3wwwxabv,25,15,0.9747892618179321
3wwwxabv,25,16,0.9906936883926392
3wwwxabv,25,17,0.9747012257575989
3wwwxabv,25,18,0.9966285824775696
3wwwxabv,25,19,0.9898393750190735
3wwwxabv,25,20,0.986370325088501
3wwwxabv,25,21,0.9940070509910583
3wwwxabv,25,22,0.9969319701194763
3wwwxabv,25,23,0.9959521293640137
3wwwxabv,25,24,0.9955331683158875
3wwwxabv,25,25,0.9999998807907104
3wwwxabv,25,26,0.9968974590301514
3wwwxabv,25,27,0.9929514527320862
3wwwxabv,25,28,0.9919524788856506
3wwwxabv,26,1,0.979115903377533
3wwwxabv,26,2,0.9702732563018799
3wwwxabv,26,3,0.9208760261535645
3wwwxabv,26,4,0.9753981232643127
3wwwxabv,26,5,0.9437023997306824
3wwwxabv,26,6,0.9807118773460388
3wwwxabv,26,7,0.9847710728645325
3wwwxabv,26,8,0.9903563261032104
3wwwxabv,26,9,0.9823917150497437
3wwwxabv,26,10,0.9675224423408508
3wwwxabv,26,11,0.976091206073761
3wwwxabv,26,12,0.9210742115974426
3wwwxabv,26,13,0.9446098804473877
3wwwxabv,26,14,0.9742734432220459
3wwwxabv,26,15,0.9772043824195862
3wwwxabv,26,16,0.9918369650840759
3wwwxabv,26,17,0.9780819416046143
3wwwxabv,26,18,0.9981915950775146
3wwwxabv,26,19,0.985481858253479
3wwwxabv,26,20,0.9781070351600647
3wwwxabv,26,21,0.9948438405990601
3wwwxabv,26,22,0.9983229637145996
3wwwxabv,26,23,0.9956637620925903
3wwwxabv,26,24,0.9927559494972229
3wwwxabv,26,25,0.9968974590301514
3wwwxabv,26,26,1.0000003576278687
3wwwxabv,26,27,0.9950807690620422
3wwwxabv,26,28,0.988678514957428
3wwwxabv,27,1,0.9905900359153748
3wwwxabv,27,2,0.9851505160331726
3wwwxabv,27,3,0.9506473541259766
3wwwxabv,27,4,0.9860308766365051
3wwwxabv,27,5,0.9659557342529297
3wwwxabv,27,6,0.9927650690078735
3wwwxabv,27,7,0.9953784346580505
3wwwxabv,27,8,0.9967284202575684
3wwwxabv,27,9,0.9947845935821533
3wwwxabv,27,10,0.983474612236023
3wwwxabv,27,11,0.9910447597503662
3wwwxabv,27,12,0.947889506816864
3wwwxabv,27,13,0.966933012008667
3wwwxabv,27,14,0.9889422655105591
3wwwxabv,27,15,0.9896862506866455
3wwwxabv,27,16,0.9989672303199768
3wwwxabv,27,17,0.9923990368843079
3wwwxabv,27,18,0.9970260858535767
3wwwxabv,27,19,0.9945480823516846
3wwwxabv,27,20,0.9880548119544983
3wwwxabv,27,21,0.999139666557312
3wwwxabv,27,22,0.9977761507034302
3wwwxabv,27,23,0.9959646463394165
3wwwxabv,27,24,0.9961578845977783
3wwwxabv,27,25,0.9929514527320862
3wwwxabv,27,26,0.9950807690620422
3wwwxabv,27,27,1.0000001192092896
3wwwxabv,27,28,0.9967994689941406
3wwwxabv,28,1,0.9940592646598816
3wwwxabv,28,2,0.990745484828949
3wwwxabv,28,3,0.9586331248283386
3wwwxabv,28,4,0.9936233758926392
3wwwxabv,28,5,0.9695171117782593
3wwwxabv,28,6,0.9958134889602661
3wwwxabv,28,7,0.99333256483078
3wwwxabv,28,8,0.9938938021659851
3wwwxabv,28,9,0.9966872334480286
3wwwxabv,28,10,0.9800204038619995
3wwwxabv,28,11,0.9942341446876526
3wwwxabv,28,12,0.9439942836761475
3wwwxabv,28,13,0.9652935266494751
3wwwxabv,28,14,0.9888299703598022
3wwwxabv,28,15,0.989270806312561
3wwwxabv,28,16,0.996602475643158
3wwwxabv,28,17,0.9889281392097473
3wwwxabv,28,18,0.9929960370063782
3wwwxabv,28,19,0.9981294870376587
3wwwxabv,28,20,0.9945024847984314
3wwwxabv,28,21,0.9968293905258179
3wwwxabv,28,22,0.994486927986145
3wwwxabv,28,23,0.9948726892471313
3wwwxabv,28,24,0.9967871308326721
3wwwxabv,28,25,0.9919524788856506
3wwwxabv,28,26,0.988678514957428
3wwwxabv,28,27,0.9967994689941406
3wwwxabv,28,28,1.000000238418579
4023fc77,1,1,0.9999999403953552
4023fc77,1,2,0.9975416660308838
4023fc77,1,3,0.9928572773933411
4023fc77,1,4,0.9896153807640076
4023fc77,2,1,0.9975416660308838
4023fc77,2,2,1.0000001192092896
4023fc77,2,3,0.9969329833984375
4023fc77,2,4,0.9881579875946045
4023fc77,3,1,0.9928572773933411
4023fc77,3,2,0.9969329833984375
4023fc77,3,3,1.0
4023fc77,3,4,0.9928351044654846
4023fc77,4,1,0.9896153807640076
4023fc77,4,2,0.9881579875946045
4023fc77,4,3,0.9928351044654846
4023fc77,4,4,0.9999999403953552
414ca58b,1,1,0.9999998807907104
414ca58b,1,2,0.9943634867668152
414ca58b,1,3,0.9920138120651245
414ca58b,2,1,0.9943634867668152
414ca58b,2,2,0.9999998807907104
414ca58b,2,3,0.9978532195091248
414ca58b,3,1,0.9920138120651245
414ca58b,3,2,0.9978532195091248
414ca58b,3,3,1.0000001192092896
429zpaoy,1,1,1.0000001192092896
429zpaoy,1,2,0.9932148456573486
429zpaoy,2,1,0.9932148456573486
429zpaoy,2,2,1.0
46e00caf,1,1,1.0
46e00caf,1,2,0.9903380870819092
46e00caf,2,1,0.9903380870819092
46e00caf,2,2,1.0
4795259b,1,1,1.0
4795259b,1,2,0.9898903965950012
4795259b,1,3,0.9725083708763123
4795259b,1,4,0.9609329700469971
4795259b,1,5,0.9788699150085449
4795259b,1,6,0.9577338099479675
4795259b,1,7,0.8524211049079895
4795259b,2,1,0.9898903965950012
4795259b,2,2,1.0000001192092896
4795259b,2,3,0.9864083528518677
4795259b,2,4,0.967210590839386
4795259b,2,5,0.9826291799545288
4795259b,2,6,0.9505462646484375
4795259b,2,7,0.870711624622345
4795259b,3,1,0.9725083708763123
4795259b,3,2,0.9864083528518677
4795259b,3,3,1.0
4795259b,3,4,0.9868039488792419
4795259b,3,5,0.9912370443344116
4795259b,3,6,0.9616777300834656
4795259b,3,7,0.9151003360748291
4795259b,4,1,0.9609329700469971
4795259b,4,2,0.967210590839386
4795259b,4,3,0.9868039488792419
4795259b,4,4,1.0
4795259b,4,5,0.9794909358024597
4795259b,4,6,0.9829413294792175
4795259b,4,7,0.9279456734657288
4795259b,5,1,0.9788699150085449
4795259b,5,2,0.9826291799545288
4795259b,5,3,0.9912370443344116
4795259b,5,4,0.9794909358024597
4795259b,5,5,1.0
4795259b,5,6,0.9729881882667542
4795259b,5,7,0.922368049621582
4795259b,6,1,0.9577338099479675
4795259b,6,2,0.9505462646484375
4795259b,6,3,0.9616777300834656
4795259b,6,4,0.9829413294792175
4795259b,6,5,0.9729881882667542
4795259b,6,6,0.9999999403953552
4795259b,6,7,0.9400125741958618
4795259b,7,1,0.8524211049079895
4795259b,7,2,0.870711624622345
4795259b,7,3,0.9151003360748291
4795259b,7,4,0.9279456734657288
4795259b,7,5,0.922368049621582
4795259b,7,6,0.9400125741958618
4795259b,7,7,1.0000001192092896
484d48a3,1,1,0.9999999403953552
484d48a3,1,2,0.9689576625823975
484d48a3,2,1,0.9689576625823975
484d48a3,2,2,1.0
48piegqg,1,1,1.0000001192092896
48piegqg,1,2,0.9890497922897339
48piegqg,2,1,0.9890497922897339
48piegqg,2,2,0.9999998807907104
4a41cbf8,1,1,1.0
4a41cbf8,1,2,0.9914308190345764
4a41cbf8,1,3,0.9858065247535706
4a41cbf8,1,4,0.9933129549026489
4a41cbf8,1,5,0.9795361757278442
4a41cbf8,2,1,0.9914308190345764
4a41cbf8,2,2,0.9999999403953552
4a41cbf8,2,3,0.9920574426651001
4a41cbf8,2,4,0.9896506667137146
4a41cbf8,2,5,0.9732120037078857
4a41cbf8,3,1,0.9858065247535706
4a41cbf8,3,2,0.9920574426651001
4a41cbf8,3,3,0.9999999403953552
4a41cbf8,3,4,0.9864634871482849
4a41cbf8,3,5,0.990446150302887
4a41cbf8,4,1,0.9933129549026489
4a41cbf8,4,2,0.9896506667137146
4a41cbf8,4,3,0.9864634871482849
4a41cbf8,4,4,0.9999999403953552
4a41cbf8,4,5,0.9803991317749023
4a41cbf8,5,1,0.9795361757278442
4a41cbf8,5,2,0.9732120037078857
4a41cbf8,5,3,0.990446150302887
4a41cbf8,5,4,0.9803991317749023
4a41cbf8,5,5,1.0
4a6fb202,1,1,1.0
4a6fb202,1,2,0.9963288307189941
4a6fb202,1,3,0.9922201633453369
4a6fb202,1,4,0.9927822947502136
4a6fb202,1,5,0.9825266599655151
4a6fb202,1,6,0.9891954660415649
4a6fb202,2,1,0.9963288307189941
4a6fb202,2,2,1.0
4a6fb202,2,3,0.9963892698287964
4a6fb202,2,4,0.9923383593559265
4a6fb202,2,5,0.9825027585029602
4a6fb202,2,6,0.9862443804740906
4a6fb202,3,1,0.9922201633453369
4a6fb202,3,2,0.9963892698287964
4a6fb202,3,3,1.0000001192092896
4a6fb202,3,4,0.9861990213394165
4a6fb202,3,5,0.9713003039360046
4a6fb202,3,6,0.9879467487335205
4a6fb202,4,1,0.9927822947502136
4a6fb202,4,2,0.9923383593559265
4a6fb202,4,3,0.9861990213394165
4a6fb202,4,4,1.0
4a6fb202,4,5,0.9950857758522034
4a6fb202,4,6,0.991972029209137
4a6fb202,5,1,0.9825266599655151
4a6fb202,5,2,0.9825027585029602
4a6fb202,5,3,0.9713003039360046
4a6fb202,5,4,0.9950857758522034
4a6fb202,5,5,1.0
4a6fb202,5,6,0.9786222577095032
4a6fb202,6,1,0.9891954660415649
4a6fb202,6,2,0.9862443804740906
4a6fb202,6,3,0.9879467487335205
4a6fb202,6,4,0.991972029209137
4a6fb202,6,5,0.9786222577095032
4a6fb202,6,6,1.0
4a7162bd,1,1,1.0000001192092896
4a7162bd,1,2,0.9903813600540161
4a7162bd,2,1,0.9903813600540161
4a7162bd,2,2,1.0
4c94e4f3,1,1,1.0
4c94e4f3,1,2,0.9911145567893982
4c94e4f3,1,3,0.973545253276825
4c94e4f3,2,1,0.9911145567893982
4c94e4f3,2,2,1.0
4c94e4f3,2,3,0.984043538570404
4c94e4f3,3,1,0.973545253276825
4c94e4f3,3,2,0.984043538570404
4c94e4f3,3,3,1.0000001192092896
4e0597a0,1,1,1.0
4e0597a0,1,2,0.9838681817054749
4e0597a0,1,3,0.9841516017913818
4e0597a0,2,1,0.9838681817054749
4e0597a0,2,2,1.0000001192092896
4e0597a0,2,3,0.9593250751495361
4e0597a0,3,1,0.9841516017913818
4e0597a0,3,2,0.9593250751495361
4e0597a0,3,3,1.0000001192092896
4heroisd,1,1,1.0000001192092896
4heroisd,1,2,0.970819890499115
4heroisd,2,1,0.970819890499115
4heroisd,2,2,1.0
4numtahu,1,1,1.0000001192092896
4numtahu,1,2,0.9934822916984558
4numtahu,1,3,0.9942776560783386
4numtahu,1,4,0.9900620579719543
4numtahu,1,5,0.9797320365905762
4numtahu,1,6,0.9596068263053894
4numtahu,2,1,0.9934822916984558
4numtahu,2,2,0.9999999403953552
4numtahu,2,3,0.9951411485671997
4numtahu,2,4,0.9743887186050415
4numtahu,2,5,0.9907877445220947
4numtahu,2,6,0.970465362071991
4numtahu,3,1,0.9942776560783386
4numtahu,3,2,0.9951411485671997
4numtahu,3,3,1.0
4numtahu,3,4,0.9841330647468567
4numtahu,3,5,0.9922441840171814
4numtahu,3,6,0.9659822583198547
4numtahu,4,1,0.9900620579719543
4numtahu,4,2,0.9743887186050415
4numtahu,4,3,0.9841330647468567
4numtahu,4,4,0.9999999403953552
4numtahu,4,5,0.9630323648452759
4numtahu,4,6,0.9302313923835754
4numtahu,5,1,0.9797320365905762
4numtahu,5,2,0.9907877445220947
4numtahu,5,3,0.9922441840171814
4numtahu,5,4,0.9630323648452759
4numtahu,5,5,0.9999999403953552
4numtahu,5,6,0.9720991253852844
4numtahu,6,1,0.9596068263053894
4numtahu,6,2,0.970465362071991
4numtahu,6,3,0.9659822583198547
4numtahu,6,4,0.9302313923835754
4numtahu,6,5,0.9720991253852844
4numtahu,6,6,1.0000001192092896
4ny5gf5t,1,1,0.9999998807907104
4ny5gf5t,1,2,0.9918528199195862
4ny5gf5t,2,1,0.9918528199195862
4ny5gf5t,2,2,1.0000001192092896
4se4eppr,1,1,1.0000001192092896
4se4eppr,1,2,0.9972118735313416
4se4eppr,2,1,0.9972118735313416
4se4eppr,2,2,1.0000001192092896
50qauky1,1,1,0.9999998807907104
50qauky1,1,2,0.995663583278656
50qauky1,1,3,0.9953174591064453
50qauky1,2,1,0.995663583278656
50qauky1,2,2,1.0
50qauky1,2,3,0.9987051486968994
50qauky1,3,1,0.9953174591064453
50qauky1,3,2,0.9987051486968994
50qauky1,3,3,1.0
51befc31,1,1,1.0000001192092896
51befc31,1,2,0.9884521961212158
51befc31,1,3,0.9857552647590637
51befc31,2,1,0.9884521961212158
51befc31,2,2,1.0
51befc31,2,3,0.9906190633773804
51befc31,3,1,0.9857552647590637
51befc31,3,2,0.9906190633773804
51befc31,3,3,1.0000001192092896
53f67585,1,1,1.0000001192092896
53f67585,1,2,0.9913569092750549
53f67585,1,3,0.9923356771469116
53f67585,1,4,0.9951878786087036
53f67585,1,5,0.9887259602546692
53f67585,1,6,0.9930744767189026
53f67585,1,7,0.9911320805549622
53f67585,1,8,0.9878996014595032
53f67585,1,9,0.9917581081390381
53f67585,2,1,0.9913569092750549
53f67585,2,2,0.9999998807907104
53f67585,2,3,0.9992314577102661
53f67585,2,4,0.9956660270690918
53f67585,2,5,0.9825541973114014
53f67585,2,6,0.9933897852897644
53f67585,2,7,0.9954537153244019
53f67585,2,8,0.9940522313117981
53f67585,2,9,0.9951269626617432
53f67585,3,1,0.9923356771469116
53f67585,3,2,0.9992314577102661
53f67585,3,3,1.0000001192092896
53f67585,3,4,0.9954321384429932
53f67585,3,5,0.9808712601661682
53f67585,3,6,0.9934632778167725
53f67585,3,7,0.9961495399475098
53f67585,3,8,0.9944568872451782
53f67585,3,9,0.9955476522445679
53f67585,4,1,0.9951878786087036
53f67585,4,2,0.9956660270690918
53f67585,4,3,0.9954321384429932
53f67585,4,4,1.0
53f67585,4,5,0.9940484166145325
53f67585,4,6,0.998701810836792
53f67585,4,7,0.9977930784225464
53f67585,4,8,0.9963745474815369
53f67585,4,9,0.9981040954589844
53f67585,5,1,0.9887259602546692
53f67585,5,2,0.9825541973114014
53f67585,5,3,0.9808712601661682
53f67585,5,4,0.9940484166145325
53f67585,5,5,1.0
53f67585,5,6,0.9953905344009399
53f67585,5,7,0.9894692897796631
53f67585,5,8,0.9876705408096313
53f67585,5,9,0.9906941652297974
53f67585,6,1,0.9930744767189026
53f67585,6,2,0.9933897852897644
53f67585,6,3,0.9934632778167725
53f67585,6,4,0.998701810836792
53f67585,6,5,0.9953905344009399
53f67585,6,6,1.0000001192092896
53f67585,6,7,0.9973406195640564
53f67585,6,8,0.9956682324409485
53f67585,6,9,0.9971932768821716
53f67585,7,1,0.9911320805549622
53f67585,7,2,0.9954537153244019
53f67585,7,3,0.9961495399475098
53f67585,7,4,0.9977930784225464
53f67585,7,5,0.9894692897796631
53f67585,7,6,0.9973406195640564
53f67585,7,7,1.000000238418579
53f67585,7,8,0.9984065890312195
53f67585,7,9,0.9993628263473511
53f67585,8,1,0.9878996014595032
53f67585,8,2,0.9940522313117981
53f67585,8,3,0.9944568872451782
53f67585,8,4,0.9963745474815369
53f67585,8,5,0.9876705408096313
53f67585,8,6,0.9956682324409485
53f67585,8,7,0.9984065890312195
53f67585,8,8,1.0
53f67585,8,9,0.9974305033683777
53f67585,9,1,0.9917581081390381
53f67585,9,2,0.9951269626617432
53f67585,9,3,0.9955476522445679
53f67585,9,4,0.9981040954589844
53f67585,9,5,0.9906941652297974
53f67585,9,6,0.9971932768821716
53f67585,9,7,0.9993628263473511
53f67585,9,8,0.9974305033683777
53f67585,9,9,1.0
53sca9ee,1,1,1.0
53sca9ee,1,2,0.8923953771591187
53sca9ee,1,3,0.9360039830207825
53sca9ee,1,4,0.8951892852783203
53sca9ee,2,1,0.8923953771591187
53sca9ee,2,2,1.0
53sca9ee,2,3,0.9838139414787292
53sca9ee,2,4,0.9929298758506775
53sca9ee,3,1,0.9360039830207825
53sca9ee,3,2,0.9838139414787292
53sca9ee,3,3,1.0
53sca9ee,3,4,0.9831962585449219
53sca9ee,4,1,0.8951892852783203
53sca9ee,4,2,0.9929298758506775
53sca9ee,4,3,0.9831962585449219
53sca9ee,4,4,1.0
578f71da,1,1,1.0
578f71da,1,2,0.9909437298774719
578f71da,1,3,0.9883325099945068
578f71da,1,4,0.9897930026054382
578f71da,1,5,0.9807326793670654
578f71da,2,1,0.9909437298774719
578f71da,2,2,1.0
578f71da,2,3,0.9949970245361328
578f71da,2,4,0.9858071804046631
578f71da,2,5,0.9872241616249084
578f71da,3,1,0.9883325099945068
578f71da,3,2,0.9949970245361328
578f71da,3,3,1.0000001192092896
578f71da,3,4,0.9848169088363647
578f71da,3,5,0.9887526631355286
578f71da,4,1,0.9897930026054382
578f71da,4,2,0.9858071804046631
578f71da,4,3,0.9848169088363647
578f71da,4,4,1.0
578f71da,4,5,0.9852511882781982
578f71da,5,1,0.9807326793670654
578f71da,5,2,0.9872241616249084
578f71da,5,3,0.9887526631355286
578f71da,5,4,0.9852511882781982
578f71da,5,5,1.0
57ad022e,1,1,0.9999999403953552
57ad022e,1,2,0.9941539168357849
57ad022e,1,3,0.9910393357276917
57ad022e,1,4,0.9573140740394592
57ad022e,1,5,0.93563312292099
57ad022e,2,1,0.9941539168357849
57ad022e,2,2,0.9999998807907104
57ad022e,2,3,0.9881060123443604
57ad022e,2,4,0.9629337787628174
57ad022e,2,5,0.9422500133514404
57ad022e,3,1,0.9910393357276917
57ad022e,3,2,0.9881060123443604
57ad022e,3,3,0.9999998807907104
57ad022e,3,4,0.9725539088249207
57ad022e,3,5,0.9620607495307922
57ad022e,4,1,0.9573140740394592
57ad022e,4,2,0.9629337787628174
57ad022e,4,3,0.9725539088249207
57ad022e,4,4,1.0
57ad022e,4,5,0.9887516498565674
57ad022e,5,1,0.93563312292099
57ad022e,5,2,0.9422500133514404
57ad022e,5,3,0.9620607495307922
57ad022e,5,4,0.9887516498565674
57ad022e,5,5,1.0000001192092896
59992293,1,1,1.0000001192092896
59992293,1,2,0.9836553335189819
59992293,1,3,0.9821866750717163
59992293,1,4,0.9868335723876953
59992293,1,5,0.9827873706817627
59992293,1,6,0.9860771894454956
59992293,1,7,0.9757687449455261
59992293,2,1,0.9836553335189819
59992293,2,2,0.9999999403953552
59992293,2,3,0.9663242101669312
59992293,2,4,0.9890405535697937
59992293,2,5,0.9754045605659485
59992293,2,6,0.9792688488960266
59992293,2,7,0.974148154258728
59992293,3,1,0.9821866750717163
59992293,3,2,0.9663242101669312
59992293,3,3,1.0000001192092896
59992293,3,4,0.9870072603225708
59992293,3,5,0.9972613453865051
59992293,3,6,0.9922690391540527
59992293,3,7,0.9903143644332886
59992293,4,1,0.9868335723876953
59992293,4,2,0.9890405535697937
59992293,4,3,0.9870072603225708
59992293,4,4,0.9999999403953552
59992293,4,5,0.9883723258972168
59992293,4,6,0.985206663608551
59992293,4,7,0.9864094853401184
59992293,5,1,0.9827873706817627
59992293,5,2,0.9754045605659485
59992293,5,3,0.9972613453865051
59992293,5,4,0.9883723258972168
59992293,5,5,1.0000001192092896
59992293,5,6,0.9970706105232239
59992293,5,7,0.9958154559135437
59992293,6,1,0.9860771894454956
59992293,6,2,0.9792688488960266
59992293,6,3,0.9922690391540527
59992293,6,4,0.985206663608551
59992293,6,5,0.9970706105232239
59992293,6,6,1.0
59992293,6,7,0.9953168630599976
59992293,7,1,0.9757687449455261
59992293,7,2,0.974148154258728
59992293,7,3,0.9903143644332886
59992293,7,4,0.9864094853401184
59992293,7,5,0.9958154559135437
59992293,7,6,0.9953168630599976
59992293,7,7,1.0000001192092896
5bad0bab,1,1,1.0000001192092896
5bad0bab,1,2,0.9262170791625977
5bad0bab,2,1,0.9262170791625977
5bad0bab,2,2,1.0
5bc7ea74,1,1,1.0
5bc7ea74,1,2,0.9574524760246277
5bc7ea74,2,1,0.9574524760246277
5bc7ea74,2,2,1.0000001192092896
5e9412c0,1,1,1.0000001192092896
5e9412c0,1,2,0.9850988984107971
5e9412c0,1,3,0.9856984615325928
5e9412c0,1,4,0.9712079763412476
5e9412c0,1,5,0.9743276238441467
5e9412c0,1,6,0.972156286239624
5e9412c0,1,7,0.9696255326271057
5e9412c0,1,8,0.9740553498268127
5e9412c0,2,1,0.9850988984107971
5e9412c0,2,2,1.0
5e9412c0,2,3,0.9937768578529358
5e9412c0,2,4,0.9878966212272644
5e9412c0,2,5,0.9917272329330444
5e9412c0,2,6,0.9912180304527283
5e9412c0,2,7,0.9905505180358887
5e9412c0,2,8,0.9896451830863953
5e9412c0,3,1,0.9856984615325928
5e9412c0,3,2,0.9937768578529358
5e9412c0,3,3,1.0000001192092896
5e9412c0,3,4,0.9801930785179138
5e9412c0,3,5,0.9807882905006409
5e9412c0,3,6,0.9804190993309021
5e9412c0,3,7,0.9809430241584778
5e9412c0,3,8,0.9834583401679993
5e9412c0,4,1,0.9712079763412476
5e9412c0,4,2,0.9878966212272644
5e9412c0,4,3,0.9801930785179138
5e9412c0,4,4,1.0000001192092896
5e9412c0,4,5,0.9974592924118042
5e9412c0,4,6,0.9973093867301941
5e9412c0,4,7,0.9944080710411072
5e9412c0,4,8,0.9875415563583374
5e9412c0,5,1,0.9743276238441467
5e9412c0,5,2,0.9917272329330444
5e9412c0,5,3,0.9807882905006409
5e9412c0,5,4,0.9974592924118042
5e9412c0,5,5,1.0
5e9412c0,5,6,0.9989444017410278
5e9412c0,5,7,0.9972063899040222
5e9412c0,5,8,0.9905256628990173
5e9412c0,6,1,0.972156286239624
5e9412c0,6,2,0.9912180304527283
5e9412c0,6,3,0.9804190993309021
5e9412c0,6,4,0.9973093867301941
5e9412c0,6,5,0.9989444017410278
5e9412c0,6,6,1.0
5e9412c0,6,7,0.9988390207290649
5e9412c0,6,8,0.9942903518676758
5e9412c0,7,1,0.9696255326271057
5e9412c0,7,2,0.9905505180358887
5e9412c0,7,3,0.9809430241584778
5e9412c0,7,4,0.9944080710411072
5e9412c0,7,5,0.9972063899040222
5e9412c0,7,6,0.9988390207290649
5e9412c0,7,7,1.0
5e9412c0,7,8,0.9965977072715759
5e9412c0,8,1,0.9740553498268127
5e9412c0,8,2,0.9896451830863953
5e9412c0,8,3,0.9834583401679993
5e9412c0,8,4,0.9875415563583374
5e9412c0,8,5,0.9905256628990173
5e9412c0,8,6,0.9942903518676758
5e9412c0,8,7,0.9965977072715759
5e9412c0,8,8,1.0
5m4ckpop,1,1,1.0
5m4ckpop,1,2,0.9980270266532898
5m4ckpop,2,1,0.9980270266532898
5m4ckpop,2,2,1.0000001192092896
5nwr1e15,1,1,1.0
5nwr1e15,1,2,0.9951657056808472
5nwr1e15,2,1,0.9951657056808472
5nwr1e15,2,2,1.0
5w2wm25n,1,1,1.0
5w2wm25n,1,2,0.9969601035118103
5w2wm25n,1,3,0.999566912651062
5w2wm25n,2,1,0.9969601035118103
5w2wm25n,2,2,1.0000001192092896
5w2wm25n,2,3,0.9979749321937561
5w2wm25n,3,1,0.999566912651062
5w2wm25n,3,2,0.9979749321937561
5w2wm25n,3,3,0.9999998807907104
5wsg1nxs,1,1,1.0
5wsg1nxs,1,2,0.9920712113380432
5wsg1nxs,1,3,0.9982442259788513
5wsg1nxs,1,4,0.9776232242584229
5wsg1nxs,2,1,0.9920712113380432
5wsg1nxs,2,2,1.0000001192092896
5wsg1nxs,2,3,0.9951529502868652
5wsg1nxs,2,4,0.9920434355735779
5wsg1nxs,3,1,0.9982442259788513
5wsg1nxs,3,2,0.9951529502868652
5wsg1nxs,3,3,1.0
5wsg1nxs,3,4,0.9847942590713501
5wsg1nxs,4,1,0.9776232242584229
5wsg1nxs,4,2,0.9920434355735779
5wsg1nxs,4,3,0.9847942590713501
5wsg1nxs,4,4,1.0
6075d6b0,1,1,1.0
6075d6b0,1,2,0.9923808574676514
6075d6b0,1,3,0.9881634712219238
6075d6b0,1,4,0.9727786779403687
6075d6b0,1,5,0.984331488609314
6075d6b0,2,1,0.9923808574676514
6075d6b0,2,2,1.0
6075d6b0,2,3,0.9829375743865967
6075d6b0,2,4,0.9714426398277283
6075d6b0,2,5,0.9772254824638367
6075d6b0,3,1,0.9881634712219238
6075d6b0,3,2,0.9829375743865967
6075d6b0,3,3,0.9999999403953552
6075d6b0,3,4,0.9741331934928894
6075d6b0,3,5,0.9943088889122009
6075d6b0,4,1,0.9727786779403687
6075d6b0,4,2,0.9714426398277283
6075d6b0,4,3,0.9741331934928894
6075d6b0,4,4,1.0
6075d6b0,4,5,0.9802969694137573
6075d6b0,5,1,0.984331488609314
6075d6b0,5,2,0.9772254824638367
6075d6b0,5,3,0.9943088889122009
6075d6b0,5,4,0.9802969694137573
6075d6b0,5,5,1.0000001192092896
60827ada,1,1,0.9999999403953552
60827ada,1,2,0.9919778108596802
60827ada,1,3,0.9970202445983887
60827ada,1,4,0.9931403994560242
60827ada,2,1,0.9919778108596802
60827ada,2,2,1.0000001192092896
60827ada,2,3,0.9944642782211304
60827ada,2,4,0.9966782331466675
60827ada,3,1,0.9970202445983887
60827ada,3,2,0.9944642782211304
60827ada,3,3,1.0
60827ada,3,4,0.994198203086853
60827ada,4,1,0.9931403994560242
60827ada,4,2,0.9966782331466675
60827ada,4,3,0.994198203086853
60827ada,4,4,1.0000001192092896
6092nsl8,1,1,1.0
6092nsl8,1,2,0.9798470735549927
6092nsl8,2,1,0.9798470735549927
6092nsl8,2,2,1.0000001192092896
61403519,1,1,0.9999998807907104
61403519,1,2,0.9919044971466064
61403519,1,3,0.9898877143859863
61403519,2,1,0.9919044971466064
61403519,2,2,0.9999999403953552
61403519,2,3,0.9831238985061646
61403519,3,1,0.9898877143859863
61403519,3,2,0.9831238985061646
61403519,3,3,1.0
62529cd4,1,1,1.0
62529cd4,1,2,0.9960795640945435
62529cd4,1,3,0.992831289768219
62529cd4,2,1,0.9960795640945435
62529cd4,2,2,1.0
62529cd4,2,3,0.9948549270629883
62529cd4,3,1,0.992831289768219
62529cd4,3,2,0.9948549270629883
62529cd4,3,3,1.0
627jnkn9,1,1,0.9999999403953552
627jnkn9,1,2,0.9678011536598206
627jnkn9,1,3,0.9875562787055969
627jnkn9,2,1,0.9678011536598206
627jnkn9,2,2,1.0
627jnkn9,2,3,0.9924359321594238
627jnkn9,3,1,0.9875562787055969
627jnkn9,3,2,0.9924359321594238
627jnkn9,3,3,0.9999998807907104
63437cf3,1,1,0.9999998807907104
63437cf3,1,2,0.9950233101844788
63437cf3,1,3,0.9810829758644104
63437cf3,2,1,0.9950233101844788
63437cf3,2,2,0.9999999403953552
63437cf3,2,3,0.9685477614402771
63437cf3,3,1,0.9810829758644104
63437cf3,3,2,0.9685477614402771
63437cf3,3,3,1.0000001192092896
63qpq8pc,1,1,0.9999999403953552
63qpq8pc,1,2,0.9941016435623169
63qpq8pc,1,3,0.9948959350585938
63qpq8pc,2,1,0.9941016435623169
63qpq8pc,2,2,0.9999998807907104
63qpq8pc,2,3,0.9983213543891907
63qpq8pc,3,1,0.9948959350585938
63qpq8pc,3,2,0.9983213543891907
63qpq8pc,3,3,1.0
64044df1,1,1,1.0000001192092896
64044df1,1,2,0.9794520735740662
64044df1,1,3,0.9470700025558472
64044df1,1,4,0.9279032349586487
64044df1,1,5,0.9056460857391357
64044df1,1,6,0.9492749571800232
64044df1,2,1,0.9794520735740662
64044df1,2,2,1.0
64044df1,2,3,0.9807519912719727
64044df1,2,4,0.962539792060852
64044df1,2,5,0.962132453918457
64044df1,2,6,0.9888812899589539
64044df1,3,1,0.9470700025558472
64044df1,3,2,0.9807519912719727
64044df1,3,3,1.0
64044df1,3,4,0.994067907333374
64044df1,3,5,0.9886919856071472
64044df1,3,6,0.9846940636634827
64044df1,4,1,0.9279032349586487
64044df1,4,2,0.962539792060852
64044df1,4,3,0.994067907333374
64044df1,4,4,1.0
64044df1,4,5,0.988778829574585
64044df1,4,6,0.9731943011283875
64044df1,5,1,0.9056460857391357
64044df1,5,2,0.962132453918457
64044df1,5,3,0.9886919856071472
64044df1,5,4,0.988778829574585
64044df1,5,5,1.0
64044df1,5,6,0.9828357696533203
64044df1,6,1,0.9492749571800232
64044df1,6,2,0.9888812899589539
64044df1,6,3,0.9846940636634827
64044df1,6,4,0.9731943011283875
64044df1,6,5,0.9828357696533203
64044df1,6,6,1.0
64b89eb5,1,1,1.0000001192092896
64b89eb5,1,2,0.99853515625
64b89eb5,1,3,0.9948247075080872
64b89eb5,2,1,0.99853515625
64b89eb5,2,2,0.9999999403953552
64b89eb5,2,3,0.9943432807922363
64b89eb5,3,1,0.9948247075080872
64b89eb5,3,2,0.9943432807922363
64b89eb5,3,3,1.0000001192092896
662a1846,1,1,1.0000001192092896
662a1846,1,2,0.9959125518798828
662a1846,1,3,0.9586935639381409
662a1846,1,4,0.9945651292800903
662a1846,1,5,0.9872173070907593
662a1846,1,6,0.9446295499801636
662a1846,1,7,0.9545993208885193
662a1846,1,8,0.9931981563568115
662a1846,1,9,0.991096019744873
662a1846,2,1,0.9959125518798828
662a1846,2,2,1.0000001192092896
662a1846,2,3,0.9495072364807129
662a1846,2,4,0.9919455647468567
662a1846,2,5,0.9886581897735596
662a1846,2,6,0.9473608136177063
662a1846,2,7,0.9530660510063171
662a1846,2,8,0.9892621040344238
662a1846,2,9,0.9893103837966919
662a1846,3,1,0.9586935639381409
662a1846,3,2,0.9495072364807129
662a1846,3,3,1.0
662a1846,3,4,0.9654653072357178
662a1846,3,5,0.9596399068832397
662a1846,3,6,0.913837730884552
662a1846,3,7,0.9848764538764954
662a1846,3,8,0.9394703507423401
662a1846,3,9,0.9457060098648071
662a1846,4,1,0.9945651292800903
662a1846,4,2,0.9919455647468567
662a1846,4,3,0.9654653072357178
662a1846,4,4,1.0000001192092896
662a1846,4,5,0.9892096519470215
662a1846,4,6,0.9294677972793579
662a1846,4,7,0.9730880856513977
662a1846,4,8,0.9837514758110046
662a1846,4,9,0.9898157119750977
662a1846,5,1,0.9872173070907593
662a1846,5,2,0.9886581897735596
662a1846,5,3,0.9596399068832397
662a1846,5,4,0.9892096519470215
662a1846,5,5,1.0
662a1846,5,6,0.965806782245636
662a1846,5,7,0.9696595668792725
662a1846,5,8,0.9860881567001343
662a1846,5,9,0.9746922254562378
662a1846,6,1,0.9446295499801636
662a1846,6,2,0.9473608136177063
662a1846,6,3,0.913837730884552
662a1846,6,4,0.9294677972793579
662a1846,6,5,0.965806782245636
662a1846,6,6,0.9999998807907104
662a1846,6,7,0.9019269943237305
662a1846,6,8,0.9640797972679138
662a1846,6,9,0.9276196956634521
662a1846,7,1,0.9545993208885193
662a1846,7,2,0.9530660510063171
662a1846,7,3,0.9848764538764954
662a1846,7,4,0.9730880856513977
662a1846,7,5,0.9696595668792725
662a1846,7,6,0.9019269943237305
662a1846,7,7,0.9999999403953552
662a1846,7,8,0.9352189302444458
662a1846,7,9,0.946891725063324
662a1846,8,1,0.9931981563568115
662a1846,8,2,0.9892621040344238
662a1846,8,3,0.9394703507423401
662a1846,8,4,0.9837514758110046
662a1846,8,5,0.9860881567001343
662a1846,8,6,0.9640797972679138
662a1846,8,7,0.9352189302444458
662a1846,8,8,1.0
662a1846,8,9,0.9869803786277771
662a1846,9,1,0.991096019744873
662a1846,9,2,0.9893103837966919
662a1846,9,3,0.9457060098648071
662a1846,9,4,0.9898157119750977
662a1846,9,5,0.9746922254562378
662a1846,9,6,0.9276196956634521
662a1846,9,7,0.946891725063324
662a1846,9,8,0.9869803786277771
662a1846,9,9,1.0
68c879f2,1,1,1.0
68c879f2,1,2,0.9896059632301331
68c879f2,2,1,0.9896059632301331
68c879f2,2,2,1.0
6acd353f,1,1,1.0
6acd353f,1,2,0.9947410821914673
6acd353f,1,3,0.9922975301742554
6acd353f,1,4,0.9950578808784485
6acd353f,2,1,0.9947410821914673
6acd353f,2,2,1.0
6acd353f,2,3,0.9851147532463074
6acd353f,2,4,0.9932436943054199
6acd353f,3,1,0.9922975301742554
6acd353f,3,2,0.9851147532463074
6acd353f,3,3,1.0
6acd353f,3,4,0.9958416819572449
6acd353f,4,1,0.9950578808784485
6acd353f,4,2,0.9932436943054199
6acd353f,4,3,0.9958416819572449
6acd353f,4,4,0.9999999403953552
6ad44b86,1,1,1.0000001192092896
6ad44b86,1,2,0.9868085384368896
6ad44b86,1,3,0.9972295165061951
6ad44b86,1,4,0.9852413535118103
6ad44b86,1,5,0.9975136518478394
6ad44b86,1,6,0.9880601167678833
6ad44b86,1,7,0.9807996153831482
6ad44b86,2,1,0.9868085384368896
6ad44b86,2,2,1.0
6ad44b86,2,3,0.9814671277999878
6ad44b86,2,4,0.9692302942276001
6ad44b86,2,5,0.9876236915588379
6ad44b86,2,6,0.9735279679298401
6ad44b86,2,7,0.9666468501091003
6ad44b86,3,1,0.9972295165061951
6ad44b86,3,2,0.9814671277999878
6ad44b86,3,3,1.0
6ad44b86,3,4,0.9929366111755371
6ad44b86,3,5,0.9979249238967896
6ad44b86,3,6,0.9940181970596313
6ad44b86,3,7,0.9767804145812988
6ad44b86,4,1,0.9852413535118103
6ad44b86,4,2,0.9692302942276001
6ad44b86,4,3,0.9929366111755371
6ad44b86,4,4,0.9999998807907104
6ad44b86,4,5,0.991100549697876
6ad44b86,4,6,0.9992854595184326
6ad44b86,4,7,0.9723566770553589
6ad44b86,5,1,0.9975136518478394
6ad44b86,5,2,0.9876236915588379
6ad44b86,5,3,0.9979249238967896
6ad44b86,5,4,0.991100549697876
6ad44b86,5,5,1.0
6ad44b86,5,6,0.9936200976371765
6ad44b86,5,7,0.9794740080833435
6ad44b86,6,1,0.9880601167678833
6ad44b86,6,2,0.9735279679298401
6ad44b86,6,3,0.9940181970596313
6ad44b86,6,4,0.9992854595184326
6ad44b86,6,5,0.9936200976371765
6ad44b86,6,6,1.0
6ad44b86,6,7,0.9776766896247864
6ad44b86,7,1,0.9807996153831482
6ad44b86,7,2,0.9666468501091003
6ad44b86,7,3,0.9767804145812988
6ad44b86,7,4,0.9723566770553589
6ad44b86,7,5,0.9794740080833435
6ad44b86,7,6,0.9776766896247864
6ad44b86,7,7,1.0
6da17988,1,1,1.0
6da17988,1,2,0.9931211471557617
6da17988,1,3,0.9952396750450134
6da17988,1,4,0.9987905025482178
6da17988,1,5,0.9912187457084656
6da17988,1,6,0.9954136610031128
6da17988,1,7,0.9950592517852783
6da17988,1,8,0.9930413365364075
6da17988,2,1,0.9931211471557617
6da17988,2,2,0.9999998211860657
6da17988,2,3,0.9984948039054871
6da17988,2,4,0.9945159554481506
6da17988,2,5,0.9981646537780762
6da17988,2,6,0.9922527074813843
6da17988,2,7,0.9885009527206421
6da17988,2,8,0.9965707659721375
6da17988,3,1,0.9952396750450134
6da17988,3,2,0.9984948039054871
6da17988,3,3,1.0
6da17988,3,4,0.995608925819397
6da17988,3,5,0.9970147609710693
6da17988,3,6,0.9949733018875122
6da17988,3,7,0.9903541207313538
6da17988,3,8,0.995934784412384
6da17988,4,1,0.9987905025482178
6da17988,4,2,0.9945159554481506
6da17988,4,3,0.995608925819397
6da17988,4,4,0.9999998807907104
6da17988,4,5,0.9934148788452148
6da17988,4,6,0.9974583387374878
6da17988,4,7,0.9970443844795227
6da17988,4,8,0.9964790344238281
6da17988,5,1,0.9912187457084656
6da17988,5,2,0.9981646537780762
6da17988,5,3,0.9970147609710693
6da17988,5,4,0.9934148788452148
6da17988,5,5,0.9999999403953552
6da17988,5,6,0.9945054054260254
6da17988,5,7,0.9905734062194824
6da17988,5,8,0.9978822469711304
6da17988,6,1,0.9954136610031128
6da17988,6,2,0.9922527074813843
6da17988,6,3,0.9949733018875122
6da17988,6,4,0.9974583387374878
6da17988,6,5,0.9945054054260254
6da17988,6,6,0.9999997615814209
6da17988,6,7,0.9976713061332703
6da17988,6,8,0.9969369173049927
6da17988,7,1,0.9950592517852783
6da17988,7,2,0.9885009527206421
6da17988,7,3,0.9903541207313538
6da17988,7,4,0.9970443844795227
6da17988,7,5,0.9905734062194824
6da17988,7,6,0.9976713061332703
6da17988,7,7,1.0
6da17988,7,8,0.9956177473068237
6da17988,8,1,0.9930413365364075
6da17988,8,2,0.9965707659721375
6da17988,8,3,0.995934784412384
6da17988,8,4,0.9964790344238281
6da17988,8,5,0.9978822469711304
6da17988,8,6,0.9969369173049927
6da17988,8,7,0.9956177473068237
6da17988,8,8,1.0
6f5144b6,1,1,1.0000001192092896
6f5144b6,1,2,0.9927999973297119
6f5144b6,1,3,0.9942569136619568
6f5144b6,1,4,0.9803050756454468
6f5144b6,1,5,0.9664901494979858
6f5144b6,1,6,0.9728472828865051
6f5144b6,1,7,0.9713457226753235
6f5144b6,1,8,0.9620130062103271
6f5144b6,1,9,0.927747905254364
6f5144b6,2,1,0.9927999973297119
6f5144b6,2,2,1.0
6f5144b6,2,3,0.993238091468811
6f5144b6,2,4,0.9902870655059814
6f5144b6,2,5,0.9793410897254944
6f5144b6,2,6,0.9894649386405945
6f5144b6,2,7,0.9804585576057434
6f5144b6,2,8,0.9799780249595642
6f5144b6,2,9,0.9578465223312378
6f5144b6,3,1,0.9942569136619568
6f5144b6,3,2,0.993238091468811
6f5144b6,3,3,0.9999998807907104
6f5144b6,3,4,0.9926249980926514
6f5144b6,3,5,0.9850148558616638
6f5144b6,3,6,0.9845983386039734
6f5144b6,3,7,0.9899018406867981
6f5144b6,3,8,0.9743738174438477
6f5144b6,3,9,0.9484736323356628
6f5144b6,4,1,0.9803050756454468
6f5144b6,4,2,0.9902870655059814
6f5144b6,4,3,0.9926249980926514
6f5144b6,4,4,1.0
6f5144b6,4,5,0.9901739358901978
6f5144b6,4,6,0.9906489849090576
6f5144b6,4,7,0.990275502204895
6f5144b6,4,8,0.9849883317947388
6f5144b6,4,9,0.9695565700531006
6f5144b6,5,1,0.9664901494979858
6f5144b6,5,2,0.9793410897254944
6f5144b6,5,3,0.9850148558616638
6f5144b6,5,4,0.9901739358901978
6f5144b6,5,5,0.9999999403953552
6f5144b6,5,6,0.9944357872009277
6f5144b6,5,7,0.9972691535949707
6f5144b6,5,8,0.9819918274879456
6f5144b6,5,9,0.967802882194519
6f5144b6,6,1,0.9728472828865051
6f5144b6,6,2,0.9894649386405945
6f5144b6,6,3,0.9845983386039734
6f5144b6,6,4,0.9906489849090576
6f5144b6,6,5,0.9944357872009277
6f5144b6,6,6,1.0
6f5144b6,6,7,0.9903990030288696
6f5144b6,6,8,0.9845541715621948
6f5144b6,6,9,0.9697349071502686
6f5144b6,7,1,0.9713457226753235
6f5144b6,7,2,0.9804585576057434
6f5144b6,7,3,0.9899018406867981
6f5144b6,7,4,0.990275502204895
6f5144b6,7,5,0.9972691535949707
6f5144b6,7,6,0.9903990030288696
6f5144b6,7,7,0.9999998807907104
6f5144b6,7,8,0.9751030206680298
6f5144b6,7,9,0.9620152711868286
6f5144b6,8,1,0.9620130062103271
6f5144b6,8,2,0.9799780249595642
6f5144b6,8,3,0.9743738174438477
6f5144b6,8,4,0.9849883317947388
6f5144b6,8,5,0.9819918274879456
6f5144b6,8,6,0.9845541715621948
6f5144b6,8,7,0.9751030206680298
6f5144b6,8,8,1.0
6f5144b6,8,9,0.9863718748092651
6f5144b6,9,1,0.927747905254364
6f5144b6,9,2,0.9578465223312378
6f5144b6,9,3,0.9484736323356628
6f5144b6,9,4,0.9695565700531006
6f5144b6,9,5,0.967802882194519
6f5144b6,9,6,0.9697349071502686
6f5144b6,9,7,0.9620152711868286
6f5144b6,9,8,0.9863718748092651
6f5144b6,9,9,1.0
6fl146dc,1,1,1.0
6fl146dc,1,2,0.981797993183136
6fl146dc,2,1,0.981797993183136
6fl146dc,2,2,0.9999998807907104
6t0fk8k0,1,1,1.0
6t0fk8k0,1,2,0.9748505353927612
6t0fk8k0,1,3,0.977501630783081
6t0fk8k0,1,4,0.9569621086120605
6t0fk8k0,1,5,0.9603451490402222
6t0fk8k0,2,1,0.9748505353927612
6t0fk8k0,2,2,1.0
6t0fk8k0,2,3,0.9857600927352905
6t0fk8k0,2,4,0.951060950756073
6t0fk8k0,2,5,0.9790693521499634
6t0fk8k0,3,1,0.977501630783081
6t0fk8k0,3,2,0.9857600927352905
6t0fk8k0,3,3,1.0
6t0fk8k0,3,4,0.9531716108322144
6t0fk8k0,3,5,0.9515936374664307
6t0fk8k0,4,1,0.9569621086120605
6t0fk8k0,4,2,0.951060950756073
6t0fk8k0,4,3,0.9531716108322144
6t0fk8k0,4,4,0.9999999403953552
6t0fk8k0,4,5,0.8982332348823547
6t0fk8k0,5,1,0.9603451490402222
6t0fk8k0,5,2,0.9790693521499634
6t0fk8k0,5,3,0.9515936374664307
6t0fk8k0,5,4,0.8982332348823547
6t0fk8k0,5,5,1.0
6uspxt1h,1,1,1.0
6uspxt1h,1,2,0.9764765501022339
6uspxt1h,2,1,0.9764765501022339
6uspxt1h,2,2,1.0
70bcaf68,1,1,0.9999999403953552
70bcaf68,1,2,0.9876105785369873
70bcaf68,1,3,0.9766477942466736
70bcaf68,1,4,0.984736979007721
70bcaf68,2,1,0.9876105785369873
70bcaf68,2,2,1.0
70bcaf68,2,3,0.9954752326011658
70bcaf68,2,4,0.9943080544471741
70bcaf68,3,1,0.9766477942466736
70bcaf68,3,2,0.9954752326011658
70bcaf68,3,3,1.0000001192092896
70bcaf68,3,4,0.985012412071228
70bcaf68,4,1,0.984736979007721
70bcaf68,4,2,0.9943080544471741
70bcaf68,4,3,0.985012412071228
70bcaf68,4,4,1.0
723fd024,1,1,1.0
723fd024,1,2,0.9967817068099976
723fd024,2,1,0.9967817068099976
723fd024,2,2,1.0
75bagjky,1,1,0.9999998807907104
75bagjky,1,2,0.9936057329177856
75bagjky,2,1,0.9936057329177856
75bagjky,2,2,0.9999999403953552
77110e80,1,1,1.0000001192092896
77110e80,1,2,0.9956121444702148
77110e80,1,3,0.9830999970436096
77110e80,1,4,0.9840162396430969
77110e80,1,5,0.9663880467414856
77110e80,1,6,0.9692807197570801
77110e80,2,1,0.9956121444702148
77110e80,2,2,1.0
77110e80,2,3,0.9850789308547974
77110e80,2,4,0.9886713027954102
77110e80,2,5,0.9618192315101624
77110e80,2,6,0.9805216789245605
77110e80,3,1,0.9830999970436096
77110e80,3,2,0.9850789308547974
77110e80,3,3,0.9999998807907104
77110e80,3,4,0.99883633852005
77110e80,3,5,0.9845099449157715
77110e80,3,6,0.9726041555404663
77110e80,4,1,0.9840162396430969
77110e80,4,2,0.9886713027954102
77110e80,4,3,0.99883633852005
77110e80,4,4,1.0000001192092896
77110e80,4,5,0.9785113334655762
77110e80,4,6,0.9753236174583435
77110e80,5,1,0.9663880467414856
77110e80,5,2,0.9618192315101624
77110e80,5,3,0.9845099449157715
77110e80,5,4,0.9785113334655762
77110e80,5,5,1.0000001192092896
77110e80,5,6,0.9570094347000122
77110e80,6,1,0.9692807197570801
77110e80,6,2,0.9805216789245605
77110e80,6,3,0.9726041555404663
77110e80,6,4,0.9753236174583435
77110e80,6,5,0.9570094347000122
77110e80,6,6,1.0000001192092896
788da8e8,1,1,1.0
788da8e8,1,2,0.9057648181915283
788da8e8,1,3,0.9629181623458862
788da8e8,1,4,0.945421576499939
788da8e8,1,5,0.9249246120452881
788da8e8,1,6,0.9710842967033386
788da8e8,2,1,0.9057648181915283
788da8e8,2,2,0.9999998807907104
788da8e8,2,3,0.9655677676200867
788da8e8,2,4,0.9810541272163391
788da8e8,2,5,0.9879967570304871
788da8e8,2,6,0.9520161151885986
788da8e8,3,1,0.9629181623458862
788da8e8,3,2,0.9655677676200867
788da8e8,3,3,1.0
788da8e8,3,4,0.9950422644615173
788da8e8,3,5,0.9879856109619141
788da8e8,3,6,0.9707094430923462
788da8e8,4,1,0.945421576499939
788da8e8,4,2,0.9810541272163391
788da8e8,4,3,0.9950422644615173
788da8e8,4,4,1.0000001192092896
788da8e8,4,5,0.9953871965408325
788da8e8,4,6,0.9638752341270447
788da8e8,5,1,0.9249246120452881
788da8e8,5,2,0.9879967570304871
788da8e8,5,3,0.9879856109619141
788da8e8,5,4,0.9953871965408325
788da8e8,5,5,1.0
788da8e8,5,6,0.9596455097198486
788da8e8,6,1,0.9710842967033386
788da8e8,6,2,0.9520161151885986
788da8e8,6,3,0.9707094430923462
788da8e8,6,4,0.9638752341270447
788da8e8,6,5,0.9596455097198486
788da8e8,6,6,0.9999999403953552
797a7b7e,1,1,0.9999999403953552
797a7b7e,1,2,0.9455251097679138
797a7b7e,1,3,0.9660067558288574
797a7b7e,1,4,0.9408320784568787
797a7b7e,1,5,0.9416953921318054
797a7b7e,2,1,0.9455251097679138
797a7b7e,2,2,0.9999999403953552
797a7b7e,2,3,0.9901294112205505
797a7b7e,2,4,0.991980254650116
797a7b7e,2,5,0.9957889914512634
797a7b7e,3,1,0.9660067558288574
797a7b7e,3,2,0.9901294112205505
797a7b7e,3,3,1.0
797a7b7e,3,4,0.9918553829193115
797a7b7e,3,5,0.9892672300338745
797a7b7e,4,1,0.9408320784568787
797a7b7e,4,2,0.991980254650116
797a7b7e,4,3,0.9918553829193115
797a7b7e,4,4,1.0000001192092896
797a7b7e,4,5,0.9888597130775452
797a7b7e,5,1,0.9416953921318054
797a7b7e,5,2,0.9957889914512634
797a7b7e,5,3,0.9892672300338745
797a7b7e,5,4,0.9888597130775452
797a7b7e,5,5,1.0000001192092896
7ade3068,1,1,1.0
7ade3068,1,2,0.9755730032920837
7ade3068,2,1,0.9755730032920837
7ade3068,2,2,1.0
7b75dace,1,1,1.0000001192092896
7b75dace,1,2,0.9932748079299927
7b75dace,1,3,0.9923847913742065
7b75dace,1,4,0.9923269152641296
7b75dace,2,1,0.9932748079299927
7b75dace,2,2,1.0
7b75dace,2,3,0.9953404068946838
7b75dace,2,4,0.9905314445495605
7b75dace,3,1,0.9923847913742065
7b75dace,3,2,0.9953404068946838
7b75dace,3,3,1.0
7b75dace,3,4,0.9952659010887146
7b75dace,4,1,0.9923269152641296
7b75dace,4,2,0.9905314445495605
7b75dace,4,3,0.9952659010887146
7b75dace,4,4,1.0000001192092896
7be91184,1,1,0.9999999403953552
7be91184,1,2,0.9944832921028137
7be91184,1,3,0.9874088168144226
7be91184,1,4,0.9940574169158936
7be91184,1,5,0.9815001487731934
7be91184,1,6,0.9976267218589783
7be91184,1,7,0.9965534210205078
7be91184,1,8,0.9893849492073059
7be91184,1,9,0.9885565638542175
7be91184,1,10,0.9634646773338318
7be91184,1,11,0.9834736585617065
7be91184,2,1,0.9944832921028137
7be91184,2,2,0.9999998807907104
7be91184,2,3,0.9939342737197876
7be91184,2,4,0.9977014064788818
7be91184,2,5,0.9894990921020508
7be91184,2,6,0.991665780544281
7be91184,2,7,0.99083411693573
7be91184,2,8,0.9929757118225098
7be91184,2,9,0.9804698824882507
7be91184,2,10,0.9596892595291138
7be91184,2,11,0.9931278228759766
7be91184,3,1,0.9874088168144226
7be91184,3,2,0.9939342737197876
7be91184,3,3,1.0
7be91184,3,4,0.9958086013793945
7be91184,3,5,0.9966245293617249
7be91184,3,6,0.9880914688110352
7be91184,3,7,0.9882102012634277
7be91184,3,8,0.9959040284156799
7be91184,3,9,0.9829230308532715
7be91184,3,10,0.9739476442337036
7be91184,3,11,0.9967669248580933
7be91184,4,1,0.9940574169158936
7be91184,4,2,0.9977014064788818
7be91184,4,3,0.9958086013793945
7be91184,4,4,1.0000001192092896
7be91184,4,5,0.9929715991020203
7be91184,4,6,0.9905505776405334
7be91184,4,7,0.9912265539169312
7be91184,4,8,0.9957290887832642
7be91184,4,9,0.9821486473083496
7be91184,4,10,0.9641950726509094
7be91184,4,11,0.995162308216095
7be91184,5,1,0.9815001487731934
7be91184,5,2,0.9894990921020508
7be91184,5,3,0.9966245293617249
7be91184,5,4,0.9929715991020203
7be91184,5,5,1.0
7be91184,5,6,0.981139600276947
7be91184,5,7,0.9857956767082214
7be91184,5,8,0.9977244734764099
7be91184,5,9,0.9797176122665405
7be91184,5,10,0.9607756733894348
7be91184,5,11,0.9949100017547607
7be91184,6,1,0.9976267218589783
7be91184,6,2,0.991665780544281
7be91184,6,3,0.9880914688110352
7be91184,6,4,0.9905505776405334
7be91184,6,5,0.981139600276947
7be91184,6,6,1.0
7be91184,6,7,0.9980850219726562
7be91184,6,8,0.9889880418777466
7be91184,6,9,0.994802713394165
7be91184,6,10,0.9728410243988037
7be91184,6,11,0.9835253357887268
7be91184,7,1,0.9965534210205078
7be91184,7,2,0.99083411693573
7be91184,7,3,0.9882102012634277
7be91184,7,4,0.9912265539169312
7be91184,7,5,0.9857956767082214
7be91184,7,6,0.9980850219726562
7be91184,7,7,0.9999998807907104
7be91184,7,8,0.9935235977172852
7be91184,7,9,0.9955684542655945
7be91184,7,10,0.9655793905258179
7be91184,7,11,0.9843900799751282
7be91184,8,1,0.9893849492073059
7be91184,8,2,0.9929757118225098
7be91184,8,3,0.9959040284156799
7be91184,8,4,0.9957290887832642
7be91184,8,5,0.9977244734764099
7be91184,8,6,0.9889880418777466
7be91184,8,7,0.9935235977172852
7be91184,8,8,1.0
7be91184,8,9,0.98720383644104
7be91184,8,10,0.9622383117675781
7be91184,8,11,0.9942772388458252
7be91184,9,1,0.9885565638542175
7be91184,9,2,0.9804698824882507
7be91184,9,3,0.9829230308532715
7be91184,9,4,0.9821486473083496
7be91184,9,5,0.9797176122665405
7be91184,9,6,0.994802713394165
7be91184,9,7,0.9955684542655945
7be91184,9,8,0.98720383644104
7be91184,9,9,1.0
7be91184,9,10,0.9773075580596924
7be91184,9,11,0.9787522554397583
7be91184,10,1,0.9634646773338318
7be91184,10,2,0.9596892595291138
7be91184,10,3,0.9739476442337036
7be91184,10,4,0.9641950726509094
7be91184,10,5,0.9607756733894348
7be91184,10,6,0.9728410243988037
7be91184,10,7,0.9655793905258179
7be91184,10,8,0.9622383117675781
7be91184,10,9,0.9773075580596924
7be91184,10,10,1.0000001192092896
7be91184,10,11,0.9703060388565063
7be91184,11,1,0.9834736585617065
7be91184,11,2,0.9931278228759766
7be91184,11,3,0.9967669248580933
7be91184,11,4,0.995162308216095
7be91184,11,5,0.9949100017547607
7be91184,11,6,0.9835253357887268
7be91184,11,7,0.9843900799751282
7be91184,11,8,0.9942772388458252
7be91184,11,9,0.9787522554397583
7be91184,11,10,0.9703060388565063
7be91184,11,11,0.9999999403953552
7bfe9b57,1,1,1.0000001192092896
7bfe9b57,1,2,0.9921688437461853
7bfe9b57,1,3,0.9921576976776123
7bfe9b57,1,4,0.9775682091712952
7bfe9b57,1,5,0.9938186407089233
7bfe9b57,1,6,0.9949353337287903
7bfe9b57,1,7,0.9977014064788818
7bfe9b57,2,1,0.9921688437461853
7bfe9b57,2,2,1.0
7bfe9b57,2,3,0.9847878813743591
7bfe9b57,2,4,0.9722828269004822
7bfe9b57,2,5,0.9929199814796448
7bfe9b57,2,6,0.9904426336288452
7bfe9b57,2,7,0.994810938835144
7bfe9b57,3,1,0.9921576976776123
7bfe9b57,3,2,0.9847878813743591
7bfe9b57,3,3,1.0
7bfe9b57,3,4,0.994130551815033
7bfe9b57,3,5,0.9943999648094177
7bfe9b57,3,6,0.9929654002189636
7bfe9b57,3,7,0.9908119440078735
7bfe9b57,4,1,0.9775682091712952
7bfe9b57,4,2,0.9722828269004822
7bfe9b57,4,3,0.994130551815033
7bfe9b57,4,4,1.0000001192092896
7bfe9b57,4,5,0.9864888191223145
7bfe9b57,4,6,0.9768518805503845
7bfe9b57,4,7,0.9762810468673706
7bfe9b57,5,1,0.9938186407089233
7bfe9b57,5,2,0.9929199814796448
7bfe9b57,5,3,0.9943999648094177
7bfe9b57,5,4,0.9864888191223145
7bfe9b57,5,5,1.0
7bfe9b57,5,6,0.9926469922065735
7bfe9b57,5,7,0.9943428039550781
7bfe9b57,6,1,0.9949353337287903
7bfe9b57,6,2,0.9904426336288452
7bfe9b57,6,3,0.9929654002189636
7bfe9b57,6,4,0.9768518805503845
7bfe9b57,6,5,0.9926469922065735
7bfe9b57,6,6,1.0
7bfe9b57,6,7,0.9926469922065735
7bfe9b57,7,1,0.9977014064788818
7bfe9b57,7,2,0.994810938835144
7bfe9b57,7,3,0.9908119440078735
7bfe9b57,7,4,0.9762810468673706
7bfe9b57,7,5,0.9943428039550781
7bfe9b57,7,6,0.9926469922065735
7bfe9b57,7,7,1.0
7dctqmif,1,1,1.0
7dctqmif,1,2,0.9571155309677124
7dctqmif,1,3,0.9861145615577698
7dctqmif,2,1,0.9571155309677124
7dctqmif,2,2,0.9999998807907104
7dctqmif,2,3,0.9824689626693726
7dctqmif,3,1,0.9861145615577698
7dctqmif,3,2,0.9824689626693726
7dctqmif,3,3,0.9999999403953552
7e709e2d,1,1,1.0
7e709e2d,1,2,0.9916099905967712
7e709e2d,2,1,0.9916099905967712
7e709e2d,2,2,0.9999998211860657
7edd8b4f,1,1,1.0
7edd8b4f,1,2,0.9934961795806885
7edd8b4f,1,3,0.9314820766448975
7edd8b4f,1,4,0.9284628629684448
7edd8b4f,1,5,0.9926584362983704
7edd8b4f,2,1,0.9934961795806885
7edd8b4f,2,2,0.9999998807907104
7edd8b4f,2,3,0.9621245265007019
7edd8b4f,2,4,0.9589188098907471
7edd8b4f,2,5,0.9951088428497314
7edd8b4f,3,1,0.9314820766448975
7edd8b4f,3,2,0.9621245265007019
7edd8b4f,3,3,1.0
7edd8b4f,3,4,0.9962737560272217
7edd8b4f,3,5,0.9494792222976685
7edd8b4f,4,1,0.9284628629684448
7edd8b4f,4,2,0.9589188098907471
7edd8b4f,4,3,0.9962737560272217
7edd8b4f,4,4,1.0000001192092896
7edd8b4f,4,5,0.9478020668029785
7edd8b4f,5,1,0.9926584362983704
7edd8b4f,5,2,0.9951088428497314
7edd8b4f,5,3,0.9494792222976685
7edd8b4f,5,4,0.9478020668029785
7edd8b4f,5,5,0.9999998211860657
7kj92j8k,1,1,1.0000001192092896
7kj92j8k,1,2,0.9758875370025635
7kj92j8k,2,1,0.9758875370025635
7kj92j8k,2,2,1.0000001192092896
7ogfnlwi,1,1,1.0
7ogfnlwi,1,2,0.971592903137207
7ogfnlwi,1,3,0.9907581806182861
7ogfnlwi,2,1,0.971592903137207
7ogfnlwi,2,2,1.0
7ogfnlwi,2,3,0.9893051385879517
7ogfnlwi,3,1,0.9907581806182861
7ogfnlwi,3,2,0.9893051385879517
7ogfnlwi,3,3,1.0
7ql545cz,1,1,0.9999999403953552
7ql545cz,1,2,0.996294379234314
7ql545cz,1,3,0.9737598299980164
7ql545cz,1,4,0.993705153465271
7ql545cz,1,5,0.9978702664375305
7ql545cz,1,6,0.9927992820739746
7ql545cz,2,1,0.996294379234314
7ql545cz,2,2,0.9999998807907104
7ql545cz,2,3,0.9734103679656982
7ql545cz,2,4,0.9976672530174255
7ql545cz,2,5,0.9946326017379761
7ql545cz,2,6,0.991104781627655
7ql545cz,3,1,0.9737598299980164
7ql545cz,3,2,0.9734103679656982
7ql545cz,3,3,1.0
7ql545cz,3,4,0.9810664057731628
7ql545cz,3,5,0.9749687314033508
7ql545cz,3,6,0.9863905906677246
7ql545cz,4,1,0.993705153465271
7ql545cz,4,2,0.9976672530174255
7ql545cz,4,3,0.9810664057731628
7ql545cz,4,4,1.0000001192092896
7ql545cz,4,5,0.9946520924568176
7ql545cz,4,6,0.994307816028595
7ql545cz,5,1,0.9978702664375305
7ql545cz,5,2,0.9946326017379761
7ql545cz,5,3,0.9749687314033508
7ql545cz,5,4,0.9946520924568176
7ql545cz,5,5,0.9999999403953552
7ql545cz,5,6,0.9910669326782227
7ql545cz,6,1,0.9927992820739746
7ql545cz,6,2,0.991104781627655
7ql545cz,6,3,0.9863905906677246
7ql545cz,6,4,0.994307816028595
7ql545cz,6,5,0.9910669326782227
7ql545cz,6,6,0.9999999403953552
7sro7l05,1,1,1.0
7sro7l05,1,2,0.99701327085495
7sro7l05,2,1,0.99701327085495
7sro7l05,2,2,1.000000238418579
7vw4tnzi,1,1,1.0
7vw4tnzi,1,2,0.9786141514778137
7vw4tnzi,1,3,0.9888774156570435
7vw4tnzi,2,1,0.9786141514778137
7vw4tnzi,2,2,1.0
7vw4tnzi,2,3,0.9914087057113647
7vw4tnzi,3,1,0.9888774156570435
7vw4tnzi,3,2,0.9914087057113647
7vw4tnzi,3,3,1.0000001192092896
7wutyllc,1,1,0.9999999403953552
7wutyllc,1,2,0.9656305909156799
7wutyllc,1,3,0.9750722050666809
7wutyllc,2,1,0.9656305909156799
7wutyllc,2,2,1.0000001192092896
7wutyllc,2,3,0.9598883390426636
7wutyllc,3,1,0.9750722050666809
7wutyllc,3,2,0.9598883390426636
7wutyllc,3,3,1.0000001192092896
8036b58e,1,1,1.0000001192092896
8036b58e,1,2,0.993807315826416
8036b58e,1,3,0.9945849776268005
8036b58e,1,4,0.9904449582099915
8036b58e,1,5,0.9305490255355835
8036b58e,1,6,0.9661468863487244
8036b58e,2,1,0.993807315826416
8036b58e,2,2,0.9999999403953552
8036b58e,2,3,0.993038535118103
8036b58e,2,4,0.9972039461135864
8036b58e,2,5,0.9294285178184509
8036b58e,2,6,0.9761602878570557
8036b58e,3,1,0.9945849776268005
8036b58e,3,2,0.993038535118103
8036b58e,3,3,0.9999999403953552
8036b58e,3,4,0.9913271069526672
8036b58e,3,5,0.9311962723731995
8036b58e,3,6,0.9580045938491821
8036b58e,4,1,0.9904449582099915
8036b58e,4,2,0.9972039461135864
8036b58e,4,3,0.9913271069526672
8036b58e,4,4,1.0
8036b58e,4,5,0.9463315010070801
8036b58e,4,6,0.9812753796577454
8036b58e,5,1,0.9305490255355835
8036b58e,5,2,0.9294285178184509
8036b58e,5,3,0.9311962723731995
8036b58e,5,4,0.9463315010070801
8036b58e,5,5,1.0000001192092896
8036b58e,5,6,0.9648092985153198
8036b58e,6,1,0.9661468863487244
8036b58e,6,2,0.9761602878570557
8036b58e,6,3,0.9580045938491821
8036b58e,6,4,0.9812753796577454
8036b58e,6,5,0.9648092985153198
8036b58e,6,6,1.0
80a7cf7b,1,1,1.0
80a7cf7b,1,2,0.9782838225364685
80a7cf7b,1,3,0.9904224872589111
80a7cf7b,1,4,0.9772889018058777
80a7cf7b,1,5,0.9647015333175659
80a7cf7b,1,6,0.9632747769355774
80a7cf7b,1,7,0.9029710292816162
80a7cf7b,2,1,0.9782838225364685
80a7cf7b,2,2,1.0
80a7cf7b,2,3,0.9808130860328674
80a7cf7b,2,4,0.9924145340919495
80a7cf7b,2,5,0.9576523303985596
80a7cf7b,2,6,0.9719423055648804
80a7cf7b,2,7,0.908315896987915
80a7cf7b,3,1,0.9904224872589111
80a7cf7b,3,2,0.9808130860328674
80a7cf7b,3,3,1.0000001192092896
80a7cf7b,3,4,0.9918330907821655
80a7cf7b,3,5,0.9889895915985107
80a7cf7b,3,6,0.9877862334251404
80a7cf7b,3,7,0.9344277381896973
80a7cf7b,4,1,0.9772889018058777
80a7cf7b,4,2,0.9924145340919495
80a7cf7b,4,3,0.9918330907821655
80a7cf7b,4,4,1.0000001192092896
80a7cf7b,4,5,0.982275664806366
80a7cf7b,4,6,0.9927594065666199
80a7cf7b,4,7,0.9418970346450806
80a7cf7b,5,1,0.9647015333175659
80a7cf7b,5,2,0.9576523303985596
80a7cf7b,5,3,0.9889895915985107
80a7cf7b,5,4,0.982275664806366
80a7cf7b,5,5,0.9999998807907104
80a7cf7b,5,6,0.9941663146018982
80a7cf7b,5,7,0.9679380059242249
80a7cf7b,6,1,0.9632747769355774
80a7cf7b,6,2,0.9719423055648804
80a7cf7b,6,3,0.9877862334251404
80a7cf7b,6,4,0.9927594065666199
80a7cf7b,6,5,0.9941663146018982
80a7cf7b,6,6,0.9999999403953552
80a7cf7b,6,7,0.9675660133361816
80a7cf7b,7,1,0.9029710292816162
80a7cf7b,7,2,0.908315896987915
80a7cf7b,7,3,0.9344277381896973
80a7cf7b,7,4,0.9418970346450806
80a7cf7b,7,5,0.9679380059242249
80a7cf7b,7,6,0.9675660133361816
80a7cf7b,7,7,1.0000001192092896
81fdc526,1,1,1.0
81fdc526,1,2,0.9948886036872864
81fdc526,1,3,0.9946187734603882
81fdc526,1,4,0.9978589415550232
81fdc526,1,5,0.9935043454170227
81fdc526,1,6,0.9877689480781555
81fdc526,1,7,0.9937648177146912
81fdc526,1,8,0.9825551509857178
81fdc526,1,9,0.9893032312393188
81fdc526,1,10,0.9890785217285156
81fdc526,2,1,0.9948886036872864
81fdc526,2,2,1.0
81fdc526,2,3,0.9929277896881104
81fdc526,2,4,0.9973750710487366
81fdc526,2,5,0.9928680658340454
81fdc526,2,6,0.9872432351112366
81fdc526,2,7,0.9881908893585205
81fdc526,2,8,0.9756312370300293
81fdc526,2,9,0.9801616072654724
81fdc526,2,10,0.9801952838897705
81fdc526,3,1,0.9946187734603882
81fdc526,3,2,0.9929277896881104
81fdc526,3,3,1.0
81fdc526,3,4,0.996840238571167
81fdc526,3,5,0.9900431632995605
81fdc526,3,6,0.9910656809806824
81fdc526,3,7,0.9967262744903564
81fdc526,3,8,0.9805979132652283
81fdc526,3,9,0.9814961552619934
81fdc526,3,10,0.9872022271156311
81fdc526,4,1,0.9978589415550232
81fdc526,4,2,0.9973750710487366
81fdc526,4,3,0.996840238571167
81fdc526,4,4,0.9999999403953552
81fdc526,4,5,0.9949082732200623
81fdc526,4,6,0.9915403127670288
81fdc526,4,7,0.9938838481903076
81fdc526,4,8,0.982069730758667
81fdc526,4,9,0.9862449765205383
81fdc526,4,10,0.9876126050949097
81fdc526,5,1,0.9935043454170227
81fdc526,5,2,0.9928680658340454
81fdc526,5,3,0.9900431632995605
81fdc526,5,4,0.9949082732200623
81fdc526,5,5,1.0
81fdc526,5,6,0.9965188503265381
81fdc526,5,7,0.9924180507659912
81fdc526,5,8,0.9935277104377747
81fdc526,5,9,0.9952059984207153
81fdc526,5,10,0.9940596222877502
81fdc526,6,1,0.9877689480781555
81fdc526,6,2,0.9872432351112366
81fdc526,6,3,0.9910656809806824
81fdc526,6,4,0.9915403127670288
81fdc526,6,5,0.9965188503265381
81fdc526,6,6,0.9999998807907104
81fdc526,6,7,0.9952336549758911
81fdc526,6,8,0.9953116178512573
81fdc526,6,9,0.9915536642074585
81fdc526,6,10,0.9940393567085266
81fdc526,7,1,0.9937648177146912
81fdc526,7,2,0.9881908893585205
81fdc526,7,3,0.9967262744903564
81fdc526,7,4,0.9938838481903076
81fdc526,7,5,0.9924180507659912
81fdc526,7,6,0.9952336549758911
81fdc526,7,7,1.0
81fdc526,7,8,0.9903507232666016
81fdc526,7,9,0.9892206192016602
81fdc526,7,10,0.9933586120605469
81fdc526,8,1,0.9825551509857178
81fdc526,8,2,0.9756312370300293
81fdc526,8,3,0.9805979132652283
81fdc526,8,4,0.982069730758667
81fdc526,8,5,0.9935277104377747
81fdc526,8,6,0.9953116178512573
81fdc526,8,7,0.9903507232666016
81fdc526,8,8,1.0000001192092896
81fdc526,8,9,0.996686577796936
81fdc526,8,10,0.9966598749160767
81fdc526,9,1,0.9893032312393188
81fdc526,9,2,0.9801616072654724
81fdc526,9,3,0.9814961552619934
81fdc526,9,4,0.9862449765205383
81fdc526,9,5,0.9952059984207153
81fdc526,9,6,0.9915536642074585
81fdc526,9,7,0.9892206192016602
81fdc526,9,8,0.996686577796936
81fdc526,9,9,1.0
81fdc526,9,10,0.9974300861358643
81fdc526,10,1,0.9890785217285156
81fdc526,10,2,0.9801952838897705
81fdc526,10,3,0.9872022271156311
81fdc526,10,4,0.9876126050949097
81fdc526,10,5,0.9940596222877502
81fdc526,10,6,0.9940393567085266
81fdc526,10,7,0.9933586120605469
81fdc526,10,8,0.9966598749160767
81fdc526,10,9,0.9974300861358643
81fdc526,10,10,1.0000001192092896
8248698e,1,1,0.9999999403953552
8248698e,1,2,0.994896650314331
8248698e,1,3,0.9972635507583618
8248698e,1,4,0.989535391330719
8248698e,1,5,0.995525598526001
8248698e,1,6,0.9923396110534668
8248698e,1,7,0.9962680339813232
8248698e,2,1,0.994896650314331
8248698e,2,2,0.9999998807907104
8248698e,2,3,0.9967511892318726
8248698e,2,4,0.9899956583976746
8248698e,2,5,0.9914783835411072
8248698e,2,6,0.985121488571167
8248698e,2,7,0.9956427216529846
8248698e,3,1,0.9972635507583618
8248698e,3,2,0.9967511892318726
8248698e,3,3,1.0
8248698e,3,4,0.9941456913948059
8248698e,3,5,0.9950088262557983
8248698e,3,6,0.9899585247039795
8248698e,3,7,0.9952887296676636
8248698e,4,1,0.989535391330719
8248698e,4,2,0.9899956583976746
8248698e,4,3,0.9941456913948059
8248698e,4,4,0.9999999403953552
8248698e,4,5,0.9910898804664612
8248698e,4,6,0.9919057488441467
8248698e,4,7,0.9868119955062866
8248698e,5,1,0.995525598526001
8248698e,5,2,0.9914783835411072
8248698e,5,3,0.9950088262557983
8248698e,5,4,0.9910898804664612
8248698e,5,5,0.9999998807907104
8248698e,5,6,0.9965103268623352
8248698e,5,7,0.9869455099105835
8248698e,6,1,0.9923396110534668
8248698e,6,2,0.985121488571167
8248698e,6,3,0.9899585247039795
8248698e,6,4,0.9919057488441467
8248698e,6,5,0.9965103268623352
8248698e,6,6,1.0
8248698e,6,7,0.983586311340332
8248698e,7,1,0.9962680339813232
8248698e,7,2,0.9956427216529846
8248698e,7,3,0.9952887296676636
8248698e,7,4,0.9868119955062866
8248698e,7,5,0.9869455099105835
8248698e,7,6,0.983586311340332
8248698e,7,7,1.0000001192092896
82667d52,1,1,1.0
82667d52,1,2,0.9956866502761841
82667d52,1,3,0.9880951642990112
82667d52,1,4,0.9880980253219604
82667d52,1,5,0.9812213182449341
82667d52,1,6,0.9865627884864807
82667d52,1,7,0.9927639961242676
82667d52,1,8,0.9895147085189819
82667d52,1,9,0.9834754467010498
82667d52,1,10,0.967098593711853
82667d52,2,1,0.9956866502761841
82667d52,2,2,1.0
82667d52,2,3,0.9927639365196228
82667d52,2,4,0.9965931177139282
82667d52,2,5,0.9876106381416321
82667d52,2,6,0.9817157983779907
82667d52,2,7,0.9954202175140381
82667d52,2,8,0.9928113222122192
82667d52,2,9,0.9915658235549927
82667d52,2,10,0.9801121354103088
82667d52,3,1,0.9880951642990112
82667d52,3,2,0.9927639365196228
82667d52,3,3,1.0
82667d52,3,4,0.9897519946098328
82667d52,3,5,0.9936398863792419
82667d52,3,6,0.97257000207901
82667d52,3,7,0.9863894581794739
82667d52,3,8,0.9866217374801636
82667d52,3,9,0.986351728439331
82667d52,3,10,0.9812313914299011
82667d52,4,1,0.9880980253219604
82667d52,4,2,0.9965931177139282
82667d52,4,3,0.9897519946098328
82667d52,4,4,1.0
82667d52,4,5,0.9830520153045654
82667d52,4,6,0.9656001329421997
82667d52,4,7,0.9896848201751709
82667d52,4,8,0.9878336787223816
82667d52,4,9,0.986173689365387
82667d52,4,10,0.9801627993583679
82667d52,5,1,0.9812213182449341
82667d52,5,2,0.9876106381416321
82667d52,5,3,0.9936398863792419
82667d52,5,4,0.9830520153045654
82667d52,5,5,1.0000001192092896
82667d52,5,6,0.969822108745575
82667d52,5,7,0.9784612059593201
82667d52,5,8,0.9790762066841125
82667d52,5,9,0.991492748260498
82667d52,5,10,0.9905993938446045
82667d52,6,1,0.9865627884864807
82667d52,6,2,0.9817157983779907
82667d52,6,3,0.97257000207901
82667d52,6,4,0.9656001329421997
82667d52,6,5,0.969822108745575
82667d52,6,6,1.0
82667d52,6,7,0.9894351959228516
82667d52,6,8,0.9873982667922974
82667d52,6,9,0.9814594388008118
82667d52,6,10,0.959252119064331
82667d52,7,1,0.9927639961242676
82667d52,7,2,0.9954202175140381
82667d52,7,3,0.9863894581794739
82667d52,7,4,0.9896848201751709
82667d52,7,5,0.9784612059593201
82667d52,7,6,0.9894351959228516
82667d52,7,7,0.9999998807907104
82667d52,7,8,0.9986464381217957
82667d52,7,9,0.9900779128074646
82667d52,7,10,0.9753800630569458
82667d52,8,1,0.9895147085189819
82667d52,8,2,0.9928113222122192
82667d52,8,3,0.9866217374801636
82667d52,8,4,0.9878336787223816
82667d52,8,5,0.9790762066841125
82667d52,8,6,0.9873982667922974
82667d52,8,7,0.9986464381217957
82667d52,8,8,1.0
82667d52,8,9,0.9913817048072815
82667d52,8,10,0.9799463748931885
82667d52,9,1,0.9834754467010498
82667d52,9,2,0.9915658235549927
82667d52,9,3,0.986351728439331
82667d52,9,4,0.986173689365387
82667d52,9,5,0.991492748260498
82667d52,9,6,0.9814594388008118
82667d52,9,7,0.9900779128074646
82667d52,9,8,0.9913817048072815
82667d52,9,9,1.0000001192092896
82667d52,9,10,0.9933944940567017
82667d52,10,1,0.967098593711853
82667d52,10,2,0.9801121354103088
82667d52,10,3,0.9812313914299011
82667d52,10,4,0.9801627993583679
82667d52,10,5,0.9905993938446045
82667d52,10,6,0.959252119064331
82667d52,10,7,0.9753800630569458
82667d52,10,8,0.9799463748931885
82667d52,10,9,0.9933944940567017
82667d52,10,10,1.0000001192092896
82df0888,1,1,1.0000001192092896
82df0888,1,2,0.9389792084693909
82df0888,2,1,0.9389792084693909
82df0888,2,2,0.9999999403953552
83b7c53c,1,1,1.0
83b7c53c,1,2,0.9734976291656494
83b7c53c,1,3,0.9928936958312988
83b7c53c,1,4,0.9860498905181885
83b7c53c,2,1,0.9734976291656494
83b7c53c,2,2,1.0
83b7c53c,2,3,0.9681891202926636
83b7c53c,2,4,0.9947361350059509
83b7c53c,3,1,0.9928936958312988
83b7c53c,3,2,0.9681891202926636
83b7c53c,3,3,0.9999998807907104
83b7c53c,3,4,0.9863934516906738
83b7c53c,4,1,0.9860498905181885
83b7c53c,4,2,0.9947361350059509
83b7c53c,4,3,0.9863934516906738
83b7c53c,4,4,1.0000001192092896
83fko2hp,1,1,1.0
83fko2hp,1,2,0.9612962007522583
83fko2hp,1,3,0.97373366355896
83fko2hp,1,4,0.9467029571533203
83fko2hp,1,5,0.9601764678955078
83fko2hp,2,1,0.9612962007522583
83fko2hp,2,2,1.0
83fko2hp,2,3,0.9931007027626038
83fko2hp,2,4,0.9909094572067261
83fko2hp,2,5,0.9757656455039978
83fko2hp,3,1,0.97373366355896
83fko2hp,3,2,0.9931007027626038
83fko2hp,3,3,1.0
83fko2hp,3,4,0.9893136024475098
83fko2hp,3,5,0.9866140484809875
83fko2hp,4,1,0.9467029571533203
83fko2hp,4,2,0.9909094572067261
83fko2hp,4,3,0.9893136024475098
83fko2hp,4,4,0.9999998807907104
83fko2hp,4,5,0.9800305962562561
83fko2hp,5,1,0.9601764678955078
83fko2hp,5,2,0.9757656455039978
83fko2hp,5,3,0.9866140484809875
83fko2hp,5,4,0.9800305962562561
83fko2hp,5,5,1.0
843d3bf7,1,1,1.0
843d3bf7,1,2,0.9972155094146729
843d3bf7,1,3,0.9949970841407776
843d3bf7,1,4,0.994291365146637
843d3bf7,1,5,0.9907737970352173
843d3bf7,1,6,0.9922143220901489
843d3bf7,1,7,0.9926073551177979
843d3bf7,1,8,0.9411042928695679
843d3bf7,1,9,0.9605432152748108
843d3bf7,1,10,0.9277347326278687
843d3bf7,2,1,0.9972155094146729
843d3bf7,2,2,1.0
843d3bf7,2,3,0.9951775670051575
843d3bf7,2,4,0.9990845322608948
843d3bf7,2,5,0.9960534572601318
843d3bf7,2,6,0.9978796243667603
843d3bf7,2,7,0.9980266094207764
843d3bf7,2,8,0.9417715668678284
843d3bf7,2,9,0.9669675827026367
843d3bf7,2,10,0.9241364598274231
843d3bf7,3,1,0.9949970841407776
843d3bf7,3,2,0.9951775670051575
843d3bf7,3,3,1.0000001192092896
843d3bf7,3,4,0.9931144714355469
843d3bf7,3,5,0.9918619394302368
843d3bf7,3,6,0.9934241771697998
843d3bf7,3,7,0.9937288165092468
843d3bf7,3,8,0.9287293553352356
843d3bf7,3,9,0.9591501951217651
843d3bf7,3,10,0.9285637736320496
843d3bf7,4,1,0.994291365146637
843d3bf7,4,2,0.9990845322608948
843d3bf7,4,3,0.9931144714355469
843d3bf7,4,4,1.0
843d3bf7,4,5,0.9973759651184082
843d3bf7,4,6,0.998870849609375
843d3bf7,4,7,0.9985566139221191
843d3bf7,4,8,0.9453042149543762
843d3bf7,4,9,0.9712250232696533
843d3bf7,4,10,0.9195157289505005
843d3bf7,5,1,0.9907737970352173
843d3bf7,5,2,0.9960534572601318
843d3bf7,5,3,0.9918619394302368
843d3bf7,5,4,0.9973759651184082
843d3bf7,5,5,1.0
843d3bf7,5,6,0.99602872133255
843d3bf7,5,7,0.9955586791038513
843d3bf7,5,8,0.9549320340156555
843d3bf7,5,9,0.9799566268920898
843d3bf7,5,10,0.9309552311897278
843d3bf7,6,1,0.9922143220901489
843d3bf7,6,2,0.9978796243667603
843d3bf7,6,3,0.9934241771697998
843d3bf7,6,4,0.998870849609375
843d3bf7,6,5,0.99602872133255
843d3bf7,6,6,1.0000001192092896
843d3bf7,6,7,0.999810516834259
843d3bf7,6,8,0.9405500888824463
843d3bf7,6,9,0.970647931098938
843d3bf7,6,10,0.9193105697631836
843d3bf7,7,1,0.9926073551177979
843d3bf7,7,2,0.9980266094207764
843d3bf7,7,3,0.9937288165092468
843d3bf7,7,4,0.9985566139221191
843d3bf7,7,5,0.9955586791038513
843d3bf7,7,6,0.999810516834259
843d3bf7,7,7,1.0
843d3bf7,7,8,0.9402004480361938
843d3bf7,7,9,0.970384418964386
843d3bf7,7,10,0.9233108758926392
843d3bf7,8,1,0.9411042928695679
843d3bf7,8,2,0.9417715668678284
843d3bf7,8,3,0.9287293553352356
843d3bf7,8,4,0.9453042149543762
843d3bf7,8,5,0.9549320340156555
843d3bf7,8,6,0.9405500888824463
843d3bf7,8,7,0.9402004480361938
843d3bf7,8,8,1.0
843d3bf7,8,9,0.9885550141334534
843d3bf7,8,10,0.9383243322372437
843d3bf7,9,1,0.9605432152748108
843d3bf7,9,2,0.9669675827026367
843d3bf7,9,3,0.9591501951217651
843d3bf7,9,4,0.9712250232696533
843d3bf7,9,5,0.9799566268920898
843d3bf7,9,6,0.970647931098938
843d3bf7,9,7,0.970384418964386
843d3bf7,9,8,0.9885550141334534
843d3bf7,9,9,0.9999998807907104
843d3bf7,9,10,0.9508970975875854
843d3bf7,10,1,0.9277347326278687
843d3bf7,10,2,0.9241364598274231
843d3bf7,10,3,0.9285637736320496
843d3bf7,10,4,0.9195157289505005
843d3bf7,10,5,0.9309552311897278
843d3bf7,10,6,0.9193105697631836
843d3bf7,10,7,0.9233108758926392
843d3bf7,10,8,0.9383243322372437
843d3bf7,10,9,0.9508970975875854
843d3bf7,10,10,1.0
8466eeb2,1,1,0.9999999403953552
8466eeb2,1,2,0.9901211261749268
8466eeb2,1,3,0.9766025543212891
8466eeb2,1,4,0.9694904088973999
8466eeb2,1,5,0.9384590983390808
8466eeb2,1,6,0.9510139226913452
8466eeb2,2,1,0.9901211261749268
8466eeb2,2,2,1.0
8466eeb2,2,3,0.9836797118186951
8466eeb2,2,4,0.9840462803840637
8466eeb2,2,5,0.948462188243866
8466eeb2,2,6,0.9645404815673828
8466eeb2,3,1,0.9766025543212891
8466eeb2,3,2,0.9836797118186951
8466eeb2,3,3,1.0
8466eeb2,3,4,0.9942121505737305
8466eeb2,3,5,0.9821005463600159
8466eeb2,3,6,0.9905536770820618
8466eeb2,4,1,0.9694904088973999
8466eeb2,4,2,0.9840462803840637
8466eeb2,4,3,0.9942121505737305
8466eeb2,4,4,0.9999999403953552
8466eeb2,4,5,0.9813400506973267
8466eeb2,4,6,0.992161750793457
8466eeb2,5,1,0.9384590983390808
8466eeb2,5,2,0.948462188243866
8466eeb2,5,3,0.9821005463600159
8466eeb2,5,4,0.9813400506973267
8466eeb2,5,5,0.9999999403953552
8466eeb2,5,6,0.9972141981124878
8466eeb2,6,1,0.9510139226913452
8466eeb2,6,2,0.9645404815673828
8466eeb2,6,3,0.9905536770820618
8466eeb2,6,4,0.992161750793457
8466eeb2,6,5,0.9972141981124878
8466eeb2,6,6,1.0000001192092896
8554c402,1,1,1.0
8554c402,1,2,0.9852959513664246
8554c402,2,1,0.9852959513664246
8554c402,2,2,0.9999998807907104
86a2b59f,1,1,1.0
86a2b59f,1,2,0.9697244167327881
86a2b59f,1,3,0.9902064800262451
86a2b59f,1,4,0.9937442541122437
86a2b59f,1,5,0.9913983941078186
86a2b59f,1,6,0.9594144225120544
86a2b59f,1,7,0.9085869789123535
86a2b59f,1,8,0.8930930495262146
86a2b59f,1,9,0.9070620536804199
86a2b59f,1,10,0.9736376404762268
86a2b59f,1,11,0.8356393575668335
86a2b59f,1,12,0.9492445588111877
86a2b59f,1,13,0.8140061497688293
86a2b59f,1,14,0.979974627494812
86a2b59f,1,15,0.9653584361076355
86a2b59f,1,16,0.9202244877815247
86a2b59f,1,17,0.9959471225738525
86a2b59f,1,18,0.9512754678726196
86a2b59f,1,19,0.8997325301170349
86a2b59f,2,1,0.9697244167327881
86a2b59f,2,2,1.0
86a2b59f,2,3,0.9657325148582458
86a2b59f,2,4,0.9534816145896912
86a2b59f,2,5,0.9637131690979004
86a2b59f,2,6,0.9073435068130493
86a2b59f,2,7,0.8688909411430359
86a2b59f,2,8,0.8574578762054443
86a2b59f,2,9,0.8615850210189819
86a2b59f,2,10,0.9351491928100586
86a2b59f,2,11,0.7971885800361633
86a2b59f,2,12,0.8989648818969727
86a2b59f,2,13,0.7831881642341614
86a2b59f,2,14,0.9276272058486938
86a2b59f,2,15,0.9152719378471375
86a2b59f,2,16,0.8889451622962952
86a2b59f,2,17,0.9690148830413818
86a2b59f,2,18,0.9018028974533081
86a2b59f,2,19,0.8431280851364136
86a2b59f,3,1,0.9902064800262451
86a2b59f,3,2,0.9657325148582458
86a2b59f,3,3,1.0000001192092896
86a2b59f,3,4,0.9898695349693298
86a2b59f,3,5,0.9956767559051514
86a2b59f,3,6,0.9686340093612671
86a2b59f,3,7,0.9275676608085632
86a2b59f,3,8,0.9187760949134827
86a2b59f,3,9,0.9271619319915771
86a2b59f,3,10,0.984243631362915
86a2b59f,3,11,0.865111768245697
86a2b59f,3,12,0.9600211381912231
86a2b59f,3,13,0.8375669717788696
86a2b59f,3,14,0.9707516431808472
86a2b59f,3,15,0.966934323310852
86a2b59f,3,16,0.9442673921585083
86a2b59f,3,17,0.9872552752494812
86a2b59f,3,18,0.9489345550537109
86a2b59f,3,19,0.905029296875
86a2b59f,4,1,0.9937442541122437
86a2b59f,4,2,0.9534816145896912
86a2b59f,4,3,0.9898695349693298
86a2b59f,4,4,0.9999998807907104
86a2b59f,4,5,0.9939261078834534
86a2b59f,4,6,0.9784018993377686
86a2b59f,4,7,0.9328331351280212
86a2b59f,4,8,0.917464554309845
86a2b59f,4,9,0.9323521852493286
86a2b59f,4,10,0.9848557114601135
86a2b59f,4,11,0.8635222911834717
86a2b59f,4,12,0.9693538546562195
86a2b59f,4,13,0.8375254273414612
86a2b59f,4,14,0.9853265285491943
86a2b59f,4,15,0.9819836616516113
86a2b59f,4,16,0.938547670841217
86a2b59f,4,17,0.9950320720672607
86a2b59f,4,18,0.9695773720741272
86a2b59f,4,19,0.9205561876296997
86a2b59f,5,1,0.9913983941078186
86a2b59f,5,2,0.9637131690979004
86a2b59f,5,3,0.9956767559051514
86a2b59f,5,4,0.9939261078834534
86a2b59f,5,5,1.0000001192092896
86a2b59f,5,6,0.9756162762641907
86a2b59f,5,7,0.9303125143051147
86a2b59f,5,8,0.9206037521362305
86a2b59f,5,9,0.9343716502189636
86a2b59f,5,10,0.9843171834945679
86a2b59f,5,11,0.8636130094528198
86a2b59f,5,12,0.9656833410263062
86a2b59f,5,13,0.8508808016777039
86a2b59f,5,14,0.9768584370613098
86a2b59f,5,15,0.9771189093589783
86a2b59f,5,16,0.9389467239379883
86a2b59f,5,17,0.9935880303382874
86a2b59f,5,18,0.9595233201980591
86a2b59f,5,19,0.906857967376709
86a2b59f,6,1,0.9594144225120544
86a2b59f,6,2,0.9073435068130493
86a2b59f,6,3,0.9686340093612671
86a2b59f,6,4,0.9784018993377686
86a2b59f,6,5,0.9756162762641907
86a2b59f,6,6,0.9999995827674866
86a2b59f,6,7,0.9805185198783875
86a2b59f,6,8,0.9732781648635864
86a2b59f,6,9,0.9832454323768616
86a2b59f,6,10,0.992344856262207
86a2b59f,6,11,0.9376263618469238
86a2b59f,6,12,0.9974430203437805
86a2b59f,6,13,0.9090898633003235
86a2b59f,6,14,0.978285014629364
86a2b59f,6,15,0.9901146292686462
86a2b59f,6,16,0.9748437404632568
86a2b59f,6,17,0.9666422605514526
86a2b59f,6,18,0.9893612265586853
86a2b59f,6,19,0.9586359262466431
86a2b59f,7,1,0.9085869789123535
86a2b59f,7,2,0.8688909411430359
86a2b59f,7,3,0.9275676608085632
86a2b59f,7,4,0.9328331351280212
86a2b59f,7,5,0.9303125143051147
86a2b59f,7,6,0.9805185198783875
86a2b59f,7,7,1.0000001192092896
86a2b59f,7,8,0.9968900680541992
86a2b59f,7,9,0.9940012693405151
86a2b59f,7,10,0.9726419448852539
86a2b59f,7,11,0.9806874394416809
86a2b59f,7,12,0.9891009330749512
86a2b59f,7,13,0.9371432662010193
86a2b59f,7,14,0.9404811263084412
86a2b59f,7,15,0.9564374089241028
86a2b59f,7,16,0.9801874160766602
86a2b59f,7,17,0.9169074892997742
86a2b59f,7,18,0.9739781618118286
86a2b59f,7,19,0.9615398645401001
86a2b59f,8,1,0.8930930495262146
86a2b59f,8,2,0.8574578762054443
86a2b59f,8,3,0.9187760949134827
86a2b59f,8,4,0.917464554309845
86a2b59f,8,5,0.9206037521362305
86a2b59f,8,6,0.9732781648635864
86a2b59f,8,7,0.9968900680541992
86a2b59f,8,8,1.0
86a2b59f,8,9,0.9949455261230469
86a2b59f,8,10,0.963962733745575
86a2b59f,8,11,0.98606276512146
86a2b59f,8,12,0.9832566380500793
86a2b59f,8,13,0.9478878378868103
86a2b59f,8,14,0.9270044565200806
86a2b59f,8,15,0.9473981857299805
86a2b59f,8,16,0.9803997278213501
86a2b59f,8,17,0.9028581976890564
86a2b59f,8,18,0.9626129269599915
86a2b59f,8,19,0.9527721405029297
86a2b59f,9,1,0.9070620536804199
86a2b59f,9,2,0.8615850210189819
86a2b59f,9,3,0.9271619319915771
86a2b59f,9,4,0.9323521852493286
86a2b59f,9,5,0.9343716502189636
86a2b59f,9,6,0.9832454323768616
86a2b59f,9,7,0.9940012693405151
86a2b59f,9,8,0.9949455261230469
86a2b59f,9,9,1.0
86a2b59f,9,10,0.9685537815093994
86a2b59f,9,11,0.9801026582717896
86a2b59f,9,12,0.9892519116401672
86a2b59f,9,13,0.9580906629562378
86a2b59f,9,14,0.9446127414703369
86a2b59f,9,15,0.9658184051513672
86a2b59f,9,16,0.9803115725517273
86a2b59f,9,17,0.9189022779464722
86a2b59f,9,18,0.9751811623573303
86a2b59f,9,19,0.9617418646812439
86a2b59f,10,1,0.9736376404762268
86a2b59f,10,2,0.9351491928100586
86a2b59f,10,3,0.984243631362915
86a2b59f,10,4,0.9848557114601135
86a2b59f,10,5,0.9843171834945679
86a2b59f,10,6,0.992344856262207
86a2b59f,10,7,0.9726419448852539
86a2b59f,10,8,0.963962733745575
86a2b59f,10,9,0.9685537815093994
86a2b59f,10,10,1.0000001192092896
86a2b59f,10,11,0.9204792976379395
86a2b59f,10,12,0.990549623966217
86a2b59f,10,13,0.8760271668434143
86a2b59f,10,14,0.9819501042366028
86a2b59f,10,15,0.9832781553268433
86a2b59f,10,16,0.9744338989257812
86a2b59f,10,17,0.9765742421150208
86a2b59f,10,18,0.9826785922050476
86a2b59f,10,19,0.952695369720459
86a2b59f,11,1,0.8356393575668335
86a2b59f,11,2,0.7971885800361633
86a2b59f,11,3,0.865111768245697
86a2b59f,11,4,0.8635222911834717
86a2b59f,11,5,0.8636130094528198
86a2b59f,11,6,0.9376263618469238
86a2b59f,11,7,0.9806874394416809
86a2b59f,11,8,0.98606276512146
86a2b59f,11,9,0.9801026582717896
86a2b59f,11,10,0.9204792976379395
86a2b59f,11,11,1.000000238418579
86a2b59f,11,12,0.9516274929046631
86a2b59f,11,13,0.961808979511261
86a2b59f,11,14,0.8854636549949646
86a2b59f,11,15,0.909889817237854
86a2b59f,11,16,0.9675044417381287
86a2b59f,11,17,0.8450800180435181
86a2b59f,11,18,0.9319897294044495
86a2b59f,11,19,0.9475181102752686
86a2b59f,12,1,0.9492445588111877
86a2b59f,12,2,0.8989648818969727
86a2b59f,12,3,0.9600211381912231
86a2b59f,12,4,0.9693538546562195
86a2b59f,12,5,0.9656833410263062
86a2b59f,12,6,0.9974430203437805
86a2b59f,12,7,0.9891009330749512
86a2b59f,12,8,0.9832566380500793
86a2b59f,12,9,0.9892519116401672
86a2b59f,12,10,0.990549623966217
86a2b59f,12,11,0.9516274929046631
86a2b59f,12,12,0.9999998807907104
86a2b59f,12,13,0.9185004830360413
86a2b59f,12,14,0.9725793600082397
86a2b59f,12,15,0.9839485287666321
86a2b59f,12,16,0.9785519242286682
86a2b59f,12,17,0.9569705128669739
86a2b59f,12,18,0.9889422059059143
86a2b59f,12,19,0.961496889591217
86a2b59f,13,1,0.8140061497688293
86a2b59f,13,2,0.7831881642341614
86a2b59f,13,3,0.8375669717788696
86a2b59f,13,4,0.8375254273414612
86a2b59f,13,5,0.8508808016777039
86a2b59f,13,6,0.9090898633003235
86a2b59f,13,7,0.9371432662010193
86a2b59f,13,8,0.9478878378868103
86a2b59f,13,9,0.9580906629562378
86a2b59f,13,10,0.8760271668434143
86a2b59f,13,11,0.961808979511261
86a2b59f,13,12,0.9185004830360413
86a2b59f,13,13,1.0
86a2b59f,13,14,0.8555465936660767
86a2b59f,13,15,0.890661895275116
86a2b59f,13,16,0.9167879819869995
86a2b59f,13,17,0.8292913436889648
86a2b59f,13,18,0.897652804851532
86a2b59f,13,19,0.8889995217323303
86a2b59f,14,1,0.979974627494812
86a2b59f,14,2,0.9276272058486938
86a2b59f,14,3,0.9707516431808472
86a2b59f,14,4,0.9853265285491943
86a2b59f,14,5,0.9768584370613098
86a2b59f,14,6,0.978285014629364
86a2b59f,14,7,0.9404811263084412
86a2b59f,14,8,0.9270044565200806
86a2b59f,14,9,0.9446127414703369
86a2b59f,14,10,0.9819501042366028
86a2b59f,14,11,0.8854636549949646
86a2b59f,14,12,0.9725793600082397
86a2b59f,14,13,0.8555465936660767
86a2b59f,14,14,1.0
86a2b59f,14,15,0.9906097650527954
86a2b59f,14,16,0.9538538455963135
86a2b59f,14,17,0.9852721691131592
86a2b59f,14,18,0.986292839050293
86a2b59f,14,19,0.9601556062698364
86a2b59f,15,1,0.9653584361076355
86a2b59f,15,2,0.9152719378471375
86a2b59f,15,3,0.966934323310852
86a2b59f,15,4,0.9819836616516113
86a2b59f,15,5,0.9771189093589783
86a2b59f,15,6,0.9901146292686462
86a2b59f,15,7,0.9564374089241028
86a2b59f,15,8,0.9473981857299805
86a2b59f,15,9,0.9658184051513672
86a2b59f,15,10,0.9832781553268433
86a2b59f,15,11,0.909889817237854
86a2b59f,15,12,0.9839485287666321
86a2b59f,15,13,0.890661895275116
86a2b59f,15,14,0.9906097650527954
86a2b59f,15,15,1.0000004768371582
86a2b59f,15,16,0.9676260352134705
86a2b59f,15,17,0.9781158566474915
86a2b59f,15,18,0.9918496608734131
86a2b59f,15,19,0.9634774923324585
86a2b59f,16,1,0.9202244877815247
86a2b59f,16,2,0.8889451622962952
86a2b59f,16,3,0.9442673921585083
86a2b59f,16,4,0.938547670841217
86a2b59f,16,5,0.9389467239379883
86a2b59f,16,6,0.9748437404632568
86a2b59f,16,7,0.9801874160766602
86a2b59f,16,8,0.9803997278213501
86a2b59f,16,9,0.9803115725517273
86a2b59f,16,10,0.9744338989257812
86a2b59f,16,11,0.9675044417381287
86a2b59f,16,12,0.9785519242286682
86a2b59f,16,13,0.9167879819869995
86a2b59f,16,14,0.9538538455963135
86a2b59f,16,15,0.9676260352134705
86a2b59f,16,16,1.0
86a2b59f,16,17,0.9293686747550964
86a2b59f,16,18,0.9726014137268066
86a2b59f,16,19,0.977837324142456
86a2b59f,17,1,0.9959471225738525
86a2b59f,17,2,0.9690148830413818
86a2b59f,17,3,0.9872552752494812
86a2b59f,17,4,0.9950320720672607
86a2b59f,17,5,0.9935880303382874
86a2b59f,17,6,0.9666422605514526
86a2b59f,17,7,0.9169074892997742
86a2b59f,17,8,0.9028581976890564
86a2b59f,17,9,0.9189022779464722
86a2b59f,17,10,0.9765742421150208
86a2b59f,17,11,0.8450800180435181
86a2b59f,17,12,0.9569705128669739
86a2b59f,17,13,0.8292913436889648
86a2b59f,17,14,0.9852721691131592
86a2b59f,17,15,0.9781158566474915
86a2b59f,17,16,0.9293686747550964
86a2b59f,17,17,0.9999999403953552
86a2b59f,17,18,0.9640503525733948
86a2b59f,17,19,0.911561131477356
86a2b59f,18,1,0.9512754678726196
86a2b59f,18,2,0.9018028974533081
86a2b59f,18,3,0.9489345550537109
86a2b59f,18,4,0.9695773720741272
86a2b59f,18,5,0.9595233201980591
86a2b59f,18,6,0.9893612265586853
86a2b59f,18,7,0.9739781618118286
86a2b59f,18,8,0.9626129269599915
86a2b59f,18,9,0.9751811623573303
86a2b59f,18,10,0.9826785922050476
86a2b59f,18,11,0.9319897294044495
86a2b59f,18,12,0.9889422059059143
86a2b59f,18,13,0.897652804851532
86a2b59f,18,14,0.986292839050293
86a2b59f,18,15,0.9918496608734131
86a2b59f,18,16,0.9726014137268066
86a2b59f,18,17,0.9640503525733948
86a2b59f,18,18,1.0000001192092896
86a2b59f,18,19,0.9792400598526001
86a2b59f,19,1,0.8997325301170349
86a2b59f,19,2,0.8431280851364136
86a2b59f,19,3,0.905029296875
86a2b59f,19,4,0.9205561876296997
86a2b59f,19,5,0.906857967376709
86a2b59f,19,6,0.9586359262466431
86a2b59f,19,7,0.9615398645401001
86a2b59f,19,8,0.9527721405029297
86a2b59f,19,9,0.9617418646812439
86a2b59f,19,10,0.952695369720459
86a2b59f,19,11,0.9475181102752686
86a2b59f,19,12,0.961496889591217
86a2b59f,19,13,0.8889995217323303
86a2b59f,19,14,0.9601556062698364
86a2b59f,19,15,0.9634774923324585
86a2b59f,19,16,0.977837324142456
86a2b59f,19,17,0.911561131477356
86a2b59f,19,18,0.9792400598526001
86a2b59f,19,19,0.9999999403953552
86a88668,1,1,1.0
86a88668,1,2,0.9808303713798523
86a88668,2,1,0.9808303713798523
86a88668,2,2,1.0
89fe6899,1,1,1.0000001192092896
89fe6899,1,2,0.990739107131958
89fe6899,1,3,0.9795437455177307
89fe6899,1,4,0.985839307308197
89fe6899,1,5,0.9820577502250671
89fe6899,1,6,0.9846412539482117
89fe6899,1,7,0.9904758334159851
89fe6899,2,1,0.990739107131958
89fe6899,2,2,1.0
89fe6899,2,3,0.991813063621521
89fe6899,2,4,0.9801855087280273
89fe6899,2,5,0.9710197448730469
89fe6899,2,6,0.9750927686691284
89fe6899,2,7,0.9966676831245422
89fe6899,3,1,0.9795437455177307
89fe6899,3,2,0.991813063621521
89fe6899,3,3,0.9999999403953552
89fe6899,3,4,0.9788939356803894
89fe6899,3,5,0.9713948369026184
89fe6899,3,6,0.9778701066970825
89fe6899,3,7,0.990354061126709
89fe6899,4,1,0.985839307308197
89fe6899,4,2,0.9801855087280273
89fe6899,4,3,0.9788939356803894
89fe6899,4,4,0.9999998211860657
89fe6899,4,5,0.9956256151199341
89fe6899,4,6,0.996648907661438
89fe6899,4,7,0.9907090663909912
89fe6899,5,1,0.9820577502250671
89fe6899,5,2,0.9710197448730469
89fe6899,5,3,0.9713948369026184
89fe6899,5,4,0.9956256151199341
89fe6899,5,5,1.0
89fe6899,5,6,0.9984610676765442
89fe6899,5,7,0.9801608920097351
89fe6899,6,1,0.9846412539482117
89fe6899,6,2,0.9750927686691284
89fe6899,6,3,0.9778701066970825
89fe6899,6,4,0.996648907661438
89fe6899,6,5,0.9984610676765442
89fe6899,6,6,0.9999999403953552
89fe6899,6,7,0.9839350581169128
89fe6899,7,1,0.9904758334159851
89fe6899,7,2,0.9966676831245422
89fe6899,7,3,0.990354061126709
89fe6899,7,4,0.9907090663909912
89fe6899,7,5,0.9801608920097351
89fe6899,7,6,0.9839350581169128
89fe6899,7,7,0.9999999403953552
8fa50320,1,1,0.9999998807907104
8fa50320,1,2,0.9818097352981567
8fa50320,1,3,0.9944097995758057
8fa50320,1,4,0.9944493174552917
8fa50320,1,5,0.9478778839111328
8fa50320,1,6,0.9936568737030029
8fa50320,1,7,0.9866870641708374
8fa50320,2,1,0.9818097352981567
8fa50320,2,2,1.0000001192092896
8fa50320,2,3,0.9927867650985718
8fa50320,2,4,0.9954872131347656
8fa50320,2,5,0.9825225472450256
8fa50320,2,6,0.99369877576828
8fa50320,2,7,0.9953378438949585
8fa50320,3,1,0.9944097995758057
8fa50320,3,2,0.9927867650985718
8fa50320,3,3,1.0
8fa50320,3,4,0.9981534481048584
8fa50320,3,5,0.9643431305885315
8fa50320,3,6,0.9953500628471375
8fa50320,3,7,0.9910324215888977
8fa50320,4,1,0.9944493174552917
8fa50320,4,2,0.9954872131347656
8fa50320,4,3,0.9981534481048584
8fa50320,4,4,0.9999998211860657
8fa50320,4,5,0.9705357551574707
8fa50320,4,6,0.9988997578620911
8fa50320,4,7,0.9956599473953247
8fa50320,5,1,0.9478778839111328
8fa50320,5,2,0.9825225472450256
8fa50320,5,3,0.9643431305885315
8fa50320,5,4,0.9705357551574707
8fa50320,5,5,1.0
8fa50320,5,6,0.9705380797386169
8fa50320,5,7,0.9798524379730225
8fa50320,6,1,0.9936568737030029
8fa50320,6,2,0.99369877576828
8fa50320,6,3,0.9953500628471375
8fa50320,6,4,0.9988997578620911
8fa50320,6,5,0.9705380797386169
8fa50320,6,6,1.0
8fa50320,6,7,0.9954741597175598
8fa50320,7,1,0.9866870641708374
8fa50320,7,2,0.9953378438949585
8fa50320,7,3,0.9910324215888977
8fa50320,7,4,0.9956599473953247
8fa50320,7,5,0.9798524379730225
8fa50320,7,6,0.9954741597175598
8fa50320,7,7,1.0
8jfizvdz,1,1,1.0
8jfizvdz,1,2,0.9917173981666565
8jfizvdz,1,3,0.9915385246276855
8jfizvdz,2,1,0.9917173981666565
8jfizvdz,2,2,1.0000001192092896
8jfizvdz,2,3,0.9690017104148865
8jfizvdz,3,1,0.9915385246276855
8jfizvdz,3,2,0.9690017104148865
8jfizvdz,3,3,1.0000001192092896
905d8740,1,1,0.9999999403953552
905d8740,1,2,0.9952981472015381
905d8740,1,3,0.9959709048271179
905d8740,1,4,0.9912567138671875
905d8740,1,5,0.9743356108665466
905d8740,1,6,0.9683122634887695
905d8740,2,1,0.9952981472015381
905d8740,2,2,1.0
905d8740,2,3,0.9952178597450256
905d8740,2,4,0.9913805723190308
905d8740,2,5,0.971869170665741
905d8740,2,6,0.9656153917312622
905d8740,3,1,0.9959709048271179
905d8740,3,2,0.9952178597450256
905d8740,3,3,0.9999999403953552
905d8740,3,4,0.991562008857727
905d8740,3,5,0.9711067080497742
905d8740,3,6,0.9626293182373047
905d8740,4,1,0.9912567138671875
905d8740,4,2,0.9913805723190308
905d8740,4,3,0.991562008857727
905d8740,4,4,1.0000001192092896
905d8740,4,5,0.9638762474060059
905d8740,4,6,0.9563887715339661
905d8740,5,1,0.9743356108665466
905d8740,5,2,0.971869170665741
905d8740,5,3,0.9711067080497742
905d8740,5,4,0.9638762474060059
905d8740,5,5,0.9999998807907104
905d8740,5,6,0.9985138773918152
905d8740,6,1,0.9683122634887695
905d8740,6,2,0.9656153917312622
905d8740,6,3,0.9626293182373047
905d8740,6,4,0.9563887715339661
905d8740,6,5,0.9985138773918152
905d8740,6,6,1.0000001192092896
9061dac9,1,1,1.0000001192092896
9061dac9,1,2,0.9967027902603149
9061dac9,1,3,0.996041476726532
9061dac9,1,4,0.9903512597084045
9061dac9,1,5,0.9871305823326111
9061dac9,1,6,0.990250289440155
9061dac9,2,1,0.9967027902603149
9061dac9,2,2,0.9999998807907104
9061dac9,2,3,0.9992719888687134
9061dac9,2,4,0.9935477375984192
9061dac9,2,5,0.9939663410186768
9061dac9,2,6,0.9949917793273926
9061dac9,3,1,0.996041476726532
9061dac9,3,2,0.9992719888687134
9061dac9,3,3,1.0
9061dac9,3,4,0.9912456274032593
9061dac9,3,5,0.9916611909866333
9061dac9,3,6,0.9933854937553406
9061dac9,4,1,0.9903512597084045
9061dac9,4,2,0.9935477375984192
9061dac9,4,3,0.9912456274032593
9061dac9,4,4,0.9999998211860657
9061dac9,4,5,0.9946107864379883
9061dac9,4,6,0.9975519776344299
9061dac9,5,1,0.9871305823326111
9061dac9,5,2,0.9939663410186768
9061dac9,5,3,0.9916611909866333
9061dac9,5,4,0.9946107864379883
9061dac9,5,5,0.9999999403953552
9061dac9,5,6,0.9970725774765015
9061dac9,6,1,0.990250289440155
9061dac9,6,2,0.9949917793273926
9061dac9,6,3,0.9933854937553406
9061dac9,6,4,0.9975519776344299
9061dac9,6,5,0.9970725774765015
9061dac9,6,6,0.9999998807907104
91b2f707,1,1,1.0
91b2f707,1,2,0.9962739944458008
91b2f707,1,3,0.9879407286643982
91b2f707,1,4,0.9960365295410156
91b2f707,1,5,0.9899263978004456
91b2f707,1,6,0.9859470129013062
91b2f707,2,1,0.9962739944458008
91b2f707,2,2,0.9999999403953552
91b2f707,2,3,0.9898642301559448
91b2f707,2,4,0.9927296042442322
91b2f707,2,5,0.993259608745575
91b2f707,2,6,0.9864252805709839
91b2f707,3,1,0.9879407286643982
91b2f707,3,2,0.9898642301559448
91b2f707,3,3,1.0
91b2f707,3,4,0.9941284656524658
91b2f707,3,5,0.9949073791503906
91b2f707,3,6,0.9991113543510437
91b2f707,4,1,0.9960365295410156
91b2f707,4,2,0.9927296042442322
91b2f707,4,3,0.9941284656524658
91b2f707,4,4,1.0
91b2f707,4,5,0.9902580976486206
91b2f707,4,6,0.994143545627594
91b2f707,5,1,0.9899263978004456
91b2f707,5,2,0.993259608745575
91b2f707,5,3,0.9949073791503906
91b2f707,5,4,0.9902580976486206
91b2f707,5,5,0.9999999403953552
91b2f707,5,6,0.991163432598114
91b2f707,6,1,0.9859470129013062
91b2f707,6,2,0.9864252805709839
91b2f707,6,3,0.9991113543510437
91b2f707,6,4,0.994143545627594
91b2f707,6,5,0.991163432598114
91b2f707,6,6,0.9999998807907104
924f5d88,1,1,1.0
924f5d88,1,2,0.9928362369537354
924f5d88,1,3,0.9755415916442871
924f5d88,1,4,0.9866015315055847
924f5d88,1,5,0.9950647354125977
924f5d88,1,6,0.964031457901001
924f5d88,1,7,0.9871845841407776
924f5d88,2,1,0.9928362369537354
924f5d88,2,2,1.0
924f5d88,2,3,0.9641653895378113
924f5d88,2,4,0.9813444018363953
924f5d88,2,5,0.9924130439758301
924f5d88,2,6,0.9564499258995056
924f5d88,2,7,0.9830782413482666
924f5d88,3,1,0.9755415916442871
924f5d88,3,2,0.9641653895378113
924f5d88,3,3,1.0000001192092896
924f5d88,3,4,0.9924807548522949
924f5d88,3,5,0.985663890838623
924f5d88,3,6,0.9620559215545654
924f5d88,3,7,0.9803038239479065
924f5d88,4,1,0.9866015315055847
924f5d88,4,2,0.9813444018363953
924f5d88,4,3,0.9924807548522949
924f5d88,4,4,1.0
924f5d88,4,5,0.9920214414596558
924f5d88,4,6,0.981606125831604
924f5d88,4,7,0.9945072531700134
924f5d88,5,1,0.9950647354125977
924f5d88,5,2,0.9924130439758301
924f5d88,5,3,0.985663890838623
924f5d88,5,4,0.9920214414596558
924f5d88,5,5,1.0000001192092896
924f5d88,5,6,0.9589682817459106
924f5d88,5,7,0.985862672328949
924f5d88,6,1,0.964031457901001
924f5d88,6,2,0.9564499258995056
924f5d88,6,3,0.9620559215545654
924f5d88,6,4,0.981606125831604
924f5d88,6,5,0.9589682817459106
924f5d88,6,6,1.0
924f5d88,6,7,0.9903124570846558
924f5d88,7,1,0.9871845841407776
924f5d88,7,2,0.9830782413482666
924f5d88,7,3,0.9803038239479065
924f5d88,7,4,0.9945072531700134
924f5d88,7,5,0.985862672328949
924f5d88,7,6,0.9903124570846558
924f5d88,7,7,1.0
93e22d48,1,1,0.9999999403953552
93e22d48,1,2,0.9907399415969849
93e22d48,1,3,0.993503749370575
93e22d48,1,4,0.9953216910362244
93e22d48,1,5,0.9924786686897278
93e22d48,1,6,0.9915895462036133
93e22d48,1,7,0.9968166351318359
93e22d48,1,8,0.9918413162231445
93e22d48,1,9,0.9905700087547302
93e22d48,1,10,0.9964483976364136
93e22d48,2,1,0.9907399415969849
93e22d48,2,2,1.0
93e22d48,2,3,0.9877603650093079
93e22d48,2,4,0.9953579902648926
93e22d48,2,5,0.9975623488426208
93e22d48,2,6,0.9985060691833496
93e22d48,2,7,0.9963387250900269
93e22d48,2,8,0.9982578754425049
93e22d48,2,9,0.9904798865318298
93e22d48,2,10,0.9957560896873474
93e22d48,3,1,0.993503749370575
93e22d48,3,2,0.9877603650093079
93e22d48,3,3,1.0
93e22d48,3,4,0.9972072839736938
93e22d48,3,5,0.9918292760848999
93e22d48,3,6,0.9925290942192078
93e22d48,3,7,0.9934148788452148
93e22d48,3,8,0.9925373196601868
93e22d48,3,9,0.9935340881347656
93e22d48,3,10,0.9874546527862549
93e22d48,4,1,0.9953216910362244
93e22d48,4,2,0.9953579902648926
93e22d48,4,3,0.9972072839736938
93e22d48,4,4,1.0000001192092896
93e22d48,4,5,0.9968564510345459
93e22d48,4,6,0.997651219367981
93e22d48,4,7,0.9964452385902405
93e22d48,4,8,0.9969894886016846
93e22d48,4,9,0.9965072274208069
93e22d48,4,10,0.9938636422157288
93e22d48,5,1,0.9924786686897278
93e22d48,5,2,0.9975623488426208
93e22d48,5,3,0.9918292760848999
93e22d48,5,4,0.9968564510345459
93e22d48,5,5,0.9999998211860657
93e22d48,5,6,0.998250424861908
93e22d48,5,7,0.9955215454101562
93e22d48,5,8,0.998265266418457
93e22d48,5,9,0.991782009601593
93e22d48,5,10,0.9944227933883667
93e22d48,6,1,0.9915895462036133
93e22d48,6,2,0.9985060691833496
93e22d48,6,3,0.9925290942192078
93e22d48,6,4,0.997651219367981
93e22d48,6,5,0.998250424861908
93e22d48,6,6,0.9999998807907104
93e22d48,6,7,0.9968040585517883
93e22d48,6,8,0.9979262351989746
93e22d48,6,9,0.9917940497398376
93e22d48,6,10,0.994031548500061
93e22d48,7,1,0.9968166351318359
93e22d48,7,2,0.9963387250900269
93e22d48,7,3,0.9934148788452148
93e22d48,7,4,0.9964452385902405
93e22d48,7,5,0.9955215454101562
93e22d48,7,6,0.9968040585517883
93e22d48,7,7,1.0
93e22d48,7,8,0.9965318441390991
93e22d48,7,9,0.9896714687347412
93e22d48,7,10,0.9965301156044006
93e22d48,8,1,0.9918413162231445
93e22d48,8,2,0.9982578754425049
93e22d48,8,3,0.9925373196601868
93e22d48,8,4,0.9969894886016846
93e22d48,8,5,0.998265266418457
93e22d48,8,6,0.9979262351989746
93e22d48,8,7,0.9965318441390991
93e22d48,8,8,1.0
93e22d48,8,9,0.9940744638442993
93e22d48,8,10,0.9936477541923523
93e22d48,9,1,0.9905700087547302
93e22d48,9,2,0.9904798865318298
93e22d48,9,3,0.9935340881347656
93e22d48,9,4,0.9965072274208069
93e22d48,9,5,0.991782009601593
93e22d48,9,6,0.9917940497398376
93e22d48,9,7,0.9896714687347412
93e22d48,9,8,0.9940744638442993
93e22d48,9,9,0.9999998807907104
93e22d48,9,10,0.9890569448471069
93e22d48,10,1,0.9964483976364136
93e22d48,10,2,0.9957560896873474
93e22d48,10,3,0.9874546527862549
93e22d48,10,4,0.9938636422157288
93e22d48,10,5,0.9944227933883667
93e22d48,10,6,0.994031548500061
93e22d48,10,7,0.9965301156044006
93e22d48,10,8,0.9936477541923523
93e22d48,10,9,0.9890569448471069
93e22d48,10,10,1.0000001192092896
94f7c53e,1,1,1.0
94f7c53e,1,2,0.95937579870224
94f7c53e,1,3,0.9687873721122742
94f7c53e,1,4,0.9759983420372009
94f7c53e,1,5,0.9937318563461304
94f7c53e,2,1,0.95937579870224
94f7c53e,2,2,1.0000001192092896
94f7c53e,2,3,0.9958782196044922
94f7c53e,2,4,0.9898703098297119
94f7c53e,2,5,0.9728513956069946
94f7c53e,3,1,0.9687873721122742
94f7c53e,3,2,0.9958782196044922
94f7c53e,3,3,0.9999999403953552
94f7c53e,3,4,0.9911072850227356
94f7c53e,3,5,0.9815276861190796
94f7c53e,4,1,0.9759983420372009
94f7c53e,4,2,0.9898703098297119
94f7c53e,4,3,0.9911072850227356
94f7c53e,4,4,1.0
94f7c53e,4,5,0.9851289987564087
94f7c53e,5,1,0.9937318563461304
94f7c53e,5,2,0.9728513956069946
94f7c53e,5,3,0.9815276861190796
94f7c53e,5,4,0.9851289987564087
94f7c53e,5,5,0.9999999403953552
97rmpio3,1,1,0.9999999403953552
97rmpio3,1,2,0.9800131320953369
97rmpio3,2,1,0.9800131320953369
97rmpio3,2,2,0.9999999403953552
999e07cb,1,1,1.0
999e07cb,1,2,0.9748985767364502
999e07cb,2,1,0.9748985767364502
999e07cb,2,2,1.0
99nxo22x,1,1,0.9999999403953552
99nxo22x,1,2,0.9355663657188416
99nxo22x,2,1,0.9355663657188416
99nxo22x,2,2,1.0
9ap4lfgx,1,1,1.0
9ap4lfgx,1,2,0.9800653457641602
9ap4lfgx,1,3,0.9773000478744507
9ap4lfgx,1,4,0.9790719151496887
9ap4lfgx,2,1,0.9800653457641602
9ap4lfgx,2,2,1.0000001192092896
9ap4lfgx,2,3,0.9510626196861267
9ap4lfgx,2,4,0.9573839902877808
9ap4lfgx,3,1,0.9773000478744507
9ap4lfgx,3,2,0.9510626196861267
9ap4lfgx,3,3,1.0
9ap4lfgx,3,4,0.9977595210075378
9ap4lfgx,4,1,0.9790719151496887
9ap4lfgx,4,2,0.9573839902877808
9ap4lfgx,4,3,0.9977595210075378
9ap4lfgx,4,4,0.9999999403953552
9b5f0f47,1,1,1.0
9b5f0f47,1,2,0.9936481714248657
9b5f0f47,1,3,0.9907071590423584
9b5f0f47,1,4,0.9807245135307312
9b5f0f47,1,5,0.9978793859481812
9b5f0f47,1,6,0.9807605743408203
9b5f0f47,2,1,0.9936481714248657
9b5f0f47,2,2,1.0
9b5f0f47,2,3,0.9958962798118591
9b5f0f47,2,4,0.9776356220245361
9b5f0f47,2,5,0.9962964653968811
9b5f0f47,2,6,0.9893730282783508
9b5f0f47,3,1,0.9907071590423584
9b5f0f47,3,2,0.9958962798118591
9b5f0f47,3,3,1.0000001192092896
9b5f0f47,3,4,0.9897826313972473
9b5f0f47,3,5,0.9937563538551331
9b5f0f47,3,6,0.99555903673172
9b5f0f47,4,1,0.9807245135307312
9b5f0f47,4,2,0.9776356220245361
9b5f0f47,4,3,0.9897826313972473
9b5f0f47,4,4,0.9999998807907104
9b5f0f47,4,5,0.9816702604293823
9b5f0f47,4,6,0.9836920499801636
9b5f0f47,5,1,0.9978793859481812
9b5f0f47,5,2,0.9962964653968811
9b5f0f47,5,3,0.9937563538551331
9b5f0f47,5,4,0.9816702604293823
9b5f0f47,5,5,1.0
9b5f0f47,5,6,0.9824560880661011
9b5f0f47,6,1,0.9807605743408203
9b5f0f47,6,2,0.9893730282783508
9b5f0f47,6,3,0.99555903673172
9b5f0f47,6,4,0.9836920499801636
9b5f0f47,6,5,0.9824560880661011
9b5f0f47,6,6,1.0000001192092896
9bbdl24k,1,1,0.9999999403953552
9bbdl24k,1,2,0.9844163656234741
9bbdl24k,1,3,0.9906543493270874
9bbdl24k,2,1,0.9844163656234741
9bbdl24k,2,2,0.9999999403953552
9bbdl24k,2,3,0.992455244064331
9bbdl24k,3,1,0.9906543493270874
9bbdl24k,3,2,0.992455244064331
9bbdl24k,3,3,1.0
9cjp8r8h,1,1,0.9999999403953552
9cjp8r8h,1,2,0.9899760484695435
9cjp8r8h,2,1,0.9899760484695435
9cjp8r8h,2,2,1.0
9ee59f51,1,1,1.0
9ee59f51,1,2,0.9977545738220215
9ee59f51,1,3,0.991666853427887
9ee59f51,2,1,0.9977545738220215
9ee59f51,2,2,0.9999999403953552
9ee59f51,2,3,0.995989978313446
9ee59f51,3,1,0.991666853427887
9ee59f51,3,2,0.995989978313446
9ee59f51,3,3,0.9999999403953552
9lav7dy0,1,1,1.0
9lav7dy0,1,2,0.9830103516578674
9lav7dy0,2,1,0.9830103516578674
9lav7dy0,2,2,1.0000001192092896
a1f4c54d,1,1,0.9999999403953552
a1f4c54d,1,2,0.9949595332145691
a1f4c54d,1,3,0.99509197473526
a1f4c54d,1,4,0.9877630472183228
a1f4c54d,1,5,0.984166145324707
a1f4c54d,1,6,0.9949767589569092
a1f4c54d,1,7,0.9878421425819397
a1f4c54d,2,1,0.9949595332145691
a1f4c54d,2,2,1.0000001192092896
a1f4c54d,2,3,0.9965336918830872
a1f4c54d,2,4,0.9915785789489746
a1f4c54d,2,5,0.9843785762786865
a1f4c54d,2,6,0.9952925443649292
a1f4c54d,2,7,0.9824093580245972
a1f4c54d,3,1,0.99509197473526
a1f4c54d,3,2,0.9965336918830872
a1f4c54d,3,3,0.9999998807907104
a1f4c54d,3,4,0.9931445717811584
a1f4c54d,3,5,0.9920465350151062
a1f4c54d,3,6,0.998233437538147
a1f4c54d,3,7,0.9893490672111511
a1f4c54d,4,1,0.9877630472183228
a1f4c54d,4,2,0.9915785789489746
a1f4c54d,4,3,0.9931445717811584
a1f4c54d,4,4,0.9999999403953552
a1f4c54d,4,5,0.9937277436256409
a1f4c54d,4,6,0.9958798885345459
a1f4c54d,4,7,0.9943904876708984
a1f4c54d,5,1,0.984166145324707
a1f4c54d,5,2,0.9843785762786865
a1f4c54d,5,3,0.9920465350151062
a1f4c54d,5,4,0.9937277436256409
a1f4c54d,5,5,1.0
a1f4c54d,5,6,0.9913745522499084
a1f4c54d,5,7,0.9934974908828735
a1f4c54d,6,1,0.9949767589569092
a1f4c54d,6,2,0.9952925443649292
a1f4c54d,6,3,0.998233437538147
a1f4c54d,6,4,0.9958798885345459
a1f4c54d,6,5,0.9913745522499084
a1f4c54d,6,6,1.0
a1f4c54d,6,7,0.9923023581504822
a1f4c54d,7,1,0.9878421425819397
a1f4c54d,7,2,0.9824093580245972
a1f4c54d,7,3,0.9893490672111511
a1f4c54d,7,4,0.9943904876708984
a1f4c54d,7,5,0.9934974908828735
a1f4c54d,7,6,0.9923023581504822
a1f4c54d,7,7,1.0
a20baeec,1,1,0.9999998807907104
a20baeec,1,2,0.9787139892578125
a20baeec,1,3,0.9727420210838318
a20baeec,1,4,0.9682977795600891
a20baeec,2,1,0.9787139892578125
a20baeec,2,2,0.9999999403953552
a20baeec,2,3,0.9825803637504578
a20baeec,2,4,0.987209677696228
a20baeec,3,1,0.9727420210838318
a20baeec,3,2,0.9825803637504578
a20baeec,3,3,0.9999999403953552
a20baeec,3,4,0.9785537719726562
a20baeec,4,1,0.9682977795600891
a20baeec,4,2,0.987209677696228
a20baeec,4,3,0.9785537719726562
a20baeec,4,4,1.0000001192092896
a386eaa2,1,1,1.0000001192092896
a386eaa2,1,2,0.9218437075614929
a386eaa2,1,3,0.9749386310577393
a386eaa2,1,4,0.9673522710800171
a386eaa2,1,5,0.9493183493614197
a386eaa2,1,6,0.9694772958755493
a386eaa2,2,1,0.9218437075614929
a386eaa2,2,2,1.0
a386eaa2,2,3,0.9652929902076721
a386eaa2,2,4,0.9510238170623779
a386eaa2,2,5,0.9594184160232544
a386eaa2,2,6,0.941543459892273
a386eaa2,3,1,0.9749386310577393
a386eaa2,3,2,0.9652929902076721
a386eaa2,3,3,0.9999999403953552
a386eaa2,3,4,0.993144690990448
a386eaa2,3,5,0.9886541962623596
a386eaa2,3,6,0.9896836876869202
a386eaa2,4,1,0.9673522710800171
a386eaa2,4,2,0.9510238170623779
a386eaa2,4,3,0.993144690990448
a386eaa2,4,4,0.9999999403953552
a386eaa2,4,5,0.9929375648498535
a386eaa2,4,6,0.9951454401016235
a386eaa2,5,1,0.9493183493614197
a386eaa2,5,2,0.9594184160232544
a386eaa2,5,3,0.9886541962623596
a386eaa2,5,4,0.9929375648498535
a386eaa2,5,5,1.0
a386eaa2,5,6,0.9942818880081177
a386eaa2,6,1,0.9694772958755493
a386eaa2,6,2,0.941543459892273
a386eaa2,6,3,0.9896836876869202
a386eaa2,6,4,0.9951454401016235
a386eaa2,6,5,0.9942818880081177
a386eaa2,6,6,0.9999998807907104
a46b7b77,1,1,1.0
a46b7b77,1,2,0.9910312294960022
a46b7b77,2,1,0.9910312294960022
a46b7b77,2,2,1.0
a5905593,1,1,1.0000001192092896
a5905593,1,2,0.992184042930603
a5905593,2,1,0.992184042930603
a5905593,2,2,0.9999999403953552
a658e949,1,1,1.0
a658e949,1,2,0.9703793525695801
a658e949,1,3,0.967026948928833
a658e949,1,4,0.9339239597320557
a658e949,2,1,0.9703793525695801
a658e949,2,2,1.0
a658e949,2,3,0.9824343323707581
a658e949,2,4,0.9701575040817261
a658e949,3,1,0.967026948928833
a658e949,3,2,0.9824343323707581
a658e949,3,3,1.0
a658e949,3,4,0.9811382293701172
a658e949,4,1,0.9339239597320557
a658e949,4,2,0.9701575040817261
a658e949,4,3,0.9811382293701172
a658e949,4,4,0.9999998807907104
a938c6b2,1,1,1.0000001192092896
a938c6b2,1,2,0.9902876615524292
a938c6b2,1,3,0.9395826458930969
a938c6b2,1,4,0.9750910997390747
a938c6b2,1,5,0.9688719511032104
a938c6b2,2,1,0.9902876615524292
a938c6b2,2,2,1.0000001192092896
a938c6b2,2,3,0.9427917003631592
a938c6b2,2,4,0.9829486012458801
a938c6b2,2,5,0.9836862087249756
a938c6b2,3,1,0.9395826458930969
a938c6b2,3,2,0.9427917003631592
a938c6b2,3,3,1.0000001192092896
a938c6b2,3,4,0.9753648638725281
a938c6b2,3,5,0.9776864647865295
a938c6b2,4,1,0.9750910997390747
a938c6b2,4,2,0.9829486012458801
a938c6b2,4,3,0.9753648638725281
a938c6b2,4,4,1.0000001192092896
a938c6b2,4,5,0.9966698884963989
a938c6b2,5,1,0.9688719511032104
a938c6b2,5,2,0.9836862087249756
a938c6b2,5,3,0.9776864647865295
a938c6b2,5,4,0.9966698884963989
a938c6b2,5,5,1.0
a95f0aea,1,1,1.0
a95f0aea,1,2,0.9932296872138977
a95f0aea,1,3,0.9587742686271667
a95f0aea,1,4,0.9796561002731323
a95f0aea,1,5,0.975572943687439
a95f0aea,2,1,0.9932296872138977
a95f0aea,2,2,1.0
a95f0aea,2,3,0.9754376411437988
a95f0aea,2,4,0.9845810532569885
a95f0aea,2,5,0.9691441059112549
a95f0aea,3,1,0.9587742686271667
a95f0aea,3,2,0.9754376411437988
a95f0aea,3,3,1.0
a95f0aea,3,4,0.9554744362831116
a95f0aea,3,5,0.9334744215011597
a95f0aea,4,1,0.9796561002731323
a95f0aea,4,2,0.9845810532569885
a95f0aea,4,3,0.9554744362831116
a95f0aea,4,4,1.0
a95f0aea,4,5,0.9859107136726379
a95f0aea,5,1,0.975572943687439
a95f0aea,5,2,0.9691441059112549
a95f0aea,5,3,0.9334744215011597
a95f0aea,5,4,0.9859107136726379
a95f0aea,5,5,1.0
a966d7fd,1,1,1.0
a966d7fd,1,2,0.9976096153259277
a966d7fd,1,3,0.9947709441184998
a966d7fd,1,4,0.994617760181427
a966d7fd,1,5,0.9884821772575378
a966d7fd,1,6,0.9892024397850037
a966d7fd,1,7,0.9748464822769165
a966d7fd,1,8,0.9902751445770264
a966d7fd,1,9,0.9819570183753967
a966d7fd,2,1,0.9976096153259277
a966d7fd,2,2,1.0
a966d7fd,2,3,0.9942299723625183
a966d7fd,2,4,0.9971555471420288
a966d7fd,2,5,0.9935122132301331
a966d7fd,2,6,0.9918456673622131
a966d7fd,2,7,0.9829636812210083
a966d7fd,2,8,0.9913612604141235
a966d7fd,2,9,0.9869927167892456
a966d7fd,3,1,0.9947709441184998
a966d7fd,3,2,0.9942299723625183
a966d7fd,3,3,1.0000001192092896
a966d7fd,3,4,0.9908971786499023
a966d7fd,3,5,0.9942842125892639
a966d7fd,3,6,0.9905968904495239
a966d7fd,3,7,0.9767249822616577
a966d7fd,3,8,0.981907069683075
a966d7fd,3,9,0.9720852971076965
a966d7fd,4,1,0.994617760181427
a966d7fd,4,2,0.9971555471420288
a966d7fd,4,3,0.9908971786499023
a966d7fd,4,4,1.0
a966d7fd,4,5,0.9906123876571655
a966d7fd,4,6,0.9942569732666016
a966d7fd,4,7,0.9819013476371765
a966d7fd,4,8,0.9878785610198975
a966d7fd,4,9,0.9836719632148743
a966d7fd,5,1,0.9884821772575378
a966d7fd,5,2,0.9935122132301331
a966d7fd,5,3,0.9942842125892639
a966d7fd,5,4,0.9906123876571655
a966d7fd,5,5,1.0
a966d7fd,5,6,0.9924799203872681
a966d7fd,5,7,0.9918045401573181
a966d7fd,5,8,0.9828831553459167
a966d7fd,5,9,0.9819532632827759
a966d7fd,6,1,0.9892024397850037
a966d7fd,6,2,0.9918456673622131
a966d7fd,6,3,0.9905968904495239
a966d7fd,6,4,0.9942569732666016
a966d7fd,6,5,0.9924799203872681
a966d7fd,6,6,1.000000238418579
a966d7fd,6,7,0.9859044551849365
a966d7fd,6,8,0.9754156470298767
a966d7fd,6,9,0.9808259010314941
a966d7fd,7,1,0.9748464822769165
a966d7fd,7,2,0.9829636812210083
a966d7fd,7,3,0.9767249822616577
a966d7fd,7,4,0.9819013476371765
a966d7fd,7,5,0.9918045401573181
a966d7fd,7,6,0.9859044551849365
a966d7fd,7,7,1.0
a966d7fd,7,8,0.9760643839836121
a966d7fd,7,9,0.9849645495414734
a966d7fd,8,1,0.9902751445770264
a966d7fd,8,2,0.9913612604141235
a966d7fd,8,3,0.981907069683075
a966d7fd,8,4,0.9878785610198975
a966d7fd,8,5,0.9828831553459167
a966d7fd,8,6,0.9754156470298767
a966d7fd,8,7,0.9760643839836121
a966d7fd,8,8,0.9999999403953552
a966d7fd,8,9,0.9870023131370544
a966d7fd,9,1,0.9819570183753967
a966d7fd,9,2,0.9869927167892456
a966d7fd,9,3,0.9720852971076965
a966d7fd,9,4,0.9836719632148743
a966d7fd,9,5,0.9819532632827759
a966d7fd,9,6,0.9808259010314941
a966d7fd,9,7,0.9849645495414734
a966d7fd,9,8,0.9870023131370544
a966d7fd,9,9,1.0000001192092896
a97wplik,1,1,0.9999999403953552
a97wplik,1,2,0.9116227030754089
a97wplik,1,3,0.9916864633560181
a97wplik,1,4,0.9894577264785767
a97wplik,2,1,0.9116227030754089
a97wplik,2,2,0.9999998807907104
a97wplik,2,3,0.9225729703903198
a97wplik,2,4,0.9256478548049927
a97wplik,3,1,0.9916864633560181
a97wplik,3,2,0.9225729703903198
a97wplik,3,3,1.0000001192092896
a97wplik,3,4,0.9967154264450073
a97wplik,4,1,0.9894577264785767
a97wplik,4,2,0.9256478548049927
a97wplik,4,3,0.9967154264450073
a97wplik,4,4,1.0
ab2714f3,1,1,0.9999998807907104
ab2714f3,1,2,0.9554452896118164
ab2714f3,1,3,0.9840020537376404
ab2714f3,1,4,0.9841804504394531
ab2714f3,1,5,0.9925790429115295
ab2714f3,1,6,0.9514439105987549
ab2714f3,1,7,0.9634931087493896
ab2714f3,1,8,0.9332478046417236
ab2714f3,2,1,0.9554452896118164
ab2714f3,2,2,0.9999999403953552
ab2714f3,2,3,0.9685027003288269
ab2714f3,2,4,0.9667821526527405
ab2714f3,2,5,0.9689403176307678
ab2714f3,2,6,0.9620512127876282
ab2714f3,2,7,0.9816625714302063
ab2714f3,2,8,0.9586763978004456
ab2714f3,3,1,0.9840020537376404
ab2714f3,3,2,0.9685027003288269
ab2714f3,3,3,0.9999999403953552
ab2714f3,3,4,0.9969603419303894
ab2714f3,3,5,0.9786474108695984
ab2714f3,3,6,0.9280260801315308
ab2714f3,3,7,0.9547268748283386
ab2714f3,3,8,0.9210542440414429
ab2714f3,4,1,0.9841804504394531
ab2714f3,4,2,0.9667821526527405
ab2714f3,4,3,0.9969603419303894
ab2714f3,4,4,1.0
ab2714f3,4,5,0.9804940819740295
ab2714f3,4,6,0.9372068643569946
ab2714f3,4,7,0.9570784568786621
ab2714f3,4,8,0.9239510297775269
ab2714f3,5,1,0.9925790429115295
ab2714f3,5,2,0.9689403176307678
ab2714f3,5,3,0.9786474108695984
ab2714f3,5,4,0.9804940819740295
ab2714f3,5,5,0.9999998807907104
ab2714f3,5,6,0.9657059907913208
ab2714f3,5,7,0.9715073108673096
ab2714f3,5,8,0.9556452631950378
ab2714f3,6,1,0.9514439105987549
ab2714f3,6,2,0.9620512127876282
ab2714f3,6,3,0.9280260801315308
ab2714f3,6,4,0.9372068643569946
ab2714f3,6,5,0.9657059907913208
ab2714f3,6,6,1.0000001192092896
ab2714f3,6,7,0.9921548962593079
ab2714f3,6,8,0.9764032363891602
ab2714f3,7,1,0.9634931087493896
ab2714f3,7,2,0.9816625714302063
ab2714f3,7,3,0.9547268748283386
ab2714f3,7,4,0.9570784568786621
ab2714f3,7,5,0.9715073108673096
ab2714f3,7,6,0.9921548962593079
ab2714f3,7,7,1.0
ab2714f3,7,8,0.9719433784484863
ab2714f3,8,1,0.9332478046417236
ab2714f3,8,2,0.9586763978004456
ab2714f3,8,3,0.9210542440414429
ab2714f3,8,4,0.9239510297775269
ab2714f3,8,5,0.9556452631950378
ab2714f3,8,6,0.9764032363891602
ab2714f3,8,7,0.9719433784484863
ab2714f3,8,8,0.9999999403953552
abhlzx1b,1,1,1.0
abhlzx1b,1,2,0.9860466718673706
abhlzx1b,2,1,0.9860466718673706
abhlzx1b,2,2,1.0000001192092896
adf443e1,1,1,0.9999998807907104
adf443e1,1,2,0.9959676265716553
adf443e1,1,3,0.9833459854125977
adf443e1,1,4,0.984617292881012
adf443e1,1,5,0.983411967754364
adf443e1,1,6,0.9944432973861694
adf443e1,1,7,0.9612488150596619
adf443e1,1,8,0.9781052470207214
adf443e1,1,9,0.9850195646286011
adf443e1,1,10,0.9599688649177551
adf443e1,1,11,0.9784841537475586
adf443e1,2,1,0.9959676265716553
adf443e1,2,2,1.0
adf443e1,2,3,0.9910168647766113
adf443e1,2,4,0.9862588047981262
adf443e1,2,5,0.9867838621139526
adf443e1,2,6,0.9889791011810303
adf443e1,2,7,0.962479829788208
adf443e1,2,8,0.981544017791748
adf443e1,2,9,0.9827552437782288
adf443e1,2,10,0.9675078392028809
adf443e1,2,11,0.9872164130210876
adf443e1,3,1,0.9833459854125977
adf443e1,3,2,0.9910168647766113
adf443e1,3,3,1.0000001192092896
adf443e1,3,4,0.9937402009963989
adf443e1,3,5,0.9933565855026245
adf443e1,3,6,0.9853633046150208
adf443e1,3,7,0.9688672423362732
adf443e1,3,8,0.9626628160476685
adf443e1,3,9,0.9816088676452637
adf443e1,3,10,0.9869258403778076
adf443e1,3,11,0.9972445964813232
adf443e1,4,1,0.984617292881012
adf443e1,4,2,0.9862588047981262
adf443e1,4,3,0.9937402009963989
adf443e1,4,4,0.9999998807907104
adf443e1,4,5,0.9991328716278076
adf443e1,4,6,0.9942957758903503
adf443e1,4,7,0.984123170375824
adf443e1,4,8,0.9450328350067139
adf443e1,4,9,0.9888898730278015
adf443e1,4,10,0.9793912172317505
adf443e1,4,11,0.9908943176269531
adf443e1,5,1,0.983411967754364
adf443e1,5,2,0.9867838621139526
adf443e1,5,3,0.9933565855026245
adf443e1,5,4,0.9991328716278076
adf443e1,5,5,0.9999999403953552
adf443e1,5,6,0.992871105670929
adf443e1,5,7,0.9884196519851685
adf443e1,5,8,0.946718692779541
adf443e1,5,9,0.9906414151191711
adf443e1,5,10,0.9795458316802979
adf443e1,5,11,0.9914763569831848
adf443e1,6,1,0.9944432973861694
adf443e1,6,2,0.9889791011810303
adf443e1,6,3,0.9853633046150208
adf443e1,6,4,0.9942957758903503
adf443e1,6,5,0.992871105670929
adf443e1,6,6,0.9999999403953552
adf443e1,6,7,0.9784067273139954
adf443e1,6,8,0.9563040733337402
adf443e1,6,9,0.9917131066322327
adf443e1,6,10,0.9667463898658752
adf443e1,6,11,0.9807493686676025
adf443e1,7,1,0.9612488150596619
adf443e1,7,2,0.962479829788208
adf443e1,7,3,0.9688672423362732
adf443e1,7,4,0.984123170375824
adf443e1,7,5,0.9884196519851685
adf443e1,7,6,0.9784067273139954
adf443e1,7,7,0.9999999403953552
adf443e1,7,8,0.9185910820960999
adf443e1,7,9,0.9852529168128967
adf443e1,7,10,0.9660133719444275
adf443e1,7,11,0.97015380859375
adf443e1,8,1,0.9781052470207214
adf443e1,8,2,0.981544017791748
adf443e1,8,3,0.9626628160476685
adf443e1,8,4,0.9450328350067139
adf443e1,8,5,0.946718692779541
adf443e1,8,6,0.9563040733337402
adf443e1,8,7,0.9185910820960999
adf443e1,8,8,0.9999998807907104
adf443e1,8,9,0.9564784169197083
adf443e1,8,10,0.9428185224533081
adf443e1,8,11,0.9628666639328003
adf443e1,9,1,0.9850195646286011
adf443e1,9,2,0.9827552437782288
adf443e1,9,3,0.9816088676452637
adf443e1,9,4,0.9888898730278015
adf443e1,9,5,0.9906414151191711
adf443e1,9,6,0.9917131066322327
adf443e1,9,7,0.9852529168128967
adf443e1,9,8,0.9564784169197083
adf443e1,9,9,1.0000001192092896
adf443e1,9,10,0.969538688659668
adf443e1,9,11,0.9796266555786133
adf443e1,10,1,0.9599688649177551
adf443e1,10,2,0.9675078392028809
adf443e1,10,3,0.9869258403778076
adf443e1,10,4,0.9793912172317505
adf443e1,10,5,0.9795458316802979
adf443e1,10,6,0.9667463898658752
adf443e1,10,7,0.9660133719444275
adf443e1,10,8,0.9428185224533081
adf443e1,10,9,0.969538688659668
adf443e1,10,10,0.9999999403953552
adf443e1,10,11,0.9857053160667419
adf443e1,11,1,0.9784841537475586
adf443e1,11,2,0.9872164130210876
adf443e1,11,3,0.9972445964813232
adf443e1,11,4,0.9908943176269531
adf443e1,11,5,0.9914763569831848
adf443e1,11,6,0.9807493686676025
adf443e1,11,7,0.97015380859375
adf443e1,11,8,0.9628666639328003
adf443e1,11,9,0.9796266555786133
adf443e1,11,10,0.9857053160667419
adf443e1,11,11,1.0
aef0d049,1,1,1.0
aef0d049,1,2,0.9808058738708496
aef0d049,1,3,0.9658260941505432
aef0d049,2,1,0.9808058738708496
aef0d049,2,2,0.9999998807907104
aef0d049,2,3,0.9933609962463379
aef0d049,3,1,0.9658260941505432
aef0d049,3,2,0.9933609962463379
aef0d049,3,3,1.0
aeq4gg50,1,1,1.0
aeq4gg50,1,2,0.9990664124488831
aeq4gg50,1,3,0.9990434646606445
aeq4gg50,1,4,0.9996320009231567
aeq4gg50,1,5,0.9936845302581787
aeq4gg50,1,6,0.9992465972900391
aeq4gg50,1,7,0.9983912706375122
aeq4gg50,1,8,0.9991520643234253
aeq4gg50,1,9,0.9975566864013672
aeq4gg50,1,10,0.9055464267730713
aeq4gg50,1,11,0.9907541871070862
aeq4gg50,2,1,0.9990664124488831
aeq4gg50,2,2,0.9999999403953552
aeq4gg50,2,3,0.9999814033508301
aeq4gg50,2,4,0.9998078346252441
aeq4gg50,2,5,0.9880980253219604
aeq4gg50,2,6,0.999971866607666
aeq4gg50,2,7,0.9999002814292908
aeq4gg50,2,8,0.9965917468070984
aeq4gg50,2,9,0.993865966796875
aeq4gg50,2,10,0.8885012865066528
aeq4gg50,2,11,0.9841704964637756
aeq4gg50,3,1,0.9990434646606445
aeq4gg50,3,2,0.9999814033508301
aeq4gg50,3,3,1.0
aeq4gg50,3,4,0.9998307824134827
aeq4gg50,3,5,0.9879887700080872
aeq4gg50,3,6,0.9999768733978271
aeq4gg50,3,7,0.9998984932899475
aeq4gg50,3,8,0.9965956211090088
aeq4gg50,3,9,0.9938870072364807
aeq4gg50,3,10,0.8883151412010193
aeq4gg50,3,11,0.9840621948242188
aeq4gg50,4,1,0.9996320009231567
aeq4gg50,4,2,0.9998078346252441
aeq4gg50,4,3,0.9998307824134827
aeq4gg50,4,4,0.9999998807907104
aeq4gg50,4,5,0.9905200004577637
aeq4gg50,4,6,0.9998897910118103
aeq4gg50,4,7,0.9994838237762451
aeq4gg50,4,8,0.9978968501091003
aeq4gg50,4,9,0.9956770539283752
aeq4gg50,4,10,0.8956099152565002
aeq4gg50,4,11,0.9869774580001831
aeq4gg50,5,1,0.9936845302581787
aeq4gg50,5,2,0.9880980253219604
aeq4gg50,5,3,0.9879887700080872
aeq4gg50,5,4,0.9905200004577637
aeq4gg50,5,5,1.0
aeq4gg50,5,6,0.9887315034866333
aeq4gg50,5,7,0.9858954548835754
aeq4gg50,5,8,0.9971680641174316
aeq4gg50,5,9,0.9985619187355042
aeq4gg50,5,10,0.9441810846328735
aeq4gg50,5,11,0.9995841979980469
aeq4gg50,6,1,0.9992465972900391
aeq4gg50,6,2,0.999971866607666
aeq4gg50,6,3,0.9999768733978271
aeq4gg50,6,4,0.9998897910118103
aeq4gg50,6,5,0.9887315034866333
aeq4gg50,6,6,0.9999999403953552
aeq4gg50,6,7,0.9998229146003723
aeq4gg50,6,8,0.9969876408576965
aeq4gg50,6,9,0.9944136142730713
aeq4gg50,6,10,0.8904722929000854
aeq4gg50,6,11,0.9849393963813782
aeq4gg50,7,1,0.9983912706375122
aeq4gg50,7,2,0.9999002814292908
aeq4gg50,7,3,0.9998984932899475
aeq4gg50,7,4,0.9994838237762451
aeq4gg50,7,5,0.9858954548835754
aeq4gg50,7,6,0.9998229146003723
aeq4gg50,7,7,1.0000001192092896
aeq4gg50,7,8,0.9953942894935608
aeq4gg50,7,9,0.9923029541969299
aeq4gg50,7,10,0.8824634552001953
aeq4gg50,7,11,0.9816573858261108
aeq4gg50,8,1,0.9991520643234253
aeq4gg50,8,2,0.9965917468070984
aeq4gg50,8,3,0.9965956211090088
aeq4gg50,8,4,0.9978968501091003
aeq4gg50,8,5,0.9971680641174316
aeq4gg50,8,6,0.9969876408576965
aeq4gg50,8,7,0.9953942894935608
aeq4gg50,8,8,1.0
aeq4gg50,8,9,0.9995507597923279
aeq4gg50,8,10,0.9210270643234253
aeq4gg50,8,11,0.9951862692832947
aeq4gg50,9,1,0.9975566864013672
aeq4gg50,9,2,0.993865966796875
aeq4gg50,9,3,0.9938870072364807
aeq4gg50,9,4,0.9956770539283752
aeq4gg50,9,5,0.9985619187355042
aeq4gg50,9,6,0.9944136142730713
aeq4gg50,9,7,0.9923029541969299
aeq4gg50,9,8,0.9995507597923279
aeq4gg50,9,9,1.0000001192092896
aeq4gg50,9,10,0.931347131729126
aeq4gg50,9,11,0.9972985982894897
aeq4gg50,10,1,0.9055464267730713
aeq4gg50,10,2,0.8885012865066528
aeq4gg50,10,3,0.8883151412010193
aeq4gg50,10,4,0.8956099152565002
aeq4gg50,10,5,0.9441810846328735
aeq4gg50,10,6,0.8904722929000854
aeq4gg50,10,7,0.8824634552001953
aeq4gg50,10,8,0.9210270643234253
aeq4gg50,10,9,0.931347131729126
aeq4gg50,10,10,1.0000001192092896
aeq4gg50,10,11,0.9522334337234497
aeq4gg50,11,1,0.9907541871070862
aeq4gg50,11,2,0.9841704964637756
aeq4gg50,11,3,0.9840621948242188
aeq4gg50,11,4,0.9869774580001831
aeq4gg50,11,5,0.9995841979980469
aeq4gg50,11,6,0.9849393963813782
aeq4gg50,11,7,0.9816573858261108
aeq4gg50,11,8,0.9951862692832947
aeq4gg50,11,9,0.9972985982894897
aeq4gg50,11,10,0.9522334337234497
aeq4gg50,11,11,0.9999999403953552
ah5t8wcp,1,1,0.9999999403953552
ah5t8wcp,1,2,0.9884364604949951
ah5t8wcp,1,3,0.9871155619621277
ah5t8wcp,1,4,0.9774503111839294
ah5t8wcp,1,5,0.9992257952690125
ah5t8wcp,1,6,0.9899131059646606
ah5t8wcp,1,7,0.9907159209251404
ah5t8wcp,1,8,0.9934878945350647
ah5t8wcp,1,9,0.9935162663459778
ah5t8wcp,1,10,0.9940727949142456
ah5t8wcp,1,11,0.9948946833610535
ah5t8wcp,1,12,0.9935930967330933
ah5t8wcp,1,13,0.9943388104438782
ah5t8wcp,2,1,0.9884364604949951
ah5t8wcp,2,2,1.0
ah5t8wcp,2,3,0.9879927635192871
ah5t8wcp,2,4,0.9863741397857666
ah5t8wcp,2,5,0.990031898021698
ah5t8wcp,2,6,0.9826537370681763
ah5t8wcp,2,7,0.977755069732666
ah5t8wcp,2,8,0.9832355380058289
ah5t8wcp,2,9,0.9772253632545471
ah5t8wcp,2,10,0.9817003011703491
ah5t8wcp,2,11,0.9847603440284729
ah5t8wcp,2,12,0.9856276512145996
ah5t8wcp,2,13,0.9827220439910889
ah5t8wcp,3,1,0.9871155619621277
ah5t8wcp,3,2,0.9879927635192871
ah5t8wcp,3,3,1.0
ah5t8wcp,3,4,0.9943515658378601
ah5t8wcp,3,5,0.9899845123291016
ah5t8wcp,3,6,0.9958482384681702
ah5t8wcp,3,7,0.9922509789466858
ah5t8wcp,3,8,0.993498682975769
ah5t8wcp,3,9,0.9878010749816895
ah5t8wcp,3,10,0.99079829454422
ah5t8wcp,3,11,0.9927430748939514
ah5t8wcp,3,12,0.9916389584541321
ah5t8wcp,3,13,0.9880377650260925
ah5t8wcp,4,1,0.9774503111839294
ah5t8wcp,4,2,0.9863741397857666
ah5t8wcp,4,3,0.9943515658378601
ah5t8wcp,4,4,0.9999999403953552
ah5t8wcp,4,5,0.9816616773605347
ah5t8wcp,4,6,0.9871482849121094
ah5t8wcp,4,7,0.9785358905792236
ah5t8wcp,4,8,0.9796978831291199
ah5t8wcp,4,9,0.9741259217262268
ah5t8wcp,4,10,0.9795305728912354
ah5t8wcp,4,11,0.9821621775627136
ah5t8wcp,4,12,0.9795389771461487
ah5t8wcp,4,13,0.9753934144973755
ah5t8wcp,5,1,0.9992257952690125
ah5t8wcp,5,2,0.990031898021698
ah5t8wcp,5,3,0.9899845123291016
ah5t8wcp,5,4,0.9816616773605347
ah5t8wcp,5,5,0.9999999403953552
ah5t8wcp,5,6,0.9907516241073608
ah5t8wcp,5,7,0.9899298548698425
ah5t8wcp,5,8,0.9933645725250244
ah5t8wcp,5,9,0.9917851686477661
ah5t8wcp,5,10,0.9930706024169922
ah5t8wcp,5,11,0.9946787357330322
ah5t8wcp,5,12,0.9929426312446594
ah5t8wcp,5,13,0.9927780628204346
ah5t8wcp,6,1,0.9899131059646606
ah5t8wcp,6,2,0.9826537370681763
ah5t8wcp,6,3,0.9958482384681702
ah5t8wcp,6,4,0.9871482849121094
ah5t8wcp,6,5,0.9907516241073608
ah5t8wcp,6,6,1.0000001192092896
ah5t8wcp,6,7,0.9970086216926575
ah5t8wcp,6,8,0.9947437644004822
ah5t8wcp,6,9,0.9923790097236633
ah5t8wcp,6,10,0.9927971363067627
ah5t8wcp,6,11,0.9937151074409485
ah5t8wcp,6,12,0.9916338324546814
ah5t8wcp,6,13,0.990095317363739
ah5t8wcp,7,1,0.9907159209251404
ah5t8wcp,7,2,0.977755069732666
ah5t8wcp,7,3,0.9922509789466858
ah5t8wcp,7,4,0.9785358905792236
ah5t8wcp,7,5,0.9899298548698425
ah5t8wcp,7,6,0.9970086216926575
ah5t8wcp,7,7,1.0000001192092896
ah5t8wcp,7,8,0.9983620643615723
ah5t8wcp,7,9,0.9979410171508789
ah5t8wcp,7,10,0.997324526309967
ah5t8wcp,7,11,0.9969841837882996
ah5t8wcp,7,12,0.9962639212608337
ah5t8wcp,7,13,0.9957536458969116
ah5t8wcp,8,1,0.9934878945350647
ah5t8wcp,8,2,0.9832355380058289
ah5t8wcp,8,3,0.993498682975769
ah5t8wcp,8,4,0.9796978831291199
ah5t8wcp,8,5,0.9933645725250244
ah5t8wcp,8,6,0.9947437644004822
ah5t8wcp,8,7,0.9983620643615723
ah5t8wcp,8,8,1.0000001192092896
ah5t8wcp,8,9,0.9976487159729004
ah5t8wcp,8,10,0.9980953931808472
ah5t8wcp,8,11,0.9988645315170288
ah5t8wcp,8,12,0.9988069534301758
ah5t8wcp,8,13,0.9975537061691284
ah5t8wcp,9,1,0.9935162663459778
ah5t8wcp,9,2,0.9772253632545471
ah5t8wcp,9,3,0.9878010749816895
ah5t8wcp,9,4,0.9741259217262268
ah5t8wcp,9,5,0.9917851686477661
ah5t8wcp,9,6,0.9923790097236633
ah5t8wcp,9,7,0.9979410171508789
ah5t8wcp,9,8,0.9976487159729004
ah5t8wcp,9,9,1.0
ah5t8wcp,9,10,0.9993148446083069
ah5t8wcp,9,11,0.9980117678642273
ah5t8wcp,9,12,0.9975310564041138
ah5t8wcp,9,13,0.9986802339553833
ah5t8wcp,10,1,0.9940727949142456
ah5t8wcp,10,2,0.9817003011703491
ah5t8wcp,10,3,0.99079829454422
ah5t8wcp,10,4,0.9795305728912354
ah5t8wcp,10,5,0.9930706024169922
ah5t8wcp,10,6,0.9927971363067627
ah5t8wcp,10,7,0.997324526309967
ah5t8wcp,10,8,0.9980953931808472
ah5t8wcp,10,9,0.9993148446083069
ah5t8wcp,10,10,0.9999998807907104
ah5t8wcp,10,11,0.9992718696594238
ah5t8wcp,10,12,0.9988803863525391
ah5t8wcp,10,13,0.9993318915367126
ah5t8wcp,11,1,0.9948946833610535
ah5t8wcp,11,2,0.9847603440284729
ah5t8wcp,11,3,0.9927430748939514
ah5t8wcp,11,4,0.9821621775627136
ah5t8wcp,11,5,0.9946787357330322
ah5t8wcp,11,6,0.9937151074409485
ah5t8wcp,11,7,0.9969841837882996
ah5t8wcp,11,8,0.9988645315170288
ah5t8wcp,11,9,0.9980117678642273
ah5t8wcp,11,10,0.9992718696594238
ah5t8wcp,11,11,1.0000001192092896
ah5t8wcp,11,12,0.9992843866348267
ah5t8wcp,11,13,0.9987446069717407
ah5t8wcp,12,1,0.9935930967330933
ah5t8wcp,12,2,0.9856276512145996
ah5t8wcp,12,3,0.9916389584541321
ah5t8wcp,12,4,0.9795389771461487
ah5t8wcp,12,5,0.9929426312446594
ah5t8wcp,12,6,0.9916338324546814
ah5t8wcp,12,7,0.9962639212608337
ah5t8wcp,12,8,0.9988069534301758
ah5t8wcp,12,9,0.9975310564041138
ah5t8wcp,12,10,0.9988803863525391
ah5t8wcp,12,11,0.9992843866348267
ah5t8wcp,12,12,1.0000001192092896
ah5t8wcp,12,13,0.9991809129714966
ah5t8wcp,13,1,0.9943388104438782
ah5t8wcp,13,2,0.9827220439910889
ah5t8wcp,13,3,0.9880377650260925
ah5t8wcp,13,4,0.9753934144973755
ah5t8wcp,13,5,0.9927780628204346
ah5t8wcp,13,6,0.990095317363739
ah5t8wcp,13,7,0.9957536458969116
ah5t8wcp,13,8,0.9975537061691284
ah5t8wcp,13,9,0.9986802339553833
ah5t8wcp,13,10,0.9993318915367126
ah5t8wcp,13,11,0.9987446069717407
ah5t8wcp,13,12,0.9991809129714966
ah5t8wcp,13,13,1.0000001192092896
aourmvs1,1,1,1.0
aourmvs1,1,2,0.9875515699386597
aourmvs1,1,3,0.9928827881813049
aourmvs1,1,4,0.9965419769287109
aourmvs1,2,1,0.9875515699386597
aourmvs1,2,2,0.9999999403953552
aourmvs1,2,3,0.9774261713027954
aourmvs1,2,4,0.9856472611427307
aourmvs1,3,1,0.9928827881813049
aourmvs1,3,2,0.9774261713027954
aourmvs1,3,3,1.0000001192092896
aourmvs1,3,4,0.9862704873085022
aourmvs1,4,1,0.9965419769287109
aourmvs1,4,2,0.9856472611427307
aourmvs1,4,3,0.9862704873085022
aourmvs1,4,4,1.000000238418579
b0d09e6a,1,1,1.0
b0d09e6a,1,2,0.9946805238723755
b0d09e6a,1,3,0.9740698337554932
b0d09e6a,1,4,0.9932911396026611
b0d09e6a,2,1,0.9946805238723755
b0d09e6a,2,2,1.0000001192092896
b0d09e6a,2,3,0.985991358757019
b0d09e6a,2,4,0.986591637134552
b0d09e6a,3,1,0.9740698337554932
b0d09e6a,3,2,0.985991358757019
b0d09e6a,3,3,1.0
b0d09e6a,3,4,0.9803464412689209
b0d09e6a,4,1,0.9932911396026611
b0d09e6a,4,2,0.986591637134552
b0d09e6a,4,3,0.9803464412689209
b0d09e6a,4,4,0.9999999403953552
b0f7e75c,1,1,0.9999999403953552
b0f7e75c,1,2,0.9727399349212646
b0f7e75c,1,3,0.9922835826873779
b0f7e75c,1,4,0.9228236079216003
b0f7e75c,1,5,0.9717195630073547
b0f7e75c,2,1,0.9727399349212646
b0f7e75c,2,2,1.000000238418579
b0f7e75c,2,3,0.9783109426498413
b0f7e75c,2,4,0.9482656717300415
b0f7e75c,2,5,0.9526119828224182
b0f7e75c,3,1,0.9922835826873779
b0f7e75c,3,2,0.9783109426498413
b0f7e75c,3,3,1.0
b0f7e75c,3,4,0.9463854432106018
b0f7e75c,3,5,0.9754060506820679
b0f7e75c,4,1,0.9228236079216003
b0f7e75c,4,2,0.9482656717300415
b0f7e75c,4,3,0.9463854432106018
b0f7e75c,4,4,1.0
b0f7e75c,4,5,0.9528837203979492
b0f7e75c,5,1,0.9717195630073547
b0f7e75c,5,2,0.9526119828224182
b0f7e75c,5,3,0.9754060506820679
b0f7e75c,5,4,0.9528837203979492
b0f7e75c,5,5,0.9999998211860657
b0ffaf3b,1,1,1.0
b0ffaf3b,1,2,0.9954962134361267
b0ffaf3b,1,3,0.9793925881385803
b0ffaf3b,1,4,0.9892988204956055
b0ffaf3b,1,5,0.9876554608345032
b0ffaf3b,2,1,0.9954962134361267
b0ffaf3b,2,2,1.0000001192092896
b0ffaf3b,2,3,0.9847158789634705
b0ffaf3b,2,4,0.9836806654930115
b0ffaf3b,2,5,0.9804717302322388
b0ffaf3b,3,1,0.9793925881385803
b0ffaf3b,3,2,0.9847158789634705
b0ffaf3b,3,3,1.0
b0ffaf3b,3,4,0.9671651124954224
b0ffaf3b,3,5,0.959382176399231
b0ffaf3b,4,1,0.9892988204956055
b0ffaf3b,4,2,0.9836806654930115
b0ffaf3b,4,3,0.9671651124954224
b0ffaf3b,4,4,1.0
b0ffaf3b,4,5,0.9981975555419922
b0ffaf3b,5,1,0.9876554608345032
b0ffaf3b,5,2,0.9804717302322388
b0ffaf3b,5,3,0.959382176399231
b0ffaf3b,5,4,0.9981975555419922
b0ffaf3b,5,5,1.0
b30744df,1,1,1.0
b30744df,1,2,0.9975283741950989
b30744df,1,3,0.9940556287765503
b30744df,1,4,0.9922792315483093
b30744df,1,5,0.9810869097709656
b30744df,1,6,0.9833113551139832
b30744df,2,1,0.9975283741950989
b30744df,2,2,0.9999999403953552
b30744df,2,3,0.9961820840835571
b30744df,2,4,0.9904892444610596
b30744df,2,5,0.9874604344367981
b30744df,2,6,0.9897416234016418
b30744df,3,1,0.9940556287765503
b30744df,3,2,0.9961820840835571
b30744df,3,3,1.0
b30744df,3,4,0.9808074235916138
b30744df,3,5,0.9800935983657837
b30744df,3,6,0.9814561605453491
b30744df,4,1,0.9922792315483093
b30744df,4,2,0.9904892444610596
b30744df,4,3,0.9808074235916138
b30744df,4,4,0.9999999403953552
b30744df,4,5,0.9850723147392273
b30744df,4,6,0.9882087707519531
b30744df,5,1,0.9810869097709656
b30744df,5,2,0.9874604344367981
b30744df,5,3,0.9800935983657837
b30744df,5,4,0.9850723147392273
b30744df,5,5,1.0
b30744df,5,6,0.9981289505958557
b30744df,6,1,0.9833113551139832
b30744df,6,2,0.9897416234016418
b30744df,6,3,0.9814561605453491
b30744df,6,4,0.9882087707519531
b30744df,6,5,0.9981289505958557
b30744df,6,6,1.0
b56be4b1,1,1,1.0000001192092896
b56be4b1,1,2,0.9891936779022217
b56be4b1,1,3,0.9960500001907349
b56be4b1,2,1,0.9891936779022217
b56be4b1,2,2,0.9999998807907104
b56be4b1,2,3,0.993493914604187
b56be4b1,3,1,0.9960500001907349
b56be4b1,3,2,0.993493914604187
b56be4b1,3,3,0.9999998211860657
b604f2dd,1,1,0.9999999403953552
b604f2dd,1,2,0.8698969483375549
b604f2dd,1,3,0.9706532955169678
b604f2dd,1,4,0.9917746782302856
b604f2dd,2,1,0.8698969483375549
b604f2dd,2,2,1.0
b604f2dd,2,3,0.8037546873092651
b604f2dd,2,4,0.8874001502990723
b604f2dd,3,1,0.9706532955169678
b604f2dd,3,2,0.8037546873092651
b604f2dd,3,3,1.0
b604f2dd,3,4,0.967089056968689
b604f2dd,4,1,0.9917746782302856
b604f2dd,4,2,0.8874001502990723
b604f2dd,4,3,0.967089056968689
b604f2dd,4,4,1.0
b68rhj9g,1,1,0.9999999403953552
b68rhj9g,1,2,0.9354917407035828
b68rhj9g,1,3,0.9513605833053589
b68rhj9g,2,1,0.9354917407035828
b68rhj9g,2,2,0.9999998807907104
b68rhj9g,2,3,0.9876221418380737
b68rhj9g,3,1,0.9513605833053589
b68rhj9g,3,2,0.9876221418380737
b68rhj9g,3,3,1.0
ba0e4dd4,1,1,1.0
ba0e4dd4,1,2,0.9973952174186707
ba0e4dd4,1,3,0.9982627630233765
ba0e4dd4,1,4,0.9962654709815979
ba0e4dd4,1,5,0.9989243745803833
ba0e4dd4,1,6,0.9937419295310974
ba0e4dd4,1,7,0.9939165115356445
ba0e4dd4,1,8,0.9952571392059326
ba0e4dd4,2,1,0.9973952174186707
ba0e4dd4,2,2,0.9999999403953552
ba0e4dd4,2,3,0.9988583326339722
ba0e4dd4,2,4,0.9956697225570679
ba0e4dd4,2,5,0.997590184211731
ba0e4dd4,2,6,0.9928826689720154
ba0e4dd4,2,7,0.9904850125312805
ba0e4dd4,2,8,0.9946192502975464
ba0e4dd4,3,1,0.9982627630233765
ba0e4dd4,3,2,0.9988583326339722
ba0e4dd4,3,3,1.0000001192092896
ba0e4dd4,3,4,0.9969916343688965
ba0e4dd4,3,5,0.9987226724624634
ba0e4dd4,3,6,0.9931420087814331
ba0e4dd4,3,7,0.9928490519523621
ba0e4dd4,3,8,0.9962860345840454
ba0e4dd4,4,1,0.9962654709815979
ba0e4dd4,4,2,0.9956697225570679
ba0e4dd4,4,3,0.9969916343688965
ba0e4dd4,4,4,1.0000001192092896
ba0e4dd4,4,5,0.9969100952148438
ba0e4dd4,4,6,0.9846022129058838
ba0e4dd4,4,7,0.996423602104187
ba0e4dd4,4,8,0.993977427482605
ba0e4dd4,5,1,0.9989243745803833
ba0e4dd4,5,2,0.997590184211731
ba0e4dd4,5,3,0.9987226724624634
ba0e4dd4,5,4,0.9969100952148438
ba0e4dd4,5,5,1.0
ba0e4dd4,5,6,0.9935879111289978
ba0e4dd4,5,7,0.9961656928062439
ba0e4dd4,5,8,0.9978378415107727
ba0e4dd4,6,1,0.9937419295310974
ba0e4dd4,6,2,0.9928826689720154
ba0e4dd4,6,3,0.9931420087814331
ba0e4dd4,6,4,0.9846022129058838
ba0e4dd4,6,5,0.9935879111289978
ba0e4dd4,6,6,1.0
ba0e4dd4,6,7,0.9847214818000793
ba0e4dd4,6,8,0.9943459630012512
ba0e4dd4,7,1,0.9939165115356445
ba0e4dd4,7,2,0.9904850125312805
ba0e4dd4,7,3,0.9928490519523621
ba0e4dd4,7,4,0.996423602104187
ba0e4dd4,7,5,0.9961656928062439
ba0e4dd4,7,6,0.9847214818000793
ba0e4dd4,7,7,1.0000001192092896
ba0e4dd4,7,8,0.9960359334945679
ba0e4dd4,8,1,0.9952571392059326
ba0e4dd4,8,2,0.9946192502975464
ba0e4dd4,8,3,0.9962860345840454
ba0e4dd4,8,4,0.993977427482605
ba0e4dd4,8,5,0.9978378415107727
ba0e4dd4,8,6,0.9943459630012512
ba0e4dd4,8,7,0.9960359334945679
ba0e4dd4,8,8,1.0000001192092896
ba538072,1,1,1.0000001192092896
ba538072,1,2,0.9843074679374695
ba538072,1,3,0.9434820413589478
ba538072,1,4,0.9750252366065979
ba538072,1,5,0.9727907776832581
ba538072,1,6,0.9715238809585571
ba538072,1,7,0.9802946448326111
ba538072,1,8,0.9351315498352051
ba538072,1,9,0.9919894933700562
ba538072,1,10,0.9347776770591736
ba538072,1,11,0.9334362745285034
ba538072,1,12,0.8752698302268982
ba538072,1,13,0.9558612108230591
ba538072,2,1,0.9843074679374695
ba538072,2,2,1.0
ba538072,2,3,0.9763064384460449
ba538072,2,4,0.9907048344612122
ba538072,2,5,0.979680597782135
ba538072,2,6,0.9949615001678467
ba538072,2,7,0.9831459522247314
ba538072,2,8,0.9740738868713379
ba538072,2,9,0.9846422672271729
ba538072,2,10,0.9595003724098206
ba538072,2,11,0.9671586751937866
ba538072,2,12,0.9237866401672363
ba538072,2,13,0.9719626307487488
ba538072,3,1,0.9434820413589478
ba538072,3,2,0.9763064384460449
ba538072,3,3,1.0
ba538072,3,4,0.9907857775688171
ba538072,3,5,0.9576472043991089
ba538072,3,6,0.9880480766296387
ba538072,3,7,0.9611117839813232
ba538072,3,8,0.9958605766296387
ba538072,3,9,0.951312780380249
ba538072,3,10,0.9596614241600037
ba538072,3,11,0.9938312768936157
ba538072,3,12,0.9772783517837524
ba538072,3,13,0.9696992635726929
ba538072,4,1,0.9750252366065979
ba538072,4,2,0.9907048344612122
ba538072,4,3,0.9907857775688171
ba538072,4,4,0.9999998807907104
ba538072,4,5,0.9813863039016724
ba538072,4,6,0.992609441280365
ba538072,4,7,0.9808597564697266
ba538072,4,8,0.9836726188659668
ba538072,4,9,0.9773524403572083
ba538072,4,10,0.9632169604301453
ba538072,4,11,0.981541633605957
ba538072,4,12,0.9490479230880737
ba538072,4,13,0.980761706829071
ba538072,5,1,0.9727907776832581
ba538072,5,2,0.979680597782135
ba538072,5,3,0.9576472043991089
ba538072,5,4,0.9813863039016724
ba538072,5,5,0.9999999403953552
ba538072,5,6,0.971664547920227
ba538072,5,7,0.9700534343719482
ba538072,5,8,0.9469918012619019
ba538072,5,9,0.9684075713157654
ba538072,5,10,0.941973865032196
ba538072,5,11,0.9439704418182373
ba538072,5,12,0.8980859518051147
ba538072,5,13,0.9589083790779114
ba538072,6,1,0.9715238809585571
ba538072,6,2,0.9949615001678467
ba538072,6,3,0.9880480766296387
ba538072,6,4,0.992609441280365
ba538072,6,5,0.971664547920227
ba538072,6,6,1.0
ba538072,6,7,0.9761117696762085
ba538072,6,8,0.9896411299705505
ba538072,6,9,0.9773101806640625
ba538072,6,10,0.9605485796928406
ba538072,6,11,0.9834158420562744
ba538072,6,12,0.9533005952835083
ba538072,6,13,0.9694275856018066
ba538072,7,1,0.9802946448326111
ba538072,7,2,0.9831459522247314
ba538072,7,3,0.9611117839813232
ba538072,7,4,0.9808597564697266
ba538072,7,5,0.9700534343719482
ba538072,7,6,0.9761117696762085
ba538072,7,7,1.0
ba538072,7,8,0.9561740159988403
ba538072,7,9,0.992449939250946
ba538072,7,10,0.9745876789093018
ba538072,7,11,0.9574637413024902
ba538072,7,12,0.9064480066299438
ba538072,7,13,0.9890317916870117
ba538072,8,1,0.9351315498352051
ba538072,8,2,0.9740738868713379
ba538072,8,3,0.9958605766296387
ba538072,8,4,0.9836726188659668
ba538072,8,5,0.9469918012619019
ba538072,8,6,0.9896411299705505
ba538072,8,7,0.9561740159988403
ba538072,8,8,1.0
ba538072,8,9,0.9495732188224792
ba538072,8,10,0.9625234603881836
ba538072,8,11,0.9970569014549255
ba538072,8,12,0.9848341345787048
ba538072,8,13,0.9644752144813538
ba538072,9,1,0.9919894933700562
ba538072,9,2,0.9846422672271729
ba538072,9,3,0.951312780380249
ba538072,9,4,0.9773524403572083
ba538072,9,5,0.9684075713157654
ba538072,9,6,0.9773101806640625
ba538072,9,7,0.992449939250946
ba538072,9,8,0.9495732188224792
ba538072,9,9,1.0000001192092896
ba538072,9,10,0.9595006704330444
ba538072,9,11,0.9499479532241821
ba538072,9,12,0.8960325121879578
ba538072,9,13,0.9718517065048218
ba538072,10,1,0.9347776770591736
ba538072,10,2,0.9595003724098206
ba538072,10,3,0.9596614241600037
ba538072,10,4,0.9632169604301453
ba538072,10,5,0.941973865032196
ba538072,10,6,0.9605485796928406
ba538072,10,7,0.9745876789093018
ba538072,10,8,0.9625234603881836
ba538072,10,9,0.9595006704330444
ba538072,10,10,0.9999998807907104
ba538072,10,11,0.9700506329536438
ba538072,10,12,0.9355709552764893
ba538072,10,13,0.9883366227149963
ba538072,11,1,0.9334362745285034
ba538072,11,2,0.9671586751937866
ba538072,11,3,0.9938312768936157
ba538072,11,4,0.981541633605957
ba538072,11,5,0.9439704418182373
ba538072,11,6,0.9834158420562744
ba538072,11,7,0.9574637413024902
ba538072,11,8,0.9970569014549255
ba538072,11,9,0.9499479532241821
ba538072,11,10,0.9700506329536438
ba538072,11,11,1.0000001192092896
ba538072,11,12,0.9881507158279419
ba538072,11,13,0.9683749675750732
ba538072,12,1,0.8752698302268982
ba538072,12,2,0.9237866401672363
ba538072,12,3,0.9772783517837524
ba538072,12,4,0.9490479230880737
ba538072,12,5,0.8980859518051147
ba538072,12,6,0.9533005952835083
ba538072,12,7,0.9064480066299438
ba538072,12,8,0.9848341345787048
ba538072,12,9,0.8960325121879578
ba538072,12,10,0.9355709552764893
ba538072,12,11,0.9881507158279419
ba538072,12,12,1.0
ba538072,12,13,0.930123507976532
ba538072,13,1,0.9558612108230591
ba538072,13,2,0.9719626307487488
ba538072,13,3,0.9696992635726929
ba538072,13,4,0.980761706829071
ba538072,13,5,0.9589083790779114
ba538072,13,6,0.9694275856018066
ba538072,13,7,0.9890317916870117
ba538072,13,8,0.9644752144813538
ba538072,13,9,0.9718517065048218
ba538072,13,10,0.9883366227149963
ba538072,13,11,0.9683749675750732
ba538072,13,12,0.930123507976532
ba538072,13,13,1.0
bb8639e1,1,1,1.0
bb8639e1,1,2,0.9934450387954712
bb8639e1,1,3,0.9980310797691345
bb8639e1,1,4,0.9840913414955139
bb8639e1,1,5,0.9789501428604126
bb8639e1,1,6,0.9680508375167847
bb8639e1,2,1,0.9934450387954712
bb8639e1,2,2,0.9999999403953552
bb8639e1,2,3,0.9961667656898499
bb8639e1,2,4,0.9902543425559998
bb8639e1,2,5,0.985674262046814
bb8639e1,2,6,0.986129105091095
bb8639e1,3,1,0.9980310797691345
bb8639e1,3,2,0.9961667656898499
bb8639e1,3,3,0.9999998807907104
bb8639e1,3,4,0.9848924875259399
bb8639e1,3,5,0.9788155555725098
bb8639e1,3,6,0.9740779399871826
bb8639e1,4,1,0.9840913414955139
bb8639e1,4,2,0.9902543425559998
bb8639e1,4,3,0.9848924875259399
bb8639e1,4,4,1.0000001192092896
bb8639e1,4,5,0.9968123435974121
bb8639e1,4,6,0.972467303276062
bb8639e1,5,1,0.9789501428604126
bb8639e1,5,2,0.985674262046814
bb8639e1,5,3,0.9788155555725098
bb8639e1,5,4,0.9968123435974121
bb8639e1,5,5,1.0
bb8639e1,5,6,0.9692066311836243
bb8639e1,6,1,0.9680508375167847
bb8639e1,6,2,0.986129105091095
bb8639e1,6,3,0.9740779399871826
bb8639e1,6,4,0.972467303276062
bb8639e1,6,5,0.9692066311836243
bb8639e1,6,6,1.0000001192092896
bbe97d18,1,1,1.0000001192092896
bbe97d18,1,2,0.9970608949661255
bbe97d18,1,3,0.9848925471305847
bbe97d18,1,4,0.9847784638404846
bbe97d18,1,5,0.9923559427261353
bbe97d18,1,6,0.9830308556556702
bbe97d18,1,7,0.9863619804382324
bbe97d18,2,1,0.9970608949661255
bbe97d18,2,2,1.0000001192092896
bbe97d18,2,3,0.990054190158844
bbe97d18,2,4,0.9922415018081665
bbe97d18,2,5,0.9947537779808044
bbe97d18,2,6,0.9902178049087524
bbe97d18,2,7,0.9881574511528015
bbe97d18,3,1,0.9848925471305847
bbe97d18,3,2,0.990054190158844
bbe97d18,3,3,1.0000001192092896
bbe97d18,3,4,0.9942309856414795
bbe97d18,3,5,0.9820308685302734
bbe97d18,3,6,0.9921078085899353
bbe97d18,3,7,0.9922998547554016
bbe97d18,4,1,0.9847784638404846
bbe97d18,4,2,0.9922415018081665
bbe97d18,4,3,0.9942309856414795
bbe97d18,4,4,1.0000001192092896
bbe97d18,4,5,0.9903954863548279
bbe97d18,4,6,0.9973471164703369
bbe97d18,4,7,0.9944133758544922
bbe97d18,5,1,0.9923559427261353
bbe97d18,5,2,0.9947537779808044
bbe97d18,5,3,0.9820308685302734
bbe97d18,5,4,0.9903954863548279
bbe97d18,5,5,1.0000001192092896
bbe97d18,5,6,0.9925717115402222
bbe97d18,5,7,0.9914721250534058
bbe97d18,6,1,0.9830308556556702
bbe97d18,6,2,0.9902178049087524
bbe97d18,6,3,0.9921078085899353
bbe97d18,6,4,0.9973471164703369
bbe97d18,6,5,0.9925717115402222
bbe97d18,6,6,1.0000001192092896
bbe97d18,6,7,0.9961361885070801
bbe97d18,7,1,0.9863619804382324
bbe97d18,7,2,0.9881574511528015
bbe97d18,7,3,0.9922998547554016
bbe97d18,7,4,0.9944133758544922
bbe97d18,7,5,0.9914721250534058
bbe97d18,7,6,0.9961361885070801
bbe97d18,7,7,1.0000001192092896
bc844942,1,1,0.9999998807907104
bc844942,1,2,0.9918663501739502
bc844942,2,1,0.9918663501739502
bc844942,2,2,1.0
bcb6e338,1,1,1.0
bcb6e338,1,2,0.9652937650680542
bcb6e338,1,3,0.9911035895347595
bcb6e338,1,4,0.9581579566001892
bcb6e338,1,5,0.929223358631134
bcb6e338,1,6,0.9628487229347229
bcb6e338,1,7,0.9939622282981873
bcb6e338,2,1,0.9652937650680542
bcb6e338,2,2,0.9999999403953552
bcb6e338,2,3,0.9712993502616882
bcb6e338,2,4,0.9846482276916504
bcb6e338,2,5,0.9850439429283142
bcb6e338,2,6,0.9900920391082764
bcb6e338,2,7,0.9459710121154785
bcb6e338,3,1,0.9911035895347595
bcb6e338,3,2,0.9712993502616882
bcb6e338,3,3,1.0000001192092896
bcb6e338,3,4,0.9544888734817505
bcb6e338,3,5,0.9325382113456726
bcb6e338,3,6,0.9694693088531494
bcb6e338,3,7,0.9891703724861145
bcb6e338,4,1,0.9581579566001892
bcb6e338,4,2,0.9846482276916504
bcb6e338,4,3,0.9544888734817505
bcb6e338,4,4,1.000000238418579
bcb6e338,4,5,0.9577776193618774
bcb6e338,4,6,0.9610368609428406
bcb6e338,4,7,0.9397370219230652
bcb6e338,5,1,0.929223358631134
bcb6e338,5,2,0.9850439429283142
bcb6e338,5,3,0.9325382113456726
bcb6e338,5,4,0.9577776193618774
bcb6e338,5,5,1.0000001192092896
bcb6e338,5,6,0.9891707897186279
bcb6e338,5,7,0.9018955826759338
bcb6e338,6,1,0.9628487229347229
bcb6e338,6,2,0.9900920391082764
bcb6e338,6,3,0.9694693088531494
bcb6e338,6,4,0.9610368609428406
bcb6e338,6,5,0.9891707897186279
bcb6e338,6,6,1.0
bcb6e338,6,7,0.9440373182296753
bcb6e338,7,1,0.9939622282981873
bcb6e338,7,2,0.9459710121154785
bcb6e338,7,3,0.9891703724861145
bcb6e338,7,4,0.9397370219230652
bcb6e338,7,5,0.9018955826759338
bcb6e338,7,6,0.9440373182296753
bcb6e338,7,7,1.0
bdd5e6b3,1,1,1.0000001192092896
bdd5e6b3,1,2,0.9953758716583252
bdd5e6b3,1,3,0.9929891228675842
bdd5e6b3,1,4,0.9932060241699219
bdd5e6b3,1,5,0.9819158315658569
bdd5e6b3,2,1,0.9953758716583252
bdd5e6b3,2,2,1.0000001192092896
bdd5e6b3,2,3,0.9977721571922302
bdd5e6b3,2,4,0.9944493770599365
bdd5e6b3,2,5,0.9717370271682739
bdd5e6b3,3,1,0.9929891228675842
bdd5e6b3,3,2,0.9977721571922302
bdd5e6b3,3,3,1.0
bdd5e6b3,3,4,0.9941139221191406
bdd5e6b3,3,5,0.9682415723800659
bdd5e6b3,4,1,0.9932060241699219
bdd5e6b3,4,2,0.9944493770599365
bdd5e6b3,4,3,0.9941139221191406
bdd5e6b3,4,4,1.0
bdd5e6b3,4,5,0.9629530310630798
bdd5e6b3,5,1,0.9819158315658569
bdd5e6b3,5,2,0.9717370271682739
bdd5e6b3,5,3,0.9682415723800659
bdd5e6b3,5,4,0.9629530310630798
bdd5e6b3,5,5,1.0
bsk7omj7,1,1,1.0000001192092896
bsk7omj7,1,2,0.9993868470191956
bsk7omj7,1,3,0.995919942855835
bsk7omj7,1,4,0.9972761273384094
bsk7omj7,1,5,0.9989601969718933
bsk7omj7,1,6,0.9970632195472717
bsk7omj7,1,7,0.9974579215049744
bsk7omj7,1,8,0.9977160692214966
bsk7omj7,1,9,0.9974871277809143
bsk7omj7,1,10,0.9967080950737
bsk7omj7,1,11,0.9921430945396423
bsk7omj7,1,12,0.9971902370452881
bsk7omj7,1,13,0.9954143166542053
bsk7omj7,1,14,0.9953462481498718
bsk7omj7,1,15,0.9945006966590881
bsk7omj7,1,16,0.9941989183425903
bsk7omj7,1,17,0.9955398440361023
bsk7omj7,1,18,0.9942861795425415
bsk7omj7,1,19,0.9942283034324646
bsk7omj7,1,20,0.9948285818099976
bsk7omj7,2,1,0.9993868470191956
bsk7omj7,2,2,0.9999999403953552
bsk7omj7,2,3,0.9978803396224976
bsk7omj7,2,4,0.9987732172012329
bsk7omj7,2,5,0.9981485605239868
bsk7omj7,2,6,0.9988234043121338
bsk7omj7,2,7,0.9984692335128784
bsk7omj7,2,8,0.9972432255744934
bsk7omj7,2,9,0.9982761144638062
bsk7omj7,2,10,0.9968214631080627
bsk7omj7,2,11,0.9942426085472107
bsk7omj7,2,12,0.9976145029067993
bsk7omj7,2,13,0.9972437024116516
bsk7omj7,2,14,0.9959115982055664
bsk7omj7,2,15,0.9948879480361938
bsk7omj7,2,16,0.9959039092063904
bsk7omj7,2,17,0.996365487575531
bsk7omj7,2,18,0.9956401586532593
bsk7omj7,2,19,0.9956449270248413
bsk7omj7,2,20,0.9949662685394287
bsk7omj7,3,1,0.995919942855835
bsk7omj7,3,2,0.9978803396224976
bsk7omj7,3,3,1.0
bsk7omj7,3,4,0.9993442296981812
bsk7omj7,3,5,0.9940928220748901
bsk7omj7,3,6,0.9979610443115234
bsk7omj7,3,7,0.9967588782310486
bsk7omj7,3,8,0.9931148290634155
bsk7omj7,3,9,0.9965608716011047
bsk7omj7,3,10,0.9934175610542297
bsk7omj7,3,11,0.9943599104881287
bsk7omj7,3,12,0.9959307312965393
bsk7omj7,3,13,0.9975915551185608
bsk7omj7,3,14,0.9953932166099548
bsk7omj7,3,15,0.9915102124214172
bsk7omj7,3,16,0.9968360066413879
bsk7omj7,3,17,0.9956332445144653
bsk7omj7,3,18,0.9961191415786743
bsk7omj7,3,19,0.9956660866737366
bsk7omj7,3,20,0.9932048320770264
bsk7omj7,4,1,0.9972761273384094
bsk7omj7,4,2,0.9987732172012329
bsk7omj7,4,3,0.9993442296981812
bsk7omj7,4,4,1.0
bsk7omj7,4,5,0.9958366751670837
bsk7omj7,4,6,0.9987789392471313
bsk7omj7,4,7,0.998546838760376
bsk7omj7,4,8,0.9958046674728394
bsk7omj7,4,9,0.9984742403030396
bsk7omj7,4,10,0.9964280128479004
bsk7omj7,4,11,0.9963739514350891
bsk7omj7,4,12,0.997769832611084
bsk7omj7,4,13,0.9983505010604858
bsk7omj7,4,14,0.9970022439956665
bsk7omj7,4,15,0.9945446252822876
bsk7omj7,4,16,0.9980340003967285
bsk7omj7,4,17,0.9977636933326721
bsk7omj7,4,18,0.9976687431335449
bsk7omj7,4,19,0.9973733425140381
bsk7omj7,4,20,0.9954662322998047
bsk7omj7,5,1,0.9989601969718933
bsk7omj7,5,2,0.9981485605239868
bsk7omj7,5,3,0.9940928220748901
bsk7omj7,5,4,0.9958366751670837
bsk7omj7,5,5,1.000000238418579
bsk7omj7,5,6,0.9968242049217224
bsk7omj7,5,7,0.9979653358459473
bsk7omj7,5,8,0.9989668130874634
bsk7omj7,5,9,0.998112142086029
bsk7omj7,5,10,0.9971495270729065
bsk7omj7,5,11,0.9903753399848938
bsk7omj7,5,12,0.9980501532554626
bsk7omj7,5,13,0.9959356188774109
bsk7omj7,5,14,0.9948690533638
bsk7omj7,5,15,0.9953232407569885
bsk7omj7,5,16,0.9932739734649658
bsk7omj7,5,17,0.9963632225990295
bsk7omj7,5,18,0.994748055934906
bsk7omj7,5,19,0.9954980611801147
bsk7omj7,5,20,0.996904194355011
bsk7omj7,6,1,0.9970632195472717
bsk7omj7,6,2,0.9988234043121338
bsk7omj7,6,3,0.9979610443115234
bsk7omj7,6,4,0.9987789392471313
bsk7omj7,6,5,0.9968242049217224
bsk7omj7,6,6,0.9999998807907104
bsk7omj7,6,7,0.9991874098777771
bsk7omj7,6,8,0.9970306754112244
bsk7omj7,6,9,0.9989349246025085
bsk7omj7,6,10,0.9970784187316895
bsk7omj7,6,11,0.9957027435302734
bsk7omj7,6,12,0.9981317520141602
bsk7omj7,6,13,0.998957633972168
bsk7omj7,6,14,0.9959500432014465
bsk7omj7,6,15,0.9958848357200623
bsk7omj7,6,16,0.9970083832740784
bsk7omj7,6,17,0.9974676370620728
bsk7omj7,6,18,0.9973495006561279
bsk7omj7,6,19,0.9977580308914185
bsk7omj7,6,20,0.9962456226348877
bsk7omj7,7,1,0.9974579215049744
bsk7omj7,7,2,0.9984692335128784
bsk7omj7,7,3,0.9967588782310486
bsk7omj7,7,4,0.998546838760376
bsk7omj7,7,5,0.9979653358459473
bsk7omj7,7,6,0.9991874098777771
bsk7omj7,7,7,0.9999997615814209
bsk7omj7,7,8,0.9986191987991333
bsk7omj7,7,9,0.9997856616973877
bsk7omj7,7,10,0.9985668659210205
bsk7omj7,7,11,0.9953253865242004
bsk7omj7,7,12,0.9990870952606201
bsk7omj7,7,13,0.9987055063247681
bsk7omj7,7,14,0.9966723322868347
bsk7omj7,7,15,0.9967761039733887
bsk7omj7,7,16,0.9969594478607178
bsk7omj7,7,17,0.9986932873725891
bsk7omj7,7,18,0.997768223285675
bsk7omj7,7,19,0.9984921216964722
bsk7omj7,7,20,0.9977654218673706
bsk7omj7,8,1,0.9977160692214966
bsk7omj7,8,2,0.9972432255744934
bsk7omj7,8,3,0.9931148290634155
bsk7omj7,8,4,0.9958046674728394
bsk7omj7,8,5,0.9989668130874634
bsk7omj7,8,6,0.9970306754112244
bsk7omj7,8,7,0.9986191987991333
bsk7omj7,8,8,1.0000001192092896
bsk7omj7,8,9,0.9988594055175781
bsk7omj7,8,10,0.9993569254875183
bsk7omj7,8,11,0.9936251640319824
bsk7omj7,8,12,0.9991437792778015
bsk7omj7,8,13,0.9967458844184875
bsk7omj7,8,14,0.9966605305671692
bsk7omj7,8,15,0.9979447722434998
bsk7omj7,8,16,0.9953233599662781
bsk7omj7,8,17,0.9979780316352844
bsk7omj7,8,18,0.9966026544570923
bsk7omj7,8,19,0.9970876574516296
bsk7omj7,8,20,0.9982414841651917
bsk7omj7,9,1,0.9974871277809143
bsk7omj7,9,2,0.9982761144638062
bsk7omj7,9,3,0.9965608716011047
bsk7omj7,9,4,0.9984742403030396
bsk7omj7,9,5,0.998112142086029
bsk7omj7,9,6,0.9989349246025085
bsk7omj7,9,7,0.9997856616973877
bsk7omj7,9,8,0.9988594055175781
bsk7omj7,9,9,0.9999998807907104
bsk7omj7,9,10,0.9988141059875488
bsk7omj7,9,11,0.9957053661346436
bsk7omj7,9,12,0.9995320439338684
bsk7omj7,9,13,0.9987993836402893
bsk7omj7,9,14,0.9972652792930603
bsk7omj7,9,15,0.9974302649497986
bsk7omj7,9,16,0.9974019527435303
bsk7omj7,9,17,0.9993171095848083
bsk7omj7,9,18,0.9984760284423828
bsk7omj7,9,19,0.9989513158798218
bsk7omj7,9,20,0.998399555683136
bsk7omj7,10,1,0.9967080950737
bsk7omj7,10,2,0.9968214631080627
bsk7omj7,10,3,0.9934175610542297
bsk7omj7,10,4,0.9964280128479004
bsk7omj7,10,5,0.9971495270729065
bsk7omj7,10,6,0.9970784187316895
bsk7omj7,10,7,0.9985668659210205
bsk7omj7,10,8,0.9993569254875183
bsk7omj7,10,9,0.9988141059875488
bsk7omj7,10,10,0.9999999403953552
bsk7omj7,10,11,0.9964655637741089
bsk7omj7,10,12,0.9990512132644653
bsk7omj7,10,13,0.9969748854637146
bsk7omj7,10,14,0.9977056980133057
bsk7omj7,10,15,0.9987636208534241
bsk7omj7,10,16,0.9970146417617798
bsk7omj7,10,17,0.9984832406044006
bsk7omj7,10,18,0.9974978566169739
bsk7omj7,10,19,0.9974547624588013
bsk7omj7,10,20,0.9977651238441467
bsk7omj7,11,1,0.9921430945396423
bsk7omj7,11,2,0.9942426085472107
bsk7omj7,11,3,0.9943599104881287
bsk7omj7,11,4,0.9963739514350891
bsk7omj7,11,5,0.9903753399848938
bsk7omj7,11,6,0.9957027435302734
bsk7omj7,11,7,0.9953253865242004
bsk7omj7,11,8,0.9936251640319824
bsk7omj7,11,9,0.9957053661346436
bsk7omj7,11,10,0.9964655637741089
bsk7omj7,11,11,1.0
bsk7omj7,11,12,0.9959321022033691
bsk7omj7,11,13,0.9964484572410583
bsk7omj7,11,14,0.9976620674133301
bsk7omj7,11,15,0.9968389272689819
bsk7omj7,11,16,0.998920202255249
bsk7omj7,11,17,0.9965435862541199
bsk7omj7,11,18,0.997352659702301
bsk7omj7,11,19,0.995890200138092
bsk7omj7,11,20,0.9935911893844604
bsk7omj7,12,1,0.9971902370452881
bsk7omj7,12,2,0.9976145029067993
bsk7omj7,12,3,0.9959307312965393
bsk7omj7,12,4,0.997769832611084
bsk7omj7,12,5,0.9980501532554626
bsk7omj7,12,6,0.9981317520141602
bsk7omj7,12,7,0.9990870952606201
bsk7omj7,12,8,0.9991437792778015
bsk7omj7,12,9,0.9995320439338684
bsk7omj7,12,10,0.9990512132644653
bsk7omj7,12,11,0.9959321022033691
bsk7omj7,12,12,1.0000001192092896
bsk7omj7,12,13,0.9988512992858887
bsk7omj7,12,14,0.9984598159790039
bsk7omj7,12,15,0.9981688261032104
bsk7omj7,12,16,0.998012125492096
bsk7omj7,12,17,0.9995180368423462
bsk7omj7,12,18,0.9989851713180542
bsk7omj7,12,19,0.9990320205688477
bsk7omj7,12,20,0.9990441799163818
bsk7omj7,13,1,0.9954143166542053
bsk7omj7,13,2,0.9972437024116516
bsk7omj7,13,3,0.9975915551185608
bsk7omj7,13,4,0.9983505010604858
bsk7omj7,13,5,0.9959356188774109
bsk7omj7,13,6,0.998957633972168
bsk7omj7,13,7,0.9987055063247681
bsk7omj7,13,8,0.9967458844184875
bsk7omj7,13,9,0.9987993836402893
bsk7omj7,13,10,0.9969748854637146
bsk7omj7,13,11,0.9964484572410583
bsk7omj7,13,12,0.9988512992858887
bsk7omj7,13,13,0.9999999403953552
bsk7omj7,13,14,0.997893214225769
bsk7omj7,13,15,0.9969226121902466
bsk7omj7,13,16,0.998603880405426
bsk7omj7,13,17,0.9986963868141174
bsk7omj7,13,18,0.9988959431648254
bsk7omj7,13,19,0.9991393089294434
bsk7omj7,13,20,0.9977982640266418
bsk7omj7,14,1,0.9953462481498718
bsk7omj7,14,2,0.9959115982055664
bsk7omj7,14,3,0.9953932166099548
bsk7omj7,14,4,0.9970022439956665
bsk7omj7,14,5,0.9948690533638
bsk7omj7,14,6,0.9959500432014465
bsk7omj7,14,7,0.9966723322868347
bsk7omj7,14,8,0.9966605305671692
bsk7omj7,14,9,0.9972652792930603
bsk7omj7,14,10,0.9977056980133057
bsk7omj7,14,11,0.9976620674133301
bsk7omj7,14,12,0.9984598159790039
bsk7omj7,14,13,0.997893214225769
bsk7omj7,14,14,1.0
bsk7omj7,14,15,0.9980037212371826
bsk7omj7,14,16,0.9993076920509338
bsk7omj7,14,17,0.9982284307479858
bsk7omj7,14,18,0.9983198046684265
bsk7omj7,14,19,0.9973116517066956
bsk7omj7,14,20,0.9970308542251587
bsk7omj7,15,1,0.9945006966590881
bsk7omj7,15,2,0.9948879480361938
bsk7omj7,15,3,0.9915102124214172
bsk7omj7,15,4,0.9945446252822876
bsk7omj7,15,5,0.9953232407569885
bsk7omj7,15,6,0.9958848357200623
bsk7omj7,15,7,0.9967761039733887
bsk7omj7,15,8,0.9979447722434998
bsk7omj7,15,9,0.9974302649497986
bsk7omj7,15,10,0.9987636208534241
bsk7omj7,15,11,0.9968389272689819
bsk7omj7,15,12,0.9981688261032104
bsk7omj7,15,13,0.9969226121902466
bsk7omj7,15,14,0.9980037212371826
bsk7omj7,15,15,0.9999998211860657
bsk7omj7,15,16,0.9971284866333008
bsk7omj7,15,17,0.99781334400177
bsk7omj7,15,18,0.9973369240760803
bsk7omj7,15,19,0.997143566608429
bsk7omj7,15,20,0.9976902008056641
bsk7omj7,16,1,0.9941989183425903
bsk7omj7,16,2,0.9959039092063904
bsk7omj7,16,3,0.9968360066413879
bsk7omj7,16,4,0.9980340003967285
bsk7omj7,16,5,0.9932739734649658
bsk7omj7,16,6,0.9970083832740784
bsk7omj7,16,7,0.9969594478607178
bsk7omj7,16,8,0.9953233599662781
bsk7omj7,16,9,0.9974019527435303
bsk7omj7,16,10,0.9970146417617798
bsk7omj7,16,11,0.998920202255249
bsk7omj7,16,12,0.998012125492096
bsk7omj7,16,13,0.998603880405426
bsk7omj7,16,14,0.9993076920509338
bsk7omj7,16,15,0.9971284866333008
bsk7omj7,16,16,0.9999998807907104
bsk7omj7,16,17,0.9983600974082947
bsk7omj7,16,18,0.9989812970161438
bsk7omj7,16,19,0.9979566335678101
bsk7omj7,16,20,0.9962427020072937
bsk7omj7,17,1,0.9955398440361023
bsk7omj7,17,2,0.996365487575531
bsk7omj7,17,3,0.9956332445144653
bsk7omj7,17,4,0.9977636933326721
bsk7omj7,17,5,0.9963632225990295
bsk7omj7,17,6,0.9974676370620728
bsk7omj7,17,7,0.9986932873725891
bsk7omj7,17,8,0.9979780316352844
bsk7omj7,17,9,0.9993171095848083
bsk7omj7,17,10,0.9984832406044006
bsk7omj7,17,11,0.9965435862541199
bsk7omj7,17,12,0.9995180368423462
bsk7omj7,17,13,0.9986963868141174
bsk7omj7,17,14,0.9982284307479858
bsk7omj7,17,15,0.99781334400177
bsk7omj7,17,16,0.9983600974082947
bsk7omj7,17,17,1.0000001192092896
bsk7omj7,17,18,0.9995810389518738
bsk7omj7,17,19,0.9996201395988464
bsk7omj7,17,20,0.9990389943122864
bsk7omj7,18,1,0.9942861795425415
bsk7omj7,18,2,0.9956401586532593
bsk7omj7,18,3,0.9961191415786743
bsk7omj7,18,4,0.9976687431335449
bsk7omj7,18,5,0.994748055934906
bsk7omj7,18,6,0.9973495006561279
bsk7omj7,18,7,0.997768223285675
bsk7omj7,18,8,0.9966026544570923
bsk7omj7,18,9,0.9984760284423828
bsk7omj7,18,10,0.9974978566169739
bsk7omj7,18,11,0.997352659702301
bsk7omj7,18,12,0.9989851713180542
bsk7omj7,18,13,0.9988959431648254
bsk7omj7,18,14,0.9983198046684265
bsk7omj7,18,15,0.9973369240760803
bsk7omj7,18,16,0.9989812970161438
bsk7omj7,18,17,0.9995810389518738
bsk7omj7,18,18,0.9999998807907104
bsk7omj7,18,19,0.9995651245117188
bsk7omj7,18,20,0.9984477162361145
bsk7omj7,19,1,0.9942283034324646
bsk7omj7,19,2,0.9956449270248413
bsk7omj7,19,3,0.9956660866737366
bsk7omj7,19,4,0.9973733425140381
bsk7omj7,19,5,0.9954980611801147
bsk7omj7,19,6,0.9977580308914185
bsk7omj7,19,7,0.9984921216964722
bsk7omj7,19,8,0.9970876574516296
bsk7omj7,19,9,0.9989513158798218
bsk7omj7,19,10,0.9974547624588013
bsk7omj7,19,11,0.995890200138092
bsk7omj7,19,12,0.9990320205688477
bsk7omj7,19,13,0.9991393089294434
bsk7omj7,19,14,0.9973116517066956
bsk7omj7,19,15,0.997143566608429
bsk7omj7,19,16,0.9979566335678101
bsk7omj7,19,17,0.9996201395988464
bsk7omj7,19,18,0.9995651245117188
bsk7omj7,19,19,1.0000001192092896
bsk7omj7,19,20,0.9990947246551514
bsk7omj7,20,1,0.9948285818099976
bsk7omj7,20,2,0.9949662685394287
bsk7omj7,20,3,0.9932048320770264
bsk7omj7,20,4,0.9954662322998047
bsk7omj7,20,5,0.996904194355011
bsk7omj7,20,6,0.9962456226348877
bsk7omj7,20,7,0.9977654218673706
bsk7omj7,20,8,0.9982414841651917
bsk7omj7,20,9,0.998399555683136
bsk7omj7,20,10,0.9977651238441467
bsk7omj7,20,11,0.9935911893844604
bsk7omj7,20,12,0.9990441799163818
bsk7omj7,20,13,0.9977982640266418
bsk7omj7,20,14,0.9970308542251587
bsk7omj7,20,15,0.9976902008056641
bsk7omj7,20,16,0.9962427020072937
bsk7omj7,20,17,0.9990389943122864
bsk7omj7,20,18,0.9984477162361145
bsk7omj7,20,19,0.9990947246551514
bsk7omj7,20,20,1.0
c062f4d7,1,1,0.9999999403953552
c062f4d7,1,2,0.973366379737854
c062f4d7,1,3,0.8902162313461304
c062f4d7,2,1,0.973366379737854
c062f4d7,2,2,1.0
c062f4d7,2,3,0.9493250846862793
c062f4d7,3,1,0.8902162313461304
c062f4d7,3,2,0.9493250846862793
c062f4d7,3,3,1.0000001192092896
c097af8e,1,1,1.0
c097af8e,1,2,0.9840099811553955
c097af8e,1,3,0.9814640283584595
c097af8e,1,4,0.9741875529289246
c097af8e,2,1,0.9840099811553955
c097af8e,2,2,1.0000001192092896
c097af8e,2,3,0.9772719144821167
c097af8e,2,4,0.9727075099945068
c097af8e,3,1,0.9814640283584595
c097af8e,3,2,0.9772719144821167
c097af8e,3,3,1.0000001192092896
c097af8e,3,4,0.9445383548736572
c097af8e,4,1,0.9741875529289246
c097af8e,4,2,0.9727075099945068
c097af8e,4,3,0.9445383548736572
c097af8e,4,4,1.0
c0k0eajg,1,1,1.0
c0k0eajg,1,2,0.9975592494010925
c0k0eajg,1,3,0.996062159538269
c0k0eajg,2,1,0.9975592494010925
c0k0eajg,2,2,1.0000001192092896
c0k0eajg,2,3,0.9977776408195496
c0k0eajg,3,1,0.996062159538269
c0k0eajg,3,2,0.9977776408195496
c0k0eajg,3,3,0.9999998807907104
c2e88575,1,1,0.9999999403953552
c2e88575,1,2,0.9598167538642883
c2e88575,1,3,0.9981518983840942
c2e88575,1,4,0.988749086856842
c2e88575,1,5,0.9856275320053101
c2e88575,1,6,0.9585362076759338
c2e88575,1,7,0.958728551864624
c2e88575,1,8,0.8798807859420776
c2e88575,1,9,0.9464111924171448
c2e88575,2,1,0.9598167538642883
c2e88575,2,2,1.0
c2e88575,2,3,0.9613018035888672
c2e88575,2,4,0.9808241724967957
c2e88575,2,5,0.9644607305526733
c2e88575,2,6,0.981381893157959
c2e88575,2,7,0.9871520400047302
c2e88575,2,8,0.9575091004371643
c2e88575,2,9,0.9872258901596069
c2e88575,3,1,0.9981518983840942
c2e88575,3,2,0.9613018035888672
c2e88575,3,3,0.9999999403953552
c2e88575,3,4,0.9927159547805786
c2e88575,3,5,0.9856513738632202
c2e88575,3,6,0.9639949202537537
c2e88575,3,7,0.9642622470855713
c2e88575,3,8,0.8866618871688843
c2e88575,3,9,0.9533550143241882
c2e88575,4,1,0.988749086856842
c2e88575,4,2,0.9808241724967957
c2e88575,4,3,0.9927159547805786
c2e88575,4,4,1.0000001192092896
c2e88575,4,5,0.9852002263069153
c2e88575,4,6,0.9867227077484131
c2e88575,4,7,0.9837455153465271
c2e88575,4,8,0.9267653226852417
c2e88575,4,9,0.9809377789497375
c2e88575,5,1,0.9856275320053101
c2e88575,5,2,0.9644607305526733
c2e88575,5,3,0.9856513738632202
c2e88575,5,4,0.9852002263069153
c2e88575,5,5,1.0000001192092896
c2e88575,5,6,0.9677318334579468
c2e88575,5,7,0.9804125428199768
c2e88575,5,8,0.9000587463378906
c2e88575,5,9,0.9548667669296265
c2e88575,6,1,0.9585362076759338
c2e88575,6,2,0.981381893157959
c2e88575,6,3,0.9639949202537537
c2e88575,6,4,0.9867227077484131
c2e88575,6,5,0.9677318334579468
c2e88575,6,6,1.0000001192092896
c2e88575,6,7,0.9896684885025024
c2e88575,6,8,0.9665236473083496
c2e88575,6,9,0.9960554838180542
c2e88575,7,1,0.958728551864624
c2e88575,7,2,0.9871520400047302
c2e88575,7,3,0.9642622470855713
c2e88575,7,4,0.9837455153465271
c2e88575,7,5,0.9804125428199768
c2e88575,7,6,0.9896684885025024
c2e88575,7,7,1.0000001192092896
c2e88575,7,8,0.9612232446670532
c2e88575,7,9,0.9890295267105103
c2e88575,8,1,0.8798807859420776
c2e88575,8,2,0.9575091004371643
c2e88575,8,3,0.8866618871688843
c2e88575,8,4,0.9267653226852417
c2e88575,8,5,0.9000587463378906
c2e88575,8,6,0.9665236473083496
c2e88575,8,7,0.9612232446670532
c2e88575,8,8,0.9999998807907104
c2e88575,8,9,0.9755831956863403
c2e88575,9,1,0.9464111924171448
c2e88575,9,2,0.9872258901596069
c2e88575,9,3,0.9533550143241882
c2e88575,9,4,0.9809377789497375
c2e88575,9,5,0.9548667669296265
c2e88575,9,6,0.9960554838180542
c2e88575,9,7,0.9890295267105103
c2e88575,9,8,0.9755831956863403
c2e88575,9,9,1.0
c2p9kbtr,1,1,0.9999998211860657
c2p9kbtr,1,2,0.9924315214157104
c2p9kbtr,2,1,0.9924315214157104
c2p9kbtr,2,2,1.0000001192092896
c357gs27,1,1,1.0000001192092896
c357gs27,1,2,0.9983911514282227
c357gs27,1,3,0.9914931654930115
c357gs27,1,4,0.9956727027893066
c357gs27,1,5,0.9942415356636047
c357gs27,1,6,0.9913445115089417
c357gs27,1,7,0.9901643991470337
c357gs27,1,8,0.9925095438957214
c357gs27,1,9,0.9899324774742126
c357gs27,1,10,0.9854351878166199
c357gs27,1,11,0.9852073192596436
c357gs27,1,12,0.9857676029205322
c357gs27,1,13,0.9866736531257629
c357gs27,1,14,0.9822330474853516
c357gs27,1,15,0.9885006546974182
c357gs27,1,16,0.9824999570846558
c357gs27,1,17,0.982708215713501
c357gs27,1,18,0.973087728023529
c357gs27,1,19,0.9890918135643005
c357gs27,1,20,0.9743437767028809
c357gs27,2,1,0.9983911514282227
c357gs27,2,2,1.0
c357gs27,2,3,0.9937840104103088
c357gs27,2,4,0.9959498047828674
c357gs27,2,5,0.9932342767715454
c357gs27,2,6,0.9937116503715515
c357gs27,2,7,0.9927290081977844
c357gs27,2,8,0.992704451084137
c357gs27,2,9,0.9913108944892883
c357gs27,2,10,0.9886298775672913
c357gs27,2,11,0.9883615970611572
c357gs27,2,12,0.98602694272995
c357gs27,2,13,0.9880251884460449
c357gs27,2,14,0.984107255935669
c357gs27,2,15,0.9904012084007263
c357gs27,2,16,0.9833470582962036
c357gs27,2,17,0.9838984608650208
c357gs27,2,18,0.9745956063270569
c357gs27,2,19,0.992097795009613
c357gs27,2,20,0.975407063961029
c357gs27,3,1,0.9914931654930115
c357gs27,3,2,0.9937840104103088
c357gs27,3,3,1.0000001192092896
c357gs27,3,4,0.9978702068328857
c357gs27,3,5,0.994197428226471
c357gs27,3,6,0.9961140155792236
c357gs27,3,7,0.9973294734954834
c357gs27,3,8,0.9968826174736023
c357gs27,3,9,0.9967193007469177
c357gs27,3,10,0.9918017983436584
c357gs27,3,11,0.9960177540779114
c357gs27,3,12,0.9917561411857605
c357gs27,3,13,0.9979320168495178
c357gs27,3,14,0.9861510396003723
c357gs27,3,15,0.9937043786048889
c357gs27,3,16,0.9870431423187256
c357gs27,3,17,0.9847967028617859
c357gs27,3,18,0.9690489768981934
c357gs27,3,19,0.997652530670166
c357gs27,3,20,0.9883844256401062
c357gs27,4,1,0.9956727027893066
c357gs27,4,2,0.9959498047828674
c357gs27,4,3,0.9978702068328857
c357gs27,4,4,1.0000001192092896
c357gs27,4,5,0.9981801509857178
c357gs27,4,6,0.997828483581543
c357gs27,4,7,0.9947584271430969
c357gs27,4,8,0.9966463446617126
c357gs27,4,9,0.9954732060432434
c357gs27,4,10,0.9917186498641968
c357gs27,4,11,0.9943822622299194
c357gs27,4,12,0.9939953088760376
c357gs27,4,13,0.9960609674453735
c357gs27,4,14,0.9894196391105652
c357gs27,4,15,0.9950856566429138
c357gs27,4,16,0.9911467432975769
c357gs27,4,17,0.9874764084815979
c357gs27,4,18,0.9764273762702942
c357gs27,4,19,0.996976912021637
c357gs27,4,20,0.9885672330856323
c357gs27,5,1,0.9942415356636047
c357gs27,5,2,0.9932342767715454
c357gs27,5,3,0.994197428226471
c357gs27,5,4,0.9981801509857178
c357gs27,5,5,0.9999998807907104
c357gs27,5,6,0.9977445006370544
c357gs27,5,7,0.9900796413421631
c357gs27,5,8,0.992801308631897
c357gs27,5,9,0.9926053881645203
c357gs27,5,10,0.9924922585487366
c357gs27,5,11,0.993058979511261
c357gs27,5,12,0.9957817792892456
c357gs27,5,13,0.993683934211731
c357gs27,5,14,0.994001567363739
c357gs27,5,15,0.9968480467796326
c357gs27,5,16,0.9948898553848267
c357gs27,5,17,0.9904590845108032
c357gs27,5,18,0.9844059944152832
c357gs27,5,19,0.99431312084198
c357gs27,5,20,0.9859283566474915
c357gs27,6,1,0.9913445115089417
c357gs27,6,2,0.9937116503715515
c357gs27,6,3,0.9961140155792236
c357gs27,6,4,0.997828483581543
c357gs27,6,5,0.9977445006370544
c357gs27,6,6,1.0000001192092896
c357gs27,6,7,0.9910615086555481
c357gs27,6,8,0.9914284944534302
c357gs27,6,9,0.9919811487197876
c357gs27,6,10,0.9934065937995911
c357gs27,6,11,0.9946058988571167
c357gs27,6,12,0.9940935373306274
c357gs27,6,13,0.9940919876098633
c357gs27,6,14,0.9948305487632751
c357gs27,6,15,0.997175395488739
c357gs27,6,16,0.994238018989563
c357gs27,6,17,0.9887857437133789
c357gs27,6,18,0.9850414991378784
c357gs27,6,19,0.996765673160553
c357gs27,6,20,0.988151490688324
c357gs27,7,1,0.9901643991470337
c357gs27,7,2,0.9927290081977844
c357gs27,7,3,0.9973294734954834
c357gs27,7,4,0.9947584271430969
c357gs27,7,5,0.9900796413421631
c357gs27,7,6,0.9910615086555481
c357gs27,7,7,1.0000001192092896
c357gs27,7,8,0.9987795352935791
c357gs27,7,9,0.9990195035934448
c357gs27,7,10,0.9929352402687073
c357gs27,7,11,0.9965315461158752
c357gs27,7,12,0.990810751914978
c357gs27,7,13,0.9963189363479614
c357gs27,7,14,0.9808593392372131
c357gs27,7,15,0.9913293719291687
c357gs27,7,16,0.9846435189247131
c357gs27,7,17,0.987628698348999
c357gs27,7,18,0.96315997838974
c357gs27,7,19,0.9965888857841492
c357gs27,7,20,0.9818253517150879
c357gs27,8,1,0.9925095438957214
c357gs27,8,2,0.992704451084137
c357gs27,8,3,0.9968826174736023
c357gs27,8,4,0.9966463446617126
c357gs27,8,5,0.992801308631897
c357gs27,8,6,0.9914284944534302
c357gs27,8,7,0.9987795352935791
c357gs27,8,8,1.0
c357gs27,8,9,0.9990930557250977
c357gs27,8,10,0.9917542934417725
c357gs27,8,11,0.9954171776771545
c357gs27,8,12,0.9927520155906677
c357gs27,8,13,0.9967740178108215
c357gs27,8,14,0.9816186428070068
c357gs27,8,15,0.991564929485321
c357gs27,8,16,0.9863567352294922
c357gs27,8,17,0.987971842288971
c357gs27,8,18,0.9644730091094971
c357gs27,8,19,0.9961993098258972
c357gs27,8,20,0.9837601184844971
c357gs27,9,1,0.9899324774742126
c357gs27,9,2,0.9913108944892883
c357gs27,9,3,0.9967193007469177
c357gs27,9,4,0.9954732060432434
c357gs27,9,5,0.9926053881645203
c357gs27,9,6,0.9919811487197876
c357gs27,9,7,0.9990195035934448
c357gs27,9,8,0.9990930557250977
c357gs27,9,9,1.0
c357gs27,9,10,0.9955089092254639
c357gs27,9,11,0.9978756308555603
c357gs27,9,12,0.9951675534248352
c357gs27,9,13,0.9978063702583313
c357gs27,9,14,0.9851991534233093
c357gs27,9,15,0.9943062663078308
c357gs27,9,16,0.9891994595527649
c357gs27,9,17,0.991851270198822
c357gs27,9,18,0.9683763980865479
c357gs27,9,19,0.9972004890441895
c357gs27,9,20,0.9832117557525635
c357gs27,10,1,0.9854351878166199
c357gs27,10,2,0.9886298775672913
c357gs27,10,3,0.9918017983436584
c357gs27,10,4,0.9917186498641968
c357gs27,10,5,0.9924922585487366
c357gs27,10,6,0.9934065937995911
c357gs27,10,7,0.9929352402687073
c357gs27,10,8,0.9917542934417725
c357gs27,10,9,0.9955089092254639
c357gs27,10,10,1.000000238418579
c357gs27,10,11,0.9975890517234802
c357gs27,10,12,0.9973184466362
c357gs27,10,13,0.9935956001281738
c357gs27,10,14,0.9945043921470642
c357gs27,10,15,0.9983773827552795
c357gs27,10,16,0.994930624961853
c357gs27,10,17,0.9977856278419495
c357gs27,10,18,0.9840459823608398
c357gs27,10,19,0.9954806566238403
c357gs27,10,20,0.9777361750602722
c357gs27,11,1,0.9852073192596436
c357gs27,11,2,0.9883615970611572
c357gs27,11,3,0.9960177540779114
c357gs27,11,4,0.9943822622299194
c357gs27,11,5,0.993058979511261
c357gs27,11,6,0.9946058988571167
c357gs27,11,7,0.9965315461158752
c357gs27,11,8,0.9954171776771545
c357gs27,11,9,0.9978756308555603
c357gs27,11,10,0.9975890517234802
c357gs27,11,11,1.0000001192092896
c357gs27,11,12,0.9968559145927429
c357gs27,11,13,0.9980422258377075
c357gs27,11,14,0.9904654026031494
c357gs27,11,15,0.9970302581787109
c357gs27,11,16,0.9939091205596924
c357gs27,11,17,0.9939903020858765
c357gs27,11,18,0.9752756953239441
c357gs27,11,19,0.9983808398246765
c357gs27,11,20,0.9871151447296143
c357gs27,12,1,0.9857676029205322
c357gs27,12,2,0.98602694272995
c357gs27,12,3,0.9917561411857605
c357gs27,12,4,0.9939953088760376
c357gs27,12,5,0.9957817792892456
c357gs27,12,6,0.9940935373306274
c357gs27,12,7,0.990810751914978
c357gs27,12,8,0.9927520155906677
c357gs27,12,9,0.9951675534248352
c357gs27,12,10,0.9973184466362
c357gs27,12,11,0.9968559145927429
c357gs27,12,12,1.0000001192092896
c357gs27,12,13,0.9957287907600403
c357gs27,12,14,0.9949828386306763
c357gs27,12,15,0.9984288811683655
c357gs27,12,16,0.9977316856384277
c357gs27,12,17,0.9967246651649475
c357gs27,12,18,0.983445942401886
c357gs27,12,19,0.995557427406311
c357gs27,12,20,0.985143780708313
c357gs27,13,1,0.9866736531257629
c357gs27,13,2,0.9880251884460449
c357gs27,13,3,0.9979320168495178
c357gs27,13,4,0.9960609674453735
c357gs27,13,5,0.993683934211731
c357gs27,13,6,0.9940919876098633
c357gs27,13,7,0.9963189363479614
c357gs27,13,8,0.9967740178108215
c357gs27,13,9,0.9978063702583313
c357gs27,13,10,0.9935956001281738
c357gs27,13,11,0.9980422258377075
c357gs27,13,12,0.9957287907600403
c357gs27,13,13,1.000000238418579
c357gs27,13,14,0.9874287247657776
c357gs27,13,15,0.9950564503669739
c357gs27,13,16,0.9909255504608154
c357gs27,13,17,0.9889262914657593
c357gs27,13,18,0.9690437316894531
c357gs27,13,19,0.997975766658783
c357gs27,13,20,0.9914647936820984
c357gs27,14,1,0.9822330474853516
c357gs27,14,2,0.984107255935669
c357gs27,14,3,0.9861510396003723
c357gs27,14,4,0.9894196391105652
c357gs27,14,5,0.994001567363739
c357gs27,14,6,0.9948305487632751
c357gs27,14,7,0.9808593392372131
c357gs27,14,8,0.9816186428070068
c357gs27,14,9,0.9851991534233093
c357gs27,14,10,0.9945043921470642
c357gs27,14,11,0.9904654026031494
c357gs27,14,12,0.9949828386306763
c357gs27,14,13,0.9874287247657776
c357gs27,14,14,0.9999999403953552
c357gs27,14,15,0.9976174235343933
c357gs27,14,16,0.9968259930610657
c357gs27,14,17,0.9930893182754517
c357gs27,14,18,0.9951052665710449
c357gs27,14,19,0.9900810122489929
c357gs27,14,20,0.9778892993927002
c357gs27,15,1,0.9885006546974182
c357gs27,15,2,0.9904012084007263
c357gs27,15,3,0.9937043786048889
c357gs27,15,4,0.9950856566429138
c357gs27,15,5,0.9968480467796326
c357gs27,15,6,0.997175395488739
c357gs27,15,7,0.9913293719291687
c357gs27,15,8,0.991564929485321
c357gs27,15,9,0.9943062663078308
c357gs27,15,10,0.9983773827552795
c357gs27,15,11,0.9970302581787109
c357gs27,15,12,0.9984288811683655
c357gs27,15,13,0.9950564503669739
c357gs27,15,14,0.9976174235343933
c357gs27,15,15,0.9999999403953552
c357gs27,15,16,0.9975311160087585
c357gs27,15,17,0.9962257742881775
c357gs27,15,18,0.9878299832344055
c357gs27,15,19,0.996484637260437
c357gs27,15,20,0.9841223359107971
c357gs27,16,1,0.9824999570846558
c357gs27,16,2,0.9833470582962036
c357gs27,16,3,0.9870431423187256
c357gs27,16,4,0.9911467432975769
c357gs27,16,5,0.9948898553848267
c357gs27,16,6,0.994238018989563
c357gs27,16,7,0.9846435189247131
c357gs27,16,8,0.9863567352294922
c357gs27,16,9,0.9891994595527649
c357gs27,16,10,0.994930624961853
c357gs27,16,11,0.9939091205596924
c357gs27,16,12,0.9977316856384277
c357gs27,16,13,0.9909255504608154
c357gs27,16,14,0.9968259930610657
c357gs27,16,15,0.9975311160087585
c357gs27,16,16,1.0000001192092896
c357gs27,16,17,0.9959871768951416
c357gs27,16,18,0.989687979221344
c357gs27,16,19,0.9930379390716553
c357gs27,16,20,0.9850736856460571
c357gs27,17,1,0.982708215713501
c357gs27,17,2,0.9838984608650208
c357gs27,17,3,0.9847967028617859
c357gs27,17,4,0.9874764084815979
c357gs27,17,5,0.9904590845108032
c357gs27,17,6,0.9887857437133789
c357gs27,17,7,0.987628698348999
c357gs27,17,8,0.987971842288971
c357gs27,17,9,0.991851270198822
c357gs27,17,10,0.9977856278419495
c357gs27,17,11,0.9939903020858765
c357gs27,17,12,0.9967246651649475
c357gs27,17,13,0.9889262914657593
c357gs27,17,14,0.9930893182754517
c357gs27,17,15,0.9962257742881775
c357gs27,17,16,0.9959871768951416
c357gs27,17,17,1.0000001192092896
c357gs27,17,18,0.9858038425445557
c357gs27,17,19,0.9914032220840454
c357gs27,17,20,0.9736465215682983
c357gs27,18,1,0.973087728023529
c357gs27,18,2,0.9745956063270569
c357gs27,18,3,0.9690489768981934
c357gs27,18,4,0.9764273762702942
c357gs27,18,5,0.9844059944152832
c357gs27,18,6,0.9850414991378784
c357gs27,18,7,0.96315997838974
c357gs27,18,8,0.9644730091094971
c357gs27,18,9,0.9683763980865479
c357gs27,18,10,0.9840459823608398
c357gs27,18,11,0.9752756953239441
c357gs27,18,12,0.983445942401886
c357gs27,18,13,0.9690437316894531
c357gs27,18,14,0.9951052665710449
c357gs27,18,15,0.9878299832344055
c357gs27,18,16,0.989687979221344
c357gs27,18,17,0.9858038425445557
c357gs27,18,18,0.9999999403953552
c357gs27,18,19,0.9760159254074097
c357gs27,18,20,0.9599582552909851
c357gs27,19,1,0.9890918135643005
c357gs27,19,2,0.992097795009613
c357gs27,19,3,0.997652530670166
c357gs27,19,4,0.996976912021637
c357gs27,19,5,0.99431312084198
c357gs27,19,6,0.996765673160553
c357gs27,19,7,0.9965888857841492
c357gs27,19,8,0.9961993098258972
c357gs27,19,9,0.9972004890441895
c357gs27,19,10,0.9954806566238403
c357gs27,19,11,0.9983808398246765
c357gs27,19,12,0.995557427406311
c357gs27,19,13,0.997975766658783
c357gs27,19,14,0.9900810122489929
c357gs27,19,15,0.996484637260437
c357gs27,19,16,0.9930379390716553
c357gs27,19,17,0.9914032220840454
c357gs27,19,18,0.9760159254074097
c357gs27,19,19,1.0000001192092896
c357gs27,19,20,0.9904806613922119
c357gs27,20,1,0.9743437767028809
c357gs27,20,2,0.975407063961029
c357gs27,20,3,0.9883844256401062
c357gs27,20,4,0.9885672330856323
c357gs27,20,5,0.9859283566474915
c357gs27,20,6,0.988151490688324
c357gs27,20,7,0.9818253517150879
c357gs27,20,8,0.9837601184844971
c357gs27,20,9,0.9832117557525635
c357gs27,20,10,0.9777361750602722
c357gs27,20,11,0.9871151447296143
c357gs27,20,12,0.985143780708313
c357gs27,20,13,0.9914647936820984
c357gs27,20,14,0.9778892993927002
c357gs27,20,15,0.9841223359107971
c357gs27,20,16,0.9850736856460571
c357gs27,20,17,0.9736465215682983
c357gs27,20,18,0.9599582552909851
c357gs27,20,19,0.9904806613922119
c357gs27,20,20,0.9999998807907104
c575434d,1,1,1.0
c575434d,1,2,0.9961678385734558
c575434d,1,3,0.974535346031189
c575434d,1,4,0.985002338886261
c575434d,2,1,0.9961678385734558
c575434d,2,2,1.0000001192092896
c575434d,2,3,0.9841830730438232
c575434d,2,4,0.9925464987754822
c575434d,3,1,0.974535346031189
c575434d,3,2,0.9841830730438232
c575434d,3,3,1.0
c575434d,3,4,0.9881929755210876
c575434d,4,1,0.985002338886261
c575434d,4,2,0.9925464987754822
c575434d,4,3,0.9881929755210876
c575434d,4,4,1.0
c65d0736,1,1,0.9999999403953552
c65d0736,1,2,0.9870077967643738
c65d0736,2,1,0.9870077967643738
c65d0736,2,2,1.0
c83aa6a1,1,1,1.0
c83aa6a1,1,2,0.9785609841346741
c83aa6a1,2,1,0.9785609841346741
c83aa6a1,2,2,1.0
c8frbbeq,1,1,1.0
c8frbbeq,1,2,0.9689668416976929
c8frbbeq,2,1,0.9689668416976929
c8frbbeq,2,2,1.0
c9351029,1,1,0.9999999403953552
c9351029,1,2,0.9977440237998962
c9351029,1,3,0.9967926740646362
c9351029,2,1,0.9977440237998962
c9351029,2,2,1.0
c9351029,2,3,0.997127890586853
c9351029,3,1,0.9967926740646362
c9351029,3,2,0.997127890586853
c9351029,3,3,0.9999999403953552
cb170015,1,1,1.0000001192092896
cb170015,1,2,0.9954352378845215
cb170015,1,3,0.9940555095672607
cb170015,2,1,0.9954352378845215
cb170015,2,2,1.0000001192092896
cb170015,2,3,0.9990589618682861
cb170015,3,1,0.9940555095672607
cb170015,3,2,0.9990589618682861
cb170015,3,3,1.0
cbnf9yfu,1,1,1.0
cbnf9yfu,1,2,0.9898607730865479
cbnf9yfu,1,3,0.9631110429763794
cbnf9yfu,2,1,0.9898607730865479
cbnf9yfu,2,2,1.0
cbnf9yfu,2,3,0.9631623029708862
cbnf9yfu,3,1,0.9631110429763794
cbnf9yfu,3,2,0.9631623029708862
cbnf9yfu,3,3,0.9999999403953552
cc32235b,1,1,1.0
cc32235b,1,2,0.9966847896575928
cc32235b,1,3,0.9871107935905457
cc32235b,2,1,0.9966847896575928
cc32235b,2,2,1.0000001192092896
cc32235b,2,3,0.9913762807846069
cc32235b,3,1,0.9871107935905457
cc32235b,3,2,0.9913762807846069
cc32235b,3,3,1.0
ccf14ee0,1,1,0.9999999403953552
ccf14ee0,1,2,0.9939683079719543
ccf14ee0,1,3,0.9913356900215149
ccf14ee0,1,4,0.987032949924469
ccf14ee0,1,5,0.9934549927711487
ccf14ee0,1,6,0.993854820728302
ccf14ee0,1,7,0.9949830174446106
ccf14ee0,1,8,0.9885914325714111
ccf14ee0,2,1,0.9939683079719543
ccf14ee0,2,2,0.9999999403953552
ccf14ee0,2,3,0.9945151805877686
ccf14ee0,2,4,0.9827857613563538
ccf14ee0,2,5,0.9905149340629578
ccf14ee0,2,6,0.9931591749191284
ccf14ee0,2,7,0.9866706728935242
ccf14ee0,2,8,0.9844136834144592
ccf14ee0,3,1,0.9913356900215149
ccf14ee0,3,2,0.9945151805877686
ccf14ee0,3,3,1.0000001192092896
ccf14ee0,3,4,0.9905457496643066
ccf14ee0,3,5,0.9905197620391846
ccf14ee0,3,6,0.9931298494338989
ccf14ee0,3,7,0.9913495779037476
ccf14ee0,3,8,0.988395094871521
ccf14ee0,4,1,0.987032949924469
ccf14ee0,4,2,0.9827857613563538
ccf14ee0,4,3,0.9905457496643066
ccf14ee0,4,4,1.0
ccf14ee0,4,5,0.9957963228225708
ccf14ee0,4,6,0.9937358498573303
ccf14ee0,4,7,0.9853357076644897
ccf14ee0,4,8,0.9968191385269165
ccf14ee0,5,1,0.9934549927711487
ccf14ee0,5,2,0.9905149340629578
ccf14ee0,5,3,0.9905197620391846
ccf14ee0,5,4,0.9957963228225708
ccf14ee0,5,5,1.0
ccf14ee0,5,6,0.9989367723464966
ccf14ee0,5,7,0.9862462282180786
ccf14ee0,5,8,0.9934396147727966
ccf14ee0,6,1,0.993854820728302
ccf14ee0,6,2,0.9931591749191284
ccf14ee0,6,3,0.9931298494338989
ccf14ee0,6,4,0.9937358498573303
ccf14ee0,6,5,0.9989367723464966
ccf14ee0,6,6,0.9999999403953552
ccf14ee0,6,7,0.9871999621391296
ccf14ee0,6,8,0.9900076985359192
ccf14ee0,7,1,0.9949830174446106
ccf14ee0,7,2,0.9866706728935242
ccf14ee0,7,3,0.9913495779037476
ccf14ee0,7,4,0.9853357076644897
ccf14ee0,7,5,0.9862462282180786
ccf14ee0,7,6,0.9871999621391296
ccf14ee0,7,7,1.0000001192092896
ccf14ee0,7,8,0.9842500686645508
ccf14ee0,8,1,0.9885914325714111
ccf14ee0,8,2,0.9844136834144592
ccf14ee0,8,3,0.988395094871521
ccf14ee0,8,4,0.9968191385269165
ccf14ee0,8,5,0.9934396147727966
ccf14ee0,8,6,0.9900076985359192
ccf14ee0,8,7,0.9842500686645508
ccf14ee0,8,8,1.0000001192092896
ce691ee6,1,1,0.9999998807907104
ce691ee6,1,2,0.9975013732910156
ce691ee6,1,3,0.9963175058364868
ce691ee6,1,4,0.9920632243156433
ce691ee6,2,1,0.9975013732910156
ce691ee6,2,2,0.9999998807907104
ce691ee6,2,3,0.9979734420776367
ce691ee6,2,4,0.9895349740982056
ce691ee6,3,1,0.9963175058364868
ce691ee6,3,2,0.9979734420776367
ce691ee6,3,3,1.0
ce691ee6,3,4,0.9942061305046082
ce691ee6,4,1,0.9920632243156433
ce691ee6,4,2,0.9895349740982056
ce691ee6,4,3,0.9942061305046082
ce691ee6,4,4,1.0000001192092896
cftszh8m,1,1,1.0
cftszh8m,1,2,0.9973450303077698
cftszh8m,1,3,0.9842516183853149
cftszh8m,2,1,0.9973450303077698
cftszh8m,2,2,1.0
cftszh8m,2,3,0.9802183508872986
cftszh8m,3,1,0.9842516183853149
cftszh8m,3,2,0.9802183508872986
cftszh8m,3,3,1.0
cm99t7wb,1,1,0.9999999403953552
cm99t7wb,1,2,0.9962450861930847
cm99t7wb,2,1,0.9962450861930847
cm99t7wb,2,2,1.0000001192092896
cpllzhnh,1,1,1.0
cpllzhnh,1,2,0.9848080277442932
cpllzhnh,1,3,0.9749016165733337
cpllzhnh,2,1,0.9848080277442932
cpllzhnh,2,2,0.9999998807907104
cpllzhnh,2,3,0.9925869703292847
cpllzhnh,3,1,0.9749016165733337
cpllzhnh,3,2,0.9925869703292847
cpllzhnh,3,3,1.0
cssul0b3,1,1,0.9999998807907104
cssul0b3,1,2,0.985464334487915
cssul0b3,1,3,0.9802910089492798
cssul0b3,1,4,0.9679469466209412
cssul0b3,1,5,0.9712343215942383
cssul0b3,1,6,0.9872764348983765
cssul0b3,1,7,0.9550443291664124
cssul0b3,1,8,0.9553946852684021
cssul0b3,1,9,0.9745608568191528
cssul0b3,2,1,0.985464334487915
cssul0b3,2,2,1.0000001192092896
cssul0b3,2,3,0.9877232313156128
cssul0b3,2,4,0.9852100014686584
cssul0b3,2,5,0.9814565181732178
cssul0b3,2,6,0.9947494268417358
cssul0b3,2,7,0.9753381609916687
cssul0b3,2,8,0.9587548971176147
cssul0b3,2,9,0.9836239218711853
cssul0b3,3,1,0.9802910089492798
cssul0b3,3,2,0.9877232313156128
cssul0b3,3,3,1.0
cssul0b3,3,4,0.9934374094009399
cssul0b3,3,5,0.987865686416626
cssul0b3,3,6,0.9922683835029602
cssul0b3,3,7,0.98439621925354
cssul0b3,3,8,0.9675211906433105
cssul0b3,3,9,0.9879672527313232
cssul0b3,4,1,0.9679469466209412
cssul0b3,4,2,0.9852100014686584
cssul0b3,4,3,0.9934374094009399
cssul0b3,4,4,1.0
cssul0b3,4,5,0.9931650161743164
cssul0b3,4,6,0.9878304600715637
cssul0b3,4,7,0.9942935705184937
cssul0b3,4,8,0.9572123885154724
cssul0b3,4,9,0.9816343188285828
cssul0b3,5,1,0.9712343215942383
cssul0b3,5,2,0.9814565181732178
cssul0b3,5,3,0.987865686416626
cssul0b3,5,4,0.9931650161743164
cssul0b3,5,5,1.0
cssul0b3,5,6,0.9907438158988953
cssul0b3,5,7,0.9961954355239868
cssul0b3,5,8,0.9487690925598145
cssul0b3,5,9,0.9638354182243347
cssul0b3,6,1,0.9872764348983765
cssul0b3,6,2,0.9947494268417358
cssul0b3,6,3,0.9922683835029602
cssul0b3,6,4,0.9878304600715637
cssul0b3,6,5,0.9907438158988953
cssul0b3,6,6,1.0
cssul0b3,6,7,0.9816402196884155
cssul0b3,6,8,0.9519920945167542
cssul0b3,6,9,0.9751636385917664
cssul0b3,7,1,0.9550443291664124
cssul0b3,7,2,0.9753381609916687
cssul0b3,7,3,0.98439621925354
cssul0b3,7,4,0.9942935705184937
cssul0b3,7,5,0.9961954355239868
cssul0b3,7,6,0.9816402196884155
cssul0b3,7,7,1.0000001192092896
cssul0b3,7,8,0.9507841467857361
cssul0b3,7,9,0.9639699459075928
cssul0b3,8,1,0.9553946852684021
cssul0b3,8,2,0.9587548971176147
cssul0b3,8,3,0.9675211906433105
cssul0b3,8,4,0.9572123885154724
cssul0b3,8,5,0.9487690925598145
cssul0b3,8,6,0.9519920945167542
cssul0b3,8,7,0.9507841467857361
cssul0b3,8,8,1.0
cssul0b3,8,9,0.9702540040016174
cssul0b3,9,1,0.9745608568191528
cssul0b3,9,2,0.9836239218711853
cssul0b3,9,3,0.9879672527313232
cssul0b3,9,4,0.9816343188285828
cssul0b3,9,5,0.9638354182243347
cssul0b3,9,6,0.9751636385917664
cssul0b3,9,7,0.9639699459075928
cssul0b3,9,8,0.9702540040016174
cssul0b3,9,9,1.0
d0722d0f,1,1,0.9999999403953552
d0722d0f,1,2,0.9943177103996277
d0722d0f,2,1,0.9943177103996277
d0722d0f,2,2,0.9999999403953552
d262b7e4,1,1,1.0
d262b7e4,1,2,0.9875258207321167
d262b7e4,1,3,0.9335847496986389
d262b7e4,1,4,0.9648884534835815
d262b7e4,1,5,0.9520703554153442
d262b7e4,1,6,0.9469879269599915
d262b7e4,1,7,0.9646332263946533
d262b7e4,1,8,0.947337806224823
d262b7e4,1,9,0.9646736979484558
d262b7e4,1,10,0.9189484119415283
d262b7e4,1,11,0.9179295897483826
d262b7e4,2,1,0.9875258207321167
d262b7e4,2,2,0.9999999403953552
d262b7e4,2,3,0.9730168581008911
d262b7e4,2,4,0.9828537106513977
d262b7e4,2,5,0.9744628071784973
d262b7e4,2,6,0.9709076881408691
d262b7e4,2,7,0.984664261341095
d262b7e4,2,8,0.9794396162033081
d262b7e4,2,9,0.9857906699180603
d262b7e4,2,10,0.9611103534698486
d262b7e4,2,11,0.9568749666213989
d262b7e4,3,1,0.9335847496986389
d262b7e4,3,2,0.9730168581008911
d262b7e4,3,3,1.0
d262b7e4,3,4,0.9771857857704163
d262b7e4,3,5,0.9634878635406494
d262b7e4,3,6,0.9742820858955383
d262b7e4,3,7,0.9806245565414429
d262b7e4,3,8,0.9893069267272949
d262b7e4,3,9,0.9793046712875366
d262b7e4,3,10,0.995633602142334
d262b7e4,3,11,0.9940033555030823
d262b7e4,4,1,0.9648884534835815
d262b7e4,4,2,0.9828537106513977
d262b7e4,4,3,0.9771857857704163
d262b7e4,4,4,1.0
d262b7e4,4,5,0.9907373189926147
d262b7e4,4,6,0.9930581450462341
d262b7e4,4,7,0.9958102703094482
d262b7e4,4,8,0.986007034778595
d262b7e4,4,9,0.9928300380706787
d262b7e4,4,10,0.9744980931282043
d262b7e4,4,11,0.9686045050621033
d262b7e4,5,1,0.9520703554153442
d262b7e4,5,2,0.9744628071784973
d262b7e4,5,3,0.9634878635406494
d262b7e4,5,4,0.9907373189926147
d262b7e4,5,5,1.0
d262b7e4,5,6,0.9943007826805115
d262b7e4,5,7,0.990431547164917
d262b7e4,5,8,0.9812092185020447
d262b7e4,5,9,0.9902581572532654
d262b7e4,5,10,0.9630790948867798
d262b7e4,5,11,0.9499412775039673
d262b7e4,6,1,0.9469879269599915
d262b7e4,6,2,0.9709076881408691
d262b7e4,6,3,0.9742820858955383
d262b7e4,6,4,0.9930581450462341
d262b7e4,6,5,0.9943007826805115
d262b7e4,6,6,1.0000001192092896
d262b7e4,6,7,0.9953765273094177
d262b7e4,6,8,0.98284912109375
d262b7e4,6,9,0.990032434463501
d262b7e4,6,10,0.9753103256225586
d262b7e4,6,11,0.9673423171043396
d262b7e4,7,1,0.9646332263946533
d262b7e4,7,2,0.984664261341095
d262b7e4,7,3,0.9806245565414429
d262b7e4,7,4,0.9958102703094482
d262b7e4,7,5,0.990431547164917
d262b7e4,7,6,0.9953765273094177
d262b7e4,7,7,1.0000001192092896
d262b7e4,7,8,0.9893345236778259
d262b7e4,7,9,0.9957042336463928
d262b7e4,7,10,0.9804619550704956
d262b7e4,7,11,0.9748061299324036
d262b7e4,8,1,0.947337806224823
d262b7e4,8,2,0.9794396162033081
d262b7e4,8,3,0.9893069267272949
d262b7e4,8,4,0.986007034778595
d262b7e4,8,5,0.9812092185020447
d262b7e4,8,6,0.98284912109375
d262b7e4,8,7,0.9893345236778259
d262b7e4,8,8,0.9999998807907104
d262b7e4,8,9,0.9955918788909912
d262b7e4,8,10,0.9918172359466553
d262b7e4,8,11,0.9854545593261719
d262b7e4,9,1,0.9646736979484558
d262b7e4,9,2,0.9857906699180603
d262b7e4,9,3,0.9793046712875366
d262b7e4,9,4,0.9928300380706787
d262b7e4,9,5,0.9902581572532654
d262b7e4,9,6,0.990032434463501
d262b7e4,9,7,0.9957042336463928
d262b7e4,9,8,0.9955918788909912
d262b7e4,9,9,0.9999999403953552
d262b7e4,9,10,0.9810360670089722
d262b7e4,9,11,0.9738941788673401
d262b7e4,10,1,0.9189484119415283
d262b7e4,10,2,0.9611103534698486
d262b7e4,10,3,0.995633602142334
d262b7e4,10,4,0.9744980931282043
d262b7e4,10,5,0.9630790948867798
d262b7e4,10,6,0.9753103256225586
d262b7e4,10,7,0.9804619550704956
d262b7e4,10,8,0.9918172359466553
d262b7e4,10,9,0.9810360670089722
d262b7e4,10,10,1.0000001192092896
d262b7e4,10,11,0.9972505569458008
d262b7e4,11,1,0.9179295897483826
d262b7e4,11,2,0.9568749666213989
d262b7e4,11,3,0.9940033555030823
d262b7e4,11,4,0.9686045050621033
d262b7e4,11,5,0.9499412775039673
d262b7e4,11,6,0.9673423171043396
d262b7e4,11,7,0.9748061299324036
d262b7e4,11,8,0.9854545593261719
d262b7e4,11,9,0.9738941788673401
d262b7e4,11,10,0.9972505569458008
d262b7e4,11,11,1.0
d37e29a7,1,1,0.9999999403953552
d37e29a7,1,2,0.9964964389801025
d37e29a7,1,3,0.9889989495277405
d37e29a7,1,4,0.9847930073738098
d37e29a7,2,1,0.9964964389801025
d37e29a7,2,2,0.9999999403953552
d37e29a7,2,3,0.9871364235877991
d37e29a7,2,4,0.9910663962364197
d37e29a7,3,1,0.9889989495277405
d37e29a7,3,2,0.9871364235877991
d37e29a7,3,3,0.9999998211860657
d37e29a7,3,4,0.9932378530502319
d37e29a7,4,1,0.9847930073738098
d37e29a7,4,2,0.9910663962364197
d37e29a7,4,3,0.9932378530502319
d37e29a7,4,4,1.0000001192092896
d48c552d,1,1,0.9999999403953552
d48c552d,1,2,0.9743379950523376
d48c552d,1,3,0.9736425876617432
d48c552d,2,1,0.9743379950523376
d48c552d,2,2,1.0000001192092896
d48c552d,2,3,0.959631085395813
d48c552d,3,1,0.9736425876617432
d48c552d,3,2,0.959631085395813
d48c552d,3,3,1.0000001192092896
ddd383cc,1,1,1.0
ddd383cc,1,2,0.981504499912262
ddd383cc,1,3,0.9832276105880737
ddd383cc,2,1,0.981504499912262
ddd383cc,2,2,1.0000001192092896
ddd383cc,2,3,0.9961460828781128
ddd383cc,3,1,0.9832276105880737
ddd383cc,3,2,0.9961460828781128
ddd383cc,3,3,1.0
dhs0jgxo,1,1,0.9999999403953552
dhs0jgxo,1,2,0.9917369484901428
dhs0jgxo,2,1,0.9917369484901428
dhs0jgxo,2,2,1.0
dkcfmv1a,1,1,1.0
dkcfmv1a,1,2,0.9992435574531555
dkcfmv1a,1,3,0.9884124994277954
dkcfmv1a,1,4,0.9975032210350037
dkcfmv1a,1,5,0.9469751119613647
dkcfmv1a,1,6,0.9887248873710632
dkcfmv1a,1,7,0.9539364576339722
dkcfmv1a,1,8,0.9856809973716736
dkcfmv1a,1,9,0.9904225468635559
dkcfmv1a,1,10,0.9781920313835144
dkcfmv1a,2,1,0.9992435574531555
dkcfmv1a,2,2,1.0000001192092896
dkcfmv1a,2,3,0.9838702082633972
dkcfmv1a,2,4,0.9965395331382751
dkcfmv1a,2,5,0.9396882653236389
dkcfmv1a,2,6,0.9861641526222229
dkcfmv1a,2,7,0.9463724493980408
dkcfmv1a,2,8,0.9816945195198059
dkcfmv1a,2,9,0.9914171695709229
dkcfmv1a,2,10,0.9756301045417786
dkcfmv1a,3,1,0.9884124994277954
dkcfmv1a,3,2,0.9838702082633972
dkcfmv1a,3,3,0.9999999403953552
dkcfmv1a,3,4,0.9860846996307373
dkcfmv1a,3,5,0.971132218837738
dkcfmv1a,3,6,0.9901853203773499
dkcfmv1a,3,7,0.9805795550346375
dkcfmv1a,3,8,0.9945077896118164
dkcfmv1a,3,9,0.9714148640632629
dkcfmv1a,3,10,0.96507728099823
dkcfmv1a,4,1,0.9975032210350037
dkcfmv1a,4,2,0.9965395331382751
dkcfmv1a,4,3,0.9860846996307373
dkcfmv1a,4,4,1.0000001192092896
dkcfmv1a,4,5,0.9575024843215942
dkcfmv1a,4,6,0.9929559230804443
dkcfmv1a,4,7,0.9608123302459717
dkcfmv1a,4,8,0.9900763630867004
dkcfmv1a,4,9,0.9931703209877014
dkcfmv1a,4,10,0.9816190600395203
dkcfmv1a,5,1,0.9469751119613647
dkcfmv1a,5,2,0.9396882653236389
dkcfmv1a,5,3,0.971132218837738
dkcfmv1a,5,4,0.9575024843215942
dkcfmv1a,5,5,1.0
dkcfmv1a,5,6,0.9808152914047241
dkcfmv1a,5,7,0.9904842972755432
dkcfmv1a,5,8,0.9841225147247314
dkcfmv1a,5,9,0.9481450915336609
dkcfmv1a,5,10,0.9505369663238525
dkcfmv1a,6,1,0.9887248873710632
dkcfmv1a,6,2,0.9861641526222229
dkcfmv1a,6,3,0.9901853203773499
dkcfmv1a,6,4,0.9929559230804443
dkcfmv1a,6,5,0.9808152914047241
dkcfmv1a,6,6,1.0
dkcfmv1a,6,7,0.9762380123138428
dkcfmv1a,6,8,0.9967738389968872
dkcfmv1a,6,9,0.9844508171081543
dkcfmv1a,6,10,0.9765933156013489
dkcfmv1a,7,1,0.9539364576339722
dkcfmv1a,7,2,0.9463724493980408
dkcfmv1a,7,3,0.9805795550346375
dkcfmv1a,7,4,0.9608123302459717
dkcfmv1a,7,5,0.9904842972755432
dkcfmv1a,7,6,0.9762380123138428
dkcfmv1a,7,7,0.9999999403953552
dkcfmv1a,7,8,0.9877108335494995
dkcfmv1a,7,9,0.9507650136947632
dkcfmv1a,7,10,0.950494647026062
dkcfmv1a,8,1,0.9856809973716736
dkcfmv1a,8,2,0.9816945195198059
dkcfmv1a,8,3,0.9945077896118164
dkcfmv1a,8,4,0.9900763630867004
dkcfmv1a,8,5,0.9841225147247314
dkcfmv1a,8,6,0.9967738389968872
dkcfmv1a,8,7,0.9877108335494995
dkcfmv1a,8,8,0.9999998211860657
dkcfmv1a,8,9,0.9788817763328552
dkcfmv1a,8,10,0.9724684357643127
dkcfmv1a,9,1,0.9904225468635559
dkcfmv1a,9,2,0.9914171695709229
dkcfmv1a,9,3,0.9714148640632629
dkcfmv1a,9,4,0.9931703209877014
dkcfmv1a,9,5,0.9481450915336609
dkcfmv1a,9,6,0.9844508171081543
dkcfmv1a,9,7,0.9507650136947632
dkcfmv1a,9,8,0.9788817763328552
dkcfmv1a,9,9,0.9999998807907104
dkcfmv1a,9,10,0.9851296544075012
dkcfmv1a,10,1,0.9781920313835144
dkcfmv1a,10,2,0.9756301045417786
dkcfmv1a,10,3,0.96507728099823
dkcfmv1a,10,4,0.9816190600395203
dkcfmv1a,10,5,0.9505369663238525
dkcfmv1a,10,6,0.9765933156013489
dkcfmv1a,10,7,0.950494647026062
dkcfmv1a,10,8,0.9724684357643127
dkcfmv1a,10,9,0.9851296544075012
dkcfmv1a,10,10,0.9999999403953552
dn5s83qr,1,1,1.0
dn5s83qr,1,2,0.9913932085037231
dn5s83qr,2,1,0.9913932085037231
dn5s83qr,2,2,1.0
du39lcoi,1,1,1.0
du39lcoi,1,2,0.9950681924819946
du39lcoi,2,1,0.9950681924819946
du39lcoi,2,2,1.0
dukliiqc,1,1,0.9999999403953552
dukliiqc,1,2,0.9952470064163208
dukliiqc,2,1,0.9952470064163208
dukliiqc,2,2,1.0
dwohtf0a,1,1,0.9999999403953552
dwohtf0a,1,2,0.9879770874977112
dwohtf0a,2,1,0.9879770874977112
dwohtf0a,2,2,1.0
e1c48bdd,1,1,1.0
e1c48bdd,1,2,0.9837322235107422
e1c48bdd,1,3,0.9814286231994629
e1c48bdd,1,4,0.9797090291976929
e1c48bdd,1,5,0.9865503907203674
e1c48bdd,1,6,0.9836136102676392
e1c48bdd,2,1,0.9837322235107422
e1c48bdd,2,2,0.9999999403953552
e1c48bdd,2,3,0.9992253184318542
e1c48bdd,2,4,0.9993594288825989
e1c48bdd,2,5,0.9969858527183533
e1c48bdd,2,6,0.967475175857544
e1c48bdd,3,1,0.9814286231994629
e1c48bdd,3,2,0.9992253184318542
e1c48bdd,3,3,1.0
e1c48bdd,3,4,0.9991762638092041
e1c48bdd,3,5,0.9960581660270691
e1c48bdd,3,6,0.9688783884048462
e1c48bdd,4,1,0.9797090291976929
e1c48bdd,4,2,0.9993594288825989
e1c48bdd,4,3,0.9991762638092041
e1c48bdd,4,4,1.0
e1c48bdd,4,5,0.9971277713775635
e1c48bdd,4,6,0.9674050211906433
e1c48bdd,5,1,0.9865503907203674
e1c48bdd,5,2,0.9969858527183533
e1c48bdd,5,3,0.9960581660270691
e1c48bdd,5,4,0.9971277713775635
e1c48bdd,5,5,0.9999999403953552
e1c48bdd,5,6,0.9737570881843567
e1c48bdd,6,1,0.9836136102676392
e1c48bdd,6,2,0.967475175857544
e1c48bdd,6,3,0.9688783884048462
e1c48bdd,6,4,0.9674050211906433
e1c48bdd,6,5,0.9737570881843567
e1c48bdd,6,6,1.0000001192092896
e2qxuriu,1,1,1.0
e2qxuriu,1,2,0.9899195432662964
e2qxuriu,2,1,0.9899195432662964
e2qxuriu,2,2,0.9999998807907104
e3dcd186,1,1,0.9999999403953552
e3dcd186,1,2,0.9954093098640442
e3dcd186,1,3,0.9799389243125916
e3dcd186,1,4,0.9647859334945679
e3dcd186,1,5,0.9944641590118408
e3dcd186,1,6,0.9695930480957031
e3dcd186,1,7,0.952623188495636
e3dcd186,2,1,0.9954093098640442
e3dcd186,2,2,1.0
e3dcd186,2,3,0.9866068959236145
e3dcd186,2,4,0.9721850752830505
e3dcd186,2,5,0.9941210746765137
e3dcd186,2,6,0.9793211221694946
e3dcd186,2,7,0.9626305103302002
e3dcd186,3,1,0.9799389243125916
e3dcd186,3,2,0.9866068959236145
e3dcd186,3,3,0.9999998807907104
e3dcd186,3,4,0.9938502907752991
e3dcd186,3,5,0.986080527305603
e3dcd186,3,6,0.9845187664031982
e3dcd186,3,7,0.9850935339927673
e3dcd186,4,1,0.9647859334945679
e3dcd186,4,2,0.9721850752830505
e3dcd186,4,3,0.9938502907752991
e3dcd186,4,4,1.0
e3dcd186,4,5,0.9702186584472656
e3dcd186,4,6,0.9729395508766174
e3dcd186,4,7,0.9845530986785889
e3dcd186,5,1,0.9944641590118408
e3dcd186,5,2,0.9941210746765137
e3dcd186,5,3,0.986080527305603
e3dcd186,5,4,0.9702186584472656
e3dcd186,5,5,1.0000001192092896
e3dcd186,5,6,0.9823472499847412
e3dcd186,5,7,0.9681246876716614
e3dcd186,6,1,0.9695930480957031
e3dcd186,6,2,0.9793211221694946
e3dcd186,6,3,0.9845187664031982
e3dcd186,6,4,0.9729395508766174
e3dcd186,6,5,0.9823472499847412
e3dcd186,6,6,0.9999999403953552
e3dcd186,6,7,0.9797065258026123
e3dcd186,7,1,0.952623188495636
e3dcd186,7,2,0.9626305103302002
e3dcd186,7,3,0.9850935339927673
e3dcd186,7,4,0.9845530986785889
e3dcd186,7,5,0.9681246876716614
e3dcd186,7,6,0.9797065258026123
e3dcd186,7,7,0.9999998807907104
e4a72496,1,1,1.0
e4a72496,1,2,0.9817312955856323
e4a72496,2,1,0.9817312955856323
e4a72496,2,2,1.0
e4b6f2ef,1,1,1.0
e4b6f2ef,1,2,0.9924096465110779
e4b6f2ef,2,1,0.9924096465110779
e4b6f2ef,2,2,0.9999998807907104
e5be4781,1,1,1.0
e5be4781,1,2,0.9996797442436218
e5be4781,2,1,0.9996797442436218
e5be4781,2,2,0.9999999403953552
e5e9eb29,1,1,0.9999999403953552
e5e9eb29,1,2,0.9859620332717896
e5e9eb29,2,1,0.9859620332717896
e5e9eb29,2,2,1.0000001192092896
e638e950,1,1,0.9999999403953552
e638e950,1,2,0.9904095530509949
e638e950,1,3,0.9917147755622864
e638e950,1,4,0.9918761849403381
e638e950,1,5,0.9895656108856201
e638e950,1,6,0.9801234602928162
e638e950,1,7,0.9916918277740479
e638e950,1,8,0.9943606853485107
e638e950,1,9,0.9906624555587769
e638e950,1,10,0.9834970831871033
e638e950,1,11,0.9793154001235962
e638e950,1,12,0.9830958843231201
e638e950,1,13,0.9867727756500244
e638e950,2,1,0.9904095530509949
e638e950,2,2,1.0000001192092896
e638e950,2,3,0.9956046342849731
e638e950,2,4,0.9961647987365723
e638e950,2,5,0.9794546961784363
e638e950,2,6,0.983431339263916
e638e950,2,7,0.9898641109466553
e638e950,2,8,0.9778486490249634
e638e950,2,9,0.9746897220611572
e638e950,2,10,0.9852946400642395
e638e950,2,11,0.9651013016700745
e638e950,2,12,0.9920955300331116
e638e950,2,13,0.9754331707954407
e638e950,3,1,0.9917147755622864
e638e950,3,2,0.9956046342849731
e638e950,3,3,1.0000001192092896
e638e950,3,4,0.9926556348800659
e638e950,3,5,0.9791989922523499
e638e950,3,6,0.9793602824211121
e638e950,3,7,0.990415632724762
e638e950,3,8,0.9847919344902039
e638e950,3,9,0.9794824719429016
e638e950,3,10,0.9825816750526428
e638e950,3,11,0.9650181531906128
e638e950,3,12,0.9921125769615173
e638e950,3,13,0.9775310158729553
e638e950,4,1,0.9918761849403381
e638e950,4,2,0.9961647987365723
e638e950,4,3,0.9926556348800659
e638e950,4,4,1.0
e638e950,4,5,0.98951655626297
e638e950,4,6,0.992681086063385
e638e950,4,7,0.9969800114631653
e638e950,4,8,0.9853883981704712
e638e950,4,9,0.9832408428192139
e638e950,4,10,0.9951195120811462
e638e950,4,11,0.9612005949020386
e638e950,4,12,0.9828653335571289
e638e950,4,13,0.9819318652153015
e638e950,5,1,0.9895656108856201
e638e950,5,2,0.9794546961784363
e638e950,5,3,0.9791989922523499
e638e950,5,4,0.98951655626297
e638e950,5,5,1.0000001192092896
e638e950,5,6,0.9920605421066284
e638e950,5,7,0.9890463948249817
e638e950,5,8,0.9860752820968628
e638e950,5,9,0.9926495552062988
e638e950,5,10,0.993312656879425
e638e950,5,11,0.9521154761314392
e638e950,5,12,0.9630484580993652
e638e950,5,13,0.9797104001045227
e638e950,6,1,0.9801234602928162
e638e950,6,2,0.983431339263916
e638e950,6,3,0.9793602824211121
e638e950,6,4,0.992681086063385
e638e950,6,5,0.9920605421066284
e638e950,6,6,1.0000001192092896
e638e950,6,7,0.9903488159179688
e638e950,6,8,0.9735648036003113
e638e950,6,9,0.9772598743438721
e638e950,6,10,0.9970991015434265
e638e950,6,11,0.9372721910476685
e638e950,6,12,0.9679533243179321
e638e950,6,13,0.970163881778717
e638e950,7,1,0.9916918277740479
e638e950,7,2,0.9898641109466553
e638e950,7,3,0.990415632724762
e638e950,7,4,0.9969800114631653
e638e950,7,5,0.9890463948249817
e638e950,7,6,0.9903488159179688
e638e950,7,7,1.0
e638e950,7,8,0.9917040467262268
e638e950,7,9,0.9880996346473694
e638e950,7,10,0.9944486021995544
e638e950,7,11,0.9663277864456177
e638e950,7,12,0.9802918434143066
e638e950,7,13,0.9897305965423584
e638e950,8,1,0.9943606853485107
e638e950,8,2,0.9778486490249634
e638e950,8,3,0.9847919344902039
e638e950,8,4,0.9853883981704712
e638e950,8,5,0.9860752820968628
e638e950,8,6,0.9735648036003113
e638e950,8,7,0.9917040467262268
e638e950,8,8,1.0
e638e950,8,9,0.9931308031082153
e638e950,8,10,0.9811506867408752
e638e950,8,11,0.9736414551734924
e638e950,8,12,0.9693724513053894
e638e950,8,13,0.9907643795013428
e638e950,9,1,0.9906624555587769
e638e950,9,2,0.9746897220611572
e638e950,9,3,0.9794824719429016
e638e950,9,4,0.9832408428192139
e638e950,9,5,0.9926495552062988
e638e950,9,6,0.9772598743438721
e638e950,9,7,0.9880996346473694
e638e950,9,8,0.9931308031082153
e638e950,9,9,1.0000001192092896
e638e950,9,10,0.9850826263427734
e638e950,9,11,0.9687352180480957
e638e950,9,12,0.9649835228919983
e638e950,9,13,0.9922094941139221
e638e950,10,1,0.9834970831871033
e638e950,10,2,0.9852946400642395
e638e950,10,3,0.9825816750526428
e638e950,10,4,0.9951195120811462
e638e950,10,5,0.993312656879425
e638e950,10,6,0.9970991015434265
e638e950,10,7,0.9944486021995544
e638e950,10,8,0.9811506867408752
e638e950,10,9,0.9850826263427734
e638e950,10,10,0.9999998807907104
e638e950,10,11,0.9436336755752563
e638e950,10,12,0.9680686593055725
e638e950,10,13,0.979015052318573
e638e950,11,1,0.9793154001235962
e638e950,11,2,0.9651013016700745
e638e950,11,3,0.9650181531906128
e638e950,11,4,0.9612005949020386
e638e950,11,5,0.9521154761314392
e638e950,11,6,0.9372721910476685
e638e950,11,7,0.9663277864456177
e638e950,11,8,0.9736414551734924
e638e950,11,9,0.9687352180480957
e638e950,11,10,0.9436336755752563
e638e950,11,11,1.0000001192092896
e638e950,11,12,0.9727874398231506
e638e950,11,13,0.9830566048622131
e638e950,12,1,0.9830958843231201
e638e950,12,2,0.9920955300331116
e638e950,12,3,0.9921125769615173
e638e950,12,4,0.9828653335571289
e638e950,12,5,0.9630484580993652
e638e950,12,6,0.9679533243179321
e638e950,12,7,0.9802918434143066
e638e950,12,8,0.9693724513053894
e638e950,12,9,0.9649835228919983
e638e950,12,10,0.9680686593055725
e638e950,12,11,0.9727874398231506
e638e950,12,12,0.9999999403953552
e638e950,12,13,0.9724217057228088
e638e950,13,1,0.9867727756500244
e638e950,13,2,0.9754331707954407
e638e950,13,3,0.9775310158729553
e638e950,13,4,0.9819318652153015
e638e950,13,5,0.9797104001045227
e638e950,13,6,0.970163881778717
e638e950,13,7,0.9897305965423584
e638e950,13,8,0.9907643795013428
e638e950,13,9,0.9922094941139221
e638e950,13,10,0.979015052318573
e638e950,13,11,0.9830566048622131
e638e950,13,12,0.9724217057228088
e638e950,13,13,0.9999998807907104
e79ecd47,1,1,1.0
e79ecd47,1,2,0.9964226484298706
e79ecd47,1,3,0.9979779124259949
e79ecd47,1,4,0.9909293055534363
e79ecd47,1,5,0.9965674877166748
e79ecd47,1,6,0.9950278401374817
e79ecd47,1,7,0.977121889591217
e79ecd47,2,1,0.9964226484298706
e79ecd47,2,2,1.0
e79ecd47,2,3,0.9957354664802551
e79ecd47,2,4,0.9947118759155273
e79ecd47,2,5,0.9993478655815125
e79ecd47,2,6,0.9912422299385071
e79ecd47,2,7,0.9752544164657593
e79ecd47,3,1,0.9979779124259949
e79ecd47,3,2,0.9957354664802551
e79ecd47,3,3,0.9999999403953552
e79ecd47,3,4,0.9934998154640198
e79ecd47,3,5,0.9964166283607483
e79ecd47,3,6,0.9949685335159302
e79ecd47,3,7,0.9747617840766907
e79ecd47,4,1,0.9909293055534363
e79ecd47,4,2,0.9947118759155273
e79ecd47,4,3,0.9934998154640198
e79ecd47,4,4,1.0
e79ecd47,4,5,0.9960078597068787
e79ecd47,4,6,0.993043065071106
e79ecd47,4,7,0.982030987739563
e79ecd47,5,1,0.9965674877166748
e79ecd47,5,2,0.9993478655815125
e79ecd47,5,3,0.9964166283607483
e79ecd47,5,4,0.9960078597068787
e79ecd47,5,5,1.000000238418579
e79ecd47,5,6,0.9931982159614563
e79ecd47,5,7,0.9765587449073792
e79ecd47,6,1,0.9950278401374817
e79ecd47,6,2,0.9912422299385071
e79ecd47,6,3,0.9949685335159302
e79ecd47,6,4,0.993043065071106
e79ecd47,6,5,0.9931982159614563
e79ecd47,6,6,0.9999998807907104
e79ecd47,6,7,0.9828870296478271
e79ecd47,7,1,0.977121889591217
e79ecd47,7,2,0.9752544164657593
e79ecd47,7,3,0.9747617840766907
e79ecd47,7,4,0.982030987739563
e79ecd47,7,5,0.9765587449073792
e79ecd47,7,6,0.9828870296478271
e79ecd47,7,7,0.9999998807907104
e944mlk3,1,1,1.0
e944mlk3,1,2,0.996005654335022
e944mlk3,1,3,0.996513307094574
e944mlk3,1,4,0.9934510588645935
e944mlk3,1,5,0.9904184937477112
e944mlk3,1,6,0.9831118583679199
e944mlk3,2,1,0.996005654335022
e944mlk3,2,2,1.0000001192092896
e944mlk3,2,3,0.9976776242256165
e944mlk3,2,4,0.9973393082618713
e944mlk3,2,5,0.993198573589325
e944mlk3,2,6,0.9946317672729492
e944mlk3,3,1,0.996513307094574
e944mlk3,3,2,0.9976776242256165
e944mlk3,3,3,0.9999998807907104
e944mlk3,3,4,0.9983088374137878
e944mlk3,3,5,0.9959327578544617
e944mlk3,3,6,0.992463231086731
e944mlk3,4,1,0.9934510588645935
e944mlk3,4,2,0.9973393082618713
e944mlk3,4,3,0.9983088374137878
e944mlk3,4,4,1.0
e944mlk3,4,5,0.9986636638641357
e944mlk3,4,6,0.9951786994934082
e944mlk3,5,1,0.9904184937477112
e944mlk3,5,2,0.993198573589325
e944mlk3,5,3,0.9959327578544617
e944mlk3,5,4,0.9986636638641357
e944mlk3,5,5,1.0
e944mlk3,5,6,0.9915602207183838
e944mlk3,6,1,0.9831118583679199
e944mlk3,6,2,0.9946317672729492
e944mlk3,6,3,0.992463231086731
e944mlk3,6,4,0.9951786994934082
e944mlk3,6,5,0.9915602207183838
e944mlk3,6,6,1.0
e96b9b04,1,1,1.0000001192092896
e96b9b04,1,2,0.9941828846931458
e96b9b04,1,3,0.9669280052185059
e96b9b04,1,4,0.9903233647346497
e96b9b04,1,5,0.9919321537017822
e96b9b04,2,1,0.9941828846931458
e96b9b04,2,2,0.9999999403953552
e96b9b04,2,3,0.9779569506645203
e96b9b04,2,4,0.9817419052124023
e96b9b04,2,5,0.9928974509239197
e96b9b04,3,1,0.9669280052185059
e96b9b04,3,2,0.9779569506645203
e96b9b04,3,3,1.0
e96b9b04,3,4,0.9644818305969238
e96b9b04,3,5,0.9683626890182495
e96b9b04,4,1,0.9903233647346497
e96b9b04,4,2,0.9817419052124023
e96b9b04,4,3,0.9644818305969238
e96b9b04,4,4,1.0
e96b9b04,4,5,0.9928045868873596
e96b9b04,5,1,0.9919321537017822
e96b9b04,5,2,0.9928974509239197
e96b9b04,5,3,0.9683626890182495
e96b9b04,5,4,0.9928045868873596
e96b9b04,5,5,0.9999998807907104
e99bd793,1,1,0.9999999403953552
e99bd793,1,2,0.9861906170845032
e99bd793,1,3,0.9879254698753357
e99bd793,2,1,0.9861906170845032
e99bd793,2,2,1.0
e99bd793,2,3,0.9965415596961975
e99bd793,3,1,0.9879254698753357
e99bd793,3,2,0.9965415596961975
e99bd793,3,3,1.0
eaff3301,1,1,1.0
eaff3301,1,2,0.9973787665367126
eaff3301,2,1,0.9973787665367126
eaff3301,2,2,1.0
eb93ed20,1,1,1.0000001192092896
eb93ed20,1,2,0.9928780794143677
eb93ed20,2,1,0.9928780794143677
eb93ed20,2,2,1.0000001192092896
ec27366a,1,1,0.9999999403953552
ec27366a,1,2,0.9878085851669312
ec27366a,1,3,0.9881820678710938
ec27366a,1,4,0.9786722660064697
ec27366a,1,5,0.9673521518707275
ec27366a,1,6,0.9851773977279663
ec27366a,2,1,0.9878085851669312
ec27366a,2,2,0.9999999403953552
ec27366a,2,3,0.9964785575866699
ec27366a,2,4,0.990261435508728
ec27366a,2,5,0.9696204662322998
ec27366a,2,6,0.9774487018585205
ec27366a,3,1,0.9881820678710938
ec27366a,3,2,0.9964785575866699
ec27366a,3,3,1.0000001192092896
ec27366a,3,4,0.9850143790245056
ec27366a,3,5,0.9734497666358948
ec27366a,3,6,0.9768341183662415
ec27366a,4,1,0.9786722660064697
ec27366a,4,2,0.990261435508728
ec27366a,4,3,0.9850143790245056
ec27366a,4,4,0.9999999403953552
ec27366a,4,5,0.9848361015319824
ec27366a,4,6,0.9832175374031067
ec27366a,5,1,0.9673521518707275
ec27366a,5,2,0.9696204662322998
ec27366a,5,3,0.9734497666358948
ec27366a,5,4,0.9848361015319824
ec27366a,5,5,1.0
ec27366a,5,6,0.9854897260665894
ec27366a,6,1,0.9851773977279663
ec27366a,6,2,0.9774487018585205
ec27366a,6,3,0.9768341183662415
ec27366a,6,4,0.9832175374031067
ec27366a,6,5,0.9854897260665894
ec27366a,6,6,1.0
eec4c008,1,1,0.9999999403953552
eec4c008,1,2,0.9830310940742493
eec4c008,2,1,0.9830310940742493
eec4c008,2,2,1.0
em21z9mn,1,1,1.0
em21z9mn,1,2,0.937187910079956
em21z9mn,1,3,0.9397872686386108
em21z9mn,2,1,0.937187910079956
em21z9mn,2,2,1.0
em21z9mn,2,3,0.9974308013916016
em21z9mn,3,1,0.9397872686386108
em21z9mn,3,2,0.9974308013916016
em21z9mn,3,3,0.9999999403953552
epxoelt8,1,1,0.9999998807907104
epxoelt8,1,2,0.988508939743042
epxoelt8,1,3,0.9117212295532227
epxoelt8,2,1,0.988508939743042
epxoelt8,2,2,0.9999998807907104
epxoelt8,2,3,0.9234849810600281
epxoelt8,3,1,0.9117212295532227
epxoelt8,3,2,0.9234849810600281
epxoelt8,3,3,1.0
et9fou59,1,1,0.9999999403953552
et9fou59,1,2,0.9989277124404907
et9fou59,1,3,0.9977236390113831
et9fou59,1,4,0.9990026354789734
et9fou59,1,5,0.9994164705276489
et9fou59,1,6,0.998964786529541
et9fou59,1,7,0.99805748462677
et9fou59,1,8,0.9973046779632568
et9fou59,1,9,0.9948325157165527
et9fou59,1,10,0.9918406009674072
et9fou59,1,11,0.9975463151931763
et9fou59,2,1,0.9989277124404907
et9fou59,2,2,0.9999998807907104
et9fou59,2,3,0.9961296319961548
et9fou59,2,4,0.997536301612854
et9fou59,2,5,0.9993935823440552
et9fou59,2,6,0.9983999729156494
et9fou59,2,7,0.9973131418228149
et9fou59,2,8,0.9979135990142822
et9fou59,2,9,0.995208740234375
et9fou59,2,10,0.9910107851028442
et9fou59,2,11,0.9983816742897034
et9fou59,3,1,0.9977236390113831
et9fou59,3,2,0.9961296319961548
et9fou59,3,3,0.9999999403953552
et9fou59,3,4,0.9972034096717834
et9fou59,3,5,0.9975647926330566
et9fou59,3,6,0.9946593046188354
et9fou59,3,7,0.9937628507614136
et9fou59,3,8,0.9930002689361572
et9fou59,3,9,0.9893142580986023
et9fou59,3,10,0.9864693880081177
et9fou59,3,11,0.9930586814880371
et9fou59,4,1,0.9990026354789734
et9fou59,4,2,0.997536301612854
et9fou59,4,3,0.9972034096717834
et9fou59,4,4,1.0000001192092896
et9fou59,4,5,0.9984630346298218
et9fou59,4,6,0.997857928276062
et9fou59,4,7,0.99853515625
et9fou59,4,8,0.9972795248031616
et9fou59,4,9,0.9968398809432983
et9fou59,4,10,0.9951320290565491
et9fou59,4,11,0.9973320960998535
et9fou59,5,1,0.9994164705276489
et9fou59,5,2,0.9993935823440552
et9fou59,5,3,0.9975647926330566
et9fou59,5,4,0.9984630346298218
et9fou59,5,5,1.0
et9fou59,5,6,0.9979440569877625
et9fou59,5,7,0.997146487236023
et9fou59,5,8,0.9978310465812683
et9fou59,5,9,0.9952561855316162
et9fou59,5,10,0.9912478923797607
et9fou59,5,11,0.998088002204895
et9fou59,6,1,0.998964786529541
et9fou59,6,2,0.9983999729156494
et9fou59,6,3,0.9946593046188354
et9fou59,6,4,0.997857928276062
et9fou59,6,5,0.9979440569877625
et9fou59,6,6,1.0000001192092896
et9fou59,6,7,0.9984093904495239
et9fou59,6,8,0.9969000816345215
et9fou59,6,9,0.9955468773841858
et9fou59,6,10,0.9925277829170227
et9fou59,6,11,0.997535228729248
et9fou59,7,1,0.99805748462677
et9fou59,7,2,0.9973131418228149
et9fou59,7,3,0.9937628507614136
et9fou59,7,4,0.99853515625
et9fou59,7,5,0.997146487236023
et9fou59,7,6,0.9984093904495239
et9fou59,7,7,1.0
et9fou59,7,8,0.998181164264679
et9fou59,7,9,0.9977893829345703
et9fou59,7,10,0.9970530867576599
et9fou59,7,11,0.9986729621887207
et9fou59,8,1,0.9973046779632568
et9fou59,8,2,0.9979135990142822
et9fou59,8,3,0.9930002689361572
et9fou59,8,4,0.9972795248031616
et9fou59,8,5,0.9978310465812683
et9fou59,8,6,0.9969000816345215
et9fou59,8,7,0.998181164264679
et9fou59,8,8,0.9999999403953552
et9fou59,8,9,0.9978199005126953
et9fou59,8,10,0.9959011077880859
et9fou59,8,11,0.9991313815116882
et9fou59,9,1,0.9948325157165527
et9fou59,9,2,0.995208740234375
et9fou59,9,3,0.9893142580986023
et9fou59,9,4,0.9968398809432983
et9fou59,9,5,0.9952561855316162
et9fou59,9,6,0.9955468773841858
et9fou59,9,7,0.9977893829345703
et9fou59,9,8,0.9978199005126953
et9fou59,9,9,1.0
et9fou59,9,10,0.9982866644859314
et9fou59,9,11,0.9979067444801331
et9fou59,10,1,0.9918406009674072
et9fou59,10,2,0.9910107851028442
et9fou59,10,3,0.9864693880081177
et9fou59,10,4,0.9951320290565491
et9fou59,10,5,0.9912478923797607
et9fou59,10,6,0.9925277829170227
et9fou59,10,7,0.9970530867576599
et9fou59,10,8,0.9959011077880859
et9fou59,10,9,0.9982866644859314
et9fou59,10,10,0.9999999403953552
et9fou59,10,11,0.9953610301017761
et9fou59,11,1,0.9975463151931763
et9fou59,11,2,0.9983816742897034
et9fou59,11,3,0.9930586814880371
et9fou59,11,4,0.9973320960998535
et9fou59,11,5,0.998088002204895
et9fou59,11,6,0.997535228729248
et9fou59,11,7,0.9986729621887207
et9fou59,11,8,0.9991313815116882
et9fou59,11,9,0.9979067444801331
et9fou59,11,10,0.9953610301017761
et9fou59,11,11,1.0
f0ba8748,1,1,0.9999999403953552
f0ba8748,1,2,0.9926262497901917
f0ba8748,1,3,0.9882897734642029
f0ba8748,2,1,0.9926262497901917
f0ba8748,2,2,1.0
f0ba8748,2,3,0.9825735092163086
f0ba8748,3,1,0.9882897734642029
f0ba8748,3,2,0.9825735092163086
f0ba8748,3,3,1.0
f33d3c15,1,1,0.9999999403953552
f33d3c15,1,2,0.9909033179283142
f33d3c15,1,3,0.9749468564987183
f33d3c15,1,4,0.9642074704170227
f33d3c15,1,5,0.9893273115158081
f33d3c15,1,6,0.9825583100318909
f33d3c15,1,7,0.9767024517059326
f33d3c15,2,1,0.9909033179283142
f33d3c15,2,2,1.0000001192092896
f33d3c15,2,3,0.9928281307220459
f33d3c15,2,4,0.9878714680671692
f33d3c15,2,5,0.990886390209198
f33d3c15,2,6,0.9943825006484985
f33d3c15,2,7,0.9847050905227661
f33d3c15,3,1,0.9749468564987183
f33d3c15,3,2,0.9928281307220459
f33d3c15,3,3,1.0000001192092896
f33d3c15,3,4,0.9976359605789185
f33d3c15,3,5,0.9724836349487305
f33d3c15,3,6,0.992061197757721
f33d3c15,3,7,0.979613184928894
f33d3c15,4,1,0.9642074704170227
f33d3c15,4,2,0.9878714680671692
f33d3c15,4,3,0.9976359605789185
f33d3c15,4,4,0.9999998807907104
f33d3c15,4,5,0.967703640460968
f33d3c15,4,6,0.990886926651001
f33d3c15,4,7,0.9777552485466003
f33d3c15,5,1,0.9893273115158081
f33d3c15,5,2,0.990886390209198
f33d3c15,5,3,0.9724836349487305
f33d3c15,5,4,0.967703640460968
f33d3c15,5,5,1.0
f33d3c15,5,6,0.9843429923057556
f33d3c15,5,7,0.9834154844284058
f33d3c15,6,1,0.9825583100318909
f33d3c15,6,2,0.9943825006484985
f33d3c15,6,3,0.992061197757721
f33d3c15,6,4,0.990886926651001
f33d3c15,6,5,0.9843429923057556
f33d3c15,6,6,1.0000001192092896
f33d3c15,6,7,0.9786117672920227
f33d3c15,7,1,0.9767024517059326
f33d3c15,7,2,0.9847050905227661
f33d3c15,7,3,0.979613184928894
f33d3c15,7,4,0.9777552485466003
f33d3c15,7,5,0.9834154844284058
f33d3c15,7,6,0.9786117672920227
f33d3c15,7,7,0.9999998807907104
f45d3823,1,1,1.0
f45d3823,1,2,0.9985403418540955
f45d3823,1,3,0.9900104999542236
f45d3823,1,4,0.9901021122932434
f45d3823,1,5,0.9923456907272339
f45d3823,1,6,0.9871971011161804
f45d3823,1,7,0.9752379655838013
f45d3823,1,8,0.9866885542869568
f45d3823,1,9,0.9851757287979126
f45d3823,1,10,0.9844805598258972
f45d3823,2,1,0.9985403418540955
f45d3823,2,2,1.0000001192092896
f45d3823,2,3,0.9918405413627625
f45d3823,2,4,0.9928044080734253
f45d3823,2,5,0.9942777156829834
f45d3823,2,6,0.9858443140983582
f45d3823,2,7,0.9805302619934082
f45d3823,2,8,0.9910106062889099
f45d3823,2,9,0.9882809519767761
f45d3823,2,10,0.9862717986106873
f45d3823,3,1,0.9900104999542236
f45d3823,3,2,0.9918405413627625
f45d3823,3,3,1.0000001192092896
f45d3823,3,4,0.9966238141059875
f45d3823,3,5,0.9890386462211609
f45d3823,3,6,0.9608502388000488
f45d3823,3,7,0.9844882488250732
f45d3823,3,8,0.972560465335846
f45d3823,3,9,0.9791632294654846
f45d3823,3,10,0.9615523219108582
f45d3823,4,1,0.9901021122932434
f45d3823,4,2,0.9928044080734253
f45d3823,4,3,0.9966238141059875
f45d3823,4,4,1.0000001192092896
f45d3823,4,5,0.9930280447006226
f45d3823,4,6,0.969623327255249
f45d3823,4,7,0.9819530844688416
f45d3823,4,8,0.9804301857948303
f45d3823,4,9,0.9833456873893738
f45d3823,4,10,0.9710497260093689
f45d3823,5,1,0.9923456907272339
f45d3823,5,2,0.9942777156829834
f45d3823,5,3,0.9890386462211609
f45d3823,5,4,0.9930280447006226
f45d3823,5,5,0.9999999403953552
f45d3823,5,6,0.9825160503387451
f45d3823,5,7,0.9874008893966675
f45d3823,5,8,0.9866161346435547
f45d3823,5,9,0.9960415363311768
f45d3823,5,10,0.9822338819503784
f45d3823,6,1,0.9871971011161804
f45d3823,6,2,0.9858443140983582
f45d3823,6,3,0.9608502388000488
f45d3823,6,4,0.969623327255249
f45d3823,6,5,0.9825160503387451
f45d3823,6,6,1.0
f45d3823,6,7,0.9514762759208679
f45d3823,6,8,0.9920204281806946
f45d3823,6,9,0.9787254929542542
f45d3823,6,10,0.9971940517425537
f45d3823,7,1,0.9752379655838013
f45d3823,7,2,0.9805302619934082
f45d3823,7,3,0.9844882488250732
f45d3823,7,4,0.9819530844688416
f45d3823,7,5,0.9874008893966675
f45d3823,7,6,0.9514762759208679
f45d3823,7,7,1.0
f45d3823,7,8,0.9670910835266113
f45d3823,7,9,0.9909528493881226
f45d3823,7,10,0.9559444785118103
f45d3823,8,1,0.9866885542869568
f45d3823,8,2,0.9910106062889099
f45d3823,8,3,0.972560465335846
f45d3823,8,4,0.9804301857948303
f45d3823,8,5,0.9866161346435547
f45d3823,8,6,0.9920204281806946
f45d3823,8,7,0.9670910835266113
f45d3823,8,8,1.0
f45d3823,8,9,0.9838674664497375
f45d3823,8,10,0.9971544146537781
f45d3823,9,1,0.9851757287979126
f45d3823,9,2,0.9882809519767761
f45d3823,9,3,0.9791632294654846
f45d3823,9,4,0.9833456873893738
f45d3823,9,5,0.9960415363311768
f45d3823,9,6,0.9787254929542542
f45d3823,9,7,0.9909528493881226
f45d3823,9,8,0.9838674664497375
f45d3823,9,9,1.0
f45d3823,9,10,0.980963408946991
f45d3823,10,1,0.9844805598258972
f45d3823,10,2,0.9862717986106873
f45d3823,10,3,0.9615523219108582
f45d3823,10,4,0.9710497260093689
f45d3823,10,5,0.9822338819503784
f45d3823,10,6,0.9971940517425537
f45d3823,10,7,0.9559444785118103
f45d3823,10,8,0.9971544146537781
f45d3823,10,9,0.980963408946991
f45d3823,10,10,0.9999998807907104
f509054f,1,1,0.9999999403953552
f509054f,1,2,0.995214581489563
f509054f,1,3,0.9902392625808716
f509054f,2,1,0.995214581489563
f509054f,2,2,0.9999999403953552
f509054f,2,3,0.9883438348770142
f509054f,3,1,0.9902392625808716
f509054f,3,2,0.9883438348770142
f509054f,3,3,1.0
f54tbvr8,1,1,1.0
f54tbvr8,1,2,0.9902200102806091
f54tbvr8,2,1,0.9902200102806091
f54tbvr8,2,2,1.0
f5d2d8d3,1,1,1.0
f5d2d8d3,1,2,0.9898322224617004
f5d2d8d3,1,3,0.9920822381973267
f5d2d8d3,1,4,0.990362286567688
f5d2d8d3,2,1,0.9898322224617004
f5d2d8d3,2,2,1.0
f5d2d8d3,2,3,0.9982882142066956
f5d2d8d3,2,4,0.9962126612663269
f5d2d8d3,3,1,0.9920822381973267
f5d2d8d3,3,2,0.9982882142066956
f5d2d8d3,3,3,1.0
f5d2d8d3,3,4,0.997715950012207
f5d2d8d3,4,1,0.990362286567688
f5d2d8d3,4,2,0.9962126612663269
f5d2d8d3,4,3,0.997715950012207
f5d2d8d3,4,4,0.9999999403953552
f6786ab5,1,1,1.0000001192092896
f6786ab5,1,2,0.9974714517593384
f6786ab5,1,3,0.9777686595916748
f6786ab5,1,4,0.9936368465423584
f6786ab5,1,5,0.9891101121902466
f6786ab5,1,6,0.9914857149124146
f6786ab5,1,7,0.9881126880645752
f6786ab5,2,1,0.9974714517593384
f6786ab5,2,2,1.0
f6786ab5,2,3,0.9728628396987915
f6786ab5,2,4,0.9976562261581421
f6786ab5,2,5,0.9916717410087585
f6786ab5,2,6,0.9953805208206177
f6786ab5,2,7,0.9909611344337463
f6786ab5,3,1,0.9777686595916748
f6786ab5,3,2,0.9728628396987915
f6786ab5,3,3,1.0
f6786ab5,3,4,0.9672065377235413
f6786ab5,3,5,0.9902193546295166
f6786ab5,3,6,0.9784039258956909
f6786ab5,3,7,0.9843291640281677
f6786ab5,4,1,0.9936368465423584
f6786ab5,4,2,0.9976562261581421
f6786ab5,4,3,0.9672065377235413
f6786ab5,4,4,0.9999999403953552
f6786ab5,4,5,0.9885728359222412
f6786ab5,4,6,0.997475266456604
f6786ab5,4,7,0.993104875087738
f6786ab5,5,1,0.9891101121902466
f6786ab5,5,2,0.9916717410087585
f6786ab5,5,3,0.9902193546295166
f6786ab5,5,4,0.9885728359222412
f6786ab5,5,5,1.0000001192092896
f6786ab5,5,6,0.9944916367530823
f6786ab5,5,7,0.995521068572998
f6786ab5,6,1,0.9914857149124146
f6786ab5,6,2,0.9953805208206177
f6786ab5,6,3,0.9784039258956909
f6786ab5,6,4,0.997475266456604
f6786ab5,6,5,0.9944916367530823
f6786ab5,6,6,1.0
f6786ab5,6,7,0.9984984397888184
f6786ab5,7,1,0.9881126880645752
f6786ab5,7,2,0.9909611344337463
f6786ab5,7,3,0.9843291640281677
f6786ab5,7,4,0.993104875087738
f6786ab5,7,5,0.995521068572998
f6786ab5,7,6,0.9984984397888184
f6786ab5,7,7,1.0
f6bfc699,1,1,1.0
f6bfc699,1,2,0.9889716506004333
f6bfc699,1,3,0.9961305856704712
f6bfc699,1,4,0.9896596074104309
f6bfc699,1,5,0.9953864812850952
f6bfc699,2,1,0.9889716506004333
f6bfc699,2,2,0.9999999403953552
f6bfc699,2,3,0.9950998425483704
f6bfc699,2,4,0.9820310473442078
f6bfc699,2,5,0.9863244295120239
f6bfc699,3,1,0.9961305856704712
f6bfc699,3,2,0.9950998425483704
f6bfc699,3,3,0.9999999403953552
f6bfc699,3,4,0.9931238889694214
f6bfc699,3,5,0.99118971824646
f6bfc699,4,1,0.9896596074104309
f6bfc699,4,2,0.9820310473442078
f6bfc699,4,3,0.9931238889694214
f6bfc699,4,4,1.0000001192092896
f6bfc699,4,5,0.9871155023574829
f6bfc699,5,1,0.9953864812850952
f6bfc699,5,2,0.9863244295120239
f6bfc699,5,3,0.99118971824646
f6bfc699,5,4,0.9871155023574829
f6bfc699,5,5,1.0
f6de8226,1,1,1.0
f6de8226,1,2,0.9918726086616516
f6de8226,1,3,0.9740409851074219
f6de8226,1,4,0.9672563076019287
f6de8226,1,5,0.9854229688644409
f6de8226,2,1,0.9918726086616516
f6de8226,2,2,0.9999998807907104
f6de8226,2,3,0.9858611822128296
f6de8226,2,4,0.9837674498558044
f6de8226,2,5,0.998065710067749
f6de8226,3,1,0.9740409851074219
f6de8226,3,2,0.9858611822128296
f6de8226,3,3,0.9999999403953552
f6de8226,3,4,0.9982255101203918
f6de8226,3,5,0.9896033406257629
f6de8226,4,1,0.9672563076019287
f6de8226,4,2,0.9837674498558044
f6de8226,4,3,0.9982255101203918
f6de8226,4,4,1.0000001192092896
f6de8226,4,5,0.9893843531608582
f6de8226,5,1,0.9854229688644409
f6de8226,5,2,0.998065710067749
f6de8226,5,3,0.9896033406257629
f6de8226,5,4,0.9893843531608582
f6de8226,5,5,0.9999998807907104
f6f8b4a6,1,1,1.0
f6f8b4a6,1,2,0.9974884390830994
f6f8b4a6,1,3,0.9849706888198853
f6f8b4a6,1,4,0.994821310043335
f6f8b4a6,1,5,0.9903993606567383
f6f8b4a6,1,6,0.9773898124694824
f6f8b4a6,1,7,0.9880037307739258
f6f8b4a6,1,8,0.9950728416442871
f6f8b4a6,1,9,0.9933027029037476
f6f8b4a6,2,1,0.9974884390830994
f6f8b4a6,2,2,0.9999999403953552
f6f8b4a6,2,3,0.9890836477279663
f6f8b4a6,2,4,0.9974019527435303
f6f8b4a6,2,5,0.9939734935760498
f6f8b4a6,2,6,0.9819523096084595
f6f8b4a6,2,7,0.991917610168457
f6f8b4a6,2,8,0.9991356134414673
f6f8b4a6,2,9,0.9978262782096863
f6f8b4a6,3,1,0.9849706888198853
f6f8b4a6,3,2,0.9890836477279663
f6f8b4a6,3,3,0.9999998807907104
f6f8b4a6,3,4,0.9811900854110718
f6f8b4a6,3,5,0.9972996711730957
f6f8b4a6,3,6,0.9934593439102173
f6f8b4a6,3,7,0.9993535876274109
f6f8b4a6,3,8,0.9915911555290222
f6f8b4a6,3,9,0.9939673542976379
f6f8b4a6,4,1,0.994821310043335
f6f8b4a6,4,2,0.9974019527435303
f6f8b4a6,4,3,0.9811900854110718
f6f8b4a6,4,4,1.0
f6f8b4a6,4,5,0.990573525428772
f6f8b4a6,4,6,0.978553056716919
f6f8b4a6,4,7,0.9855107069015503
f6f8b4a6,4,8,0.9965468049049377
f6f8b4a6,4,9,0.9940621852874756
f6f8b4a6,5,1,0.9903993606567383
f6f8b4a6,5,2,0.9939734935760498
f6f8b4a6,5,3,0.9972996711730957
f6f8b4a6,5,4,0.990573525428772
f6f8b4a6,5,5,1.0
f6f8b4a6,5,6,0.993175208568573
f6f8b4a6,5,7,0.9985687732696533
f6f8b4a6,5,8,0.995231032371521
f6f8b4a6,5,9,0.9959853887557983
f6f8b4a6,6,1,0.9773898124694824
f6f8b4a6,6,2,0.9819523096084595
f6f8b4a6,6,3,0.9934593439102173
f6f8b4a6,6,4,0.978553056716919
f6f8b4a6,6,5,0.993175208568573
f6f8b4a6,6,6,1.0000001192092896
f6f8b4a6,6,7,0.9940862655639648
f6f8b4a6,6,8,0.9855110049247742
f6f8b4a6,6,9,0.9862728714942932
f6f8b4a6,7,1,0.9880037307739258
f6f8b4a6,7,2,0.991917610168457
f6f8b4a6,7,3,0.9993535876274109
f6f8b4a6,7,4,0.9855107069015503
f6f8b4a6,7,5,0.9985687732696533
f6f8b4a6,7,6,0.9940862655639648
f6f8b4a6,7,7,1.0000001192092896
f6f8b4a6,7,8,0.993848443031311
f6f8b4a6,7,9,0.9954596161842346
f6f8b4a6,8,1,0.9950728416442871
f6f8b4a6,8,2,0.9991356134414673
f6f8b4a6,8,3,0.9915911555290222
f6f8b4a6,8,4,0.9965468049049377
f6f8b4a6,8,5,0.995231032371521
f6f8b4a6,8,6,0.9855110049247742
f6f8b4a6,8,7,0.993848443031311
f6f8b4a6,8,8,1.0
f6f8b4a6,8,9,0.9993416666984558
f6f8b4a6,9,1,0.9933027029037476
f6f8b4a6,9,2,0.9978262782096863
f6f8b4a6,9,3,0.9939673542976379
f6f8b4a6,9,4,0.9940621852874756
f6f8b4a6,9,5,0.9959853887557983
f6f8b4a6,9,6,0.9862728714942932
f6f8b4a6,9,7,0.9954596161842346
f6f8b4a6,9,8,0.9993416666984558
f6f8b4a6,9,9,1.0
f7203226,1,1,1.0000001192092896
f7203226,1,2,0.9772559404373169
f7203226,2,1,0.9772559404373169
f7203226,2,2,1.0
f8e5f837,1,1,1.0
f8e5f837,1,2,0.9850120544433594
f8e5f837,1,3,0.9917839765548706
f8e5f837,2,1,0.9850120544433594
f8e5f837,2,2,1.0000001192092896
f8e5f837,2,3,0.9927552938461304
f8e5f837,3,1,0.9917839765548706
f8e5f837,3,2,0.9927552938461304
f8e5f837,3,3,1.0
f9c20062,1,1,0.9999999403953552
f9c20062,1,2,0.9942673444747925
f9c20062,1,3,0.9885790348052979
f9c20062,1,4,0.9840078353881836
f9c20062,1,5,0.979383111000061
f9c20062,1,6,0.9836924076080322
f9c20062,1,7,0.9348251819610596
f9c20062,2,1,0.9942673444747925
f9c20062,2,2,1.0
f9c20062,2,3,0.9896110892295837
f9c20062,2,4,0.991716742515564
f9c20062,2,5,0.9858764410018921
f9c20062,2,6,0.9914610385894775
f9c20062,2,7,0.9445932507514954
f9c20062,3,1,0.9885790348052979
f9c20062,3,2,0.9896110892295837
f9c20062,3,3,1.0
f9c20062,3,4,0.9969732761383057
f9c20062,3,5,0.9668479561805725
f9c20062,3,6,0.9823011755943298
f9c20062,3,7,0.9236481189727783
f9c20062,4,1,0.9840078353881836
f9c20062,4,2,0.991716742515564
f9c20062,4,3,0.9969732761383057
f9c20062,4,4,0.9999998807907104
f9c20062,4,5,0.9743037819862366
f9c20062,4,6,0.9873057007789612
f9c20062,4,7,0.9359660148620605
f9c20062,5,1,0.979383111000061
f9c20062,5,2,0.9858764410018921
f9c20062,5,3,0.9668479561805725
f9c20062,5,4,0.9743037819862366
f9c20062,5,5,1.0000001192092896
f9c20062,5,6,0.9932909607887268
f9c20062,5,7,0.9742171168327332
f9c20062,6,1,0.9836924076080322
f9c20062,6,2,0.9914610385894775
f9c20062,6,3,0.9823011755943298
f9c20062,6,4,0.9873057007789612
f9c20062,6,5,0.9932909607887268
f9c20062,6,6,1.0000001192092896
f9c20062,6,7,0.9623751044273376
f9c20062,7,1,0.9348251819610596
f9c20062,7,2,0.9445932507514954
f9c20062,7,3,0.9236481189727783
f9c20062,7,4,0.9359660148620605
f9c20062,7,5,0.9742171168327332
f9c20062,7,6,0.9623751044273376
f9c20062,7,7,1.0
fabae187,1,1,1.0
fabae187,1,2,0.9956448674201965
fabae187,1,3,0.9959785342216492
fabae187,1,4,0.9817517995834351
fabae187,1,5,0.9962401986122131
fabae187,1,6,0.9932054281234741
fabae187,1,7,0.9878746271133423
fabae187,1,8,0.9927709102630615
fabae187,1,9,0.9933170080184937
fabae187,1,10,0.9791152477264404
fabae187,2,1,0.9956448674201965
fabae187,2,2,0.9999999403953552
fabae187,2,3,0.993172824382782
fabae187,2,4,0.9811021089553833
fabae187,2,5,0.9874838590621948
fabae187,2,6,0.9927337765693665
fabae187,2,7,0.9886365532875061
fabae187,2,8,0.9831612706184387
fabae187,2,9,0.9961603283882141
fabae187,2,10,0.9779363870620728
fabae187,3,1,0.9959785342216492
fabae187,3,2,0.993172824382782
fabae187,3,3,0.9999999403953552
fabae187,3,4,0.9759882092475891
fabae187,3,5,0.9930680990219116
fabae187,3,6,0.9923884868621826
fabae187,3,7,0.9849035143852234
fabae187,3,8,0.9921499490737915
fabae187,3,9,0.9877808094024658
fabae187,3,10,0.9752238392829895
fabae187,4,1,0.9817517995834351
fabae187,4,2,0.9811021089553833
fabae187,4,3,0.9759882092475891
fabae187,4,4,1.0000001192092896
fabae187,4,5,0.9867396950721741
fabae187,4,6,0.9850362539291382
fabae187,4,7,0.9967349171638489
fabae187,4,8,0.9845749735832214
fabae187,4,9,0.9871464967727661
fabae187,4,10,0.9925997257232666
fabae187,5,1,0.9962401986122131
fabae187,5,2,0.9874838590621948
fabae187,5,3,0.9930680990219116
fabae187,5,4,0.9867396950721741
fabae187,5,5,1.0
fabae187,5,6,0.9923393130302429
fabae187,5,7,0.9906230568885803
fabae187,5,8,0.9979668259620667
fabae187,5,9,0.9885037541389465
fabae187,5,10,0.9813872575759888
fabae187,6,1,0.9932054281234741
fabae187,6,2,0.9927337765693665
fabae187,6,3,0.9923884868621826
fabae187,6,4,0.9850362539291382
fabae187,6,5,0.9923393130302429
fabae187,6,6,1.0000001192092896
fabae187,6,7,0.990910530090332
fabae187,6,8,0.9909272193908691
fabae187,6,9,0.9956369400024414
fabae187,6,10,0.9842250943183899
fabae187,7,1,0.9878746271133423
fabae187,7,2,0.9886365532875061
fabae187,7,3,0.9849035143852234
fabae187,7,4,0.9967349171638489
fabae187,7,5,0.9906230568885803
fabae187,7,6,0.990910530090332
fabae187,7,7,1.0
fabae187,7,8,0.9903337955474854
fabae187,7,9,0.9899612069129944
fabae187,7,10,0.9854639768600464
fabae187,8,1,0.9927709102630615
fabae187,8,2,0.9831612706184387
fabae187,8,3,0.9921499490737915
fabae187,8,4,0.9845749735832214
fabae187,8,5,0.9979668259620667
fabae187,8,6,0.9909272193908691
fabae187,8,7,0.9903337955474854
fabae187,8,8,0.9999999403953552
fabae187,8,9,0.9826514720916748
fabae187,8,10,0.977443277835846
fabae187,9,1,0.9933170080184937
fabae187,9,2,0.9961603283882141
fabae187,9,3,0.9877808094024658
fabae187,9,4,0.9871464967727661
fabae187,9,5,0.9885037541389465
fabae187,9,6,0.9956369400024414
fabae187,9,7,0.9899612069129944
fabae187,9,8,0.9826514720916748
fabae187,9,9,1.0000001192092896
fabae187,9,10,0.9870766401290894
fabae187,10,1,0.9791152477264404
fabae187,10,2,0.9779363870620728
fabae187,10,3,0.9752238392829895
fabae187,10,4,0.9925997257232666
fabae187,10,5,0.9813872575759888
fabae187,10,6,0.9842250943183899
fabae187,10,7,0.9854639768600464
fabae187,10,8,0.977443277835846
fabae187,10,9,0.9870766401290894
fabae187,10,10,0.9999999403953552
fac3378e,1,1,1.0
fac3378e,1,2,0.9938635230064392
fac3378e,1,3,0.9463400840759277
fac3378e,2,1,0.9938635230064392
fac3378e,2,2,1.0
fac3378e,2,3,0.9599118828773499
fac3378e,3,1,0.9463400840759277
fac3378e,3,2,0.9599118828773499
fac3378e,3,3,1.0
faf7d852,1,1,0.9999999403953552
faf7d852,1,2,0.9955214262008667
faf7d852,1,3,0.9986229538917542
faf7d852,1,4,0.9845288395881653
faf7d852,1,5,0.9818786978721619
faf7d852,1,6,0.9957066178321838
faf7d852,1,7,0.9784042239189148
faf7d852,1,8,0.9838277101516724
faf7d852,1,9,0.9887800812721252
faf7d852,2,1,0.9955214262008667
faf7d852,2,2,1.0
faf7d852,2,3,0.991713285446167
faf7d852,2,4,0.9956256747245789
faf7d852,2,5,0.9927051067352295
faf7d852,2,6,0.9988340139389038
faf7d852,2,7,0.9928457736968994
faf7d852,2,8,0.995021641254425
faf7d852,2,9,0.995723307132721
faf7d852,3,1,0.9986229538917542
faf7d852,3,2,0.991713285446167
faf7d852,3,3,0.9999999403953552
faf7d852,3,4,0.9785760641098022
faf7d852,3,5,0.977115273475647
faf7d852,3,6,0.9922447800636292
faf7d852,3,7,0.971299409866333
faf7d852,3,8,0.9785874485969543
faf7d852,3,9,0.9853859543800354
faf7d852,4,1,0.9845288395881653
faf7d852,4,2,0.9956256747245789
faf7d852,4,3,0.9785760641098022
faf7d852,4,4,0.9999999403953552
faf7d852,4,5,0.9978910684585571
faf7d852,4,6,0.9942482113838196
faf7d852,4,7,0.9976832866668701
faf7d852,4,8,0.9973591566085815
faf7d852,4,9,0.9944818615913391
faf7d852,5,1,0.9818786978721619
faf7d852,5,2,0.9927051067352295
faf7d852,5,3,0.977115273475647
faf7d852,5,4,0.9978910684585571
faf7d852,5,5,1.0
faf7d852,5,6,0.9900933504104614
faf7d852,5,7,0.9940338134765625
faf7d852,5,8,0.9968510866165161
faf7d852,5,9,0.989141583442688
faf7d852,6,1,0.9957066178321838
faf7d852,6,2,0.9988340139389038
faf7d852,6,3,0.9922447800636292
faf7d852,6,4,0.9942482113838196
faf7d852,6,5,0.9900933504104614
faf7d852,6,6,1.0000001192092896
faf7d852,6,7,0.9908833503723145
faf7d852,6,8,0.9922629594802856
faf7d852,6,9,0.9970782995223999
faf7d852,7,1,0.9784042239189148
faf7d852,7,2,0.9928457736968994
faf7d852,7,3,0.971299409866333
faf7d852,7,4,0.9976832866668701
faf7d852,7,5,0.9940338134765625
faf7d852,7,6,0.9908833503723145
faf7d852,7,7,1.0
faf7d852,7,8,0.997699499130249
faf7d852,7,9,0.9926198124885559
faf7d852,8,1,0.9838277101516724
faf7d852,8,2,0.995021641254425
faf7d852,8,3,0.9785874485969543
faf7d852,8,4,0.9973591566085815
faf7d852,8,5,0.9968510866165161
faf7d852,8,6,0.9922629594802856
faf7d852,8,7,0.997699499130249
faf7d852,8,8,1.0
faf7d852,8,9,0.992162823677063
faf7d852,9,1,0.9887800812721252
faf7d852,9,2,0.995723307132721
faf7d852,9,3,0.9853859543800354
faf7d852,9,4,0.9944818615913391
faf7d852,9,5,0.989141583442688
faf7d852,9,6,0.9970782995223999
faf7d852,9,7,0.9926198124885559
faf7d852,9,8,0.992162823677063
faf7d852,9,9,1.0
fbfb6e30,1,1,1.0
fbfb6e30,1,2,0.9950481057167053
fbfb6e30,1,3,0.9818832278251648
fbfb6e30,1,4,0.9846662282943726
fbfb6e30,1,5,0.9790396690368652
fbfb6e30,1,6,0.9831146001815796
fbfb6e30,1,7,0.9933432936668396
fbfb6e30,1,8,0.9435182809829712
fbfb6e30,1,9,0.975283682346344
fbfb6e30,1,10,0.9639207124710083
fbfb6e30,1,11,0.9453707933425903
fbfb6e30,1,12,0.9831885099411011
fbfb6e30,2,1,0.9950481057167053
fbfb6e30,2,2,1.0000001192092896
fbfb6e30,2,3,0.9855315685272217
fbfb6e30,2,4,0.9857486486434937
fbfb6e30,2,5,0.9857788681983948
fbfb6e30,2,6,0.9915687441825867
fbfb6e30,2,7,0.9873639345169067
fbfb6e30,2,8,0.9434136152267456
fbfb6e30,2,9,0.9792721271514893
fbfb6e30,2,10,0.9636436104774475
fbfb6e30,2,11,0.947063684463501
fbfb6e30,2,12,0.9878503680229187
fbfb6e30,3,1,0.9818832278251648
fbfb6e30,3,2,0.9855315685272217
fbfb6e30,3,3,1.0
fbfb6e30,3,4,0.9960544109344482
fbfb6e30,3,5,0.9969632029533386
fbfb6e30,3,6,0.9931586980819702
fbfb6e30,3,7,0.9880639314651489
fbfb6e30,3,8,0.9544949531555176
fbfb6e30,3,9,0.9701831936836243
fbfb6e30,3,10,0.9627842903137207
fbfb6e30,3,11,0.9582300186157227
fbfb6e30,3,12,0.9968757629394531
fbfb6e30,4,1,0.9846662282943726
fbfb6e30,4,2,0.9857486486434937
fbfb6e30,4,3,0.9960544109344482
fbfb6e30,4,4,0.9999999403953552
fbfb6e30,4,5,0.9963647127151489
fbfb6e30,4,6,0.995188295841217
fbfb6e30,4,7,0.9904403686523438
fbfb6e30,4,8,0.9626667499542236
fbfb6e30,4,9,0.9809537529945374
fbfb6e30,4,10,0.9729542136192322
fbfb6e30,4,11,0.9646154046058655
fbfb6e30,4,12,0.9974914789199829
fbfb6e30,5,1,0.9790396690368652
fbfb6e30,5,2,0.9857788681983948
fbfb6e30,5,3,0.9969632029533386
fbfb6e30,5,4,0.9963647127151489
fbfb6e30,5,5,1.0000001192092896
fbfb6e30,5,6,0.9957254528999329
fbfb6e30,5,7,0.9838486313819885
fbfb6e30,5,8,0.9639747142791748
fbfb6e30,5,9,0.9801197648048401
fbfb6e30,5,10,0.9745010137557983
fbfb6e30,5,11,0.9685085415840149
fbfb6e30,5,12,0.9957355260848999
fbfb6e30,6,1,0.9831146001815796
fbfb6e30,6,2,0.9915687441825867
fbfb6e30,6,3,0.9931586980819702
fbfb6e30,6,4,0.995188295841217
fbfb6e30,6,5,0.9957254528999329
fbfb6e30,6,6,1.0
fbfb6e30,6,7,0.9833778142929077
fbfb6e30,6,8,0.9572092890739441
fbfb6e30,6,9,0.981655478477478
fbfb6e30,6,10,0.9683117270469666
fbfb6e30,6,11,0.958355188369751
fbfb6e30,6,12,0.996935248374939
fbfb6e30,7,1,0.9933432936668396
fbfb6e30,7,2,0.9873639345169067
fbfb6e30,7,3,0.9880639314651489
fbfb6e30,7,4,0.9904403686523438
fbfb6e30,7,5,0.9838486313819885
fbfb6e30,7,6,0.9833778142929077
fbfb6e30,7,7,1.0000001192092896
fbfb6e30,7,8,0.9633086323738098
fbfb6e30,7,9,0.9798628091812134
fbfb6e30,7,10,0.9734340310096741
fbfb6e30,7,11,0.9653918743133545
fbfb6e30,7,12,0.9847412109375
fbfb6e30,8,1,0.9435182809829712
fbfb6e30,8,2,0.9434136152267456
fbfb6e30,8,3,0.9544949531555176
fbfb6e30,8,4,0.9626667499542236
fbfb6e30,8,5,0.9639747142791748
fbfb6e30,8,6,0.9572092890739441
fbfb6e30,8,7,0.9633086323738098
fbfb6e30,8,8,0.9999999403953552
fbfb6e30,8,9,0.9793860912322998
fbfb6e30,8,10,0.9919918775558472
fbfb6e30,8,11,0.9961780905723572
fbfb6e30,8,12,0.9476049542427063
fbfb6e30,9,1,0.975283682346344
fbfb6e30,9,2,0.9792721271514893
fbfb6e30,9,3,0.9701831936836243
fbfb6e30,9,4,0.9809537529945374
fbfb6e30,9,5,0.9801197648048401
fbfb6e30,9,6,0.981655478477478
fbfb6e30,9,7,0.9798628091812134
fbfb6e30,9,8,0.9793860912322998
fbfb6e30,9,9,1.0
fbfb6e30,9,10,0.9927756190299988
fbfb6e30,9,11,0.9817103147506714
fbfb6e30,9,12,0.9716799259185791
fbfb6e30,10,1,0.9639207124710083
fbfb6e30,10,2,0.9636436104774475
fbfb6e30,10,3,0.9627842903137207
fbfb6e30,10,4,0.9729542136192322
fbfb6e30,10,5,0.9745010137557983
fbfb6e30,10,6,0.9683117270469666
fbfb6e30,10,7,0.9734340310096741
fbfb6e30,10,8,0.9919918775558472
fbfb6e30,10,9,0.9927756190299988
fbfb6e30,10,10,1.0000001192092896
fbfb6e30,10,11,0.99386066198349
fbfb6e30,10,12,0.9594075083732605
fbfb6e30,11,1,0.9453707933425903
fbfb6e30,11,2,0.947063684463501
fbfb6e30,11,3,0.9582300186157227
fbfb6e30,11,4,0.9646154046058655
fbfb6e30,11,5,0.9685085415840149
fbfb6e30,11,6,0.958355188369751
fbfb6e30,11,7,0.9653918743133545
fbfb6e30,11,8,0.9961780905723572
fbfb6e30,11,9,0.9817103147506714
fbfb6e30,11,10,0.99386066198349
fbfb6e30,11,11,1.0
fbfb6e30,11,12,0.9498299956321716
fbfb6e30,12,1,0.9831885099411011
fbfb6e30,12,2,0.9878503680229187
fbfb6e30,12,3,0.9968757629394531
fbfb6e30,12,4,0.9974914789199829
fbfb6e30,12,5,0.9957355260848999
fbfb6e30,12,6,0.996935248374939
fbfb6e30,12,7,0.9847412109375
fbfb6e30,12,8,0.9476049542427063
fbfb6e30,12,9,0.9716799259185791
fbfb6e30,12,10,0.9594075083732605
fbfb6e30,12,11,0.9498299956321716
fbfb6e30,12,12,1.0
fdb2e432,1,1,0.9999999403953552
fdb2e432,1,2,0.9807237386703491
fdb2e432,1,3,0.9911556243896484
fdb2e432,1,4,0.9720513224601746
fdb2e432,1,5,0.9936495423316956
fdb2e432,1,6,0.9611828327178955
fdb2e432,1,7,0.9661183953285217
fdb2e432,2,1,0.9807237386703491
fdb2e432,2,2,1.0
fdb2e432,2,3,0.9889792203903198
fdb2e432,2,4,0.9962062835693359
fdb2e432,2,5,0.9834715723991394
fdb2e432,2,6,0.9892678260803223
fdb2e432,2,7,0.9919824004173279
fdb2e432,3,1,0.9911556243896484
fdb2e432,3,2,0.9889792203903198
fdb2e432,3,3,1.0
fdb2e432,3,4,0.9875434637069702
fdb2e432,3,5,0.9973695278167725
fdb2e432,3,6,0.9772148132324219
fdb2e432,3,7,0.9829059839248657
fdb2e432,4,1,0.9720513224601746
fdb2e432,4,2,0.9962062835693359
fdb2e432,4,3,0.9875434637069702
fdb2e432,4,4,0.9999998807907104
fdb2e432,4,5,0.9823922514915466
fdb2e432,4,6,0.996966540813446
fdb2e432,4,7,0.997273325920105
fdb2e432,5,1,0.9936495423316956
fdb2e432,5,2,0.9834715723991394
fdb2e432,5,3,0.9973695278167725
fdb2e432,5,4,0.9823922514915466
fdb2e432,5,5,1.0000001192092896
fdb2e432,5,6,0.9749236106872559
fdb2e432,5,7,0.980891227722168
fdb2e432,6,1,0.9611828327178955
fdb2e432,6,2,0.9892678260803223
fdb2e432,6,3,0.9772148132324219
fdb2e432,6,4,0.996966540813446
fdb2e432,6,5,0.9749236106872559
fdb2e432,6,6,1.0
fdb2e432,6,7,0.9976740479469299
fdb2e432,7,1,0.9661183953285217
fdb2e432,7,2,0.9919824004173279
fdb2e432,7,3,0.9829059839248657
fdb2e432,7,4,0.997273325920105
fdb2e432,7,5,0.980891227722168
fdb2e432,7,6,0.9976740479469299
fdb2e432,7,7,1.0
fe21fd5c,1,1,0.9999999403953552
fe21fd5c,1,2,0.9182544946670532
fe21fd5c,1,3,0.9266023635864258
fe21fd5c,1,4,0.9575632810592651
fe21fd5c,1,5,0.9211577773094177
fe21fd5c,2,1,0.9182544946670532
fe21fd5c,2,2,1.0
fe21fd5c,2,3,0.9829686284065247
fe21fd5c,2,4,0.9795795679092407
fe21fd5c,2,5,0.9938175082206726
fe21fd5c,3,1,0.9266023635864258
fe21fd5c,3,2,0.9829686284065247
fe21fd5c,3,3,1.0
fe21fd5c,3,4,0.9914636015892029
fe21fd5c,3,5,0.9909240007400513
fe21fd5c,4,1,0.9575632810592651
fe21fd5c,4,2,0.9795795679092407
fe21fd5c,4,3,0.9914636015892029
fe21fd5c,4,4,1.0000001192092896
fe21fd5c,4,5,0.9868494272232056
fe21fd5c,5,1,0.9211577773094177
fe21fd5c,5,2,0.9938175082206726
fe21fd5c,5,3,0.9909240007400513
fe21fd5c,5,4,0.9868494272232056
fe21fd5c,5,5,1.0
fecd10d2,1,1,1.0
fecd10d2,1,2,0.98783278465271
fecd10d2,1,3,0.9725381135940552
fecd10d2,2,1,0.98783278465271
fecd10d2,2,2,1.0
fecd10d2,2,3,0.9810624122619629
fecd10d2,3,1,0.9725381135940552
fecd10d2,3,2,0.9810624122619629
fecd10d2,3,3,1.0
fl2c1h0y,1,1,1.0
fl2c1h0y,1,2,0.9922029376029968
fl2c1h0y,2,1,0.9922029376029968
fl2c1h0y,2,2,1.0000001192092896
flnj4yuc,1,1,0.9999997615814209
flnj4yuc,1,2,0.990830659866333
flnj4yuc,2,1,0.990830659866333
flnj4yuc,2,2,1.0000001192092896
fsi3n9sa,1,1,1.0000001192092896
fsi3n9sa,1,2,0.9971067309379578
fsi3n9sa,2,1,0.9971067309379578
fsi3n9sa,2,2,1.0
g6ir5t2f,1,1,0.9999998807907104
g6ir5t2f,1,2,0.9957398772239685
g6ir5t2f,1,3,0.9970330595970154
g6ir5t2f,2,1,0.9957398772239685
g6ir5t2f,2,2,1.0
g6ir5t2f,2,3,0.9989944100379944
g6ir5t2f,3,1,0.9970330595970154
g6ir5t2f,3,2,0.9989944100379944
g6ir5t2f,3,3,1.0000001192092896
gi6yxol1,1,1,0.9999999403953552
gi6yxol1,1,2,0.9659849405288696
gi6yxol1,2,1,0.9659849405288696
gi6yxol1,2,2,0.9999999403953552
h6rqsag9,1,1,1.0000001192092896
h6rqsag9,1,2,0.9473109841346741
h6rqsag9,1,3,0.9619852900505066
h6rqsag9,2,1,0.9473109841346741
h6rqsag9,2,2,1.0
h6rqsag9,2,3,0.9794278740882874
h6rqsag9,3,1,0.9619852900505066
h6rqsag9,3,2,0.9794278740882874
h6rqsag9,3,3,0.9999998807907104
hi1d4128,1,1,1.0
hi1d4128,1,2,0.9988721013069153
hi1d4128,1,3,0.9973407983779907
hi1d4128,2,1,0.9988721013069153
hi1d4128,2,2,1.0
hi1d4128,2,3,0.9956175684928894
hi1d4128,3,1,0.9973407983779907
hi1d4128,3,2,0.9956175684928894
hi1d4128,3,3,1.0
hk6xfpt6,1,1,1.0000001192092896
hk6xfpt6,1,2,0.995414137840271
hk6xfpt6,2,1,0.995414137840271
hk6xfpt6,2,2,1.0000001192092896
hlsugcx2,1,1,1.0
hlsugcx2,1,2,0.9919921159744263
hlsugcx2,1,3,0.9990353584289551
hlsugcx2,1,4,0.9867708086967468
hlsugcx2,1,5,0.9892200827598572
hlsugcx2,1,6,0.9807602167129517
hlsugcx2,2,1,0.9919921159744263
hlsugcx2,2,2,0.9999998807907104
hlsugcx2,2,3,0.9932829141616821
hlsugcx2,2,4,0.9979794025421143
hlsugcx2,2,5,0.9911249279975891
hlsugcx2,2,6,0.9907585382461548
hlsugcx2,3,1,0.9990353584289551
hlsugcx2,3,2,0.9932829141616821
hlsugcx2,3,3,1.0
hlsugcx2,3,4,0.9900439381599426
hlsugcx2,3,5,0.9928929209709167
hlsugcx2,3,6,0.9841874837875366
hlsugcx2,4,1,0.9867708086967468
hlsugcx2,4,2,0.9979794025421143
hlsugcx2,4,3,0.9900439381599426
hlsugcx2,4,4,1.0000001192092896
hlsugcx2,4,5,0.993503749370575
hlsugcx2,4,6,0.9933817982673645
hlsugcx2,5,1,0.9892200827598572
hlsugcx2,5,2,0.9911249279975891
hlsugcx2,5,3,0.9928929209709167
hlsugcx2,5,4,0.993503749370575
hlsugcx2,5,5,0.9999998807907104
hlsugcx2,5,6,0.9952197670936584
hlsugcx2,6,1,0.9807602167129517
hlsugcx2,6,2,0.9907585382461548
hlsugcx2,6,3,0.9841874837875366
hlsugcx2,6,4,0.9933817982673645
hlsugcx2,6,5,0.9952197670936584
hlsugcx2,6,6,1.0
hvezqwwt,1,1,1.0000001192092896
hvezqwwt,1,2,0.9852717518806458
hvezqwwt,2,1,0.9852717518806458
hvezqwwt,2,2,1.0
hymuhio1,1,1,1.0000001192092896
hymuhio1,1,2,0.9956117272377014
hymuhio1,1,3,0.9842642545700073
hymuhio1,2,1,0.9956117272377014
hymuhio1,2,2,0.9999998807907104
hymuhio1,2,3,0.9752761721611023
hymuhio1,3,1,0.9842642545700073
hymuhio1,3,2,0.9752761721611023
hymuhio1,3,3,0.9999998211860657
hyn8kbwe,1,1,1.0
hyn8kbwe,1,2,0.9891144633293152
hyn8kbwe,1,3,0.9836908578872681
hyn8kbwe,1,4,0.9856948852539062
hyn8kbwe,1,5,0.9839404821395874
hyn8kbwe,1,6,0.9934142827987671
hyn8kbwe,1,7,0.9761533141136169
hyn8kbwe,1,8,0.9631622433662415
hyn8kbwe,1,9,0.9635667204856873
hyn8kbwe,1,10,0.9472453594207764
hyn8kbwe,1,11,0.9552239775657654
hyn8kbwe,2,1,0.9891144633293152
hyn8kbwe,2,2,1.0
hyn8kbwe,2,3,0.9990695714950562
hyn8kbwe,2,4,0.9982713460922241
hyn8kbwe,2,5,0.9981750845909119
hyn8kbwe,2,6,0.9974881410598755
hyn8kbwe,2,7,0.9906345009803772
hyn8kbwe,2,8,0.9911254644393921
hyn8kbwe,2,9,0.990772545337677
hyn8kbwe,2,10,0.9819132089614868
hyn8kbwe,2,11,0.9839826822280884
hyn8kbwe,3,1,0.9836908578872681
hyn8kbwe,3,2,0.9990695714950562
hyn8kbwe,3,3,1.0
hyn8kbwe,3,4,0.9977816939353943
hyn8kbwe,3,5,0.9986969232559204
hyn8kbwe,3,6,0.9946759939193726
hyn8kbwe,3,7,0.9879618287086487
hyn8kbwe,3,8,0.9930316805839539
hyn8kbwe,3,9,0.9925045967102051
hyn8kbwe,3,10,0.9850186109542847
hyn8kbwe,3,11,0.9845761060714722
hyn8kbwe,4,1,0.9856948852539062
hyn8kbwe,4,2,0.9982713460922241
hyn8kbwe,4,3,0.9977816939353943
hyn8kbwe,4,4,1.0
hyn8kbwe,4,5,0.9993875622749329
hyn8kbwe,4,6,0.9974267482757568
hyn8kbwe,4,7,0.9893569350242615
hyn8kbwe,4,8,0.9914432764053345
hyn8kbwe,4,9,0.9913816452026367
hyn8kbwe,4,10,0.9806533455848694
hyn8kbwe,4,11,0.9839112162590027
hyn8kbwe,5,1,0.9839404821395874
hyn8kbwe,5,2,0.9981750845909119
hyn8kbwe,5,3,0.9986969232559204
hyn8kbwe,5,4,0.9993875622749329
hyn8kbwe,5,5,1.0
hyn8kbwe,5,6,0.9964857697486877
hyn8kbwe,5,7,0.9867127537727356
hyn8kbwe,5,8,0.991794764995575
hyn8kbwe,5,9,0.9915324449539185
hyn8kbwe,5,10,0.9820934534072876
hyn8kbwe,5,11,0.983703076839447
hyn8kbwe,6,1,0.9934142827987671
hyn8kbwe,6,2,0.9974881410598755
hyn8kbwe,6,3,0.9946759939193726
hyn8kbwe,6,4,0.9974267482757568
hyn8kbwe,6,5,0.9964857697486877
hyn8kbwe,6,6,1.0000001192092896
hyn8kbwe,6,7,0.9871499538421631
hyn8kbwe,6,8,0.9838947653770447
hyn8kbwe,6,9,0.98394376039505
hyn8kbwe,6,10,0.9713792204856873
hyn8kbwe,6,11,0.9773810505867004
hyn8kbwe,7,1,0.9761533141136169
hyn8kbwe,7,2,0.9906345009803772
hyn8kbwe,7,3,0.9879618287086487
hyn8kbwe,7,4,0.9893569350242615
hyn8kbwe,7,5,0.9867127537727356
hyn8kbwe,7,6,0.9871499538421631
hyn8kbwe,7,7,1.0
hyn8kbwe,7,8,0.9909251928329468
hyn8kbwe,7,9,0.9902949333190918
hyn8kbwe,7,10,0.9835733771324158
hyn8kbwe,7,11,0.9886955618858337
hyn8kbwe,8,1,0.9631622433662415
hyn8kbwe,8,2,0.9911254644393921
hyn8kbwe,8,3,0.9930316805839539
hyn8kbwe,8,4,0.9914432764053345
hyn8kbwe,8,5,0.991794764995575
hyn8kbwe,8,6,0.9838947653770447
hyn8kbwe,8,7,0.9909251928329468
hyn8kbwe,8,8,0.9999998807907104
hyn8kbwe,8,9,0.9997336864471436
hyn8kbwe,8,10,0.9973112344741821
hyn8kbwe,8,11,0.9969597458839417
hyn8kbwe,9,1,0.9635667204856873
hyn8kbwe,9,2,0.990772545337677
hyn8kbwe,9,3,0.9925045967102051
hyn8kbwe,9,4,0.9913816452026367
hyn8kbwe,9,5,0.9915324449539185
hyn8kbwe,9,6,0.98394376039505
hyn8kbwe,9,7,0.9902949333190918
hyn8kbwe,9,8,0.9997336864471436
hyn8kbwe,9,9,1.0000001192092896
hyn8kbwe,9,10,0.9969965815544128
hyn8kbwe,9,11,0.997454047203064
hyn8kbwe,10,1,0.9472453594207764
hyn8kbwe,10,2,0.9819132089614868
hyn8kbwe,10,3,0.9850186109542847
hyn8kbwe,10,4,0.9806533455848694
hyn8kbwe,10,5,0.9820934534072876
hyn8kbwe,10,6,0.9713792204856873
hyn8kbwe,10,7,0.9835733771324158
hyn8kbwe,10,8,0.9973112344741821
hyn8kbwe,10,9,0.9969965815544128
hyn8kbwe,10,10,1.0000001192092896
hyn8kbwe,10,11,0.9975336194038391
hyn8kbwe,11,1,0.9552239775657654
hyn8kbwe,11,2,0.9839826822280884
hyn8kbwe,11,3,0.9845761060714722
hyn8kbwe,11,4,0.9839112162590027
hyn8kbwe,11,5,0.983703076839447
hyn8kbwe,11,6,0.9773810505867004
hyn8kbwe,11,7,0.9886955618858337
hyn8kbwe,11,8,0.9969597458839417
hyn8kbwe,11,9,0.997454047203064
hyn8kbwe,11,10,0.9975336194038391
hyn8kbwe,11,11,1.0000001192092896
i87r48vo,1,1,1.0
i87r48vo,1,2,0.9839745163917542
i87r48vo,2,1,0.9839745163917542
i87r48vo,2,2,1.0
ic7cze5x,1,1,0.9999999403953552
ic7cze5x,1,2,0.988313615322113
ic7cze5x,2,1,0.988313615322113
ic7cze5x,2,2,0.9999998807907104
igtifzkv,1,1,1.0000001192092896
igtifzkv,1,2,0.9838153123855591
igtifzkv,1,3,0.9860154986381531
igtifzkv,1,4,0.997056245803833
igtifzkv,2,1,0.9838153123855591
igtifzkv,2,2,1.0
igtifzkv,2,3,0.9866836071014404
igtifzkv,2,4,0.9743931889533997
igtifzkv,3,1,0.9860154986381531
igtifzkv,3,2,0.9866836071014404
igtifzkv,3,3,1.0
igtifzkv,3,4,0.97998046875
igtifzkv,4,1,0.997056245803833
igtifzkv,4,2,0.9743931889533997
igtifzkv,4,3,0.97998046875
igtifzkv,4,4,1.0
ik2wfqj1,1,1,1.0
ik2wfqj1,1,2,0.9951192736625671
ik2wfqj1,1,3,0.9939397573471069
ik2wfqj1,1,4,0.9969175457954407
ik2wfqj1,1,5,0.9943525791168213
ik2wfqj1,1,6,0.9946660399436951
ik2wfqj1,1,7,0.9939918518066406
ik2wfqj1,1,8,0.994586169719696
ik2wfqj1,1,9,0.9966758489608765
ik2wfqj1,1,10,0.9927637577056885
ik2wfqj1,2,1,0.9951192736625671
ik2wfqj1,2,2,1.0
ik2wfqj1,2,3,0.9960077404975891
ik2wfqj1,2,4,0.9990623593330383
ik2wfqj1,2,5,0.9974420070648193
ik2wfqj1,2,6,0.9959363341331482
ik2wfqj1,2,7,0.9954230189323425
ik2wfqj1,2,8,0.9966738224029541
ik2wfqj1,2,9,0.9945647716522217
ik2wfqj1,2,10,0.9907835721969604
ik2wfqj1,3,1,0.9939397573471069
ik2wfqj1,3,2,0.9960077404975891
ik2wfqj1,3,3,1.0
ik2wfqj1,3,4,0.9950717687606812
ik2wfqj1,3,5,0.9995196461677551
ik2wfqj1,3,6,0.9951954483985901
ik2wfqj1,3,7,0.9871231317520142
ik2wfqj1,3,8,0.9906482696533203
ik2wfqj1,3,9,0.996410071849823
ik2wfqj1,3,10,0.9854590892791748
ik2wfqj1,4,1,0.9969175457954407
ik2wfqj1,4,2,0.9990623593330383
ik2wfqj1,4,3,0.9950717687606812
ik2wfqj1,4,4,1.0
ik2wfqj1,4,5,0.9964447021484375
ik2wfqj1,4,6,0.9972273707389832
ik2wfqj1,4,7,0.9973042607307434
ik2wfqj1,4,8,0.9986124634742737
ik2wfqj1,4,9,0.9967224597930908
ik2wfqj1,4,10,0.9946095943450928
ik2wfqj1,5,1,0.9943525791168213
ik2wfqj1,5,2,0.9974420070648193
ik2wfqj1,5,3,0.9995196461677551
ik2wfqj1,5,4,0.9964447021484375
ik2wfqj1,5,5,1.0
ik2wfqj1,5,6,0.9950804710388184
ik2wfqj1,5,7,0.9889774322509766
ik2wfqj1,5,8,0.9923803806304932
ik2wfqj1,5,9,0.996181309223175
ik2wfqj1,5,10,0.9862182140350342
ik2wfqj1,6,1,0.9946660399436951
ik2wfqj1,6,2,0.9959363341331482
ik2wfqj1,6,3,0.9951954483985901
ik2wfqj1,6,4,0.9972273707389832
ik2wfqj1,6,5,0.9950804710388184
ik2wfqj1,6,6,1.0000001192092896
ik2wfqj1,6,7,0.9932962656021118
ik2wfqj1,6,8,0.9943698644638062
ik2wfqj1,6,9,0.9962596297264099
ik2wfqj1,6,10,0.9936131834983826
ik2wfqj1,7,1,0.9939918518066406
ik2wfqj1,7,2,0.9954230189323425
ik2wfqj1,7,3,0.9871231317520142
ik2wfqj1,7,4,0.9973042607307434
ik2wfqj1,7,5,0.9889774322509766
ik2wfqj1,7,6,0.9932962656021118
ik2wfqj1,7,7,1.0000001192092896
ik2wfqj1,7,8,0.9983342885971069
ik2wfqj1,7,9,0.9919447898864746
ik2wfqj1,7,10,0.9976254105567932
ik2wfqj1,8,1,0.994586169719696
ik2wfqj1,8,2,0.9966738224029541
ik2wfqj1,8,3,0.9906482696533203
ik2wfqj1,8,4,0.9986124634742737
ik2wfqj1,8,5,0.9923803806304932
ik2wfqj1,8,6,0.9943698644638062
ik2wfqj1,8,7,0.9983342885971069
ik2wfqj1,8,8,1.0
ik2wfqj1,8,9,0.9956291913986206
ik2wfqj1,8,10,0.9963646531105042
ik2wfqj1,9,1,0.9966758489608765
ik2wfqj1,9,2,0.9945647716522217
ik2wfqj1,9,3,0.996410071849823
ik2wfqj1,9,4,0.9967224597930908
ik2wfqj1,9,5,0.996181309223175
ik2wfqj1,9,6,0.9962596297264099
ik2wfqj1,9,7,0.9919447898864746
ik2wfqj1,9,8,0.9956291913986206
ik2wfqj1,9,9,1.000000238418579
ik2wfqj1,9,10,0.9933286309242249
ik2wfqj1,10,1,0.9927637577056885
ik2wfqj1,10,2,0.9907835721969604
ik2wfqj1,10,3,0.9854590892791748
ik2wfqj1,10,4,0.9946095943450928
ik2wfqj1,10,5,0.9862182140350342
ik2wfqj1,10,6,0.9936131834983826
ik2wfqj1,10,7,0.9976254105567932
ik2wfqj1,10,8,0.9963646531105042
ik2wfqj1,10,9,0.9933286309242249
ik2wfqj1,10,10,0.9999999403953552
is9cesnk,1,1,1.0
is9cesnk,1,2,0.9972350001335144
is9cesnk,2,1,0.9972350001335144
is9cesnk,2,2,1.0000001192092896
j338igfx,1,1,1.0
j338igfx,1,2,0.9719023108482361
j338igfx,1,3,0.9764992594718933
j338igfx,1,4,0.9735612869262695
j338igfx,2,1,0.9719023108482361
j338igfx,2,2,0.9999999403953552
j338igfx,2,3,0.9978144764900208
j338igfx,2,4,0.9953620433807373
j338igfx,3,1,0.9764992594718933
j338igfx,3,2,0.9978144764900208
j338igfx,3,3,0.9999999403953552
j338igfx,3,4,0.9989361763000488
j338igfx,4,1,0.9735612869262695
j338igfx,4,2,0.9953620433807373
j338igfx,4,3,0.9989361763000488
j338igfx,4,4,1.0
jgrk0o29,1,1,0.9999999403953552
jgrk0o29,1,2,0.9935846924781799
jgrk0o29,1,3,0.9923379421234131
jgrk0o29,2,1,0.9935846924781799
jgrk0o29,2,2,1.0000001192092896
jgrk0o29,2,3,0.9810913801193237
jgrk0o29,3,1,0.9923379421234131
jgrk0o29,3,2,0.9810913801193237
jgrk0o29,3,3,1.0000001192092896
jvwfdb4c,1,1,1.0000001192092896
jvwfdb4c,1,2,0.9808663129806519
jvwfdb4c,1,3,0.9709711074829102
jvwfdb4c,1,4,0.9688659310340881
jvwfdb4c,1,5,0.9650958776473999
jvwfdb4c,1,6,0.97774338722229
jvwfdb4c,1,7,0.9636670351028442
jvwfdb4c,1,8,0.9725468754768372
jvwfdb4c,1,9,0.9850174188613892
jvwfdb4c,1,10,0.9855533838272095
jvwfdb4c,2,1,0.9808663129806519
jvwfdb4c,2,2,1.0
jvwfdb4c,2,3,0.995228111743927
jvwfdb4c,2,4,0.9972660541534424
jvwfdb4c,2,5,0.9948740005493164
jvwfdb4c,2,6,0.9993598461151123
jvwfdb4c,2,7,0.9947340488433838
jvwfdb4c,2,8,0.9949288368225098
jvwfdb4c,2,9,0.9977830648422241
jvwfdb4c,2,10,0.9910663962364197
jvwfdb4c,3,1,0.9709711074829102
jvwfdb4c,3,2,0.995228111743927
jvwfdb4c,3,3,0.9999998807907104
jvwfdb4c,3,4,0.9969706535339355
jvwfdb4c,3,5,0.9985855221748352
jvwfdb4c,3,6,0.9962981343269348
jvwfdb4c,3,7,0.9982249140739441
jvwfdb4c,3,8,0.9988341331481934
jvwfdb4c,3,9,0.9923715591430664
jvwfdb4c,3,10,0.9913918375968933
jvwfdb4c,4,1,0.9688659310340881
jvwfdb4c,4,2,0.9972660541534424
jvwfdb4c,4,3,0.9969706535339355
jvwfdb4c,4,4,1.0000001192092896
jvwfdb4c,4,5,0.9965040683746338
jvwfdb4c,4,6,0.9981958270072937
jvwfdb4c,4,7,0.996173620223999
jvwfdb4c,4,8,0.9944099187850952
jvwfdb4c,4,9,0.9940455555915833
jvwfdb4c,4,10,0.9851877689361572
jvwfdb4c,5,1,0.9650958776473999
jvwfdb4c,5,2,0.9948740005493164
jvwfdb4c,5,3,0.9985855221748352
jvwfdb4c,5,4,0.9965040683746338
jvwfdb4c,5,5,0.9999998807907104
jvwfdb4c,5,6,0.996605634689331
jvwfdb4c,5,7,0.9994690418243408
jvwfdb4c,5,8,0.9983410835266113
jvwfdb4c,5,9,0.9902528524398804
jvwfdb4c,5,10,0.98934006690979
jvwfdb4c,6,1,0.97774338722229
jvwfdb4c,6,2,0.9993598461151123
jvwfdb4c,6,3,0.9962981343269348
jvwfdb4c,6,4,0.9981958270072937
jvwfdb4c,6,5,0.996605634689331
jvwfdb4c,6,6,0.9999998807907104
jvwfdb4c,6,7,0.9963201880455017
jvwfdb4c,6,8,0.9958536028862
jvwfdb4c,6,9,0.9967366456985474
jvwfdb4c,6,10,0.9909642934799194
jvwfdb4c,7,1,0.9636670351028442
jvwfdb4c,7,2,0.9947340488433838
jvwfdb4c,7,3,0.9982249140739441
jvwfdb4c,7,4,0.996173620223999
jvwfdb4c,7,5,0.9994690418243408
jvwfdb4c,7,6,0.9963201880455017
jvwfdb4c,7,7,0.9999999403953552
jvwfdb4c,7,8,0.9984875917434692
jvwfdb4c,7,9,0.9908989071846008
jvwfdb4c,7,10,0.9898111820220947
jvwfdb4c,8,1,0.9725468754768372
jvwfdb4c,8,2,0.9949288368225098
jvwfdb4c,8,3,0.9988341331481934
jvwfdb4c,8,4,0.9944099187850952
jvwfdb4c,8,5,0.9983410835266113
jvwfdb4c,8,6,0.9958536028862
jvwfdb4c,8,7,0.9984875917434692
jvwfdb4c,8,8,1.0000001192092896
jvwfdb4c,8,9,0.9923554062843323
jvwfdb4c,8,10,0.9949460625648499
jvwfdb4c,9,1,0.9850174188613892
jvwfdb4c,9,2,0.9977830648422241
jvwfdb4c,9,3,0.9923715591430664
jvwfdb4c,9,4,0.9940455555915833
jvwfdb4c,9,5,0.9902528524398804
jvwfdb4c,9,6,0.9967366456985474
jvwfdb4c,9,7,0.9908989071846008
jvwfdb4c,9,8,0.9923554062843323
jvwfdb4c,9,9,0.9999999403953552
jvwfdb4c,9,10,0.991517961025238
jvwfdb4c,10,1,0.9855533838272095
jvwfdb4c,10,2,0.9910663962364197
jvwfdb4c,10,3,0.9913918375968933
jvwfdb4c,10,4,0.9851877689361572
jvwfdb4c,10,5,0.98934006690979
jvwfdb4c,10,6,0.9909642934799194
jvwfdb4c,10,7,0.9898111820220947
jvwfdb4c,10,8,0.9949460625648499
jvwfdb4c,10,9,0.991517961025238
jvwfdb4c,10,10,1.0
k91meps2,1,1,1.0
k91meps2,1,2,0.9963716268539429
k91meps2,1,3,0.9971604347229004
k91meps2,2,1,0.9963716268539429
k91meps2,2,2,0.9999998807907104
k91meps2,2,3,0.9972589612007141
k91meps2,3,1,0.9971604347229004
k91meps2,3,2,0.9972589612007141
k91meps2,3,3,1.0
k9bxt0u7,1,1,1.0
k9bxt0u7,1,2,0.9977364540100098
k9bxt0u7,1,3,0.9938389658927917
k9bxt0u7,1,4,0.9911304712295532
k9bxt0u7,1,5,0.9875963926315308
k9bxt0u7,1,6,0.9861665964126587
k9bxt0u7,1,7,0.9888503551483154
k9bxt0u7,1,8,0.9704508185386658
k9bxt0u7,1,9,0.9816815257072449
k9bxt0u7,1,10,0.938869059085846
k9bxt0u7,1,11,0.9548332095146179
k9bxt0u7,1,12,0.9455846548080444
k9bxt0u7,2,1,0.9977364540100098
k9bxt0u7,2,2,0.9999998807907104
k9bxt0u7,2,3,0.9927223324775696
k9bxt0u7,2,4,0.991445779800415
k9bxt0u7,2,5,0.9841406941413879
k9bxt0u7,2,6,0.9842952489852905
k9bxt0u7,2,7,0.9893327951431274
k9bxt0u7,2,8,0.9681631326675415
k9bxt0u7,2,9,0.9819069504737854
k9bxt0u7,2,10,0.9396456480026245
k9bxt0u7,2,11,0.953107476234436
k9bxt0u7,2,12,0.9440696239471436
k9bxt0u7,3,1,0.9938389658927917
k9bxt0u7,3,2,0.9927223324775696
k9bxt0u7,3,3,0.9999999403953552
k9bxt0u7,3,4,0.9863879680633545
k9bxt0u7,3,5,0.9919328689575195
k9bxt0u7,3,6,0.9841926097869873
k9bxt0u7,3,7,0.9954072833061218
k9bxt0u7,3,8,0.9748041033744812
k9bxt0u7,3,9,0.9815821647644043
k9bxt0u7,3,10,0.9428135752677917
k9bxt0u7,3,11,0.9603700637817383
k9bxt0u7,3,12,0.952409029006958
k9bxt0u7,4,1,0.9911304712295532
k9bxt0u7,4,2,0.991445779800415
k9bxt0u7,4,3,0.9863879680633545
k9bxt0u7,4,4,1.0
k9bxt0u7,4,5,0.9843636751174927
k9bxt0u7,4,6,0.9958414435386658
k9bxt0u7,4,7,0.9932898283004761
k9bxt0u7,4,8,0.986254096031189
k9bxt0u7,4,9,0.9955288767814636
k9bxt0u7,4,10,0.9662119746208191
k9bxt0u7,4,11,0.9770915508270264
k9bxt0u7,4,12,0.9717333316802979
k9bxt0u7,5,1,0.9875963926315308
k9bxt0u7,5,2,0.9841406941413879
k9bxt0u7,5,3,0.9919328689575195
k9bxt0u7,5,4,0.9843636751174927
k9bxt0u7,5,5,1.0
k9bxt0u7,5,6,0.9886980056762695
k9bxt0u7,5,7,0.9925729632377625
k9bxt0u7,5,8,0.9858633875846863
k9bxt0u7,5,9,0.9835461974143982
k9bxt0u7,5,10,0.9576613306999207
k9bxt0u7,5,11,0.9751912951469421
k9bxt0u7,5,12,0.9629665017127991
k9bxt0u7,6,1,0.9861665964126587
k9bxt0u7,6,2,0.9842952489852905
k9bxt0u7,6,3,0.9841926097869873
k9bxt0u7,6,4,0.9958414435386658
k9bxt0u7,6,5,0.9886980056762695
k9bxt0u7,6,6,1.0
k9bxt0u7,6,7,0.9934706091880798
k9bxt0u7,6,8,0.9938787221908569
k9bxt0u7,6,9,0.9975996613502502
k9bxt0u7,6,10,0.9686651825904846
k9bxt0u7,6,11,0.9830667972564697
k9bxt0u7,6,12,0.9791094064712524
k9bxt0u7,7,1,0.9888503551483154
k9bxt0u7,7,2,0.9893327951431274
k9bxt0u7,7,3,0.9954072833061218
k9bxt0u7,7,4,0.9932898283004761
k9bxt0u7,7,5,0.9925729632377625
k9bxt0u7,7,6,0.9934706091880798
k9bxt0u7,7,7,1.0
k9bxt0u7,7,8,0.989508867263794
k9bxt0u7,7,9,0.9934194087982178
k9bxt0u7,7,10,0.9650958776473999
k9bxt0u7,7,11,0.9794685244560242
k9bxt0u7,7,12,0.9748154282569885
k9bxt0u7,8,1,0.9704508185386658
k9bxt0u7,8,2,0.9681631326675415
k9bxt0u7,8,3,0.9748041033744812
k9bxt0u7,8,4,0.986254096031189
k9bxt0u7,8,5,0.9858633875846863
k9bxt0u7,8,6,0.9938787221908569
k9bxt0u7,8,7,0.989508867263794
k9bxt0u7,8,8,0.9999998807907104
k9bxt0u7,8,9,0.9917303919792175
k9bxt0u7,8,10,0.9854158163070679
k9bxt0u7,8,11,0.9958374500274658
k9bxt0u7,8,12,0.9917537569999695
k9bxt0u7,9,1,0.9816815257072449
k9bxt0u7,9,2,0.9819069504737854
k9bxt0u7,9,3,0.9815821647644043
k9bxt0u7,9,4,0.9955288767814636
k9bxt0u7,9,5,0.9835461974143982
k9bxt0u7,9,6,0.9975996613502502
k9bxt0u7,9,7,0.9934194087982178
k9bxt0u7,9,8,0.9917303919792175
k9bxt0u7,9,9,0.9999998211860657
k9bxt0u7,9,10,0.9674827456474304
k9bxt0u7,9,11,0.9826264977455139
k9bxt0u7,9,12,0.9827288389205933
k9bxt0u7,10,1,0.938869059085846
k9bxt0u7,10,2,0.9396456480026245
k9bxt0u7,10,3,0.9428135752677917
k9bxt0u7,10,4,0.9662119746208191
k9bxt0u7,10,5,0.9576613306999207
k9bxt0u7,10,6,0.9686651825904846
k9bxt0u7,10,7,0.9650958776473999
k9bxt0u7,10,8,0.9854158163070679
k9bxt0u7,10,9,0.9674827456474304
k9bxt0u7,10,10,1.0
k9bxt0u7,10,11,0.99369215965271
k9bxt0u7,10,12,0.9861706495285034
k9bxt0u7,11,1,0.9548332095146179
k9bxt0u7,11,2,0.953107476234436
k9bxt0u7,11,3,0.9603700637817383
k9bxt0u7,11,4,0.9770915508270264
k9bxt0u7,11,5,0.9751912951469421
k9bxt0u7,11,6,0.9830667972564697
k9bxt0u7,11,7,0.9794685244560242
k9bxt0u7,11,8,0.9958374500274658
k9bxt0u7,11,9,0.9826264977455139
k9bxt0u7,11,10,0.99369215965271
k9bxt0u7,11,11,0.9999999403953552
k9bxt0u7,11,12,0.99510657787323
k9bxt0u7,12,1,0.9455846548080444
k9bxt0u7,12,2,0.9440696239471436
k9bxt0u7,12,3,0.952409029006958
k9bxt0u7,12,4,0.9717333316802979
k9bxt0u7,12,5,0.9629665017127991
k9bxt0u7,12,6,0.9791094064712524
k9bxt0u7,12,7,0.9748154282569885
k9bxt0u7,12,8,0.9917537569999695
k9bxt0u7,12,9,0.9827288389205933
k9bxt0u7,12,10,0.9861706495285034
k9bxt0u7,12,11,0.99510657787323
k9bxt0u7,12,12,1.0
kdd87l6w,1,1,0.9999998807907104
kdd87l6w,1,2,0.991675078868866
kdd87l6w,2,1,0.991675078868866
kdd87l6w,2,2,1.0
km3lycqv,1,1,1.0000001192092896
km3lycqv,1,2,0.764769971370697
km3lycqv,2,1,0.764769971370697
km3lycqv,2,2,1.0
kwwh43ve,1,1,1.0000001192092896
kwwh43ve,1,2,0.9931567311286926
kwwh43ve,2,1,0.9931567311286926
kwwh43ve,2,2,1.0
kz5ukgux,1,1,1.0
kz5ukgux,1,2,0.9881154298782349
kz5ukgux,1,3,0.9663915634155273
kz5ukgux,2,1,0.9881154298782349
kz5ukgux,2,2,1.0000001192092896
kz5ukgux,2,3,0.9883114099502563
kz5ukgux,3,1,0.9663915634155273
kz5ukgux,3,2,0.9883114099502563
kz5ukgux,3,3,0.9999999403953552
l4a70q85,1,1,1.0
l4a70q85,1,2,0.9951708316802979
l4a70q85,1,3,0.9952707290649414
l4a70q85,2,1,0.9951708316802979
l4a70q85,2,2,0.9999999403953552
l4a70q85,2,3,0.9977833032608032
l4a70q85,3,1,0.9952707290649414
l4a70q85,3,2,0.9977833032608032
l4a70q85,3,3,1.0
l5locryc,1,1,1.0000001192092896
l5locryc,1,2,0.9439026117324829
l5locryc,1,3,0.9837260246276855
l5locryc,2,1,0.9439026117324829
l5locryc,2,2,1.0
l5locryc,2,3,0.9450720548629761
l5locryc,3,1,0.9837260246276855
l5locryc,3,2,0.9450720548629761
l5locryc,3,3,0.9999998807907104
l6zdy2cc,1,1,0.9999999403953552
l6zdy2cc,1,2,0.994558572769165
l6zdy2cc,1,3,0.9962733387947083
l6zdy2cc,1,4,0.9915141463279724
l6zdy2cc,1,5,0.9890924692153931
l6zdy2cc,1,6,0.9909568428993225
l6zdy2cc,1,7,0.9877898693084717
l6zdy2cc,1,8,0.9869421720504761
l6zdy2cc,2,1,0.994558572769165
l6zdy2cc,2,2,0.9999998807907104
l6zdy2cc,2,3,0.9962090253829956
l6zdy2cc,2,4,0.9854567050933838
l6zdy2cc,2,5,0.9809880256652832
l6zdy2cc,2,6,0.9901188611984253
l6zdy2cc,2,7,0.983065664768219
l6zdy2cc,2,8,0.9971453547477722
l6zdy2cc,3,1,0.9962733387947083
l6zdy2cc,3,2,0.9962090253829956
l6zdy2cc,3,3,1.0
l6zdy2cc,3,4,0.9942247867584229
l6zdy2cc,3,5,0.9892441034317017
l6zdy2cc,3,6,0.9946218729019165
l6zdy2cc,3,7,0.9883475303649902
l6zdy2cc,3,8,0.9936177730560303
l6zdy2cc,4,1,0.9915141463279724
l6zdy2cc,4,2,0.9854567050933838
l6zdy2cc,4,3,0.9942247867584229
l6zdy2cc,4,4,1.0000001192092896
l6zdy2cc,4,5,0.9960232973098755
l6zdy2cc,4,6,0.9967831373214722
l6zdy2cc,4,7,0.9931738972663879
l6zdy2cc,4,8,0.9828126430511475
l6zdy2cc,5,1,0.9890924692153931
l6zdy2cc,5,2,0.9809880256652832
l6zdy2cc,5,3,0.9892441034317017
l6zdy2cc,5,4,0.9960232973098755
l6zdy2cc,5,5,1.0
l6zdy2cc,5,6,0.9908342361450195
l6zdy2cc,5,7,0.9974942207336426
l6zdy2cc,5,8,0.9768247604370117
l6zdy2cc,6,1,0.9909568428993225
l6zdy2cc,6,2,0.9901188611984253
l6zdy2cc,6,3,0.9946218729019165
l6zdy2cc,6,4,0.9967831373214722
l6zdy2cc,6,5,0.9908342361450195
l6zdy2cc,6,6,0.9999999403953552
l6zdy2cc,6,7,0.9902322888374329
l6zdy2cc,6,8,0.9903915524482727
l6zdy2cc,7,1,0.9877898693084717
l6zdy2cc,7,2,0.983065664768219
l6zdy2cc,7,3,0.9883475303649902
l6zdy2cc,7,4,0.9931738972663879
l6zdy2cc,7,5,0.9974942207336426
l6zdy2cc,7,6,0.9902322888374329
l6zdy2cc,7,7,1.0
l6zdy2cc,7,8,0.9802360534667969
l6zdy2cc,8,1,0.9869421720504761
l6zdy2cc,8,2,0.9971453547477722
l6zdy2cc,8,3,0.9936177730560303
l6zdy2cc,8,4,0.9828126430511475
l6zdy2cc,8,5,0.9768247604370117
l6zdy2cc,8,6,0.9903915524482727
l6zdy2cc,8,7,0.9802360534667969
l6zdy2cc,8,8,1.0000001192092896
l7x9zvsk,1,1,1.0
l7x9zvsk,1,2,0.9362912178039551
l7x9zvsk,2,1,0.9362912178039551
l7x9zvsk,2,2,1.0000001192092896
ljgaeiyc,1,1,0.9999999403953552
ljgaeiyc,1,2,0.9950764775276184
ljgaeiyc,2,1,0.9950764775276184
ljgaeiyc,2,2,1.0000001192092896
lskh81dd,1,1,0.9999999403953552
lskh81dd,1,2,0.9957658648490906
lskh81dd,1,3,0.9950071573257446
lskh81dd,1,4,0.9955940842628479
lskh81dd,1,5,0.9914225339889526
lskh81dd,2,1,0.9957658648490906
lskh81dd,2,2,1.0000001192092896
lskh81dd,2,3,0.9904370307922363
lskh81dd,2,4,0.9965866804122925
lskh81dd,2,5,0.9829868674278259
lskh81dd,3,1,0.9950071573257446
lskh81dd,3,2,0.9904370307922363
lskh81dd,3,3,1.0
lskh81dd,3,4,0.9955708980560303
lskh81dd,3,5,0.9964479207992554
lskh81dd,4,1,0.9955940842628479
lskh81dd,4,2,0.9965866804122925
lskh81dd,4,3,0.9955708980560303
lskh81dd,4,4,0.9999999403953552
lskh81dd,4,5,0.9924542903900146
lskh81dd,5,1,0.9914225339889526
lskh81dd,5,2,0.9829868674278259
lskh81dd,5,3,0.9964479207992554
lskh81dd,5,4,0.9924542903900146
lskh81dd,5,5,1.0
m10d91f4,1,1,0.9999999403953552
m10d91f4,1,2,0.9946296811103821
m10d91f4,1,3,0.946926474571228
m10d91f4,1,4,0.9840691685676575
m10d91f4,1,5,0.9912490844726562
m10d91f4,1,6,0.9897485375404358
m10d91f4,1,7,0.9292747974395752
m10d91f4,1,8,0.990025520324707
m10d91f4,1,9,0.9888426661491394
m10d91f4,1,10,0.9885626435279846
m10d91f4,1,11,0.9913168549537659
m10d91f4,1,12,0.9816838502883911
m10d91f4,1,13,0.9661358594894409
m10d91f4,1,14,0.9820128679275513
m10d91f4,1,15,0.9800723791122437
m10d91f4,1,16,0.9916452169418335
m10d91f4,1,17,0.9874650835990906
m10d91f4,1,18,0.9925262331962585
m10d91f4,1,19,0.9944578409194946
m10d91f4,1,20,-0.20016565918922424
m10d91f4,2,1,0.9946296811103821
m10d91f4,2,2,0.9999998807907104
m10d91f4,2,3,0.9446929693222046
m10d91f4,2,4,0.9889297485351562
m10d91f4,2,5,0.990266740322113
m10d91f4,2,6,0.9975186586380005
m10d91f4,2,7,0.9280765056610107
m10d91f4,2,8,0.9869869947433472
m10d91f4,2,9,0.9909687042236328
m10d91f4,2,10,0.9925514459609985
m10d91f4,2,11,0.9950334429740906
m10d91f4,2,12,0.9879806041717529
m10d91f4,2,13,0.9754182696342468
m10d91f4,2,14,0.9851601123809814
m10d91f4,2,15,0.9870845079421997
m10d91f4,2,16,0.9795023798942566
m10d91f4,2,17,0.9863966703414917
m10d91f4,2,18,0.9940909743309021
m10d91f4,2,19,0.9916802644729614
m10d91f4,2,20,-0.19057559967041016
m10d91f4,3,1,0.946926474571228
m10d91f4,3,2,0.9446929693222046
m10d91f4,3,3,1.0000001192092896
m10d91f4,3,4,0.9615745544433594
m10d91f4,3,5,0.9605050086975098
m10d91f4,3,6,0.9557821154594421
m10d91f4,3,7,0.9823204874992371
m10d91f4,3,8,0.978908121585846
m10d91f4,3,9,0.9307507276535034
m10d91f4,3,10,0.9651468992233276
m10d91f4,3,11,0.9317752718925476
m10d91f4,3,12,0.9385277032852173
m10d91f4,3,13,0.9699757695198059
m10d91f4,3,14,0.9608083963394165
m10d91f4,3,15,0.9626001119613647
m10d91f4,3,16,0.9584496021270752
m10d91f4,3,17,0.9811670780181885
m10d91f4,3,18,0.9316303730010986
m10d91f4,3,19,0.9565593600273132
m10d91f4,3,20,-0.16684281826019287
m10d91f4,4,1,0.9840691685676575
m10d91f4,4,2,0.9889297485351562
m10d91f4,4,3,0.9615745544433594
m10d91f4,4,4,0.9999999403953552
m10d91f4,4,5,0.9951620697975159
m10d91f4,4,6,0.9937092661857605
m10d91f4,4,7,0.9246423244476318
m10d91f4,4,8,0.9866097569465637
m10d91f4,4,9,0.9776391983032227
m10d91f4,4,10,0.992644727230072
m10d91f4,4,11,0.9809171557426453
m10d91f4,4,12,0.9853581786155701
m10d91f4,4,13,0.991654098033905
m10d91f4,4,14,0.9879841804504395
m10d91f4,4,15,0.996946394443512
m10d91f4,4,16,0.9703513383865356
m10d91f4,4,17,0.9858137965202332
m10d91f4,4,18,0.9848994016647339
m10d91f4,4,19,0.9884105324745178
m10d91f4,4,20,-0.18552452325820923
m10d91f4,5,1,0.9912490844726562
m10d91f4,5,2,0.990266740322113
m10d91f4,5,3,0.9605050086975098
m10d91f4,5,4,0.9951620697975159
m10d91f4,5,5,1.0000001192092896
m10d91f4,5,6,0.9921413660049438
m10d91f4,5,7,0.9272188544273376
m10d91f4,5,8,0.9904691576957703
m10d91f4,5,9,0.9742715358734131
m10d91f4,5,10,0.995704174041748
m10d91f4,5,11,0.9816248416900635
m10d91f4,5,12,0.9770437479019165
m10d91f4,5,13,0.9889694452285767
m10d91f4,5,14,0.9955207109451294
m10d91f4,5,15,0.9958661794662476
m10d91f4,5,16,0.9791674613952637
m10d91f4,5,17,0.9879742860794067
m10d91f4,5,18,0.9838484525680542
m10d91f4,5,19,0.9954436421394348
m10d91f4,5,20,-0.18617422878742218
m10d91f4,6,1,0.9897485375404358
m10d91f4,6,2,0.9975186586380005
m10d91f4,6,3,0.9557821154594421
m10d91f4,6,4,0.9937092661857605
m10d91f4,6,5,0.9921413660049438
m10d91f4,6,6,0.9999998211860657
m10d91f4,6,7,0.9352681636810303
m10d91f4,6,8,0.9891193509101868
m10d91f4,6,9,0.9845843315124512
m10d91f4,6,10,0.9944649338722229
m10d91f4,6,11,0.9893292784690857
m10d91f4,6,12,0.9855522513389587
m10d91f4,6,13,0.984373152256012
m10d91f4,6,14,0.9878541827201843
m10d91f4,6,15,0.9936850070953369
m10d91f4,6,16,0.9766330122947693
m10d91f4,6,17,0.9882503151893616
m10d91f4,6,18,0.9903686046600342
m10d91f4,6,19,0.9920943975448608
m10d91f4,6,20,-0.18238022923469543
m10d91f4,7,1,0.9292747974395752
m10d91f4,7,2,0.9280765056610107
m10d91f4,7,3,0.9823204874992371
m10d91f4,7,4,0.9246423244476318
m10d91f4,7,5,0.9272188544273376
m10d91f4,7,6,0.9352681636810303
m10d91f4,7,7,0.9999998807907104
m10d91f4,7,8,0.9615669250488281
m10d91f4,7,9,0.9196650385856628
m10d91f4,7,10,0.9412717223167419
m10d91f4,7,11,0.9198106527328491
m10d91f4,7,12,0.9185695648193359
m10d91f4,7,13,0.932461142539978
m10d91f4,7,14,0.931080162525177
m10d91f4,7,15,0.9268491268157959
m10d91f4,7,16,0.9477170705795288
m10d91f4,7,17,0.9685065150260925
m10d91f4,7,18,0.9133561849594116
m10d91f4,7,19,0.9315823912620544
m10d91f4,7,20,-0.14914466440677643
m10d91f4,8,1,0.990025520324707
m10d91f4,8,2,0.9869869947433472
m10d91f4,8,3,0.978908121585846
m10d91f4,8,4,0.9866097569465637
m10d91f4,8,5,0.9904691576957703
m10d91f4,8,6,0.9891193509101868
m10d91f4,8,7,0.9615669250488281
m10d91f4,8,8,0.9999997615814209
m10d91f4,8,9,0.9754868149757385
m10d91f4,8,10,0.992012083530426
m10d91f4,8,11,0.9759685397148132
m10d91f4,8,12,0.9724218845367432
m10d91f4,8,13,0.9793880581855774
m10d91f4,8,14,0.9853124618530273
m10d91f4,8,15,0.9855806231498718
m10d91f4,8,16,0.991777777671814
m10d91f4,8,17,0.9956126809120178
m10d91f4,8,18,0.977123498916626
m10d91f4,8,19,0.9939790368080139
m10d91f4,8,20,-0.20151828229427338
m10d91f4,9,1,0.9888426661491394
m10d91f4,9,2,0.9909687042236328
m10d91f4,9,3,0.9307507276535034
m10d91f4,9,4,0.9776391983032227
m10d91f4,9,5,0.9742715358734131
m10d91f4,9,6,0.9845843315124512
m10d91f4,9,7,0.9196650385856628
m10d91f4,9,8,0.9754868149757385
m10d91f4,9,9,0.9999998807907104
m10d91f4,9,10,0.9766080975532532
m10d91f4,9,11,0.9959390163421631
m10d91f4,9,12,0.9950997829437256
m10d91f4,9,13,0.9537230134010315
m10d91f4,9,14,0.9616026878356934
m10d91f4,9,15,0.9667395949363708
m10d91f4,9,16,0.975405216217041
m10d91f4,9,17,0.9784608483314514
m10d91f4,9,18,0.9948822855949402
m10d91f4,9,19,0.9749149680137634
m10d91f4,9,20,-0.20093318819999695
m10d91f4,10,1,0.9885626435279846
m10d91f4,10,2,0.9925514459609985
m10d91f4,10,3,0.9651468992233276
m10d91f4,10,4,0.992644727230072
m10d91f4,10,5,0.995704174041748
m10d91f4,10,6,0.9944649338722229
m10d91f4,10,7,0.9412717223167419
m10d91f4,10,8,0.992012083530426
m10d91f4,10,9,0.9766080975532532
m10d91f4,10,10,0.9999998807907104
m10d91f4,10,11,0.9831571578979492
m10d91f4,10,12,0.9780105948448181
m10d91f4,10,13,0.9909884929656982
m10d91f4,10,14,0.9963278770446777
m10d91f4,10,15,0.9948636293411255
m10d91f4,10,16,0.9780461192131042
m10d91f4,10,17,0.9924861192703247
m10d91f4,10,18,0.9816491603851318
m10d91f4,10,19,0.9933698773384094
m10d91f4,10,20,-0.18890994787216187
m10d91f4,11,1,0.9913168549537659
m10d91f4,11,2,0.9950334429740906
m10d91f4,11,3,0.9317752718925476
m10d91f4,11,4,0.9809171557426453
m10d91f4,11,5,0.9816248416900635
m10d91f4,11,6,0.9893292784690857
m10d91f4,11,7,0.9198106527328491
m10d91f4,11,8,0.9759685397148132
m10d91f4,11,9,0.9959390163421631
m10d91f4,11,10,0.9831571578979492
m10d91f4,11,11,0.9999998211860657
m10d91f4,11,12,0.9935722351074219
m10d91f4,11,13,0.9631248712539673
m10d91f4,11,14,0.9735036492347717
m10d91f4,11,15,0.9750157594680786
m10d91f4,11,16,0.9724956750869751
m10d91f4,11,17,0.9815848469734192
m10d91f4,11,18,0.9973983764648438
m10d91f4,11,19,0.9792118072509766
m10d91f4,11,20,-0.18034124374389648
m10d91f4,12,1,0.9816838502883911
m10d91f4,12,2,0.9879806041717529
m10d91f4,12,3,0.9385277032852173
m10d91f4,12,4,0.9853581786155701
m10d91f4,12,5,0.9770437479019165
m10d91f4,12,6,0.9855522513389587
m10d91f4,12,7,0.9185695648193359
m10d91f4,12,8,0.9724218845367432
m10d91f4,12,9,0.9950997829437256
m10d91f4,12,10,0.9780105948448181
m10d91f4,12,11,0.9935722351074219
m10d91f4,12,12,0.9999997615814209
m10d91f4,12,13,0.9669151902198792
m10d91f4,12,14,0.965576708316803
m10d91f4,12,15,0.974872887134552
m10d91f4,12,16,0.9629371166229248
m10d91f4,12,17,0.9788118600845337
m10d91f4,12,18,0.9924809336662292
m10d91f4,12,19,0.969717264175415
m10d91f4,12,20,-0.1873648464679718
m10d91f4,13,1,0.9661358594894409
m10d91f4,13,2,0.9754182696342468
m10d91f4,13,3,0.9699757695198059
m10d91f4,13,4,0.991654098033905
m10d91f4,13,5,0.9889694452285767
m10d91f4,13,6,0.984373152256012
m10d91f4,13,7,0.932461142539978
m10d91f4,13,8,0.9793880581855774
m10d91f4,13,9,0.9537230134010315
m10d91f4,13,10,0.9909884929656982
m10d91f4,13,11,0.9631248712539673
m10d91f4,13,12,0.9669151902198792
m10d91f4,13,13,0.9999999403953552
m10d91f4,13,14,0.9923755526542664
m10d91f4,13,15,0.995948076248169
m10d91f4,13,16,0.9512143731117249
m10d91f4,13,17,0.9813271164894104
m10d91f4,13,18,0.962594211101532
m10d91f4,13,19,0.9774587750434875
m10d91f4,13,20,-0.17045661807060242
m10d91f4,14,1,0.9820128679275513
m10d91f4,14,2,0.9851601123809814
m10d91f4,14,3,0.9608083963394165
m10d91f4,14,4,0.9879841804504395
m10d91f4,14,5,0.9955207109451294
m10d91f4,14,6,0.9878541827201843
m10d91f4,14,7,0.931080162525177
m10d91f4,14,8,0.9853124618530273
m10d91f4,14,9,0.9616026878356934
m10d91f4,14,10,0.9963278770446777
m10d91f4,14,11,0.9735036492347717
m10d91f4,14,12,0.965576708316803
m10d91f4,14,13,0.9923755526542664
m10d91f4,14,14,1.0
m10d91f4,14,15,0.994388997554779
m10d91f4,14,16,0.9674502015113831
m10d91f4,14,17,0.9848405122756958
m10d91f4,14,18,0.9710781574249268
m10d91f4,14,19,0.9897209405899048
m10d91f4,14,20,-0.18110497295856476
m10d91f4,15,1,0.9800723791122437
m10d91f4,15,2,0.9870845079421997
m10d91f4,15,3,0.9626001119613647
m10d91f4,15,4,0.996946394443512
m10d91f4,15,5,0.9958661794662476
m10d91f4,15,6,0.9936850070953369
m10d91f4,15,7,0.9268491268157959
m10d91f4,15,8,0.9855806231498718
m10d91f4,15,9,0.9667395949363708
m10d91f4,15,10,0.9948636293411255
m10d91f4,15,11,0.9750157594680786
m10d91f4,15,12,0.974872887134552
m10d91f4,15,13,0.995948076248169
m10d91f4,15,14,0.994388997554779
m10d91f4,15,15,0.9999999403953552
m10d91f4,15,16,0.9656360745429993
m10d91f4,15,17,0.9840100407600403
m10d91f4,15,18,0.9773150682449341
m10d91f4,15,19,0.9894007444381714
m10d91f4,15,20,-0.1811126470565796
m10d91f4,16,1,0.9916452169418335
m10d91f4,16,2,0.9795023798942566
m10d91f4,16,3,0.9584496021270752
m10d91f4,16,4,0.9703513383865356
m10d91f4,16,5,0.9791674613952637
m10d91f4,16,6,0.9766330122947693
m10d91f4,16,7,0.9477170705795288
m10d91f4,16,8,0.991777777671814
m10d91f4,16,9,0.975405216217041
m10d91f4,16,10,0.9780461192131042
m10d91f4,16,11,0.9724956750869751
m10d91f4,16,12,0.9629371166229248
m10d91f4,16,13,0.9512143731117249
m10d91f4,16,14,0.9674502015113831
m10d91f4,16,15,0.9656360745429993
m10d91f4,16,16,0.9999999403953552
m10d91f4,16,17,0.9858887195587158
m10d91f4,16,18,0.976340115070343
m10d91f4,16,19,0.9894103407859802
m10d91f4,16,20,-0.20815114676952362
m10d91f4,17,1,0.9874650835990906
m10d91f4,17,2,0.9863966703414917
m10d91f4,17,3,0.9811670780181885
m10d91f4,17,4,0.9858137965202332
m10d91f4,17,5,0.9879742860794067
m10d91f4,17,6,0.9882503151893616
m10d91f4,17,7,0.9685065150260925
m10d91f4,17,8,0.9956126809120178
m10d91f4,17,9,0.9784608483314514
m10d91f4,17,10,0.9924861192703247
m10d91f4,17,11,0.9815848469734192
m10d91f4,17,12,0.9788118600845337
m10d91f4,17,13,0.9813271164894104
m10d91f4,17,14,0.9848405122756958
m10d91f4,17,15,0.9840100407600403
m10d91f4,17,16,0.9858887195587158
m10d91f4,17,17,1.000000238418579
m10d91f4,17,18,0.9803102612495422
m10d91f4,17,19,0.9867887496948242
m10d91f4,17,20,-0.1798235923051834
m10d91f4,18,1,0.9925262331962585
m10d91f4,18,2,0.9940909743309021
m10d91f4,18,3,0.9316303730010986
m10d91f4,18,4,0.9848994016647339
m10d91f4,18,5,0.9838484525680542
m10d91f4,18,6,0.9903686046600342
m10d91f4,18,7,0.9133561849594116
m10d91f4,18,8,0.977123498916626
m10d91f4,18,9,0.9948822855949402
m10d91f4,18,10,0.9816491603851318
m10d91f4,18,11,0.9973983764648438
m10d91f4,18,12,0.9924809336662292
m10d91f4,18,13,0.962594211101532
m10d91f4,18,14,0.9710781574249268
m10d91f4,18,15,0.9773150682449341
m10d91f4,18,16,0.976340115070343
m10d91f4,18,17,0.9803102612495422
m10d91f4,18,18,0.9999999403953552
m10d91f4,18,19,0.9826587438583374
m10d91f4,18,20,-0.18325594067573547
m10d91f4,19,1,0.9944578409194946
m10d91f4,19,2,0.9916802644729614
m10d91f4,19,3,0.9565593600273132
m10d91f4,19,4,0.9884105324745178
m10d91f4,19,5,0.9954436421394348
m10d91f4,19,6,0.9920943975448608
m10d91f4,19,7,0.9315823912620544
m10d91f4,19,8,0.9939790368080139
m10d91f4,19,9,0.9749149680137634
m10d91f4,19,10,0.9933698773384094
m10d91f4,19,11,0.9792118072509766
m10d91f4,19,12,0.969717264175415
m10d91f4,19,13,0.9774587750434875
m10d91f4,19,14,0.9897209405899048
m10d91f4,19,15,0.9894007444381714
m10d91f4,19,16,0.9894103407859802
m10d91f4,19,17,0.9867887496948242
m10d91f4,19,18,0.9826587438583374
m10d91f4,19,19,0.9999999403953552
m10d91f4,19,20,-0.19863562285900116
m10d91f4,20,1,-0.20016565918922424
m10d91f4,20,2,-0.19057559967041016
m10d91f4,20,3,-0.16684281826019287
m10d91f4,20,4,-0.18552452325820923
m10d91f4,20,5,-0.18617422878742218
m10d91f4,20,6,-0.18238022923469543
m10d91f4,20,7,-0.14914466440677643
m10d91f4,20,8,-0.20151828229427338
m10d91f4,20,9,-0.20093318819999695
m10d91f4,20,10,-0.18890994787216187
m10d91f4,20,11,-0.18034124374389648
m10d91f4,20,12,-0.1873648464679718
m10d91f4,20,13,-0.17045661807060242
m10d91f4,20,14,-0.18110497295856476
m10d91f4,20,15,-0.1811126470565796
m10d91f4,20,16,-0.20815114676952362
m10d91f4,20,17,-0.1798235923051834
m10d91f4,20,18,-0.18325594067573547
m10d91f4,20,19,-0.19863562285900116
m10d91f4,20,20,0.9999999403953552
mb2wf06i,1,1,1.0
mb2wf06i,1,2,0.9728181958198547
mb2wf06i,2,1,0.9728181958198547
mb2wf06i,2,2,1.0
mfxnh5ru,1,1,0.9999999403953552
mfxnh5ru,1,2,0.9978490471839905
mfxnh5ru,1,3,0.9640893936157227
mfxnh5ru,2,1,0.9978490471839905
mfxnh5ru,2,2,1.0000001192092896
mfxnh5ru,2,3,0.9551202654838562
mfxnh5ru,3,1,0.9640893936157227
mfxnh5ru,3,2,0.9551202654838562
mfxnh5ru,3,3,1.0000001192092896
mn4s0gi8,1,1,0.9999999403953552
mn4s0gi8,1,2,0.9950574636459351
mn4s0gi8,1,3,0.9907455444335938
mn4s0gi8,1,4,0.9903260469436646
mn4s0gi8,1,5,0.9901070594787598
mn4s0gi8,1,6,0.9927804470062256
mn4s0gi8,1,7,0.9912002086639404
mn4s0gi8,1,8,0.9916171431541443
mn4s0gi8,1,9,0.9868130087852478
mn4s0gi8,1,10,0.9868502616882324
mn4s0gi8,1,11,0.9855665564537048
mn4s0gi8,1,12,0.9745684862136841
mn4s0gi8,1,13,0.9828286170959473
mn4s0gi8,1,14,0.9812912940979004
mn4s0gi8,1,15,0.9884846210479736
mn4s0gi8,1,16,0.9890894889831543
mn4s0gi8,1,17,0.9804924726486206
mn4s0gi8,1,18,0.9742679595947266
mn4s0gi8,1,19,0.9815129637718201
mn4s0gi8,1,20,0.9848564863204956
mn4s0gi8,1,21,0.9840639233589172
mn4s0gi8,1,22,0.9932969212532043
mn4s0gi8,1,23,0.9905559420585632
mn4s0gi8,1,24,0.9790369868278503
mn4s0gi8,1,25,0.9852579832077026
mn4s0gi8,1,26,0.9866374135017395
mn4s0gi8,1,27,0.9855499267578125
mn4s0gi8,2,1,0.9950574636459351
mn4s0gi8,2,2,1.0000001192092896
mn4s0gi8,2,3,0.9935265779495239
mn4s0gi8,2,4,0.9933651685714722
mn4s0gi8,2,5,0.9944459199905396
mn4s0gi8,2,6,0.9952993392944336
mn4s0gi8,2,7,0.9934685230255127
mn4s0gi8,2,8,0.9945822358131409
mn4s0gi8,2,9,0.987836480140686
mn4s0gi8,2,10,0.9917724132537842
mn4s0gi8,2,11,0.99160236120224
mn4s0gi8,2,12,0.9857680797576904
mn4s0gi8,2,13,0.9921425580978394
mn4s0gi8,2,14,0.9884575009346008
mn4s0gi8,2,15,0.9924646019935608
mn4s0gi8,2,16,0.9891514182090759
mn4s0gi8,2,17,0.991225004196167
mn4s0gi8,2,18,0.9863417744636536
mn4s0gi8,2,19,0.9889644980430603
mn4s0gi8,2,20,0.989003598690033
mn4s0gi8,2,21,0.9924325346946716
mn4s0gi8,2,22,0.9963788986206055
mn4s0gi8,2,23,0.9960184097290039
mn4s0gi8,2,24,0.9850795269012451
mn4s0gi8,2,25,0.9908643364906311
mn4s0gi8,2,26,0.9929478764533997
mn4s0gi8,2,27,0.9891101121902466
mn4s0gi8,3,1,0.9907455444335938
mn4s0gi8,3,2,0.9935265779495239
mn4s0gi8,3,3,1.0
mn4s0gi8,3,4,0.9976515769958496
mn4s0gi8,3,5,0.9963710904121399
mn4s0gi8,3,6,0.9938581585884094
mn4s0gi8,3,7,0.9934470653533936
mn4s0gi8,3,8,0.9992294907569885
mn4s0gi8,3,9,0.9979282021522522
mn4s0gi8,3,10,0.9982975721359253
mn4s0gi8,3,11,0.9937915802001953
mn4s0gi8,3,12,0.9899007081985474
mn4s0gi8,3,13,0.9957219362258911
mn4s0gi8,3,14,0.9946584701538086
mn4s0gi8,3,15,0.9963182806968689
mn4s0gi8,3,16,0.9948403835296631
mn4s0gi8,3,17,0.9925646781921387
mn4s0gi8,3,18,0.9901891946792603
mn4s0gi8,3,19,0.9971632361412048
mn4s0gi8,3,20,0.9983410835266113
mn4s0gi8,3,21,0.9924942851066589
mn4s0gi8,3,22,0.9957481622695923
mn4s0gi8,3,23,0.9935967922210693
mn4s0gi8,3,24,0.9951573610305786
mn4s0gi8,3,25,0.997952938079834
mn4s0gi8,3,26,0.9948941469192505
mn4s0gi8,3,27,0.9913533926010132
mn4s0gi8,4,1,0.9903260469436646
mn4s0gi8,4,2,0.9933651685714722
mn4s0gi8,4,3,0.9976515769958496
mn4s0gi8,4,4,1.0
mn4s0gi8,4,5,0.9977365732192993
mn4s0gi8,4,6,0.9961497187614441
mn4s0gi8,4,7,0.99460768699646
mn4s0gi8,4,8,0.9968559741973877
mn4s0gi8,4,9,0.9971433877944946
mn4s0gi8,4,10,0.9971964359283447
mn4s0gi8,4,11,0.9973788857460022
mn4s0gi8,4,12,0.9923397302627563
mn4s0gi8,4,13,0.9971463084220886
mn4s0gi8,4,14,0.9959484934806824
mn4s0gi8,4,15,0.9968501329421997
mn4s0gi8,4,16,0.9895396828651428
mn4s0gi8,4,17,0.9937660098075867
mn4s0gi8,4,18,0.9935145974159241
mn4s0gi8,4,19,0.9937379360198975
mn4s0gi8,4,20,0.9948133826255798
mn4s0gi8,4,21,0.995937168598175
mn4s0gi8,4,22,0.9922894239425659
mn4s0gi8,4,23,0.9922744631767273
mn4s0gi8,4,24,0.9912171363830566
mn4s0gi8,4,25,0.9946414232254028
mn4s0gi8,4,26,0.9948325157165527
mn4s0gi8,4,27,0.9864023923873901
mn4s0gi8,5,1,0.9901070594787598
mn4s0gi8,5,2,0.9944459199905396
mn4s0gi8,5,3,0.9963710904121399
mn4s0gi8,5,4,0.9977365732192993
mn4s0gi8,5,5,1.000000238418579
mn4s0gi8,5,6,0.9988563656806946
mn4s0gi8,5,7,0.9984399080276489
mn4s0gi8,5,8,0.9971073865890503
mn4s0gi8,5,9,0.9940326809883118
mn4s0gi8,5,10,0.9953998923301697
mn4s0gi8,5,11,0.9983530044555664
mn4s0gi8,5,12,0.9935293197631836
mn4s0gi8,5,13,0.9949575662612915
mn4s0gi8,5,14,0.992961049079895
mn4s0gi8,5,15,0.9927356243133545
mn4s0gi8,5,16,0.9919354915618896
mn4s0gi8,5,17,0.9964268207550049
mn4s0gi8,5,18,0.9938321113586426
mn4s0gi8,5,19,0.9944093227386475
mn4s0gi8,5,20,0.992904543876648
mn4s0gi8,5,21,0.9969059228897095
mn4s0gi8,5,22,0.9938134551048279
mn4s0gi8,5,23,0.9962054491043091
mn4s0gi8,5,24,0.9922043681144714
mn4s0gi8,5,25,0.9930957555770874
mn4s0gi8,5,26,0.9966138005256653
mn4s0gi8,5,27,0.9814372062683105
mn4s0gi8,6,1,0.9927804470062256
mn4s0gi8,6,2,0.9952993392944336
mn4s0gi8,6,3,0.9938581585884094
mn4s0gi8,6,4,0.9961497187614441
mn4s0gi8,6,5,0.9988563656806946
mn4s0gi8,6,6,1.0
mn4s0gi8,6,7,0.9987607598304749
mn4s0gi8,6,8,0.9950227737426758
mn4s0gi8,6,9,0.991630494594574
mn4s0gi8,6,10,0.9931080937385559
mn4s0gi8,6,11,0.9973850846290588
mn4s0gi8,6,12,0.9898267984390259
mn4s0gi8,6,13,0.9922398924827576
mn4s0gi8,6,14,0.9905274510383606
mn4s0gi8,6,15,0.991314172744751
mn4s0gi8,6,16,0.990200936794281
mn4s0gi8,6,17,0.9942724704742432
mn4s0gi8,6,18,0.9905796051025391
mn4s0gi8,6,19,0.9903629422187805
mn4s0gi8,6,20,0.9895462989807129
mn4s0gi8,6,21,0.996008038520813
mn4s0gi8,6,22,0.9938858151435852
mn4s0gi8,6,23,0.9966170191764832
mn4s0gi8,6,24,0.9877540469169617
mn4s0gi8,6,25,0.989993691444397
mn4s0gi8,6,26,0.9951761960983276
mn4s0gi8,6,27,0.9795737862586975
mn4s0gi8,7,1,0.9912002086639404
mn4s0gi8,7,2,0.9934685230255127
mn4s0gi8,7,3,0.9934470653533936
mn4s0gi8,7,4,0.99460768699646
mn4s0gi8,7,5,0.9984399080276489
mn4s0gi8,7,6,0.9987607598304749
mn4s0gi8,7,7,1.0000001192092896
mn4s0gi8,7,8,0.9953970909118652
mn4s0gi8,7,9,0.9905800223350525
mn4s0gi8,7,10,0.9909713864326477
mn4s0gi8,7,11,0.996688961982727
mn4s0gi8,7,12,0.9917727708816528
mn4s0gi8,7,13,0.9901775121688843
mn4s0gi8,7,14,0.9868666529655457
mn4s0gi8,7,15,0.9885229468345642
mn4s0gi8,7,16,0.9939125776290894
mn4s0gi8,7,17,0.9936674237251282
mn4s0gi8,7,18,0.9894624948501587
mn4s0gi8,7,19,0.991992712020874
mn4s0gi8,7,20,0.9897860884666443
mn4s0gi8,7,21,0.9943015575408936
mn4s0gi8,7,22,0.9935936331748962
mn4s0gi8,7,23,0.996909499168396
mn4s0gi8,7,24,0.9904972910881042
mn4s0gi8,7,25,0.9902083873748779
mn4s0gi8,7,26,0.9965183734893799
mn4s0gi8,7,27,0.9769266247749329
mn4s0gi8,8,1,0.9916171431541443
mn4s0gi8,8,2,0.9945822358131409
mn4s0gi8,8,3,0.9992294907569885
mn4s0gi8,8,4,0.9968559741973877
mn4s0gi8,8,5,0.9971073865890503
mn4s0gi8,8,6,0.9950227737426758
mn4s0gi8,8,7,0.9953970909118652
mn4s0gi8,8,8,1.0
mn4s0gi8,8,9,0.9967453479766846
mn4s0gi8,8,10,0.9974020719528198
mn4s0gi8,8,11,0.9945039749145508
mn4s0gi8,8,12,0.9898948669433594
mn4s0gi8,8,13,0.9944239854812622
mn4s0gi8,8,14,0.9928683042526245
mn4s0gi8,8,15,0.9955092668533325
mn4s0gi8,8,16,0.9964256286621094
mn4s0gi8,8,17,0.9930658340454102
mn4s0gi8,8,18,0.9894701838493347
mn4s0gi8,8,19,0.9969733357429504
mn4s0gi8,8,20,0.9978580474853516
mn4s0gi8,8,21,0.9932117462158203
mn4s0gi8,8,22,0.9974782466888428
mn4s0gi8,8,23,0.9957894086837769
mn4s0gi8,8,24,0.9956257343292236
mn4s0gi8,8,25,0.9975147247314453
mn4s0gi8,8,26,0.9965808987617493
mn4s0gi8,8,27,0.9906210899353027
mn4s0gi8,9,1,0.9868130087852478
mn4s0gi8,9,2,0.987836480140686
mn4s0gi8,9,3,0.9979282021522522
mn4s0gi8,9,4,0.9971433877944946
mn4s0gi8,9,5,0.9940326809883118
mn4s0gi8,9,6,0.991630494594574
mn4s0gi8,9,7,0.9905800223350525
mn4s0gi8,9,8,0.9967453479766846
mn4s0gi8,9,9,1.0
mn4s0gi8,9,10,0.998537540435791
mn4s0gi8,9,11,0.9939039945602417
mn4s0gi8,9,12,0.9872416853904724
mn4s0gi8,9,13,0.9945830702781677
mn4s0gi8,9,14,0.9962573051452637
mn4s0gi8,9,15,0.9970369338989258
mn4s0gi8,9,16,0.9910247921943665
mn4s0gi8,9,17,0.990619421005249
mn4s0gi8,9,18,0.9896522164344788
mn4s0gi8,9,19,0.9948917627334595
mn4s0gi8,9,20,0.9980369806289673
mn4s0gi8,9,21,0.9922858476638794
mn4s0gi8,9,22,0.9925761222839355
mn4s0gi8,9,23,0.9900569915771484
mn4s0gi8,9,24,0.994366466999054
mn4s0gi8,9,25,0.9969001412391663
mn4s0gi8,9,26,0.9934167861938477
mn4s0gi8,9,27,0.9888720512390137
mn4s0gi8,10,1,0.9868502616882324
mn4s0gi8,10,2,0.9917724132537842
mn4s0gi8,10,3,0.9982975721359253
mn4s0gi8,10,4,0.9971964359283447
mn4s0gi8,10,5,0.9953998923301697
mn4s0gi8,10,6,0.9931080937385559
mn4s0gi8,10,7,0.9909713864326477
mn4s0gi8,10,8,0.9974020719528198
mn4s0gi8,10,9,0.998537540435791
mn4s0gi8,10,10,0.9999998807907104
mn4s0gi8,10,11,0.9949764609336853
mn4s0gi8,10,12,0.9889301061630249
mn4s0gi8,10,13,0.997406542301178
mn4s0gi8,10,14,0.9985443949699402
mn4s0gi8,10,15,0.9982081651687622
mn4s0gi8,10,16,0.9898306131362915
mn4s0gi8,10,17,0.9944555163383484
mn4s0gi8,10,18,0.9928693771362305
mn4s0gi8,10,19,0.9961155652999878
mn4s0gi8,10,20,0.9981811046600342
mn4s0gi8,10,21,0.9951377511024475
mn4s0gi8,10,22,0.9949041604995728
mn4s0gi8,10,23,0.9931005835533142
mn4s0gi8,10,24,0.9942891001701355
mn4s0gi8,10,25,0.9978989362716675
mn4s0gi8,10,26,0.9947735667228699
mn4s0gi8,10,27,0.9913460612297058
mn4s0gi8,11,1,0.9855665564537048
mn4s0gi8,11,2,0.99160236120224
mn4s0gi8,11,3,0.9937915802001953
mn4s0gi8,11,4,0.9973788857460022
mn4s0gi8,11,5,0.9983530044555664
mn4s0gi8,11,6,0.9973850846290588
mn4s0gi8,11,7,0.996688961982727
mn4s0gi8,11,8,0.9945039749145508
mn4s0gi8,11,9,0.9939039945602417
mn4s0gi8,11,10,0.9949764609336853
mn4s0gi8,11,11,0.9999999403953552
mn4s0gi8,11,12,0.9951610565185547
mn4s0gi8,11,13,0.9961876273155212
mn4s0gi8,11,14,0.9945822954177856
mn4s0gi8,11,15,0.9935547709465027
mn4s0gi8,11,16,0.9878434538841248
mn4s0gi8,11,17,0.9974523782730103
mn4s0gi8,11,18,0.9966342449188232
mn4s0gi8,11,19,0.993185818195343
mn4s0gi8,11,20,0.9919131994247437
mn4s0gi8,11,21,0.9988560080528259
mn4s0gi8,11,22,0.9914572834968567
mn4s0gi8,11,23,0.9949347376823425
mn4s0gi8,11,24,0.9916088581085205
mn4s0gi8,11,25,0.9926235675811768
mn4s0gi8,11,26,0.9972049593925476
mn4s0gi8,11,27,0.978667140007019
mn4s0gi8,12,1,0.9745684862136841
mn4s0gi8,12,2,0.9857680797576904
mn4s0gi8,12,3,0.9899007081985474
mn4s0gi8,12,4,0.9923397302627563
mn4s0gi8,12,5,0.9935293197631836
mn4s0gi8,12,6,0.9898267984390259
mn4s0gi8,12,7,0.9917727708816528
mn4s0gi8,12,8,0.9898948669433594
mn4s0gi8,12,9,0.9872416853904724
mn4s0gi8,12,10,0.9889301061630249
mn4s0gi8,12,11,0.9951610565185547
mn4s0gi8,12,12,1.0000001192092896
mn4s0gi8,12,13,0.9946473836898804
mn4s0gi8,12,14,0.9887065887451172
mn4s0gi8,12,15,0.9864284992218018
mn4s0gi8,12,16,0.9856181144714355
mn4s0gi8,12,17,0.9960163235664368
mn4s0gi8,12,18,0.9971545934677124
mn4s0gi8,12,19,0.9940294027328491
mn4s0gi8,12,20,0.9885550737380981
mn4s0gi8,12,21,0.9938644170761108
mn4s0gi8,12,22,0.9842334389686584
mn4s0gi8,12,23,0.9896703362464905
mn4s0gi8,12,24,0.9913224577903748
mn4s0gi8,12,25,0.9901267886161804
mn4s0gi8,12,26,0.9943419098854065
mn4s0gi8,12,27,0.9716178178787231
mn4s0gi8,13,1,0.9828286170959473
mn4s0gi8,13,2,0.9921425580978394
mn4s0gi8,13,3,0.9957219362258911
mn4s0gi8,13,4,0.9971463084220886
mn4s0gi8,13,5,0.9949575662612915
mn4s0gi8,13,6,0.9922398924827576
mn4s0gi8,13,7,0.9901775121688843
mn4s0gi8,13,8,0.9944239854812622
mn4s0gi8,13,9,0.9945830702781677
mn4s0gi8,13,10,0.997406542301178
mn4s0gi8,13,11,0.9961876273155212
mn4s0gi8,13,12,0.9946473836898804
mn4s0gi8,13,13,0.9999997615814209
mn4s0gi8,13,14,0.9981434345245361
mn4s0gi8,13,15,0.9968037009239197
mn4s0gi8,13,16,0.9853938817977905
mn4s0gi8,13,17,0.9968155026435852
mn4s0gi8,13,18,0.9974888563156128
mn4s0gi8,13,19,0.995185136795044
mn4s0gi8,13,20,0.994706928730011
mn4s0gi8,13,21,0.9968554973602295
mn4s0gi8,13,22,0.9911946058273315
mn4s0gi8,13,23,0.9919476509094238
mn4s0gi8,13,24,0.9917510747909546
mn4s0gi8,13,25,0.9958625435829163
mn4s0gi8,13,26,0.9946349859237671
mn4s0gi8,13,27,0.9868055582046509
mn4s0gi8,14,1,0.9812912940979004
mn4s0gi8,14,2,0.9884575009346008
mn4s0gi8,14,3,0.9946584701538086
mn4s0gi8,14,4,0.9959484934806824
mn4s0gi8,14,5,0.992961049079895
mn4s0gi8,14,6,0.9905274510383606
mn4s0gi8,14,7,0.9868666529655457
mn4s0gi8,14,8,0.9928683042526245
mn4s0gi8,14,9,0.9962573051452637
mn4s0gi8,14,10,0.9985443949699402
mn4s0gi8,14,11,0.9945822954177856
mn4s0gi8,14,12,0.9887065887451172
mn4s0gi8,14,13,0.9981434345245361
mn4s0gi8,14,14,0.9999999403953552
mn4s0gi8,14,15,0.9974818229675293
mn4s0gi8,14,16,0.9819817543029785
mn4s0gi8,14,17,0.9945731163024902
mn4s0gi8,14,18,0.9950975775718689
mn4s0gi8,14,19,0.9927805066108704
mn4s0gi8,14,20,0.9946667551994324
mn4s0gi8,14,21,0.9956859350204468
mn4s0gi8,14,22,0.9899371862411499
mn4s0gi8,14,23,0.9893844723701477
mn4s0gi8,14,24,0.990239679813385
mn4s0gi8,14,25,0.9948962330818176
mn4s0gi8,14,26,0.9919455051422119
mn4s0gi8,14,27,0.987188994884491
mn4s0gi8,15,1,0.9884846210479736
mn4s0gi8,15,2,0.9924646019935608
mn4s0gi8,15,3,0.9963182806968689
mn4s0gi8,15,4,0.9968501329421997
mn4s0gi8,15,5,0.9927356243133545
mn4s0gi8,15,6,0.991314172744751
mn4s0gi8,15,7,0.9885229468345642
mn4s0gi8,15,8,0.9955092668533325
mn4s0gi8,15,9,0.9970369338989258
mn4s0gi8,15,10,0.9982081651687622
mn4s0gi8,15,11,0.9935547709465027
mn4s0gi8,15,12,0.9864284992218018
mn4s0gi8,15,13,0.9968037009239197
mn4s0gi8,15,14,0.9974818229675293
mn4s0gi8,15,15,1.0
mn4s0gi8,15,16,0.9865521192550659
mn4s0gi8,15,17,0.9914343357086182
mn4s0gi8,15,18,0.9904509782791138
mn4s0gi8,15,19,0.9920073747634888
mn4s0gi8,15,20,0.9957070350646973
mn4s0gi8,15,21,0.9944663047790527
mn4s0gi8,15,22,0.9940866827964783
mn4s0gi8,15,23,0.9909284114837646
mn4s0gi8,15,24,0.9897541999816895
mn4s0gi8,15,25,0.9957765936851501
mn4s0gi8,15,26,0.9931052923202515
mn4s0gi8,15,27,0.9930700659751892
mn4s0gi8,16,1,0.9890894889831543
mn4s0gi8,16,2,0.9891514182090759
mn4s0gi8,16,3,0.9948403835296631
mn4s0gi8,16,4,0.9895396828651428
mn4s0gi8,16,5,0.9919354915618896
mn4s0gi8,16,6,0.990200936794281
mn4s0gi8,16,7,0.9939125776290894
mn4s0gi8,16,8,0.9964256286621094
mn4s0gi8,16,9,0.9910247921943665
mn4s0gi8,16,10,0.9898306131362915
mn4s0gi8,16,11,0.9878434538841248
mn4s0gi8,16,12,0.9856181144714355
mn4s0gi8,16,13,0.9853938817977905
mn4s0gi8,16,14,0.9819817543029785
mn4s0gi8,16,15,0.9865521192550659
mn4s0gi8,16,16,0.9999996423721313
mn4s0gi8,16,17,0.9865871071815491
mn4s0gi8,16,18,0.9805876612663269
mn4s0gi8,16,19,0.9946291446685791
mn4s0gi8,16,20,0.993975043296814
mn4s0gi8,16,21,0.9849497675895691
mn4s0gi8,16,22,0.9948618412017822
mn4s0gi8,16,23,0.9935638904571533
mn4s0gi8,16,24,0.9947875142097473
mn4s0gi8,16,25,0.9936994314193726
mn4s0gi8,16,26,0.9939073324203491
mn4s0gi8,16,27,0.9839490056037903
mn4s0gi8,17,1,0.9804924726486206
mn4s0gi8,17,2,0.991225004196167
mn4s0gi8,17,3,0.9925646781921387
mn4s0gi8,17,4,0.9937660098075867
mn4s0gi8,17,5,0.9964268207550049
mn4s0gi8,17,6,0.9942724704742432
mn4s0gi8,17,7,0.9936674237251282
mn4s0gi8,17,8,0.9930658340454102
mn4s0gi8,17,9,0.990619421005249
mn4s0gi8,17,10,0.9944555163383484
mn4s0gi8,17,11,0.9974523782730103
mn4s0gi8,17,12,0.9960163235664368
mn4s0gi8,17,13,0.9968155026435852
mn4s0gi8,17,14,0.9945731163024902
mn4s0gi8,17,15,0.9914343357086182
mn4s0gi8,17,16,0.9865871071815491
mn4s0gi8,17,17,0.9999998211860657
mn4s0gi8,17,18,0.9983736872673035
mn4s0gi8,17,19,0.9951520562171936
mn4s0gi8,17,20,0.9917150139808655
mn4s0gi8,17,21,0.9983160495758057
mn4s0gi8,17,22,0.9914158582687378
mn4s0gi8,17,23,0.9957108497619629
mn4s0gi8,17,24,0.9928960800170898
mn4s0gi8,17,25,0.9934477210044861
mn4s0gi8,17,26,0.9969087243080139
mn4s0gi8,17,27,0.979105532169342
mn4s0gi8,18,1,0.9742679595947266
mn4s0gi8,18,2,0.9863417744636536
mn4s0gi8,18,3,0.9901891946792603
mn4s0gi8,18,4,0.9935145974159241
mn4s0gi8,18,5,0.9938321113586426
mn4s0gi8,18,6,0.9905796051025391
mn4s0gi8,18,7,0.9894624948501587
mn4s0gi8,18,8,0.9894701838493347
mn4s0gi8,18,9,0.9896522164344788
mn4s0gi8,18,10,0.9928693771362305
mn4s0gi8,18,11,0.9966342449188232
mn4s0gi8,18,12,0.9971545934677124
mn4s0gi8,18,13,0.9974888563156128
mn4s0gi8,18,14,0.9950975775718689
mn4s0gi8,18,15,0.9904509782791138
mn4s0gi8,18,16,0.9805876612663269
mn4s0gi8,18,17,0.9983736872673035
mn4s0gi8,18,18,1.0000001192092896
mn4s0gi8,18,19,0.9930547475814819
mn4s0gi8,18,20,0.9896054267883301
mn4s0gi8,18,21,0.9970053434371948
mn4s0gi8,18,22,0.9852135181427002
mn4s0gi8,18,23,0.9900972247123718
mn4s0gi8,18,24,0.9902893900871277
mn4s0gi8,18,25,0.9912833571434021
mn4s0gi8,18,26,0.9937048554420471
mn4s0gi8,18,27,0.9748284220695496
mn4s0gi8,19,1,0.9815129637718201
mn4s0gi8,19,2,0.9889644980430603
mn4s0gi8,19,3,0.9971632361412048
mn4s0gi8,19,4,0.9937379360198975
mn4s0gi8,19,5,0.9944093227386475
mn4s0gi8,19,6,0.9903629422187805
mn4s0gi8,19,7,0.991992712020874
mn4s0gi8,19,8,0.9969733357429504
mn4s0gi8,19,9,0.9948917627334595
mn4s0gi8,19,10,0.9961155652999878
mn4s0gi8,19,11,0.993185818195343
mn4s0gi8,19,12,0.9940294027328491
mn4s0gi8,19,13,0.995185136795044
mn4s0gi8,19,14,0.9927805066108704
mn4s0gi8,19,15,0.9920073747634888
mn4s0gi8,19,16,0.9946291446685791
mn4s0gi8,19,17,0.9951520562171936
mn4s0gi8,19,18,0.9930547475814819
mn4s0gi8,19,19,0.9999998807907104
mn4s0gi8,19,20,0.9981690049171448
mn4s0gi8,19,21,0.9922950863838196
mn4s0gi8,19,22,0.9933193325996399
mn4s0gi8,19,23,0.9936593770980835
mn4s0gi8,19,24,0.9988703727722168
mn4s0gi8,19,25,0.9983626008033752
mn4s0gi8,19,26,0.9966291189193726
mn4s0gi8,19,27,0.9862738251686096
mn4s0gi8,20,1,0.9848564863204956
mn4s0gi8,20,2,0.989003598690033
mn4s0gi8,20,3,0.9983410835266113
mn4s0gi8,20,4,0.9948133826255798
mn4s0gi8,20,5,0.992904543876648
mn4s0gi8,20,6,0.9895462989807129
mn4s0gi8,20,7,0.9897860884666443
mn4s0gi8,20,8,0.9978580474853516
mn4s0gi8,20,9,0.9980369806289673
mn4s0gi8,20,10,0.9981811046600342
mn4s0gi8,20,11,0.9919131994247437
mn4s0gi8,20,12,0.9885550737380981
mn4s0gi8,20,13,0.994706928730011
mn4s0gi8,20,14,0.9946667551994324
mn4s0gi8,20,15,0.9957070350646973
mn4s0gi8,20,16,0.993975043296814
mn4s0gi8,20,17,0.9917150139808655
mn4s0gi8,20,18,0.9896054267883301
mn4s0gi8,20,19,0.9981690049171448
mn4s0gi8,20,20,1.0000001192092896
mn4s0gi8,20,21,0.9910293221473694
mn4s0gi8,20,22,0.9948458075523376
mn4s0gi8,20,23,0.9921610355377197
mn4s0gi8,20,24,0.9976254105567932
mn4s0gi8,20,25,0.9994043707847595
mn4s0gi8,20,26,0.9951251745223999
mn4s0gi8,20,27,0.9919294714927673
mn4s0gi8,21,1,0.9840639233589172
mn4s0gi8,21,2,0.9924325346946716
mn4s0gi8,21,3,0.9924942851066589
mn4s0gi8,21,4,0.995937168598175
mn4s0gi8,21,5,0.9969059228897095
mn4s0gi8,21,6,0.996008038520813
mn4s0gi8,21,7,0.9943015575408936
mn4s0gi8,21,8,0.9932117462158203
mn4s0gi8,21,9,0.9922858476638794
mn4s0gi8,21,10,0.9951377511024475
mn4s0gi8,21,11,0.9988560080528259
mn4s0gi8,21,12,0.9938644170761108
mn4s0gi8,21,13,0.9968554973602295
mn4s0gi8,21,14,0.9956859350204468
mn4s0gi8,21,15,0.9944663047790527
mn4s0gi8,21,16,0.9849497675895691
mn4s0gi8,21,17,0.9983160495758057
mn4s0gi8,21,18,0.9970053434371948
mn4s0gi8,21,19,0.9922950863838196
mn4s0gi8,21,20,0.9910293221473694
mn4s0gi8,21,21,0.9999999403953552
mn4s0gi8,21,22,0.9917507171630859
mn4s0gi8,21,23,0.9949097037315369
mn4s0gi8,21,24,0.9900163412094116
mn4s0gi8,21,25,0.9920353889465332
mn4s0gi8,21,26,0.9968462586402893
mn4s0gi8,21,27,0.9811243414878845
mn4s0gi8,22,1,0.9932969212532043
mn4s0gi8,22,2,0.9963788986206055
mn4s0gi8,22,3,0.9957481622695923
mn4s0gi8,22,4,0.9922894239425659
mn4s0gi8,22,5,0.9938134551048279
mn4s0gi8,22,6,0.9938858151435852
mn4s0gi8,22,7,0.9935936331748962
mn4s0gi8,22,8,0.9974782466888428
mn4s0gi8,22,9,0.9925761222839355
mn4s0gi8,22,10,0.9949041604995728
mn4s0gi8,22,11,0.9914572834968567
mn4s0gi8,22,12,0.9842334389686584
mn4s0gi8,22,13,0.9911946058273315
mn4s0gi8,22,14,0.9899371862411499
mn4s0gi8,22,15,0.9940866827964783
mn4s0gi8,22,16,0.9948618412017822
mn4s0gi8,22,17,0.9914158582687378
mn4s0gi8,22,18,0.9852135181427002
mn4s0gi8,22,19,0.9933193325996399
mn4s0gi8,22,20,0.9948458075523376
mn4s0gi8,22,21,0.9917507171630859
mn4s0gi8,22,22,1.0
mn4s0gi8,22,23,0.9979314804077148
mn4s0gi8,22,24,0.9921578168869019
mn4s0gi8,22,25,0.9957242608070374
mn4s0gi8,22,26,0.995732843875885
mn4s0gi8,22,27,0.9918962717056274
mn4s0gi8,23,1,0.9905559420585632
mn4s0gi8,23,2,0.9960184097290039
mn4s0gi8,23,3,0.9935967922210693
mn4s0gi8,23,4,0.9922744631767273
mn4s0gi8,23,5,0.9962054491043091
mn4s0gi8,23,6,0.9966170191764832
mn4s0gi8,23,7,0.996909499168396
mn4s0gi8,23,8,0.9957894086837769
mn4s0gi8,23,9,0.9900569915771484
mn4s0gi8,23,10,0.9931005835533142
mn4s0gi8,23,11,0.9949347376823425
mn4s0gi8,23,12,0.9896703362464905
mn4s0gi8,23,13,0.9919476509094238
mn4s0gi8,23,14,0.9893844723701477
mn4s0gi8,23,15,0.9909284114837646
mn4s0gi8,23,16,0.9935638904571533
mn4s0gi8,23,17,0.9957108497619629
mn4s0gi8,23,18,0.9900972247123718
mn4s0gi8,23,19,0.9936593770980835
mn4s0gi8,23,20,0.9921610355377197
mn4s0gi8,23,21,0.9949097037315369
mn4s0gi8,23,22,0.9979314804077148
mn4s0gi8,23,23,1.0
mn4s0gi8,23,24,0.9923207759857178
mn4s0gi8,23,25,0.9938532114028931
mn4s0gi8,23,26,0.9977821111679077
mn4s0gi8,23,27,0.9839611649513245
mn4s0gi8,24,1,0.9790369868278503
mn4s0gi8,24,2,0.9850795269012451
mn4s0gi8,24,3,0.9951573610305786
mn4s0gi8,24,4,0.9912171363830566
mn4s0gi8,24,5,0.9922043681144714
mn4s0gi8,24,6,0.9877540469169617
mn4s0gi8,24,7,0.9904972910881042
mn4s0gi8,24,8,0.9956257343292236
mn4s0gi8,24,9,0.994366466999054
mn4s0gi8,24,10,0.9942891001701355
mn4s0gi8,24,11,0.9916088581085205
mn4s0gi8,24,12,0.9913224577903748
mn4s0gi8,24,13,0.9917510747909546
mn4s0gi8,24,14,0.990239679813385
mn4s0gi8,24,15,0.9897541999816895
mn4s0gi8,24,16,0.9947875142097473
mn4s0gi8,24,17,0.9928960800170898
mn4s0gi8,24,18,0.9902893900871277
mn4s0gi8,24,19,0.9988703727722168
mn4s0gi8,24,20,0.9976254105567932
mn4s0gi8,24,21,0.9900163412094116
mn4s0gi8,24,22,0.9921578168869019
mn4s0gi8,24,23,0.9923207759857178
mn4s0gi8,24,24,1.0000001192092896
mn4s0gi8,24,25,0.9977171421051025
mn4s0gi8,24,26,0.9961826801300049
mn4s0gi8,24,27,0.9840285778045654
mn4s0gi8,25,1,0.9852579832077026
mn4s0gi8,25,2,0.9908643364906311
mn4s0gi8,25,3,0.997952938079834
mn4s0gi8,25,4,0.9946414232254028
mn4s0gi8,25,5,0.9930957555770874
mn4s0gi8,25,6,0.989993691444397
mn4s0gi8,25,7,0.9902083873748779
mn4s0gi8,25,8,0.9975147247314453
mn4s0gi8,25,9,0.9969001412391663
mn4s0gi8,25,10,0.9978989362716675
mn4s0gi8,25,11,0.9926235675811768
mn4s0gi8,25,12,0.9901267886161804
mn4s0gi8,25,13,0.9958625435829163
mn4s0gi8,25,14,0.9948962330818176
mn4s0gi8,25,15,0.9957765936851501
mn4s0gi8,25,16,0.9936994314193726
mn4s0gi8,25,17,0.9934477210044861
mn4s0gi8,25,18,0.9912833571434021
mn4s0gi8,25,19,0.9983626008033752
mn4s0gi8,25,20,0.9994043707847595
mn4s0gi8,25,21,0.9920353889465332
mn4s0gi8,25,22,0.9957242608070374
mn4s0gi8,25,23,0.9938532114028931
mn4s0gi8,25,24,0.9977171421051025
mn4s0gi8,25,25,1.000000238418579
mn4s0gi8,25,26,0.9960231184959412
mn4s0gi8,25,27,0.9918407797813416
mn4s0gi8,26,1,0.9866374135017395
mn4s0gi8,26,2,0.9929478764533997
mn4s0gi8,26,3,0.9948941469192505
mn4s0gi8,26,4,0.9948325157165527
mn4s0gi8,26,5,0.9966138005256653
mn4s0gi8,26,6,0.9951761960983276
mn4s0gi8,26,7,0.9965183734893799
mn4s0gi8,26,8,0.9965808987617493
mn4s0gi8,26,9,0.9934167861938477
mn4s0gi8,26,10,0.9947735667228699
mn4s0gi8,26,11,0.9972049593925476
mn4s0gi8,26,12,0.9943419098854065
mn4s0gi8,26,13,0.9946349859237671
mn4s0gi8,26,14,0.9919455051422119
mn4s0gi8,26,15,0.9931052923202515
mn4s0gi8,26,16,0.9939073324203491
mn4s0gi8,26,17,0.9969087243080139
mn4s0gi8,26,18,0.9937048554420471
mn4s0gi8,26,19,0.9966291189193726
mn4s0gi8,26,20,0.9951251745223999
mn4s0gi8,26,21,0.9968462586402893
mn4s0gi8,26,22,0.995732843875885
mn4s0gi8,26,23,0.9977821111679077
mn4s0gi8,26,24,0.9961826801300049
mn4s0gi8,26,25,0.9960231184959412
mn4s0gi8,26,26,1.0
mn4s0gi8,26,27,0.9844434857368469
mn4s0gi8,27,1,0.9855499267578125
mn4s0gi8,27,2,0.9891101121902466
mn4s0gi8,27,3,0.9913533926010132
mn4s0gi8,27,4,0.9864023923873901
mn4s0gi8,27,5,0.9814372062683105
mn4s0gi8,27,6,0.9795737862586975
mn4s0gi8,27,7,0.9769266247749329
mn4s0gi8,27,8,0.9906210899353027
mn4s0gi8,27,9,0.9888720512390137
mn4s0gi8,27,10,0.9913460612297058
mn4s0gi8,27,11,0.978667140007019
mn4s0gi8,27,12,0.9716178178787231
mn4s0gi8,27,13,0.9868055582046509
mn4s0gi8,27,14,0.987188994884491
mn4s0gi8,27,15,0.9930700659751892
mn4s0gi8,27,16,0.9839490056037903
mn4s0gi8,27,17,0.979105532169342
mn4s0gi8,27,18,0.9748284220695496
mn4s0gi8,27,19,0.9862738251686096
mn4s0gi8,27,20,0.9919294714927673
mn4s0gi8,27,21,0.9811243414878845
mn4s0gi8,27,22,0.9918962717056274
mn4s0gi8,27,23,0.9839611649513245
mn4s0gi8,27,24,0.9840285778045654
mn4s0gi8,27,25,0.9918407797813416
mn4s0gi8,27,26,0.9844434857368469
mn4s0gi8,27,27,1.0000001192092896
mrjjsc78,1,1,1.0000001192092896
mrjjsc78,1,2,0.9541433453559875
mrjjsc78,2,1,0.9541433453559875
mrjjsc78,2,2,1.0
ms668l3a,1,1,1.0
ms668l3a,1,2,0.9954047799110413
ms668l3a,2,1,0.9954047799110413
ms668l3a,2,2,1.0
msxdknb7,1,1,1.0
msxdknb7,1,2,0.9705858826637268
msxdknb7,1,3,0.9856768250465393
msxdknb7,2,1,0.9705858826637268
msxdknb7,2,2,0.9999999403953552
msxdknb7,2,3,0.9560723304748535
msxdknb7,3,1,0.9856768250465393
msxdknb7,3,2,0.9560723304748535
msxdknb7,3,3,0.9999999403953552
n0d05tlz,1,1,0.9999998807907104
n0d05tlz,1,2,0.9891279339790344
n0d05tlz,2,1,0.9891279339790344
n0d05tlz,2,2,1.0
n812b02c,1,1,0.9999999403953552
n812b02c,1,2,0.9872990846633911
n812b02c,1,3,0.9920857548713684
n812b02c,2,1,0.9872990846633911
n812b02c,2,2,1.0
n812b02c,2,3,0.9919253587722778
n812b02c,3,1,0.9920857548713684
n812b02c,3,2,0.9919253587722778
n812b02c,3,3,0.9999999403953552
nsorw968,1,1,1.0
nsorw968,1,2,0.9912896752357483
nsorw968,1,3,0.9978325366973877
nsorw968,2,1,0.9912896752357483
nsorw968,2,2,0.9999998807907104
nsorw968,2,3,0.9963886141777039
nsorw968,3,1,0.9978325366973877
nsorw968,3,2,0.9963886141777039
nsorw968,3,3,1.0
nt2i7fen,1,1,1.0
nt2i7fen,1,2,0.9946973919868469
nt2i7fen,1,3,0.998802661895752
nt2i7fen,2,1,0.9946973919868469
nt2i7fen,2,2,1.0
nt2i7fen,2,3,0.9951802492141724
nt2i7fen,3,1,0.998802661895752
nt2i7fen,3,2,0.9951802492141724
nt2i7fen,3,3,0.9999999403953552
o24kh44u,1,1,0.9999998211860657
o24kh44u,1,2,0.9855258464813232
o24kh44u,1,3,0.991073489189148
o24kh44u,2,1,0.9855258464813232
o24kh44u,2,2,1.0
o24kh44u,2,3,0.9967169761657715
o24kh44u,3,1,0.991073489189148
o24kh44u,3,2,0.9967169761657715
o24kh44u,3,3,1.0000001192092896
odfbfy6l,1,1,0.9999999403953552
odfbfy6l,1,2,0.9118016958236694
odfbfy6l,2,1,0.9118016958236694
odfbfy6l,2,2,1.0
oiupcf30,1,1,1.0000001192092896
oiupcf30,1,2,0.9864802956581116
oiupcf30,1,3,0.9915218949317932
oiupcf30,1,4,0.9806655645370483
oiupcf30,1,5,0.9757835268974304
oiupcf30,2,1,0.9864802956581116
oiupcf30,2,2,0.9999998807907104
oiupcf30,2,3,0.9789445400238037
oiupcf30,2,4,0.9913618564605713
oiupcf30,2,5,0.9825398921966553
oiupcf30,3,1,0.9915218949317932
oiupcf30,3,2,0.9789445400238037
oiupcf30,3,3,1.0
oiupcf30,3,4,0.9755727648735046
oiupcf30,3,5,0.9625140428543091
oiupcf30,4,1,0.9806655645370483
oiupcf30,4,2,0.9913618564605713
oiupcf30,4,3,0.9755727648735046
oiupcf30,4,4,1.0
oiupcf30,4,5,0.9911074638366699
oiupcf30,5,1,0.9757835268974304
oiupcf30,5,2,0.9825398921966553
oiupcf30,5,3,0.9625140428543091
oiupcf30,5,4,0.9911074638366699
oiupcf30,5,5,0.9999999403953552
ojz47jkz,1,1,0.9999998807907104
ojz47jkz,1,2,0.9981150031089783
ojz47jkz,1,3,0.9971640706062317
ojz47jkz,2,1,0.9981150031089783
ojz47jkz,2,2,1.0000001192092896
ojz47jkz,2,3,0.9994038343429565
ojz47jkz,3,1,0.9971640706062317
ojz47jkz,3,2,0.9994038343429565
ojz47jkz,3,3,1.0
okk1awq1,1,1,1.0
okk1awq1,1,2,0.9872885942459106
okk1awq1,2,1,0.9872885942459106
okk1awq1,2,2,1.0000001192092896
os8i6e0w,1,1,1.0
os8i6e0w,1,2,0.9911677241325378
os8i6e0w,2,1,0.9911677241325378
os8i6e0w,2,2,0.9999999403953552
ox1p16xi,1,1,1.0000001192092896
ox1p16xi,1,2,0.9962278604507446
ox1p16xi,2,1,0.9962278604507446
ox1p16xi,2,2,0.9999999403953552
ozz7zjrv,1,1,0.9999999403953552
ozz7zjrv,1,2,0.9880955815315247
ozz7zjrv,2,1,0.9880955815315247
ozz7zjrv,2,2,0.9999998807907104
pdkgzcnq,1,1,1.0
pdkgzcnq,1,2,0.9908387660980225
pdkgzcnq,2,1,0.9908387660980225
pdkgzcnq,2,2,1.0
pq6uabeq,1,1,0.9999999403953552
pq6uabeq,1,2,0.9877231121063232
pq6uabeq,2,1,0.9877231121063232
pq6uabeq,2,2,1.0
qhykjzwc,1,1,1.0
qhykjzwc,1,2,0.9921835660934448
qhykjzwc,2,1,0.9921835660934448
qhykjzwc,2,2,1.0
qittyp0l,1,1,1.0
qittyp0l,1,2,0.9939327836036682
qittyp0l,2,1,0.9939327836036682
qittyp0l,2,2,0.9999998807907104
qjrm0hmj,1,1,1.0
qjrm0hmj,1,2,0.9914002418518066
qjrm0hmj,2,1,0.9914002418518066
qjrm0hmj,2,2,1.0
ql6bf189,1,1,1.0000001192092896
ql6bf189,1,2,0.9913155436515808
ql6bf189,2,1,0.9913155436515808
ql6bf189,2,2,1.0000001192092896
qt1bf7hj,1,1,0.9999999403953552
qt1bf7hj,1,2,0.9901152849197388
qt1bf7hj,2,1,0.9901152849197388
qt1bf7hj,2,2,1.0
qx7ncfer,1,1,1.0
qx7ncfer,1,2,0.9989498853683472
qx7ncfer,2,1,0.9989498853683472
qx7ncfer,2,2,0.9999999403953552
qzerhngx,1,1,1.0
qzerhngx,1,2,0.9948009252548218
qzerhngx,1,3,0.9856867790222168
qzerhngx,2,1,0.9948009252548218
qzerhngx,2,2,0.9999999403953552
qzerhngx,2,3,0.995595395565033
qzerhngx,3,1,0.9856867790222168
qzerhngx,3,2,0.995595395565033
qzerhngx,3,3,1.0
r13s2zog,1,1,1.0
r13s2zog,1,2,0.9911221265792847
r13s2zog,2,1,0.9911221265792847
r13s2zog,2,2,1.0000001192092896
r2fmxg6h,1,1,1.0
r2fmxg6h,1,2,0.9787865281105042
r2fmxg6h,2,1,0.9787865281105042
r2fmxg6h,2,2,1.0
rajycrxk,1,1,0.9999999403953552
rajycrxk,1,2,0.9972883462905884
rajycrxk,2,1,0.9972883462905884
rajycrxk,2,2,1.0
rt7xp2yh,1,1,0.9999999403953552
rt7xp2yh,1,2,0.993646502494812
rt7xp2yh,2,1,0.993646502494812
rt7xp2yh,2,2,0.9999999403953552
ru0qwa84,1,1,1.0
ru0qwa84,1,2,0.9980720281600952
ru0qwa84,2,1,0.9980720281600952
ru0qwa84,2,2,0.9999999403953552
s8ib1gqo,1,1,1.0
s8ib1gqo,1,2,0.9964333772659302
s8ib1gqo,2,1,0.9964333772659302
s8ib1gqo,2,2,1.0000001192092896
sfns53bj,1,1,1.0
sfns53bj,1,2,0.9974762797355652
sfns53bj,2,1,0.9974762797355652
sfns53bj,2,2,1.0
sh7sl5xi,1,1,0.9999998807907104
sh7sl5xi,1,2,0.9596788883209229
sh7sl5xi,1,3,0.9776228666305542
sh7sl5xi,2,1,0.9596788883209229
sh7sl5xi,2,2,1.0
sh7sl5xi,2,3,0.9890960454940796
sh7sl5xi,3,1,0.9776228666305542
sh7sl5xi,3,2,0.9890960454940796
sh7sl5xi,3,3,1.0000001192092896
sijkcttf,1,1,1.0
sijkcttf,1,2,0.9968774914741516
sijkcttf,2,1,0.9968774914741516
sijkcttf,2,2,0.9999999403953552
sjl7jcdm,1,1,0.9999999403953552
sjl7jcdm,1,2,0.9923006296157837
sjl7jcdm,1,3,0.9930782914161682
sjl7jcdm,2,1,0.9923006296157837
sjl7jcdm,2,2,1.0000001192092896
sjl7jcdm,2,3,0.9975357055664062
sjl7jcdm,3,1,0.9930782914161682
sjl7jcdm,3,2,0.9975357055664062
sjl7jcdm,3,3,0.9999998807907104
skjvwkeu,1,1,1.0
skjvwkeu,1,2,0.9949906468391418
skjvwkeu,1,3,0.9935137629508972
skjvwkeu,1,4,0.9864979386329651
skjvwkeu,1,5,0.9841312170028687
skjvwkeu,1,6,0.9594370126724243
skjvwkeu,1,7,0.9870179295539856
skjvwkeu,1,8,0.9787889122962952
skjvwkeu,1,9,0.9816644787788391
skjvwkeu,1,10,0.9830693602561951
skjvwkeu,1,11,0.9838978052139282
skjvwkeu,1,12,0.9816643595695496
skjvwkeu,1,13,0.9872638583183289
skjvwkeu,1,14,0.9915887713432312
skjvwkeu,1,15,0.9948939681053162
skjvwkeu,2,1,0.9949906468391418
skjvwkeu,2,2,0.9999999403953552
skjvwkeu,2,3,0.9983676671981812
skjvwkeu,2,4,0.996204674243927
skjvwkeu,2,5,0.9937557578086853
skjvwkeu,2,6,0.9637084603309631
skjvwkeu,2,7,0.991383969783783
skjvwkeu,2,8,0.9810867309570312
skjvwkeu,2,9,0.9867560863494873
skjvwkeu,2,10,0.9862465858459473
skjvwkeu,2,11,0.9895037412643433
skjvwkeu,2,12,0.9849574565887451
skjvwkeu,2,13,0.9918544292449951
skjvwkeu,2,14,0.9960312843322754
skjvwkeu,2,15,0.994644045829773
skjvwkeu,3,1,0.9935137629508972
skjvwkeu,3,2,0.9983676671981812
skjvwkeu,3,3,1.0
skjvwkeu,3,4,0.9969960451126099
skjvwkeu,3,5,0.9946141242980957
skjvwkeu,3,6,0.9654309749603271
skjvwkeu,3,7,0.9916459321975708
skjvwkeu,3,8,0.9832086563110352
skjvwkeu,3,9,0.9883406162261963
skjvwkeu,3,10,0.9882124662399292
skjvwkeu,3,11,0.9912436008453369
skjvwkeu,3,12,0.9869487881660461
skjvwkeu,3,13,0.9912962913513184
skjvwkeu,3,14,0.9943982362747192
skjvwkeu,3,15,0.9911149740219116
skjvwkeu,4,1,0.9864979386329651
skjvwkeu,4,2,0.996204674243927
skjvwkeu,4,3,0.9969960451126099
skjvwkeu,4,4,1.000000238418579
skjvwkeu,4,5,0.9987902641296387
skjvwkeu,4,6,0.9746112823486328
skjvwkeu,4,7,0.9917623400688171
skjvwkeu,4,8,0.9851248264312744
skjvwkeu,4,9,0.990051805973053
skjvwkeu,4,10,0.9890560507774353
skjvwkeu,4,11,0.9921966791152954
skjvwkeu,4,12,0.9866337776184082
skjvwkeu,4,13,0.9922676682472229
skjvwkeu,4,14,0.9946774244308472
skjvwkeu,4,15,0.9899229407310486
skjvwkeu,5,1,0.9841312170028687
skjvwkeu,5,2,0.9937557578086853
skjvwkeu,5,3,0.9946141242980957
skjvwkeu,5,4,0.9987902641296387
skjvwkeu,5,5,1.0
skjvwkeu,5,6,0.9810963273048401
skjvwkeu,5,7,0.9895818829536438
skjvwkeu,5,8,0.9846616983413696
skjvwkeu,5,9,0.9880304336547852
skjvwkeu,5,10,0.9869261980056763
skjvwkeu,5,11,0.989751398563385
skjvwkeu,5,12,0.9846796989440918
skjvwkeu,5,13,0.9889468550682068
skjvwkeu,5,14,0.9911612272262573
skjvwkeu,5,15,0.986811101436615
skjvwkeu,6,1,0.9594370126724243
skjvwkeu,6,2,0.9637084603309631
skjvwkeu,6,3,0.9654309749603271
skjvwkeu,6,4,0.9746112823486328
skjvwkeu,6,5,0.9810963273048401
skjvwkeu,6,6,1.000000238418579
skjvwkeu,6,7,0.9718610048294067
skjvwkeu,6,8,0.9849062561988831
skjvwkeu,6,9,0.979776918888092
skjvwkeu,6,10,0.9800819754600525
skjvwkeu,6,11,0.9776073098182678
skjvwkeu,6,12,0.9767194986343384
skjvwkeu,6,13,0.9741736650466919
skjvwkeu,6,14,0.9694380164146423
skjvwkeu,6,15,0.9665374755859375
skjvwkeu,7,1,0.9870179295539856
skjvwkeu,7,2,0.991383969783783
skjvwkeu,7,3,0.9916459321975708
skjvwkeu,7,4,0.9917623400688171
skjvwkeu,7,5,0.9895818829536438
skjvwkeu,7,6,0.9718610048294067
skjvwkeu,7,7,1.0000001192092896
skjvwkeu,7,8,0.992470383644104
skjvwkeu,7,9,0.9947154521942139
skjvwkeu,7,10,0.9942346215248108
skjvwkeu,7,11,0.9928895235061646
skjvwkeu,7,12,0.9880825281143188
skjvwkeu,7,13,0.9939095377922058
skjvwkeu,7,14,0.993227481842041
skjvwkeu,7,15,0.9897775053977966
skjvwkeu,8,1,0.9787889122962952
skjvwkeu,8,2,0.9810867309570312
skjvwkeu,8,3,0.9832086563110352
skjvwkeu,8,4,0.9851248264312744
skjvwkeu,8,5,0.9846616983413696
skjvwkeu,8,6,0.9849062561988831
skjvwkeu,8,7,0.992470383644104
skjvwkeu,8,8,0.9999999403953552
skjvwkeu,8,9,0.998587965965271
skjvwkeu,8,10,0.998907744884491
skjvwkeu,8,11,0.9966014623641968
skjvwkeu,8,12,0.9961864948272705
skjvwkeu,8,13,0.9947160482406616
skjvwkeu,8,14,0.989374041557312
skjvwkeu,8,15,0.9847052693367004
skjvwkeu,9,1,0.9816644787788391
skjvwkeu,9,2,0.9867560863494873
skjvwkeu,9,3,0.9883406162261963
skjvwkeu,9,4,0.990051805973053
skjvwkeu,9,5,0.9880304336547852
skjvwkeu,9,6,0.979776918888092
skjvwkeu,9,7,0.9947154521942139
skjvwkeu,9,8,0.998587965965271
skjvwkeu,9,9,0.9999998211860657
skjvwkeu,9,10,0.9994101524353027
skjvwkeu,9,11,0.9991812109947205
skjvwkeu,9,12,0.9977126717567444
skjvwkeu,9,13,0.9975398778915405
skjvwkeu,9,14,0.99360191822052
skjvwkeu,9,15,0.9879406690597534
skjvwkeu,10,1,0.9830693602561951
skjvwkeu,10,2,0.9862465858459473
skjvwkeu,10,3,0.9882124662399292
skjvwkeu,10,4,0.9890560507774353
skjvwkeu,10,5,0.9869261980056763
skjvwkeu,10,6,0.9800819754600525
skjvwkeu,10,7,0.9942346215248108
skjvwkeu,10,8,0.998907744884491
skjvwkeu,10,9,0.9994101524353027
skjvwkeu,10,10,1.0
skjvwkeu,10,11,0.9985398650169373
skjvwkeu,10,12,0.9971911311149597
skjvwkeu,10,13,0.9978264570236206
skjvwkeu,10,14,0.9937999248504639
skjvwkeu,10,15,0.9888140559196472
skjvwkeu,11,1,0.9838978052139282
skjvwkeu,11,2,0.9895037412643433
skjvwkeu,11,3,0.9912436008453369
skjvwkeu,11,4,0.9921966791152954
skjvwkeu,11,5,0.989751398563385
skjvwkeu,11,6,0.9776073098182678
skjvwkeu,11,7,0.9928895235061646
skjvwkeu,11,8,0.9966014623641968
skjvwkeu,11,9,0.9991812109947205
skjvwkeu,11,10,0.9985398650169373
skjvwkeu,11,11,1.000000238418579
skjvwkeu,11,12,0.9987995624542236
skjvwkeu,11,13,0.9978981614112854
skjvwkeu,11,14,0.9948539733886719
skjvwkeu,11,15,0.9889627695083618
skjvwkeu,12,1,0.9816643595695496
skjvwkeu,12,2,0.9849574565887451
skjvwkeu,12,3,0.9869487881660461
skjvwkeu,12,4,0.9866337776184082
skjvwkeu,12,5,0.9846796989440918
skjvwkeu,12,6,0.9767194986343384
skjvwkeu,12,7,0.9880825281143188
skjvwkeu,12,8,0.9961864948272705
skjvwkeu,12,9,0.9977126717567444
skjvwkeu,12,10,0.9971911311149597
skjvwkeu,12,11,0.9987995624542236
skjvwkeu,12,12,0.9999999403953552
skjvwkeu,12,13,0.9954906702041626
skjvwkeu,12,14,0.9912956357002258
skjvwkeu,12,15,0.9858309626579285
skjvwkeu,13,1,0.9872638583183289
skjvwkeu,13,2,0.9918544292449951
skjvwkeu,13,3,0.9912962913513184
skjvwkeu,13,4,0.9922676682472229
skjvwkeu,13,5,0.9889468550682068
skjvwkeu,13,6,0.9741736650466919
skjvwkeu,13,7,0.9939095377922058
skjvwkeu,13,8,0.9947160482406616
skjvwkeu,13,9,0.9975398778915405
skjvwkeu,13,10,0.9978264570236206
skjvwkeu,13,11,0.9978981614112854
skjvwkeu,13,12,0.9954906702041626
skjvwkeu,13,13,1.0
skjvwkeu,13,14,0.9985243082046509
skjvwkeu,13,15,0.9946902394294739
skjvwkeu,14,1,0.9915887713432312
skjvwkeu,14,2,0.9960312843322754
skjvwkeu,14,3,0.9943982362747192
skjvwkeu,14,4,0.9946774244308472
skjvwkeu,14,5,0.9911612272262573
skjvwkeu,14,6,0.9694380164146423
skjvwkeu,14,7,0.993227481842041
skjvwkeu,14,8,0.989374041557312
skjvwkeu,14,9,0.99360191822052
skjvwkeu,14,10,0.9937999248504639
skjvwkeu,14,11,0.9948539733886719
skjvwkeu,14,12,0.9912956357002258
skjvwkeu,14,13,0.9985243082046509
skjvwkeu,14,14,1.0000001192092896
skjvwkeu,14,15,0.9977971911430359
skjvwkeu,15,1,0.9948939681053162
skjvwkeu,15,2,0.994644045829773
skjvwkeu,15,3,0.9911149740219116
skjvwkeu,15,4,0.9899229407310486
skjvwkeu,15,5,0.986811101436615
skjvwkeu,15,6,0.9665374755859375
skjvwkeu,15,7,0.9897775053977966
skjvwkeu,15,8,0.9847052693367004
skjvwkeu,15,9,0.9879406690597534
skjvwkeu,15,10,0.9888140559196472
skjvwkeu,15,11,0.9889627695083618
skjvwkeu,15,12,0.9858309626579285
skjvwkeu,15,13,0.9946902394294739
skjvwkeu,15,14,0.9977971911430359
skjvwkeu,15,15,1.0
skxbqj5u,1,1,1.0000001192092896
skxbqj5u,1,2,0.9852600693702698
skxbqj5u,2,1,0.9852600693702698
skxbqj5u,2,2,1.0000001192092896
sla7u3u5,1,1,0.9999998211860657
sla7u3u5,1,2,0.9951594471931458
sla7u3u5,2,1,0.9951594471931458
sla7u3u5,2,2,1.0
smpz2v72,1,1,0.9999999403953552
smpz2v72,1,2,0.9972772002220154
smpz2v72,1,3,0.9752858877182007
smpz2v72,1,4,0.9906553626060486
smpz2v72,1,5,0.978452742099762
smpz2v72,2,1,0.9972772002220154
smpz2v72,2,2,1.0
smpz2v72,2,3,0.9734782576560974
smpz2v72,2,4,0.9913632869720459
smpz2v72,2,5,0.9764823913574219
smpz2v72,3,1,0.9752858877182007
smpz2v72,3,2,0.9734782576560974
smpz2v72,3,3,1.0000001192092896
smpz2v72,3,4,0.9721871018409729
smpz2v72,3,5,0.9815974235534668
smpz2v72,4,1,0.9906553626060486
smpz2v72,4,2,0.9913632869720459
smpz2v72,4,3,0.9721871018409729
smpz2v72,4,4,1.0
smpz2v72,4,5,0.9894006848335266
smpz2v72,5,1,0.978452742099762
smpz2v72,5,2,0.9764823913574219
smpz2v72,5,3,0.9815974235534668
smpz2v72,5,4,0.9894006848335266
smpz2v72,5,5,1.0
sr0xcevd,1,1,1.0
sr0xcevd,1,2,0.9865299463272095
sr0xcevd,2,1,0.9865299463272095
sr0xcevd,2,2,0.9999999403953552
stxmnfmi,1,1,1.0
stxmnfmi,1,2,0.9789999127388
stxmnfmi,1,3,0.9832650423049927
stxmnfmi,1,4,0.9923069477081299
stxmnfmi,1,5,0.972936749458313
stxmnfmi,1,6,0.972992479801178
stxmnfmi,2,1,0.9789999127388
stxmnfmi,2,2,1.0
stxmnfmi,2,3,0.998583197593689
stxmnfmi,2,4,0.982214093208313
stxmnfmi,2,5,0.9944347143173218
stxmnfmi,2,6,0.9962117671966553
stxmnfmi,3,1,0.9832650423049927
stxmnfmi,3,2,0.998583197593689
stxmnfmi,3,3,1.0000001192092896
stxmnfmi,3,4,0.9849340319633484
stxmnfmi,3,5,0.9931084513664246
stxmnfmi,3,6,0.9955165982246399
stxmnfmi,4,1,0.9923069477081299
stxmnfmi,4,2,0.982214093208313
stxmnfmi,4,3,0.9849340319633484
stxmnfmi,4,4,1.0
stxmnfmi,4,5,0.9853646159172058
stxmnfmi,4,6,0.9831125736236572
stxmnfmi,5,1,0.972936749458313
stxmnfmi,5,2,0.9944347143173218
stxmnfmi,5,3,0.9931084513664246
stxmnfmi,5,4,0.9853646159172058
stxmnfmi,5,5,0.9999998807907104
stxmnfmi,5,6,0.9980961084365845
stxmnfmi,6,1,0.972992479801178
stxmnfmi,6,2,0.9962117671966553
stxmnfmi,6,3,0.9955165982246399
stxmnfmi,6,4,0.9831125736236572
stxmnfmi,6,5,0.9980961084365845
stxmnfmi,6,6,0.9999999403953552
t4mcamey,1,1,1.0
t4mcamey,1,2,0.969951331615448
t4mcamey,1,3,0.992444634437561
t4mcamey,2,1,0.969951331615448
t4mcamey,2,2,1.0
t4mcamey,2,3,0.9791472554206848
t4mcamey,3,1,0.992444634437561
t4mcamey,3,2,0.9791472554206848
t4mcamey,3,3,1.0000001192092896
t9n0p86n,1,1,1.0
t9n0p86n,1,2,0.9809951782226562
t9n0p86n,1,3,0.9667633175849915
t9n0p86n,1,4,0.9848599433898926
t9n0p86n,2,1,0.9809951782226562
t9n0p86n,2,2,1.0000001192092896
t9n0p86n,2,3,0.9406257271766663
t9n0p86n,2,4,0.9953140020370483
t9n0p86n,3,1,0.9667633175849915
t9n0p86n,3,2,0.9406257271766663
t9n0p86n,3,3,1.000000238418579
t9n0p86n,3,4,0.9490832686424255
t9n0p86n,4,1,0.9848599433898926
t9n0p86n,4,2,0.9953140020370483
t9n0p86n,4,3,0.9490832686424255
t9n0p86n,4,4,1.0
tejoq1a5,1,1,1.0
tejoq1a5,1,2,0.9558439254760742
tejoq1a5,1,3,0.9834970235824585
tejoq1a5,2,1,0.9558439254760742
tejoq1a5,2,2,1.0
tejoq1a5,2,3,0.9502940773963928
tejoq1a5,3,1,0.9834970235824585
tejoq1a5,3,2,0.9502940773963928
tejoq1a5,3,3,0.9999998807907104
tgmq5v15,1,1,1.0
tgmq5v15,1,2,0.991386353969574
tgmq5v15,2,1,0.991386353969574
tgmq5v15,2,2,0.9999999403953552
ts5hbheu,1,1,1.0
ts5hbheu,1,2,0.9960317015647888
ts5hbheu,2,1,0.9960317015647888
ts5hbheu,2,2,0.9999998807907104
tsjy9cqv,1,1,0.9999998807907104
tsjy9cqv,1,2,0.9937995076179504
tsjy9cqv,2,1,0.9937995076179504
tsjy9cqv,2,2,1.0
tug3h8uh,1,1,1.0
tug3h8uh,1,2,0.9744371771812439
tug3h8uh,2,1,0.9744371771812439
tug3h8uh,2,2,1.0
u0wri6rw,1,1,1.000000238418579
u0wri6rw,1,2,0.9956945180892944
u0wri6rw,2,1,0.9956945180892944
u0wri6rw,2,2,1.0000001192092896
u1khbyb0,1,1,1.0
u1khbyb0,1,2,0.9888986945152283
u1khbyb0,2,1,0.9888986945152283
u1khbyb0,2,2,0.9999999403953552
u6uaftci,1,1,0.9999998807907104
u6uaftci,1,2,0.9965015053749084
u6uaftci,1,3,0.9971460103988647
u6uaftci,1,4,0.9980944991111755
u6uaftci,1,5,0.9973586797714233
u6uaftci,1,6,0.9899559617042542
u6uaftci,1,7,0.9982348680496216
u6uaftci,1,8,0.9967886209487915
u6uaftci,1,9,0.9961854219436646
u6uaftci,1,10,0.9978331923484802
u6uaftci,1,11,0.9962635040283203
u6uaftci,1,12,0.9899404644966125
u6uaftci,1,13,0.9978129863739014
u6uaftci,1,14,0.9907217621803284
u6uaftci,1,15,0.9970215559005737
u6uaftci,1,16,0.9960273504257202
u6uaftci,1,17,0.9971891641616821
u6uaftci,1,18,0.9958527088165283
u6uaftci,1,19,0.9959703683853149
u6uaftci,1,20,0.9937057495117188
u6uaftci,1,21,0.9962637424468994
u6uaftci,1,22,0.9944959282875061
u6uaftci,1,23,0.9952113628387451
u6uaftci,2,1,0.9965015053749084
u6uaftci,2,2,0.9999998211860657
u6uaftci,2,3,0.995622992515564
u6uaftci,2,4,0.9972673654556274
u6uaftci,2,5,0.9953799843788147
u6uaftci,2,6,0.9919697642326355
u6uaftci,2,7,0.9972888827323914
u6uaftci,2,8,0.9987203478813171
u6uaftci,2,9,0.9941853284835815
u6uaftci,2,10,0.9954278469085693
u6uaftci,2,11,0.9929071664810181
u6uaftci,2,12,0.9906031489372253
u6uaftci,2,13,0.9954481720924377
u6uaftci,2,14,0.9958615303039551
u6uaftci,2,15,0.9940805435180664
u6uaftci,2,16,0.9956241250038147
u6uaftci,2,17,0.9920401573181152
u6uaftci,2,18,0.9923858046531677
u6uaftci,2,19,0.996573805809021
u6uaftci,2,20,0.9915596842765808
u6uaftci,2,21,0.9959039092063904
u6uaftci,2,22,0.9951927065849304
u6uaftci,2,23,0.9923044443130493
u6uaftci,3,1,0.9971460103988647
u6uaftci,3,2,0.995622992515564
u6uaftci,3,3,1.0
u6uaftci,3,4,0.9933741092681885
u6uaftci,3,5,0.9994431138038635
u6uaftci,3,6,0.9816974401473999
u6uaftci,3,7,0.9975951313972473
u6uaftci,3,8,0.9945605397224426
u6uaftci,3,9,0.9991177320480347
u6uaftci,3,10,0.9932237863540649
u6uaftci,3,11,0.9985122084617615
u6uaftci,3,12,0.981242299079895
u6uaftci,3,13,0.9942957162857056
u6uaftci,3,14,0.9939555525779724
u6uaftci,3,15,0.9980186820030212
u6uaftci,3,16,0.9912018775939941
u6uaftci,3,17,0.9920023083686829
u6uaftci,3,18,0.9966828227043152
u6uaftci,3,19,0.9941163063049316
u6uaftci,3,20,0.9972041845321655
u6uaftci,3,21,0.9941617250442505
u6uaftci,3,22,0.9964951872825623
u6uaftci,3,23,0.9900220632553101
u6uaftci,4,1,0.9980944991111755
u6uaftci,4,2,0.9972673654556274
u6uaftci,4,3,0.9933741092681885
u6uaftci,4,4,1.0
u6uaftci,4,5,0.9928798675537109
u6uaftci,4,6,0.9948505163192749
u6uaftci,4,7,0.9970076084136963
u6uaftci,4,8,0.9983825087547302
u6uaftci,4,9,0.9932289719581604
u6uaftci,4,10,0.9992045164108276
u6uaftci,4,11,0.9926007390022278
u6uaftci,4,12,0.9948632717132568
u6uaftci,4,13,0.9979559779167175
u6uaftci,4,14,0.9904670119285583
u6uaftci,4,15,0.993951678276062
u6uaftci,4,16,0.9984604716300964
u6uaftci,4,17,0.9964200854301453
u6uaftci,4,18,0.9922677874565125
u6uaftci,4,19,0.9967622756958008
u6uaftci,4,20,0.9899511933326721
u6uaftci,4,21,0.99660724401474
u6uaftci,4,22,0.993118405342102
u6uaftci,4,23,0.995494544506073
u6uaftci,5,1,0.9973586797714233
u6uaftci,5,2,0.9953799843788147
u6uaftci,5,3,0.9994431138038635
u6uaftci,5,4,0.9928798675537109
u6uaftci,5,5,1.0
u6uaftci,5,6,0.9825883507728577
u6uaftci,5,7,0.9970166683197021
u6uaftci,5,8,0.9939738512039185
u6uaftci,5,9,0.9977550506591797
u6uaftci,5,10,0.9924440979957581
u6uaftci,5,11,0.9977712035179138
u6uaftci,5,12,0.9818393588066101
u6uaftci,5,13,0.9936646819114685
u6uaftci,5,14,0.9928438663482666
u6uaftci,5,15,0.9975078105926514
u6uaftci,5,16,0.9905970096588135
u6uaftci,5,17,0.9922629594802856
u6uaftci,5,18,0.9962543249130249
u6uaftci,5,19,0.9933424592018127
u6uaftci,5,20,0.9959030747413635
u6uaftci,5,21,0.9936068058013916
u6uaftci,5,22,0.9956979155540466
u6uaftci,5,23,0.9908556342124939
u6uaftci,6,1,0.9899559617042542
u6uaftci,6,2,0.9919697642326355
u6uaftci,6,3,0.9816974401473999
u6uaftci,6,4,0.9948505163192749
u6uaftci,6,5,0.9825883507728577
u6uaftci,6,6,1.0
u6uaftci,6,7,0.9874231815338135
u6uaftci,6,8,0.9934197664260864
u6uaftci,6,9,0.9810007810592651
u6uaftci,6,10,0.9931237101554871
u6uaftci,6,11,0.9803529381752014
u6uaftci,6,12,0.9991580843925476
u6uaftci,6,13,0.9908416271209717
u6uaftci,6,14,0.9830484390258789
u6uaftci,6,15,0.9829118847846985
u6uaftci,6,16,0.9955673217773438
u6uaftci,6,17,0.9906674027442932
u6uaftci,6,18,0.9802107214927673
u6uaftci,6,19,0.9905641674995422
u6uaftci,6,20,0.9776145815849304
u6uaftci,6,21,0.9902759194374084
u6uaftci,6,22,0.9858449697494507
u6uaftci,6,23,0.9936028122901917
u6uaftci,7,1,0.9982348680496216
u6uaftci,7,2,0.9972888827323914
u6uaftci,7,3,0.9975951313972473
u6uaftci,7,4,0.9970076084136963
u6uaftci,7,5,0.9970166683197021
u6uaftci,7,6,0.9874231815338135
u6uaftci,7,7,0.9999998807907104
u6uaftci,7,8,0.9982107877731323
u6uaftci,7,9,0.9979013204574585
u6uaftci,7,10,0.9971485733985901
u6uaftci,7,11,0.997903048992157
u6uaftci,7,12,0.9883679151535034
u6uaftci,7,13,0.9981667399406433
u6uaftci,7,14,0.9958966970443726
u6uaftci,7,15,0.998781681060791
u6uaftci,7,16,0.9959617853164673
u6uaftci,7,17,0.9957740902900696
u6uaftci,7,18,0.99798583984375
u6uaftci,7,19,0.9982025623321533
u6uaftci,7,20,0.9965556859970093
u6uaftci,7,21,0.9977995157241821
u6uaftci,7,22,0.9972466826438904
u6uaftci,7,23,0.9937961101531982
u6uaftci,8,1,0.9967886209487915
u6uaftci,8,2,0.9987203478813171
u6uaftci,8,3,0.9945605397224426
u6uaftci,8,4,0.9983825087547302
u6uaftci,8,5,0.9939738512039185
u6uaftci,8,6,0.9934197664260864
u6uaftci,8,7,0.9982107877731323
u6uaftci,8,8,0.9999999403953552
u6uaftci,8,9,0.9947618842124939
u6uaftci,8,10,0.9981164336204529
u6uaftci,8,11,0.9939896464347839
u6uaftci,8,12,0.9937827587127686
u6uaftci,8,13,0.9979596138000488
u6uaftci,8,14,0.9960976839065552
u6uaftci,8,15,0.995812714099884
u6uaftci,8,16,0.9985294342041016
u6uaftci,8,17,0.9954265356063843
u6uaftci,8,18,0.9941420555114746
u6uaftci,8,19,0.9989094138145447
u6uaftci,8,20,0.9929269552230835
u6uaftci,8,21,0.9978910684585571
u6uaftci,8,22,0.9965543746948242
u6uaftci,8,23,0.9952394962310791
u6uaftci,9,1,0.9961854219436646
u6uaftci,9,2,0.9941853284835815
u6uaftci,9,3,0.9991177320480347
u6uaftci,9,4,0.9932289719581604
u6uaftci,9,5,0.9977550506591797
u6uaftci,9,6,0.9810007810592651
u6uaftci,9,7,0.9979013204574585
u6uaftci,9,8,0.9947618842124939
u6uaftci,9,9,0.9999998807907104
u6uaftci,9,10,0.9941003918647766
u6uaftci,9,11,0.9994595050811768
u6uaftci,9,12,0.9818628430366516
u6uaftci,9,13,0.9950031042098999
u6uaftci,9,14,0.9943729043006897
u6uaftci,9,15,0.9988296627998352
u6uaftci,9,16,0.9921708106994629
u6uaftci,9,17,0.992684543132782
u6uaftci,9,18,0.9973251223564148
u6uaftci,9,19,0.9948998689651489
u6uaftci,9,20,0.9983557462692261
u6uaftci,9,21,0.9946714043617249
u6uaftci,9,22,0.9974448084831238
u6uaftci,9,23,0.990201473236084
u6uaftci,10,1,0.9978331923484802
u6uaftci,10,2,0.9954278469085693
u6uaftci,10,3,0.9932237863540649
u6uaftci,10,4,0.9992045164108276
u6uaftci,10,5,0.9924440979957581
u6uaftci,10,6,0.9931237101554871
u6uaftci,10,7,0.9971485733985901
u6uaftci,10,8,0.9981164336204529
u6uaftci,10,9,0.9941003918647766
u6uaftci,10,10,0.9999997019767761
u6uaftci,10,11,0.9938161373138428
u6uaftci,10,12,0.9943915605545044
u6uaftci,10,13,0.9989070296287537
u6uaftci,10,14,0.9902417659759521
u6uaftci,10,15,0.9954439997673035
u6uaftci,10,16,0.9990912079811096
u6uaftci,10,17,0.998247504234314
u6uaftci,10,18,0.9938925504684448
u6uaftci,10,19,0.9975126385688782
u6uaftci,10,20,0.9917012453079224
u6uaftci,10,21,0.9971745610237122
u6uaftci,10,22,0.9941076636314392
u6uaftci,10,23,0.9966075420379639
u6uaftci,11,1,0.9962635040283203
u6uaftci,11,2,0.9929071664810181
u6uaftci,11,3,0.9985122084617615
u6uaftci,11,4,0.9926007390022278
u6uaftci,11,5,0.9977712035179138
u6uaftci,11,6,0.9803529381752014
u6uaftci,11,7,0.997903048992157
u6uaftci,11,8,0.9939896464347839
u6uaftci,11,9,0.9994595050811768
u6uaftci,11,10,0.9938161373138428
u6uaftci,11,11,1.0000003576278687
u6uaftci,11,12,0.9819608330726624
u6uaftci,11,13,0.9954738020896912
u6uaftci,11,14,0.9933364391326904
u6uaftci,11,15,0.9993518590927124
u6uaftci,11,16,0.9918900728225708
u6uaftci,11,17,0.9939396381378174
u6uaftci,11,18,0.9986031651496887
u6uaftci,11,19,0.9948377013206482
u6uaftci,11,20,0.9986534118652344
u6uaftci,11,21,0.9951989054679871
u6uaftci,11,22,0.9973064661026001
u6uaftci,11,23,0.9915614724159241
u6uaftci,12,1,0.9899404644966125
u6uaftci,12,2,0.9906031489372253
u6uaftci,12,3,0.981242299079895
u6uaftci,12,4,0.9948632717132568
u6uaftci,12,5,0.9818393588066101
u6uaftci,12,6,0.9991580843925476
u6uaftci,12,7,0.9883679151535034
u6uaftci,12,8,0.9937827587127686
u6uaftci,12,9,0.9818628430366516
u6uaftci,12,10,0.9943915605545044
u6uaftci,12,11,0.9819608330726624
u6uaftci,12,12,1.0000001192092896
u6uaftci,12,13,0.9926327466964722
u6uaftci,12,14,0.9834103584289551
u6uaftci,12,15,0.9846370816230774
u6uaftci,12,16,0.9968403577804565
u6uaftci,12,17,0.9929630756378174
u6uaftci,12,18,0.9825388193130493
u6uaftci,12,19,0.9920637607574463
u6uaftci,12,20,0.9795361161231995
u6uaftci,12,21,0.9919216632843018
u6uaftci,12,22,0.9870254993438721
u6uaftci,12,23,0.9953131675720215
u6uaftci,13,1,0.9978129863739014
u6uaftci,13,2,0.9954481720924377
u6uaftci,13,3,0.9942957162857056
u6uaftci,13,4,0.9979559779167175
u6uaftci,13,5,0.9936646819114685
u6uaftci,13,6,0.9908416271209717
u6uaftci,13,7,0.9981667399406433
u6uaftci,13,8,0.9979596138000488
u6uaftci,13,9,0.9950031042098999
u6uaftci,13,10,0.9989070296287537
u6uaftci,13,11,0.9954738020896912
u6uaftci,13,12,0.9926327466964722
u6uaftci,13,13,1.0
u6uaftci,13,14,0.9927252531051636
u6uaftci,13,15,0.9971421360969543
u6uaftci,13,16,0.9985689520835876
u6uaftci,13,17,0.9987418055534363
u6uaftci,13,18,0.9970059394836426
u6uaftci,13,19,0.9989606738090515
u6uaftci,13,20,0.9948900938034058
u6uaftci,13,21,0.9992066621780396
u6uaftci,13,22,0.9962600469589233
u6uaftci,13,23,0.9975061416625977
u6uaftci,14,1,0.9907217621803284
u6uaftci,14,2,0.9958615303039551
u6uaftci,14,3,0.9939555525779724
u6uaftci,14,4,0.9904670119285583
u6uaftci,14,5,0.9928438663482666
u6uaftci,14,6,0.9830484390258789
u6uaftci,14,7,0.9958966970443726
u6uaftci,14,8,0.9960976839065552
u6uaftci,14,9,0.9943729043006897
u6uaftci,14,10,0.9902417659759521
u6uaftci,14,11,0.9933364391326904
u6uaftci,14,12,0.9834103584289551
u6uaftci,14,13,0.9927252531051636
u6uaftci,14,14,1.0000001192092896
u6uaftci,14,15,0.9947499632835388
u6uaftci,14,16,0.9916884899139404
u6uaftci,14,17,0.9877705574035645
u6uaftci,14,18,0.9936748743057251
u6uaftci,14,19,0.9964346289634705
u6uaftci,14,20,0.9949824810028076
u6uaftci,14,21,0.9948371052742004
u6uaftci,14,22,0.9975394010543823
u6uaftci,14,23,0.9881477952003479
u6uaftci,15,1,0.9970215559005737
u6uaftci,15,2,0.9940805435180664
u6uaftci,15,3,0.9980186820030212
u6uaftci,15,4,0.993951678276062
u6uaftci,15,5,0.9975078105926514
u6uaftci,15,6,0.9829118847846985
u6uaftci,15,7,0.998781681060791
u6uaftci,15,8,0.995812714099884
u6uaftci,15,9,0.9988296627998352
u6uaftci,15,10,0.9954439997673035
u6uaftci,15,11,0.9993518590927124
u6uaftci,15,12,0.9846370816230774
u6uaftci,15,13,0.9971421360969543
u6uaftci,15,14,0.9947499632835388
u6uaftci,15,15,0.9999998807907104
u6uaftci,15,16,0.9940774440765381
u6uaftci,15,17,0.9956536889076233
u6uaftci,15,18,0.9991282820701599
u6uaftci,15,19,0.9969848394393921
u6uaftci,15,20,0.9984884262084961
u6uaftci,15,21,0.996681272983551
u6uaftci,15,22,0.9980140924453735
u6uaftci,15,23,0.9936076402664185
u6uaftci,16,1,0.9960273504257202
u6uaftci,16,2,0.9956241250038147
u6uaftci,16,3,0.9912018775939941
u6uaftci,16,4,0.9984604716300964
u6uaftci,16,5,0.9905970096588135
u6uaftci,16,6,0.9955673217773438
u6uaftci,16,7,0.9959617853164673
u6uaftci,16,8,0.9985294342041016
u6uaftci,16,9,0.9921708106994629
u6uaftci,16,10,0.9990912079811096
u6uaftci,16,11,0.9918900728225708
u6uaftci,16,12,0.9968403577804565
u6uaftci,16,13,0.9985689520835876
u6uaftci,16,14,0.9916884899139404
u6uaftci,16,15,0.9940774440765381
u6uaftci,16,16,0.9999998807907104
u6uaftci,16,17,0.9976497292518616
u6uaftci,16,18,0.9924994111061096
u6uaftci,16,19,0.9982296824455261
u6uaftci,16,20,0.9908290505409241
u6uaftci,16,21,0.9977679252624512
u6uaftci,16,22,0.9949965476989746
u6uaftci,16,23,0.9978365302085876
u6uaftci,17,1,0.9971891641616821
u6uaftci,17,2,0.9920401573181152
u6uaftci,17,3,0.9920023083686829
u6uaftci,17,4,0.9964200854301453
u6uaftci,17,5,0.9922629594802856
u6uaftci,17,6,0.9906674027442932
u6uaftci,17,7,0.9957740902900696
u6uaftci,17,8,0.9954265356063843
u6uaftci,17,9,0.992684543132782
u6uaftci,17,10,0.998247504234314
u6uaftci,17,11,0.9939396381378174
u6uaftci,17,12,0.9929630756378174
u6uaftci,17,13,0.9987418055534363
u6uaftci,17,14,0.9877705574035645
u6uaftci,17,15,0.9956536889076233
u6uaftci,17,16,0.9976497292518616
u6uaftci,17,17,1.000000238418579
u6uaftci,17,18,0.9954432845115662
u6uaftci,17,19,0.9965790510177612
u6uaftci,17,20,0.9924957752227783
u6uaftci,17,21,0.997268795967102
u6uaftci,17,22,0.9939237236976624
u6uaftci,17,23,0.9985338449478149
u6uaftci,18,1,0.9958527088165283
u6uaftci,18,2,0.9923858046531677
u6uaftci,18,3,0.9966828227043152
u6uaftci,18,4,0.9922677874565125
u6uaftci,18,5,0.9962543249130249
u6uaftci,18,6,0.9802107214927673
u6uaftci,18,7,0.99798583984375
u6uaftci,18,8,0.9941420555114746
u6uaftci,18,9,0.9973251223564148
u6uaftci,18,10,0.9938925504684448
u6uaftci,18,11,0.9986031651496887
u6uaftci,18,12,0.9825388193130493
u6uaftci,18,13,0.9970059394836426
u6uaftci,18,14,0.9936748743057251
u6uaftci,18,15,0.9991282820701599
u6uaftci,18,16,0.9924994111061096
u6uaftci,18,17,0.9954432845115662
u6uaftci,18,18,0.9999997019767761
u6uaftci,18,19,0.9965152740478516
u6uaftci,18,20,0.9986779093742371
u6uaftci,18,21,0.9971487522125244
u6uaftci,18,22,0.9970482587814331
u6uaftci,18,23,0.9931057095527649
u6uaftci,19,1,0.9959703683853149
u6uaftci,19,2,0.996573805809021
u6uaftci,19,3,0.9941163063049316
u6uaftci,19,4,0.9967622756958008
u6uaftci,19,5,0.9933424592018127
u6uaftci,19,6,0.9905641674995422
u6uaftci,19,7,0.9982025623321533
u6uaftci,19,8,0.9989094138145447
u6uaftci,19,9,0.9948998689651489
u6uaftci,19,10,0.9975126385688782
u6uaftci,19,11,0.9948377013206482
u6uaftci,19,12,0.9920637607574463
u6uaftci,19,13,0.9989606738090515
u6uaftci,19,14,0.9964346289634705
u6uaftci,19,15,0.9969848394393921
u6uaftci,19,16,0.9982296824455261
u6uaftci,19,17,0.9965790510177612
u6uaftci,19,18,0.9965152740478516
u6uaftci,19,19,1.0000001192092896
u6uaftci,19,20,0.99534010887146
u6uaftci,19,21,0.9993793964385986
u6uaftci,19,22,0.9978109002113342
u6uaftci,19,23,0.9962792992591858
u6uaftci,20,1,0.9937057495117188
u6uaftci,20,2,0.9915596842765808
u6uaftci,20,3,0.9972041845321655
u6uaftci,20,4,0.9899511933326721
u6uaftci,20,5,0.9959030747413635
u6uaftci,20,6,0.9776145815849304
u6uaftci,20,7,0.9965556859970093
u6uaftci,20,8,0.9929269552230835
u6uaftci,20,9,0.9983557462692261
u6uaftci,20,10,0.9917012453079224
u6uaftci,20,11,0.9986534118652344
u6uaftci,20,12,0.9795361161231995
u6uaftci,20,13,0.9948900938034058
u6uaftci,20,14,0.9949824810028076
u6uaftci,20,15,0.9984884262084961
u6uaftci,20,16,0.9908290505409241
u6uaftci,20,17,0.9924957752227783
u6uaftci,20,18,0.9986779093742371
u6uaftci,20,19,0.99534010887146
u6uaftci,20,20,1.0000001192092896
u6uaftci,20,21,0.9956185817718506
u6uaftci,20,22,0.9982732534408569
u6uaftci,20,23,0.9904415011405945
u6uaftci,21,1,0.9962637424468994
u6uaftci,21,2,0.9959039092063904
u6uaftci,21,3,0.9941617250442505
u6uaftci,21,4,0.99660724401474
u6uaftci,21,5,0.9936068058013916
u6uaftci,21,6,0.9902759194374084
u6uaftci,21,7,0.9977995157241821
u6uaftci,21,8,0.9978910684585571
u6uaftci,21,9,0.9946714043617249
u6uaftci,21,10,0.9971745610237122
u6uaftci,21,11,0.9951989054679871
u6uaftci,21,12,0.9919216632843018
u6uaftci,21,13,0.9992066621780396
u6uaftci,21,14,0.9948371052742004
u6uaftci,21,15,0.996681272983551
u6uaftci,21,16,0.9977679252624512
u6uaftci,21,17,0.997268795967102
u6uaftci,21,18,0.9971487522125244
u6uaftci,21,19,0.9993793964385986
u6uaftci,21,20,0.9956185817718506
u6uaftci,21,21,0.9999999403953552
u6uaftci,21,22,0.997464656829834
u6uaftci,21,23,0.9972364902496338
u6uaftci,22,1,0.9944959282875061
u6uaftci,22,2,0.9951927065849304
u6uaftci,22,3,0.9964951872825623
u6uaftci,22,4,0.993118405342102
u6uaftci,22,5,0.9956979155540466
u6uaftci,22,6,0.9858449697494507
u6uaftci,22,7,0.9972466826438904
u6uaftci,22,8,0.9965543746948242
u6uaftci,22,9,0.9974448084831238
u6uaftci,22,10,0.9941076636314392
u6uaftci,22,11,0.9973064661026001
u6uaftci,22,12,0.9870254993438721
u6uaftci,22,13,0.9962600469589233
u6uaftci,22,14,0.9975394010543823
u6uaftci,22,15,0.9980140924453735
u6uaftci,22,16,0.9949965476989746
u6uaftci,22,17,0.9939237236976624
u6uaftci,22,18,0.9970482587814331
u6uaftci,22,19,0.9978109002113342
u6uaftci,22,20,0.9982732534408569
u6uaftci,22,21,0.997464656829834
u6uaftci,22,22,1.0000001192092896
u6uaftci,22,23,0.9941486120223999
u6uaftci,23,1,0.9952113628387451
u6uaftci,23,2,0.9923044443130493
u6uaftci,23,3,0.9900220632553101
u6uaftci,23,4,0.995494544506073
u6uaftci,23,5,0.9908556342124939
u6uaftci,23,6,0.9936028122901917
u6uaftci,23,7,0.9937961101531982
u6uaftci,23,8,0.9952394962310791
u6uaftci,23,9,0.990201473236084
u6uaftci,23,10,0.9966075420379639
u6uaftci,23,11,0.9915614724159241
u6uaftci,23,12,0.9953131675720215
u6uaftci,23,13,0.9975061416625977
u6uaftci,23,14,0.9881477952003479
u6uaftci,23,15,0.9936076402664185
u6uaftci,23,16,0.9978365302085876
u6uaftci,23,17,0.9985338449478149
u6uaftci,23,18,0.9931057095527649
u6uaftci,23,19,0.9962792992591858
u6uaftci,23,20,0.9904415011405945
u6uaftci,23,21,0.9972364902496338
u6uaftci,23,22,0.9941486120223999
u6uaftci,23,23,1.0
umwmu0us,1,1,0.9999998807907104
umwmu0us,1,2,0.922940194606781
umwmu0us,2,1,0.922940194606781
umwmu0us,2,2,0.9999999403953552
urgajt7e,1,1,0.9999999403953552
urgajt7e,1,2,0.9886364340782166
urgajt7e,1,3,0.986176609992981
urgajt7e,2,1,0.9886364340782166
urgajt7e,2,2,0.9999999403953552
urgajt7e,2,3,0.9594195485115051
urgajt7e,3,1,0.986176609992981
urgajt7e,3,2,0.9594195485115051
urgajt7e,3,3,1.0000001192092896
utyj563j,1,1,1.0000001192092896
utyj563j,1,2,0.998962938785553
utyj563j,1,3,0.9920667409896851
utyj563j,1,4,0.979347825050354
utyj563j,1,5,0.9762945771217346
utyj563j,1,6,0.9971263408660889
utyj563j,1,7,0.9960057139396667
utyj563j,1,8,0.9764405488967896
utyj563j,1,9,0.985288143157959
utyj563j,2,1,0.998962938785553
utyj563j,2,2,0.9999998807907104
utyj563j,2,3,0.9922710657119751
utyj563j,2,4,0.9776334762573242
utyj563j,2,5,0.9767485857009888
utyj563j,2,6,0.9971975088119507
utyj563j,2,7,0.9960828423500061
utyj563j,2,8,0.9748328328132629
utyj563j,2,9,0.9833791255950928
utyj563j,3,1,0.9920667409896851
utyj563j,3,2,0.9922710657119751
utyj563j,3,3,1.0000001192092896
utyj563j,3,4,0.9938065409660339
utyj563j,3,5,0.981131374835968
utyj563j,3,6,0.9948129653930664
utyj563j,3,7,0.9968172907829285
utyj563j,3,8,0.9710766673088074
utyj563j,3,9,0.9851818680763245
utyj563j,4,1,0.979347825050354
utyj563j,4,2,0.9776334762573242
utyj563j,4,3,0.9938065409660339
utyj563j,4,4,0.9999999403953552
utyj563j,4,5,0.9806739091873169
utyj563j,4,6,0.9835769534111023
utyj563j,4,7,0.9894932508468628
utyj563j,4,8,0.9689355492591858
utyj563j,4,9,0.9873936772346497
utyj563j,5,1,0.9762945771217346
utyj563j,5,2,0.9767485857009888
utyj563j,5,3,0.981131374835968
utyj563j,5,4,0.9806739091873169
utyj563j,5,5,1.0
utyj563j,5,6,0.9814149141311646
utyj563j,5,7,0.9842420816421509
utyj563j,5,8,0.9872627854347229
utyj563j,5,9,0.9917867183685303
utyj563j,6,1,0.9971263408660889
utyj563j,6,2,0.9971975088119507
utyj563j,6,3,0.9948129653930664
utyj563j,6,4,0.9835769534111023
utyj563j,6,5,0.9814149141311646
utyj563j,6,6,1.0
utyj563j,6,7,0.9978075623512268
utyj563j,6,8,0.9801263809204102
utyj563j,6,9,0.9861774444580078
utyj563j,7,1,0.9960057139396667
utyj563j,7,2,0.9960828423500061
utyj563j,7,3,0.9968172907829285
utyj563j,7,4,0.9894932508468628
utyj563j,7,5,0.9842420816421509
utyj563j,7,6,0.9978075623512268
utyj563j,7,7,1.0
utyj563j,7,8,0.9833030700683594
utyj563j,7,9,0.9917081594467163
utyj563j,8,1,0.9764405488967896
utyj563j,8,2,0.9748328328132629
utyj563j,8,3,0.9710766673088074
utyj563j,8,4,0.9689355492591858
utyj563j,8,5,0.9872627854347229
utyj563j,8,6,0.9801263809204102
utyj563j,8,7,0.9833030700683594
utyj563j,8,8,0.9999999403953552
utyj563j,8,9,0.9930922389030457
utyj563j,9,1,0.985288143157959
utyj563j,9,2,0.9833791255950928
utyj563j,9,3,0.9851818680763245
utyj563j,9,4,0.9873936772346497
utyj563j,9,5,0.9917867183685303
utyj563j,9,6,0.9861774444580078
utyj563j,9,7,0.9917081594467163
utyj563j,9,8,0.9930922389030457
utyj563j,9,9,1.0
uwfbhfk4,1,1,1.0000001192092896
uwfbhfk4,1,2,0.9963767528533936
uwfbhfk4,1,3,0.9985436201095581
uwfbhfk4,1,4,0.9986230134963989
uwfbhfk4,1,5,0.9955872893333435
uwfbhfk4,1,6,0.9964560866355896
uwfbhfk4,1,7,0.9968686699867249
uwfbhfk4,1,8,0.9971778392791748
uwfbhfk4,1,9,0.9970203042030334
uwfbhfk4,1,10,0.9947179555892944
uwfbhfk4,1,11,0.9988750219345093
uwfbhfk4,1,12,0.9971465468406677
uwfbhfk4,1,13,0.9982006549835205
uwfbhfk4,1,14,0.9965314269065857
uwfbhfk4,1,15,0.9981714487075806
uwfbhfk4,1,16,0.9970681667327881
uwfbhfk4,1,17,0.9974606037139893
uwfbhfk4,1,18,0.9960196018218994
uwfbhfk4,1,19,0.9969191551208496
uwfbhfk4,1,20,0.9964150786399841
uwfbhfk4,1,21,0.9985085725784302
uwfbhfk4,1,22,0.9977095723152161
uwfbhfk4,1,23,0.9951398372650146
uwfbhfk4,1,24,0.9980455636978149
uwfbhfk4,1,25,0.9954174160957336
uwfbhfk4,1,26,0.9970232248306274
uwfbhfk4,2,1,0.9963767528533936
uwfbhfk4,2,2,1.0000001192092896
uwfbhfk4,2,3,0.998214840888977
uwfbhfk4,2,4,0.9981042742729187
uwfbhfk4,2,5,0.9901314973831177
uwfbhfk4,2,6,0.9988943934440613
uwfbhfk4,2,7,0.9928152561187744
uwfbhfk4,2,8,0.9943339824676514
uwfbhfk4,2,9,0.9974952340126038
uwfbhfk4,2,10,0.9914650321006775
uwfbhfk4,2,11,0.9960422515869141
uwfbhfk4,2,12,0.9916036128997803
uwfbhfk4,2,13,0.995360255241394
uwfbhfk4,2,14,0.990858256816864
uwfbhfk4,2,15,0.9947667717933655
uwfbhfk4,2,16,0.9925763607025146
uwfbhfk4,2,17,0.9925388097763062
uwfbhfk4,2,18,0.9925760626792908
uwfbhfk4,2,19,0.9957051277160645
uwfbhfk4,2,20,0.9985809922218323
uwfbhfk4,2,21,0.9965213537216187
uwfbhfk4,2,22,0.9982415437698364
uwfbhfk4,2,23,0.9884353876113892
uwfbhfk4,2,24,0.9948752522468567
uwfbhfk4,2,25,0.9888589382171631
uwfbhfk4,2,26,0.9917630553245544
uwfbhfk4,3,1,0.9985436201095581
uwfbhfk4,3,2,0.998214840888977
uwfbhfk4,3,3,0.9999999403953552
uwfbhfk4,3,4,0.9995518326759338
uwfbhfk4,3,5,0.9954221248626709
uwfbhfk4,3,6,0.99885094165802
uwfbhfk4,3,7,0.9971489310264587
uwfbhfk4,3,8,0.9974271655082703
uwfbhfk4,3,9,0.9987362623214722
uwfbhfk4,3,10,0.9952878952026367
uwfbhfk4,3,11,0.997989296913147
uwfbhfk4,3,12,0.9959979057312012
uwfbhfk4,3,13,0.9976417422294617
uwfbhfk4,3,14,0.9959627985954285
uwfbhfk4,3,15,0.998458206653595
uwfbhfk4,3,16,0.9972400665283203
uwfbhfk4,3,17,0.9964113235473633
uwfbhfk4,3,18,0.9970598220825195
uwfbhfk4,3,19,0.9984269142150879
uwfbhfk4,3,20,0.9975810050964355
uwfbhfk4,3,21,0.9989950656890869
uwfbhfk4,3,22,0.9988244771957397
uwfbhfk4,3,23,0.9947050213813782
uwfbhfk4,3,24,0.9980053305625916
uwfbhfk4,3,25,0.994795024394989
uwfbhfk4,3,26,0.9968463778495789
uwfbhfk4,4,1,0.9986230134963989
uwfbhfk4,4,2,0.9981042742729187
uwfbhfk4,4,3,0.9995518326759338
uwfbhfk4,4,4,1.0000001192092896
uwfbhfk4,4,5,0.9955332279205322
uwfbhfk4,4,6,0.9991715550422668
uwfbhfk4,4,7,0.9973897337913513
uwfbhfk4,4,8,0.9983774423599243
uwfbhfk4,4,9,0.9991374611854553
uwfbhfk4,4,10,0.995928168296814
uwfbhfk4,4,11,0.9982717037200928
uwfbhfk4,4,12,0.9961273670196533
uwfbhfk4,4,13,0.9984810948371887
uwfbhfk4,4,14,0.996232807636261
uwfbhfk4,4,15,0.9988200664520264
uwfbhfk4,4,16,0.9975330233573914
uwfbhfk4,4,17,0.9974727630615234
uwfbhfk4,4,18,0.9969950318336487
uwfbhfk4,4,19,0.9987696409225464
uwfbhfk4,4,20,0.9974531531333923
uwfbhfk4,4,21,0.9986922740936279
uwfbhfk4,4,22,0.9991015791893005
uwfbhfk4,4,23,0.9947672486305237
uwfbhfk4,4,24,0.9982607364654541
uwfbhfk4,4,25,0.9952794909477234
uwfbhfk4,4,26,0.9972153902053833
uwfbhfk4,5,1,0.9955872893333435
uwfbhfk4,5,2,0.9901314973831177
uwfbhfk4,5,3,0.9954221248626709
uwfbhfk4,5,4,0.9955332279205322
uwfbhfk4,5,5,0.9999999403953552
uwfbhfk4,5,6,0.9933516979217529
uwfbhfk4,5,7,0.9987751841545105
uwfbhfk4,5,8,0.9976445436477661
uwfbhfk4,5,9,0.9943112730979919
uwfbhfk4,5,10,0.9957427978515625
uwfbhfk4,5,11,0.9967337846755981
uwfbhfk4,5,12,0.9979181289672852
uwfbhfk4,5,13,0.9946149587631226
uwfbhfk4,5,14,0.9991400837898254
uwfbhfk4,5,15,0.998161792755127
uwfbhfk4,5,16,0.9992276430130005
uwfbhfk4,5,17,0.9959660172462463
uwfbhfk4,5,18,0.999180793762207
uwfbhfk4,5,19,0.9963107109069824
uwfbhfk4,5,20,0.9899389147758484
uwfbhfk4,5,21,0.9977138042449951
uwfbhfk4,5,22,0.9930955767631531
uwfbhfk4,5,23,0.9993372559547424
uwfbhfk4,5,24,0.9965532422065735
uwfbhfk4,5,25,0.9988951086997986
uwfbhfk4,5,26,0.9980964660644531
uwfbhfk4,6,1,0.9964560866355896
uwfbhfk4,6,2,0.9988943934440613
uwfbhfk4,6,3,0.99885094165802
uwfbhfk4,6,4,0.9991715550422668
uwfbhfk4,6,5,0.9933516979217529
uwfbhfk4,6,6,1.0
uwfbhfk4,6,7,0.995182991027832
uwfbhfk4,6,8,0.9972836375236511
uwfbhfk4,6,9,0.9987537860870361
uwfbhfk4,6,10,0.9955487251281738
uwfbhfk4,6,11,0.9966632127761841
uwfbhfk4,6,12,0.993406355381012
uwfbhfk4,6,13,0.9973121881484985
uwfbhfk4,6,14,0.9943070411682129
uwfbhfk4,6,15,0.997288167476654
uwfbhfk4,6,16,0.9957457780838013
uwfbhfk4,6,17,0.9954143166542053
uwfbhfk4,6,18,0.9956327080726624
uwfbhfk4,6,19,0.9980427026748657
uwfbhfk4,6,20,0.9971113204956055
uwfbhfk4,6,21,0.9974762797355652
uwfbhfk4,6,22,0.9986995458602905
uwfbhfk4,6,23,0.9922382831573486
uwfbhfk4,6,24,0.9966815114021301
uwfbhfk4,6,25,0.9922996163368225
uwfbhfk4,6,26,0.994875967502594
uwfbhfk4,7,1,0.9968686699867249
uwfbhfk4,7,2,0.9928152561187744
uwfbhfk4,7,3,0.9971489310264587
uwfbhfk4,7,4,0.9973897337913513
uwfbhfk4,7,5,0.9987751841545105
uwfbhfk4,7,6,0.995182991027832
uwfbhfk4,7,7,0.9999998807907104
uwfbhfk4,7,8,0.9975590109825134
uwfbhfk4,7,9,0.9963083267211914
uwfbhfk4,7,10,0.9944479465484619
uwfbhfk4,7,11,0.9982150197029114
uwfbhfk4,7,12,0.9987654089927673
uwfbhfk4,7,13,0.9959406852722168
uwfbhfk4,7,14,0.9979724287986755
uwfbhfk4,7,15,0.9989494681358337
uwfbhfk4,7,16,0.999230146408081
uwfbhfk4,7,17,0.9970769286155701
uwfbhfk4,7,18,0.9984917640686035
uwfbhfk4,7,19,0.9976052045822144
uwfbhfk4,7,20,0.9941480755805969
uwfbhfk4,7,21,0.9988332390785217
uwfbhfk4,7,22,0.9963788986206055
uwfbhfk4,7,23,0.9985085725784302
uwfbhfk4,7,24,0.998476505279541
uwfbhfk4,7,25,0.9991731643676758
uwfbhfk4,7,26,0.9988493323326111
uwfbhfk4,8,1,0.9971778392791748
uwfbhfk4,8,2,0.9943339824676514
uwfbhfk4,8,3,0.9974271655082703
uwfbhfk4,8,4,0.9983774423599243
uwfbhfk4,8,5,0.9976445436477661
uwfbhfk4,8,6,0.9972836375236511
uwfbhfk4,8,7,0.9975590109825134
uwfbhfk4,8,8,1.000000238418579
uwfbhfk4,8,9,0.997909665107727
uwfbhfk4,8,10,0.9983693361282349
uwfbhfk4,8,11,0.9968726634979248
uwfbhfk4,8,12,0.9957767128944397
uwfbhfk4,8,13,0.9984691143035889
uwfbhfk4,8,14,0.9982420206069946
uwfbhfk4,8,15,0.9989632368087769
uwfbhfk4,8,16,0.9987066984176636
uwfbhfk4,8,17,0.9985966086387634
uwfbhfk4,8,18,0.9981208443641663
uwfbhfk4,8,19,0.998755156993866
uwfbhfk4,8,20,0.9926907420158386
uwfbhfk4,8,21,0.9974326491355896
uwfbhfk4,8,22,0.9966467022895813
uwfbhfk4,8,23,0.9971379637718201
uwfbhfk4,8,24,0.9981223344802856
uwfbhfk4,8,25,0.9969779253005981
uwfbhfk4,8,26,0.9984663128852844
uwfbhfk4,9,1,0.9970203042030334
uwfbhfk4,9,2,0.9974952340126038
uwfbhfk4,9,3,0.9987362623214722
uwfbhfk4,9,4,0.9991374611854553
uwfbhfk4,9,5,0.9943112730979919
uwfbhfk4,9,6,0.9987537860870361
uwfbhfk4,9,7,0.9963083267211914
uwfbhfk4,9,8,0.997909665107727
uwfbhfk4,9,9,1.000000238418579
uwfbhfk4,9,10,0.9956290125846863
uwfbhfk4,9,11,0.9964076280593872
uwfbhfk4,9,12,0.9941792488098145
uwfbhfk4,9,13,0.9972853660583496
uwfbhfk4,9,14,0.9946278929710388
uwfbhfk4,9,15,0.9980078935623169
uwfbhfk4,9,16,0.996313750743866
uwfbhfk4,9,17,0.9967811703681946
uwfbhfk4,9,18,0.9962728023529053
uwfbhfk4,9,19,0.9994581341743469
uwfbhfk4,9,20,0.9968608021736145
uwfbhfk4,9,21,0.9973347187042236
uwfbhfk4,9,22,0.9988308548927307
uwfbhfk4,9,23,0.993708074092865
uwfbhfk4,9,24,0.9975874423980713
uwfbhfk4,9,25,0.9945628643035889
uwfbhfk4,9,26,0.996846616268158
uwfbhfk4,10,1,0.9947179555892944
uwfbhfk4,10,2,0.9914650321006775
uwfbhfk4,10,3,0.9952878952026367
uwfbhfk4,10,4,0.995928168296814
uwfbhfk4,10,5,0.9957427978515625
uwfbhfk4,10,6,0.9955487251281738
uwfbhfk4,10,7,0.9944479465484619
uwfbhfk4,10,8,0.9983693361282349
uwfbhfk4,10,9,0.9956290125846863
uwfbhfk4,10,10,1.0000003576278687
uwfbhfk4,10,11,0.9944306015968323
uwfbhfk4,10,12,0.9938972592353821
uwfbhfk4,10,13,0.9973718523979187
uwfbhfk4,10,14,0.9979441165924072
uwfbhfk4,10,15,0.9976019263267517
uwfbhfk4,10,16,0.9974091053009033
uwfbhfk4,10,17,0.9972792267799377
uwfbhfk4,10,18,0.9971034526824951
uwfbhfk4,10,19,0.9970076084136963
uwfbhfk4,10,20,0.9889092445373535
uwfbhfk4,10,21,0.9950165152549744
uwfbhfk4,10,22,0.9939903616905212
uwfbhfk4,10,23,0.9961990118026733
uwfbhfk4,10,24,0.9957903623580933
uwfbhfk4,10,25,0.9949295520782471
uwfbhfk4,10,26,0.9968118667602539
uwfbhfk4,11,1,0.9988750219345093
uwfbhfk4,11,2,0.9960422515869141
uwfbhfk4,11,3,0.997989296913147
uwfbhfk4,11,4,0.9982717037200928
uwfbhfk4,11,5,0.9967337846755981
uwfbhfk4,11,6,0.9966632127761841
uwfbhfk4,11,7,0.9982150197029114
uwfbhfk4,11,8,0.9968726634979248
uwfbhfk4,11,9,0.9964076280593872
uwfbhfk4,11,10,0.9944306015968323
uwfbhfk4,11,11,1.0000001192092896
uwfbhfk4,11,12,0.998806893825531
uwfbhfk4,11,13,0.9973872900009155
uwfbhfk4,11,14,0.9972556233406067
uwfbhfk4,11,15,0.9985988736152649
uwfbhfk4,11,16,0.9980424642562866
uwfbhfk4,11,17,0.9969911575317383
uwfbhfk4,11,18,0.9969690442085266
uwfbhfk4,11,19,0.9967021942138672
uwfbhfk4,11,20,0.9969642758369446
uwfbhfk4,11,21,0.9994231462478638
uwfbhfk4,11,22,0.9978112578392029
uwfbhfk4,11,23,0.9962989687919617
uwfbhfk4,11,24,0.9983294606208801
uwfbhfk4,11,25,0.9966915845870972
uwfbhfk4,11,26,0.9971278309822083
uwfbhfk4,12,1,0.9971465468406677
uwfbhfk4,12,2,0.9916036128997803
uwfbhfk4,12,3,0.9959979057312012
uwfbhfk4,12,4,0.9961273670196533
uwfbhfk4,12,5,0.9979181289672852
uwfbhfk4,12,6,0.993406355381012
uwfbhfk4,12,7,0.9987654089927673
uwfbhfk4,12,8,0.9957767128944397
uwfbhfk4,12,9,0.9941792488098145
uwfbhfk4,12,10,0.9938972592353821
uwfbhfk4,12,11,0.998806893825531
uwfbhfk4,12,12,1.000000238418579
uwfbhfk4,12,13,0.995311975479126
uwfbhfk4,12,14,0.998103678226471
uwfbhfk4,12,15,0.9982311129570007
uwfbhfk4,12,16,0.998600423336029
uwfbhfk4,12,17,0.9962411522865295
uwfbhfk4,12,18,0.9977564811706543
uwfbhfk4,12,19,0.9954795241355896
uwfbhfk4,12,20,0.9936545491218567
uwfbhfk4,12,21,0.9984536170959473
uwfbhfk4,12,22,0.99502032995224
uwfbhfk4,12,23,0.9981722831726074
uwfbhfk4,12,24,0.9973382949829102
uwfbhfk4,12,25,0.9985916018486023
uwfbhfk4,12,26,0.9976825714111328
uwfbhfk4,13,1,0.9982006549835205
uwfbhfk4,13,2,0.995360255241394
uwfbhfk4,13,3,0.9976417422294617
uwfbhfk4,13,4,0.9984810948371887
uwfbhfk4,13,5,0.9946149587631226
uwfbhfk4,13,6,0.9973121881484985
uwfbhfk4,13,7,0.9959406852722168
uwfbhfk4,13,8,0.9984691143035889
uwfbhfk4,13,9,0.9972853660583496
uwfbhfk4,13,10,0.9973718523979187
uwfbhfk4,13,11,0.9973872900009155
uwfbhfk4,13,12,0.995311975479126
uwfbhfk4,13,13,1.0000001192092896
uwfbhfk4,13,14,0.9967508912086487
uwfbhfk4,13,15,0.9984077215194702
uwfbhfk4,13,16,0.9973294138908386
uwfbhfk4,13,17,0.9992656707763672
uwfbhfk4,13,18,0.9954603314399719
uwfbhfk4,13,19,0.9975774884223938
uwfbhfk4,13,20,0.9943044781684875
uwfbhfk4,13,21,0.9969397187232971
uwfbhfk4,13,22,0.9979862570762634
uwfbhfk4,13,23,0.9950125813484192
uwfbhfk4,13,24,0.9985920190811157
uwfbhfk4,13,25,0.9948973655700684
uwfbhfk4,13,26,0.9975680112838745
uwfbhfk4,14,1,0.9965314269065857
uwfbhfk4,14,2,0.990858256816864
uwfbhfk4,14,3,0.9959627985954285
uwfbhfk4,14,4,0.996232807636261
uwfbhfk4,14,5,0.9991400837898254
uwfbhfk4,14,6,0.9943070411682129
uwfbhfk4,14,7,0.9979724287986755
uwfbhfk4,14,8,0.9982420206069946
uwfbhfk4,14,9,0.9946278929710388
uwfbhfk4,14,10,0.9979441165924072
uwfbhfk4,14,11,0.9972556233406067
uwfbhfk4,14,12,0.998103678226471
uwfbhfk4,14,13,0.9967508912086487
uwfbhfk4,14,14,1.0
uwfbhfk4,14,15,0.9988158941268921
uwfbhfk4,14,16,0.9995615482330322
uwfbhfk4,14,17,0.99752277135849
uwfbhfk4,14,18,0.9990819692611694
uwfbhfk4,14,19,0.9966050982475281
uwfbhfk4,14,20,0.9902511239051819
uwfbhfk4,14,21,0.9976826310157776
uwfbhfk4,14,22,0.9940286874771118
uwfbhfk4,14,23,0.9993698596954346
uwfbhfk4,14,24,0.9972894787788391
uwfbhfk4,14,25,0.9984404444694519
uwfbhfk4,14,26,0.9985256195068359
uwfbhfk4,15,1,0.9981714487075806
uwfbhfk4,15,2,0.9947667717933655
uwfbhfk4,15,3,0.998458206653595
uwfbhfk4,15,4,0.9988200664520264
uwfbhfk4,15,5,0.998161792755127
uwfbhfk4,15,6,0.997288167476654
uwfbhfk4,15,7,0.9989494681358337
uwfbhfk4,15,8,0.9989632368087769
uwfbhfk4,15,9,0.9980078935623169
uwfbhfk4,15,10,0.9976019263267517
uwfbhfk4,15,11,0.9985988736152649
uwfbhfk4,15,12,0.9982311129570007
uwfbhfk4,15,13,0.9984077215194702
uwfbhfk4,15,14,0.9988158941268921
uwfbhfk4,15,15,0.9999999403953552
uwfbhfk4,15,16,0.9995495676994324
uwfbhfk4,15,17,0.9988180994987488
uwfbhfk4,15,18,0.9987621903419495
uwfbhfk4,15,19,0.9989928007125854
uwfbhfk4,15,20,0.9948943853378296
uwfbhfk4,15,21,0.9989981651306152
uwfbhfk4,15,22,0.9977605938911438
uwfbhfk4,15,23,0.9982774257659912
uwfbhfk4,15,24,0.9990523457527161
uwfbhfk4,15,25,0.998403012752533
uwfbhfk4,15,26,0.9993281960487366
uwfbhfk4,16,1,0.9970681667327881
uwfbhfk4,16,2,0.9925763607025146
uwfbhfk4,16,3,0.9972400665283203
uwfbhfk4,16,4,0.9975330233573914
uwfbhfk4,16,5,0.9992276430130005
uwfbhfk4,16,6,0.9957457780838013
uwfbhfk4,16,7,0.999230146408081
uwfbhfk4,16,8,0.9987066984176636
uwfbhfk4,16,9,0.996313750743866
uwfbhfk4,16,10,0.9974091053009033
uwfbhfk4,16,11,0.9980424642562866
uwfbhfk4,16,12,0.998600423336029
uwfbhfk4,16,13,0.9973294138908386
uwfbhfk4,16,14,0.9995615482330322
uwfbhfk4,16,15,0.9995495676994324
uwfbhfk4,16,16,0.9999997615814209
uwfbhfk4,16,17,0.998132586479187
uwfbhfk4,16,18,0.9993455410003662
uwfbhfk4,16,19,0.9979239106178284
uwfbhfk4,16,20,0.9926368594169617
uwfbhfk4,16,21,0.9986402988433838
uwfbhfk4,16,22,0.9959607720375061
uwfbhfk4,16,23,0.9993513226509094
uwfbhfk4,16,24,0.998506486415863
uwfbhfk4,16,25,0.9990754127502441
uwfbhfk4,16,26,0.9992803931236267
uwfbhfk4,17,1,0.9974606037139893
uwfbhfk4,17,2,0.9925388097763062
uwfbhfk4,17,3,0.9964113235473633
uwfbhfk4,17,4,0.9974727630615234
uwfbhfk4,17,5,0.9959660172462463
uwfbhfk4,17,6,0.9954143166542053
uwfbhfk4,17,7,0.9970769286155701
uwfbhfk4,17,8,0.9985966086387634
uwfbhfk4,17,9,0.9967811703681946
uwfbhfk4,17,10,0.9972792267799377
uwfbhfk4,17,11,0.9969911575317383
uwfbhfk4,17,12,0.9962411522865295
uwfbhfk4,17,13,0.9992656707763672
uwfbhfk4,17,14,0.99752277135849
uwfbhfk4,17,15,0.9988180994987488
uwfbhfk4,17,16,0.998132586479187
uwfbhfk4,17,17,0.9999999403953552
uwfbhfk4,17,18,0.9960888028144836
uwfbhfk4,17,19,0.9978675842285156
uwfbhfk4,17,20,0.9925507307052612
uwfbhfk4,17,21,0.996550977230072
uwfbhfk4,17,22,0.9969507455825806
uwfbhfk4,17,23,0.9968639016151428
uwfbhfk4,17,24,0.9988991022109985
uwfbhfk4,17,25,0.9971437454223633
uwfbhfk4,17,26,0.9989851117134094
uwfbhfk4,18,1,0.9960196018218994
uwfbhfk4,18,2,0.9925760626792908
uwfbhfk4,18,3,0.9970598220825195
uwfbhfk4,18,4,0.9969950318336487
uwfbhfk4,18,5,0.999180793762207
uwfbhfk4,18,6,0.9956327080726624
uwfbhfk4,18,7,0.9984917640686035
uwfbhfk4,18,8,0.9981208443641663
uwfbhfk4,18,9,0.9962728023529053
uwfbhfk4,18,10,0.9971034526824951
uwfbhfk4,18,11,0.9969690442085266
uwfbhfk4,18,12,0.9977564811706543
uwfbhfk4,18,13,0.9954603314399719
uwfbhfk4,18,14,0.9990819692611694
uwfbhfk4,18,15,0.9987621903419495
uwfbhfk4,18,16,0.9993455410003662
uwfbhfk4,18,17,0.9960888028144836
uwfbhfk4,18,18,1.0000001192092896
uwfbhfk4,18,19,0.9977310299873352
uwfbhfk4,18,20,0.9920867085456848
uwfbhfk4,18,21,0.9983184337615967
uwfbhfk4,18,22,0.9947997331619263
uwfbhfk4,18,23,0.9988266229629517
uwfbhfk4,18,24,0.9969776272773743
uwfbhfk4,18,25,0.9983016848564148
uwfbhfk4,18,26,0.9982015490531921
uwfbhfk4,19,1,0.9969191551208496
uwfbhfk4,19,2,0.9957051277160645
uwfbhfk4,19,3,0.9984269142150879
uwfbhfk4,19,4,0.9987696409225464
uwfbhfk4,19,5,0.9963107109069824
uwfbhfk4,19,6,0.9980427026748657
uwfbhfk4,19,7,0.9976052045822144
uwfbhfk4,19,8,0.998755156993866
uwfbhfk4,19,9,0.9994581341743469
uwfbhfk4,19,10,0.9970076084136963
uwfbhfk4,19,11,0.9967021942138672
uwfbhfk4,19,12,0.9954795241355896
uwfbhfk4,19,13,0.9975774884223938
uwfbhfk4,19,14,0.9966050982475281
uwfbhfk4,19,15,0.9989928007125854
uwfbhfk4,19,16,0.9979239106178284
uwfbhfk4,19,17,0.9978675842285156
uwfbhfk4,19,18,0.9977310299873352
uwfbhfk4,19,19,0.9999999403953552
uwfbhfk4,19,20,0.9952899217605591
uwfbhfk4,19,21,0.9977784156799316
uwfbhfk4,19,22,0.9981992840766907
uwfbhfk4,19,23,0.9961647987365723
uwfbhfk4,19,24,0.9983639717102051
uwfbhfk4,19,25,0.9966486096382141
uwfbhfk4,19,26,0.998443067073822
uwfbhfk4,20,1,0.9964150786399841
uwfbhfk4,20,2,0.9985809922218323
uwfbhfk4,20,3,0.9975810050964355
uwfbhfk4,20,4,0.9974531531333923
uwfbhfk4,20,5,0.9899389147758484
uwfbhfk4,20,6,0.9971113204956055
uwfbhfk4,20,7,0.9941480755805969
uwfbhfk4,20,8,0.9926907420158386
uwfbhfk4,20,9,0.9968608021736145
uwfbhfk4,20,10,0.9889092445373535
uwfbhfk4,20,11,0.9969642758369446
uwfbhfk4,20,12,0.9936545491218567
uwfbhfk4,20,13,0.9943044781684875
uwfbhfk4,20,14,0.9902511239051819
uwfbhfk4,20,15,0.9948943853378296
uwfbhfk4,20,16,0.9926368594169617
uwfbhfk4,20,17,0.9925507307052612
uwfbhfk4,20,18,0.9920867085456848
uwfbhfk4,20,19,0.9952899217605591
uwfbhfk4,20,20,1.0
uwfbhfk4,20,21,0.9968942403793335
uwfbhfk4,20,22,0.9986319541931152
uwfbhfk4,20,23,0.9890627264976501
uwfbhfk4,20,24,0.9955902099609375
uwfbhfk4,20,25,0.9905827641487122
uwfbhfk4,20,26,0.992483913898468
uwfbhfk4,21,1,0.9985085725784302
uwfbhfk4,21,2,0.9965213537216187
uwfbhfk4,21,3,0.9989950656890869
uwfbhfk4,21,4,0.9986922740936279
uwfbhfk4,21,5,0.9977138042449951
uwfbhfk4,21,6,0.9974762797355652
uwfbhfk4,21,7,0.9988332390785217
uwfbhfk4,21,8,0.9974326491355896
uwfbhfk4,21,9,0.9973347187042236
uwfbhfk4,21,10,0.9950165152549744
uwfbhfk4,21,11,0.9994231462478638
uwfbhfk4,21,12,0.9984536170959473
uwfbhfk4,21,13,0.9969397187232971
uwfbhfk4,21,14,0.9976826310157776
uwfbhfk4,21,15,0.9989981651306152
uwfbhfk4,21,16,0.9986402988433838
uwfbhfk4,21,17,0.996550977230072
uwfbhfk4,21,18,0.9983184337615967
uwfbhfk4,21,19,0.9977784156799316
uwfbhfk4,21,20,0.9968942403793335
uwfbhfk4,21,21,1.0
uwfbhfk4,21,22,0.997930645942688
uwfbhfk4,21,23,0.9970710873603821
uwfbhfk4,21,24,0.9985103011131287
uwfbhfk4,21,25,0.9971058368682861
uwfbhfk4,21,26,0.9976947903633118
uwfbhfk4,22,1,0.9977095723152161
uwfbhfk4,22,2,0.9982415437698364
uwfbhfk4,22,3,0.9988244771957397
uwfbhfk4,22,4,0.9991015791893005
uwfbhfk4,22,5,0.9930955767631531
uwfbhfk4,22,6,0.9986995458602905
uwfbhfk4,22,7,0.9963788986206055
uwfbhfk4,22,8,0.9966467022895813
uwfbhfk4,22,9,0.9988308548927307
uwfbhfk4,22,10,0.9939903616905212
uwfbhfk4,22,11,0.9978112578392029
uwfbhfk4,22,12,0.99502032995224
uwfbhfk4,22,13,0.9979862570762634
uwfbhfk4,22,14,0.9940286874771118
uwfbhfk4,22,15,0.9977605938911438
uwfbhfk4,22,16,0.9959607720375061
uwfbhfk4,22,17,0.9969507455825806
uwfbhfk4,22,18,0.9947997331619263
uwfbhfk4,22,19,0.9981992840766907
uwfbhfk4,22,20,0.9986319541931152
uwfbhfk4,22,21,0.997930645942688
uwfbhfk4,22,22,1.0000001192092896
uwfbhfk4,22,23,0.9930089712142944
uwfbhfk4,22,24,0.9985587000846863
uwfbhfk4,22,25,0.9939045310020447
uwfbhfk4,22,26,0.9963821768760681
uwfbhfk4,23,1,0.9951398372650146
uwfbhfk4,23,2,0.9884353876113892
uwfbhfk4,23,3,0.9947050213813782
uwfbhfk4,23,4,0.9947672486305237
uwfbhfk4,23,5,0.9993372559547424
uwfbhfk4,23,6,0.9922382831573486
uwfbhfk4,23,7,0.9985085725784302
uwfbhfk4,23,8,0.9971379637718201
uwfbhfk4,23,9,0.993708074092865
uwfbhfk4,23,10,0.9961990118026733
uwfbhfk4,23,11,0.9962989687919617
uwfbhfk4,23,12,0.9981722831726074
uwfbhfk4,23,13,0.9950125813484192
uwfbhfk4,23,14,0.9993698596954346
uwfbhfk4,23,15,0.9982774257659912
uwfbhfk4,23,16,0.9993513226509094
uwfbhfk4,23,17,0.9968639016151428
uwfbhfk4,23,18,0.9988266229629517
uwfbhfk4,23,19,0.9961647987365723
uwfbhfk4,23,20,0.9890627264976501
uwfbhfk4,23,21,0.9970710873603821
uwfbhfk4,23,22,0.9930089712142944
uwfbhfk4,23,23,0.9999998211860657
uwfbhfk4,23,24,0.9971814155578613
uwfbhfk4,23,25,0.9994639158248901
uwfbhfk4,23,26,0.9989235997200012
uwfbhfk4,24,1,0.9980455636978149
uwfbhfk4,24,2,0.9948752522468567
uwfbhfk4,24,3,0.9980053305625916
uwfbhfk4,24,4,0.9982607364654541
uwfbhfk4,24,5,0.9965532422065735
uwfbhfk4,24,6,0.9966815114021301
uwfbhfk4,24,7,0.998476505279541
uwfbhfk4,24,8,0.9981223344802856
uwfbhfk4,24,9,0.9975874423980713
uwfbhfk4,24,10,0.9957903623580933
uwfbhfk4,24,11,0.9983294606208801
uwfbhfk4,24,12,0.9973382949829102
uwfbhfk4,24,13,0.9985920190811157
uwfbhfk4,24,14,0.9972894787788391
uwfbhfk4,24,15,0.9990523457527161
uwfbhfk4,24,16,0.998506486415863
uwfbhfk4,24,17,0.9988991022109985
uwfbhfk4,24,18,0.9969776272773743
uwfbhfk4,24,19,0.9983639717102051
uwfbhfk4,24,20,0.9955902099609375
uwfbhfk4,24,21,0.9985103011131287
uwfbhfk4,24,22,0.9985587000846863
uwfbhfk4,24,23,0.9971814155578613
uwfbhfk4,24,24,0.9999998211860657
uwfbhfk4,24,25,0.9975048303604126
uwfbhfk4,24,26,0.9990999102592468
uwfbhfk4,25,1,0.9954174160957336
uwfbhfk4,25,2,0.9888589382171631
uwfbhfk4,25,3,0.994795024394989
uwfbhfk4,25,4,0.9952794909477234
uwfbhfk4,25,5,0.9988951086997986
uwfbhfk4,25,6,0.9922996163368225
uwfbhfk4,25,7,0.9991731643676758
uwfbhfk4,25,8,0.9969779253005981
uwfbhfk4,25,9,0.9945628643035889
uwfbhfk4,25,10,0.9949295520782471
uwfbhfk4,25,11,0.9966915845870972
uwfbhfk4,25,12,0.9985916018486023
uwfbhfk4,25,13,0.9948973655700684
uwfbhfk4,25,14,0.9984404444694519
uwfbhfk4,25,15,0.998403012752533
uwfbhfk4,25,16,0.9990754127502441
uwfbhfk4,25,17,0.9971437454223633
uwfbhfk4,25,18,0.9983016848564148
uwfbhfk4,25,19,0.9966486096382141
uwfbhfk4,25,20,0.9905827641487122
uwfbhfk4,25,21,0.9971058368682861
uwfbhfk4,25,22,0.9939045310020447
uwfbhfk4,25,23,0.9994639158248901
uwfbhfk4,25,24,0.9975048303604126
uwfbhfk4,25,25,0.9999999403953552
uwfbhfk4,25,26,0.9991677403450012
uwfbhfk4,26,1,0.9970232248306274
uwfbhfk4,26,2,0.9917630553245544
uwfbhfk4,26,3,0.9968463778495789
uwfbhfk4,26,4,0.9972153902053833
uwfbhfk4,26,5,0.9980964660644531
uwfbhfk4,26,6,0.994875967502594
uwfbhfk4,26,7,0.9988493323326111
uwfbhfk4,26,8,0.9984663128852844
uwfbhfk4,26,9,0.996846616268158
uwfbhfk4,26,10,0.9968118667602539
uwfbhfk4,26,11,0.9971278309822083
uwfbhfk4,26,12,0.9976825714111328
uwfbhfk4,26,13,0.9975680112838745
uwfbhfk4,26,14,0.9985256195068359
uwfbhfk4,26,15,0.9993281960487366
uwfbhfk4,26,16,0.9992803931236267
uwfbhfk4,26,17,0.9989851117134094
uwfbhfk4,26,18,0.9982015490531921
uwfbhfk4,26,19,0.998443067073822
uwfbhfk4,26,20,0.992483913898468
uwfbhfk4,26,21,0.9976947903633118
uwfbhfk4,26,22,0.9963821768760681
uwfbhfk4,26,23,0.9989235997200012
uwfbhfk4,26,24,0.9990999102592468
uwfbhfk4,26,25,0.9991677403450012
uwfbhfk4,26,26,1.0000001192092896
voxac5zw,1,1,1.0000001192092896
voxac5zw,1,2,0.9955239295959473
voxac5zw,1,3,0.995938241481781
voxac5zw,2,1,0.9955239295959473
voxac5zw,2,2,1.0000001192092896
voxac5zw,2,3,0.9929559826850891
voxac5zw,3,1,0.995938241481781
voxac5zw,3,2,0.9929559826850891
voxac5zw,3,3,1.0
vrhavhrj,1,1,0.9999999403953552
vrhavhrj,1,2,0.9803162217140198
vrhavhrj,1,3,0.9681814908981323
vrhavhrj,1,4,0.9815376400947571
vrhavhrj,1,5,0.981820285320282
vrhavhrj,1,6,0.9667040109634399
vrhavhrj,2,1,0.9803162217140198
vrhavhrj,2,2,1.0
vrhavhrj,2,3,0.985274612903595
vrhavhrj,2,4,0.9920064210891724
vrhavhrj,2,5,0.9753479361534119
vrhavhrj,2,6,0.9892557859420776
vrhavhrj,3,1,0.9681814908981323
vrhavhrj,3,2,0.985274612903595
vrhavhrj,3,3,0.9999998807907104
vrhavhrj,3,4,0.995768129825592
vrhavhrj,3,5,0.9882791042327881
vrhavhrj,3,6,0.9977035522460938
vrhavhrj,4,1,0.9815376400947571
vrhavhrj,4,2,0.9920064210891724
vrhavhrj,4,3,0.995768129825592
vrhavhrj,4,4,1.0000001192092896
vrhavhrj,4,5,0.9932753443717957
vrhavhrj,4,6,0.9959484338760376
vrhavhrj,5,1,0.981820285320282
vrhavhrj,5,2,0.9753479361534119
vrhavhrj,5,3,0.9882791042327881
vrhavhrj,5,4,0.9932753443717957
vrhavhrj,5,5,1.0
vrhavhrj,5,6,0.9850516319274902
vrhavhrj,6,1,0.9667040109634399
vrhavhrj,6,2,0.9892557859420776
vrhavhrj,6,3,0.9977035522460938
vrhavhrj,6,4,0.9959484338760376
vrhavhrj,6,5,0.9850516319274902
vrhavhrj,6,6,0.9999999403953552
vumw8ysm,1,1,1.0
vumw8ysm,1,2,0.9935771226882935
vumw8ysm,1,3,0.9824243187904358
vumw8ysm,2,1,0.9935771226882935
vumw8ysm,2,2,1.0
vumw8ysm,2,3,0.9762978553771973
vumw8ysm,3,1,0.9824243187904358
vumw8ysm,3,2,0.9762978553771973
vumw8ysm,3,3,1.0000001192092896
w2bt6b8j,1,1,1.0
w2bt6b8j,1,2,0.9919213652610779
w2bt6b8j,1,3,0.9900829792022705
w2bt6b8j,1,4,0.9920557737350464
w2bt6b8j,1,5,0.9912129044532776
w2bt6b8j,1,6,0.9907815456390381
w2bt6b8j,1,7,0.9856019616127014
w2bt6b8j,1,8,0.9875342845916748
w2bt6b8j,1,9,0.9886552095413208
w2bt6b8j,1,10,0.985666036605835
w2bt6b8j,2,1,0.9919213652610779
w2bt6b8j,2,2,1.0000001192092896
w2bt6b8j,2,3,0.9893478751182556
w2bt6b8j,2,4,0.994125247001648
w2bt6b8j,2,5,0.9969980716705322
w2bt6b8j,2,6,0.9940560460090637
w2bt6b8j,2,7,0.9979888200759888
w2bt6b8j,2,8,0.9928473830223083
w2bt6b8j,2,9,0.9924832582473755
w2bt6b8j,2,10,0.979526162147522
w2bt6b8j,3,1,0.9900829792022705
w2bt6b8j,3,2,0.9893478751182556
w2bt6b8j,3,3,1.0
w2bt6b8j,3,4,0.9900014996528625
w2bt6b8j,3,5,0.9898072481155396
w2bt6b8j,3,6,0.9969442486763
w2bt6b8j,3,7,0.9845417141914368
w2bt6b8j,3,8,0.9855971932411194
w2bt6b8j,3,9,0.992970883846283
w2bt6b8j,3,10,0.9929908514022827
w2bt6b8j,4,1,0.9920557737350464
w2bt6b8j,4,2,0.994125247001648
w2bt6b8j,4,3,0.9900014996528625
w2bt6b8j,4,4,0.9999998807907104
w2bt6b8j,4,5,0.9982766509056091
w2bt6b8j,4,6,0.992774248123169
w2bt6b8j,4,7,0.9898130893707275
w2bt6b8j,4,8,0.9902170896530151
w2bt6b8j,4,9,0.9900525212287903
w2bt6b8j,4,10,0.9758864045143127
w2bt6b8j,5,1,0.9912129044532776
w2bt6b8j,5,2,0.9969980716705322
w2bt6b8j,5,3,0.9898072481155396
w2bt6b8j,5,4,0.9982766509056091
w2bt6b8j,5,5,1.0
w2bt6b8j,5,6,0.9943171143531799
w2bt6b8j,5,7,0.9949477910995483
w2bt6b8j,5,8,0.9943071603775024
w2bt6b8j,5,9,0.9930919408798218
w2bt6b8j,5,10,0.9763244390487671
w2bt6b8j,6,1,0.9907815456390381
w2bt6b8j,6,2,0.9940560460090637
w2bt6b8j,6,3,0.9969442486763
w2bt6b8j,6,4,0.992774248123169
w2bt6b8j,6,5,0.9943171143531799
w2bt6b8j,6,6,1.0
w2bt6b8j,6,7,0.9922741651535034
w2bt6b8j,6,8,0.9867036938667297
w2bt6b8j,6,9,0.9928492307662964
w2bt6b8j,6,10,0.990332841873169
w2bt6b8j,7,1,0.9856019616127014
w2bt6b8j,7,2,0.9979888200759888
w2bt6b8j,7,3,0.9845417141914368
w2bt6b8j,7,4,0.9898130893707275
w2bt6b8j,7,5,0.9949477910995483
w2bt6b8j,7,6,0.9922741651535034
w2bt6b8j,7,7,1.0000001192092896
w2bt6b8j,7,8,0.9914340972900391
w2bt6b8j,7,9,0.9916248917579651
w2bt6b8j,7,10,0.9771728515625
w2bt6b8j,8,1,0.9875342845916748
w2bt6b8j,8,2,0.9928473830223083
w2bt6b8j,8,3,0.9855971932411194
w2bt6b8j,8,4,0.9902170896530151
w2bt6b8j,8,5,0.9943071603775024
w2bt6b8j,8,6,0.9867036938667297
w2bt6b8j,8,7,0.9914340972900391
w2bt6b8j,8,8,1.0000001192092896
w2bt6b8j,8,9,0.9970163702964783
w2bt6b8j,8,10,0.9760383367538452
w2bt6b8j,9,1,0.9886552095413208
w2bt6b8j,9,2,0.9924832582473755
w2bt6b8j,9,3,0.992970883846283
w2bt6b8j,9,4,0.9900525212287903
w2bt6b8j,9,5,0.9930919408798218
w2bt6b8j,9,6,0.9928492307662964
w2bt6b8j,9,7,0.9916248917579651
w2bt6b8j,9,8,0.9970163702964783
w2bt6b8j,9,9,1.000000238418579
w2bt6b8j,9,10,0.9883793592453003
w2bt6b8j,10,1,0.985666036605835
w2bt6b8j,10,2,0.979526162147522
w2bt6b8j,10,3,0.9929908514022827
w2bt6b8j,10,4,0.9758864045143127
w2bt6b8j,10,5,0.9763244390487671
w2bt6b8j,10,6,0.990332841873169
w2bt6b8j,10,7,0.9771728515625
w2bt6b8j,10,8,0.9760383367538452
w2bt6b8j,10,9,0.9883793592453003
w2bt6b8j,10,10,1.0000001192092896
w40h9055,1,1,1.0000001192092896
w40h9055,1,2,0.9343766570091248
w40h9055,1,3,0.9770563244819641
w40h9055,2,1,0.9343766570091248
w40h9055,2,2,0.9999998807907104
w40h9055,2,3,0.9787651300430298
w40h9055,3,1,0.9770563244819641
w40h9055,3,2,0.9787651300430298
w40h9055,3,3,1.0
wi9qp1pu,1,1,1.0
wi9qp1pu,1,2,0.9954038262367249
wi9qp1pu,1,3,0.994125485420227
wi9qp1pu,1,4,0.9721497297286987
wi9qp1pu,2,1,0.9954038262367249
wi9qp1pu,2,2,1.0
wi9qp1pu,2,3,0.9948235750198364
wi9qp1pu,2,4,0.9763880372047424
wi9qp1pu,3,1,0.994125485420227
wi9qp1pu,3,2,0.9948235750198364
wi9qp1pu,3,3,0.9999999403953552
wi9qp1pu,3,4,0.9786812663078308
wi9qp1pu,4,1,0.9721497297286987
wi9qp1pu,4,2,0.9763880372047424
wi9qp1pu,4,3,0.9786812663078308
wi9qp1pu,4,4,1.0
x1lf3klj,1,1,0.9999998807907104
x1lf3klj,1,2,0.9935631155967712
x1lf3klj,2,1,0.9935631155967712
x1lf3klj,2,2,1.0
x25pz5ty,1,1,1.0
x25pz5ty,1,2,0.9858876466751099
x25pz5ty,1,3,0.985136866569519
x25pz5ty,1,4,0.9302371740341187
x25pz5ty,1,5,0.9911015629768372
x25pz5ty,2,1,0.9858876466751099
x25pz5ty,2,2,1.0000001192092896
x25pz5ty,2,3,0.994290292263031
x25pz5ty,2,4,0.9510282874107361
x25pz5ty,2,5,0.997664749622345
x25pz5ty,3,1,0.985136866569519
x25pz5ty,3,2,0.994290292263031
x25pz5ty,3,3,0.9999998211860657
x25pz5ty,3,4,0.960391640663147
x25pz5ty,3,5,0.9887832403182983
x25pz5ty,4,1,0.9302371740341187
x25pz5ty,4,2,0.9510282874107361
x25pz5ty,4,3,0.960391640663147
x25pz5ty,4,4,0.9999999403953552
x25pz5ty,4,5,0.9433125257492065
x25pz5ty,5,1,0.9911015629768372
x25pz5ty,5,2,0.997664749622345
x25pz5ty,5,3,0.9887832403182983
x25pz5ty,5,4,0.9433125257492065
x25pz5ty,5,5,0.9999998807907104
xakey307,1,1,1.0
xakey307,1,2,0.9940928816795349
xakey307,1,3,0.9945403337478638
xakey307,2,1,0.9940928816795349
xakey307,2,2,0.9999998807907104
xakey307,2,3,0.9975772500038147
xakey307,3,1,0.9945403337478638
xakey307,3,2,0.9975772500038147
xakey307,3,3,1.0
xkv74uxe,1,1,1.0
xkv74uxe,1,2,0.9970448613166809
xkv74uxe,1,3,0.9986282587051392
xkv74uxe,1,4,0.9990520477294922
xkv74uxe,1,5,0.9968698620796204
xkv74uxe,1,6,0.9961718916893005
xkv74uxe,1,7,0.9942205548286438
xkv74uxe,1,8,0.9964267611503601
xkv74uxe,1,9,0.9955501556396484
xkv74uxe,1,10,0.9937189221382141
xkv74uxe,1,11,0.9929355382919312
xkv74uxe,1,12,0.9941430687904358
xkv74uxe,1,13,0.9950806498527527
xkv74uxe,1,14,0.9934309720993042
xkv74uxe,1,15,0.9920257329940796
xkv74uxe,1,16,0.9948108196258545
xkv74uxe,1,17,0.9918419718742371
xkv74uxe,1,18,0.9892654418945312
xkv74uxe,1,19,0.9894561171531677
xkv74uxe,1,20,0.9932408928871155
xkv74uxe,2,1,0.9970448613166809
xkv74uxe,2,2,1.0000001192092896
xkv74uxe,2,3,0.9975048899650574
xkv74uxe,2,4,0.9950793385505676
xkv74uxe,2,5,0.9951381087303162
xkv74uxe,2,6,0.9975240230560303
xkv74uxe,2,7,0.9902065992355347
xkv74uxe,2,8,0.9946405291557312
xkv74uxe,2,9,0.9965880513191223
xkv74uxe,2,10,0.9898240566253662
xkv74uxe,2,11,0.9965618848800659
xkv74uxe,2,12,0.9952187538146973
xkv74uxe,2,13,0.9936947822570801
xkv74uxe,2,14,0.9946555495262146
xkv74uxe,2,15,0.9929919838905334
xkv74uxe,2,16,0.9924276471138
xkv74uxe,2,17,0.9932549595832825
xkv74uxe,2,18,0.9869964122772217
xkv74uxe,2,19,0.98735511302948
xkv74uxe,2,20,0.9943358302116394
xkv74uxe,3,1,0.9986282587051392
xkv74uxe,3,2,0.9975048899650574
xkv74uxe,3,3,1.000000238418579
xkv74uxe,3,4,0.9985808730125427
xkv74uxe,3,5,0.9977853894233704
xkv74uxe,3,6,0.9976930022239685
xkv74uxe,3,7,0.9963584542274475
xkv74uxe,3,8,0.9983651041984558
xkv74uxe,3,9,0.9983306527137756
xkv74uxe,3,10,0.9962071776390076
xkv74uxe,3,11,0.9947328567504883
xkv74uxe,3,12,0.9974813461303711
xkv74uxe,3,13,0.9963714480400085
xkv74uxe,3,14,0.9974349737167358
xkv74uxe,3,15,0.996572732925415
xkv74uxe,3,16,0.9955798387527466
xkv74uxe,3,17,0.9963975548744202
xkv74uxe,3,18,0.9941803812980652
xkv74uxe,3,19,0.9936323165893555
xkv74uxe,3,20,0.9965829253196716
xkv74uxe,4,1,0.9990520477294922
xkv74uxe,4,2,0.9950793385505676
xkv74uxe,4,3,0.9985808730125427
xkv74uxe,4,4,0.9999998807907104
xkv74uxe,4,5,0.9983727335929871
xkv74uxe,4,6,0.9963273406028748
xkv74uxe,4,7,0.9962326884269714
xkv74uxe,4,8,0.9978765845298767
xkv74uxe,4,9,0.9954410195350647
xkv74uxe,4,10,0.9966422319412231
xkv74uxe,4,11,0.9914438128471375
xkv74uxe,4,12,0.9945625066757202
xkv74uxe,4,13,0.9962160587310791
xkv74uxe,4,14,0.9941148161888123
xkv74uxe,4,15,0.9931138157844543
xkv74uxe,4,16,0.9960635304450989
xkv74uxe,4,17,0.9929000735282898
xkv74uxe,4,18,0.9913870096206665
xkv74uxe,4,19,0.9928220510482788
xkv74uxe,4,20,0.993476927280426
xkv74uxe,5,1,0.9968698620796204
xkv74uxe,5,2,0.9951381087303162
xkv74uxe,5,3,0.9977853894233704
xkv74uxe,5,4,0.9983727335929871
xkv74uxe,5,5,1.000000238418579
xkv74uxe,5,6,0.9987896680831909
xkv74uxe,5,7,0.9964625239372253
xkv74uxe,5,8,0.997635543346405
xkv74uxe,5,9,0.9966552257537842
xkv74uxe,5,10,0.9976075887680054
xkv74uxe,5,11,0.9920886158943176
xkv74uxe,5,12,0.994860827922821
xkv74uxe,5,13,0.9956958889961243
xkv74uxe,5,14,0.9960082769393921
xkv74uxe,5,15,0.9951350688934326
xkv74uxe,5,16,0.9952865839004517
xkv74uxe,5,17,0.9955345988273621
xkv74uxe,5,18,0.9927008748054504
xkv74uxe,5,19,0.9959699511528015
xkv74uxe,5,20,0.9939965605735779
xkv74uxe,6,1,0.9961718916893005
xkv74uxe,6,2,0.9975240230560303
xkv74uxe,6,3,0.9976930022239685
xkv74uxe,6,4,0.9963273406028748
xkv74uxe,6,5,0.9987896680831909
xkv74uxe,6,6,1.0
xkv74uxe,6,7,0.9951239824295044
xkv74uxe,6,8,0.9962689280509949
xkv74uxe,6,9,0.997894823551178
xkv74uxe,6,10,0.9951956272125244
xkv74uxe,6,11,0.9941230416297913
xkv74uxe,6,12,0.995262086391449
xkv74uxe,6,13,0.9939458966255188
xkv74uxe,6,14,0.9967074394226074
xkv74uxe,6,15,0.9959234595298767
xkv74uxe,6,16,0.9927972555160522
xkv74uxe,6,17,0.9959871768951416
xkv74uxe,6,18,0.9916728138923645
xkv74uxe,6,19,0.9937911629676819
xkv74uxe,6,20,0.9944168925285339
xkv74uxe,7,1,0.9942205548286438
xkv74uxe,7,2,0.9902065992355347
xkv74uxe,7,3,0.9963584542274475
xkv74uxe,7,4,0.9962326884269714
xkv74uxe,7,5,0.9964625239372253
xkv74uxe,7,6,0.9951239824295044
xkv74uxe,7,7,1.0
xkv74uxe,7,8,0.9955607652664185
xkv74uxe,7,9,0.9963470697402954
xkv74uxe,7,10,0.9980212450027466
xkv74uxe,7,11,0.9864856600761414
xkv74uxe,7,12,0.9934024214744568
xkv74uxe,7,13,0.9917822480201721
xkv74uxe,7,14,0.9953118562698364
xkv74uxe,7,15,0.9965115189552307
xkv74uxe,7,16,0.9908092617988586
xkv74uxe,7,17,0.9942123293876648
xkv74uxe,7,18,0.9966069459915161
xkv74uxe,7,19,0.995498776435852
xkv74uxe,7,20,0.992936909198761
xkv74uxe,8,1,0.9964267611503601
xkv74uxe,8,2,0.9946405291557312
xkv74uxe,8,3,0.9983651041984558
xkv74uxe,8,4,0.9978765845298767
xkv74uxe,8,5,0.997635543346405
xkv74uxe,8,6,0.9962689280509949
xkv74uxe,8,7,0.9955607652664185
xkv74uxe,8,8,1.000000238418579
xkv74uxe,8,9,0.9963549375534058
xkv74uxe,8,10,0.9965842366218567
xkv74uxe,8,11,0.9919050335884094
xkv74uxe,8,12,0.9964190721511841
xkv74uxe,8,13,0.9964043498039246
xkv74uxe,8,14,0.9960400462150574
xkv74uxe,8,15,0.9964350461959839
xkv74uxe,8,16,0.9960092306137085
xkv74uxe,8,17,0.9955949187278748
xkv74uxe,8,18,0.9937694072723389
xkv74uxe,8,19,0.9951656460762024
xkv74uxe,8,20,0.9953223466873169
xkv74uxe,9,1,0.9955501556396484
xkv74uxe,9,2,0.9965880513191223
xkv74uxe,9,3,0.9983306527137756
xkv74uxe,9,4,0.9954410195350647
xkv74uxe,9,5,0.9966552257537842
xkv74uxe,9,6,0.997894823551178
xkv74uxe,9,7,0.9963470697402954
xkv74uxe,9,8,0.9963549375534058
xkv74uxe,9,9,1.0000001192092896
xkv74uxe,9,10,0.9960765838623047
xkv74uxe,9,11,0.9959172010421753
xkv74uxe,9,12,0.9985755085945129
xkv74uxe,9,13,0.9958863258361816
xkv74uxe,9,14,0.9993442893028259
xkv74uxe,9,15,0.9985317587852478
xkv74uxe,9,16,0.9945256114006042
xkv74uxe,9,17,0.9985308647155762
xkv74uxe,9,18,0.9962162375450134
xkv74uxe,9,19,0.9949405789375305
xkv74uxe,9,20,0.9984564185142517
xkv74uxe,10,1,0.9937189221382141
xkv74uxe,10,2,0.9898240566253662
xkv74uxe,10,3,0.9962071776390076
xkv74uxe,10,4,0.9966422319412231
xkv74uxe,10,5,0.9976075887680054
xkv74uxe,10,6,0.9951956272125244
xkv74uxe,10,7,0.9980212450027466
xkv74uxe,10,8,0.9965842366218567
xkv74uxe,10,9,0.9960765838623047
xkv74uxe,10,10,1.0
xkv74uxe,10,11,0.989596962928772
xkv74uxe,10,12,0.9955922365188599
xkv74uxe,10,13,0.9957665205001831
xkv74uxe,10,14,0.9965790510177612
xkv74uxe,10,15,0.9955747127532959
xkv74uxe,10,16,0.9952166080474854
xkv74uxe,10,17,0.9960687160491943
xkv74uxe,10,18,0.9965198040008545
xkv74uxe,10,19,0.9977949857711792
xkv74uxe,10,20,0.9947127103805542
xkv74uxe,11,1,0.9929355382919312
xkv74uxe,11,2,0.9965618848800659
xkv74uxe,11,3,0.9947328567504883
xkv74uxe,11,4,0.9914438128471375
xkv74uxe,11,5,0.9920886158943176
xkv74uxe,11,6,0.9941230416297913
xkv74uxe,11,7,0.9864856600761414
xkv74uxe,11,8,0.9919050335884094
xkv74uxe,11,9,0.9959172010421753
xkv74uxe,11,10,0.989596962928772
xkv74uxe,11,11,1.0000001192092896
xkv74uxe,11,12,0.9974960684776306
xkv74uxe,11,13,0.9964051246643066
xkv74uxe,11,14,0.9957509636878967
xkv74uxe,11,15,0.9911606311798096
xkv74uxe,11,16,0.9950699806213379
xkv74uxe,11,17,0.9949759840965271
xkv74uxe,11,18,0.9871789216995239
xkv74uxe,11,19,0.9871679544448853
xkv74uxe,11,20,0.9965074062347412
xkv74uxe,12,1,0.9941430687904358
xkv74uxe,12,2,0.9952187538146973
xkv74uxe,12,3,0.9974813461303711
xkv74uxe,12,4,0.9945625066757202
xkv74uxe,12,5,0.994860827922821
xkv74uxe,12,6,0.995262086391449
xkv74uxe,12,7,0.9934024214744568
xkv74uxe,12,8,0.9964190721511841
xkv74uxe,12,9,0.9985755085945129
xkv74uxe,12,10,0.9955922365188599
xkv74uxe,12,11,0.9974960684776306
xkv74uxe,12,12,1.0
xkv74uxe,12,13,0.9981681108474731
xkv74uxe,12,14,0.9990626573562622
xkv74uxe,12,15,0.9968105554580688
xkv74uxe,12,16,0.9969514608383179
xkv74uxe,12,17,0.9984576106071472
xkv74uxe,12,18,0.9951101541519165
xkv74uxe,12,19,0.9940811395645142
xkv74uxe,12,20,0.9993149042129517
xkv74uxe,13,1,0.9950806498527527
xkv74uxe,13,2,0.9936947822570801
xkv74uxe,13,3,0.9963714480400085
xkv74uxe,13,4,0.9962160587310791
xkv74uxe,13,5,0.9956958889961243
xkv74uxe,13,6,0.9939458966255188
xkv74uxe,13,7,0.9917822480201721
xkv74uxe,13,8,0.9964043498039246
xkv74uxe,13,9,0.9958863258361816
xkv74uxe,13,10,0.9957665205001831
xkv74uxe,13,11,0.9964051246643066
xkv74uxe,13,12,0.9981681108474731
xkv74uxe,13,13,1.000000238418579
xkv74uxe,13,14,0.996300220489502
xkv74uxe,13,15,0.993073582649231
xkv74uxe,13,16,0.999744176864624
xkv74uxe,13,17,0.9957846403121948
xkv74uxe,13,18,0.9919096231460571
xkv74uxe,13,19,0.9935450553894043
xkv74uxe,13,20,0.9975139498710632
xkv74uxe,14,1,0.9934309720993042
xkv74uxe,14,2,0.9946555495262146
xkv74uxe,14,3,0.9974349737167358
xkv74uxe,14,4,0.9941148161888123
xkv74uxe,14,5,0.9960082769393921
xkv74uxe,14,6,0.9967074394226074
xkv74uxe,14,7,0.9953118562698364
xkv74uxe,14,8,0.9960400462150574
xkv74uxe,14,9,0.9993442893028259
xkv74uxe,14,10,0.9965790510177612
xkv74uxe,14,11,0.9957509636878967
xkv74uxe,14,12,0.9990626573562622
xkv74uxe,14,13,0.996300220489502
xkv74uxe,14,14,0.9999997615814209
xkv74uxe,14,15,0.9985054135322571
xkv74uxe,14,16,0.9949449896812439
xkv74uxe,14,17,0.9996517896652222
xkv74uxe,14,18,0.9971333146095276
xkv74uxe,14,19,0.9962974190711975
xkv74uxe,14,20,0.9988275170326233
xkv74uxe,15,1,0.9920257329940796
xkv74uxe,15,2,0.9929919838905334
xkv74uxe,15,3,0.996572732925415
xkv74uxe,15,4,0.9931138157844543
xkv74uxe,15,5,0.9951350688934326
xkv74uxe,15,6,0.9959234595298767
xkv74uxe,15,7,0.9965115189552307
xkv74uxe,15,8,0.9964350461959839
xkv74uxe,15,9,0.9985317587852478
xkv74uxe,15,10,0.9955747127532959
xkv74uxe,15,11,0.9911606311798096
xkv74uxe,15,12,0.9968105554580688
xkv74uxe,15,13,0.993073582649231
xkv74uxe,15,14,0.9985054135322571
xkv74uxe,15,15,1.0000001192092896
xkv74uxe,15,16,0.9917759299278259
xkv74uxe,15,17,0.998315155506134
xkv74uxe,15,18,0.9980329871177673
xkv74uxe,15,19,0.996747612953186
xkv74uxe,15,20,0.9971926808357239
xkv74uxe,16,1,0.9948108196258545
xkv74uxe,16,2,0.9924276471138
xkv74uxe,16,3,0.9955798387527466
xkv74uxe,16,4,0.9960635304450989
xkv74uxe,16,5,0.9952865839004517
xkv74uxe,16,6,0.9927972555160522
xkv74uxe,16,7,0.9908092617988586
xkv74uxe,16,8,0.9960092306137085
xkv74uxe,16,9,0.9945256114006042
xkv74uxe,16,10,0.9952166080474854
xkv74uxe,16,11,0.9950699806213379
xkv74uxe,16,12,0.9969514608383179
xkv74uxe,16,13,0.999744176864624
xkv74uxe,16,14,0.9949449896812439
xkv74uxe,16,15,0.9917759299278259
xkv74uxe,16,16,0.9999997615814209
xkv74uxe,16,17,0.9946627616882324
xkv74uxe,16,18,0.9910972118377686
xkv74uxe,16,19,0.9933487772941589
xkv74uxe,16,20,0.9965819716453552
xkv74uxe,17,1,0.9918419718742371
xkv74uxe,17,2,0.9932549595832825
xkv74uxe,17,3,0.9963975548744202
xkv74uxe,17,4,0.9929000735282898
xkv74uxe,17,5,0.9955345988273621
xkv74uxe,17,6,0.9959871768951416
xkv74uxe,17,7,0.9942123293876648
xkv74uxe,17,8,0.9955949187278748
xkv74uxe,17,9,0.9985308647155762
xkv74uxe,17,10,0.9960687160491943
xkv74uxe,17,11,0.9949759840965271
xkv74uxe,17,12,0.9984576106071472
xkv74uxe,17,13,0.9957846403121948
xkv74uxe,17,14,0.9996517896652222
xkv74uxe,17,15,0.998315155506134
xkv74uxe,17,16,0.9946627616882324
xkv74uxe,17,17,1.000000238418579
xkv74uxe,17,18,0.9971936941146851
xkv74uxe,17,19,0.9970218539237976
xkv74uxe,17,20,0.9984470009803772
xkv74uxe,18,1,0.9892654418945312
xkv74uxe,18,2,0.9869964122772217
xkv74uxe,18,3,0.9941803812980652
xkv74uxe,18,4,0.9913870096206665
xkv74uxe,18,5,0.9927008748054504
xkv74uxe,18,6,0.9916728138923645
xkv74uxe,18,7,0.9966069459915161
xkv74uxe,18,8,0.9937694072723389
xkv74uxe,18,9,0.9962162375450134
xkv74uxe,18,10,0.9965198040008545
xkv74uxe,18,11,0.9871789216995239
xkv74uxe,18,12,0.9951101541519165
xkv74uxe,18,13,0.9919096231460571
xkv74uxe,18,14,0.9971333146095276
xkv74uxe,18,15,0.9980329871177673
xkv74uxe,18,16,0.9910972118377686
xkv74uxe,18,17,0.9971936941146851
xkv74uxe,18,18,0.9999997615814209
xkv74uxe,18,19,0.9975859522819519
xkv74uxe,18,20,0.9960735440254211
xkv74uxe,19,1,0.9894561171531677
xkv74uxe,19,2,0.98735511302948
xkv74uxe,19,3,0.9936323165893555
xkv74uxe,19,4,0.9928220510482788
xkv74uxe,19,5,0.9959699511528015
xkv74uxe,19,6,0.9937911629676819
xkv74uxe,19,7,0.995498776435852
xkv74uxe,19,8,0.9951656460762024
xkv74uxe,19,9,0.9949405789375305
xkv74uxe,19,10,0.9977949857711792
xkv74uxe,19,11,0.9871679544448853
xkv74uxe,19,12,0.9940811395645142
xkv74uxe,19,13,0.9935450553894043
xkv74uxe,19,14,0.9962974190711975
xkv74uxe,19,15,0.996747612953186
xkv74uxe,19,16,0.9933487772941589
xkv74uxe,19,17,0.9970218539237976
xkv74uxe,19,18,0.9975859522819519
xkv74uxe,19,19,1.0
xkv74uxe,19,20,0.9947971701622009
xkv74uxe,20,1,0.9932408928871155
xkv74uxe,20,2,0.9943358302116394
xkv74uxe,20,3,0.9965829253196716
xkv74uxe,20,4,0.993476927280426
xkv74uxe,20,5,0.9939965605735779
xkv74uxe,20,6,0.9944168925285339
xkv74uxe,20,7,0.992936909198761
xkv74uxe,20,8,0.9953223466873169
xkv74uxe,20,9,0.9984564185142517
xkv74uxe,20,10,0.9947127103805542
xkv74uxe,20,11,0.9965074062347412
xkv74uxe,20,12,0.9993149042129517
xkv74uxe,20,13,0.9975139498710632
xkv74uxe,20,14,0.9988275170326233
xkv74uxe,20,15,0.9971926808357239
xkv74uxe,20,16,0.9965819716453552
xkv74uxe,20,17,0.9984470009803772
xkv74uxe,20,18,0.9960735440254211
xkv74uxe,20,19,0.9947971701622009
xkv74uxe,20,20,1.0000001192092896
xmjr1qxh,1,1,1.0
xmjr1qxh,1,2,0.9979916214942932
xmjr1qxh,1,3,0.9941977858543396
xmjr1qxh,1,4,0.9909613132476807
xmjr1qxh,1,5,0.9486119747161865
xmjr1qxh,1,6,0.86738121509552
xmjr1qxh,2,1,0.9979916214942932
xmjr1qxh,2,2,0.9999999403953552
xmjr1qxh,2,3,0.9958702921867371
xmjr1qxh,2,4,0.995833158493042
xmjr1qxh,2,5,0.9486956000328064
xmjr1qxh,2,6,0.8595608472824097
xmjr1qxh,3,1,0.9941977858543396
xmjr1qxh,3,2,0.9958702921867371
xmjr1qxh,3,3,1.0
xmjr1qxh,3,4,0.9964131712913513
xmjr1qxh,3,5,0.9530728459358215
xmjr1qxh,3,6,0.8580847978591919
xmjr1qxh,4,1,0.9909613132476807
xmjr1qxh,4,2,0.995833158493042
xmjr1qxh,4,3,0.9964131712913513
xmjr1qxh,4,4,1.0
xmjr1qxh,4,5,0.9540214538574219
xmjr1qxh,4,6,0.8650580048561096
xmjr1qxh,5,1,0.9486119747161865
xmjr1qxh,5,2,0.9486956000328064
xmjr1qxh,5,3,0.9530728459358215
xmjr1qxh,5,4,0.9540214538574219
xmjr1qxh,5,5,1.0000001192092896
xmjr1qxh,5,6,0.9392970204353333
xmjr1qxh,6,1,0.86738121509552
xmjr1qxh,6,2,0.8595608472824097
xmjr1qxh,6,3,0.8580847978591919
xmjr1qxh,6,4,0.8650580048561096
xmjr1qxh,6,5,0.9392970204353333
xmjr1qxh,6,6,0.9999998807907104
xxz9n5ks,1,1,1.0000001192092896
xxz9n5ks,1,2,0.9894484877586365
xxz9n5ks,2,1,0.9894484877586365
xxz9n5ks,2,2,0.9999999403953552
y4qcghic,1,1,0.9999998211860657
y4qcghic,1,2,0.9935686588287354
y4qcghic,1,3,0.9806540012359619
y4qcghic,2,1,0.9935686588287354
y4qcghic,2,2,1.0
y4qcghic,2,3,0.9897871017456055
y4qcghic,3,1,0.9806540012359619
y4qcghic,3,2,0.9897871017456055
y4qcghic,3,3,0.9999998807907104
ytgkeoqd,1,1,1.0000001192092896
ytgkeoqd,1,2,0.9914109706878662
ytgkeoqd,1,3,0.9949939250946045
ytgkeoqd,2,1,0.9914109706878662
ytgkeoqd,2,2,1.0
ytgkeoqd,2,3,0.9978020787239075
ytgkeoqd,3,1,0.9949939250946045
ytgkeoqd,3,2,0.9978020787239075
ytgkeoqd,3,3,0.9999999403953552
yz331p77,1,1,1.0000001192092896
yz331p77,1,2,0.9970815777778625
yz331p77,2,1,0.9970815777778625
yz331p77,2,2,0.9999999403953552
zg417st5,1,1,0.9999998807907104
zg417st5,1,2,0.9905001521110535
zg417st5,1,3,0.9912096858024597
zg417st5,1,4,0.9867491722106934
zg417st5,1,5,0.9914996027946472
zg417st5,2,1,0.9905001521110535
zg417st5,2,2,1.0
zg417st5,2,3,0.9902815222740173
zg417st5,2,4,0.9850326776504517
zg417st5,2,5,0.9896465539932251
zg417st5,3,1,0.9912096858024597
zg417st5,3,2,0.9902815222740173
zg417st5,3,3,1.0
zg417st5,3,4,0.9980405569076538
zg417st5,3,5,0.9937732219696045
zg417st5,4,1,0.9867491722106934
zg417st5,4,2,0.9850326776504517
zg417st5,4,3,0.9980405569076538
zg417st5,4,4,1.0000001192092896
zg417st5,4,5,0.992902934551239
zg417st5,5,1,0.9914996027946472
zg417st5,5,2,0.9896465539932251
zg417st5,5,3,0.9937732219696045
zg417st5,5,4,0.992902934551239
zg417st5,5,5,0.9999999403953552
zmnolf50,1,1,1.0
zmnolf50,1,2,0.9865492582321167
zmnolf50,2,1,0.9865492582321167
zmnolf50,2,2,1.0
zptfuv8s,1,1,0.9999999403953552
zptfuv8s,1,2,0.9720447063446045
zptfuv8s,1,3,0.9813661575317383
zptfuv8s,2,1,0.9720447063446045
zptfuv8s,2,2,0.9999998807907104
zptfuv8s,2,3,0.9907885789871216
zptfuv8s,3,1,0.9813661575317383
zptfuv8s,3,2,0.9907885789871216
zptfuv8s,3,3,1.0
zw325fa4,1,1,1.0
zw325fa4,1,2,0.9886245131492615
zw325fa4,1,3,0.9849278926849365
zw325fa4,2,1,0.9886245131492615
zw325fa4,2,2,0.9999999403953552
zw325fa4,2,3,0.9948505163192749
zw325fa4,3,1,0.9849278926849365
zw325fa4,3,2,0.9948505163192749
zw325fa4,3,3,1.0
