video,object_id,disappear_start,reappear_frame,frame0_object_count,frame0_competitor_count,identity_pressure_status,max_other_anchor_cos_fp32,max_other_object_id
006e6b64,1,2,9,2,1,TRACKED_COMPETITOR_AVAILABLE,0.9675145149230957,2
006e6b64,1,16,21,2,1,TRACKED_COMPETITOR_AVAILABLE,0.9675145149230957,2
028f6f64,3,13,19,3,2,TRACKED_COMPETITOR_AVAILABLE,0.9875872135162354,2
02a236b4,1,20,51,1,0,NO_TRACKED_COMPETITOR,,
02b72b8d,5,9,20,5,4,TRACKED_COMPETITOR_AVAILABLE,0.9912216067314148,3
02b72b8d,5,31,53,5,4,TRACKED_COMPETITOR_AVAILABLE,0.9912216067314148,3
02de2f2a,1,34,59,1,0,NO_TRACKED_COMPETITOR,,
02deca50,3,41,47,4,3,TRACKED_COMPETITOR_AVAILABLE,0.9984706044197083,4
03012cfd,1,99,127,1,0,NO_TRACKED_COMPETITOR,,
03z5yv5b,1,75,86,1,0,NO_TRACKED_COMPETITOR,,
03z5yv5b,1,129,134,1,0,NO_TRACKED_COMPETITOR,,
03z5yv5b,1,155,166,1,0,NO_TRACKED_COMPETITOR,,
03z5yv5b,1,222,233,1,0,NO_TRACKED_COMPETITOR,,
03z5yv5b,1,243,285,1,0,NO_TRACKED_COMPETITOR,,
04ae7a6b,6,6,18,6,5,TRACKED_COMPETITOR_AVAILABLE,0.9874303340911865,5
04oehxxo,1,30,41,1,0,NO_TRACKED_COMPETITOR,,
06273084,1,9,22,1,0,NO_TRACKED_COMPETITOR,,
06ea172e,3,4,12,12,11,TRACKED_COMPETITOR_AVAILABLE,0.9989056587219238,6
06ebc138,1,15,20,1,0,NO_TRACKED_COMPETITOR,,
06z6pse9,1,15,26,2,1,TRACKED_COMPETITOR_AVAILABLE,0.9870015382766724,2
06z6pse9,2,15,26,2,1,TRACKED_COMPETITOR_AVAILABLE,0.9870015382766724,1
076n9ud8,1,7,96,1,0,NO_TRACKED_COMPETITOR,,
0770ad03,2,6,24,3,2,TRACKED_COMPETITOR_AVAILABLE,0.9901940226554871,1
07b5d86c,1,40,52,6,5,TRACKED_COMPETITOR_AVAILABLE,0.9977447986602783,4
07b5d86c,5,9,16,6,5,TRACKED_COMPETITOR_AVAILABLE,0.997289776802063,2
07po1k6h,1,16,31,1,0,NO_TRACKED_COMPETITOR,,
08a5c662,1,30,40,2,1,TRACKED_COMPETITOR_AVAILABLE,0.9797132611274719,2
09d305d1,1,26,37,1,0,NO_TRACKED_COMPETITOR,,
0cbfxuq5,1,1,62,17,16,TRACKED_COMPETITOR_AVAILABLE,0.9989007115364075,4
0cbfxuq5,2,1,62,17,16,TRACKED_COMPETITOR_AVAILABLE,0.9979475736618042,8
0cbfxuq5,3,1,62,17,16,TRACKED_COMPETITOR_AVAILABLE,0.9965444803237915,8
0cbfxuq5,4,1,62,17,16,TRACKED_COMPETITOR_AVAILABLE,0.9989007115364075,1
0cbfxuq5,5,1,62,17,16,TRACKED_COMPETITOR_AVAILABLE,0.998771071434021,8
0cbfxuq5,6,1,62,17,16,TRACKED_COMPETITOR_AVAILABLE,0.9993991851806641,16
0cbfxuq5,7,1,62,17,16,TRACKED_COMPETITOR_AVAILABLE,0.9824640154838562,3
0cbfxuq5,8,1,62,17,16,TRACKED_COMPETITOR_AVAILABLE,0.998771071434021,5
0cbfxuq5,9,1,62,17,16,TRACKED_COMPETITOR_AVAILABLE,0.997245192527771,1
0cbfxuq5,10,1,62,17,16,TRACKED_COMPETITOR_AVAILABLE,0.9991286396980286,13
0cbfxuq5,11,1,62,17,16,TRACKED_COMPETITOR_AVAILABLE,0.9979407787322998,8
0cbfxuq5,12,1,62,17,16,TRACKED_COMPETITOR_AVAILABLE,0.9967381358146667,4
0cbfxuq5,13,1,62,17,16,TRACKED_COMPETITOR_AVAILABLE,0.9992294311523438,16
0cbfxuq5,14,1,62,17,16,TRACKED_COMPETITOR_AVAILABLE,0.9971583485603333,6
0cbfxuq5,15,1,62,17,16,TRACKED_COMPETITOR_AVAILABLE,0.9966779351234436,2
0cbfxuq5,16,1,62,17,16,TRACKED_COMPETITOR_AVAILABLE,0.9993991851806641,6
0cbfxuq5,17,1,62,17,16,TRACKED_COMPETITOR_AVAILABLE,0.9962030053138733,16
0d8d30ae,1,7,13,1,0,NO_TRACKED_COMPETITOR,,
0d8d30ae,1,16,22,1,0,NO_TRACKED_COMPETITOR,,
0d8d30ae,1,112,122,1,0,NO_TRACKED_COMPETITOR,,
0d8d30ae,1,130,148,1,0,NO_TRACKED_COMPETITOR,,
0d967fd1,6,17,28,8,7,TRACKED_COMPETITOR_AVAILABLE,0.993910551071167,4
0d967fd1,6,31,39,8,7,TRACKED_COMPETITOR_AVAILABLE,0.993910551071167,4
0d967fd1,8,7,18,8,7,TRACKED_COMPETITOR_AVAILABLE,0.9930352568626404,4
0e05fabe,1,3,10,1,0,NO_TRACKED_COMPETITOR,,
0fc00006,1,35,54,1,0,NO_TRACKED_COMPETITOR,,
0gu8wqpd,1,13,95,1,0,NO_TRACKED_COMPETITOR,,
0gu8wqpd,1,103,155,1,0,NO_TRACKED_COMPETITOR,,
0hvbhkgs,1,2,85,1,0,NO_TRACKED_COMPETITOR,,
0hyak3az,1,76,99,1,0,NO_TRACKED_COMPETITOR,,
0hyak3az,1,149,162,1,0,NO_TRACKED_COMPETITOR,,
0hyak3az,1,167,252,1,0,NO_TRACKED_COMPETITOR,,
0hyak3az,1,264,301,1,0,NO_TRACKED_COMPETITOR,,
0hyak3az,1,327,332,1,0,NO_TRACKED_COMPETITOR,,
0hyak3az,1,361,368,1,0,NO_TRACKED_COMPETITOR,,
0hyak3az,1,387,398,1,0,NO_TRACKED_COMPETITOR,,
0hyak3az,1,419,432,1,0,NO_TRACKED_COMPETITOR,,
0hyak3az,1,463,473,1,0,NO_TRACKED_COMPETITOR,,
0j354ezu,1,1,44,17,16,TRACKED_COMPETITOR_AVAILABLE,0.9774394631385803,7
0j354ezu,2,1,44,17,16,TRACKED_COMPETITOR_AVAILABLE,0.9720360040664673,12
0j354ezu,3,1,44,17,16,TRACKED_COMPETITOR_AVAILABLE,0.9980055093765259,7
0j354ezu,4,1,44,17,16,TRACKED_COMPETITOR_AVAILABLE,0.9661648869514465,2
0j354ezu,5,1,44,17,16,TRACKED_COMPETITOR_AVAILABLE,0.9808347821235657,15
0j354ezu,6,1,44,17,16,TRACKED_COMPETITOR_AVAILABLE,0.9977816343307495,14
0j354ezu,7,1,44,17,16,TRACKED_COMPETITOR_AVAILABLE,0.9980055093765259,3
0j354ezu,8,1,44,17,16,TRACKED_COMPETITOR_AVAILABLE,0.9943565726280212,6
0j354ezu,9,2,44,17,16,TRACKED_COMPETITOR_AVAILABLE,0.9955534934997559,6
0j354ezu,10,2,44,17,16,TRACKED_COMPETITOR_AVAILABLE,0.9940490126609802,7
0j354ezu,11,2,44,17,16,TRACKED_COMPETITOR_AVAILABLE,0.9924982190132141,3
0j354ezu,12,5,44,17,16,TRACKED_COMPETITOR_AVAILABLE,0.9914215207099915,10
0j354ezu,13,2,44,17,16,TRACKED_COMPETITOR_AVAILABLE,0.998079240322113,16
0j354ezu,14,2,44,17,16,TRACKED_COMPETITOR_AVAILABLE,0.9992274045944214,16
0j354ezu,15,3,44,17,16,TRACKED_COMPETITOR_AVAILABLE,0.9954600930213928,13
0j354ezu,16,3,44,17,16,TRACKED_COMPETITOR_AVAILABLE,0.9992274045944214,14
0j354ezu,17,3,44,17,16,TRACKED_COMPETITOR_AVAILABLE,0.9978480935096741,16
0k0ka5yq,1,9,19,2,1,TRACKED_COMPETITOR_AVAILABLE,0.9757977724075317,2
0k0ka5yq,2,8,32,2,1,TRACKED_COMPETITOR_AVAILABLE,0.9757977724075317,1
0mpk5bxc,2,45,53,2,1,TRACKED_COMPETITOR_AVAILABLE,0.9961076974868774,1
0q0os99c,1,3,21,1,0,NO_TRACKED_COMPETITOR,,
0q0os99c,1,24,34,1,0,NO_TRACKED_COMPETITOR,,
0qfhv12x,1,9,33,1,0,NO_TRACKED_COMPETITOR,,
0qiandl3,1,42,72,1,0,NO_TRACKED_COMPETITOR,,
0soqbyfo,1,144,151,1,0,NO_TRACKED_COMPETITOR,,
0tlww5ko,1,15,29,3,2,TRACKED_COMPETITOR_AVAILABLE,0.9974679946899414,2
0tlww5ko,3,14,21,3,2,TRACKED_COMPETITOR_AVAILABLE,0.9928486347198486,1
0u4ufcam,1,61,72,1,0,NO_TRACKED_COMPETITOR,,
0uy7cbug,1,3,56,1,0,NO_TRACKED_COMPETITOR,,
0uy7cbug,1,67,76,1,0,NO_TRACKED_COMPETITOR,,
0wrf8ule,1,26,32,2,1,TRACKED_COMPETITOR_AVAILABLE,0.9943975210189819,2
0xqxup43,1,37,85,1,0,NO_TRACKED_COMPETITOR,,
0y054yaj,1,40,66,1,0,NO_TRACKED_COMPETITOR,,
0y054yaj,1,88,193,1,0,NO_TRACKED_COMPETITOR,,
0y054yaj,1,219,229,1,0,NO_TRACKED_COMPETITOR,,
0y054yaj,1,232,317,1,0,NO_TRACKED_COMPETITOR,,
0y054yaj,1,321,327,1,0,NO_TRACKED_COMPETITOR,,
0y054yaj,1,331,342,1,0,NO_TRACKED_COMPETITOR,,
0y054yaj,1,386,393,1,0,NO_TRACKED_COMPETITOR,,
0y054yaj,1,396,445,1,0,NO_TRACKED_COMPETITOR,,
0y054yaj,1,451,470,1,0,NO_TRACKED_COMPETITOR,,
0zp43ehc,1,19,29,1,0,NO_TRACKED_COMPETITOR,,
0zvohcp2,1,1,52,21,20,TRACKED_COMPETITOR_AVAILABLE,0.9987137317657471,19
0zvohcp2,2,1,52,21,20,TRACKED_COMPETITOR_AVAILABLE,0.9977167844772339,21
0zvohcp2,3,1,52,21,20,TRACKED_COMPETITOR_AVAILABLE,0.9930343627929688,19
0zvohcp2,4,1,52,21,20,TRACKED_COMPETITOR_AVAILABLE,0.9991551041603088,5
0zvohcp2,5,1,52,21,20,TRACKED_COMPETITOR_AVAILABLE,0.9991551041603088,4
0zvohcp2,6,1,52,21,20,TRACKED_COMPETITOR_AVAILABLE,0.9979221820831299,7
0zvohcp2,7,1,52,21,20,TRACKED_COMPETITOR_AVAILABLE,0.9988518357276917,4
0zvohcp2,8,1,52,21,20,TRACKED_COMPETITOR_AVAILABLE,0.9989094734191895,21
0zvohcp2,9,1,52,21,20,TRACKED_COMPETITOR_AVAILABLE,0.9983087778091431,18
0zvohcp2,10,1,52,21,20,TRACKED_COMPETITOR_AVAILABLE,0.999126136302948,20
0zvohcp2,11,1,52,21,20,TRACKED_COMPETITOR_AVAILABLE,0.998854398727417,20
0zvohcp2,12,1,52,21,20,TRACKED_COMPETITOR_AVAILABLE,0.998633861541748,21
0zvohcp2,13,1,52,21,20,TRACKED_COMPETITOR_AVAILABLE,0.999302864074707,17
0zvohcp2,14,1,52,21,20,TRACKED_COMPETITOR_AVAILABLE,0.9987130165100098,11
0zvohcp2,15,1,52,21,20,TRACKED_COMPETITOR_AVAILABLE,0.998403787612915,16
0zvohcp2,16,1,52,21,20,TRACKED_COMPETITOR_AVAILABLE,0.998403787612915,15
0zvohcp2,17,1,52,21,20,TRACKED_COMPETITOR_AVAILABLE,0.999302864074707,13
0zvohcp2,18,1,52,21,20,TRACKED_COMPETITOR_AVAILABLE,0.9983087778091431,9
0zvohcp2,19,1,52,21,20,TRACKED_COMPETITOR_AVAILABLE,0.9987137317657471,1
0zvohcp2,20,1,52,21,20,TRACKED_COMPETITOR_AVAILABLE,0.999126136302948,10
0zvohcp2,21,1,52,21,20,TRACKED_COMPETITOR_AVAILABLE,0.9989094734191895,8
10552818,1,17,22,1,0,NO_TRACKED_COMPETITOR,,
110da3cf,1,6,37,1,0,NO_TRACKED_COMPETITOR,,
111e0a5c,5,91,135,5,4,TRACKED_COMPETITOR_AVAILABLE,0.9979843497276306,4
11cdeb64,1,15,21,1,0,NO_TRACKED_COMPETITOR,,
125x18d5,1,16,22,1,0,NO_TRACKED_COMPETITOR,,
125x18d5,1,29,34,1,0,NO_TRACKED_COMPETITOR,,
125x18d5,1,65,83,1,0,NO_TRACKED_COMPETITOR,,
125x18d5,1,87,92,1,0,NO_TRACKED_COMPETITOR,,
125x18d5,1,98,105,1,0,NO_TRACKED_COMPETITOR,,
134a2ab0,1,16,29,1,0,NO_TRACKED_COMPETITOR,,
15c41c4b,1,32,44,2,1,TRACKED_COMPETITOR_AVAILABLE,0.9954088926315308,2
15c41c4b,2,33,43,2,1,TRACKED_COMPETITOR_AVAILABLE,0.9954088926315308,1
15e7e4d1,2,16,32,2,1,TRACKED_COMPETITOR_AVAILABLE,0.9814630150794983,1
15f0b0cd,1,32,52,1,0,NO_TRACKED_COMPETITOR,,
16cggr07,1,8,40,1,0,NO_TRACKED_COMPETITOR,,
18a76zpx,1,1,25,1,0,NO_TRACKED_COMPETITOR,,
18a76zpx,1,29,43,1,0,NO_TRACKED_COMPETITOR,,
18a76zpx,1,47,79,1,0,NO_TRACKED_COMPETITOR,,
18d8931e,3,38,65,5,4,TRACKED_COMPETITOR_AVAILABLE,0.9940582513809204,2
19247506,1,28,46,3,2,TRACKED_COMPETITOR_AVAILABLE,0.9915650486946106,2
198021ad,1,121,130,1,0,NO_TRACKED_COMPETITOR,,
199995b5,6,5,11,6,5,TRACKED_COMPETITOR_AVAILABLE,0.9804788827896118,1
1a6a731f,4,14,23,4,3,TRACKED_COMPETITOR_AVAILABLE,0.9899261593818665,2
1b1l7h15,1,38,46,1,0,NO_TRACKED_COMPETITOR,,
1b1l7h15,1,56,86,1,0,NO_TRACKED_COMPETITOR,,
1c28e081,1,6,16,1,0,NO_TRACKED_COMPETITOR,,
1d3lb4oc,1,9,32,1,0,NO_TRACKED_COMPETITOR,,
1d63qx4j,1,2,63,1,0,NO_TRACKED_COMPETITOR,,
1d63qx4j,1,71,87,1,0,NO_TRACKED_COMPETITOR,,
1d64aff3,1,22,60,1,0,NO_TRACKED_COMPETITOR,,
1d7a23e0,1,40,47,6,5,TRACKED_COMPETITOR_AVAILABLE,0.995333731174469,3
1d7a23e0,1,66,75,6,5,TRACKED_COMPETITOR_AVAILABLE,0.995333731174469,3
1d7a23e0,3,34,72,6,5,TRACKED_COMPETITOR_AVAILABLE,0.995333731174469,1
1e0fb02a,1,16,36,1,0,NO_TRACKED_COMPETITOR,,
1e0fb02a,1,65,74,1,0,NO_TRACKED_COMPETITOR,,
1e207fe0,1,2,26,1,0,NO_TRACKED_COMPETITOR,,
1fab1d1c,1,36,41,1,0,NO_TRACKED_COMPETITOR,,
1is3mqqg,1,28,39,2,1,TRACKED_COMPETITOR_AVAILABLE,0.9992678761482239,2
1is3mqqg,2,27,41,2,1,TRACKED_COMPETITOR_AVAILABLE,0.9992678761482239,1
1jikcikj,1,3,15,1,0,NO_TRACKED_COMPETITOR,,
1mgutbc4,1,10,19,3,2,TRACKED_COMPETITOR_AVAILABLE,0.9901540875434875,3
1mgutbc4,1,22,35,3,2,TRACKED_COMPETITOR_AVAILABLE,0.9901540875434875,3
1mgutbc4,2,8,19,3,2,TRACKED_COMPETITOR_AVAILABLE,0.9888007044792175,1
1mgutbc4,3,10,19,3,2,TRACKED_COMPETITOR_AVAILABLE,0.9901540875434875,1
1mgutbc4,3,20,37,3,2,TRACKED_COMPETITOR_AVAILABLE,0.9901540875434875,1
1o69tuyr,1,9,26,1,0,NO_TRACKED_COMPETITOR,,
1o69tuyr,1,45,51,1,0,NO_TRACKED_COMPETITOR,,
1o69tuyr,1,60,68,1,0,NO_TRACKED_COMPETITOR,,
1qjqdu64,1,22,54,1,0,NO_TRACKED_COMPETITOR,,
1qx22u2q,1,86,99,1,0,NO_TRACKED_COMPETITOR,,
1qx22u2q,1,260,337,1,0,NO_TRACKED_COMPETITOR,,
1sbd4ima,1,21,37,3,2,TRACKED_COMPETITOR_AVAILABLE,0.9650946855545044,2
1sbd4ima,3,8,27,3,2,TRACKED_COMPETITOR_AVAILABLE,0.9955081939697266,2
1tfc6bfb,1,9,15,1,0,NO_TRACKED_COMPETITOR,,
1tfc6bfb,1,22,54,1,0,NO_TRACKED_COMPETITOR,,
1tfc6bfb,1,59,78,1,0,NO_TRACKED_COMPETITOR,,
1tpliusu,1,33,39,1,0,NO_TRACKED_COMPETITOR,,
1w2d8bhf,1,14,65,1,0,NO_TRACKED_COMPETITOR,,
1w2d8bhf,1,77,97,1,0,NO_TRACKED_COMPETITOR,,
1wga7gtu,1,8,18,1,0,NO_TRACKED_COMPETITOR,,
1wga7gtu,1,40,46,1,0,NO_TRACKED_COMPETITOR,,
20660b72,1,17,31,1,0,NO_TRACKED_COMPETITOR,,
20660b72,1,42,48,1,0,NO_TRACKED_COMPETITOR,,
214aeac3,1,129,146,8,7,TRACKED_COMPETITOR_AVAILABLE,0.9969361424446106,2
214pv9si,1,34,39,1,0,NO_TRACKED_COMPETITOR,,
21fe05d9,1,9,44,1,0,NO_TRACKED_COMPETITOR,,
21r6cy51,1,23,39,1,0,NO_TRACKED_COMPETITOR,,
21r6cy51,1,65,91,1,0,NO_TRACKED_COMPETITOR,,
22167a50,1,33,88,1,0,NO_TRACKED_COMPETITOR,,
225rqpr2,1,14,25,1,0,NO_TRACKED_COMPETITOR,,
228a0234,1,9,18,4,3,TRACKED_COMPETITOR_AVAILABLE,0.9933443069458008,2
22e8b380,1,13,39,1,0,NO_TRACKED_COMPETITOR,,
22fdee40,1,35,40,1,0,NO_TRACKED_COMPETITOR,,
22p90xzq,1,2,71,28,27,TRACKED_COMPETITOR_AVAILABLE,0.995771050453186,2
22p90xzq,2,1,71,28,27,TRACKED_COMPETITOR_AVAILABLE,0.9990092515945435,4
22p90xzq,3,1,71,28,27,TRACKED_COMPETITOR_AVAILABLE,0.9986475706100464,6
22p90xzq,4,1,72,28,27,TRACKED_COMPETITOR_AVAILABLE,0.9994654059410095,8
22p90xzq,5,1,72,28,27,TRACKED_COMPETITOR_AVAILABLE,0.9995590448379517,9
22p90xzq,6,1,72,28,27,TRACKED_COMPETITOR_AVAILABLE,0.9993099570274353,12
22p90xzq,7,1,72,28,27,TRACKED_COMPETITOR_AVAILABLE,0.9993412494659424,10
22p90xzq,8,1,72,28,27,TRACKED_COMPETITOR_AVAILABLE,0.9994654059410095,4
22p90xzq,9,1,72,28,27,TRACKED_COMPETITOR_AVAILABLE,0.9995590448379517,5
22p90xzq,10,1,72,28,27,TRACKED_COMPETITOR_AVAILABLE,0.9993412494659424,7
22p90xzq,11,1,72,28,27,TRACKED_COMPETITOR_AVAILABLE,0.9987421035766602,8
22p90xzq,12,1,72,28,27,TRACKED_COMPETITOR_AVAILABLE,0.9994807243347168,9
22p90xzq,13,1,72,28,27,TRACKED_COMPETITOR_AVAILABLE,0.9985335469245911,12
22p90xzq,14,2,71,28,27,TRACKED_COMPETITOR_AVAILABLE,0.9983475804328918,15
22p90xzq,15,1,71,28,27,TRACKED_COMPETITOR_AVAILABLE,0.9983475804328918,14
22p90xzq,16,1,71,28,27,TRACKED_COMPETITOR_AVAILABLE,0.9993217587471008,18
22p90xzq,17,1,72,28,27,TRACKED_COMPETITOR_AVAILABLE,0.9987090229988098,24
22p90xzq,18,1,72,28,27,TRACKED_COMPETITOR_AVAILABLE,0.9993217587471008,16
22p90xzq,19,1,72,28,27,TRACKED_COMPETITOR_AVAILABLE,0.9992462992668152,16
22p90xzq,20,1,72,28,27,TRACKED_COMPETITOR_AVAILABLE,0.9995133280754089,21
22p90xzq,21,1,72,28,27,TRACKED_COMPETITOR_AVAILABLE,0.9995133280754089,20
22p90xzq,22,1,72,28,27,TRACKED_COMPETITOR_AVAILABLE,0.999036967754364,23
22p90xzq,23,1,72,28,27,TRACKED_COMPETITOR_AVAILABLE,0.9993040561676025,20
22p90xzq,24,1,72,28,27,TRACKED_COMPETITOR_AVAILABLE,0.9990508556365967,19
22p90xzq,25,1,72,28,27,TRACKED_COMPETITOR_AVAILABLE,0.9991670846939087,19
22p90xzq,26,1,72,28,27,TRACKED_COMPETITOR_AVAILABLE,0.9991381764411926,25
22p90xzq,27,1,72,28,27,TRACKED_COMPETITOR_AVAILABLE,0.998491644859314,20
22p90xzq,28,1,72,28,27,TRACKED_COMPETITOR_AVAILABLE,0.9989253282546997,25
233406ef,1,30,45,1,0,NO_TRACKED_COMPETITOR,,
233406ef,1,69,82,1,0,NO_TRACKED_COMPETITOR,,
23454d80,5,1,24,5,4,TRACKED_COMPETITOR_AVAILABLE,0.9677128195762634,4
23b9a3ea,8,26,31,14,13,TRACKED_COMPETITOR_AVAILABLE,0.9972249269485474,12
23b9a3ea,9,20,39,14,13,TRACKED_COMPETITOR_AVAILABLE,0.9948063492774963,5
23b9a3ea,11,28,33,14,13,TRACKED_COMPETITOR_AVAILABLE,0.9955230951309204,5
23b9a3ea,14,21,26,14,13,TRACKED_COMPETITOR_AVAILABLE,0.9901191592216492,9
23df06e1,1,1,13,3,2,TRACKED_COMPETITOR_AVAILABLE,0.9933648109436035,2
23df06e1,2,9,19,3,2,TRACKED_COMPETITOR_AVAILABLE,0.9933648109436035,1
23df06e1,3,10,18,3,2,TRACKED_COMPETITOR_AVAILABLE,0.9923983216285706,2
2461z6fp,2,129,139,2,1,TRACKED_COMPETITOR_AVAILABLE,0.9959574937820435,1
2463609b,4,40,93,4,3,TRACKED_COMPETITOR_AVAILABLE,0.9909910559654236,3
25153e58,4,5,16,4,3,TRACKED_COMPETITOR_AVAILABLE,0.9662730693817139,3
254uk60a,1,14,29,1,0,NO_TRACKED_COMPETITOR,,
255f86ef,10,38,47,12,11,TRACKED_COMPETITOR_AVAILABLE,0.9988690614700317,11
258944c8,1,81,105,3,2,TRACKED_COMPETITOR_AVAILABLE,0.9851489663124084,2
26163977,2,7,20,7,6,TRACKED_COMPETITOR_AVAILABLE,0.9957685470581055,1
269872de,1,6,42,1,0,NO_TRACKED_COMPETITOR,,
2786f841,1,32,43,1,0,NO_TRACKED_COMPETITOR,,
28d25ok1,1,98,170,1,0,NO_TRACKED_COMPETITOR,,
28d25ok1,1,216,364,1,0,NO_TRACKED_COMPETITOR,,
2982de7a,1,12,19,4,3,TRACKED_COMPETITOR_AVAILABLE,0.9913110733032227,2
2982de7a,3,5,34,4,3,TRACKED_COMPETITOR_AVAILABLE,0.9951584339141846,2
2a2745e5,1,20,26,11,10,TRACKED_COMPETITOR_AVAILABLE,0.9946079850196838,3
2a2745e5,3,18,27,11,10,TRACKED_COMPETITOR_AVAILABLE,0.9976728558540344,9
2a3a0571,1,30,36,1,0,NO_TRACKED_COMPETITOR,,
2b0e34d3,1,15,27,4,3,TRACKED_COMPETITOR_AVAILABLE,0.9622575640678406,4
2b0e34d3,2,45,55,4,3,TRACKED_COMPETITOR_AVAILABLE,0.9807406663894653,4
2bcd6c3b,1,26,34,1,0,NO_TRACKED_COMPETITOR,,
2bdb692f,1,20,80,1,0,NO_TRACKED_COMPETITOR,,
2bf49664,1,12,17,1,0,NO_TRACKED_COMPETITOR,,
2ea465de,1,93,108,1,0,NO_TRACKED_COMPETITOR,,
2efd5e50,1,31,72,1,0,NO_TRACKED_COMPETITOR,,
2esj86gk,1,14,24,4,3,TRACKED_COMPETITOR_AVAILABLE,0.9979665279388428,4
2esj86gk,2,14,24,4,3,TRACKED_COMPETITOR_AVAILABLE,0.9940828084945679,3
2esj86gk,3,4,9,4,3,TRACKED_COMPETITOR_AVAILABLE,0.9946796894073486,1
2esj86gk,4,14,24,4,3,TRACKED_COMPETITOR_AVAILABLE,0.9979665279388428,1
2f477d05,4,126,133,13,12,TRACKED_COMPETITOR_AVAILABLE,0.99188232421875,3
2f477d05,8,45,77,13,12,TRACKED_COMPETITOR_AVAILABLE,0.9876862168312073,7
2f477d05,8,79,97,13,12,TRACKED_COMPETITOR_AVAILABLE,0.9876862168312073,7
2f477d05,12,32,39,13,12,TRACKED_COMPETITOR_AVAILABLE,0.9956316351890564,11
2fab8h8c,1,5,61,1,0,NO_TRACKED_COMPETITOR,,
2fb5a55b,1,9,28,2,1,TRACKED_COMPETITOR_AVAILABLE,0.993560254573822,2
2fc476f9,1,28,33,1,0,NO_TRACKED_COMPETITOR,,
2fkfe27d,1,1,82,26,25,TRACKED_COMPETITOR_AVAILABLE,0.9998875856399536,15
2fkfe27d,2,1,82,26,25,TRACKED_COMPETITOR_AVAILABLE,0.9918924570083618,7
2fkfe27d,3,1,82,26,25,TRACKED_COMPETITOR_AVAILABLE,0.9637292623519897,24
2fkfe27d,4,1,82,26,25,TRACKED_COMPETITOR_AVAILABLE,0.9995270371437073,1
2fkfe27d,5,1,82,26,25,TRACKED_COMPETITOR_AVAILABLE,0.9999122023582458,14
2fkfe27d,6,1,82,26,25,TRACKED_COMPETITOR_AVAILABLE,0.9997811913490295,13
2fkfe27d,7,1,82,26,25,TRACKED_COMPETITOR_AVAILABLE,0.9953189492225647,11
2fkfe27d,8,2,82,26,25,TRACKED_COMPETITOR_AVAILABLE,0.9999901652336121,12
2fkfe27d,9,2,82,26,25,TRACKED_COMPETITOR_AVAILABLE,0.9996277689933777,11
2fkfe27d,10,2,82,26,25,TRACKED_COMPETITOR_AVAILABLE,0.9999895095825195,19
2fkfe27d,11,2,82,26,25,TRACKED_COMPETITOR_AVAILABLE,0.9996277689933777,9
2fkfe27d,12,2,82,26,25,TRACKED_COMPETITOR_AVAILABLE,0.9999901652336121,8
2fkfe27d,13,2,82,26,25,TRACKED_COMPETITOR_AVAILABLE,0.9998714327812195,8
2fkfe27d,14,1,82,26,25,TRACKED_COMPETITOR_AVAILABLE,0.9999536275863647,19
2fkfe27d,15,1,82,26,25,TRACKED_COMPETITOR_AVAILABLE,0.9998875856399536,1
2fkfe27d,16,1,82,26,25,TRACKED_COMPETITOR_AVAILABLE,0.9990667104721069,26
2fkfe27d,17,1,82,26,25,TRACKED_COMPETITOR_AVAILABLE,0.9993907809257507,20
2fkfe27d,18,1,82,26,25,TRACKED_COMPETITOR_AVAILABLE,0.9974234700202942,24
2fkfe27d,19,1,82,26,25,TRACKED_COMPETITOR_AVAILABLE,0.9999895095825195,10
2fkfe27d,20,1,82,26,25,TRACKED_COMPETITOR_AVAILABLE,0.9995771646499634,21
2fkfe27d,21,2,82,26,25,TRACKED_COMPETITOR_AVAILABLE,0.9997769594192505,15
2fkfe27d,22,2,82,26,25,TRACKED_COMPETITOR_AVAILABLE,0.9995220899581909,23
2fkfe27d,23,2,82,26,25,TRACKED_COMPETITOR_AVAILABLE,0.9996485710144043,26
2fkfe27d,24,2,82,26,25,TRACKED_COMPETITOR_AVAILABLE,0.9974234700202942,18
2fkfe27d,25,2,82,26,25,TRACKED_COMPETITOR_AVAILABLE,0.9998658299446106,14
2fkfe27d,26,2,82,26,25,TRACKED_COMPETITOR_AVAILABLE,0.9996485710144043,23
2gae65s3,1,21,32,3,2,TRACKED_COMPETITOR_AVAILABLE,0.9913183450698853,3
2gae65s3,3,30,41,3,2,TRACKED_COMPETITOR_AVAILABLE,0.99689781665802,2
2i0wbnk1,1,2,28,1,0,NO_TRACKED_COMPETITOR,,
2i0wbnk1,1,83,100,1,0,NO_TRACKED_COMPETITOR,,
2i0wbnk1,1,111,120,1,0,NO_TRACKED_COMPETITOR,,
2i0wbnk1,1,139,147,1,0,NO_TRACKED_COMPETITOR,,
2qjsn6c1,1,7,101,1,0,NO_TRACKED_COMPETITOR,,
2qu4s0et,1,8,15,1,0,NO_TRACKED_COMPETITOR,,
2qu4s0et,1,17,46,1,0,NO_TRACKED_COMPETITOR,,
2r58guz2,1,8,13,1,0,NO_TRACKED_COMPETITOR,,
2t8e78ov,1,1,81,1,0,NO_TRACKED_COMPETITOR,,
2tkd7bla,1,16,80,1,0,NO_TRACKED_COMPETITOR,,
2tzepzze,1,10,28,1,0,NO_TRACKED_COMPETITOR,,
2u8x1k06,1,33,241,1,0,NO_TRACKED_COMPETITOR,,
2ug2ry5m,1,40,52,2,1,TRACKED_COMPETITOR_AVAILABLE,0.9985009431838989,2
2ug2ry5m,1,53,59,2,1,TRACKED_COMPETITOR_AVAILABLE,0.9985009431838989,2
2ug2ry5m,1,61,71,2,1,TRACKED_COMPETITOR_AVAILABLE,0.9985009431838989,2
2ug2ry5m,2,39,59,2,1,TRACKED_COMPETITOR_AVAILABLE,0.9985009431838989,1
2ug2ry5m,2,64,72,2,1,TRACKED_COMPETITOR_AVAILABLE,0.9985009431838989,1
2vmoedob,1,57,73,1,0,NO_TRACKED_COMPETITOR,,
2wq92crf,3,14,22,4,3,TRACKED_COMPETITOR_AVAILABLE,0.9901681542396545,2
2xz9ls1x,1,20,28,1,0,NO_TRACKED_COMPETITOR,,
2yrkujhc,1,9,16,1,0,NO_TRACKED_COMPETITOR,,
2yrkujhc,1,19,41,1,0,NO_TRACKED_COMPETITOR,,
2ze3f84n,1,33,40,1,0,NO_TRACKED_COMPETITOR,,
30nvt12k,1,17,57,1,0,NO_TRACKED_COMPETITOR,,
31rry8ca,1,1,38,1,0,NO_TRACKED_COMPETITOR,,
31rry8ca,1,75,81,1,0,NO_TRACKED_COMPETITOR,,
320ohgwr,1,18,31,1,0,NO_TRACKED_COMPETITOR,,
320ohgwr,1,87,96,1,0,NO_TRACKED_COMPETITOR,,
32h0yfhc,1,11,59,1,0,NO_TRACKED_COMPETITOR,,
33602f6b,1,42,70,1,0,NO_TRACKED_COMPETITOR,,
337dfa1e,1,43,90,1,0,NO_TRACKED_COMPETITOR,,
342c0b2a,2,25,34,2,1,TRACKED_COMPETITOR_AVAILABLE,0.992168664932251,1
3466ygen,1,3,136,1,0,NO_TRACKED_COMPETITOR,,
34a5f964,11,20,29,13,12,TRACKED_COMPETITOR_AVAILABLE,0.9832538962364197,10
36mc2h0y,1,26,63,1,0,NO_TRACKED_COMPETITOR,,
37303a3b,3,1,19,3,2,TRACKED_COMPETITOR_AVAILABLE,0.9731522798538208,2
3784e3f6,1,1,14,1,0,NO_TRACKED_COMPETITOR,,
37af9ac1,1,208,220,10,9,TRACKED_COMPETITOR_AVAILABLE,0.9938028454780579,8
37af9ac1,3,137,146,10,9,TRACKED_COMPETITOR_AVAILABLE,0.9978237748146057,10
37af9ac1,7,199,204,10,9,TRACKED_COMPETITOR_AVAILABLE,0.9970699548721313,6
37af9ac1,7,227,234,10,9,TRACKED_COMPETITOR_AVAILABLE,0.9970699548721313,6
37af9ac1,8,82,94,10,9,TRACKED_COMPETITOR_AVAILABLE,0.9971057176589966,2
37af9ac1,9,28,47,10,9,TRACKED_COMPETITOR_AVAILABLE,0.9961844682693481,8
37af9ac1,9,51,62,10,9,TRACKED_COMPETITOR_AVAILABLE,0.9961844682693481,8
37af9ac1,9,71,78,10,9,TRACKED_COMPETITOR_AVAILABLE,0.9961844682693481,8
37af9ac1,9,85,195,10,9,TRACKED_COMPETITOR_AVAILABLE,0.9961844682693481,8
37af9ac1,9,199,249,10,9,TRACKED_COMPETITOR_AVAILABLE,0.9961844682693481,8
37af9ac1,10,281,297,10,9,TRACKED_COMPETITOR_AVAILABLE,0.9978237748146057,3
37b07a28,1,3,11,3,2,TRACKED_COMPETITOR_AVAILABLE,0.9973660111427307,2
37b07a28,1,16,41,3,2,TRACKED_COMPETITOR_AVAILABLE,0.9973660111427307,2
37b07a28,1,49,55,3,2,TRACKED_COMPETITOR_AVAILABLE,0.9973660111427307,2
37b07a28,2,4,9,3,2,TRACKED_COMPETITOR_AVAILABLE,0.9973660111427307,1
37b07a28,2,22,44,3,2,TRACKED_COMPETITOR_AVAILABLE,0.9973660111427307,1
37b07a28,3,2,8,3,2,TRACKED_COMPETITOR_AVAILABLE,0.9773498773574829,2
37b07a28,3,18,24,3,2,TRACKED_COMPETITOR_AVAILABLE,0.9773498773574829,2
37b07a28,3,28,40,3,2,TRACKED_COMPETITOR_AVAILABLE,0.9773498773574829,2
37bb38fe,1,10,15,1,0,NO_TRACKED_COMPETITOR,,
37bb38fe,1,24,31,1,0,NO_TRACKED_COMPETITOR,,
37rs935v,1,28,132,1,0,NO_TRACKED_COMPETITOR,,
3a0f4ml1,1,16,52,1,0,NO_TRACKED_COMPETITOR,,
3a0f4ml1,1,72,92,1,0,NO_TRACKED_COMPETITOR,,
3a6e6ace,3,58,66,5,4,TRACKED_COMPETITOR_AVAILABLE,0.9988021850585938,4
3a739934,4,19,24,4,3,TRACKED_COMPETITOR_AVAILABLE,0.9764581918716431,3
3b19c5c3,5,4,27,5,4,TRACKED_COMPETITOR_AVAILABLE,0.9853560328483582,2
3b1a4616,3,8,19,6,5,TRACKED_COMPETITOR_AVAILABLE,0.9973551630973816,4
3b1a4616,4,13,35,6,5,TRACKED_COMPETITOR_AVAILABLE,0.9973551630973816,3
3b97c07b,1,12,20,5,4,TRACKED_COMPETITOR_AVAILABLE,0.9945842027664185,5
3b97c07b,5,12,19,5,4,TRACKED_COMPETITOR_AVAILABLE,0.9970095157623291,4
3bce0gtq,1,100,132,1,0,NO_TRACKED_COMPETITOR,,
3cvo2v88,1,18,23,1,0,NO_TRACKED_COMPETITOR,,
3cvo2v88,1,82,89,1,0,NO_TRACKED_COMPETITOR,,
3cvo2v88,1,90,102,1,0,NO_TRACKED_COMPETITOR,,
3cvo2v88,1,193,199,1,0,NO_TRACKED_COMPETITOR,,
3cvo2v88,1,218,227,1,0,NO_TRACKED_COMPETITOR,,
3d08dadd,7,21,26,7,6,TRACKED_COMPETITOR_AVAILABLE,0.9780349135398865,5
3gumroz3,1,29,37,1,0,NO_TRACKED_COMPETITOR,,
3hfp5bp8,1,19,88,1,0,NO_TRACKED_COMPETITOR,,
3iu5qznd,1,1,76,28,27,TRACKED_COMPETITOR_AVAILABLE,0.9988619089126587,5
3iu5qznd,2,1,75,28,27,TRACKED_COMPETITOR_AVAILABLE,0.9994145631790161,17
3iu5qznd,3,1,75,28,27,TRACKED_COMPETITOR_AVAILABLE,0.9995880722999573,21
3iu5qznd,4,1,75,28,27,TRACKED_COMPETITOR_AVAILABLE,0.9992660284042358,6
3iu5qznd,5,1,75,28,27,TRACKED_COMPETITOR_AVAILABLE,0.998996913433075,4
3iu5qznd,6,1,75,28,27,TRACKED_COMPETITOR_AVAILABLE,0.9992660284042358,4
3iu5qznd,7,1,75,28,27,TRACKED_COMPETITOR_AVAILABLE,0.9985955357551575,4
3iu5qznd,8,3,76,28,27,TRACKED_COMPETITOR_AVAILABLE,0.9977763295173645,15
3iu5qznd,9,2,76,28,27,TRACKED_COMPETITOR_AVAILABLE,0.9993926882743835,3
3iu5qznd,10,2,76,28,27,TRACKED_COMPETITOR_AVAILABLE,0.999607264995575,13
3iu5qznd,11,2,76,28,27,TRACKED_COMPETITOR_AVAILABLE,0.9994335174560547,23
3iu5qznd,12,2,76,28,27,TRACKED_COMPETITOR_AVAILABLE,0.9992940425872803,19
3iu5qznd,13,2,76,28,27,TRACKED_COMPETITOR_AVAILABLE,0.999607264995575,10
3iu5qznd,14,1,76,28,27,TRACKED_COMPETITOR_AVAILABLE,0.9990981817245483,21
3iu5qznd,15,3,77,28,27,TRACKED_COMPETITOR_AVAILABLE,0.9985788464546204,21
3iu5qznd,16,2,77,28,27,TRACKED_COMPETITOR_AVAILABLE,0.9994579553604126,26
3iu5qznd,17,2,77,28,27,TRACKED_COMPETITOR_AVAILABLE,0.9994145631790161,2
3iu5qznd,18,2,77,28,27,TRACKED_COMPETITOR_AVAILABLE,0.9994567036628723,25
3iu5qznd,19,2,77,28,27,TRACKED_COMPETITOR_AVAILABLE,0.9992940425872803,12
3iu5qznd,20,2,77,28,27,TRACKED_COMPETITOR_AVAILABLE,0.9993051290512085,3
3iu5qznd,21,1,77,28,27,TRACKED_COMPETITOR_AVAILABLE,0.9995880722999573,3
3iu5qznd,22,3,77,28,27,TRACKED_COMPETITOR_AVAILABLE,0.9982656240463257,25
3iu5qznd,23,2,77,28,27,TRACKED_COMPETITOR_AVAILABLE,0.9994335174560547,11
3iu5qznd,24,2,77,28,27,TRACKED_COMPETITOR_AVAILABLE,0.998949408531189,23
3iu5qznd,25,2,77,28,27,TRACKED_COMPETITOR_AVAILABLE,0.9994567036628723,18
3iu5qznd,26,2,77,28,27,TRACKED_COMPETITOR_AVAILABLE,0.9994579553604126,16
3iu5qznd,27,2,77,28,27,TRACKED_COMPETITOR_AVAILABLE,0.9986787438392639,23
3iu5qznd,28,1,77,28,27,TRACKED_COMPETITOR_AVAILABLE,0.9779337048530579,22
3k63z2kb,1,4,12,2,1,TRACKED_COMPETITOR_AVAILABLE,0.9923689365386963,2
3k63z2kb,1,33,55,2,1,TRACKED_COMPETITOR_AVAILABLE,0.9923689365386963,2
3k63z2kb,2,8,16,2,1,TRACKED_COMPETITOR_AVAILABLE,0.9923689365386963,1
3k6x255n,1,209,214,1,0,NO_TRACKED_COMPETITOR,,
3k6x255n,1,408,485,1,0,NO_TRACKED_COMPETITOR,,
3kcukszd,1,28,37,2,1,TRACKED_COMPETITOR_AVAILABLE,0.9876010417938232,2
3kcukszd,1,39,45,2,1,TRACKED_COMPETITOR_AVAILABLE,0.9876010417938232,2
3kcukszd,1,49,76,2,1,TRACKED_COMPETITOR_AVAILABLE,0.9876010417938232,2
3kcukszd,1,109,118,2,1,TRACKED_COMPETITOR_AVAILABLE,0.9876010417938232,2
3kcukszd,2,30,35,2,1,TRACKED_COMPETITOR_AVAILABLE,0.9876010417938232,1
3kcukszd,2,50,58,2,1,TRACKED_COMPETITOR_AVAILABLE,0.9876010417938232,1
3m7dxrkv,1,32,37,1,0,NO_TRACKED_COMPETITOR,,
3mcal3cl,3,20,43,3,2,TRACKED_COMPETITOR_AVAILABLE,0.994600772857666,2
3mkpwq2r,1,1,55,21,20,TRACKED_COMPETITOR_AVAILABLE,0.9984776973724365,3
3mkpwq2r,2,1,55,21,20,TRACKED_COMPETITOR_AVAILABLE,0.9989914298057556,11
3mkpwq2r,3,1,55,21,20,TRACKED_COMPETITOR_AVAILABLE,0.9987523555755615,10
3mkpwq2r,4,1,55,21,20,TRACKED_COMPETITOR_AVAILABLE,0.997922956943512,13
3mkpwq2r,5,1,55,21,20,TRACKED_COMPETITOR_AVAILABLE,0.9987320303916931,16
3mkpwq2r,6,2,55,21,20,TRACKED_COMPETITOR_AVAILABLE,0.9935920834541321,2
3mkpwq2r,7,2,55,21,20,TRACKED_COMPETITOR_AVAILABLE,0.9989534616470337,18
3mkpwq2r,8,3,55,21,20,TRACKED_COMPETITOR_AVAILABLE,0.9981381893157959,7
3mkpwq2r,9,2,55,21,20,TRACKED_COMPETITOR_AVAILABLE,0.9981485605239868,15
3mkpwq2r,10,2,55,21,20,TRACKED_COMPETITOR_AVAILABLE,0.9987523555755615,3
3mkpwq2r,11,2,55,21,20,TRACKED_COMPETITOR_AVAILABLE,0.9991584420204163,12
3mkpwq2r,12,1,54,21,20,TRACKED_COMPETITOR_AVAILABLE,0.9991584420204163,11
3mkpwq2r,13,2,53,21,20,TRACKED_COMPETITOR_AVAILABLE,0.9983060359954834,12
3mkpwq2r,14,2,53,21,20,TRACKED_COMPETITOR_AVAILABLE,0.998529314994812,10
3mkpwq2r,15,2,53,21,20,TRACKED_COMPETITOR_AVAILABLE,0.9992133975028992,16
3mkpwq2r,16,2,55,21,20,TRACKED_COMPETITOR_AVAILABLE,0.9992133975028992,15
3mkpwq2r,17,4,53,21,20,TRACKED_COMPETITOR_AVAILABLE,0.9971153140068054,11
3mkpwq2r,18,3,55,21,20,TRACKED_COMPETITOR_AVAILABLE,0.9989534616470337,7
3mkpwq2r,19,3,55,21,20,TRACKED_COMPETITOR_AVAILABLE,0.9991518259048462,15
3mkpwq2r,20,4,55,21,20,TRACKED_COMPETITOR_AVAILABLE,0.9978834986686707,19
3mkpwq2r,21,5,53,21,20,TRACKED_COMPETITOR_AVAILABLE,0.9977082014083862,20
3mynm0b3,1,54,66,1,0,NO_TRACKED_COMPETITOR,,
3ohezf7p,1,18,28,1,0,NO_TRACKED_COMPETITOR,,
3ohezf7p,1,37,125,1,0,NO_TRACKED_COMPETITOR,,
3ojyo18h,1,115,120,1,0,NO_TRACKED_COMPETITOR,,
3q5s65nd,1,16,35,1,0,NO_TRACKED_COMPETITOR,,
3rgyid4v,1,122,129,1,0,NO_TRACKED_COMPETITOR,,
3rgyid4v,1,312,322,1,0,NO_TRACKED_COMPETITOR,,
3rgyid4v,1,370,494,1,0,NO_TRACKED_COMPETITOR,,
3rgyid4v,1,532,596,1,0,NO_TRACKED_COMPETITOR,,
3rgyid4v,1,608,699,1,0,NO_TRACKED_COMPETITOR,,
3sjgaexp,1,32,40,1,0,NO_TRACKED_COMPETITOR,,
3up9ulso,1,143,164,1,0,NO_TRACKED_COMPETITOR,,
3up9ulso,1,202,316,1,0,NO_TRACKED_COMPETITOR,,
3up9ulso,1,454,481,1,0,NO_TRACKED_COMPETITOR,,
3up9ulso,1,528,567,1,0,NO_TRACKED_COMPETITOR,,
3v5xbt1q,1,29,43,1,0,NO_TRACKED_COMPETITOR,,
3w5jvbwz,1,27,48,1,0,NO_TRACKED_COMPETITOR,,
3wk221hp,1,53,83,1,0,NO_TRACKED_COMPETITOR,,
3wwwxabv,1,1,65,28,27,TRACKED_COMPETITOR_AVAILABLE,0.998229444026947,6
3wwwxabv,2,1,65,28,27,TRACKED_COMPETITOR_AVAILABLE,0.9977813959121704,6
3wwwxabv,3,1,65,28,27,TRACKED_COMPETITOR_AVAILABLE,0.9920428395271301,5
3wwwxabv,4,1,65,28,27,TRACKED_COMPETITOR_AVAILABLE,0.9967470765113831,20
3wwwxabv,5,1,65,28,27,TRACKED_COMPETITOR_AVAILABLE,0.9920428395271301,3
3wwwxabv,6,1,65,28,27,TRACKED_COMPETITOR_AVAILABLE,0.998333752155304,11
3wwwxabv,7,1,65,28,27,TRACKED_COMPETITOR_AVAILABLE,0.9985964894294739,8
3wwwxabv,8,1,65,28,27,TRACKED_COMPETITOR_AVAILABLE,0.9985964894294739,7
3wwwxabv,9,1,65,28,27,TRACKED_COMPETITOR_AVAILABLE,0.9966872334480286,28
3wwwxabv,10,1,65,28,27,TRACKED_COMPETITOR_AVAILABLE,0.9925711154937744,17
3wwwxabv,11,1,65,28,27,TRACKED_COMPETITOR_AVAILABLE,0.998333752155304,6
3wwwxabv,12,1,65,28,27,TRACKED_COMPETITOR_AVAILABLE,0.9940302968025208,13
3wwwxabv,13,1,65,28,27,TRACKED_COMPETITOR_AVAILABLE,0.9940302968025208,12
3wwwxabv,14,1,65,28,27,TRACKED_COMPETITOR_AVAILABLE,0.9985886216163635,15
3wwwxabv,15,1,64,28,27,TRACKED_COMPETITOR_AVAILABLE,0.9985886216163635,14
3wwwxabv,16,1,64,28,27,TRACKED_COMPETITOR_AVAILABLE,0.9992303848266602,21
3wwwxabv,17,1,64,28,27,TRACKED_COMPETITOR_AVAILABLE,0.9949003458023071,7
3wwwxabv,18,1,64,28,27,TRACKED_COMPETITOR_AVAILABLE,0.9989612698554993,22
3wwwxabv,19,1,25,28,27,TRACKED_COMPETITOR_AVAILABLE,0.9981294870376587,28
3wwwxabv,20,1,63,28,27,TRACKED_COMPETITOR_AVAILABLE,0.9967470765113831,4
3wwwxabv,21,1,63,28,27,TRACKED_COMPETITOR_AVAILABLE,0.9992303848266602,16
3wwwxabv,22,1,63,28,27,TRACKED_COMPETITOR_AVAILABLE,0.9989612698554993,18
3wwwxabv,23,1,63,28,27,TRACKED_COMPETITOR_AVAILABLE,0.9989283680915833,22
3wwwxabv,24,1,63,28,27,TRACKED_COMPETITOR_AVAILABLE,0.9980934858322144,21
3wwwxabv,25,1,62,28,27,TRACKED_COMPETITOR_AVAILABLE,0.9969319701194763,22
3wwwxabv,26,1,27,28,27,TRACKED_COMPETITOR_AVAILABLE,0.9983229637145996,22
3wwwxabv,26,29,62,28,27,TRACKED_COMPETITOR_AVAILABLE,0.9983229637145996,22
3wwwxabv,27,2,26,28,27,TRACKED_COMPETITOR_AVAILABLE,0.999139666557312,21
3wwwxabv,28,2,24,28,27,TRACKED_COMPETITOR_AVAILABLE,0.9981294870376587,19
3zh20m6g,1,17,49,1,0,NO_TRACKED_COMPETITOR,,
3zh20m6g,1,75,84,1,0,NO_TRACKED_COMPETITOR,,
4023fc77,4,20,46,4,3,TRACKED_COMPETITOR_AVAILABLE,0.9928351044654846,3
414ca58b,1,1,29,3,2,TRACKED_COMPETITOR_AVAILABLE,0.9943634867668152,2
414ca58b,1,30,52,3,2,TRACKED_COMPETITOR_AVAILABLE,0.9943634867668152,2
414ca58b,3,21,33,3,2,TRACKED_COMPETITOR_AVAILABLE,0.9978532195091248,2
4201m2wh,1,23,57,1,0,NO_TRACKED_COMPETITOR,,
4201m2wh,1,76,103,1,0,NO_TRACKED_COMPETITOR,,
429zpaoy,1,21,30,2,1,TRACKED_COMPETITOR_AVAILABLE,0.9932148456573486,2
429zpaoy,2,24,37,2,1,TRACKED_COMPETITOR_AVAILABLE,0.9932148456573486,1
42dn1p4x,1,18,54,1,0,NO_TRACKED_COMPETITOR,,
43030c4c,1,69,74,1,0,NO_TRACKED_COMPETITOR,,
4344808d,1,9,19,1,0,NO_TRACKED_COMPETITOR,,
4344808d,1,62,71,1,0,NO_TRACKED_COMPETITOR,,
4344808d,1,80,96,1,0,NO_TRACKED_COMPETITOR,,
43dc67f7,1,32,52,1,0,NO_TRACKED_COMPETITOR,,
46e00caf,1,52,87,2,1,TRACKED_COMPETITOR_AVAILABLE,0.9903380870819092,2
47891b4c,1,36,44,1,0,NO_TRACKED_COMPETITOR,,
4795259b,4,10,18,7,6,TRACKED_COMPETITOR_AVAILABLE,0.9868039488792419,3
4795259b,4,25,38,7,6,TRACKED_COMPETITOR_AVAILABLE,0.9868039488792419,3
4795259b,7,1,8,7,6,TRACKED_COMPETITOR_AVAILABLE,0.9400125741958618,6
4795259b,7,33,48,7,6,TRACKED_COMPETITOR_AVAILABLE,0.9400125741958618,6
4819exz4,1,44,53,1,0,NO_TRACKED_COMPETITOR,,
484d48a3,1,11,19,2,1,TRACKED_COMPETITOR_AVAILABLE,0.9689576625823975,2
484d48a3,2,14,25,2,1,TRACKED_COMPETITOR_AVAILABLE,0.9689576625823975,1
484d48a3,2,49,82,2,1,TRACKED_COMPETITOR_AVAILABLE,0.9689576625823975,1
48piegqg,1,27,37,2,1,TRACKED_COMPETITOR_AVAILABLE,0.9890497922897339,2
48piegqg,2,44,51,2,1,TRACKED_COMPETITOR_AVAILABLE,0.9890497922897339,1
49s7f9p4,1,3,14,1,0,NO_TRACKED_COMPETITOR,,
49s7f9p4,1,17,24,1,0,NO_TRACKED_COMPETITOR,,
49s7f9p4,1,33,41,1,0,NO_TRACKED_COMPETITOR,,
4a41cbf8,3,34,43,5,4,TRACKED_COMPETITOR_AVAILABLE,0.9920574426651001,2
4a6fb202,4,46,62,6,5,TRACKED_COMPETITOR_AVAILABLE,0.9950857758522034,5
4a7162bd,1,7,35,2,1,TRACKED_COMPETITOR_AVAILABLE,0.9903813600540161,2
4a7162bd,2,3,44,2,1,TRACKED_COMPETITOR_AVAILABLE,0.9903813600540161,1
4bhktxfz,1,6,32,1,0,NO_TRACKED_COMPETITOR,,
4bhktxfz,1,50,69,1,0,NO_TRACKED_COMPETITOR,,
4bhktxfz,1,77,93,1,0,NO_TRACKED_COMPETITOR,,
4c94e4f3,3,14,42,3,2,TRACKED_COMPETITOR_AVAILABLE,0.984043538570404,2
4cb11a5f,1,14,40,1,0,NO_TRACKED_COMPETITOR,,
4e0597a0,2,81,91,3,2,TRACKED_COMPETITOR_AVAILABLE,0.9838681817054749,1
4e0597a0,3,150,155,3,2,TRACKED_COMPETITOR_AVAILABLE,0.9841516017913818,1
4e05j6cz,1,21,26,1,0,NO_TRACKED_COMPETITOR,,
4e3020fe,1,14,21,1,0,NO_TRACKED_COMPETITOR,,
4ea934d8,1,6,12,1,0,NO_TRACKED_COMPETITOR,,
4fvph6vi,1,10,32,1,0,NO_TRACKED_COMPETITOR,,
4heroisd,1,26,33,2,1,TRACKED_COMPETITOR_AVAILABLE,0.970819890499115,2
4heroisd,2,29,38,2,1,TRACKED_COMPETITOR_AVAILABLE,0.970819890499115,1
4heroisd,2,50,57,2,1,TRACKED_COMPETITOR_AVAILABLE,0.970819890499115,1
4jljw05k,1,26,59,1,0,NO_TRACKED_COMPETITOR,,
4lh7zbh8,1,30,73,1,0,NO_TRACKED_COMPETITOR,,
4m4nusqa,1,40,45,1,0,NO_TRACKED_COMPETITOR,,
4numtahu,3,23,28,6,5,TRACKED_COMPETITOR_AVAILABLE,0.9951411485671997,2
4ny5gf5t,1,16,47,2,1,TRACKED_COMPETITOR_AVAILABLE,0.9918528199195862,2
4ny5gf5t,2,20,41,2,1,TRACKED_COMPETITOR_AVAILABLE,0.9918528199195862,1
4o7up402,1,7,33,1,0,NO_TRACKED_COMPETITOR,,
4o7up402,1,47,52,1,0,NO_TRACKED_COMPETITOR,,
4rgqys4y,1,7,14,1,0,NO_TRACKED_COMPETITOR,,
4rgqys4y,1,71,79,1,0,NO_TRACKED_COMPETITOR,,
4rx06t9m,1,2,125,1,0,NO_TRACKED_COMPETITOR,,
4se4eppr,1,7,24,2,1,TRACKED_COMPETITOR_AVAILABLE,0.9972118735313416,2
4se4eppr,2,5,34,2,1,TRACKED_COMPETITOR_AVAILABLE,0.9972118735313416,1
4sjypulp,1,63,69,1,0,NO_TRACKED_COMPETITOR,,
4swjc6h9,1,5,104,1,0,NO_TRACKED_COMPETITOR,,
4usfhcji,1,50,63,1,0,NO_TRACKED_COMPETITOR,,
4vi126r8,1,14,21,1,0,NO_TRACKED_COMPETITOR,,
4vi126r8,1,43,51,1,0,NO_TRACKED_COMPETITOR,,
4znujm0e,1,13,34,1,0,NO_TRACKED_COMPETITOR,,
50qauky1,1,26,36,3,2,TRACKED_COMPETITOR_AVAILABLE,0.995663583278656,2
50qauky1,1,44,53,3,2,TRACKED_COMPETITOR_AVAILABLE,0.995663583278656,2
50qauky1,2,21,35,3,2,TRACKED_COMPETITOR_AVAILABLE,0.9987051486968994,3
50qauky1,2,41,51,3,2,TRACKED_COMPETITOR_AVAILABLE,0.9987051486968994,3
50qauky1,3,23,36,3,2,TRACKED_COMPETITOR_AVAILABLE,0.9987051486968994,2
50qauky1,3,42,52,3,2,TRACKED_COMPETITOR_AVAILABLE,0.9987051486968994,2
511clhlf,1,19,37,1,0,NO_TRACKED_COMPETITOR,,
511clhlf,1,53,60,1,0,NO_TRACKED_COMPETITOR,,
511clhlf,1,79,89,1,0,NO_TRACKED_COMPETITOR,,
51befc31,2,68,73,3,2,TRACKED_COMPETITOR_AVAILABLE,0.9906190633773804,3
51befc31,2,80,92,3,2,TRACKED_COMPETITOR_AVAILABLE,0.9906190633773804,3
51e5ca25,1,4,11,1,0,NO_TRACKED_COMPETITOR,,
526195de,1,154,186,1,0,NO_TRACKED_COMPETITOR,,
5397b01d,1,16,30,1,0,NO_TRACKED_COMPETITOR,,
53f67585,9,86,116,9,8,TRACKED_COMPETITOR_AVAILABLE,0.9993628263473511,7
53sca9ee,1,1,8,4,3,TRACKED_COMPETITOR_AVAILABLE,0.9360039830207825,3
5416fbb7,1,84,91,1,0,NO_TRACKED_COMPETITOR,,
5416fbb7,1,112,117,1,0,NO_TRACKED_COMPETITOR,,
54b9dbba,1,40,48,1,0,NO_TRACKED_COMPETITOR,,
55v46njo,1,7,31,1,0,NO_TRACKED_COMPETITOR,,
55v46njo,1,52,68,1,0,NO_TRACKED_COMPETITOR,,
578f71da,5,79,97,5,4,TRACKED_COMPETITOR_AVAILABLE,0.9887526631355286,3
578f71da,5,122,133,5,4,TRACKED_COMPETITOR_AVAILABLE,0.9887526631355286,3
57ad022e,1,58,111,5,4,TRACKED_COMPETITOR_AVAILABLE,0.9941539168357849,2
58f24fa4,1,18,48,1,0,NO_TRACKED_COMPETITOR,,
59992293,1,16,32,7,6,TRACKED_COMPETITOR_AVAILABLE,0.9868335723876953,4
59992293,1,33,40,7,6,TRACKED_COMPETITOR_AVAILABLE,0.9868335723876953,4
5ae23f9f,1,28,34,1,0,NO_TRACKED_COMPETITOR,,
5bad0bab,1,7,75,2,1,TRACKED_COMPETITOR_AVAILABLE,0.9262170791625977,2
5bad0bab,2,45,55,2,1,TRACKED_COMPETITOR_AVAILABLE,0.9262170791625977,1
5bc7ea74,1,62,136,2,1,TRACKED_COMPETITOR_AVAILABLE,0.9574524760246277,2
5bc7ea74,2,69,157,2,1,TRACKED_COMPETITOR_AVAILABLE,0.9574524760246277,1
5csodh3t,1,8,14,1,0,NO_TRACKED_COMPETITOR,,
5csodh3t,1,23,30,1,0,NO_TRACKED_COMPETITOR,,
5csodh3t,1,33,51,1,0,NO_TRACKED_COMPETITOR,,
5d107jy0,1,19,24,1,0,NO_TRACKED_COMPETITOR,,
5e81394i,1,6,27,1,0,NO_TRACKED_COMPETITOR,,
5e81394i,1,44,134,1,0,NO_TRACKED_COMPETITOR,,
5e81394i,1,210,250,1,0,NO_TRACKED_COMPETITOR,,
5e81394i,1,260,315,1,0,NO_TRACKED_COMPETITOR,,
5e9412c0,2,22,28,8,7,TRACKED_COMPETITOR_AVAILABLE,0.9937768578529358,3
5e9412c0,3,1,19,8,7,TRACKED_COMPETITOR_AVAILABLE,0.9937768578529358,2
5e9412c0,8,1,25,8,7,TRACKED_COMPETITOR_AVAILABLE,0.9965977072715759,7
5f3fcff6,1,36,46,1,0,NO_TRACKED_COMPETITOR,,
5f3fcff6,1,62,67,1,0,NO_TRACKED_COMPETITOR,,
5gffh7gx,1,18,46,1,0,NO_TRACKED_COMPETITOR,,
5ixdd0df,1,27,36,1,0,NO_TRACKED_COMPETITOR,,
5ixdd0df,1,91,98,1,0,NO_TRACKED_COMPETITOR,,
5m4ckpop,1,17,40,2,1,TRACKED_COMPETITOR_AVAILABLE,0.9980270266532898,2
5m4ckpop,2,7,30,2,1,TRACKED_COMPETITOR_AVAILABLE,0.9980270266532898,1
5ne9na4f,1,4,37,1,0,NO_TRACKED_COMPETITOR,,
5ne9na4f,1,45,69,1,0,NO_TRACKED_COMPETITOR,,
5ne9na4f,1,77,90,1,0,NO_TRACKED_COMPETITOR,,
5nwr1e15,1,30,55,2,1,TRACKED_COMPETITOR_AVAILABLE,0.9951657056808472,2
5nwr1e15,1,61,83,2,1,TRACKED_COMPETITOR_AVAILABLE,0.9951657056808472,2
5oe1xea6,1,7,23,1,0,NO_TRACKED_COMPETITOR,,
5oe1xea6,1,67,89,1,0,NO_TRACKED_COMPETITOR,,
5rttndn7,1,49,65,1,0,NO_TRACKED_COMPETITOR,,
5vn6m21a,1,13,22,1,0,NO_TRACKED_COMPETITOR,,
5vn6m21a,1,54,64,1,0,NO_TRACKED_COMPETITOR,,
5w2wm25n,1,25,30,3,2,TRACKED_COMPETITOR_AVAILABLE,0.999566912651062,3
5w2wm25n,2,18,26,3,2,TRACKED_COMPETITOR_AVAILABLE,0.9979749321937561,3
5w2wm25n,2,63,70,3,2,TRACKED_COMPETITOR_AVAILABLE,0.9979749321937561,3
5w2wm25n,3,20,28,3,2,TRACKED_COMPETITOR_AVAILABLE,0.999566912651062,1
5wf117rp,1,36,42,1,0,NO_TRACKED_COMPETITOR,,
5wsg1nxs,1,9,19,4,3,TRACKED_COMPETITOR_AVAILABLE,0.9982442259788513,3
5wsg1nxs,3,9,19,4,3,TRACKED_COMPETITOR_AVAILABLE,0.9982442259788513,1
5wsg1nxs,4,9,19,4,3,TRACKED_COMPETITOR_AVAILABLE,0.9920434355735779,2
5yq4u9wv,1,13,35,1,0,NO_TRACKED_COMPETITOR,,
5yq4u9wv,1,76,82,1,0,NO_TRACKED_COMPETITOR,,
5z2z78q3,1,60,66,1,0,NO_TRACKED_COMPETITOR,,
5z6j8sms,1,12,18,1,0,NO_TRACKED_COMPETITOR,,
5z6j8sms,1,55,86,1,0,NO_TRACKED_COMPETITOR,,
5zabac5l,1,15,21,1,0,NO_TRACKED_COMPETITOR,,
5zxrotef,1,5,31,1,0,NO_TRACKED_COMPETITOR,,
5zxrotef,1,41,52,1,0,NO_TRACKED_COMPETITOR,,
5zxrotef,1,62,77,1,0,NO_TRACKED_COMPETITOR,,
6075d6b0,1,32,39,5,4,TRACKED_COMPETITOR_AVAILABLE,0.9923808574676514,2
60827ada,4,66,146,4,3,TRACKED_COMPETITOR_AVAILABLE,0.9966782331466675,2
6092nsl8,1,12,35,2,1,TRACKED_COMPETITOR_AVAILABLE,0.9798470735549927,2
6092nsl8,2,11,28,2,1,TRACKED_COMPETITOR_AVAILABLE,0.9798470735549927,1
60f4fa43,1,20,30,1,0,NO_TRACKED_COMPETITOR,,
61403519,3,35,46,3,2,TRACKED_COMPETITOR_AVAILABLE,0.9898877143859863,1
62529cd4,1,152,157,3,2,TRACKED_COMPETITOR_AVAILABLE,0.9960795640945435,2
627jnkn9,1,21,50,3,2,TRACKED_COMPETITOR_AVAILABLE,0.9875562787055969,3
627jnkn9,2,11,18,3,2,TRACKED_COMPETITOR_AVAILABLE,0.9924359321594238,3
627jnkn9,3,10,15,3,2,TRACKED_COMPETITOR_AVAILABLE,0.9924359321594238,2
62c501f8,1,4,12,1,0,NO_TRACKED_COMPETITOR,,
63437cf3,3,33,38,3,2,TRACKED_COMPETITOR_AVAILABLE,0.9810829758644104,1
63437cf3,3,39,61,3,2,TRACKED_COMPETITOR_AVAILABLE,0.9810829758644104,1
63qpq8pc,3,5,10,3,2,TRACKED_COMPETITOR_AVAILABLE,0.9983213543891907,2
64044df1,2,50,57,6,5,TRACKED_COMPETITOR_AVAILABLE,0.9888812899589539,6
64b89eb5,1,33,111,3,2,TRACKED_COMPETITOR_AVAILABLE,0.99853515625,2
64b89eb5,2,22,99,3,2,TRACKED_COMPETITOR_AVAILABLE,0.99853515625,1
64b89eb5,3,20,99,3,2,TRACKED_COMPETITOR_AVAILABLE,0.9948247075080872,1
65ll50bt,1,18,47,1,0,NO_TRACKED_COMPETITOR,,
65ll50bt,1,73,166,1,0,NO_TRACKED_COMPETITOR,,
65ll50bt,1,198,246,1,0,NO_TRACKED_COMPETITOR,,
65ll50bt,1,271,314,1,0,NO_TRACKED_COMPETITOR,,
65ll50bt,1,350,380,1,0,NO_TRACKED_COMPETITOR,,
65ll50bt,1,403,425,1,0,NO_TRACKED_COMPETITOR,,
662a1846,1,13,25,9,8,TRACKED_COMPETITOR_AVAILABLE,0.9959125518798828,2
662a1846,2,8,20,9,8,TRACKED_COMPETITOR_AVAILABLE,0.9959125518798828,1
662a1846,2,51,63,9,8,TRACKED_COMPETITOR_AVAILABLE,0.9959125518798828,1
662a1846,3,32,43,9,8,TRACKED_COMPETITOR_AVAILABLE,0.9848764538764954,7
662a1846,4,14,25,9,8,TRACKED_COMPETITOR_AVAILABLE,0.9945651292800903,1
662a1846,5,9,19,9,8,TRACKED_COMPETITOR_AVAILABLE,0.9892096519470215,4
662a1846,5,52,62,9,8,TRACKED_COMPETITOR_AVAILABLE,0.9892096519470215,4
662a1846,6,3,13,9,8,TRACKED_COMPETITOR_AVAILABLE,0.965806782245636,5
662a1846,6,47,57,9,8,TRACKED_COMPETITOR_AVAILABLE,0.965806782245636,5
662a1846,7,32,42,9,8,TRACKED_COMPETITOR_AVAILABLE,0.9848764538764954,3
662a1846,8,15,23,9,8,TRACKED_COMPETITOR_AVAILABLE,0.9931981563568115,1
662a1846,9,8,26,9,8,TRACKED_COMPETITOR_AVAILABLE,0.991096019744873,1
662a1846,9,27,37,9,8,TRACKED_COMPETITOR_AVAILABLE,0.991096019744873,1
66a25278,1,49,59,1,0,NO_TRACKED_COMPETITOR,,
66a25278,1,107,112,1,0,NO_TRACKED_COMPETITOR,,
66a25278,1,159,179,1,0,NO_TRACKED_COMPETITOR,,
66a25278,1,203,227,1,0,NO_TRACKED_COMPETITOR,,
673adbcc,1,7,21,1,0,NO_TRACKED_COMPETITOR,,
6783a303,1,153,187,1,0,NO_TRACKED_COMPETITOR,,
68c879f2,1,51,106,2,1,TRACKED_COMPETITOR_AVAILABLE,0.9896059632301331,2
68d2b259,1,2,16,1,0,NO_TRACKED_COMPETITOR,,
68d2b259,1,34,43,1,0,NO_TRACKED_COMPETITOR,,
68d2b259,1,47,67,1,0,NO_TRACKED_COMPETITOR,,
6a50e93a,1,16,23,1,0,NO_TRACKED_COMPETITOR,,
6acd353f,1,10,21,4,3,TRACKED_COMPETITOR_AVAILABLE,0.9950578808784485,4
6acd353f,2,11,22,4,3,TRACKED_COMPETITOR_AVAILABLE,0.9947410821914673,1
6ad44b86,2,86,120,7,6,TRACKED_COMPETITOR_AVAILABLE,0.9876236915588379,5
6ad44b86,2,122,128,7,6,TRACKED_COMPETITOR_AVAILABLE,0.9876236915588379,5
6ad44b86,4,86,111,7,6,TRACKED_COMPETITOR_AVAILABLE,0.9992854595184326,6
6ad44b86,4,122,127,7,6,TRACKED_COMPETITOR_AVAILABLE,0.9992854595184326,6
6ad44b86,5,101,110,7,6,TRACKED_COMPETITOR_AVAILABLE,0.9979249238967896,3
6ad44b86,5,113,119,7,6,TRACKED_COMPETITOR_AVAILABLE,0.9979249238967896,3
6bwl408d,1,3,42,1,0,NO_TRACKED_COMPETITOR,,
6da17988,5,23,28,8,7,TRACKED_COMPETITOR_AVAILABLE,0.9981646537780762,2
6e2dce1b,1,38,45,1,0,NO_TRACKED_COMPETITOR,,
6f5144b6,2,18,24,9,8,TRACKED_COMPETITOR_AVAILABLE,0.993238091468811,3
6f5144b6,9,5,28,9,8,TRACKED_COMPETITOR_AVAILABLE,0.9863718748092651,8
6f6e6c37,1,29,43,1,0,NO_TRACKED_COMPETITOR,,
6fl146dc,1,43,50,2,1,TRACKED_COMPETITOR_AVAILABLE,0.981797993183136,2
6k69zqfl,1,9,156,1,0,NO_TRACKED_COMPETITOR,,
6k69zqfl,1,157,186,1,0,NO_TRACKED_COMPETITOR,,
6lf2676j,1,12,20,1,0,NO_TRACKED_COMPETITOR,,
6lf2676j,1,29,34,1,0,NO_TRACKED_COMPETITOR,,
6lf2676j,1,41,58,1,0,NO_TRACKED_COMPETITOR,,
6ljnqtty,1,10,22,1,0,NO_TRACKED_COMPETITOR,,
6m6nyj7h,1,20,108,1,0,NO_TRACKED_COMPETITOR,,
6moh35ox,1,33,78,1,0,NO_TRACKED_COMPETITOR,,
6moh35ox,1,221,315,1,0,NO_TRACKED_COMPETITOR,,
6nnkxfh7,1,15,169,1,0,NO_TRACKED_COMPETITOR,,
6nnkxfh7,1,178,517,1,0,NO_TRACKED_COMPETITOR,,
6nnkxfh7,1,537,546,1,0,NO_TRACKED_COMPETITOR,,
6nnkxfh7,1,580,601,1,0,NO_TRACKED_COMPETITOR,,
6nnkxfh7,1,602,629,1,0,NO_TRACKED_COMPETITOR,,
6nnkxfh7,1,640,650,1,0,NO_TRACKED_COMPETITOR,,
6pbz05ig,1,21,34,1,0,NO_TRACKED_COMPETITOR,,
6q2cpioc,1,2,9,1,0,NO_TRACKED_COMPETITOR,,
6t0fk8k0,1,1,39,5,4,TRACKED_COMPETITOR_AVAILABLE,0.977501630783081,3
6uspxt1h,2,38,47,2,1,TRACKED_COMPETITOR_AVAILABLE,0.9764765501022339,1
6y72c98u,1,2,9,1,0,NO_TRACKED_COMPETITOR,,
6yym3qel,1,12,27,1,0,NO_TRACKED_COMPETITOR,,
6yym3qel,1,48,55,1,0,NO_TRACKED_COMPETITOR,,
70bcaf68,3,12,18,4,3,TRACKED_COMPETITOR_AVAILABLE,0.9954752326011658,2
70n9xuii,1,55,104,1,0,NO_TRACKED_COMPETITOR,,
70xyb5u3,1,58,93,1,0,NO_TRACKED_COMPETITOR,,
70yjjtka,1,14,54,1,0,NO_TRACKED_COMPETITOR,,
70yjjtka,1,66,91,1,0,NO_TRACKED_COMPETITOR,,
71u0twg5,1,41,58,1,0,NO_TRACKED_COMPETITOR,,
723fd024,1,8,14,2,1,TRACKED_COMPETITOR_AVAILABLE,0.9967817068099976,2
723fd024,2,9,14,2,1,TRACKED_COMPETITOR_AVAILABLE,0.9967817068099976,1
72yz5sum,1,18,24,1,0,NO_TRACKED_COMPETITOR,,
72yz5sum,1,29,42,1,0,NO_TRACKED_COMPETITOR,,
72yz5sum,1,46,59,1,0,NO_TRACKED_COMPETITOR,,
7457k6l5,1,12,21,1,0,NO_TRACKED_COMPETITOR,,
7457k6l5,1,60,72,1,0,NO_TRACKED_COMPETITOR,,
758gaily,1,45,67,1,0,NO_TRACKED_COMPETITOR,,
75bagjky,1,14,23,2,1,TRACKED_COMPETITOR_AVAILABLE,0.9936057329177856,2
75bagjky,1,45,51,2,1,TRACKED_COMPETITOR_AVAILABLE,0.9936057329177856,2
75bagjky,2,26,36,2,1,TRACKED_COMPETITOR_AVAILABLE,0.9936057329177856,1
75bagjky,2,48,56,2,1,TRACKED_COMPETITOR_AVAILABLE,0.9936057329177856,1
75c34dc5,1,139,149,1,0,NO_TRACKED_COMPETITOR,,
77110e80,3,42,49,6,5,TRACKED_COMPETITOR_AVAILABLE,0.99883633852005,4
77110e80,4,39,53,6,5,TRACKED_COMPETITOR_AVAILABLE,0.99883633852005,3
77110e80,5,6,24,6,5,TRACKED_COMPETITOR_AVAILABLE,0.9845099449157715,3
77110e80,6,13,33,6,5,TRACKED_COMPETITOR_AVAILABLE,0.9805216789245605,2
77110e80,6,39,63,6,5,TRACKED_COMPETITOR_AVAILABLE,0.9805216789245605,2
781af187,1,8,22,1,0,NO_TRACKED_COMPETITOR,,
788da8e8,4,17,29,6,5,TRACKED_COMPETITOR_AVAILABLE,0.9953871965408325,5
78bf9b51,1,7,13,1,0,NO_TRACKED_COMPETITOR,,
78bf9b51,1,22,34,1,0,NO_TRACKED_COMPETITOR,,
797a7b7e,2,12,19,5,4,TRACKED_COMPETITOR_AVAILABLE,0.9957889914512634,5
79acac96,1,1,6,1,0,NO_TRACKED_COMPETITOR,,
79af6097,1,72,85,1,0,NO_TRACKED_COMPETITOR,,
7ade3068,1,27,32,2,1,TRACKED_COMPETITOR_AVAILABLE,0.9755730032920837,2
7ade3068,1,34,53,2,1,TRACKED_COMPETITOR_AVAILABLE,0.9755730032920837,2
7ade3068,1,67,77,2,1,TRACKED_COMPETITOR_AVAILABLE,0.9755730032920837,2
7ade3068,2,27,55,2,1,TRACKED_COMPETITOR_AVAILABLE,0.9755730032920837,1
7ade3068,2,67,78,2,1,TRACKED_COMPETITOR_AVAILABLE,0.9755730032920837,1
7b75dace,1,5,12,4,3,TRACKED_COMPETITOR_AVAILABLE,0.9932748079299927,2
7b75dace,4,6,12,4,3,TRACKED_COMPETITOR_AVAILABLE,0.9952659010887146,3
7be91184,5,9,16,11,10,TRACKED_COMPETITOR_AVAILABLE,0.9977244734764099,8
7bfe9b57,7,14,21,7,6,TRACKED_COMPETITOR_AVAILABLE,0.9977014064788818,1
7dctqmif,1,4,23,3,2,TRACKED_COMPETITOR_AVAILABLE,0.9861145615577698,3
7dctqmif,2,13,23,3,2,TRACKED_COMPETITOR_AVAILABLE,0.9824689626693726,3
7dctqmif,3,12,18,3,2,TRACKED_COMPETITOR_AVAILABLE,0.9861145615577698,1
7dsy26e9,1,42,49,1,0,NO_TRACKED_COMPETITOR,,
7dsy26e9,1,50,59,1,0,NO_TRACKED_COMPETITOR,,
7e704f2e,1,11,125,1,0,NO_TRACKED_COMPETITOR,,
7e709e2d,1,18,23,2,1,TRACKED_COMPETITOR_AVAILABLE,0.9916099905967712,2
7edd8b4f,3,3,24,5,4,TRACKED_COMPETITOR_AVAILABLE,0.9962737560272217,4
7edd8b4f,3,40,56,5,4,TRACKED_COMPETITOR_AVAILABLE,0.9962737560272217,4
7edd8b4f,4,7,31,5,4,TRACKED_COMPETITOR_AVAILABLE,0.9962737560272217,3
7fgahwsf,1,9,24,1,0,NO_TRACKED_COMPETITOR,,
7fgahwsf,1,74,93,1,0,NO_TRACKED_COMPETITOR,,
7grbiaif,1,19,37,1,0,NO_TRACKED_COMPETITOR,,
7hslvk3q,1,3,30,1,0,NO_TRACKED_COMPETITOR,,
7hslvk3q,1,44,91,1,0,NO_TRACKED_COMPETITOR,,
7isbzje8,1,6,21,1,0,NO_TRACKED_COMPETITOR,,
7jwolo4g,1,22,52,1,0,NO_TRACKED_COMPETITOR,,
7jwolo4g,1,82,92,1,0,NO_TRACKED_COMPETITOR,,
7jwolo4g,1,118,132,1,0,NO_TRACKED_COMPETITOR,,
7jwolo4g,1,147,156,1,0,NO_TRACKED_COMPETITOR,,
7jwolo4g,1,168,177,1,0,NO_TRACKED_COMPETITOR,,
7jwolo4g,1,199,222,1,0,NO_TRACKED_COMPETITOR,,
7k0ragb5,1,5,12,1,0,NO_TRACKED_COMPETITOR,,
7k0ragb5,1,18,25,1,0,NO_TRACKED_COMPETITOR,,
7k0ragb5,1,33,57,1,0,NO_TRACKED_COMPETITOR,,
7k0ragb5,1,65,74,1,0,NO_TRACKED_COMPETITOR,,
7kj92j8k,1,22,28,2,1,TRACKED_COMPETITOR_AVAILABLE,0.9758875370025635,2
7kj92j8k,2,22,30,2,1,TRACKED_COMPETITOR_AVAILABLE,0.9758875370025635,1
7l85cwoa,1,8,92,1,0,NO_TRACKED_COMPETITOR,,
7l85cwoa,1,103,175,1,0,NO_TRACKED_COMPETITOR,,
7l85cwoa,1,184,257,1,0,NO_TRACKED_COMPETITOR,,
7l85cwoa,1,268,335,1,0,NO_TRACKED_COMPETITOR,,
7mk89tt9,1,23,44,1,0,NO_TRACKED_COMPETITOR,,
7mk89tt9,1,50,61,1,0,NO_TRACKED_COMPETITOR,,
7mk89tt9,1,64,73,1,0,NO_TRACKED_COMPETITOR,,
7n0qwzrs,1,8,18,1,0,NO_TRACKED_COMPETITOR,,
7n0qwzrs,1,29,40,1,0,NO_TRACKED_COMPETITOR,,
7n0qwzrs,1,50,61,1,0,NO_TRACKED_COMPETITOR,,
7ogfnlwi,1,2,19,3,2,TRACKED_COMPETITOR_AVAILABLE,0.9907581806182861,3
7ogfnlwi,2,5,15,3,2,TRACKED_COMPETITOR_AVAILABLE,0.9893051385879517,3
7ogfnlwi,3,5,15,3,2,TRACKED_COMPETITOR_AVAILABLE,0.9907581806182861,1
7ologesu,1,28,38,1,0,NO_TRACKED_COMPETITOR,,
7ql545cz,1,19,24,6,5,TRACKED_COMPETITOR_AVAILABLE,0.9978702664375305,5
7ql545cz,2,15,34,6,5,TRACKED_COMPETITOR_AVAILABLE,0.9976672530174255,4
7ql545cz,3,19,24,6,5,TRACKED_COMPETITOR_AVAILABLE,0.9863905906677246,6
7ql545cz,4,15,33,6,5,TRACKED_COMPETITOR_AVAILABLE,0.9976672530174255,2
7ql545cz,5,19,24,6,5,TRACKED_COMPETITOR_AVAILABLE,0.9978702664375305,1
7ql545cz,6,19,24,6,5,TRACKED_COMPETITOR_AVAILABLE,0.994307816028595,4
7rloc0sf,1,28,34,1,0,NO_TRACKED_COMPETITOR,,
7sro7l05,1,59,65,2,1,TRACKED_COMPETITOR_AVAILABLE,0.99701327085495,2
7sro7l05,2,57,64,2,1,TRACKED_COMPETITOR_AVAILABLE,0.99701327085495,1
7txdm1bs,1,11,32,1,0,NO_TRACKED_COMPETITOR,,
7txdm1bs,1,41,56,1,0,NO_TRACKED_COMPETITOR,,
7txdm1bs,1,66,77,1,0,NO_TRACKED_COMPETITOR,,
7v9ztirf,1,2,38,1,0,NO_TRACKED_COMPETITOR,,
7vw4tnzi,1,6,14,3,2,TRACKED_COMPETITOR_AVAILABLE,0.9888774156570435,3
7vw4tnzi,1,19,34,3,2,TRACKED_COMPETITOR_AVAILABLE,0.9888774156570435,3
7vw4tnzi,2,20,25,3,2,TRACKED_COMPETITOR_AVAILABLE,0.9914087057113647,3
7vw4tnzi,3,20,25,3,2,TRACKED_COMPETITOR_AVAILABLE,0.9914087057113647,2
7wutyllc,3,6,34,3,2,TRACKED_COMPETITOR_AVAILABLE,0.9750722050666809,1
7ywnbfed,1,2,34,1,0,NO_TRACKED_COMPETITOR,,
7ywnbfed,1,35,42,1,0,NO_TRACKED_COMPETITOR,,
7ywnbfed,1,53,58,1,0,NO_TRACKED_COMPETITOR,,
7zdbvd3m,1,29,115,1,0,NO_TRACKED_COMPETITOR,,
800b5eac,1,26,35,1,0,NO_TRACKED_COMPETITOR,,
8036b58e,6,83,94,6,5,TRACKED_COMPETITOR_AVAILABLE,0.9812753796577454,4
80906bf9,1,15,26,1,0,NO_TRACKED_COMPETITOR,,
80a7cf7b,5,7,21,7,6,TRACKED_COMPETITOR_AVAILABLE,0.9941663146018982,6
80a7cf7b,6,8,27,7,6,TRACKED_COMPETITOR_AVAILABLE,0.9941663146018982,5
80a7cf7b,6,28,38,7,6,TRACKED_COMPETITOR_AVAILABLE,0.9941663146018982,5
80a7cf7b,6,42,49,7,6,TRACKED_COMPETITOR_AVAILABLE,0.9941663146018982,5
80a7cf7b,7,9,27,7,6,TRACKED_COMPETITOR_AVAILABLE,0.9679380059242249,5
80a7cf7b,7,28,34,7,6,TRACKED_COMPETITOR_AVAILABLE,0.9679380059242249,5
80c1bsgj,1,5,42,1,0,NO_TRACKED_COMPETITOR,,
8108b358,1,24,111,1,0,NO_TRACKED_COMPETITOR,,
81d12756,1,2,8,1,0,NO_TRACKED_COMPETITOR,,
81fdc526,9,12,21,10,9,TRACKED_COMPETITOR_AVAILABLE,0.9974300861358643,10
81sl9avs,1,21,55,1,0,NO_TRACKED_COMPETITOR,,
8248698e,5,29,34,7,6,TRACKED_COMPETITOR_AVAILABLE,0.9965103268623352,6
82667d52,3,25,32,10,9,TRACKED_COMPETITOR_AVAILABLE,0.9936398863792419,5
82667d52,4,26,32,10,9,TRACKED_COMPETITOR_AVAILABLE,0.9965931177139282,2
82667d52,5,2,11,10,9,TRACKED_COMPETITOR_AVAILABLE,0.9936398863792419,3
82667d52,5,33,46,10,9,TRACKED_COMPETITOR_AVAILABLE,0.9936398863792419,3
82667d52,9,3,10,10,9,TRACKED_COMPETITOR_AVAILABLE,0.9933944940567017,10
82667d52,9,37,45,10,9,TRACKED_COMPETITOR_AVAILABLE,0.9933944940567017,10
82667d52,10,7,14,10,9,TRACKED_COMPETITOR_AVAILABLE,0.9933944940567017,9
82667d52,10,35,40,10,9,TRACKED_COMPETITOR_AVAILABLE,0.9933944940567017,9
82df0888,2,8,28,2,1,TRACKED_COMPETITOR_AVAILABLE,0.9389792084693909,1
835qgtax,1,55,71,1,0,NO_TRACKED_COMPETITOR,,
83b7c53c,4,13,25,4,3,TRACKED_COMPETITOR_AVAILABLE,0.9947361350059509,2
83fko2hp,3,55,66,5,4,TRACKED_COMPETITOR_AVAILABLE,0.9931007027626038,2
83qvx5bk,1,1,65,1,0,NO_TRACKED_COMPETITOR,,
83qvx5bk,1,70,132,1,0,NO_TRACKED_COMPETITOR,,
83y40rzo,1,18,24,1,0,NO_TRACKED_COMPETITOR,,
83y40rzo,1,30,39,1,0,NO_TRACKED_COMPETITOR,,
843d3bf7,1,6,12,10,9,TRACKED_COMPETITOR_AVAILABLE,0.9972155094146729,2
8466eeb2,3,4,51,6,5,TRACKED_COMPETITOR_AVAILABLE,0.9942121505737305,4
84cgr6m0,1,72,90,1,0,NO_TRACKED_COMPETITOR,,
851gcyau,1,20,50,1,0,NO_TRACKED_COMPETITOR,,
8554c402,1,17,24,2,1,TRACKED_COMPETITOR_AVAILABLE,0.9852959513664246,2
8554c402,2,27,39,2,1,TRACKED_COMPETITOR_AVAILABLE,0.9852959513664246,1
85585220,1,17,25,1,0,NO_TRACKED_COMPETITOR,,
86a2b59f,8,14,19,19,18,TRACKED_COMPETITOR_AVAILABLE,0.9968900680541992,7
86a2b59f,9,3,10,19,18,TRACKED_COMPETITOR_AVAILABLE,0.9949455261230469,8
86a2b59f,11,4,10,19,18,TRACKED_COMPETITOR_AVAILABLE,0.98606276512146,8
86a88668,2,9,16,2,1,TRACKED_COMPETITOR_AVAILABLE,0.9808303713798523,1
86d5b29b,1,32,42,1,0,NO_TRACKED_COMPETITOR,,
86l5tqpe,1,24,45,1,0,NO_TRACKED_COMPETITOR,,
86vx5lfe,1,3,36,1,0,NO_TRACKED_COMPETITOR,,
86vx5lfe,1,44,51,1,0,NO_TRACKED_COMPETITOR,,
86vx5lfe,1,54,83,1,0,NO_TRACKED_COMPETITOR,,
86vx5lfe,1,90,97,1,0,NO_TRACKED_COMPETITOR,,
8788747f,1,15,31,1,0,NO_TRACKED_COMPETITOR,,
89b5mx0s,1,20,45,1,0,NO_TRACKED_COMPETITOR,,
89fe6899,4,19,35,7,6,TRACKED_COMPETITOR_AVAILABLE,0.996648907661438,6
89fe6899,5,38,44,7,6,TRACKED_COMPETITOR_AVAILABLE,0.9984610676765442,6
89fe6899,6,4,44,7,6,TRACKED_COMPETITOR_AVAILABLE,0.9984610676765442,5
8a48f62a,1,18,24,1,0,NO_TRACKED_COMPETITOR,,
8bb9a221,1,8,31,1,0,NO_TRACKED_COMPETITOR,,
8bex1hz5,1,4,11,1,0,NO_TRACKED_COMPETITOR,,
8euadjai,1,15,23,1,0,NO_TRACKED_COMPETITOR,,
8fa50320,1,82,88,7,6,TRACKED_COMPETITOR_AVAILABLE,0.9944493174552917,4
8fa50320,6,29,57,7,6,TRACKED_COMPETITOR_AVAILABLE,0.9988997578620911,4
8fa50320,7,3,72,7,6,TRACKED_COMPETITOR_AVAILABLE,0.9956599473953247,4
8hnrmeu3,1,1,77,1,0,NO_TRACKED_COMPETITOR,,
8jfizvdz,3,11,42,3,2,TRACKED_COMPETITOR_AVAILABLE,0.9915385246276855,1
8joekpqr,1,28,44,1,0,NO_TRACKED_COMPETITOR,,
8k2g8yo4,1,22,51,1,0,NO_TRACKED_COMPETITOR,,
8k2g8yo4,1,56,109,1,0,NO_TRACKED_COMPETITOR,,
8os4qdkx,1,2,63,1,0,NO_TRACKED_COMPETITOR,,
8p4phgwd,1,15,22,1,0,NO_TRACKED_COMPETITOR,,
8p4phgwd,1,74,81,1,0,NO_TRACKED_COMPETITOR,,
8rcn91yv,1,29,43,1,0,NO_TRACKED_COMPETITOR,,
8tvotg2q,1,14,32,1,0,NO_TRACKED_COMPETITOR,,
8u2tbyaj,1,31,120,1,0,NO_TRACKED_COMPETITOR,,
8xl2rojx,1,13,20,1,0,NO_TRACKED_COMPETITOR,,
8xqb6in8,1,6,26,1,0,NO_TRACKED_COMPETITOR,,
8xqb6in8,1,164,199,1,0,NO_TRACKED_COMPETITOR,,
8xqb6in8,1,206,273,1,0,NO_TRACKED_COMPETITOR,,
8xqb6in8,1,279,332,1,0,NO_TRACKED_COMPETITOR,,
8xqb6in8,1,350,356,1,0,NO_TRACKED_COMPETITOR,,
8ypfmpw8,1,29,54,1,0,NO_TRACKED_COMPETITOR,,
905d8740,1,11,33,6,5,TRACKED_COMPETITOR_AVAILABLE,0.9959709048271179,3
905d8740,1,55,60,6,5,TRACKED_COMPETITOR_AVAILABLE,0.9959709048271179,3
905d8740,2,57,62,6,5,TRACKED_COMPETITOR_AVAILABLE,0.9952981472015381,1
9061dac9,1,28,34,6,5,TRACKED_COMPETITOR_AVAILABLE,0.9967027902603149,2
91b2f707,3,2,11,6,5,TRACKED_COMPETITOR_AVAILABLE,0.9991113543510437,6
91b2f707,6,2,11,6,5,TRACKED_COMPETITOR_AVAILABLE,0.9991113543510437,3
924f5d88,1,13,44,7,6,TRACKED_COMPETITOR_AVAILABLE,0.9950647354125977,5
93e22d48,9,6,14,10,9,TRACKED_COMPETITOR_AVAILABLE,0.9965072274208069,4
93e22d48,10,21,104,10,9,TRACKED_COMPETITOR_AVAILABLE,0.9965301156044006,7
94f7c53e,2,15,23,5,4,TRACKED_COMPETITOR_AVAILABLE,0.9958782196044922,3
95215aa1,1,18,30,1,0,NO_TRACKED_COMPETITOR,,
95215aa1,1,50,84,1,0,NO_TRACKED_COMPETITOR,,
95hiop0z,1,31,61,1,0,NO_TRACKED_COMPETITOR,,
95ndszvf,1,54,133,1,0,NO_TRACKED_COMPETITOR,,
96on06h2,1,18,31,1,0,NO_TRACKED_COMPETITOR,,
96on06h2,1,42,91,1,0,NO_TRACKED_COMPETITOR,,
96on06h2,1,104,110,1,0,NO_TRACKED_COMPETITOR,,
97rmpio3,2,57,65,2,1,TRACKED_COMPETITOR_AVAILABLE,0.9800131320953369,1
98weslia,1,16,41,1,0,NO_TRACKED_COMPETITOR,,
98weslia,1,59,85,1,0,NO_TRACKED_COMPETITOR,,
999e07cb,2,38,43,2,1,TRACKED_COMPETITOR_AVAILABLE,0.9748985767364502,1
999e07cb,2,53,61,2,1,TRACKED_COMPETITOR_AVAILABLE,0.9748985767364502,1
99mkjwfy,1,18,40,1,0,NO_TRACKED_COMPETITOR,,
99mkjwfy,1,59,99,1,0,NO_TRACKED_COMPETITOR,,
99mkjwfy,1,121,185,1,0,NO_TRACKED_COMPETITOR,,
99mkjwfy,1,247,259,1,0,NO_TRACKED_COMPETITOR,,
99mkjwfy,1,363,402,1,0,NO_TRACKED_COMPETITOR,,
99nxo22x,1,33,42,2,1,TRACKED_COMPETITOR_AVAILABLE,0.9355663657188416,2
99nxo22x,2,8,18,2,1,TRACKED_COMPETITOR_AVAILABLE,0.9355663657188416,1
9a1146b3,1,39,51,1,0,NO_TRACKED_COMPETITOR,,
9a1146b3,1,55,118,1,0,NO_TRACKED_COMPETITOR,,
9agsjvi9,1,15,30,1,0,NO_TRACKED_COMPETITOR,,
9aj0g67z,1,20,40,1,0,NO_TRACKED_COMPETITOR,,
9ap4lfgx,3,24,46,4,3,TRACKED_COMPETITOR_AVAILABLE,0.9977595210075378,4
9ap4lfgx,4,24,46,4,3,TRACKED_COMPETITOR_AVAILABLE,0.9977595210075378,3
9b5f0f47,6,11,25,6,5,TRACKED_COMPETITOR_AVAILABLE,0.99555903673172,3
9b5f0f47,6,45,52,6,5,TRACKED_COMPETITOR_AVAILABLE,0.99555903673172,3
9bbdl24k,2,22,47,3,2,TRACKED_COMPETITOR_AVAILABLE,0.992455244064331,3
9byaysdp,1,1,80,1,0,NO_TRACKED_COMPETITOR,,
9c88ae45,1,34,43,1,0,NO_TRACKED_COMPETITOR,,
9cjp8r8h,2,13,31,2,1,TRACKED_COMPETITOR_AVAILABLE,0.9899760484695435,1
9cjp8r8h,2,35,51,2,1,TRACKED_COMPETITOR_AVAILABLE,0.9899760484695435,1
9e3s6s3u,1,12,36,1,0,NO_TRACKED_COMPETITOR,,
9ee59f51,2,50,60,3,2,TRACKED_COMPETITOR_AVAILABLE,0.9977545738220215,1
9ee59f51,3,40,45,3,2,TRACKED_COMPETITOR_AVAILABLE,0.995989978313446,2
9g0v3wxp,1,564,576,1,0,NO_TRACKED_COMPETITOR,,
9im7obz8,1,46,60,1,0,NO_TRACKED_COMPETITOR,,
9kp85suk,1,17,37,1,0,NO_TRACKED_COMPETITOR,,
9lav7dy0,1,34,51,2,1,TRACKED_COMPETITOR_AVAILABLE,0.9830103516578674,2
9lav7dy0,2,14,31,2,1,TRACKED_COMPETITOR_AVAILABLE,0.9830103516578674,1
9lav7dy0,2,32,38,2,1,TRACKED_COMPETITOR_AVAILABLE,0.9830103516578674,1
9lav7dy0,2,50,62,2,1,TRACKED_COMPETITOR_AVAILABLE,0.9830103516578674,1
9qhx6u5e,1,1,8,1,0,NO_TRACKED_COMPETITOR,,
9uy07xcw,1,58,80,1,0,NO_TRACKED_COMPETITOR,,
9y93ldk0,1,6,17,1,0,NO_TRACKED_COMPETITOR,,
9y93ldk0,1,19,28,1,0,NO_TRACKED_COMPETITOR,,
9y93ldk0,1,30,39,1,0,NO_TRACKED_COMPETITOR,,
9y93ldk0,1,43,54,1,0,NO_TRACKED_COMPETITOR,,
9y93ldk0,1,57,66,1,0,NO_TRACKED_COMPETITOR,,
9y93ldk0,1,69,80,1,0,NO_TRACKED_COMPETITOR,,
9y93ldk0,1,84,93,1,0,NO_TRACKED_COMPETITOR,,
9yevc674,1,11,18,1,0,NO_TRACKED_COMPETITOR,,
9yevc674,1,83,184,1,0,NO_TRACKED_COMPETITOR,,
VID_20250810_100938,1,4,46,1,0,NO_TRACKED_COMPETITOR,,
a02ed92c,1,14,24,1,0,NO_TRACKED_COMPETITOR,,
a1f4c54d,7,2,7,7,6,TRACKED_COMPETITOR_AVAILABLE,0.9943904876708984,4
a1fmtf80,1,2,50,1,0,NO_TRACKED_COMPETITOR,,
a1fmtf80,1,75,89,1,0,NO_TRACKED_COMPETITOR,,
a20baeec,2,3,16,4,3,TRACKED_COMPETITOR_AVAILABLE,0.987209677696228,4
a20baeec,4,6,19,4,3,TRACKED_COMPETITOR_AVAILABLE,0.987209677696228,2
a386eaa2,2,24,30,6,5,TRACKED_COMPETITOR_AVAILABLE,0.9652929902076721,3
a46b7b77,1,13,36,2,1,TRACKED_COMPETITOR_AVAILABLE,0.9910312294960022,2
a46b7b77,2,9,21,2,1,TRACKED_COMPETITOR_AVAILABLE,0.9910312294960022,1
a5905593,1,95,103,2,1,TRACKED_COMPETITOR_AVAILABLE,0.992184042930603,2
a5905593,1,160,171,2,1,TRACKED_COMPETITOR_AVAILABLE,0.992184042930603,2
a5rqwkmb,1,61,85,1,0,NO_TRACKED_COMPETITOR,,
a658e949,4,11,24,4,3,TRACKED_COMPETITOR_AVAILABLE,0.9811382293701172,3
a76ee415,1,1,8,1,0,NO_TRACKED_COMPETITOR,,
a7eb6616,1,14,28,1,0,NO_TRACKED_COMPETITOR,,
a7gk2m38,1,1,12,1,0,NO_TRACKED_COMPETITOR,,
a7gk2m38,1,50,88,1,0,NO_TRACKED_COMPETITOR,,
a8nqsxj4,1,23,39,1,0,NO_TRACKED_COMPETITOR,,
a938c6b2,3,1,9,5,4,TRACKED_COMPETITOR_AVAILABLE,0.9776864647865295,5
a938c6b2,3,13,19,5,4,TRACKED_COMPETITOR_AVAILABLE,0.9776864647865295,5
a938c6b2,4,42,52,5,4,TRACKED_COMPETITOR_AVAILABLE,0.9966698884963989,5
a938c6b2,5,42,52,5,4,TRACKED_COMPETITOR_AVAILABLE,0.9966698884963989,4
a95f0aea,3,1,9,5,4,TRACKED_COMPETITOR_AVAILABLE,0.9754376411437988,2
a95f0aea,3,65,78,5,4,TRACKED_COMPETITOR_AVAILABLE,0.9754376411437988,2
a966d7fd,7,18,46,9,8,TRACKED_COMPETITOR_AVAILABLE,0.9918045401573181,5
a966d7fd,7,52,62,9,8,TRACKED_COMPETITOR_AVAILABLE,0.9918045401573181,5
a97wplik,1,1,89,4,3,TRACKED_COMPETITOR_AVAILABLE,0.9916864633560181,3
a97wplik,2,2,88,4,3,TRACKED_COMPETITOR_AVAILABLE,0.9256478548049927,4
a97wplik,3,2,88,4,3,TRACKED_COMPETITOR_AVAILABLE,0.9967154264450073,4
a97wplik,4,2,88,4,3,TRACKED_COMPETITOR_AVAILABLE,0.9967154264450073,3
aa718745,1,2,8,1,0,NO_TRACKED_COMPETITOR,,
aac33bff,1,4,9,1,0,NO_TRACKED_COMPETITOR,,
aaecaa39,1,23,32,1,0,NO_TRACKED_COMPETITOR,,
aaecaa39,1,43,88,1,0,NO_TRACKED_COMPETITOR,,
aatd0ihe,1,51,84,1,0,NO_TRACKED_COMPETITOR,,
ab2714f3,6,4,11,8,7,TRACKED_COMPETITOR_AVAILABLE,0.9921548962593079,7
abcb7665,1,1,6,1,0,NO_TRACKED_COMPETITOR,,
abhlzx1b,1,19,24,2,1,TRACKED_COMPETITOR_AVAILABLE,0.9860466718673706,2
abhlzx1b,2,19,24,2,1,TRACKED_COMPETITOR_AVAILABLE,0.9860466718673706,1
adf443e1,7,1,11,11,10,TRACKED_COMPETITOR_AVAILABLE,0.9884196519851685,5
adf443e1,7,42,53,11,10,TRACKED_COMPETITOR_AVAILABLE,0.9884196519851685,5
adf443e1,9,32,53,11,10,TRACKED_COMPETITOR_AVAILABLE,0.9917131066322327,6
ae470d2b,1,5,16,1,0,NO_TRACKED_COMPETITOR,,
aef0d049,2,43,53,3,2,TRACKED_COMPETITOR_AVAILABLE,0.9933609962463379,3
aef0d049,2,61,68,3,2,TRACKED_COMPETITOR_AVAILABLE,0.9933609962463379,3
aef0d049,3,40,48,3,2,TRACKED_COMPETITOR_AVAILABLE,0.9933609962463379,2
aeq4gg50,1,1,72,11,10,TRACKED_COMPETITOR_AVAILABLE,0.9996320009231567,4
aeq4gg50,2,1,72,11,10,TRACKED_COMPETITOR_AVAILABLE,0.9999814033508301,3
aeq4gg50,3,1,72,11,10,TRACKED_COMPETITOR_AVAILABLE,0.9999814033508301,2
aeq4gg50,4,1,72,11,10,TRACKED_COMPETITOR_AVAILABLE,0.9998897910118103,6
aeq4gg50,5,1,72,11,10,TRACKED_COMPETITOR_AVAILABLE,0.9995841979980469,11
aeq4gg50,6,1,72,11,10,TRACKED_COMPETITOR_AVAILABLE,0.9999768733978271,3
aeq4gg50,7,1,72,11,10,TRACKED_COMPETITOR_AVAILABLE,0.9999002814292908,2
aeq4gg50,8,1,72,11,10,TRACKED_COMPETITOR_AVAILABLE,0.9995507597923279,9
aeq4gg50,9,1,72,11,10,TRACKED_COMPETITOR_AVAILABLE,0.9995507597923279,8
aeq4gg50,10,1,72,11,10,TRACKED_COMPETITOR_AVAILABLE,0.9522334337234497,11
aeq4gg50,11,1,72,11,10,TRACKED_COMPETITOR_AVAILABLE,0.9995841979980469,5
aesj889h,1,42,59,1,0,NO_TRACKED_COMPETITOR,,
ah5t8wcp,1,1,55,13,12,TRACKED_COMPETITOR_AVAILABLE,0.9992257952690125,5
ah5t8wcp,2,1,54,13,12,TRACKED_COMPETITOR_AVAILABLE,0.990031898021698,5
ah5t8wcp,3,1,57,13,12,TRACKED_COMPETITOR_AVAILABLE,0.9958482384681702,6
ah5t8wcp,4,1,57,13,12,TRACKED_COMPETITOR_AVAILABLE,0.9943515658378601,3
ah5t8wcp,5,1,56,13,12,TRACKED_COMPETITOR_AVAILABLE,0.9992257952690125,1
ah5t8wcp,6,1,57,13,12,TRACKED_COMPETITOR_AVAILABLE,0.9970086216926575,7
ah5t8wcp,7,1,57,13,12,TRACKED_COMPETITOR_AVAILABLE,0.9983620643615723,8
ah5t8wcp,8,1,57,13,12,TRACKED_COMPETITOR_AVAILABLE,0.9988645315170288,11
ah5t8wcp,9,1,57,13,12,TRACKED_COMPETITOR_AVAILABLE,0.9993148446083069,10
ah5t8wcp,10,1,57,13,12,TRACKED_COMPETITOR_AVAILABLE,0.9993318915367126,13
ah5t8wcp,11,1,57,13,12,TRACKED_COMPETITOR_AVAILABLE,0.9992843866348267,12
ah5t8wcp,12,1,56,13,12,TRACKED_COMPETITOR_AVAILABLE,0.9992843866348267,11
ah5t8wcp,13,1,55,13,12,TRACKED_COMPETITOR_AVAILABLE,0.9993318915367126,10
aj8v749b,1,7,95,1,0,NO_TRACKED_COMPETITOR,,
aj8v749b,1,139,144,1,0,NO_TRACKED_COMPETITOR,,
ajs0hbue,1,57,64,1,0,NO_TRACKED_COMPETITOR,,
alfdbu4o,1,8,25,1,0,NO_TRACKED_COMPETITOR,,
aml08r44,1,3,31,1,0,NO_TRACKED_COMPETITOR,,
amv2ud0g,1,56,65,1,0,NO_TRACKED_COMPETITOR,,
amv2ud0g,1,154,207,1,0,NO_TRACKED_COMPETITOR,,
amv2ud0g,1,234,259,1,0,NO_TRACKED_COMPETITOR,,
amv2ud0g,1,315,337,1,0,NO_TRACKED_COMPETITOR,,
amv2ud0g,1,354,364,1,0,NO_TRACKED_COMPETITOR,,
aourmvs1,1,29,49,4,3,TRACKED_COMPETITOR_AVAILABLE,0.9965419769287109,4
aourmvs1,2,33,52,4,3,TRACKED_COMPETITOR_AVAILABLE,0.9875515699386597,1
aourmvs1,4,21,43,4,3,TRACKED_COMPETITOR_AVAILABLE,0.9965419769287109,1
appng8ek,1,22,27,1,0,NO_TRACKED_COMPETITOR,,
appng8ek,1,120,125,1,0,NO_TRACKED_COMPETITOR,,
appng8ek,1,130,140,1,0,NO_TRACKED_COMPETITOR,,
appng8ek,1,161,169,1,0,NO_TRACKED_COMPETITOR,,
appng8ek,1,223,272,1,0,NO_TRACKED_COMPETITOR,,
appng8ek,1,293,300,1,0,NO_TRACKED_COMPETITOR,,
appng8ek,1,342,362,1,0,NO_TRACKED_COMPETITOR,,
atdixk0j,1,41,48,1,0,NO_TRACKED_COMPETITOR,,
atwg18fz,1,18,80,1,0,NO_TRACKED_COMPETITOR,,
ax5w48j9,1,10,18,1,0,NO_TRACKED_COMPETITOR,,
ax5w48j9,1,25,45,1,0,NO_TRACKED_COMPETITOR,,
ax5w48j9,1,86,94,1,0,NO_TRACKED_COMPETITOR,,
ax5w48j9,1,104,140,1,0,NO_TRACKED_COMPETITOR,,
aztoshv3,1,29,35,1,0,NO_TRACKED_COMPETITOR,,
b0d09e6a,2,12,17,4,3,TRACKED_COMPETITOR_AVAILABLE,0.9946805238723755,1
b0d09e6a,2,32,39,4,3,TRACKED_COMPETITOR_AVAILABLE,0.9946805238723755,1
b0d09e6a,2,42,52,4,3,TRACKED_COMPETITOR_AVAILABLE,0.9946805238723755,1
b0f7e75c,4,8,20,5,4,TRACKED_COMPETITOR_AVAILABLE,0.9528837203979492,5
b0ffaf3b,4,17,28,5,4,TRACKED_COMPETITOR_AVAILABLE,0.9981975555419922,5
b0ffaf3b,5,16,29,5,4,TRACKED_COMPETITOR_AVAILABLE,0.9981975555419922,4
b1sdh8l4,1,5,24,1,0,NO_TRACKED_COMPETITOR,,
b1sdh8l4,1,32,47,1,0,NO_TRACKED_COMPETITOR,,
b1sdh8l4,1,55,77,1,0,NO_TRACKED_COMPETITOR,,
b1sdh8l4,1,83,98,1,0,NO_TRACKED_COMPETITOR,,
b1vj9u8n,1,28,34,1,0,NO_TRACKED_COMPETITOR,,
b1vj9u8n,1,50,56,1,0,NO_TRACKED_COMPETITOR,,
b30744df,2,40,46,6,5,TRACKED_COMPETITOR_AVAILABLE,0.9975283741950989,1
b30744df,4,38,114,6,5,TRACKED_COMPETITOR_AVAILABLE,0.9922792315483093,1
b30744df,5,28,35,6,5,TRACKED_COMPETITOR_AVAILABLE,0.9981289505958557,6
b30744df,5,51,73,6,5,TRACKED_COMPETITOR_AVAILABLE,0.9981289505958557,6
b30744df,5,76,90,6,5,TRACKED_COMPETITOR_AVAILABLE,0.9981289505958557,6
b30744df,5,95,118,6,5,TRACKED_COMPETITOR_AVAILABLE,0.9981289505958557,6
b30744df,5,148,156,6,5,TRACKED_COMPETITOR_AVAILABLE,0.9981289505958557,6
b39ike6r,1,1,27,1,0,NO_TRACKED_COMPETITOR,,
b3f5d019,1,5,20,1,0,NO_TRACKED_COMPETITOR,,
b3whg9cn,1,34,48,1,0,NO_TRACKED_COMPETITOR,,
b40cvjbt,1,74,79,1,0,NO_TRACKED_COMPETITOR,,
b5276b3f,1,18,59,1,0,NO_TRACKED_COMPETITOR,,
b563b04f,1,11,19,1,0,NO_TRACKED_COMPETITOR,,
b563b04f,1,162,172,1,0,NO_TRACKED_COMPETITOR,,
b563b04f,1,199,217,1,0,NO_TRACKED_COMPETITOR,,
b56be4b1,1,18,46,3,2,TRACKED_COMPETITOR_AVAILABLE,0.9960500001907349,3
b604f2dd,4,89,94,4,3,TRACKED_COMPETITOR_AVAILABLE,0.9917746782302856,1
b68rhj9g,1,2,45,3,2,TRACKED_COMPETITOR_AVAILABLE,0.9513605833053589,3
b69cfwx2,1,11,30,1,0,NO_TRACKED_COMPETITOR,,
b7uypu57,1,10,97,1,0,NO_TRACKED_COMPETITOR,,
b942ce0a,1,30,42,1,0,NO_TRACKED_COMPETITOR,,
ba0e4dd4,8,51,65,8,7,TRACKED_COMPETITOR_AVAILABLE,0.9978378415107727,5
ba538072,3,22,30,13,12,TRACKED_COMPETITOR_AVAILABLE,0.9958605766296387,8
ba538072,4,28,33,13,12,TRACKED_COMPETITOR_AVAILABLE,0.992609441280365,6
ba538072,5,22,27,13,12,TRACKED_COMPETITOR_AVAILABLE,0.9813863039016724,4
ba538072,7,15,21,13,12,TRACKED_COMPETITOR_AVAILABLE,0.992449939250946,9
ba538072,10,10,17,13,12,TRACKED_COMPETITOR_AVAILABLE,0.9883366227149963,13
ba538072,10,29,34,13,12,TRACKED_COMPETITOR_AVAILABLE,0.9883366227149963,13
ba538072,11,10,16,13,12,TRACKED_COMPETITOR_AVAILABLE,0.9970569014549255,8
ba538072,12,7,17,13,12,TRACKED_COMPETITOR_AVAILABLE,0.9881507158279419,11
ba538072,13,15,21,13,12,TRACKED_COMPETITOR_AVAILABLE,0.9890317916870117,7
barjazzs,1,80,85,1,0,NO_TRACKED_COMPETITOR,,
barjazzs,1,88,97,1,0,NO_TRACKED_COMPETITOR,,
bb8639e1,6,48,67,6,5,TRACKED_COMPETITOR_AVAILABLE,0.986129105091095,2
bbe97d18,6,145,153,7,6,TRACKED_COMPETITOR_AVAILABLE,0.9973471164703369,4
bbe97d18,6,157,165,7,6,TRACKED_COMPETITOR_AVAILABLE,0.9973471164703369,4
bbe97d18,6,166,171,7,6,TRACKED_COMPETITOR_AVAILABLE,0.9973471164703369,4
bbggbe9r,1,7,16,1,0,NO_TRACKED_COMPETITOR,,
bbggbe9r,1,32,45,1,0,NO_TRACKED_COMPETITOR,,
bc844942,1,32,45,2,1,TRACKED_COMPETITOR_AVAILABLE,0.9918663501739502,2
bcb6e338,7,35,40,7,6,TRACKED_COMPETITOR_AVAILABLE,0.9939622282981873,1
bdd5e6b3,5,26,33,5,4,TRACKED_COMPETITOR_AVAILABLE,0.9819158315658569,1
bfa42a75,1,2,8,1,0,NO_TRACKED_COMPETITOR,,
bg5mb9f0,1,26,39,1,0,NO_TRACKED_COMPETITOR,,
bg5mb9f0,1,56,79,1,0,NO_TRACKED_COMPETITOR,,
bhgb8g74,1,40,53,1,0,NO_TRACKED_COMPETITOR,,
bi0x1yv0,1,4,18,1,0,NO_TRACKED_COMPETITOR,,
bi0x1yv0,1,20,32,1,0,NO_TRACKED_COMPETITOR,,
bi0x1yv0,1,36,49,1,0,NO_TRACKED_COMPETITOR,,
bi0x1yv0,1,52,82,1,0,NO_TRACKED_COMPETITOR,,
bi0x1yv0,1,87,104,1,0,NO_TRACKED_COMPETITOR,,
bina7akt,1,12,37,1,0,NO_TRACKED_COMPETITOR,,
bltnhjdf,1,8,95,1,0,NO_TRACKED_COMPETITOR,,
bryllipv,1,8,34,1,0,NO_TRACKED_COMPETITOR,,
bsai0maq,1,7,31,1,0,NO_TRACKED_COMPETITOR,,
bsai0maq,1,45,61,1,0,NO_TRACKED_COMPETITOR,,
bsai0maq,1,73,92,1,0,NO_TRACKED_COMPETITOR,,
bsk7omj7,1,1,67,20,19,TRACKED_COMPETITOR_AVAILABLE,0.9993868470191956,2
bsk7omj7,2,1,67,20,19,TRACKED_COMPETITOR_AVAILABLE,0.9993868470191956,1
bsk7omj7,3,1,67,20,19,TRACKED_COMPETITOR_AVAILABLE,0.9993442296981812,4
bsk7omj7,4,1,67,20,19,TRACKED_COMPETITOR_AVAILABLE,0.9993442296981812,3
bsk7omj7,5,1,67,20,19,TRACKED_COMPETITOR_AVAILABLE,0.9989668130874634,8
bsk7omj7,6,1,67,20,19,TRACKED_COMPETITOR_AVAILABLE,0.9991874098777771,7
bsk7omj7,7,1,67,20,19,TRACKED_COMPETITOR_AVAILABLE,0.9997856616973877,9
bsk7omj7,8,1,67,20,19,TRACKED_COMPETITOR_AVAILABLE,0.9993569254875183,10
bsk7omj7,9,1,67,20,19,TRACKED_COMPETITOR_AVAILABLE,0.9997856616973877,7
bsk7omj7,10,1,67,20,19,TRACKED_COMPETITOR_AVAILABLE,0.9993569254875183,8
bsk7omj7,11,1,67,20,19,TRACKED_COMPETITOR_AVAILABLE,0.998920202255249,16
bsk7omj7,12,1,67,20,19,TRACKED_COMPETITOR_AVAILABLE,0.9995320439338684,9
bsk7omj7,13,1,67,20,19,TRACKED_COMPETITOR_AVAILABLE,0.9991393089294434,19
bsk7omj7,14,1,67,20,19,TRACKED_COMPETITOR_AVAILABLE,0.9993076920509338,16
bsk7omj7,15,1,67,20,19,TRACKED_COMPETITOR_AVAILABLE,0.9987636208534241,10
bsk7omj7,16,1,67,20,19,TRACKED_COMPETITOR_AVAILABLE,0.9993076920509338,14
bsk7omj7,17,1,67,20,19,TRACKED_COMPETITOR_AVAILABLE,0.9996201395988464,19
bsk7omj7,18,1,67,20,19,TRACKED_COMPETITOR_AVAILABLE,0.9995810389518738,17
bsk7omj7,19,1,67,20,19,TRACKED_COMPETITOR_AVAILABLE,0.9996201395988464,17
bsk7omj7,20,1,67,20,19,TRACKED_COMPETITOR_AVAILABLE,0.9990947246551514,19
bt1liakw,1,38,47,1,0,NO_TRACKED_COMPETITOR,,
bt1liakw,1,56,66,1,0,NO_TRACKED_COMPETITOR,,
btjs8cuu,1,16,27,1,0,NO_TRACKED_COMPETITOR,,
bts4u1jf,1,10,47,1,0,NO_TRACKED_COMPETITOR,,
bts4u1jf,1,112,117,1,0,NO_TRACKED_COMPETITOR,,
bvmdlnk1,1,8,65,1,0,NO_TRACKED_COMPETITOR,,
bw8x5hf6,1,1,92,1,0,NO_TRACKED_COMPETITOR,,
bxrhtygu,1,3,27,1,0,NO_TRACKED_COMPETITOR,,
bxrhtygu,1,41,73,1,0,NO_TRACKED_COMPETITOR,,
by08t752,1,3,73,1,0,NO_TRACKED_COMPETITOR,,
byuenv6o,1,21,31,1,0,NO_TRACKED_COMPETITOR,,
c062f4d7,2,156,172,3,2,TRACKED_COMPETITOR_AVAILABLE,0.973366379737854,1
c097af8e,1,67,78,4,3,TRACKED_COMPETITOR_AVAILABLE,0.9840099811553955,2
c097af8e,1,184,200,4,3,TRACKED_COMPETITOR_AVAILABLE,0.9840099811553955,2
c097af8e,1,202,207,4,3,TRACKED_COMPETITOR_AVAILABLE,0.9840099811553955,2
c097af8e,1,214,233,4,3,TRACKED_COMPETITOR_AVAILABLE,0.9840099811553955,2
c097af8e,2,67,81,4,3,TRACKED_COMPETITOR_AVAILABLE,0.9840099811553955,1
c097af8e,2,112,119,4,3,TRACKED_COMPETITOR_AVAILABLE,0.9840099811553955,1
c097af8e,2,198,207,4,3,TRACKED_COMPETITOR_AVAILABLE,0.9840099811553955,1
c097af8e,3,8,15,4,3,TRACKED_COMPETITOR_AVAILABLE,0.9814640283584595,1
c097af8e,3,20,34,4,3,TRACKED_COMPETITOR_AVAILABLE,0.9814640283584595,1
c097af8e,3,57,85,4,3,TRACKED_COMPETITOR_AVAILABLE,0.9814640283584595,1
c097af8e,3,87,128,4,3,TRACKED_COMPETITOR_AVAILABLE,0.9814640283584595,1
c097af8e,3,203,230,4,3,TRACKED_COMPETITOR_AVAILABLE,0.9814640283584595,1
c097af8e,3,232,237,4,3,TRACKED_COMPETITOR_AVAILABLE,0.9814640283584595,1
c0k0eajg,1,52,60,3,2,TRACKED_COMPETITOR_AVAILABLE,0.9975592494010925,2
c2e88575,2,102,112,9,8,TRACKED_COMPETITOR_AVAILABLE,0.9872258901596069,9
c2e88575,2,248,271,9,8,TRACKED_COMPETITOR_AVAILABLE,0.9872258901596069,9
c2e88575,4,418,429,9,8,TRACKED_COMPETITOR_AVAILABLE,0.9927159547805786,3
c2e88575,5,464,469,9,8,TRACKED_COMPETITOR_AVAILABLE,0.9856513738632202,3
c2e88575,6,388,393,9,8,TRACKED_COMPETITOR_AVAILABLE,0.9960554838180542,9
c2e88575,6,431,483,9,8,TRACKED_COMPETITOR_AVAILABLE,0.9960554838180542,9
c2e88575,7,233,266,9,8,TRACKED_COMPETITOR_AVAILABLE,0.9896684885025024,6
c2e88575,7,401,413,9,8,TRACKED_COMPETITOR_AVAILABLE,0.9896684885025024,6
c2e88575,7,416,422,9,8,TRACKED_COMPETITOR_AVAILABLE,0.9896684885025024,6
c2e88575,8,94,142,9,8,TRACKED_COMPETITOR_AVAILABLE,0.9755831956863403,9
c2e88575,8,155,206,9,8,TRACKED_COMPETITOR_AVAILABLE,0.9755831956863403,9
c2e88575,8,232,263,9,8,TRACKED_COMPETITOR_AVAILABLE,0.9755831956863403,9
c2e88575,8,389,419,9,8,TRACKED_COMPETITOR_AVAILABLE,0.9755831956863403,9
c2e88575,8,463,470,9,8,TRACKED_COMPETITOR_AVAILABLE,0.9755831956863403,9
c2e88575,8,480,490,9,8,TRACKED_COMPETITOR_AVAILABLE,0.9755831956863403,9
c2e88575,9,66,84,9,8,TRACKED_COMPETITOR_AVAILABLE,0.9960554838180542,6
c2e88575,9,92,98,9,8,TRACKED_COMPETITOR_AVAILABLE,0.9960554838180542,6
c2e88575,9,100,108,9,8,TRACKED_COMPETITOR_AVAILABLE,0.9960554838180542,6
c2e88575,9,113,119,9,8,TRACKED_COMPETITOR_AVAILABLE,0.9960554838180542,6
c2e88575,9,150,158,9,8,TRACKED_COMPETITOR_AVAILABLE,0.9960554838180542,6
c2e88575,9,201,210,9,8,TRACKED_COMPETITOR_AVAILABLE,0.9960554838180542,6
c2e88575,9,214,223,9,8,TRACKED_COMPETITOR_AVAILABLE,0.9960554838180542,6
c2e88575,9,433,480,9,8,TRACKED_COMPETITOR_AVAILABLE,0.9960554838180542,6
c2lhrrfz,1,17,25,1,0,NO_TRACKED_COMPETITOR,,
c2p9kbtr,2,66,72,2,1,TRACKED_COMPETITOR_AVAILABLE,0.9924315214157104,1
c357gs27,1,3,71,20,19,TRACKED_COMPETITOR_AVAILABLE,0.9983911514282227,2
c357gs27,2,1,71,20,19,TRACKED_COMPETITOR_AVAILABLE,0.9983911514282227,1
c357gs27,3,2,71,20,19,TRACKED_COMPETITOR_AVAILABLE,0.9979320168495178,13
c357gs27,4,1,71,20,19,TRACKED_COMPETITOR_AVAILABLE,0.9981801509857178,5
c357gs27,5,1,71,20,19,TRACKED_COMPETITOR_AVAILABLE,0.9981801509857178,4
c357gs27,6,2,71,20,19,TRACKED_COMPETITOR_AVAILABLE,0.997828483581543,4
c357gs27,7,2,71,20,19,TRACKED_COMPETITOR_AVAILABLE,0.9990195035934448,9
c357gs27,8,1,71,20,19,TRACKED_COMPETITOR_AVAILABLE,0.9990930557250977,9
c357gs27,9,1,71,20,19,TRACKED_COMPETITOR_AVAILABLE,0.9990930557250977,8
c357gs27,10,1,71,20,19,TRACKED_COMPETITOR_AVAILABLE,0.9983773827552795,15
c357gs27,11,1,71,20,19,TRACKED_COMPETITOR_AVAILABLE,0.9983808398246765,19
c357gs27,12,1,71,20,19,TRACKED_COMPETITOR_AVAILABLE,0.9984288811683655,15
c357gs27,13,1,71,20,19,TRACKED_COMPETITOR_AVAILABLE,0.9980422258377075,11
c357gs27,14,1,71,20,19,TRACKED_COMPETITOR_AVAILABLE,0.9976174235343933,15
c357gs27,15,1,71,20,19,TRACKED_COMPETITOR_AVAILABLE,0.9984288811683655,12
c357gs27,16,1,71,20,19,TRACKED_COMPETITOR_AVAILABLE,0.9977316856384277,12
c357gs27,17,1,71,20,19,TRACKED_COMPETITOR_AVAILABLE,0.9977856278419495,10
c357gs27,18,1,71,20,19,TRACKED_COMPETITOR_AVAILABLE,0.9951052665710449,14
c357gs27,19,1,71,20,19,TRACKED_COMPETITOR_AVAILABLE,0.9983808398246765,11
c357gs27,20,1,71,20,19,TRACKED_COMPETITOR_AVAILABLE,0.9914647936820984,13
c3i3wddf,1,7,12,1,0,NO_TRACKED_COMPETITOR,,
c4byyr29,1,162,171,1,0,NO_TRACKED_COMPETITOR,,
c575434d,3,5,23,4,3,TRACKED_COMPETITOR_AVAILABLE,0.9881929755210876,4
c5z6ao6m,1,21,37,1,0,NO_TRACKED_COMPETITOR,,
c5z6ao6m,1,40,45,1,0,NO_TRACKED_COMPETITOR,,
c65d0736,2,22,27,2,1,TRACKED_COMPETITOR_AVAILABLE,0.9870077967643738,1
c6d7f94b,1,2,27,1,0,NO_TRACKED_COMPETITOR,,
c7fe0584,1,43,59,1,0,NO_TRACKED_COMPETITOR,,
c7fe0584,1,61,83,1,0,NO_TRACKED_COMPETITOR,,
c7fe0584,1,123,129,1,0,NO_TRACKED_COMPETITOR,,
c7fe0584,1,150,155,1,0,NO_TRACKED_COMPETITOR,,
c7fe0584,1,178,191,1,0,NO_TRACKED_COMPETITOR,,
c7fe0584,1,215,220,1,0,NO_TRACKED_COMPETITOR,,
c7ria50r,1,9,32,1,0,NO_TRACKED_COMPETITOR,,
c7ria50r,1,55,86,1,0,NO_TRACKED_COMPETITOR,,
c83aa6a1,1,15,32,2,1,TRACKED_COMPETITOR_AVAILABLE,0.9785609841346741,2
c8frbbeq,2,14,24,2,1,TRACKED_COMPETITOR_AVAILABLE,0.9689668416976929,1
c9351029,3,72,77,3,2,TRACKED_COMPETITOR_AVAILABLE,0.997127890586853,2
c9f7f69d,1,25,30,1,0,NO_TRACKED_COMPETITOR,,
cb170015,1,8,18,3,2,TRACKED_COMPETITOR_AVAILABLE,0.9954352378845215,2
cbnf9yfu,1,25,31,3,2,TRACKED_COMPETITOR_AVAILABLE,0.9898607730865479,2
cbnf9yfu,1,75,83,3,2,TRACKED_COMPETITOR_AVAILABLE,0.9898607730865479,2
cbnf9yfu,2,11,32,3,2,TRACKED_COMPETITOR_AVAILABLE,0.9898607730865479,1
cbnf9yfu,2,57,83,3,2,TRACKED_COMPETITOR_AVAILABLE,0.9898607730865479,1
cbnf9yfu,3,23,31,3,2,TRACKED_COMPETITOR_AVAILABLE,0.9631623029708862,2
cbnf9yfu,3,73,83,3,2,TRACKED_COMPETITOR_AVAILABLE,0.9631623029708862,2
cc32235b,1,5,11,3,2,TRACKED_COMPETITOR_AVAILABLE,0.9966847896575928,2
cc32235b,1,36,43,3,2,TRACKED_COMPETITOR_AVAILABLE,0.9966847896575928,2
cc32235b,2,5,11,3,2,TRACKED_COMPETITOR_AVAILABLE,0.9966847896575928,1
cc32235b,2,48,54,3,2,TRACKED_COMPETITOR_AVAILABLE,0.9966847896575928,1
cc32235b,3,4,9,3,2,TRACKED_COMPETITOR_AVAILABLE,0.9913762807846069,2
cc32235b,3,26,56,3,2,TRACKED_COMPETITOR_AVAILABLE,0.9913762807846069,2
cc41ba05,1,79,84,1,0,NO_TRACKED_COMPETITOR,,
ccf14ee0,3,3,9,8,7,TRACKED_COMPETITOR_AVAILABLE,0.9945151805877686,2
ccf14ee0,7,1,20,8,7,TRACKED_COMPETITOR_AVAILABLE,0.9949830174446106,1
ccp90wle,1,77,83,1,0,NO_TRACKED_COMPETITOR,,
ccp90wle,1,210,224,1,0,NO_TRACKED_COMPETITOR,,
ccp90wle,1,256,262,1,0,NO_TRACKED_COMPETITOR,,
cdhyb1sm,1,93,148,1,0,NO_TRACKED_COMPETITOR,,
cdkcp5xi,1,49,77,1,0,NO_TRACKED_COMPETITOR,,
ce691ee6,4,76,81,4,3,TRACKED_COMPETITOR_AVAILABLE,0.9942061305046082,3
ceuol9pe,1,28,34,1,0,NO_TRACKED_COMPETITOR,,
cftszh8m,3,42,47,3,2,TRACKED_COMPETITOR_AVAILABLE,0.9842516183853149,1
clbhnmq3,1,3,8,1,0,NO_TRACKED_COMPETITOR,,
cm99t7wb,2,14,37,2,1,TRACKED_COMPETITOR_AVAILABLE,0.9962450861930847,1
cm99t7wb,2,51,56,2,1,TRACKED_COMPETITOR_AVAILABLE,0.9962450861930847,1
cmmzeeko,1,3,36,1,0,NO_TRACKED_COMPETITOR,,
cmmzeeko,1,53,79,1,0,NO_TRACKED_COMPETITOR,,
cmmzeeko,1,91,120,1,0,NO_TRACKED_COMPETITOR,,
cpllzhnh,1,17,32,3,2,TRACKED_COMPETITOR_AVAILABLE,0.9848080277442932,2
cpllzhnh,3,23,54,3,2,TRACKED_COMPETITOR_AVAILABLE,0.9925869703292847,2
cq3m4de8,1,5,15,1,0,NO_TRACKED_COMPETITOR,,
cqgzvw67,1,1,11,1,0,NO_TRACKED_COMPETITOR,,
cqgzvw67,1,19,67,1,0,NO_TRACKED_COMPETITOR,,
csokkzd1,1,6,41,1,0,NO_TRACKED_COMPETITOR,,
cssul0b3,8,1,103,9,8,TRACKED_COMPETITOR_AVAILABLE,0.9702540040016174,9
cszsr84k,1,3,48,1,0,NO_TRACKED_COMPETITOR,,
ctu5ydy8,1,1,71,1,0,NO_TRACKED_COMPETITOR,,
ctu5ydy8,1,75,97,1,0,NO_TRACKED_COMPETITOR,,
cv93mtux,1,30,35,1,0,NO_TRACKED_COMPETITOR,,
cvcwg4bh,1,34,117,1,0,NO_TRACKED_COMPETITOR,,
cvcwg4bh,1,135,319,1,0,NO_TRACKED_COMPETITOR,,
cvcwg4bh,1,325,333,1,0,NO_TRACKED_COMPETITOR,,
cxhkrobf,1,17,26,1,0,NO_TRACKED_COMPETITOR,,
cxlteppe,1,24,29,1,0,NO_TRACKED_COMPETITOR,,
cy6jwsdj,1,9,35,1,0,NO_TRACKED_COMPETITOR,,
czo7tdq5,1,14,42,1,0,NO_TRACKED_COMPETITOR,,
d0722d0f,1,19,26,2,1,TRACKED_COMPETITOR_AVAILABLE,0.9943177103996277,2
d1d95c61,1,37,46,1,0,NO_TRACKED_COMPETITOR,,
d1rvvqxj,1,6,24,1,0,NO_TRACKED_COMPETITOR,,
d1rvvqxj,1,34,51,1,0,NO_TRACKED_COMPETITOR,,
d1rvvqxj,1,60,80,1,0,NO_TRACKED_COMPETITOR,,
d262b7e4,3,1,8,11,10,TRACKED_COMPETITOR_AVAILABLE,0.995633602142334,10
d262b7e4,4,3,13,11,10,TRACKED_COMPETITOR_AVAILABLE,0.9958102703094482,7
d262b7e4,5,5,13,11,10,TRACKED_COMPETITOR_AVAILABLE,0.9943007826805115,6
d262b7e4,6,8,17,11,10,TRACKED_COMPETITOR_AVAILABLE,0.9953765273094177,7
d262b7e4,7,7,17,11,10,TRACKED_COMPETITOR_AVAILABLE,0.9958102703094482,4
d262b7e4,9,8,16,11,10,TRACKED_COMPETITOR_AVAILABLE,0.9957042336463928,7
d262b7e4,10,6,14,11,10,TRACKED_COMPETITOR_AVAILABLE,0.9972505569458008,11
d262b7e4,10,57,66,11,10,TRACKED_COMPETITOR_AVAILABLE,0.9972505569458008,11
d262b7e4,11,12,19,11,10,TRACKED_COMPETITOR_AVAILABLE,0.9972505569458008,10
d37e29a7,3,62,95,4,3,TRACKED_COMPETITOR_AVAILABLE,0.9932378530502319,4
d37e29a7,3,139,197,4,3,TRACKED_COMPETITOR_AVAILABLE,0.9932378530502319,4
d37e29a7,3,259,366,4,3,TRACKED_COMPETITOR_AVAILABLE,0.9932378530502319,4
d37e29a7,4,15,55,4,3,TRACKED_COMPETITOR_AVAILABLE,0.9932378530502319,3
d37e29a7,4,232,237,4,3,TRACKED_COMPETITOR_AVAILABLE,0.9932378530502319,3
d37e29a7,4,249,254,4,3,TRACKED_COMPETITOR_AVAILABLE,0.9932378530502319,3
d37e29a7,4,328,384,4,3,TRACKED_COMPETITOR_AVAILABLE,0.9932378530502319,3
d387ccfj,1,57,62,1,0,NO_TRACKED_COMPETITOR,,
d387ccfj,1,69,74,1,0,NO_TRACKED_COMPETITOR,,
d46e771b,1,93,146,1,0,NO_TRACKED_COMPETITOR,,
d46e771b,1,165,180,1,0,NO_TRACKED_COMPETITOR,,
d48c552d,3,11,31,3,2,TRACKED_COMPETITOR_AVAILABLE,0.9736425876617432,1
d5eaeuil,1,1,14,1,0,NO_TRACKED_COMPETITOR,,
d7058a0d,1,5,63,1,0,NO_TRACKED_COMPETITOR,,
d8scju3l,1,13,32,1,0,NO_TRACKED_COMPETITOR,,
d8scju3l,1,53,68,1,0,NO_TRACKED_COMPETITOR,,
d97c9309,1,73,92,1,0,NO_TRACKED_COMPETITOR,,
da5e4bc5,1,43,58,1,0,NO_TRACKED_COMPETITOR,,
dafeb75e,1,3,8,1,0,NO_TRACKED_COMPETITOR,,
dc2c570d,1,3,28,1,0,NO_TRACKED_COMPETITOR,,
dc4jf8pa,1,6,70,1,0,NO_TRACKED_COMPETITOR,,
ddd383cc,3,40,45,3,2,TRACKED_COMPETITOR_AVAILABLE,0.9961460828781128,2
dde85a9d,1,13,20,1,0,NO_TRACKED_COMPETITOR,,
dduhmge2,1,34,44,1,0,NO_TRACKED_COMPETITOR,,
dduhmge2,1,52,59,1,0,NO_TRACKED_COMPETITOR,,
dec1f5rb,1,7,35,1,0,NO_TRACKED_COMPETITOR,,
dec1f5rb,1,48,71,1,0,NO_TRACKED_COMPETITOR,,
deg4avnp,1,39,45,1,0,NO_TRACKED_COMPETITOR,,
deg4avnp,1,90,235,1,0,NO_TRACKED_COMPETITOR,,
deg4avnp,1,257,324,1,0,NO_TRACKED_COMPETITOR,,
dfm72atf,1,38,47,1,0,NO_TRACKED_COMPETITOR,,
dfninzty,1,65,70,1,0,NO_TRACKED_COMPETITOR,,
dgampbmq,1,18,23,1,0,NO_TRACKED_COMPETITOR,,
dgampbmq,1,25,54,1,0,NO_TRACKED_COMPETITOR,,
dgampbmq,1,66,71,1,0,NO_TRACKED_COMPETITOR,,
dhgcw08t,1,13,108,1,0,NO_TRACKED_COMPETITOR,,
dhs0jgxo,1,6,49,2,1,TRACKED_COMPETITOR_AVAILABLE,0.9917369484901428,2
dhs0jgxo,2,9,48,2,1,TRACKED_COMPETITOR_AVAILABLE,0.9917369484901428,1
dj5rdtah,1,9,18,1,0,NO_TRACKED_COMPETITOR,,
dj5rdtah,1,33,43,1,0,NO_TRACKED_COMPETITOR,,
dj5rdtah,1,59,70,1,0,NO_TRACKED_COMPETITOR,,
dj5rdtah,1,74,80,1,0,NO_TRACKED_COMPETITOR,,
dkcfmv1a,9,1,10,10,9,TRACKED_COMPETITOR_AVAILABLE,0.9931703209877014,4
dn5s83qr,2,9,15,2,1,TRACKED_COMPETITOR_AVAILABLE,0.9913932085037231,1
dnfi0g62,1,12,31,1,0,NO_TRACKED_COMPETITOR,,
dnfi0g62,1,85,99,1,0,NO_TRACKED_COMPETITOR,,
du39lcoi,1,34,41,2,1,TRACKED_COMPETITOR_AVAILABLE,0.9950681924819946,2
du39lcoi,2,83,104,2,1,TRACKED_COMPETITOR_AVAILABLE,0.9950681924819946,1
du39lcoi,2,154,168,2,1,TRACKED_COMPETITOR_AVAILABLE,0.9950681924819946,1
dukliiqc,1,29,36,2,1,TRACKED_COMPETITOR_AVAILABLE,0.9952470064163208,2
dwohtf0a,1,20,28,2,1,TRACKED_COMPETITOR_AVAILABLE,0.9879770874977112,2
dwzutkgj,1,10,59,1,0,NO_TRACKED_COMPETITOR,,
dxcmql4o,1,29,55,1,0,NO_TRACKED_COMPETITOR,,
dxcmql4o,1,68,104,1,0,NO_TRACKED_COMPETITOR,,
dxcmql4o,1,133,180,1,0,NO_TRACKED_COMPETITOR,,
dxcmql4o,1,229,302,1,0,NO_TRACKED_COMPETITOR,,
dydonjyb,1,19,48,1,0,NO_TRACKED_COMPETITOR,,
dzfqjewm,1,34,65,1,0,NO_TRACKED_COMPETITOR,,
e14d1f96,1,4,10,1,0,NO_TRACKED_COMPETITOR,,
e15225j4,1,10,113,1,0,NO_TRACKED_COMPETITOR,,
e15225j4,1,126,168,1,0,NO_TRACKED_COMPETITOR,,
e1c48bdd,5,68,95,6,5,TRACKED_COMPETITOR_AVAILABLE,0.9971277713775635,4
e1c48bdd,6,112,118,6,5,TRACKED_COMPETITOR_AVAILABLE,0.9836136102676392,1
e2qxuriu,1,8,57,2,1,TRACKED_COMPETITOR_AVAILABLE,0.9899195432662964,2
e2qxuriu,2,2,58,2,1,TRACKED_COMPETITOR_AVAILABLE,0.9899195432662964,1
e3dcd186,6,90,101,7,6,TRACKED_COMPETITOR_AVAILABLE,0.9845187664031982,3
e3dcd186,7,81,104,7,6,TRACKED_COMPETITOR_AVAILABLE,0.9850935339927673,3
e4a72496,2,61,78,2,1,TRACKED_COMPETITOR_AVAILABLE,0.9817312955856323,1
e4b6d2a0,1,110,129,1,0,NO_TRACKED_COMPETITOR,,
e4b6f2ef,1,21,39,2,1,TRACKED_COMPETITOR_AVAILABLE,0.9924096465110779,2
e5be4781,1,1,9,2,1,TRACKED_COMPETITOR_AVAILABLE,0.9996797442436218,2
e5be4781,1,13,19,2,1,TRACKED_COMPETITOR_AVAILABLE,0.9996797442436218,2
e5e9eb29,1,42,113,2,1,TRACKED_COMPETITOR_AVAILABLE,0.9859620332717896,2
e5e9eb29,2,34,96,2,1,TRACKED_COMPETITOR_AVAILABLE,0.9859620332717896,1
e5ry3cp2,1,40,53,1,0,NO_TRACKED_COMPETITOR,,
e638e950,1,26,31,13,12,TRACKED_COMPETITOR_AVAILABLE,0.9943606853485107,8
e638e950,3,67,72,13,12,TRACKED_COMPETITOR_AVAILABLE,0.9956046342849731,2
e638e950,4,67,72,13,12,TRACKED_COMPETITOR_AVAILABLE,0.9969800114631653,7
e638e950,11,1,9,13,12,TRACKED_COMPETITOR_AVAILABLE,0.9830566048622131,13
e681ogmx,1,182,222,1,0,NO_TRACKED_COMPETITOR,,
e681ogmx,1,365,371,1,0,NO_TRACKED_COMPETITOR,,
e6gjwl0h,1,28,40,1,0,NO_TRACKED_COMPETITOR,,
e6gjwl0h,1,85,90,1,0,NO_TRACKED_COMPETITOR,,
e79ecd47,3,37,43,7,6,TRACKED_COMPETITOR_AVAILABLE,0.9979779124259949,1
e79ecd47,3,54,59,7,6,TRACKED_COMPETITOR_AVAILABLE,0.9979779124259949,1
e7habwfg,1,9,135,1,0,NO_TRACKED_COMPETITOR,,
e7rejjns,1,131,158,1,0,NO_TRACKED_COMPETITOR,,
e944mlk3,1,2,94,6,5,TRACKED_COMPETITOR_AVAILABLE,0.996513307094574,3
e944mlk3,2,2,94,6,5,TRACKED_COMPETITOR_AVAILABLE,0.9976776242256165,3
e944mlk3,3,2,94,6,5,TRACKED_COMPETITOR_AVAILABLE,0.9983088374137878,4
e944mlk3,4,1,94,6,5,TRACKED_COMPETITOR_AVAILABLE,0.9986636638641357,5
e944mlk3,5,1,94,6,5,TRACKED_COMPETITOR_AVAILABLE,0.9986636638641357,4
e944mlk3,6,2,94,6,5,TRACKED_COMPETITOR_AVAILABLE,0.9951786994934082,4
e96b9b04,1,25,70,5,4,TRACKED_COMPETITOR_AVAILABLE,0.9941828846931458,2
e96b9b04,1,91,98,5,4,TRACKED_COMPETITOR_AVAILABLE,0.9941828846931458,2
e96b9b04,1,99,104,5,4,TRACKED_COMPETITOR_AVAILABLE,0.9941828846931458,2
e96b9b04,2,41,59,5,4,TRACKED_COMPETITOR_AVAILABLE,0.9941828846931458,1
e99bd793,1,37,54,3,2,TRACKED_COMPETITOR_AVAILABLE,0.9879254698753357,3
e99bd793,1,123,139,3,2,TRACKED_COMPETITOR_AVAILABLE,0.9879254698753357,3
e99bd793,3,39,54,3,2,TRACKED_COMPETITOR_AVAILABLE,0.9965415596961975,2
e99bd793,3,126,137,3,2,TRACKED_COMPETITOR_AVAILABLE,0.9965415596961975,2
ea65e6b7,1,32,44,1,0,NO_TRACKED_COMPETITOR,,
eac1a9e6,1,13,19,1,0,NO_TRACKED_COMPETITOR,,
eaff3301,1,58,63,2,1,TRACKED_COMPETITOR_AVAILABLE,0.9973787665367126,2
eaff3301,1,123,130,2,1,TRACKED_COMPETITOR_AVAILABLE,0.9973787665367126,2
eaff3301,2,124,130,2,1,TRACKED_COMPETITOR_AVAILABLE,0.9973787665367126,1
eb93ed20,2,1,9,2,1,TRACKED_COMPETITOR_AVAILABLE,0.9928780794143677,1
ec27366a,5,3,8,6,5,TRACKED_COMPETITOR_AVAILABLE,0.9854897260665894,6
ec27366a,5,18,24,6,5,TRACKED_COMPETITOR_AVAILABLE,0.9854897260665894,6
ec27366a,5,41,46,6,5,TRACKED_COMPETITOR_AVAILABLE,0.9854897260665894,6
edny03oq,1,44,53,1,0,NO_TRACKED_COMPETITOR,,
edny03oq,1,77,91,1,0,NO_TRACKED_COMPETITOR,,
eec4c008,2,18,39,2,1,TRACKED_COMPETITOR_AVAILABLE,0.9830310940742493,1
efk04oqc,1,2,37,1,0,NO_TRACKED_COMPETITOR,,
efk04oqc,1,56,67,1,0,NO_TRACKED_COMPETITOR,,
efk04oqc,1,71,83,1,0,NO_TRACKED_COMPETITOR,,
ejor2496,1,108,114,1,0,NO_TRACKED_COMPETITOR,,
ek2kew2p,1,51,126,1,0,NO_TRACKED_COMPETITOR,,
eken71z2,1,3,129,1,0,NO_TRACKED_COMPETITOR,,
ekxyvgl9,1,22,31,1,0,NO_TRACKED_COMPETITOR,,
ekxyvgl9,1,36,44,1,0,NO_TRACKED_COMPETITOR,,
ekxyvgl9,1,48,54,1,0,NO_TRACKED_COMPETITOR,,
em21z9mn,1,32,68,3,2,TRACKED_COMPETITOR_AVAILABLE,0.9397872686386108,3
em21z9mn,3,32,68,3,2,TRACKED_COMPETITOR_AVAILABLE,0.9974308013916016,2
endmg0a1,1,8,13,1,0,NO_TRACKED_COMPETITOR,,
enlil56y,1,17,55,1,0,NO_TRACKED_COMPETITOR,,
enlil56y,1,64,93,1,0,NO_TRACKED_COMPETITOR,,
enlil56y,1,107,112,1,0,NO_TRACKED_COMPETITOR,,
eogrrm2m,1,21,85,1,0,NO_TRACKED_COMPETITOR,,
epxoelt8,1,29,63,3,2,TRACKED_COMPETITOR_AVAILABLE,0.988508939743042,2
epxoelt8,1,84,346,3,2,TRACKED_COMPETITOR_AVAILABLE,0.988508939743042,2
epxoelt8,2,39,53,3,2,TRACKED_COMPETITOR_AVAILABLE,0.988508939743042,1
epxoelt8,2,74,332,3,2,TRACKED_COMPETITOR_AVAILABLE,0.988508939743042,1
epxoelt8,3,33,58,3,2,TRACKED_COMPETITOR_AVAILABLE,0.9234849810600281,2
epxoelt8,3,79,337,3,2,TRACKED_COMPETITOR_AVAILABLE,0.9234849810600281,2
eq0oe7ux,1,112,117,1,0,NO_TRACKED_COMPETITOR,,
esew5ebz,1,12,96,1,0,NO_TRACKED_COMPETITOR,,
esny8g6w,1,45,51,1,0,NO_TRACKED_COMPETITOR,,
et9fou59,1,1,70,11,10,TRACKED_COMPETITOR_AVAILABLE,0.9994164705276489,5
et9fou59,2,1,70,11,10,TRACKED_COMPETITOR_AVAILABLE,0.9993935823440552,5
et9fou59,3,1,70,11,10,TRACKED_COMPETITOR_AVAILABLE,0.9977236390113831,1
et9fou59,4,1,70,11,10,TRACKED_COMPETITOR_AVAILABLE,0.9990026354789734,1
et9fou59,5,1,70,11,10,TRACKED_COMPETITOR_AVAILABLE,0.9994164705276489,1
et9fou59,6,1,70,11,10,TRACKED_COMPETITOR_AVAILABLE,0.998964786529541,1
et9fou59,7,1,70,11,10,TRACKED_COMPETITOR_AVAILABLE,0.9986729621887207,11
et9fou59,8,1,70,11,10,TRACKED_COMPETITOR_AVAILABLE,0.9991313815116882,11
et9fou59,9,1,70,11,10,TRACKED_COMPETITOR_AVAILABLE,0.9982866644859314,10
et9fou59,10,1,70,11,10,TRACKED_COMPETITOR_AVAILABLE,0.9982866644859314,9
et9fou59,11,1,70,11,10,TRACKED_COMPETITOR_AVAILABLE,0.9991313815116882,8
euzp36eu,1,8,47,1,0,NO_TRACKED_COMPETITOR,,
euzp36eu,1,75,93,1,0,NO_TRACKED_COMPETITOR,,
ew8x2uw7,1,60,123,1,0,NO_TRACKED_COMPETITOR,,
ew8x2uw7,1,164,239,1,0,NO_TRACKED_COMPETITOR,,
eywxjtzh,1,5,157,1,0,NO_TRACKED_COMPETITOR,,
f0ba8748,2,31,39,3,2,TRACKED_COMPETITOR_AVAILABLE,0.9926262497901917,1
f1pigade,1,39,71,1,0,NO_TRACKED_COMPETITOR,,
f24rbcm7,1,17,46,1,0,NO_TRACKED_COMPETITOR,,
f24rbcm7,1,57,78,1,0,NO_TRACKED_COMPETITOR,,
f2usscoi,1,35,62,1,0,NO_TRACKED_COMPETITOR,,
f33d3c15,5,12,21,7,6,TRACKED_COMPETITOR_AVAILABLE,0.990886390209198,2
f33d3c15,7,14,20,7,6,TRACKED_COMPETITOR_AVAILABLE,0.9847050905227661,2
f45d3823,4,77,86,10,9,TRACKED_COMPETITOR_AVAILABLE,0.9966238141059875,3
f4y4902x,1,7,13,1,0,NO_TRACKED_COMPETITOR,,
f509054f,2,66,81,3,2,TRACKED_COMPETITOR_AVAILABLE,0.995214581489563,1
f54tbvr8,2,4,11,2,1,TRACKED_COMPETITOR_AVAILABLE,0.9902200102806091,1
f5bdw4ng,1,9,48,1,0,NO_TRACKED_COMPETITOR,,
f5bdw4ng,1,72,82,1,0,NO_TRACKED_COMPETITOR,,
f5d2d8d3,4,70,89,4,3,TRACKED_COMPETITOR_AVAILABLE,0.997715950012207,3
f5tc3jxg,1,16,192,1,0,NO_TRACKED_COMPETITOR,,
f5tc3jxg,1,204,336,1,0,NO_TRACKED_COMPETITOR,,
f6786ab5,3,30,43,7,6,TRACKED_COMPETITOR_AVAILABLE,0.9902193546295166,5
f6bfc699,2,5,10,5,4,TRACKED_COMPETITOR_AVAILABLE,0.9950998425483704,3
f6bfc699,3,25,33,5,4,TRACKED_COMPETITOR_AVAILABLE,0.9961305856704712,1
f6bfc699,3,45,56,5,4,TRACKED_COMPETITOR_AVAILABLE,0.9961305856704712,1
f6de8226,5,18,47,5,4,TRACKED_COMPETITOR_AVAILABLE,0.998065710067749,2
f6de8226,5,54,60,5,4,TRACKED_COMPETITOR_AVAILABLE,0.998065710067749,2
f6f8b4a6,8,32,59,9,8,TRACKED_COMPETITOR_AVAILABLE,0.9993416666984558,9
f6f8b4a6,9,20,62,9,8,TRACKED_COMPETITOR_AVAILABLE,0.9993416666984558,8
f7203226,1,27,32,2,1,TRACKED_COMPETITOR_AVAILABLE,0.9772559404373169,2
f7203226,2,14,34,2,1,TRACKED_COMPETITOR_AVAILABLE,0.9772559404373169,1
f7375ab3,1,4,60,1,0,NO_TRACKED_COMPETITOR,,
f7d36a47,1,7,17,1,0,NO_TRACKED_COMPETITOR,,
f7tji6df,1,25,30,1,0,NO_TRACKED_COMPETITOR,,
f8e5f837,1,14,20,3,2,TRACKED_COMPETITOR_AVAILABLE,0.9917839765548706,3
f9c20062,5,10,32,7,6,TRACKED_COMPETITOR_AVAILABLE,0.9932909607887268,6
f9c20062,6,14,32,7,6,TRACKED_COMPETITOR_AVAILABLE,0.9932909607887268,5
fabae187,7,19,30,10,9,TRACKED_COMPETITOR_AVAILABLE,0.9967349171638489,4
fabae187,7,65,75,10,9,TRACKED_COMPETITOR_AVAILABLE,0.9967349171638489,4
faby6kx9,1,6,37,1,0,NO_TRACKED_COMPETITOR,,
fac3378e,2,231,241,3,2,TRACKED_COMPETITOR_AVAILABLE,0.9938635230064392,1
fac3378e,3,16,34,3,2,TRACKED_COMPETITOR_AVAILABLE,0.9599118828773499,2
fac3378e,3,158,224,3,2,TRACKED_COMPETITOR_AVAILABLE,0.9599118828773499,2
faf7d852,7,73,83,9,8,TRACKED_COMPETITOR_AVAILABLE,0.997699499130249,8
faf7d852,9,78,86,9,8,TRACKED_COMPETITOR_AVAILABLE,0.9970782995223999,6
famn2us3,1,58,70,1,0,NO_TRACKED_COMPETITOR,,
fbfb6e30,4,30,40,12,11,TRACKED_COMPETITOR_AVAILABLE,0.9974914789199829,12
fbfb6e30,7,26,47,12,11,TRACKED_COMPETITOR_AVAILABLE,0.9933432936668396,1
fbfb6e30,8,29,47,12,11,TRACKED_COMPETITOR_AVAILABLE,0.9961780905723572,11
fbfb6e30,9,17,22,12,11,TRACKED_COMPETITOR_AVAILABLE,0.9927756190299988,10
fbfb6e30,10,14,22,12,11,TRACKED_COMPETITOR_AVAILABLE,0.99386066198349,11
fbfb6e30,10,34,45,12,11,TRACKED_COMPETITOR_AVAILABLE,0.99386066198349,11
fdb2e432,2,31,50,7,6,TRACKED_COMPETITOR_AVAILABLE,0.9962062835693359,4
fdb2e432,6,104,128,7,6,TRACKED_COMPETITOR_AVAILABLE,0.9976740479469299,7
fe21fd5c,1,11,48,5,4,TRACKED_COMPETITOR_AVAILABLE,0.9575632810592651,4
febmmwzw,1,16,33,1,0,NO_TRACKED_COMPETITOR,,
febmmwzw,1,37,90,1,0,NO_TRACKED_COMPETITOR,,
fecd10d2,1,16,23,3,2,TRACKED_COMPETITOR_AVAILABLE,0.98783278465271,2
fiec8nko,1,3,16,1,0,NO_TRACKED_COMPETITOR,,
fihg1bdo,1,24,32,1,0,NO_TRACKED_COMPETITOR,,
fihg1bdo,1,48,63,1,0,NO_TRACKED_COMPETITOR,,
fl2c1h0y,1,2,31,2,1,TRACKED_COMPETITOR_AVAILABLE,0.9922029376029968,2
fl2c1h0y,2,6,34,2,1,TRACKED_COMPETITOR_AVAILABLE,0.9922029376029968,1
flg5ike4,1,62,81,1,0,NO_TRACKED_COMPETITOR,,
flnj4yuc,1,5,12,2,1,TRACKED_COMPETITOR_AVAILABLE,0.990830659866333,2
fmzx1ro9,1,56,69,1,0,NO_TRACKED_COMPETITOR,,
fmzx1ro9,1,114,126,1,0,NO_TRACKED_COMPETITOR,,
fmzx1ro9,1,178,200,1,0,NO_TRACKED_COMPETITOR,,
fmzx1ro9,1,214,231,1,0,NO_TRACKED_COMPETITOR,,
fmzx1ro9,1,235,256,1,0,NO_TRACKED_COMPETITOR,,
fmzx1ro9,1,312,338,1,0,NO_TRACKED_COMPETITOR,,
fmzx1ro9,1,346,354,1,0,NO_TRACKED_COMPETITOR,,
fom0ccgy,1,12,121,1,0,NO_TRACKED_COMPETITOR,,
fsi3n9sa,1,5,30,2,1,TRACKED_COMPETITOR_AVAILABLE,0.9971067309379578,2
fvuleox7,1,23,83,1,0,NO_TRACKED_COMPETITOR,,
fvuleox7,1,100,155,1,0,NO_TRACKED_COMPETITOR,,
g06t0xax,1,42,207,1,0,NO_TRACKED_COMPETITOR,,
g06t0xax,1,225,352,1,0,NO_TRACKED_COMPETITOR,,
g2uddkam,1,12,29,1,0,NO_TRACKED_COMPETITOR,,
g4zcpt2m,1,23,34,1,0,NO_TRACKED_COMPETITOR,,
g6ir5t2f,1,8,17,3,2,TRACKED_COMPETITOR_AVAILABLE,0.9970330595970154,3
g6ir5t2f,1,31,48,3,2,TRACKED_COMPETITOR_AVAILABLE,0.9970330595970154,3
g6ir5t2f,1,85,94,3,2,TRACKED_COMPETITOR_AVAILABLE,0.9970330595970154,3
g6ir5t2f,2,7,17,3,2,TRACKED_COMPETITOR_AVAILABLE,0.9989944100379944,3
g6ir5t2f,2,29,47,3,2,TRACKED_COMPETITOR_AVAILABLE,0.9989944100379944,3
g6ir5t2f,2,85,95,3,2,TRACKED_COMPETITOR_AVAILABLE,0.9989944100379944,3
g6ir5t2f,3,6,18,3,2,TRACKED_COMPETITOR_AVAILABLE,0.9989944100379944,2
g6ir5t2f,3,30,46,3,2,TRACKED_COMPETITOR_AVAILABLE,0.9989944100379944,2
g6ir5t2f,3,85,94,3,2,TRACKED_COMPETITOR_AVAILABLE,0.9989944100379944,2
gdef16mu,1,4,147,1,0,NO_TRACKED_COMPETITOR,,
gdef16mu,1,167,211,1,0,NO_TRACKED_COMPETITOR,,
gdef16mu,1,266,320,1,0,NO_TRACKED_COMPETITOR,,
gdef16mu,1,341,406,1,0,NO_TRACKED_COMPETITOR,,
gdef16mu,1,440,540,1,0,NO_TRACKED_COMPETITOR,,
gfvtx21c,1,14,44,1,0,NO_TRACKED_COMPETITOR,,
gfvtx21c,1,52,79,1,0,NO_TRACKED_COMPETITOR,,
ggmod0c3,1,29,40,1,0,NO_TRACKED_COMPETITOR,,
gi6yxol1,1,34,43,2,1,TRACKED_COMPETITOR_AVAILABLE,0.9659849405288696,2
gkj4gy4v,1,1,97,1,0,NO_TRACKED_COMPETITOR,,
gm432ls3,1,11,26,1,0,NO_TRACKED_COMPETITOR,,
gmch721h,1,4,22,1,0,NO_TRACKED_COMPETITOR,,
gmch721h,1,90,97,1,0,NO_TRACKED_COMPETITOR,,
gmch721h,1,104,109,1,0,NO_TRACKED_COMPETITOR,,
gnmih6ba,1,56,68,1,0,NO_TRACKED_COMPETITOR,,
go6pnv02,1,5,23,1,0,NO_TRACKED_COMPETITOR,,
go6pnv02,1,37,48,1,0,NO_TRACKED_COMPETITOR,,
go6pnv02,1,59,69,1,0,NO_TRACKED_COMPETITOR,,
go6pnv02,1,80,89,1,0,NO_TRACKED_COMPETITOR,,
go6pnv02,1,99,107,1,0,NO_TRACKED_COMPETITOR,,
gosqrxdh,1,5,31,1,0,NO_TRACKED_COMPETITOR,,
gosqrxdh,1,51,99,1,0,NO_TRACKED_COMPETITOR,,
gqvq4n5t,1,1,39,1,0,NO_TRACKED_COMPETITOR,,
gqvq4n5t,1,60,86,1,0,NO_TRACKED_COMPETITOR,,
gr2jr5mq,1,60,73,1,0,NO_TRACKED_COMPETITOR,,
grc82wel,1,3,29,1,0,NO_TRACKED_COMPETITOR,,
grc82wel,1,46,54,1,0,NO_TRACKED_COMPETITOR,,
grc82wel,1,60,91,1,0,NO_TRACKED_COMPETITOR,,
gsh2x1h3,1,2,15,1,0,NO_TRACKED_COMPETITOR,,
gsh2x1h3,1,41,120,1,0,NO_TRACKED_COMPETITOR,,
gsybruwj,1,4,17,1,0,NO_TRACKED_COMPETITOR,,
gy34qcdq,1,5,63,1,0,NO_TRACKED_COMPETITOR,,
gynlnqq1,1,90,103,1,0,NO_TRACKED_COMPETITOR,,
gynlnqq1,1,348,375,1,0,NO_TRACKED_COMPETITOR,,
gynlnqq1,1,487,503,1,0,NO_TRACKED_COMPETITOR,,
gynlnqq1,1,802,808,1,0,NO_TRACKED_COMPETITOR,,
gz9huf37,1,9,49,1,0,NO_TRACKED_COMPETITOR,,
h0txtc32,1,10,16,1,0,NO_TRACKED_COMPETITOR,,
h1ftiuhk,1,46,64,1,0,NO_TRACKED_COMPETITOR,,
h1tjut91,1,32,42,1,0,NO_TRACKED_COMPETITOR,,
h5cgy7jf,1,28,106,1,0,NO_TRACKED_COMPETITOR,,
h6rqsag9,1,31,36,3,2,TRACKED_COMPETITOR_AVAILABLE,0.9619852900505066,3
h6rqsag9,2,31,36,3,2,TRACKED_COMPETITOR_AVAILABLE,0.9794278740882874,3
h6rqsag9,3,31,36,3,2,TRACKED_COMPETITOR_AVAILABLE,0.9794278740882874,2
h7btlkbi,1,14,77,1,0,NO_TRACKED_COMPETITOR,,
hasdlhvf,1,9,66,1,0,NO_TRACKED_COMPETITOR,,
hcujxvqd,1,9,35,1,0,NO_TRACKED_COMPETITOR,,
hcujxvqd,1,39,45,1,0,NO_TRACKED_COMPETITOR,,
hcujxvqd,1,48,53,1,0,NO_TRACKED_COMPETITOR,,
hcujxvqd,1,69,82,1,0,NO_TRACKED_COMPETITOR,,
hg1pk891,1,21,74,1,0,NO_TRACKED_COMPETITOR,,
hg1pk891,1,83,92,1,0,NO_TRACKED_COMPETITOR,,
hgpnic22,1,2,12,1,0,NO_TRACKED_COMPETITOR,,
hgpup8kq,1,18,25,1,0,NO_TRACKED_COMPETITOR,,
hi1d4128,1,28,38,3,2,TRACKED_COMPETITOR_AVAILABLE,0.9988721013069153,2
hi1d4128,2,35,47,3,2,TRACKED_COMPETITOR_AVAILABLE,0.9988721013069153,1
hi1d4128,3,25,34,3,2,TRACKED_COMPETITOR_AVAILABLE,0.9973407983779907,1
hi45r2a9,1,2,20,1,0,NO_TRACKED_COMPETITOR,,
hi45r2a9,1,35,45,1,0,NO_TRACKED_COMPETITOR,,
hi45r2a9,1,67,84,1,0,NO_TRACKED_COMPETITOR,,
hi45r2a9,1,110,128,1,0,NO_TRACKED_COMPETITOR,,
hi45r2a9,1,138,158,1,0,NO_TRACKED_COMPETITOR,,
hi45r2a9,1,160,167,1,0,NO_TRACKED_COMPETITOR,,
hi45r2a9,1,180,185,1,0,NO_TRACKED_COMPETITOR,,
hi45r2a9,1,196,208,1,0,NO_TRACKED_COMPETITOR,,
hk6xfpt6,1,33,54,2,1,TRACKED_COMPETITOR_AVAILABLE,0.995414137840271,2
hk6xfpt6,1,61,77,2,1,TRACKED_COMPETITOR_AVAILABLE,0.995414137840271,2
hk6xfpt6,1,217,230,2,1,TRACKED_COMPETITOR_AVAILABLE,0.995414137840271,2
hk6xfpt6,2,28,44,2,1,TRACKED_COMPETITOR_AVAILABLE,0.995414137840271,1
hk6xfpt6,2,114,147,2,1,TRACKED_COMPETITOR_AVAILABLE,0.995414137840271,1
hk6xfpt6,2,157,164,2,1,TRACKED_COMPETITOR_AVAILABLE,0.995414137840271,1
hk6xfpt6,2,199,206,2,1,TRACKED_COMPETITOR_AVAILABLE,0.995414137840271,1
hlore8i0,1,7,70,1,0,NO_TRACKED_COMPETITOR,,
hlsugcx2,1,1,6,6,5,TRACKED_COMPETITOR_AVAILABLE,0.9990353584289551,3
hm8b1caq,1,10,29,1,0,NO_TRACKED_COMPETITOR,,
hm8b1caq,1,37,64,1,0,NO_TRACKED_COMPETITOR,,
hmaj8vpu,1,48,59,1,0,NO_TRACKED_COMPETITOR,,
hpo05a0c,1,3,104,1,0,NO_TRACKED_COMPETITOR,,
hpo05a0c,1,110,116,1,0,NO_TRACKED_COMPETITOR,,
hvezqwwt,1,28,34,2,1,TRACKED_COMPETITOR_AVAILABLE,0.9852717518806458,2
hvezqwwt,2,35,43,2,1,TRACKED_COMPETITOR_AVAILABLE,0.9852717518806458,1
hvib8xhl,1,45,52,1,0,NO_TRACKED_COMPETITOR,,
hwwc7m58,1,1,13,1,0,NO_TRACKED_COMPETITOR,,
hxaid41o,1,19,48,1,0,NO_TRACKED_COMPETITOR,,
hy97dn1d,1,11,17,1,0,NO_TRACKED_COMPETITOR,,
hymuhio1,1,9,19,3,2,TRACKED_COMPETITOR_AVAILABLE,0.9956117272377014,2
hymuhio1,2,9,19,3,2,TRACKED_COMPETITOR_AVAILABLE,0.9956117272377014,1
hyn8kbwe,1,1,95,11,10,TRACKED_COMPETITOR_AVAILABLE,0.9934142827987671,6
hyn8kbwe,2,2,95,11,10,TRACKED_COMPETITOR_AVAILABLE,0.9990695714950562,3
hyn8kbwe,3,2,95,11,10,TRACKED_COMPETITOR_AVAILABLE,0.9990695714950562,2
hyn8kbwe,4,2,95,11,10,TRACKED_COMPETITOR_AVAILABLE,0.9993875622749329,5
hyn8kbwe,5,2,95,11,10,TRACKED_COMPETITOR_AVAILABLE,0.9993875622749329,4
hyn8kbwe,6,2,95,11,10,TRACKED_COMPETITOR_AVAILABLE,0.9974881410598755,2
hyn8kbwe,7,3,95,11,10,TRACKED_COMPETITOR_AVAILABLE,0.9909251928329468,8
hyn8kbwe,8,3,94,11,10,TRACKED_COMPETITOR_AVAILABLE,0.9997336864471436,9
hyn8kbwe,9,3,94,11,10,TRACKED_COMPETITOR_AVAILABLE,0.9997336864471436,8
hyn8kbwe,10,3,94,11,10,TRACKED_COMPETITOR_AVAILABLE,0.9975336194038391,11
hyn8kbwe,11,3,94,11,10,TRACKED_COMPETITOR_AVAILABLE,0.9975336194038391,10
hzkwgfld,1,27,47,1,0,NO_TRACKED_COMPETITOR,,
hzkwgfld,1,62,98,1,0,NO_TRACKED_COMPETITOR,,
i0ikg524,1,5,15,1,0,NO_TRACKED_COMPETITOR,,
i0ikg524,1,55,60,1,0,NO_TRACKED_COMPETITOR,,
i0ikg524,1,87,137,1,0,NO_TRACKED_COMPETITOR,,
i0ikg524,1,139,144,1,0,NO_TRACKED_COMPETITOR,,
i0ikg524,1,207,217,1,0,NO_TRACKED_COMPETITOR,,
i3bi3vff,1,16,36,1,0,NO_TRACKED_COMPETITOR,,
i3bi3vff,1,46,89,1,0,NO_TRACKED_COMPETITOR,,
i52snehv,1,62,201,1,0,NO_TRACKED_COMPETITOR,,
i52snehv,1,217,223,1,0,NO_TRACKED_COMPETITOR,,
i87r48vo,2,8,13,2,1,TRACKED_COMPETITOR_AVAILABLE,0.9839745163917542,1
iaci5bab,1,24,101,1,0,NO_TRACKED_COMPETITOR,,
iaci5bab,1,134,402,1,0,NO_TRACKED_COMPETITOR,,
ic7cze5x,1,16,30,2,1,TRACKED_COMPETITOR_AVAILABLE,0.988313615322113,2
ic7cze5x,2,20,57,2,1,TRACKED_COMPETITOR_AVAILABLE,0.988313615322113,1
igtifzkv,1,27,32,4,3,TRACKED_COMPETITOR_AVAILABLE,0.997056245803833,4
igtifzkv,2,27,32,4,3,TRACKED_COMPETITOR_AVAILABLE,0.9866836071014404,3
igtifzkv,4,27,32,4,3,TRACKED_COMPETITOR_AVAILABLE,0.997056245803833,1
iijj01lq,1,21,48,1,0,NO_TRACKED_COMPETITOR,,
iijj01lq,1,64,69,1,0,NO_TRACKED_COMPETITOR,,
ik2wfqj1,1,2,61,10,9,TRACKED_COMPETITOR_AVAILABLE,0.9969175457954407,4
ik2wfqj1,2,1,61,10,9,TRACKED_COMPETITOR_AVAILABLE,0.9990623593330383,4
ik2wfqj1,3,1,62,10,9,TRACKED_COMPETITOR_AVAILABLE,0.9995196461677551,5
ik2wfqj1,4,2,61,10,9,TRACKED_COMPETITOR_AVAILABLE,0.9990623593330383,2
ik2wfqj1,5,1,62,10,9,TRACKED_COMPETITOR_AVAILABLE,0.9995196461677551,3
ik2wfqj1,6,1,62,10,9,TRACKED_COMPETITOR_AVAILABLE,0.9972273707389832,4
ik2wfqj1,7,1,62,10,9,TRACKED_COMPETITOR_AVAILABLE,0.9983342885971069,8
ik2wfqj1,8,1,62,10,9,TRACKED_COMPETITOR_AVAILABLE,0.9986124634742737,4
ik2wfqj1,9,1,62,10,9,TRACKED_COMPETITOR_AVAILABLE,0.9967224597930908,4
ik2wfqj1,10,1,62,10,9,TRACKED_COMPETITOR_AVAILABLE,0.9976254105567932,7
indxj6zk,1,41,52,1,0,NO_TRACKED_COMPETITOR,,
inkwjqj7,1,14,34,1,0,NO_TRACKED_COMPETITOR,,
ip1mn7f8,1,48,67,1,0,NO_TRACKED_COMPETITOR,,
iq25nid0,1,9,63,1,0,NO_TRACKED_COMPETITOR,,
iqxext8k,1,68,82,1,0,NO_TRACKED_COMPETITOR,,
iqxext8k,1,91,96,1,0,NO_TRACKED_COMPETITOR,,
ir8q519z,1,38,44,1,0,NO_TRACKED_COMPETITOR,,
is9cesnk,1,17,22,2,1,TRACKED_COMPETITOR_AVAILABLE,0.9972350001335144,2
is9cesnk,2,16,22,2,1,TRACKED_COMPETITOR_AVAILABLE,0.9972350001335144,1
ixvf0apv,1,18,58,1,0,NO_TRACKED_COMPETITOR,,
j10o202t,1,4,112,1,0,NO_TRACKED_COMPETITOR,,
j1vg5ksv,1,15,54,1,0,NO_TRACKED_COMPETITOR,,
j1vg5ksv,1,137,331,1,0,NO_TRACKED_COMPETITOR,,
j338igfx,1,3,80,4,3,TRACKED_COMPETITOR_AVAILABLE,0.9764992594718933,3
j338igfx,2,3,80,4,3,TRACKED_COMPETITOR_AVAILABLE,0.9978144764900208,3
j338igfx,3,3,80,4,3,TRACKED_COMPETITOR_AVAILABLE,0.9989361763000488,4
j338igfx,4,3,80,4,3,TRACKED_COMPETITOR_AVAILABLE,0.9989361763000488,3
j4f2a97n,1,1106,1843,1,0,NO_TRACKED_COMPETITOR,,
j4f2a97n,1,1870,1971,1,0,NO_TRACKED_COMPETITOR,,
j4f2a97n,1,1977,2335,1,0,NO_TRACKED_COMPETITOR,,
j4f2a97n,1,3711,4544,1,0,NO_TRACKED_COMPETITOR,,
j4f2a97n,1,4620,4632,1,0,NO_TRACKED_COMPETITOR,,
j4f2a97n,1,4908,4913,1,0,NO_TRACKED_COMPETITOR,,
j4f2a97n,1,4914,4922,1,0,NO_TRACKED_COMPETITOR,,
j4f2a97n,1,4955,4962,1,0,NO_TRACKED_COMPETITOR,,
j4f2a97n,1,5047,5057,1,0,NO_TRACKED_COMPETITOR,,
j4f2a97n,1,5186,5350,1,0,NO_TRACKED_COMPETITOR,,
j4f2a97n,1,5576,5596,1,0,NO_TRACKED_COMPETITOR,,
j4f2a97n,1,5630,5649,1,0,NO_TRACKED_COMPETITOR,,
j4f2a97n,1,5699,5723,1,0,NO_TRACKED_COMPETITOR,,
j4f2a97n,1,5804,5827,1,0,NO_TRACKED_COMPETITOR,,
j4f2a97n,1,5883,5893,1,0,NO_TRACKED_COMPETITOR,,
j4f2a97n,1,5939,5961,1,0,NO_TRACKED_COMPETITOR,,
j4f2a97n,1,6332,6339,1,0,NO_TRACKED_COMPETITOR,,
j4f2a97n,1,6479,6518,1,0,NO_TRACKED_COMPETITOR,,
j4f2a97n,1,6538,6603,1,0,NO_TRACKED_COMPETITOR,,
j4f2a97n,1,6853,6987,1,0,NO_TRACKED_COMPETITOR,,
j4f2a97n,1,7025,7081,1,0,NO_TRACKED_COMPETITOR,,
j4f2a97n,1,7198,7224,1,0,NO_TRACKED_COMPETITOR,,
j4f2a97n,1,7263,7277,1,0,NO_TRACKED_COMPETITOR,,
j4f2a97n,1,7365,7414,1,0,NO_TRACKED_COMPETITOR,,
j4f2a97n,1,7452,7458,1,0,NO_TRACKED_COMPETITOR,,
j4f2a97n,1,7616,7625,1,0,NO_TRACKED_COMPETITOR,,
j4f2a97n,1,7708,7726,1,0,NO_TRACKED_COMPETITOR,,
j4f2a97n,1,7741,7752,1,0,NO_TRACKED_COMPETITOR,,
j5ck2wtw,1,11,45,1,0,NO_TRACKED_COMPETITOR,,
j5ck2wtw,1,65,82,1,0,NO_TRACKED_COMPETITOR,,
j5ck2wtw,1,108,118,1,0,NO_TRACKED_COMPETITOR,,
j5ck2wtw,1,212,225,1,0,NO_TRACKED_COMPETITOR,,
j5ck2wtw,1,245,258,1,0,NO_TRACKED_COMPETITOR,,
j6obrhs3,1,8,17,1,0,NO_TRACKED_COMPETITOR,,
j7i1pg5v,1,35,47,1,0,NO_TRACKED_COMPETITOR,,
jgrk0o29,1,3,15,3,2,TRACKED_COMPETITOR_AVAILABLE,0.9935846924781799,2
jgrk0o29,2,3,17,3,2,TRACKED_COMPETITOR_AVAILABLE,0.9935846924781799,1
ji42gktw,1,18,32,1,0,NO_TRACKED_COMPETITOR,,
ji42gktw,1,44,70,1,0,NO_TRACKED_COMPETITOR,,
ji42gktw,1,107,119,1,0,NO_TRACKED_COMPETITOR,,
ji42gktw,1,129,142,1,0,NO_TRACKED_COMPETITOR,,
ji42gktw,1,175,180,1,0,NO_TRACKED_COMPETITOR,,
ji42gktw,1,185,199,1,0,NO_TRACKED_COMPETITOR,,
ji42gktw,1,271,302,1,0,NO_TRACKED_COMPETITOR,,
ji42gktw,1,310,317,1,0,NO_TRACKED_COMPETITOR,,
ji42gktw,1,346,356,1,0,NO_TRACKED_COMPETITOR,,
ji42gktw,1,388,408,1,0,NO_TRACKED_COMPETITOR,,
ji42gktw,1,448,465,1,0,NO_TRACKED_COMPETITOR,,
ji42gktw,1,469,533,1,0,NO_TRACKED_COMPETITOR,,
jjcy06bh,1,5,42,1,0,NO_TRACKED_COMPETITOR,,
jjcy06bh,1,54,82,1,0,NO_TRACKED_COMPETITOR,,
jo07pdif,1,5,14,1,0,NO_TRACKED_COMPETITOR,,
jo07pdif,1,27,36,1,0,NO_TRACKED_COMPETITOR,,
jt2ygstu,1,5,12,1,0,NO_TRACKED_COMPETITOR,,
jtx41psl,1,21,27,1,0,NO_TRACKED_COMPETITOR,,
jvwfdb4c,1,2,91,10,9,TRACKED_COMPETITOR_AVAILABLE,0.9855533838272095,10
jvwfdb4c,2,1,91,10,9,TRACKED_COMPETITOR_AVAILABLE,0.9993598461151123,6
jvwfdb4c,3,1,91,10,9,TRACKED_COMPETITOR_AVAILABLE,0.9988341331481934,8
jvwfdb4c,4,1,91,10,9,TRACKED_COMPETITOR_AVAILABLE,0.9981958270072937,6
jvwfdb4c,5,1,91,10,9,TRACKED_COMPETITOR_AVAILABLE,0.9994690418243408,7
jvwfdb4c,6,1,91,10,9,TRACKED_COMPETITOR_AVAILABLE,0.9993598461151123,2
jvwfdb4c,7,1,91,10,9,TRACKED_COMPETITOR_AVAILABLE,0.9994690418243408,5
jvwfdb4c,8,1,91,10,9,TRACKED_COMPETITOR_AVAILABLE,0.9988341331481934,3
jvwfdb4c,9,1,91,10,9,TRACKED_COMPETITOR_AVAILABLE,0.9977830648422241,2
jvwfdb4c,10,1,91,10,9,TRACKED_COMPETITOR_AVAILABLE,0.9949460625648499,8
jvx5mxcz,1,3,45,1,0,NO_TRACKED_COMPETITOR,,
jy044tyz,1,11,22,1,0,NO_TRACKED_COMPETITOR,,
jy044tyz,1,33,61,1,0,NO_TRACKED_COMPETITOR,,
jy044tyz,1,81,98,1,0,NO_TRACKED_COMPETITOR,,
k0vcz0st,1,186,191,1,0,NO_TRACKED_COMPETITOR,,
k369x08x,1,21,34,1,0,NO_TRACKED_COMPETITOR,,
k52lrn32,1,99,105,1,0,NO_TRACKED_COMPETITOR,,
k6mwrhcn,1,18,85,1,0,NO_TRACKED_COMPETITOR,,
k8w3vjn1,1,80,86,1,0,NO_TRACKED_COMPETITOR,,
k8w3vjn1,1,91,114,1,0,NO_TRACKED_COMPETITOR,,
k91meps2,1,6,20,3,2,TRACKED_COMPETITOR_AVAILABLE,0.9971604347229004,3
k91meps2,1,33,40,3,2,TRACKED_COMPETITOR_AVAILABLE,0.9971604347229004,3
k91meps2,1,55,72,3,2,TRACKED_COMPETITOR_AVAILABLE,0.9971604347229004,3
k91meps2,2,31,45,3,2,TRACKED_COMPETITOR_AVAILABLE,0.9972589612007141,3
k91meps2,3,7,19,3,2,TRACKED_COMPETITOR_AVAILABLE,0.9972589612007141,2
k91meps2,3,32,42,3,2,TRACKED_COMPETITOR_AVAILABLE,0.9972589612007141,2
k91meps2,3,56,71,3,2,TRACKED_COMPETITOR_AVAILABLE,0.9972589612007141,2
k9bxt0u7,1,14,63,12,11,TRACKED_COMPETITOR_AVAILABLE,0.9977364540100098,2
k9bxt0u7,2,15,62,12,11,TRACKED_COMPETITOR_AVAILABLE,0.9977364540100098,1
k9bxt0u7,3,17,60,12,11,TRACKED_COMPETITOR_AVAILABLE,0.9954072833061218,7
k9bxt0u7,4,17,60,12,11,TRACKED_COMPETITOR_AVAILABLE,0.9958414435386658,6
k9bxt0u7,5,17,60,12,11,TRACKED_COMPETITOR_AVAILABLE,0.9925729632377625,7
k9bxt0u7,6,18,58,12,11,TRACKED_COMPETITOR_AVAILABLE,0.9975996613502502,9
k9bxt0u7,7,18,58,12,11,TRACKED_COMPETITOR_AVAILABLE,0.9954072833061218,3
k9bxt0u7,8,19,58,12,11,TRACKED_COMPETITOR_AVAILABLE,0.9958374500274658,11
k9bxt0u7,9,19,58,12,11,TRACKED_COMPETITOR_AVAILABLE,0.9975996613502502,6
k9bxt0u7,10,20,58,12,11,TRACKED_COMPETITOR_AVAILABLE,0.99369215965271,11
k9bxt0u7,11,20,58,12,11,TRACKED_COMPETITOR_AVAILABLE,0.9958374500274658,8
k9bxt0u7,12,20,58,12,11,TRACKED_COMPETITOR_AVAILABLE,0.99510657787323,11
kdd87l6w,1,30,35,2,1,TRACKED_COMPETITOR_AVAILABLE,0.991675078868866,2
kdd87l6w,2,27,32,2,1,TRACKED_COMPETITOR_AVAILABLE,0.991675078868866,1
kfku0fdg,1,18,44,1,0,NO_TRACKED_COMPETITOR,,
kfku0fdg,1,57,97,1,0,NO_TRACKED_COMPETITOR,,
kgb5t4u3,1,11,18,1,0,NO_TRACKED_COMPETITOR,,
kgb5t4u3,1,31,56,1,0,NO_TRACKED_COMPETITOR,,
kgb5t4u3,1,77,85,1,0,NO_TRACKED_COMPETITOR,,
km3lycqv,1,75,83,2,1,TRACKED_COMPETITOR_AVAILABLE,0.764769971370697,2
km3lycqv,2,74,82,2,1,TRACKED_COMPETITOR_AVAILABLE,0.764769971370697,1
kmg8ysk5,1,5,38,1,0,NO_TRACKED_COMPETITOR,,
kmg8ysk5,1,55,72,1,0,NO_TRACKED_COMPETITOR,,
ksl55n8i,1,12,18,1,0,NO_TRACKED_COMPETITOR,,
kuyatgrp,1,15,33,1,0,NO_TRACKED_COMPETITOR,,
kuyatgrp,1,96,110,1,0,NO_TRACKED_COMPETITOR,,
kuyatgrp,1,175,236,1,0,NO_TRACKED_COMPETITOR,,
kuyatgrp,1,297,304,1,0,NO_TRACKED_COMPETITOR,,
kuyatgrp,1,361,371,1,0,NO_TRACKED_COMPETITOR,,
kv53tjsw,1,6,136,1,0,NO_TRACKED_COMPETITOR,,
kwac9t6i,1,9,28,1,0,NO_TRACKED_COMPETITOR,,
kwwh43ve,2,15,22,2,1,TRACKED_COMPETITOR_AVAILABLE,0.9931567311286926,1
kxy8pcfk,1,25,44,1,0,NO_TRACKED_COMPETITOR,,
kz5ukgux,1,3,14,3,2,TRACKED_COMPETITOR_AVAILABLE,0.9881154298782349,2
kz5ukgux,1,58,81,3,2,TRACKED_COMPETITOR_AVAILABLE,0.9881154298782349,2
kz5ukgux,2,7,22,3,2,TRACKED_COMPETITOR_AVAILABLE,0.9883114099502563,3
kz5ukgux,3,63,79,3,2,TRACKED_COMPETITOR_AVAILABLE,0.9883114099502563,2
l0ek62ei,1,2,22,1,0,NO_TRACKED_COMPETITOR,,
l0ek62ei,1,23,42,1,0,NO_TRACKED_COMPETITOR,,
l2s1vt3z,1,16,75,1,0,NO_TRACKED_COMPETITOR,,
l2x7mrxz,1,16,36,1,0,NO_TRACKED_COMPETITOR,,
l3x9425h,1,42,65,1,0,NO_TRACKED_COMPETITOR,,
l4a70q85,1,2,133,3,2,TRACKED_COMPETITOR_AVAILABLE,0.9952707290649414,3
l4a70q85,1,139,165,3,2,TRACKED_COMPETITOR_AVAILABLE,0.9952707290649414,3
l4a70q85,2,4,129,3,2,TRACKED_COMPETITOR_AVAILABLE,0.9977833032608032,3
l4a70q85,2,137,162,3,2,TRACKED_COMPETITOR_AVAILABLE,0.9977833032608032,3
l4a70q85,3,4,128,3,2,TRACKED_COMPETITOR_AVAILABLE,0.9977833032608032,2
l4a70q85,3,136,161,3,2,TRACKED_COMPETITOR_AVAILABLE,0.9977833032608032,2
l55pegqb,1,12,56,1,0,NO_TRACKED_COMPETITOR,,
l5locryc,1,7,17,3,2,TRACKED_COMPETITOR_AVAILABLE,0.9837260246276855,3
l5locryc,3,7,17,3,2,TRACKED_COMPETITOR_AVAILABLE,0.9837260246276855,1
l6zdy2cc,1,9,23,8,7,TRACKED_COMPETITOR_AVAILABLE,0.9962733387947083,3
l7b35u95,1,28,46,1,0,NO_TRACKED_COMPETITOR,,
l7b35u95,1,69,80,1,0,NO_TRACKED_COMPETITOR,,
l7k00l6c,1,13,56,1,0,NO_TRACKED_COMPETITOR,,
l7ne5cdc,1,5,16,1,0,NO_TRACKED_COMPETITOR,,
l7x9zvsk,2,33,40,2,1,TRACKED_COMPETITOR_AVAILABLE,0.9362912178039551,1
l7x9zvsk,2,41,47,2,1,TRACKED_COMPETITOR_AVAILABLE,0.9362912178039551,1
l7x9zvsk,2,51,60,2,1,TRACKED_COMPETITOR_AVAILABLE,0.9362912178039551,1
l7x9zvsk,2,73,81,2,1,TRACKED_COMPETITOR_AVAILABLE,0.9362912178039551,1
l7x9zvsk,2,96,191,2,1,TRACKED_COMPETITOR_AVAILABLE,0.9362912178039551,1
l7x9zvsk,2,228,236,2,1,TRACKED_COMPETITOR_AVAILABLE,0.9362912178039551,1
l7x9zvsk,2,248,258,2,1,TRACKED_COMPETITOR_AVAILABLE,0.9362912178039551,1
l7x9zvsk,2,269,277,2,1,TRACKED_COMPETITOR_AVAILABLE,0.9362912178039551,1
la1w5eyj,1,15,25,1,0,NO_TRACKED_COMPETITOR,,
la1w5eyj,1,44,117,1,0,NO_TRACKED_COMPETITOR,,
la1w5eyj,1,333,364,1,0,NO_TRACKED_COMPETITOR,,
lbvmnhiu,1,56,125,1,0,NO_TRACKED_COMPETITOR,,
lbvmnhiu,1,331,354,1,0,NO_TRACKED_COMPETITOR,,
lbvmnhiu,1,368,456,1,0,NO_TRACKED_COMPETITOR,,
ldkjqdxo,1,19,26,1,0,NO_TRACKED_COMPETITOR,,
leu252hn,1,2,7,1,0,NO_TRACKED_COMPETITOR,,
leu252hn,1,67,74,1,0,NO_TRACKED_COMPETITOR,,
leu252hn,1,89,126,1,0,NO_TRACKED_COMPETITOR,,
leu252hn,1,138,143,1,0,NO_TRACKED_COMPETITOR,,
lfc2jl2f,1,15,33,1,0,NO_TRACKED_COMPETITOR,,
lfc2jl2f,1,50,65,1,0,NO_TRACKED_COMPETITOR,,
lhcjpfjz,1,38,53,1,0,NO_TRACKED_COMPETITOR,,
ljgaeiyc,2,27,40,2,1,TRACKED_COMPETITOR_AVAILABLE,0.9950764775276184,1
ljkfbrl3,1,6,41,1,0,NO_TRACKED_COMPETITOR,,
ljkfbrl3,1,53,76,1,0,NO_TRACKED_COMPETITOR,,
ljyiw2uc,1,17,31,1,0,NO_TRACKED_COMPETITOR,,
llnifik4,1,16,74,1,0,NO_TRACKED_COMPETITOR,,
lrrnx1q2,1,81,103,1,0,NO_TRACKED_COMPETITOR,,
lskh81dd,5,5,10,5,4,TRACKED_COMPETITOR_AVAILABLE,0.9964479207992554,3
ltr39cd6,1,6,81,1,0,NO_TRACKED_COMPETITOR,,
ltzj3wpm,1,13,27,1,0,NO_TRACKED_COMPETITOR,,
ltzj3wpm,1,47,55,1,0,NO_TRACKED_COMPETITOR,,
lutp0n8m,1,24,31,1,0,NO_TRACKED_COMPETITOR,,
luzfqr88,1,29,45,1,0,NO_TRACKED_COMPETITOR,,
lvlnz494,1,23,80,1,0,NO_TRACKED_COMPETITOR,,
lvlnz494,1,121,157,1,0,NO_TRACKED_COMPETITOR,,
lvlnz494,1,170,255,1,0,NO_TRACKED_COMPETITOR,,
lw6pr7h4,1,7,36,1,0,NO_TRACKED_COMPETITOR,,
lxgx30qb,1,9,61,1,0,NO_TRACKED_COMPETITOR,,
lxgx30qb,1,66,81,1,0,NO_TRACKED_COMPETITOR,,
lxidwwy1,1,6,126,1,0,NO_TRACKED_COMPETITOR,,
m0n3lxv7,1,13,27,1,0,NO_TRACKED_COMPETITOR,,
m0n3lxv7,1,45,55,1,0,NO_TRACKED_COMPETITOR,,
m0n3lxv7,1,72,82,1,0,NO_TRACKED_COMPETITOR,,
m0n3lxv7,1,90,101,1,0,NO_TRACKED_COMPETITOR,,
m0vk576h,1,8,13,1,0,NO_TRACKED_COMPETITOR,,
m10d91f4,1,16,68,20,19,TRACKED_COMPETITOR_AVAILABLE,0.9946296811103821,2
m10d91f4,2,16,68,20,19,TRACKED_COMPETITOR_AVAILABLE,0.9975186586380005,6
m10d91f4,3,15,69,20,19,TRACKED_COMPETITOR_AVAILABLE,0.9823204874992371,7
m10d91f4,4,15,69,20,19,TRACKED_COMPETITOR_AVAILABLE,0.996946394443512,15
m10d91f4,5,15,69,20,19,TRACKED_COMPETITOR_AVAILABLE,0.9958661794662476,15
m10d91f4,6,15,69,20,19,TRACKED_COMPETITOR_AVAILABLE,0.9975186586380005,2
m10d91f4,7,15,70,20,19,TRACKED_COMPETITOR_AVAILABLE,0.9823204874992371,3
m10d91f4,8,15,70,20,19,TRACKED_COMPETITOR_AVAILABLE,0.9956126809120178,17
m10d91f4,9,15,70,20,19,TRACKED_COMPETITOR_AVAILABLE,0.9959390163421631,11
m10d91f4,10,14,70,20,19,TRACKED_COMPETITOR_AVAILABLE,0.9963278770446777,14
m10d91f4,11,14,71,20,19,TRACKED_COMPETITOR_AVAILABLE,0.9973983764648438,18
m10d91f4,12,15,70,20,19,TRACKED_COMPETITOR_AVAILABLE,0.9950997829437256,9
m10d91f4,13,14,71,20,19,TRACKED_COMPETITOR_AVAILABLE,0.995948076248169,15
m10d91f4,14,14,72,20,19,TRACKED_COMPETITOR_AVAILABLE,0.9963278770446777,10
m10d91f4,15,13,72,20,19,TRACKED_COMPETITOR_AVAILABLE,0.996946394443512,4
m10d91f4,16,13,73,20,19,TRACKED_COMPETITOR_AVAILABLE,0.991777777671814,8
m10d91f4,17,13,74,20,19,TRACKED_COMPETITOR_AVAILABLE,0.9956126809120178,8
m10d91f4,18,13,74,20,19,TRACKED_COMPETITOR_AVAILABLE,0.9973983764648438,11
m10d91f4,19,13,74,20,19,TRACKED_COMPETITOR_AVAILABLE,0.9954436421394348,5
m10d91f4,20,12,75,20,19,TRACKED_COMPETITOR_AVAILABLE,-0.14914466440677643,7
m2dpw86v,1,16,85,1,0,NO_TRACKED_COMPETITOR,,
m3duvjd8,1,18,24,1,0,NO_TRACKED_COMPETITOR,,
m3duvjd8,1,25,45,1,0,NO_TRACKED_COMPETITOR,,
m3duvjd8,1,46,56,1,0,NO_TRACKED_COMPETITOR,,
m3duvjd8,1,57,79,1,0,NO_TRACKED_COMPETITOR,,
m3duvjd8,1,96,104,1,0,NO_TRACKED_COMPETITOR,,
m3duvjd8,1,149,154,1,0,NO_TRACKED_COMPETITOR,,
m3duvjd8,1,193,204,1,0,NO_TRACKED_COMPETITOR,,
m3duvjd8,1,217,223,1,0,NO_TRACKED_COMPETITOR,,
m3duvjd8,1,241,251,1,0,NO_TRACKED_COMPETITOR,,
m3duvjd8,1,254,273,1,0,NO_TRACKED_COMPETITOR,,
m3duvjd8,1,298,303,1,0,NO_TRACKED_COMPETITOR,,
m3duvjd8,1,307,314,1,0,NO_TRACKED_COMPETITOR,,
m3duvjd8,1,334,343,1,0,NO_TRACKED_COMPETITOR,,
m3duvjd8,1,344,364,1,0,NO_TRACKED_COMPETITOR,,
m3duvjd8,1,379,393,1,0,NO_TRACKED_COMPETITOR,,
m3duvjd8,1,426,431,1,0,NO_TRACKED_COMPETITOR,,
m98296ym,1,42,47,1,0,NO_TRACKED_COMPETITOR,,
m9ogq2aw,1,2,20,1,0,NO_TRACKED_COMPETITOR,,
m9to226x,1,3,56,1,0,NO_TRACKED_COMPETITOR,,
m9to226x,1,67,81,1,0,NO_TRACKED_COMPETITOR,,
mb2wf06i,1,11,36,2,1,TRACKED_COMPETITOR_AVAILABLE,0.9728181958198547,2
mb2wf06i,2,12,35,2,1,TRACKED_COMPETITOR_AVAILABLE,0.9728181958198547,1
mdkrg4tg,1,81,94,1,0,NO_TRACKED_COMPETITOR,,
merapj4t,1,32,59,1,0,NO_TRACKED_COMPETITOR,,
merapj4t,1,66,71,1,0,NO_TRACKED_COMPETITOR,,
mfble881,1,2,32,1,0,NO_TRACKED_COMPETITOR,,
mfxnh5ru,1,31,39,3,2,TRACKED_COMPETITOR_AVAILABLE,0.9978490471839905,2
mfxnh5ru,2,15,27,3,2,TRACKED_COMPETITOR_AVAILABLE,0.9978490471839905,1
mjwfbdod,1,4,10,1,0,NO_TRACKED_COMPETITOR,,
mm4bj76f,1,87,110,1,0,NO_TRACKED_COMPETITOR,,
mn4s0gi8,2,1,62,27,26,TRACKED_COMPETITOR_AVAILABLE,0.9963788986206055,22
mn4s0gi8,3,1,62,27,26,TRACKED_COMPETITOR_AVAILABLE,0.9992294907569885,8
mn4s0gi8,4,1,62,27,26,TRACKED_COMPETITOR_AVAILABLE,0.9977365732192993,5
mn4s0gi8,5,1,62,27,26,TRACKED_COMPETITOR_AVAILABLE,0.9988563656806946,6
mn4s0gi8,6,1,62,27,26,TRACKED_COMPETITOR_AVAILABLE,0.9988563656806946,5
mn4s0gi8,7,1,62,27,26,TRACKED_COMPETITOR_AVAILABLE,0.9987607598304749,6
mn4s0gi8,8,1,62,27,26,TRACKED_COMPETITOR_AVAILABLE,0.9992294907569885,3
mn4s0gi8,9,1,62,27,26,TRACKED_COMPETITOR_AVAILABLE,0.998537540435791,10
mn4s0gi8,10,1,62,27,26,TRACKED_COMPETITOR_AVAILABLE,0.9985443949699402,14
mn4s0gi8,11,1,62,27,26,TRACKED_COMPETITOR_AVAILABLE,0.9988560080528259,21
mn4s0gi8,12,1,62,27,26,TRACKED_COMPETITOR_AVAILABLE,0.9971545934677124,18
mn4s0gi8,13,1,62,27,26,TRACKED_COMPETITOR_AVAILABLE,0.9981434345245361,14
mn4s0gi8,14,1,62,27,26,TRACKED_COMPETITOR_AVAILABLE,0.9985443949699402,10
mn4s0gi8,15,1,62,27,26,TRACKED_COMPETITOR_AVAILABLE,0.9982081651687622,10
mn4s0gi8,16,1,62,27,26,TRACKED_COMPETITOR_AVAILABLE,0.9964256286621094,8
mn4s0gi8,17,1,62,27,26,TRACKED_COMPETITOR_AVAILABLE,0.9983736872673035,18
mn4s0gi8,18,1,62,27,26,TRACKED_COMPETITOR_AVAILABLE,0.9983736872673035,17
mn4s0gi8,19,1,62,27,26,TRACKED_COMPETITOR_AVAILABLE,0.9988703727722168,24
mn4s0gi8,20,1,62,27,26,TRACKED_COMPETITOR_AVAILABLE,0.9994043707847595,25
mn4s0gi8,21,1,62,27,26,TRACKED_COMPETITOR_AVAILABLE,0.9988560080528259,11
mn4s0gi8,22,1,62,27,26,TRACKED_COMPETITOR_AVAILABLE,0.9979314804077148,23
mn4s0gi8,23,1,62,27,26,TRACKED_COMPETITOR_AVAILABLE,0.9979314804077148,22
mn4s0gi8,24,1,62,27,26,TRACKED_COMPETITOR_AVAILABLE,0.9988703727722168,19
mn4s0gi8,25,1,62,27,26,TRACKED_COMPETITOR_AVAILABLE,0.9994043707847595,20
mn4s0gi8,26,1,62,27,26,TRACKED_COMPETITOR_AVAILABLE,0.9977821111679077,23
mn4s0gi8,27,1,62,27,26,TRACKED_COMPETITOR_AVAILABLE,0.9930700659751892,15
mnpzb7g9,1,38,66,1,0,NO_TRACKED_COMPETITOR,,
mnrf445t,1,3,41,1,0,NO_TRACKED_COMPETITOR,,
mnrf445t,1,54,62,1,0,NO_TRACKED_COMPETITOR,,
mqdvl4nz,1,240,245,1,0,NO_TRACKED_COMPETITOR,,
mqdvl4nz,1,250,266,1,0,NO_TRACKED_COMPETITOR,,
mqdvl4nz,1,276,289,1,0,NO_TRACKED_COMPETITOR,,
mrjjsc78,1,11,48,2,1,TRACKED_COMPETITOR_AVAILABLE,0.9541433453559875,2
ms668l3a,1,14,19,2,1,TRACKED_COMPETITOR_AVAILABLE,0.9954047799110413,2
ms668l3a,2,3,11,2,1,TRACKED_COMPETITOR_AVAILABLE,0.9954047799110413,1
ms668l3a,2,20,25,2,1,TRACKED_COMPETITOR_AVAILABLE,0.9954047799110413,1
msfrckgm,1,18,54,1,0,NO_TRACKED_COMPETITOR,,
msfrckgm,1,66,83,1,0,NO_TRACKED_COMPETITOR,,
msxdknb7,1,9,19,3,2,TRACKED_COMPETITOR_AVAILABLE,0.9856768250465393,3
msxdknb7,2,9,19,3,2,TRACKED_COMPETITOR_AVAILABLE,0.9705858826637268,1
mxqy5j4p,1,5,62,1,0,NO_TRACKED_COMPETITOR,,
n01sq64g,1,33,46,1,0,NO_TRACKED_COMPETITOR,,
n0any3pm,1,32,47,1,0,NO_TRACKED_COMPETITOR,,
n0any3pm,1,54,60,1,0,NO_TRACKED_COMPETITOR,,
n0d05tlz,1,24,29,2,1,TRACKED_COMPETITOR_AVAILABLE,0.9891279339790344,2
n0d05tlz,2,24,29,2,1,TRACKED_COMPETITOR_AVAILABLE,0.9891279339790344,1
n2tevlr5,1,23,34,1,0,NO_TRACKED_COMPETITOR,,
n3opitol,1,29,37,1,0,NO_TRACKED_COMPETITOR,,
n3opitol,1,48,64,1,0,NO_TRACKED_COMPETITOR,,
n3opitol,1,74,79,1,0,NO_TRACKED_COMPETITOR,,
n4rzvx60,1,4,98,1,0,NO_TRACKED_COMPETITOR,,
n812b02c,2,15,47,3,2,TRACKED_COMPETITOR_AVAILABLE,0.9919253587722778,3
na33k19e,1,41,47,1,0,NO_TRACKED_COMPETITOR,,
navoodgp,1,31,49,1,0,NO_TRACKED_COMPETITOR,,
nbuwrvdt,1,6,12,1,0,NO_TRACKED_COMPETITOR,,
nf50dpfc,1,23,34,1,0,NO_TRACKED_COMPETITOR,,
nhy81vp1,1,55,63,1,0,NO_TRACKED_COMPETITOR,,
nhy81vp1,1,135,199,1,0,NO_TRACKED_COMPETITOR,,
nl87m8lt,1,17,35,1,0,NO_TRACKED_COMPETITOR,,
nl87m8lt,1,48,59,1,0,NO_TRACKED_COMPETITOR,,
nl87m8lt,1,71,85,1,0,NO_TRACKED_COMPETITOR,,
nsg01vj9,1,16,31,1,0,NO_TRACKED_COMPETITOR,,
nsg01vj9,1,54,74,1,0,NO_TRACKED_COMPETITOR,,
nsorw968,1,45,54,3,2,TRACKED_COMPETITOR_AVAILABLE,0.9978325366973877,3
nsorw968,3,44,55,3,2,TRACKED_COMPETITOR_AVAILABLE,0.9978325366973877,1
nspjm3hy,1,28,33,1,0,NO_TRACKED_COMPETITOR,,
nt2i7fen,1,20,42,3,2,TRACKED_COMPETITOR_AVAILABLE,0.998802661895752,3
nt2i7fen,3,18,42,3,2,TRACKED_COMPETITOR_AVAILABLE,0.998802661895752,1
ntq95l3m,1,26,34,1,0,NO_TRACKED_COMPETITOR,,
ntq95l3m,1,76,90,1,0,NO_TRACKED_COMPETITOR,,
ntq95l3m,1,96,103,1,0,NO_TRACKED_COMPETITOR,,
ntx3bu3p,1,72,124,1,0,NO_TRACKED_COMPETITOR,,
nu6y81zw,1,1,17,1,0,NO_TRACKED_COMPETITOR,,
nu6y81zw,1,21,36,1,0,NO_TRACKED_COMPETITOR,,
nx1tsmoz,1,1,61,1,0,NO_TRACKED_COMPETITOR,,
nx1tsmoz,1,70,80,1,0,NO_TRACKED_COMPETITOR,,
nxzxpfac,1,7,24,1,0,NO_TRACKED_COMPETITOR,,
nxzxpfac,1,31,86,1,0,NO_TRACKED_COMPETITOR,,
nz14uioy,1,18,28,1,0,NO_TRACKED_COMPETITOR,,
nzenmdlv,1,25,30,1,0,NO_TRACKED_COMPETITOR,,
o05ggmg6,1,27,53,1,0,NO_TRACKED_COMPETITOR,,
o24kh44u,2,32,39,3,2,TRACKED_COMPETITOR_AVAILABLE,0.9967169761657715,3
o24kh44u,3,12,45,3,2,TRACKED_COMPETITOR_AVAILABLE,0.9967169761657715,2
o2p3gnhh,1,14,36,1,0,NO_TRACKED_COMPETITOR,,
o5w9z7uf,1,24,76,1,0,NO_TRACKED_COMPETITOR,,
o7mmybmz,1,35,42,1,0,NO_TRACKED_COMPETITOR,,
o94ds8qc,1,40,50,1,0,NO_TRACKED_COMPETITOR,,
oa881897,1,17,41,1,0,NO_TRACKED_COMPETITOR,,
oasjdhjb,1,14,32,1,0,NO_TRACKED_COMPETITOR,,
oasjdhjb,1,47,54,1,0,NO_TRACKED_COMPETITOR,,
obgqwd81,1,48,86,1,0,NO_TRACKED_COMPETITOR,,
oc9632tw,1,10,21,1,0,NO_TRACKED_COMPETITOR,,
oc9632tw,1,50,86,1,0,NO_TRACKED_COMPETITOR,,
ocw3fc39,1,17,42,1,0,NO_TRACKED_COMPETITOR,,
ocw3fc39,1,50,134,1,0,NO_TRACKED_COMPETITOR,,
odfbfy6l,2,1,48,2,1,TRACKED_COMPETITOR_AVAILABLE,0.9118016958236694,1
oguewgjb,1,13,20,1,0,NO_TRACKED_COMPETITOR,,
oguewgjb,1,48,62,1,0,NO_TRACKED_COMPETITOR,,
oiupcf30,1,21,31,5,4,TRACKED_COMPETITOR_AVAILABLE,0.9915218949317932,3
oiupcf30,2,21,31,5,4,TRACKED_COMPETITOR_AVAILABLE,0.9913618564605713,4
oiupcf30,3,1,13,5,4,TRACKED_COMPETITOR_AVAILABLE,0.9915218949317932,1
oiupcf30,3,21,31,5,4,TRACKED_COMPETITOR_AVAILABLE,0.9915218949317932,1
ojz47jkz,1,26,31,3,2,TRACKED_COMPETITOR_AVAILABLE,0.9981150031089783,2
ojz47jkz,1,64,77,3,2,TRACKED_COMPETITOR_AVAILABLE,0.9981150031089783,2
ojz47jkz,2,26,31,3,2,TRACKED_COMPETITOR_AVAILABLE,0.9994038343429565,3
ojz47jkz,2,62,75,3,2,TRACKED_COMPETITOR_AVAILABLE,0.9994038343429565,3
ojz47jkz,3,26,31,3,2,TRACKED_COMPETITOR_AVAILABLE,0.9994038343429565,2
ojz47jkz,3,60,73,3,2,TRACKED_COMPETITOR_AVAILABLE,0.9994038343429565,2
okk1awq1,2,8,14,2,1,TRACKED_COMPETITOR_AVAILABLE,0.9872885942459106,1
okyiwhe2,1,17,74,1,0,NO_TRACKED_COMPETITOR,,
okyiwhe2,1,76,99,1,0,NO_TRACKED_COMPETITOR,,
okyujpk1,1,55,89,1,0,NO_TRACKED_COMPETITOR,,
okzrw4ul,1,37,51,1,0,NO_TRACKED_COMPETITOR,,
olqepuhs,1,75,80,1,0,NO_TRACKED_COMPETITOR,,
olqepuhs,1,102,108,1,0,NO_TRACKED_COMPETITOR,,
om1l22ht,1,3,33,1,0,NO_TRACKED_COMPETITOR,,
om1l22ht,1,75,81,1,0,NO_TRACKED_COMPETITOR,,
om9gicaj,1,10,34,1,0,NO_TRACKED_COMPETITOR,,
om9gicaj,1,44,79,1,0,NO_TRACKED_COMPETITOR,,
omuyddn2,1,14,40,1,0,NO_TRACKED_COMPETITOR,,
omuyddn2,1,50,59,1,0,NO_TRACKED_COMPETITOR,,
omuyddn2,1,76,95,1,0,NO_TRACKED_COMPETITOR,,
oq4xkb08,1,28,35,1,0,NO_TRACKED_COMPETITOR,,
oq4xkb08,1,57,67,1,0,NO_TRACKED_COMPETITOR,,
oq4xkb08,1,333,349,1,0,NO_TRACKED_COMPETITOR,,
or8eklj5,1,67,80,1,0,NO_TRACKED_COMPETITOR,,
or8eklj5,1,82,104,1,0,NO_TRACKED_COMPETITOR,,
or8jvjtg,1,10,42,1,0,NO_TRACKED_COMPETITOR,,
or8jvjtg,1,65,78,1,0,NO_TRACKED_COMPETITOR,,
os8i6e0w,1,18,23,2,1,TRACKED_COMPETITOR_AVAILABLE,0.9911677241325378,2
os8i6e0w,2,18,23,2,1,TRACKED_COMPETITOR_AVAILABLE,0.9911677241325378,1
ou2f7p0i,1,33,42,1,0,NO_TRACKED_COMPETITOR,,
ou2f7p0i,1,51,75,1,0,NO_TRACKED_COMPETITOR,,
ow0b88et,1,223,228,1,0,NO_TRACKED_COMPETITOR,,
ow0b88et,1,367,410,1,0,NO_TRACKED_COMPETITOR,,
ox1p16xi,1,42,53,2,1,TRACKED_COMPETITOR_AVAILABLE,0.9962278604507446,2
ox1p16xi,2,37,47,2,1,TRACKED_COMPETITOR_AVAILABLE,0.9962278604507446,1
oz48ssju,1,1,10,1,0,NO_TRACKED_COMPETITOR,,
oz48ssju,1,16,24,1,0,NO_TRACKED_COMPETITOR,,
oz48ssju,1,30,39,1,0,NO_TRACKED_COMPETITOR,,
oz48ssju,1,47,61,1,0,NO_TRACKED_COMPETITOR,,
oz48ssju,1,67,74,1,0,NO_TRACKED_COMPETITOR,,
ozz7zjrv,1,16,21,2,1,TRACKED_COMPETITOR_AVAILABLE,0.9880955815315247,2
p0bzaolc,1,11,86,1,0,NO_TRACKED_COMPETITOR,,
p0bzaolc,1,132,142,1,0,NO_TRACKED_COMPETITOR,,
p0bzaolc,1,145,154,1,0,NO_TRACKED_COMPETITOR,,
p0bzaolc,1,182,190,1,0,NO_TRACKED_COMPETITOR,,
p2mdrqk1,1,3,24,1,0,NO_TRACKED_COMPETITOR,,
p2mdrqk1,1,42,49,1,0,NO_TRACKED_COMPETITOR,,
p2mdrqk1,1,84,92,1,0,NO_TRACKED_COMPETITOR,,
p8al6c43,1,32,37,1,0,NO_TRACKED_COMPETITOR,,
p8al6c43,1,44,52,1,0,NO_TRACKED_COMPETITOR,,
p8al6c43,1,75,80,1,0,NO_TRACKED_COMPETITOR,,
p9goy3m5,1,4,23,1,0,NO_TRACKED_COMPETITOR,,
p9goy3m5,1,33,66,1,0,NO_TRACKED_COMPETITOR,,
paqd3t4y,1,56,68,1,0,NO_TRACKED_COMPETITOR,,
pdkgzcnq,2,7,16,2,1,TRACKED_COMPETITOR_AVAILABLE,0.9908387660980225,1
peny1kdb,1,246,273,1,0,NO_TRACKED_COMPETITOR,,
peny1kdb,1,414,451,1,0,NO_TRACKED_COMPETITOR,,
peny1kdb,1,613,632,1,0,NO_TRACKED_COMPETITOR,,
peny1kdb,1,664,705,1,0,NO_TRACKED_COMPETITOR,,
peny1kdb,1,726,765,1,0,NO_TRACKED_COMPETITOR,,
phrlikaf,1,2,109,1,0,NO_TRACKED_COMPETITOR,,
piuqj5wt,1,2,72,1,0,NO_TRACKED_COMPETITOR,,
piuqj5wt,1,76,116,1,0,NO_TRACKED_COMPETITOR,,
pkxlarz2,1,2,90,1,0,NO_TRACKED_COMPETITOR,,
pl1t7w03,1,12,27,1,0,NO_TRACKED_COMPETITOR,,
pl1t7w03,1,109,128,1,0,NO_TRACKED_COMPETITOR,,
pl3nvrt3,1,3,33,1,0,NO_TRACKED_COMPETITOR,,
pl3nvrt3,1,59,75,1,0,NO_TRACKED_COMPETITOR,,
pne9qu86,1,27,40,1,0,NO_TRACKED_COMPETITOR,,
ponb8hrz,1,35,48,1,0,NO_TRACKED_COMPETITOR,,
ponb8hrz,1,68,76,1,0,NO_TRACKED_COMPETITOR,,
pp6xneq2,1,110,115,1,0,NO_TRACKED_COMPETITOR,,
pp6xneq2,1,305,329,1,0,NO_TRACKED_COMPETITOR,,
pp6xneq2,1,440,473,1,0,NO_TRACKED_COMPETITOR,,
pp6xneq2,1,587,636,1,0,NO_TRACKED_COMPETITOR,,
pp6xneq2,1,674,679,1,0,NO_TRACKED_COMPETITOR,,
pq6uabeq,2,22,28,2,1,TRACKED_COMPETITOR_AVAILABLE,0.9877231121063232,1
pr0wn6h6,1,3,11,1,0,NO_TRACKED_COMPETITOR,,
pr33uloc,1,54,84,1,0,NO_TRACKED_COMPETITOR,,
ptuktd2e,1,2,25,1,0,NO_TRACKED_COMPETITOR,,
pz9rf3kp,1,7,52,1,0,NO_TRACKED_COMPETITOR,,
pz9rf3kp,1,66,76,1,0,NO_TRACKED_COMPETITOR,,
q2dee44h,1,3,59,1,0,NO_TRACKED_COMPETITOR,,
q7d8mrg3,1,39,53,1,0,NO_TRACKED_COMPETITOR,,
q7d8mrg3,1,115,120,1,0,NO_TRACKED_COMPETITOR,,
q7iwrayb,1,34,39,1,0,NO_TRACKED_COMPETITOR,,
q7iwrayb,1,59,79,1,0,NO_TRACKED_COMPETITOR,,
qa0uz3a7,1,14,54,1,0,NO_TRACKED_COMPETITOR,,
qa91hkcn,1,41,65,1,0,NO_TRACKED_COMPETITOR,,
qawrozw8,1,21,104,1,0,NO_TRACKED_COMPETITOR,,
qc9cac32,1,33,76,1,0,NO_TRACKED_COMPETITOR,,
qcyzntli,1,5,23,1,0,NO_TRACKED_COMPETITOR,,
qcyzntli,1,39,51,1,0,NO_TRACKED_COMPETITOR,,
qcyzntli,1,66,79,1,0,NO_TRACKED_COMPETITOR,,
qdfcwypm,1,22,27,1,0,NO_TRACKED_COMPETITOR,,
qfhnj1nf,1,3,11,1,0,NO_TRACKED_COMPETITOR,,
qgnewvrp,1,4,43,1,0,NO_TRACKED_COMPETITOR,,
qgnewvrp,1,52,85,1,0,NO_TRACKED_COMPETITOR,,
qhykjzwc,2,9,16,2,1,TRACKED_COMPETITOR_AVAILABLE,0.9921835660934448,1
qhykjzwc,2,20,25,2,1,TRACKED_COMPETITOR_AVAILABLE,0.9921835660934448,1
qittyp0l,1,32,38,2,1,TRACKED_COMPETITOR_AVAILABLE,0.9939327836036682,2
qittyp0l,2,19,25,2,1,TRACKED_COMPETITOR_AVAILABLE,0.9939327836036682,1
qjeopm3q,1,25,40,1,0,NO_TRACKED_COMPETITOR,,
qjrm0hmj,1,11,41,2,1,TRACKED_COMPETITOR_AVAILABLE,0.9914002418518066,2
qjrm0hmj,2,8,40,2,1,TRACKED_COMPETITOR_AVAILABLE,0.9914002418518066,1
qjrm0hmj,2,63,70,2,1,TRACKED_COMPETITOR_AVAILABLE,0.9914002418518066,1
ql6bf189,1,31,46,2,1,TRACKED_COMPETITOR_AVAILABLE,0.9913155436515808,2
ql6bf189,2,39,55,2,1,TRACKED_COMPETITOR_AVAILABLE,0.9913155436515808,1
qmn6zqgq,1,7,15,1,0,NO_TRACKED_COMPETITOR,,
qmn6zqgq,1,31,78,1,0,NO_TRACKED_COMPETITOR,,
qrlz4xpk,1,55,94,1,0,NO_TRACKED_COMPETITOR,,
qrlz4xpk,1,99,104,1,0,NO_TRACKED_COMPETITOR,,
qset7zfv,1,19,81,1,0,NO_TRACKED_COMPETITOR,,
qt1bf7hj,1,29,39,2,1,TRACKED_COMPETITOR_AVAILABLE,0.9901152849197388,2
qurrcmwn,1,14,30,1,0,NO_TRACKED_COMPETITOR,,
qurrcmwn,1,44,61,1,0,NO_TRACKED_COMPETITOR,,
qurrcmwn,1,75,95,1,0,NO_TRACKED_COMPETITOR,,
qw39rqhv,1,2,61,1,0,NO_TRACKED_COMPETITOR,,
qw39rqhv,1,65,86,1,0,NO_TRACKED_COMPETITOR,,
qx7ncfer,1,26,32,2,1,TRACKED_COMPETITOR_AVAILABLE,0.9989498853683472,2
qx7ncfer,2,21,26,2,1,TRACKED_COMPETITOR_AVAILABLE,0.9989498853683472,1
qzerhngx,1,26,66,3,2,TRACKED_COMPETITOR_AVAILABLE,0.9948009252548218,2
qzerhngx,1,68,78,3,2,TRACKED_COMPETITOR_AVAILABLE,0.9948009252548218,2
qzerhngx,2,50,68,3,2,TRACKED_COMPETITOR_AVAILABLE,0.995595395565033,3
qzerhngx,2,70,78,3,2,TRACKED_COMPETITOR_AVAILABLE,0.995595395565033,3
qzerhngx,3,50,63,3,2,TRACKED_COMPETITOR_AVAILABLE,0.995595395565033,2
qzerhngx,3,69,76,3,2,TRACKED_COMPETITOR_AVAILABLE,0.995595395565033,2
qzqjuedt,1,6,38,1,0,NO_TRACKED_COMPETITOR,,
r13s2zog,1,16,27,2,1,TRACKED_COMPETITOR_AVAILABLE,0.9911221265792847,2
r298oppp,1,32,48,1,0,NO_TRACKED_COMPETITOR,,
r2fmxg6h,2,6,20,2,1,TRACKED_COMPETITOR_AVAILABLE,0.9787865281105042,1
r2fmxg6h,2,30,40,2,1,TRACKED_COMPETITOR_AVAILABLE,0.9787865281105042,1
r2fmxg6h,2,45,54,2,1,TRACKED_COMPETITOR_AVAILABLE,0.9787865281105042,1
r2iallw7,1,11,19,1,0,NO_TRACKED_COMPETITOR,,
r2n6kgfd,1,58,236,1,0,NO_TRACKED_COMPETITOR,,
r507we9x,1,26,58,1,0,NO_TRACKED_COMPETITOR,,
r6apnjuv,1,11,28,1,0,NO_TRACKED_COMPETITOR,,
r6apnjuv,1,40,57,1,0,NO_TRACKED_COMPETITOR,,
r8krwek1,1,4,256,1,0,NO_TRACKED_COMPETITOR,,
rajycrxk,1,64,87,2,1,TRACKED_COMPETITOR_AVAILABLE,0.9972883462905884,2
rajycrxk,2,65,87,2,1,TRACKED_COMPETITOR_AVAILABLE,0.9972883462905884,1
rfyy184d,1,29,41,1,0,NO_TRACKED_COMPETITOR,,
rgsz0gml,1,10,25,1,0,NO_TRACKED_COMPETITOR,,
rl2kq1px,1,28,75,1,0,NO_TRACKED_COMPETITOR,,
rl7ir488,1,1,28,1,0,NO_TRACKED_COMPETITOR,,
rl7ir488,1,32,52,1,0,NO_TRACKED_COMPETITOR,,
rl7ir488,1,56,80,1,0,NO_TRACKED_COMPETITOR,,
rl7ir488,1,84,122,1,0,NO_TRACKED_COMPETITOR,,
rm3v6asc,1,6,78,1,0,NO_TRACKED_COMPETITOR,,
rm3v6asc,1,86,127,1,0,NO_TRACKED_COMPETITOR,,
rmj8dcsw,1,83,142,1,0,NO_TRACKED_COMPETITOR,,
rmj8dcsw,1,179,341,1,0,NO_TRACKED_COMPETITOR,,
rmj8dcsw,1,381,746,1,0,NO_TRACKED_COMPETITOR,,
rmjrb2gl,1,16,84,1,0,NO_TRACKED_COMPETITOR,,
rmrq5h4y,1,2,13,1,0,NO_TRACKED_COMPETITOR,,
rmrq5h4y,1,20,32,1,0,NO_TRACKED_COMPETITOR,,
rmrq5h4y,1,41,53,1,0,NO_TRACKED_COMPETITOR,,
rmrq5h4y,1,59,87,1,0,NO_TRACKED_COMPETITOR,,
rmrq5h4y,1,94,114,1,0,NO_TRACKED_COMPETITOR,,
rnm6wvsn,1,12,18,1,0,NO_TRACKED_COMPETITOR,,
rnm6wvsn,1,33,38,1,0,NO_TRACKED_COMPETITOR,,
rnm6wvsn,1,53,59,1,0,NO_TRACKED_COMPETITOR,,
rnm6wvsn,1,62,70,1,0,NO_TRACKED_COMPETITOR,,
rnm6wvsn,1,74,80,1,0,NO_TRACKED_COMPETITOR,,
rnm6wvsn,1,81,88,1,0,NO_TRACKED_COMPETITOR,,
ro7l0xdi,1,17,42,1,0,NO_TRACKED_COMPETITOR,,
ro7l0xdi,1,47,76,1,0,NO_TRACKED_COMPETITOR,,
ro7l0xdi,1,88,149,1,0,NO_TRACKED_COMPETITOR,,
ro7l0xdi,1,177,213,1,0,NO_TRACKED_COMPETITOR,,
ro7l0xdi,1,273,325,1,0,NO_TRACKED_COMPETITOR,,
ro7l0xdi,1,349,405,1,0,NO_TRACKED_COMPETITOR,,
ro7l0xdi,1,448,542,1,0,NO_TRACKED_COMPETITOR,,
ro7l0xdi,1,594,615,1,0,NO_TRACKED_COMPETITOR,,
rowg6cxy,1,37,67,1,0,NO_TRACKED_COMPETITOR,,
rt7xp2yh,2,45,51,2,1,TRACKED_COMPETITOR_AVAILABLE,0.993646502494812,1
ru0qwa84,1,5,25,2,1,TRACKED_COMPETITOR_AVAILABLE,0.9980720281600952,2
ru0qwa84,1,34,50,2,1,TRACKED_COMPETITOR_AVAILABLE,0.9980720281600952,2
ru0qwa84,1,58,71,2,1,TRACKED_COMPETITOR_AVAILABLE,0.9980720281600952,2
ru0qwa84,2,10,25,2,1,TRACKED_COMPETITOR_AVAILABLE,0.9980720281600952,1
ru0qwa84,2,34,50,2,1,TRACKED_COMPETITOR_AVAILABLE,0.9980720281600952,1
ru0qwa84,2,58,71,2,1,TRACKED_COMPETITOR_AVAILABLE,0.9980720281600952,1
rvf66gf1,1,1,103,1,0,NO_TRACKED_COMPETITOR,,
rvivsqr0,1,115,130,1,0,NO_TRACKED_COMPETITOR,,
rvyuhzr0,1,10,46,1,0,NO_TRACKED_COMPETITOR,,
rvyuhzr0,1,58,70,1,0,NO_TRACKED_COMPETITOR,,
rx7yfkbg,1,6,51,1,0,NO_TRACKED_COMPETITOR,,
rz2b31mn,1,6,24,1,0,NO_TRACKED_COMPETITOR,,
s0umhbpw,1,59,66,1,0,NO_TRACKED_COMPETITOR,,
s0umhbpw,1,407,412,1,0,NO_TRACKED_COMPETITOR,,
s0umhbpw,1,422,427,1,0,NO_TRACKED_COMPETITOR,,
s0umhbpw,1,428,433,1,0,NO_TRACKED_COMPETITOR,,
s0uoxmwc,1,15,97,1,0,NO_TRACKED_COMPETITOR,,
s1kd1p3t,1,3,10,1,0,NO_TRACKED_COMPETITOR,,
s1of0a97,1,18,26,1,0,NO_TRACKED_COMPETITOR,,
s41qtfd2,1,6,78,1,0,NO_TRACKED_COMPETITOR,,
s4mnrzi1,1,19,65,1,0,NO_TRACKED_COMPETITOR,,
s4mnrzi1,1,76,84,1,0,NO_TRACKED_COMPETITOR,,
s4nxbrcp,1,26,46,1,0,NO_TRACKED_COMPETITOR,,
s6b025qn,1,2,97,1,0,NO_TRACKED_COMPETITOR,,
s6qa98lx,1,23,28,1,0,NO_TRACKED_COMPETITOR,,
s8ib1gqo,1,4,9,2,1,TRACKED_COMPETITOR_AVAILABLE,0.9964333772659302,2
s8ib1gqo,2,6,14,2,1,TRACKED_COMPETITOR_AVAILABLE,0.9964333772659302,1
sajk18ua,1,44,78,1,0,NO_TRACKED_COMPETITOR,,
sajk18ua,1,85,113,1,0,NO_TRACKED_COMPETITOR,,
sbu8j9xc,1,9,15,1,0,NO_TRACKED_COMPETITOR,,
sc65nvjl,1,1,115,1,0,NO_TRACKED_COMPETITOR,,
sfns53bj,2,40,49,2,1,TRACKED_COMPETITOR_AVAILABLE,0.9974762797355652,1
sfns53bj,2,57,66,2,1,TRACKED_COMPETITOR_AVAILABLE,0.9974762797355652,1
sgcn6xgc,1,40,46,1,0,NO_TRACKED_COMPETITOR,,
sh7sl5xi,2,40,47,3,2,TRACKED_COMPETITOR_AVAILABLE,0.9890960454940796,3
si7re70s,1,27,208,1,0,NO_TRACKED_COMPETITOR,,
si7re70s,1,220,486,1,0,NO_TRACKED_COMPETITOR,,
sijkcttf,1,5,16,2,1,TRACKED_COMPETITOR_AVAILABLE,0.9968774914741516,2
sijkcttf,1,29,56,2,1,TRACKED_COMPETITOR_AVAILABLE,0.9968774914741516,2
sijkcttf,2,4,18,2,1,TRACKED_COMPETITOR_AVAILABLE,0.9968774914741516,1
sijkcttf,2,28,58,2,1,TRACKED_COMPETITOR_AVAILABLE,0.9968774914741516,1
sijkcttf,2,95,100,2,1,TRACKED_COMPETITOR_AVAILABLE,0.9968774914741516,1
sjgicdrs,1,21,38,1,0,NO_TRACKED_COMPETITOR,,
sjgicdrs,1,59,97,1,0,NO_TRACKED_COMPETITOR,,
sjl7jcdm,1,64,69,3,2,TRACKED_COMPETITOR_AVAILABLE,0.9930782914161682,3
skjvwkeu,1,2,135,15,14,TRACKED_COMPETITOR_AVAILABLE,0.9949906468391418,2
skjvwkeu,2,2,134,15,14,TRACKED_COMPETITOR_AVAILABLE,0.9983676671981812,3
skjvwkeu,3,2,134,15,14,TRACKED_COMPETITOR_AVAILABLE,0.9983676671981812,2
skjvwkeu,4,1,134,15,14,TRACKED_COMPETITOR_AVAILABLE,0.9987902641296387,5
skjvwkeu,5,1,134,15,14,TRACKED_COMPETITOR_AVAILABLE,0.9987902641296387,4
skjvwkeu,6,1,134,15,14,TRACKED_COMPETITOR_AVAILABLE,0.9849062561988831,8
skjvwkeu,7,1,135,15,14,TRACKED_COMPETITOR_AVAILABLE,0.9947154521942139,9
skjvwkeu,8,1,135,15,14,TRACKED_COMPETITOR_AVAILABLE,0.998907744884491,10
skjvwkeu,9,1,134,15,14,TRACKED_COMPETITOR_AVAILABLE,0.9994101524353027,10
skjvwkeu,10,1,134,15,14,TRACKED_COMPETITOR_AVAILABLE,0.9994101524353027,9
skjvwkeu,11,1,134,15,14,TRACKED_COMPETITOR_AVAILABLE,0.9991812109947205,9
skjvwkeu,12,2,134,15,14,TRACKED_COMPETITOR_AVAILABLE,0.9987995624542236,11
skjvwkeu,13,2,134,15,14,TRACKED_COMPETITOR_AVAILABLE,0.9985243082046509,14
skjvwkeu,14,2,134,15,14,TRACKED_COMPETITOR_AVAILABLE,0.9985243082046509,13
skjvwkeu,15,2,135,15,14,TRACKED_COMPETITOR_AVAILABLE,0.9977971911430359,14
skmuz7n7,1,11,91,1,0,NO_TRACKED_COMPETITOR,,
skue9h1a,1,37,65,1,0,NO_TRACKED_COMPETITOR,,
skxbqj5u,1,8,18,2,1,TRACKED_COMPETITOR_AVAILABLE,0.9852600693702698,2
skxbqj5u,2,20,25,2,1,TRACKED_COMPETITOR_AVAILABLE,0.9852600693702698,1
sla7u3u5,2,50,55,2,1,TRACKED_COMPETITOR_AVAILABLE,0.9951594471931458,1
sla7u3u5,2,59,68,2,1,TRACKED_COMPETITOR_AVAILABLE,0.9951594471931458,1
smj60b7y,1,68,84,1,0,NO_TRACKED_COMPETITOR,,
smj60b7y,1,504,510,1,0,NO_TRACKED_COMPETITOR,,
smj60b7y,1,546,619,1,0,NO_TRACKED_COMPETITOR,,
smpz2v72,1,10,17,5,4,TRACKED_COMPETITOR_AVAILABLE,0.9972772002220154,2
smpz2v72,1,33,55,5,4,TRACKED_COMPETITOR_AVAILABLE,0.9972772002220154,2
smpz2v72,2,8,52,5,4,TRACKED_COMPETITOR_AVAILABLE,0.9972772002220154,1
smpz2v72,3,7,52,5,4,TRACKED_COMPETITOR_AVAILABLE,0.9815974235534668,5
smpz2v72,4,2,67,5,4,TRACKED_COMPETITOR_AVAILABLE,0.9913632869720459,2
smpz2v72,5,1,65,5,4,TRACKED_COMPETITOR_AVAILABLE,0.9894006848335266,4
so8lbzwk,1,19,39,1,0,NO_TRACKED_COMPETITOR,,
so8lbzwk,1,97,108,1,0,NO_TRACKED_COMPETITOR,,
so8lbzwk,1,137,147,1,0,NO_TRACKED_COMPETITOR,,
so8lbzwk,1,331,363,1,0,NO_TRACKED_COMPETITOR,,
spakvkft,1,31,46,1,0,NO_TRACKED_COMPETITOR,,
spddn8ef,1,4,96,1,0,NO_TRACKED_COMPETITOR,,
spddn8ef,1,139,170,1,0,NO_TRACKED_COMPETITOR,,
spddn8ef,1,202,256,1,0,NO_TRACKED_COMPETITOR,,
spddn8ef,1,288,310,1,0,NO_TRACKED_COMPETITOR,,
spddn8ef,1,323,439,1,0,NO_TRACKED_COMPETITOR,,
spddn8ef,1,457,498,1,0,NO_TRACKED_COMPETITOR,,
sr0xcevd,1,32,88,2,1,TRACKED_COMPETITOR_AVAILABLE,0.9865299463272095,2
sr0xcevd,2,46,85,2,1,TRACKED_COMPETITOR_AVAILABLE,0.9865299463272095,1
srtemhqr,1,13,20,1,0,NO_TRACKED_COMPETITOR,,
srtemhqr,1,94,111,1,0,NO_TRACKED_COMPETITOR,,
ss0b0lxp,1,8,59,1,0,NO_TRACKED_COMPETITOR,,
ss0b0lxp,1,70,128,1,0,NO_TRACKED_COMPETITOR,,
ssz7rje6,1,14,19,1,0,NO_TRACKED_COMPETITOR,,
stxmnfmi,2,9,19,6,5,TRACKED_COMPETITOR_AVAILABLE,0.998583197593689,3
stxmnfmi,5,9,20,6,5,TRACKED_COMPETITOR_AVAILABLE,0.9980961084365845,6
sy4ix7t7,1,8,16,1,0,NO_TRACKED_COMPETITOR,,
sy4ix7t7,1,33,40,1,0,NO_TRACKED_COMPETITOR,,
sy4ix7t7,1,62,71,1,0,NO_TRACKED_COMPETITOR,,
sy7poaj5,1,27,34,1,0,NO_TRACKED_COMPETITOR,,
sy7poaj5,1,65,81,1,0,NO_TRACKED_COMPETITOR,,
t15hnxr3,1,68,84,1,0,NO_TRACKED_COMPETITOR,,
t15hnxr3,1,116,127,1,0,NO_TRACKED_COMPETITOR,,
t15hnxr3,1,167,238,1,0,NO_TRACKED_COMPETITOR,,
t15hnxr3,1,307,314,1,0,NO_TRACKED_COMPETITOR,,
t15hnxr3,1,367,385,1,0,NO_TRACKED_COMPETITOR,,
t15hnxr3,1,507,513,1,0,NO_TRACKED_COMPETITOR,,
t15hnxr3,1,611,621,1,0,NO_TRACKED_COMPETITOR,,
t15hnxr3,1,634,642,1,0,NO_TRACKED_COMPETITOR,,
t1sb5qo8,1,71,81,1,0,NO_TRACKED_COMPETITOR,,
t1sb5qo8,1,143,148,1,0,NO_TRACKED_COMPETITOR,,
t3wvj7qz,1,23,60,1,0,NO_TRACKED_COMPETITOR,,
t4mcamey,3,53,60,3,2,TRACKED_COMPETITOR_AVAILABLE,0.992444634437561,1
t5zhoswv,1,40,46,1,0,NO_TRACKED_COMPETITOR,,
t5zhoswv,1,47,52,1,0,NO_TRACKED_COMPETITOR,,
t6b34ze7,1,6,16,1,0,NO_TRACKED_COMPETITOR,,
t6b34ze7,1,20,28,1,0,NO_TRACKED_COMPETITOR,,
t6b34ze7,1,33,40,1,0,NO_TRACKED_COMPETITOR,,
t6b34ze7,1,46,57,1,0,NO_TRACKED_COMPETITOR,,
t6ng4itw,1,72,424,1,0,NO_TRACKED_COMPETITOR,,
t7l078ma,1,8,26,1,0,NO_TRACKED_COMPETITOR,,
t7l078ma,1,31,53,1,0,NO_TRACKED_COMPETITOR,,
t7l078ma,1,59,80,1,0,NO_TRACKED_COMPETITOR,,
t7l078ma,1,86,103,1,0,NO_TRACKED_COMPETITOR,,
t9crbspj,1,32,39,1,0,NO_TRACKED_COMPETITOR,,
t9jz6g88,1,7,16,1,0,NO_TRACKED_COMPETITOR,,
t9jz6g88,1,39,44,1,0,NO_TRACKED_COMPETITOR,,
t9n0p86n,3,16,22,4,3,TRACKED_COMPETITOR_AVAILABLE,0.9667633175849915,1
tdwhgf97,1,38,46,1,0,NO_TRACKED_COMPETITOR,,
tejoq1a5,1,8,18,3,2,TRACKED_COMPETITOR_AVAILABLE,0.9834970235824585,3
tejoq1a5,3,8,18,3,2,TRACKED_COMPETITOR_AVAILABLE,0.9834970235824585,1
tfbq8jah,1,270,281,1,0,NO_TRACKED_COMPETITOR,,
tgmq5v15,1,42,54,2,1,TRACKED_COMPETITOR_AVAILABLE,0.991386353969574,2
tgmq5v15,2,49,57,2,1,TRACKED_COMPETITOR_AVAILABLE,0.991386353969574,1
thsn8ihm,1,17,57,1,0,NO_TRACKED_COMPETITOR,,
tj640z37,1,39,66,1,0,NO_TRACKED_COMPETITOR,,
tjv9i9og,1,24,29,1,0,NO_TRACKED_COMPETITOR,,
tjxx09kp,1,19,99,1,0,NO_TRACKED_COMPETITOR,,
tjxx09kp,1,108,137,1,0,NO_TRACKED_COMPETITOR,,
tjylsyz7,1,1,59,1,0,NO_TRACKED_COMPETITOR,,
tjylsyz7,1,76,89,1,0,NO_TRACKED_COMPETITOR,,
tm9ykgbu,1,39,99,1,0,NO_TRACKED_COMPETITOR,,
tmgp2gqk,1,5,73,1,0,NO_TRACKED_COMPETITOR,,
tr5ra1xs,1,5,12,1,0,NO_TRACKED_COMPETITOR,,
tr5ra1xs,1,18,25,1,0,NO_TRACKED_COMPETITOR,,
tr5ra1xs,1,31,37,1,0,NO_TRACKED_COMPETITOR,,
tr5ra1xs,1,44,51,1,0,NO_TRACKED_COMPETITOR,,
tr5ra1xs,1,58,63,1,0,NO_TRACKED_COMPETITOR,,
tr5ra1xs,1,70,81,1,0,NO_TRACKED_COMPETITOR,,
tr5ra1xs,1,83,90,1,0,NO_TRACKED_COMPETITOR,,
treunf9o,1,33,62,1,0,NO_TRACKED_COMPETITOR,,
ts5hbheu,1,11,40,2,1,TRACKED_COMPETITOR_AVAILABLE,0.9960317015647888,2
ts5hbheu,2,14,37,2,1,TRACKED_COMPETITOR_AVAILABLE,0.9960317015647888,1
tsjy9cqv,1,16,22,2,1,TRACKED_COMPETITOR_AVAILABLE,0.9937995076179504,2
tsjy9cqv,2,8,20,2,1,TRACKED_COMPETITOR_AVAILABLE,0.9937995076179504,1
tt00cbm1,1,18,73,1,0,NO_TRACKED_COMPETITOR,,
tt00cbm1,1,87,96,1,0,NO_TRACKED_COMPETITOR,,
ttbio1rh,1,286,330,1,0,NO_TRACKED_COMPETITOR,,
ttbio1rh,1,361,371,1,0,NO_TRACKED_COMPETITOR,,
ttbio1rh,1,383,396,1,0,NO_TRACKED_COMPETITOR,,
ttbio1rh,1,462,474,1,0,NO_TRACKED_COMPETITOR,,
tug3h8uh,2,19,38,2,1,TRACKED_COMPETITOR_AVAILABLE,0.9744371771812439,1
tuzf8p0s,1,13,88,1,0,NO_TRACKED_COMPETITOR,,
tvs2oymj,1,50,64,1,0,NO_TRACKED_COMPETITOR,,
txg2v4q0,1,23,43,1,0,NO_TRACKED_COMPETITOR,,
u0wri6rw,1,11,44,2,1,TRACKED_COMPETITOR_AVAILABLE,0.9956945180892944,2
u108b2o2,1,22,36,1,0,NO_TRACKED_COMPETITOR,,
u108b2o2,1,50,57,1,0,NO_TRACKED_COMPETITOR,,
u108b2o2,1,60,66,1,0,NO_TRACKED_COMPETITOR,,
u1khbyb0,1,18,23,2,1,TRACKED_COMPETITOR_AVAILABLE,0.9888986945152283,2
u1khbyb0,2,18,23,2,1,TRACKED_COMPETITOR_AVAILABLE,0.9888986945152283,1
u28zgzds,1,49,73,1,0,NO_TRACKED_COMPETITOR,,
u5uziar2,1,113,259,1,0,NO_TRACKED_COMPETITOR,,
u6uaftci,1,1,21,23,22,TRACKED_COMPETITOR_AVAILABLE,0.9982348680496216,7
u6uaftci,2,1,21,23,22,TRACKED_COMPETITOR_AVAILABLE,0.9987203478813171,8
u6uaftci,3,1,21,23,22,TRACKED_COMPETITOR_AVAILABLE,0.9994431138038635,5
u6uaftci,4,1,21,23,22,TRACKED_COMPETITOR_AVAILABLE,0.9992045164108276,10
u6uaftci,5,1,21,23,22,TRACKED_COMPETITOR_AVAILABLE,0.9994431138038635,3
u6uaftci,6,1,21,23,22,TRACKED_COMPETITOR_AVAILABLE,0.9991580843925476,12
u6uaftci,7,1,21,23,22,TRACKED_COMPETITOR_AVAILABLE,0.998781681060791,15
u6uaftci,8,1,21,23,22,TRACKED_COMPETITOR_AVAILABLE,0.9989094138145447,19
u6uaftci,9,1,21,23,22,TRACKED_COMPETITOR_AVAILABLE,0.9994595050811768,11
u6uaftci,10,1,21,23,22,TRACKED_COMPETITOR_AVAILABLE,0.9992045164108276,4
u6uaftci,11,1,21,23,22,TRACKED_COMPETITOR_AVAILABLE,0.9994595050811768,9
u6uaftci,12,1,21,23,22,TRACKED_COMPETITOR_AVAILABLE,0.9991580843925476,6
u6uaftci,13,1,21,23,22,TRACKED_COMPETITOR_AVAILABLE,0.9992066621780396,21
u6uaftci,14,1,21,23,22,TRACKED_COMPETITOR_AVAILABLE,0.9975394010543823,22
u6uaftci,15,1,21,23,22,TRACKED_COMPETITOR_AVAILABLE,0.9993518590927124,11
u6uaftci,16,1,21,23,22,TRACKED_COMPETITOR_AVAILABLE,0.9990912079811096,10
u6uaftci,17,1,21,23,22,TRACKED_COMPETITOR_AVAILABLE,0.9987418055534363,13
u6uaftci,18,1,21,23,22,TRACKED_COMPETITOR_AVAILABLE,0.9991282820701599,15
u6uaftci,19,1,21,23,22,TRACKED_COMPETITOR_AVAILABLE,0.9993793964385986,21
u6uaftci,20,1,21,23,22,TRACKED_COMPETITOR_AVAILABLE,0.9986779093742371,18
u6uaftci,21,1,21,23,22,TRACKED_COMPETITOR_AVAILABLE,0.9993793964385986,19
u6uaftci,22,1,21,23,22,TRACKED_COMPETITOR_AVAILABLE,0.9982732534408569,20
u6uaftci,23,1,21,23,22,TRACKED_COMPETITOR_AVAILABLE,0.9985338449478149,17
u7l0lr2j,1,45,72,1,0,NO_TRACKED_COMPETITOR,,
u9beofq3,1,21,29,1,0,NO_TRACKED_COMPETITOR,,
ubklxxh0,1,24,54,1,0,NO_TRACKED_COMPETITOR,,
ubz8smud,1,9,73,1,0,NO_TRACKED_COMPETITOR,,
ueoiodwz,1,15,20,1,0,NO_TRACKED_COMPETITOR,,
ueoiodwz,1,31,57,1,0,NO_TRACKED_COMPETITOR,,
ueoiodwz,1,77,83,1,0,NO_TRACKED_COMPETITOR,,
uf4jxu0s,1,15,44,1,0,NO_TRACKED_COMPETITOR,,
uf4jxu0s,1,64,74,1,0,NO_TRACKED_COMPETITOR,,
uggvrwfr,1,5,10,1,0,NO_TRACKED_COMPETITOR,,
uggvrwfr,1,18,44,1,0,NO_TRACKED_COMPETITOR,,
uh4iqj3p,1,77,136,1,0,NO_TRACKED_COMPETITOR,,
ui6kit81,1,14,45,1,0,NO_TRACKED_COMPETITOR,,
uj70tkye,1,46,61,1,0,NO_TRACKED_COMPETITOR,,
umwmu0us,1,34,59,2,1,TRACKED_COMPETITOR_AVAILABLE,0.922940194606781,2
umwmu0us,2,10,21,2,1,TRACKED_COMPETITOR_AVAILABLE,0.922940194606781,1
umwmu0us,2,40,60,2,1,TRACKED_COMPETITOR_AVAILABLE,0.922940194606781,1
umwmu0us,2,69,86,2,1,TRACKED_COMPETITOR_AVAILABLE,0.922940194606781,1
umwmu0us,2,118,124,2,1,TRACKED_COMPETITOR_AVAILABLE,0.922940194606781,1
un50lhoq,1,25,159,1,0,NO_TRACKED_COMPETITOR,,
un50lhoq,1,167,173,1,0,NO_TRACKED_COMPETITOR,,
un50lhoq,1,179,270,1,0,NO_TRACKED_COMPETITOR,,
uog1hgu1,1,264,347,1,0,NO_TRACKED_COMPETITOR,,
uq4lkodj,1,50,55,1,0,NO_TRACKED_COMPETITOR,,
urgajt7e,1,4,22,3,2,TRACKED_COMPETITOR_AVAILABLE,0.9886364340782166,2
urgajt7e,2,1,29,3,2,TRACKED_COMPETITOR_AVAILABLE,0.9886364340782166,1
usyys5es,1,3,9,1,0,NO_TRACKED_COMPETITOR,,
utyj563j,7,11,43,9,8,TRACKED_COMPETITOR_AVAILABLE,0.9978075623512268,6
utyj563j,8,8,34,9,8,TRACKED_COMPETITOR_AVAILABLE,0.9930922389030457,9
uw2bjj2l,1,14,41,1,0,NO_TRACKED_COMPETITOR,,
uw2bjj2l,1,53,82,1,0,NO_TRACKED_COMPETITOR,,
uw2bjj2l,1,88,104,1,0,NO_TRACKED_COMPETITOR,,
uw60ldq6,1,14,24,1,0,NO_TRACKED_COMPETITOR,,
uw60ldq6,1,42,80,1,0,NO_TRACKED_COMPETITOR,,
uwfbhfk4,1,1,67,26,25,TRACKED_COMPETITOR_AVAILABLE,0.9988750219345093,11
uwfbhfk4,2,1,67,26,25,TRACKED_COMPETITOR_AVAILABLE,0.9988943934440613,6
uwfbhfk4,3,1,67,26,25,TRACKED_COMPETITOR_AVAILABLE,0.9995518326759338,4
uwfbhfk4,4,1,67,26,25,TRACKED_COMPETITOR_AVAILABLE,0.9995518326759338,3
uwfbhfk4,5,1,67,26,25,TRACKED_COMPETITOR_AVAILABLE,0.9993372559547424,23
uwfbhfk4,6,1,67,26,25,TRACKED_COMPETITOR_AVAILABLE,0.9991715550422668,4
uwfbhfk4,7,1,67,26,25,TRACKED_COMPETITOR_AVAILABLE,0.999230146408081,16
uwfbhfk4,8,1,67,26,25,TRACKED_COMPETITOR_AVAILABLE,0.9989632368087769,15
uwfbhfk4,9,1,67,26,25,TRACKED_COMPETITOR_AVAILABLE,0.9994581341743469,19
uwfbhfk4,10,1,67,26,25,TRACKED_COMPETITOR_AVAILABLE,0.9983693361282349,8
uwfbhfk4,11,1,68,26,25,TRACKED_COMPETITOR_AVAILABLE,0.9994231462478638,21
uwfbhfk4,12,1,68,26,25,TRACKED_COMPETITOR_AVAILABLE,0.998806893825531,11
uwfbhfk4,13,1,68,26,25,TRACKED_COMPETITOR_AVAILABLE,0.9992656707763672,17
uwfbhfk4,14,1,68,26,25,TRACKED_COMPETITOR_AVAILABLE,0.9995615482330322,16
uwfbhfk4,15,1,68,26,25,TRACKED_COMPETITOR_AVAILABLE,0.9995495676994324,16
uwfbhfk4,16,1,68,26,25,TRACKED_COMPETITOR_AVAILABLE,0.9995615482330322,14
uwfbhfk4,17,1,68,26,25,TRACKED_COMPETITOR_AVAILABLE,0.9992656707763672,13
uwfbhfk4,18,1,68,26,25,TRACKED_COMPETITOR_AVAILABLE,0.9993455410003662,16
uwfbhfk4,19,1,68,26,25,TRACKED_COMPETITOR_AVAILABLE,0.9994581341743469,9
uwfbhfk4,20,1,68,26,25,TRACKED_COMPETITOR_AVAILABLE,0.9986319541931152,22
uwfbhfk4,21,1,68,26,25,TRACKED_COMPETITOR_AVAILABLE,0.9994231462478638,11
uwfbhfk4,22,1,68,26,25,TRACKED_COMPETITOR_AVAILABLE,0.9991015791893005,4
uwfbhfk4,23,1,68,26,25,TRACKED_COMPETITOR_AVAILABLE,0.9994639158248901,25
uwfbhfk4,24,1,68,26,25,TRACKED_COMPETITOR_AVAILABLE,0.9990999102592468,26
uwfbhfk4,25,1,68,26,25,TRACKED_COMPETITOR_AVAILABLE,0.9994639158248901,23
uwfbhfk4,26,1,68,26,25,TRACKED_COMPETITOR_AVAILABLE,0.9993281960487366,15
v0kjwbn7,1,14,33,1,0,NO_TRACKED_COMPETITOR,,
v4ibiqyv,1,25,56,1,0,NO_TRACKED_COMPETITOR,,
v4ibiqyv,1,77,85,1,0,NO_TRACKED_COMPETITOR,,
v4onm43q,1,3,14,1,0,NO_TRACKED_COMPETITOR,,
v4onm43q,1,29,45,1,0,NO_TRACKED_COMPETITOR,,
v54gu7uj,1,6,15,1,0,NO_TRACKED_COMPETITOR,,
v5l58s16,1,2,10,1,0,NO_TRACKED_COMPETITOR,,
v5l58s16,1,41,46,1,0,NO_TRACKED_COMPETITOR,,
v60if4yq,1,6,97,1,0,NO_TRACKED_COMPETITOR,,
v8gcabcj,1,9,43,1,0,NO_TRACKED_COMPETITOR,,
v8gcabcj,1,54,83,1,0,NO_TRACKED_COMPETITOR,,
v8gcabcj,1,93,137,1,0,NO_TRACKED_COMPETITOR,,
v8gcabcj,1,201,216,1,0,NO_TRACKED_COMPETITOR,,
v9dk3ycf,1,13,41,1,0,NO_TRACKED_COMPETITOR,,
vcsib2pf,1,22,59,1,0,NO_TRACKED_COMPETITOR,,
vd2kzgc9,1,30,47,1,0,NO_TRACKED_COMPETITOR,,
vd2kzgc9,1,53,79,1,0,NO_TRACKED_COMPETITOR,,
vd8urin3,1,42,68,1,0,NO_TRACKED_COMPETITOR,,
vfm3lqut,1,1,7,1,0,NO_TRACKED_COMPETITOR,,
vfm3lqut,1,8,20,1,0,NO_TRACKED_COMPETITOR,,
vfm3lqut,1,37,42,1,0,NO_TRACKED_COMPETITOR,,
vgu21nrp,1,38,91,1,0,NO_TRACKED_COMPETITOR,,
vide3a0t,1,6,57,1,0,NO_TRACKED_COMPETITOR,,
viqv63nb,1,57,72,1,0,NO_TRACKED_COMPETITOR,,
vj2a4tw7,1,27,77,1,0,NO_TRACKED_COMPETITOR,,
vj2a4tw7,1,81,192,1,0,NO_TRACKED_COMPETITOR,,
vj2a4tw7,1,201,263,1,0,NO_TRACKED_COMPETITOR,,
vj2a4tw7,1,271,287,1,0,NO_TRACKED_COMPETITOR,,
vj2a4tw7,1,296,382,1,0,NO_TRACKED_COMPETITOR,,
vj2a4tw7,1,388,416,1,0,NO_TRACKED_COMPETITOR,,
vj2a4tw7,1,441,460,1,0,NO_TRACKED_COMPETITOR,,
vj2a4tw7,1,466,510,1,0,NO_TRACKED_COMPETITOR,,
vjxc3ysh,1,14,25,1,0,NO_TRACKED_COMPETITOR,,
vjxc3ysh,1,26,35,1,0,NO_TRACKED_COMPETITOR,,
vjxc3ysh,1,54,66,1,0,NO_TRACKED_COMPETITOR,,
vjyvp05h,1,13,27,1,0,NO_TRACKED_COMPETITOR,,
vjyvp05h,1,44,49,1,0,NO_TRACKED_COMPETITOR,,
vkl7ibk1,1,14,31,1,0,NO_TRACKED_COMPETITOR,,
vkl7ibk1,1,60,72,1,0,NO_TRACKED_COMPETITOR,,
vonb12dh,1,14,33,1,0,NO_TRACKED_COMPETITOR,,
voxac5zw,1,23,28,3,2,TRACKED_COMPETITOR_AVAILABLE,0.995938241481781,3
voxac5zw,2,11,16,3,2,TRACKED_COMPETITOR_AVAILABLE,0.9955239295959473,1
voxac5zw,2,23,28,3,2,TRACKED_COMPETITOR_AVAILABLE,0.9955239295959473,1
voxac5zw,3,10,15,3,2,TRACKED_COMPETITOR_AVAILABLE,0.995938241481781,1
voxac5zw,3,22,27,3,2,TRACKED_COMPETITOR_AVAILABLE,0.995938241481781,1
vq22ppil,1,12,43,1,0,NO_TRACKED_COMPETITOR,,
vq22ppil,1,66,71,1,0,NO_TRACKED_COMPETITOR,,
vq22ppil,1,73,80,1,0,NO_TRACKED_COMPETITOR,,
vq22ppil,1,93,104,1,0,NO_TRACKED_COMPETITOR,,
vr10gy9y,1,62,67,1,0,NO_TRACKED_COMPETITOR,,
vrhavhrj,1,18,23,6,5,TRACKED_COMPETITOR_AVAILABLE,0.981820285320282,5
vrhavhrj,2,18,23,6,5,TRACKED_COMPETITOR_AVAILABLE,0.9920064210891724,4
vrhavhrj,3,18,23,6,5,TRACKED_COMPETITOR_AVAILABLE,0.9977035522460938,6
vrhavhrj,4,18,23,6,5,TRACKED_COMPETITOR_AVAILABLE,0.9959484338760376,6
vrhavhrj,5,18,23,6,5,TRACKED_COMPETITOR_AVAILABLE,0.9932753443717957,4
vrhavhrj,6,18,23,6,5,TRACKED_COMPETITOR_AVAILABLE,0.9977035522460938,3
vs4399qb,1,11,106,1,0,NO_TRACKED_COMPETITOR,,
vs4399qb,1,120,203,1,0,NO_TRACKED_COMPETITOR,,
vs4399qb,1,219,281,1,0,NO_TRACKED_COMPETITOR,,
vs4399qb,1,285,327,1,0,NO_TRACKED_COMPETITOR,,
vs4399qb,1,342,362,1,0,NO_TRACKED_COMPETITOR,,
vs4399qb,1,368,384,1,0,NO_TRACKED_COMPETITOR,,
vs4399qb,1,390,432,1,0,NO_TRACKED_COMPETITOR,,
vs4399qb,1,437,480,1,0,NO_TRACKED_COMPETITOR,,
vs4399qb,1,487,497,1,0,NO_TRACKED_COMPETITOR,,
vt0mc6ug,1,7,45,1,0,NO_TRACKED_COMPETITOR,,
vt0mc6ug,1,60,68,1,0,NO_TRACKED_COMPETITOR,,
vtkm161v,1,56,70,1,0,NO_TRACKED_COMPETITOR,,
vtkm161v,1,72,99,1,0,NO_TRACKED_COMPETITOR,,
vu9u4d13,1,88,153,1,0,NO_TRACKED_COMPETITOR,,
vu9u4d13,1,213,248,1,0,NO_TRACKED_COMPETITOR,,
vu9u4d13,1,313,351,1,0,NO_TRACKED_COMPETITOR,,
vumw8ysm,1,18,36,3,2,TRACKED_COMPETITOR_AVAILABLE,0.9935771226882935,2
vzzdtj0w,1,42,52,1,0,NO_TRACKED_COMPETITOR,,
w0cgzody,1,4,62,1,0,NO_TRACKED_COMPETITOR,,
w1m2shex,1,73,114,1,0,NO_TRACKED_COMPETITOR,,
w2bt6b8j,2,6,61,10,9,TRACKED_COMPETITOR_AVAILABLE,0.9979888200759888,7
w2bt6b8j,3,1,61,10,9,TRACKED_COMPETITOR_AVAILABLE,0.9969442486763,6
w2bt6b8j,4,1,61,10,9,TRACKED_COMPETITOR_AVAILABLE,0.9982766509056091,5
w2bt6b8j,5,1,61,10,9,TRACKED_COMPETITOR_AVAILABLE,0.9982766509056091,4
w2bt6b8j,6,1,61,10,9,TRACKED_COMPETITOR_AVAILABLE,0.9969442486763,3
w2bt6b8j,7,1,61,10,9,TRACKED_COMPETITOR_AVAILABLE,0.9979888200759888,2
w2bt6b8j,8,1,61,10,9,TRACKED_COMPETITOR_AVAILABLE,0.9970163702964783,9
w2bt6b8j,9,1,61,10,9,TRACKED_COMPETITOR_AVAILABLE,0.9970163702964783,8
w2bt6b8j,10,1,61,10,9,TRACKED_COMPETITOR_AVAILABLE,0.9929908514022827,3
w40h9055,1,13,19,3,2,TRACKED_COMPETITOR_AVAILABLE,0.9770563244819641,3
w40h9055,2,4,9,3,2,TRACKED_COMPETITOR_AVAILABLE,0.9787651300430298,3
w40h9055,2,29,39,3,2,TRACKED_COMPETITOR_AVAILABLE,0.9787651300430298,3
w40h9055,3,30,39,3,2,TRACKED_COMPETITOR_AVAILABLE,0.9787651300430298,2
w66t98gb,1,6,27,1,0,NO_TRACKED_COMPETITOR,,
w66t98gb,1,33,44,1,0,NO_TRACKED_COMPETITOR,,
w66t98gb,1,59,74,1,0,NO_TRACKED_COMPETITOR,,
w6eqbxev,1,2,75,1,0,NO_TRACKED_COMPETITOR,,
wevucsii,1,3,85,1,0,NO_TRACKED_COMPETITOR,,
wi9qp1pu,1,54,59,4,3,TRACKED_COMPETITOR_AVAILABLE,0.9954038262367249,2
wi9qp1pu,2,54,59,4,3,TRACKED_COMPETITOR_AVAILABLE,0.9954038262367249,1
wi9qp1pu,3,51,97,4,3,TRACKED_COMPETITOR_AVAILABLE,0.9948235750198364,2
wi9qp1pu,4,53,79,4,3,TRACKED_COMPETITOR_AVAILABLE,0.9786812663078308,3
wj328sj2,1,1,76,1,0,NO_TRACKED_COMPETITOR,,
wj6nceqs,1,5,11,1,0,NO_TRACKED_COMPETITOR,,
wj6nceqs,1,27,33,1,0,NO_TRACKED_COMPETITOR,,
wj6nceqs,1,37,48,1,0,NO_TRACKED_COMPETITOR,,
wj6nceqs,1,64,69,1,0,NO_TRACKED_COMPETITOR,,
wj8xzrrw,1,77,83,1,0,NO_TRACKED_COMPETITOR,,
wkfwwi0l,1,27,34,1,0,NO_TRACKED_COMPETITOR,,
wkfwwi0l,1,51,61,1,0,NO_TRACKED_COMPETITOR,,
wkfwwi0l,1,65,70,1,0,NO_TRACKED_COMPETITOR,,
wpmwjv84,1,183,202,1,0,NO_TRACKED_COMPETITOR,,
wz9rb406,1,60,71,1,0,NO_TRACKED_COMPETITOR,,
x1lf3klj,1,19,25,2,1,TRACKED_COMPETITOR_AVAILABLE,0.9935631155967712,2
x25pz5ty,3,16,29,5,4,TRACKED_COMPETITOR_AVAILABLE,0.994290292263031,2
x25pz5ty,3,37,45,5,4,TRACKED_COMPETITOR_AVAILABLE,0.994290292263031,2
x6e2i6kz,1,34,41,1,0,NO_TRACKED_COMPETITOR,,
x6e2i6kz,1,71,76,1,0,NO_TRACKED_COMPETITOR,,
x7w2uzae,1,14,42,1,0,NO_TRACKED_COMPETITOR,,
xakey307,1,8,23,3,2,TRACKED_COMPETITOR_AVAILABLE,0.9945403337478638,3
xakey307,1,44,50,3,2,TRACKED_COMPETITOR_AVAILABLE,0.9945403337478638,3
xakey307,2,7,25,3,2,TRACKED_COMPETITOR_AVAILABLE,0.9975772500038147,3
xakey307,3,7,25,3,2,TRACKED_COMPETITOR_AVAILABLE,0.9975772500038147,2
xbqkagc5,1,3,9,1,0,NO_TRACKED_COMPETITOR,,
xeb44q52,1,16,37,1,0,NO_TRACKED_COMPETITOR,,
xeb44q52,1,52,68,1,0,NO_TRACKED_COMPETITOR,,
xehtt1x4,1,51,73,1,0,NO_TRACKED_COMPETITOR,,
xeu6x3un,1,37,48,1,0,NO_TRACKED_COMPETITOR,,
xgusr4xv,1,2,10,1,0,NO_TRACKED_COMPETITOR,,
xgusr4xv,1,36,43,1,0,NO_TRACKED_COMPETITOR,,
xgusr4xv,1,53,72,1,0,NO_TRACKED_COMPETITOR,,
xha3d8ki,1,61,237,1,0,NO_TRACKED_COMPETITOR,,
xis518c2,1,13,18,1,0,NO_TRACKED_COMPETITOR,,
xkv74uxe,1,1,65,20,19,TRACKED_COMPETITOR_AVAILABLE,0.9990520477294922,4
xkv74uxe,2,1,65,20,19,TRACKED_COMPETITOR_AVAILABLE,0.9975240230560303,6
xkv74uxe,3,1,65,20,19,TRACKED_COMPETITOR_AVAILABLE,0.9986282587051392,1
xkv74uxe,4,1,65,20,19,TRACKED_COMPETITOR_AVAILABLE,0.9990520477294922,1
xkv74uxe,5,1,65,20,19,TRACKED_COMPETITOR_AVAILABLE,0.9987896680831909,6
xkv74uxe,6,1,65,20,19,TRACKED_COMPETITOR_AVAILABLE,0.9987896680831909,5
xkv74uxe,7,1,65,20,19,TRACKED_COMPETITOR_AVAILABLE,0.9980212450027466,10
xkv74uxe,8,1,65,20,19,TRACKED_COMPETITOR_AVAILABLE,0.9983651041984558,3
xkv74uxe,9,1,65,20,19,TRACKED_COMPETITOR_AVAILABLE,0.9993442893028259,14
xkv74uxe,10,1,65,20,19,TRACKED_COMPETITOR_AVAILABLE,0.9980212450027466,7
xkv74uxe,11,1,65,20,19,TRACKED_COMPETITOR_AVAILABLE,0.9974960684776306,12
xkv74uxe,12,1,65,20,19,TRACKED_COMPETITOR_AVAILABLE,0.9993149042129517,20
xkv74uxe,13,1,65,20,19,TRACKED_COMPETITOR_AVAILABLE,0.999744176864624,16
xkv74uxe,14,1,65,20,19,TRACKED_COMPETITOR_AVAILABLE,0.9996517896652222,17
xkv74uxe,15,1,65,20,19,TRACKED_COMPETITOR_AVAILABLE,0.9985317587852478,9
xkv74uxe,16,1,65,20,19,TRACKED_COMPETITOR_AVAILABLE,0.999744176864624,13
xkv74uxe,17,1,65,20,19,TRACKED_COMPETITOR_AVAILABLE,0.9996517896652222,14
xkv74uxe,18,1,65,20,19,TRACKED_COMPETITOR_AVAILABLE,0.9980329871177673,15
xkv74uxe,19,1,65,20,19,TRACKED_COMPETITOR_AVAILABLE,0.9977949857711792,10
xkv74uxe,20,1,65,20,19,TRACKED_COMPETITOR_AVAILABLE,0.9993149042129517,12
xlldj8ud,1,41,86,1,0,NO_TRACKED_COMPETITOR,,
xmjr1qxh,6,1,64,6,5,TRACKED_COMPETITOR_AVAILABLE,0.9392970204353333,5
xow0q2ig,1,16,36,1,0,NO_TRACKED_COMPETITOR,,
xow0q2ig,1,43,56,1,0,NO_TRACKED_COMPETITOR,,
xow0q2ig,1,63,85,1,0,NO_TRACKED_COMPETITOR,,
xrmsmmku,1,77,121,1,0,NO_TRACKED_COMPETITOR,,
xrmsmmku,1,512,537,1,0,NO_TRACKED_COMPETITOR,,
xrmsmmku,1,703,720,1,0,NO_TRACKED_COMPETITOR,,
xrqe459g,1,3,50,1,0,NO_TRACKED_COMPETITOR,,
xrqe459g,1,59,117,1,0,NO_TRACKED_COMPETITOR,,
xu04kjdw,1,25,64,1,0,NO_TRACKED_COMPETITOR,,
xu04kjdw,1,85,105,1,0,NO_TRACKED_COMPETITOR,,
xvem8lqs,1,28,51,1,0,NO_TRACKED_COMPETITOR,,
xvem8lqs,1,235,267,1,0,NO_TRACKED_COMPETITOR,,
xvey2smw,1,7,35,1,0,NO_TRACKED_COMPETITOR,,
xvey2smw,1,41,54,1,0,NO_TRACKED_COMPETITOR,,
xvey2smw,1,61,79,1,0,NO_TRACKED_COMPETITOR,,
xxz9n5ks,1,2,14,2,1,TRACKED_COMPETITOR_AVAILABLE,0.9894484877586365,2
xy1h5gex,1,114,192,1,0,NO_TRACKED_COMPETITOR,,
xy1h5gex,1,289,370,1,0,NO_TRACKED_COMPETITOR,,
xyii4pa5,1,12,26,1,0,NO_TRACKED_COMPETITOR,,
xyii4pa5,1,33,38,1,0,NO_TRACKED_COMPETITOR,,
xyii4pa5,1,54,61,1,0,NO_TRACKED_COMPETITOR,,
xzl5r5wi,1,40,61,1,0,NO_TRACKED_COMPETITOR,,
y2ibs5yx,1,55,82,1,0,NO_TRACKED_COMPETITOR,,
y2ibs5yx,1,93,99,1,0,NO_TRACKED_COMPETITOR,,
y2pfmpls,1,9,15,1,0,NO_TRACKED_COMPETITOR,,
y2pfmpls,1,31,60,1,0,NO_TRACKED_COMPETITOR,,
y4qcghic,1,14,24,3,2,TRACKED_COMPETITOR_AVAILABLE,0.9935686588287354,2
y4qcghic,1,34,45,3,2,TRACKED_COMPETITOR_AVAILABLE,0.9935686588287354,2
y4qcghic,2,13,22,3,2,TRACKED_COMPETITOR_AVAILABLE,0.9935686588287354,1
y4qcghic,2,34,45,3,2,TRACKED_COMPETITOR_AVAILABLE,0.9935686588287354,1
y4qcghic,3,22,32,3,2,TRACKED_COMPETITOR_AVAILABLE,0.9897871017456055,2
y4qcghic,3,40,47,3,2,TRACKED_COMPETITOR_AVAILABLE,0.9897871017456055,2
y92zmumi,1,27,32,1,0,NO_TRACKED_COMPETITOR,,
ybs4g3rw,1,45,51,1,0,NO_TRACKED_COMPETITOR,,
ygllbood,1,2,28,1,0,NO_TRACKED_COMPETITOR,,
ygllbood,1,42,47,1,0,NO_TRACKED_COMPETITOR,,
ygllbood,1,49,81,1,0,NO_TRACKED_COMPETITOR,,
yke51a4w,1,39,54,1,0,NO_TRACKED_COMPETITOR,,
yridittx,1,8,13,1,0,NO_TRACKED_COMPETITOR,,
yridittx,1,23,45,1,0,NO_TRACKED_COMPETITOR,,
yridittx,1,68,82,1,0,NO_TRACKED_COMPETITOR,,
ytauo2u5,1,11,104,1,0,NO_TRACKED_COMPETITOR,,
ytgkeoqd,1,18,36,3,2,TRACKED_COMPETITOR_AVAILABLE,0.9949939250946045,3
ytgkeoqd,2,54,60,3,2,TRACKED_COMPETITOR_AVAILABLE,0.9978020787239075,3
ytgkeoqd,3,54,59,3,2,TRACKED_COMPETITOR_AVAILABLE,0.9978020787239075,2
yvsck63k,1,44,52,1,0,NO_TRACKED_COMPETITOR,,
yvsck63k,1,106,118,1,0,NO_TRACKED_COMPETITOR,,
yyxu0snt,1,43,73,1,0,NO_TRACKED_COMPETITOR,,
yz331p77,1,13,20,2,1,TRACKED_COMPETITOR_AVAILABLE,0.9970815777778625,2
yz331p77,2,11,20,2,1,TRACKED_COMPETITOR_AVAILABLE,0.9970815777778625,1
z15t9fyy,1,13,138,1,0,NO_TRACKED_COMPETITOR,,
z15t9fyy,1,158,166,1,0,NO_TRACKED_COMPETITOR,,
z15t9fyy,1,201,218,1,0,NO_TRACKED_COMPETITOR,,
z2nrevao,1,8,15,1,0,NO_TRACKED_COMPETITOR,,
z2nrevao,1,16,31,1,0,NO_TRACKED_COMPETITOR,,
z2nrevao,1,45,60,1,0,NO_TRACKED_COMPETITOR,,
z2nrevao,1,64,77,1,0,NO_TRACKED_COMPETITOR,,
z5lwwo14,1,49,58,1,0,NO_TRACKED_COMPETITOR,,
z7t26zyy,1,13,148,1,0,NO_TRACKED_COMPETITOR,,
z7t26zyy,1,324,331,1,0,NO_TRACKED_COMPETITOR,,
zac9mxns,1,3,45,1,0,NO_TRACKED_COMPETITOR,,
zac9mxns,1,70,78,1,0,NO_TRACKED_COMPETITOR,,
zf7d7fqv,1,13,43,1,0,NO_TRACKED_COMPETITOR,,
zg417st5,1,14,54,5,4,TRACKED_COMPETITOR_AVAILABLE,0.9914996027946472,5
zg417st5,2,13,58,5,4,TRACKED_COMPETITOR_AVAILABLE,0.9905001521110535,1
zg417st5,3,10,59,5,4,TRACKED_COMPETITOR_AVAILABLE,0.9980405569076538,4
zg417st5,4,7,55,5,4,TRACKED_COMPETITOR_AVAILABLE,0.9980405569076538,3
zg417st5,5,8,55,5,4,TRACKED_COMPETITOR_AVAILABLE,0.9937732219696045,3
zib0ib5u,1,18,26,1,0,NO_TRACKED_COMPETITOR,,
zid4bbd9,1,7,47,1,0,NO_TRACKED_COMPETITOR,,
ziw0n3qv,1,23,70,1,0,NO_TRACKED_COMPETITOR,,
zj3p2iaa,1,24,38,1,0,NO_TRACKED_COMPETITOR,,
zmdg3jib,1,34,40,1,0,NO_TRACKED_COMPETITOR,,
zmnolf50,2,43,49,2,1,TRACKED_COMPETITOR_AVAILABLE,0.9865492582321167,1
znfbrgba,1,37,89,1,0,NO_TRACKED_COMPETITOR,,
znlh28sl,1,5,39,1,0,NO_TRACKED_COMPETITOR,,
znlh28sl,1,47,57,1,0,NO_TRACKED_COMPETITOR,,
znlh28sl,1,74,85,1,0,NO_TRACKED_COMPETITOR,,
zpfdlnkr,1,7,14,1,0,NO_TRACKED_COMPETITOR,,
zpjsz5f5,1,25,42,1,0,NO_TRACKED_COMPETITOR,,
zpjsz5f5,1,63,81,1,0,NO_TRACKED_COMPETITOR,,
zptfuv8s,1,1,17,3,2,TRACKED_COMPETITOR_AVAILABLE,0.9813661575317383,3
zuodpg0w,1,35,42,1,0,NO_TRACKED_COMPETITOR,,
zuodpg0w,1,68,75,1,0,NO_TRACKED_COMPETITOR,,
zvjnb8cp,1,388,508,1,0,NO_TRACKED_COMPETITOR,,
zvsjrczm,1,11,82,1,0,NO_TRACKED_COMPETITOR,,
zw325fa4,1,2,20,3,2,TRACKED_COMPETITOR_AVAILABLE,0.9886245131492615,2
zw325fa4,1,46,54,3,2,TRACKED_COMPETITOR_AVAILABLE,0.9886245131492615,2
zw325fa4,2,44,49,3,2,TRACKED_COMPETITOR_AVAILABLE,0.9948505163192749,3
zw325fa4,2,66,75,3,2,TRACKED_COMPETITOR_AVAILABLE,0.9948505163192749,3
zxh1jkdr,1,14,19,1,0,NO_TRACKED_COMPETITOR,,
zxh1jkdr,1,57,66,1,0,NO_TRACKED_COMPETITOR,,
zxh1jkdr,1,90,96,1,0,NO_TRACKED_COMPETITOR,,
zxh1jkdr,1,103,108,1,0,NO_TRACKED_COMPETITOR,,
zxh1jkdr,1,111,123,1,0,NO_TRACKED_COMPETITOR,,
zxjkp4zx,1,47,55,1,0,NO_TRACKED_COMPETITOR,,
