split,video,frame_idx,obj_idx,object_id,n_objects,frame_height,frame_width,baseline_memory_encoded,mask_conf_iou_head,occ_score_logit,occ_score_prob,pointer_valid,pred_area_px,area_norm,frame0_anchor_area_px,area_ratio_anchor,temporal_iou_prev,centroid_x_px,centroid_y_px,prev_centroid_x_px,prev_centroid_y_px,target_visible,target_gt_area_px,target_iou,max_other_iou,max_other_object_id,ptr_sim_anchor_fp32
TRAIN,5hcafebs,1,0,1,10,1080,1920,1,0.8828125,8.5625,0.9998089671134949,1,773,0.00037278163580246914,806,0.9590570719602978,0.8708530805687204,470.5498059508409,325.71280724450196,470.79156327543427,323.45533498759306,1,780,0.905521472392638,0.0,2,0.3811403512954712
TRAIN,5hcafebs,1,1,2,10,1080,1920,1,0.8515625,9.375,0.9999151229858398,1,789,0.00038049768518518516,964,0.8184647302904564,0.6775119617224881,502.3105196451204,426.6324461343473,502.81742738589213,430.7095435684647,1,898,0.704040404040404,0.0,1,0.2591140568256378
TRAIN,5hcafebs,1,2,3,10,1080,1920,1,0.7109375,5.65625,0.9965165853500366,1,285,0.00013744212962962964,417,0.6834532374100719,0.625,798.1824561403508,424.36140350877196,798.9064748201439,424.40287769784175,1,474,0.5845511482254697,0.0,1,-0.27163881063461304
TRAIN,5hcafebs,1,3,4,10,1080,1920,1,0.75390625,6.1875,0.9979493021965027,1,456,0.0002199074074074074,488,0.9344262295081968,0.5972927241962775,901.3969298245614,385.8925438596491,903.0737704918033,383.45696721311475,1,486,0.6643109540636042,0.0,1,-0.26511168479919434
TRAIN,5hcafebs,1,4,5,10,1080,1920,1,0.8828125,7.875,0.9996199607849121,1,1557,0.0007508680555555555,1811,0.8597459966869133,0.7953091684434968,290.402697495183,700.4193962748876,291.60132523467695,698.6145775814467,1,1603,0.8798334324806663,0.0,1,0.27168023586273193
TRAIN,5hcafebs,1,5,6,10,1080,1920,1,0.88671875,7.34375,0.99935382604599,1,1053,0.0005078125,939,1.121405750798722,0.8043478260869565,629.8641975308642,625.8205128205128,629.626198083067,623.3045793397231,1,948,0.8579387186629527,0.0,1,0.33857303857803345
TRAIN,5hcafebs,1,6,7,10,1080,1920,1,0.8203125,8.8125,0.9998511075973511,1,787,0.0003795331790123457,802,0.9812967581047382,0.75,761.2261753494282,674.7217280813214,760.4426433915212,675.2493765586034,1,818,0.7388949079089924,0.0,1,0.26985546946525574
TRAIN,5hcafebs,1,7,8,10,1080,1920,1,0.86328125,8.625,0.9998205304145813,1,2075,0.0010006751543209878,2066,1.0043562439496612,0.7941941074523396,890.6361445783133,673.9609638554217,889.2909002904163,675.0571151984511,1,2021,0.8425551057130004,0.0,1,0.33057132363319397
TRAIN,5hcafebs,1,8,9,10,1080,1920,1,0.8046875,8.4375,0.999783456325531,1,1023,0.0004933449074074074,1034,0.9893617021276596,0.8514851485148515,654.316715542522,782.0048875855327,653.0029013539652,781.1605415860735,1,990,0.8690807799442897,0.0,1,0.2894241213798523
TRAIN,5hcafebs,1,9,10,10,1080,1920,1,0.8828125,7.5625,0.999480664730072,1,2481,0.0011964699074074074,2459,1.0089467263115088,0.8405365126676602,555.9218057234986,794.8863361547762,554.2484749898333,794.0605937372916,1,2510,0.8756106726794438,0.0,1,0.25817355513572693
TRAIN,5hcafebs,2,0,1,10,1080,1920,1,0.87890625,8.0625,0.9996849298477173,1,707,0.0003409529320987654,806,0.8771712158808933,0.6933638443935927,472.23762376237624,331.1188118811881,470.5498059508409,325.71280724450196,1,789,0.8841309823677582,0.0,2,0.38912421464920044
TRAIN,5hcafebs,2,1,2,10,1080,1920,1,0.8515625,9.0,0.9998766183853149,1,809,0.00039014274691358025,964,0.8392116182572614,0.7599118942731278,503.6131025957973,430.49196538936957,502.3105196451204,426.6324461343473,1,921,0.6650625601539942,0.0,1,0.2699553072452545
TRAIN,5hcafebs,2,2,3,10,1080,1920,1,0.69921875,4.375,0.9875683188438416,1,381,0.00018373842592592593,417,0.9136690647482014,0.6903553299492385,798.8215223097113,427.4435695538058,798.1824561403508,424.36140350877196,1,475,0.5620437956204379,0.0,1,-0.26582902669906616
TRAIN,5hcafebs,2,3,4,10,1080,1920,1,0.703125,5.8125,0.9970190525054932,1,437,0.0002107445987654321,488,0.8954918032786885,0.6506469500924215,902.6681922196797,390.9427917620137,901.3969298245614,385.8925438596491,1,481,0.6510791366906474,0.0,1,-0.3289630115032196
TRAIN,5hcafebs,2,4,5,10,1080,1920,1,0.875,7.46875,0.9994296431541443,1,1636,0.000788966049382716,1811,0.9033683048039757,0.803954802259887,291.6234718826406,704.2701711491443,290.402697495183,700.4193962748876,1,1512,0.867141162514828,0.0,1,0.2686220109462738
TRAIN,5hcafebs,2,5,6,10,1080,1920,1,0.87890625,7.46875,0.9994296431541443,1,968,0.00046682098765432096,939,1.0308839190628327,0.7948490230905861,631.0630165289256,629.0010330578513,629.8641975308642,625.8205128205128,1,971,0.8880233690360273,0.0,1,0.377128541469574
TRAIN,5hcafebs,2,6,7,10,1080,1920,1,0.76953125,8.0625,0.9996849298477173,1,701,0.0003380594135802469,802,0.8740648379052369,0.7222222222222222,761.6062767475036,678.8659058487874,761.2261753494282,674.7217280813214,1,779,0.7269544924154026,0.0,1,0.24650324881076813
TRAIN,5hcafebs,2,7,8,10,1080,1920,1,0.84375,8.5,0.9997965693473816,1,2151,0.0010373263888888888,2066,1.0411423039690222,0.6776498610559746,894.0864714086472,679.4760576476058,890.6361445783133,673.9609638554217,1,2110,0.7813545150501672,0.0,1,0.3039000630378723
TRAIN,5hcafebs,2,8,9,10,1080,1920,1,0.8125,7.40625,0.9993928670883179,1,969,0.00046730324074074073,1034,0.937137330754352,0.6824324324324325,656.6233230134159,787.1465428276574,654.316715542522,782.0048875855327,1,996,0.8607954545454546,0.0,1,0.3270334303379059
TRAIN,5hcafebs,2,9,10,10,1080,1920,1,0.8671875,7.96875,0.9996540546417236,1,2418,0.001166087962962963,2459,0.9833265555103701,0.6618046132971506,561.3019023986766,799.4185277088503,555.9218057234986,794.8863361547762,1,2552,0.8407407407407408,0.0,1,0.34576189517974854
TRAIN,5hcafebs,3,0,1,10,1080,1920,1,0.87109375,8.25,0.9997387528419495,1,755,0.0003641010802469136,806,0.9367245657568238,0.6280623608017817,475.08079470198675,335.45562913907287,472.23762376237624,331.1188118811881,1,759,0.8807453416149068,0.0,2,0.3737058937549591
TRAIN,5hcafebs,3,1,2,10,1080,1920,1,0.8359375,8.9375,0.999868631362915,1,837,0.00040364583333333333,964,0.8682572614107884,0.6137254901960785,506.5077658303465,437.90442054958186,503.6131025957973,430.49196538936957,1,864,0.6858275520317145,0.0,1,0.2546983063220978
TRAIN,5hcafebs,3,2,3,10,1080,1920,1,0.6484375,5.9375,0.997368335723877,1,349,0.00016830632716049383,417,0.8369304556354916,0.38783269961977185,802.4899713467049,430.13180515759313,798.8215223097113,427.4435695538058,1,498,0.6226053639846744,0.0,1,-0.2238822877407074
TRAIN,5hcafebs,3,3,4,10,1080,1920,1,0.74609375,6.1875,0.9979493021965027,1,414,0.0001996527777777778,488,0.8483606557377049,0.3950819672131147,906.572463768116,395.9710144927536,902.6681922196797,390.9427917620137,1,493,0.7276190476190476,0.0,1,-0.2312774658203125
TRAIN,5hcafebs,3,4,5,10,1080,1920,1,0.8671875,7.4375,0.9994115829467773,1,1648,0.0007947530864197531,1811,0.9099944781888459,0.7580299785867237,293.4921116504854,708.3470873786408,291.6234718826406,704.2701711491443,1,1513,0.8616018845700825,0.0,1,0.270522803068161
TRAIN,5hcafebs,3,5,6,10,1080,1920,1,0.85546875,7.25,0.9992903470993042,1,1030,0.0004967206790123457,939,1.0969116080937167,0.6444444444444445,633.7796116504854,634.0776699029126,631.0630165289256,629.0010330578513,1,981,0.8829588014981273,0.0,1,0.3824751079082489
TRAIN,5hcafebs,3,6,7,10,1080,1920,1,0.74609375,8.0625,0.9996849298477173,1,726,0.00035011574074074074,802,0.9052369077306733,0.5785398230088495,762.2258953168044,685.9779614325068,761.6062767475036,678.8659058487874,1,741,0.7526881720430108,0.0,1,0.35665759444236755
TRAIN,5hcafebs,3,7,8,10,1080,1920,1,0.83203125,8.6875,0.9998313188552856,1,2130,0.001027199074074074,2066,1.0309777347531461,0.6814611154752553,897.306103286385,685.1084507042253,894.0864714086472,679.4760576476058,1,2192,0.7540584415584416,0.0,1,0.2720443308353424
TRAIN,5hcafebs,3,8,9,10,1080,1920,1,0.80859375,7.8125,0.999595582485199,1,957,0.00046151620370370373,1034,0.925531914893617,0.6308213378492803,658.4858934169279,793.7377220480669,656.6233230134159,787.1465428276574,1,1015,0.8075160403299725,0.0,1,0.37396422028541565
TRAIN,5hcafebs,3,9,10,10,1080,1920,1,0.84375,8.375,0.9997695088386536,1,2575,0.0012418016975308643,2459,1.0471736478243188,0.6456822676334871,566.5328155339806,805.7650485436893,561.3019023986766,799.4185277088503,1,2622,0.8694244604316547,0.0,1,0.2809804379940033
TRAIN,5hcafebs,4,0,1,10,1080,1920,1,0.875,7.8125,0.999595582485199,1,736,0.00035493827160493826,806,0.913151364764268,0.7665876777251185,475.73777173913044,340.3233695652174,475.08079470198675,335.45562913907287,1,767,0.8858218318695107,0.0,2,0.3299444019794464
TRAIN,5hcafebs,4,1,2,10,1080,1920,1,0.828125,8.4375,0.999783456325531,1,888,0.00042824074074074075,964,0.921161825726141,0.7692307692307693,506.8378378378378,443.0135135135135,506.5077658303465,437.90442054958186,1,910,0.7107516650808754,0.0,1,0.27127209305763245
TRAIN,5hcafebs,4,2,3,10,1080,1920,1,0.640625,5.9375,0.997368335723877,1,297,0.00014322916666666667,417,0.7122302158273381,0.6190476190476191,803.5824915824916,433.22895622895624,802.4899713467049,430.13180515759313,1,517,0.5445920303605313,0.0,1,-0.2280966341495514
TRAIN,5hcafebs,4,3,4,10,1080,1920,1,0.74609375,6.15625,0.9978843331336975,1,393,0.00018952546296296295,488,0.805327868852459,0.6270161290322581,908.117048346056,400.0330788804071,906.572463768116,395.9710144927536,1,483,0.7076023391812866,0.0,1,-0.20156078040599823
TRAIN,5hcafebs,4,4,5,10,1080,1920,1,0.84765625,7.0,0.9990890026092529,1,1624,0.000783179012345679,1811,0.8967421314191054,0.8087341072415699,294.54556650246303,713.6711822660099,293.4921116504854,708.3470873786408,1,1522,0.8604376108811355,0.0,1,0.24285177886486053
TRAIN,5hcafebs,4,5,6,10,1080,1920,1,0.87109375,6.90625,0.9989995360374451,1,958,0.00046199845679012344,939,1.020234291799787,0.7718360071301248,633.7390396659707,638.5167014613779,633.7796116504854,634.0776699029126,1,977,0.880466472303207,0.0,1,0.34372469782829285
TRAIN,5hcafebs,4,6,7,10,1080,1920,1,0.765625,8.0,0.9996646642684937,1,761,0.0003669945987654321,802,0.9488778054862843,0.7597633136094675,763.4441524310118,688.7095926412615,762.2258953168044,685.9779614325068,1,741,0.7505827505827506,0.0,1,0.24677126109600067
TRAIN,5hcafebs,4,7,8,10,1080,1920,1,0.8203125,8.875,0.9998601675033569,1,1820,0.0008777006172839507,2066,0.8809293320425944,0.7681289167412713,899.1972527472527,686.054945054945,897.306103286385,685.1084507042253,1,2168,0.7256598874945911,0.0,1,0.22290608286857605
TRAIN,5hcafebs,4,8,9,10,1080,1920,1,0.80078125,7.625,0.9995121955871582,1,889,0.0004287229938271605,1034,0.8597678916827853,0.7300843486410497,658.2587176602925,798.6715410573678,658.4858934169279,793.7377220480669,1,1047,0.797585886722377,0.0,1,0.33428871631622314
TRAIN,5hcafebs,4,9,10,10,1080,1920,1,0.83984375,8.6875,0.9998313188552856,1,2446,0.001179591049382716,2459,0.9947132980886539,0.7488679902473006,570.0159443990188,809.0372035977106,566.5328155339806,805.7650485436893,1,2426,0.8774566473988439,0.0,1,0.2573341727256775
TRAIN,5hcafebs,5,0,1,10,1080,1920,1,0.875,7.46875,0.9994296431541443,1,742,0.0003578317901234568,806,0.9205955334987593,0.8828025477707007,475.8099730458221,342.75471698113205,475.73777173913044,340.3233695652174,1,759,0.9072426937738246,0.0,2,0.35477399826049805
TRAIN,5hcafebs,5,1,2,10,1080,1920,1,0.828125,8.6875,0.9998313188552856,1,799,0.00038532021604938273,964,0.828838174273859,0.8437158469945355,507.4780976220275,443.12140175219025,506.8378378378378,443.0135135135135,1,849,0.6513026052104208,0.0,1,0.25622448325157166
TRAIN,5hcafebs,5,2,3,10,1080,1920,1,0.66015625,6.15625,0.9978843331336975,1,435,0.0002097800925925926,417,1.0431654676258992,0.6339285714285714,803.7770114942529,439.6183908045977,803.5824915824916,433.22895622895624,1,507,0.7412199630314233,0.0,1,-0.24113620817661285
TRAIN,5hcafebs,5,3,4,10,1080,1920,1,0.73046875,6.28125,0.9981324076652527,1,401,0.000193383487654321,488,0.8217213114754098,0.6610878661087866,909.6807980049875,402.33915211970077,908.117048346056,400.0330788804071,1,469,0.695906432748538,0.0,1,-0.22851680219173431
TRAIN,5hcafebs,5,4,5,10,1080,1920,1,0.859375,6.6875,0.9987550973892212,1,1669,0.0008048804012345679,1811,0.9215902816123689,0.9123112659698026,294.63630916716596,715.2822049131216,294.54556650246303,713.6711822660099,1,1516,0.8304597701149425,0.0,1,0.20786380767822266
TRAIN,5hcafebs,5,5,6,10,1080,1920,1,0.8671875,7.21875,0.9992678761482239,1,925,0.0004460841049382716,939,0.9850905218317358,0.8570019723865878,633.2032432432433,640.5805405405406,633.7390396659707,638.5167014613779,1,969,0.8845771144278607,0.0,1,0.3425615429878235
TRAIN,5hcafebs,5,6,7,10,1080,1920,1,0.73046875,7.53125,0.999464213848114,1,657,0.00031684027777777776,802,0.8192019950124688,0.8463541666666666,762.7412480974125,689.503805175038,763.4441524310118,688.7095926412615,1,718,0.6891891891891891,0.0,1,0.2046705037355423
TRAIN,5hcafebs,5,7,8,10,1080,1920,1,0.828125,8.4375,0.999783456325531,1,2326,0.0011217206790123456,2066,1.1258470474346562,0.6936274509803921,901.1375752364575,692.2691315563198,899.1972527472527,686.054945054945,1,2162,0.7321497491316095,0.0,1,0.25633713603019714
TRAIN,5hcafebs,5,8,9,10,1080,1920,1,0.79296875,7.625,0.9995121955871582,1,1097,0.0005290316358024692,1034,1.0609284332688589,0.655,654.5123062898815,798.8969917958068,658.2587176602925,798.6715410573678,1,1092,0.8566581849024597,0.0,1,0.32019633054733276
TRAIN,5hcafebs,5,9,10,10,1080,1920,1,0.8359375,8.875,0.9998601675033569,1,2516,0.0012133487654320987,2459,1.0231801545343635,0.8432392273402675,572.066772655008,810.0731319554849,570.0159443990188,809.0372035977106,1,2445,0.8601424821897263,0.0,1,0.2657482922077179
TRAIN,5hcafebs,6,0,1,10,1080,1920,1,0.875,7.4375,0.9994115829467773,1,760,0.00036651234567901237,806,0.9429280397022333,0.8681592039800995,474.8315789473684,343.6223684210526,475.8099730458221,342.75471698113205,1,774,0.9008674101610905,0.0,2,0.360526978969574
TRAIN,5hcafebs,6,1,2,10,1080,1920,1,0.828125,8.5625,0.9998089671134949,1,881,0.0004248649691358025,964,0.9139004149377593,0.8006430868167203,506.4313280363224,443.91373439273553,507.4780976220275,443.12140175219025,1,912,0.6617238183503243,0.0,1,0.24110713601112366
TRAIN,5hcafebs,6,2,3,10,1080,1920,1,0.671875,6.75,0.9988304972648621,1,310,0.00014949845679012346,417,0.7434052757793765,0.6893424036281179,803.1161290322581,437.9161290322581,803.7770114942529,439.6183908045977,1,500,0.594488188976378,0.0,1,-0.21482226252555847
TRAIN,5hcafebs,6,3,4,10,1080,1920,1,0.76171875,6.21875,0.9980121850967407,1,412,0.00019868827160493828,488,0.8442622950819673,0.802660753880266,908.5655339805825,403.0849514563107,909.6807980049875,402.33915211970077,1,461,0.7084148727984344,0.0,1,-0.22222287952899933
TRAIN,5hcafebs,6,4,5,10,1080,1920,1,0.8671875,6.875,0.9989677667617798,1,1569,0.0007566550925925926,1811,0.8663721700717836,0.8283455674760023,293.22880815806246,715.7724665391969,294.63630916716596,715.2822049131216,1,1577,0.8637440758293838,0.0,1,0.2388460636138916
TRAIN,5hcafebs,6,5,6,10,1080,1920,1,0.875,7.3125,0.9993333220481873,1,879,0.00042390046296296295,939,0.9361022364217252,0.8259109311740891,631.4880546075085,640.9442548350398,633.2032432432433,640.5805405405406,1,952,0.8494949494949495,0.0,1,0.34655195474624634
TRAIN,5hcafebs,6,6,7,10,1080,1920,1,0.734375,7.75,0.9995694756507874,1,774,0.0003732638888888889,802,0.9650872817955112,0.7015457788347206,760.4909560723514,693.5439276485788,762.7412480974125,689.503805175038,1,752,0.712682379349046,0.0,1,0.19456374645233154
TRAIN,5hcafebs,6,7,8,10,1080,1920,1,0.828125,8.4375,0.999783456325531,1,2424,0.0011689814814814816,2066,1.1732817037754115,0.9038076152304609,900.1233498349835,694.0301155115511,901.1375752364575,692.2691315563198,1,2249,0.7430063409175681,0.0,1,0.23306897282600403
TRAIN,5hcafebs,6,8,9,10,1080,1920,1,0.78515625,7.8125,0.999595582485199,1,1154,0.0005565200617283951,1034,1.11605415860735,0.750388802488336,651.5615251299827,799.3821490467938,654.5123062898815,798.8969917958068,1,1057,0.8471177944862155,0.0,1,0.3266809284687042
TRAIN,5hcafebs,6,9,10,10,1080,1920,1,0.84765625,8.875,0.9998601675033569,1,2589,0.0012485532407407408,2459,1.0528670191134608,0.9469870327993898,571.9544225569718,810.6647354190807,572.066772655008,810.0731319554849,1,2508,0.8541287740996726,0.0,1,0.28250038623809814
TRAIN,5hcafebs,7,0,1,10,1080,1920,1,0.875,7.6875,0.9995417594909668,1,734,0.0003539737654320988,806,0.9106699751861043,0.8131067961165048,473.24114441416896,342.6934604904632,474.8315789473684,343.6223684210526,1,770,0.8965952080706179,0.0,2,0.36417147517204285
TRAIN,5hcafebs,7,1,2,10,1080,1920,1,0.83203125,8.625,0.9998205304145813,1,780,0.0003761574074074074,964,0.8091286307053942,0.7898706896551724,505.14358974358976,441.07179487179485,506.4313280363224,443.91373439273553,1,915,0.6329479768786127,0.0,1,0.25909844040870667
TRAIN,5hcafebs,7,2,3,10,1080,1920,1,0.6796875,6.8125,0.9989012479782104,1,320,0.00015432098765432098,417,0.7673860911270983,0.5869017632241813,800.90625,437.3375,803.1161290322581,437.9161290322581,1,506,0.5884615384615385,0.0,1,-0.24740980565547943
TRAIN,5hcafebs,7,3,4,10,1080,1920,1,0.76171875,6.3125,0.9981897473335266,1,414,0.0001996527777777778,488,0.8483606557377049,0.8114035087719298,907.7584541062802,403.6473429951691,908.5655339805825,403.0849514563107,1,482,0.7197696737044146,0.0,1,-0.1960429549217224
TRAIN,5hcafebs,7,4,5,10,1080,1920,1,0.87109375,6.875,0.9989677667617798,1,1566,0.0007552083333333333,1811,0.864715626725566,0.8027602070155262,291.41954022988506,715.4393358876117,293.22880815806246,715.7724665391969,1,1592,0.8741839762611276,0.0,1,0.25460925698280334
TRAIN,5hcafebs,7,5,6,10,1080,1920,1,0.875,7.625,0.9995121955871582,1,912,0.0004398148148148148,939,0.9712460063897763,0.7405247813411079,628.7752192982456,640.6787280701755,631.4880546075085,640.9442548350398,1,949,0.8591408591408591,0.0,1,0.34826868772506714
TRAIN,5hcafebs,7,6,7,10,1080,1920,1,0.71484375,8.125,0.9997040629386902,1,834,0.0004021990740740741,802,1.0399002493765586,0.8169491525423729,758.8776978417267,693.0299760191847,760.4909560723514,693.5439276485788,1,797,0.6884057971014492,0.0,1,0.2331201732158661
TRAIN,5hcafebs,7,7,8,10,1080,1920,1,0.83203125,8.75,0.999841570854187,1,2376,0.0011458333333333333,2066,1.1500484027105518,0.9093078758949881,899.0425084175084,694.4642255892256,900.1233498349835,694.0301155115511,1,2248,0.7555049354593774,0.0,1,0.24353064596652985
TRAIN,5hcafebs,7,8,9,10,1080,1920,1,0.76953125,7.9375,0.9996429681777954,1,1090,0.0005256558641975309,1034,1.0541586073500968,0.7116704805491991,647.9587155963303,798.1532110091744,651.5615251299827,799.3821490467938,1,997,0.8227074235807861,0.0,1,0.30994322896003723
TRAIN,5hcafebs,7,9,10,10,1080,1920,1,0.8515625,8.5625,0.9998089671134949,1,2359,0.0011376350308641976,2459,0.9593330622204148,0.847647498132935,570.6121237812632,807.6947859262399,571.9544225569718,810.6647354190807,1,2376,0.8568627450980392,0.0,1,0.23890572786331177
TRAIN,5hcafebs,8,0,1,10,1080,1920,1,0.87109375,7.65625,0.9995272159576416,1,732,0.00035300925925925924,806,0.9081885856079405,0.6659090909090909,470.2964480874317,343.46311475409834,473.24114441416896,342.6934604904632,1,792,0.8955223880597015,0.0,2,0.39517614245414734
TRAIN,5hcafebs,8,1,2,10,1080,1920,1,0.8125,8.75,0.999841570854187,1,864,0.0004166666666666667,964,0.8962655601659751,0.5451127819548872,501.57523148148147,444.68402777777777,505.14358974358976,441.07179487179485,1,898,0.6733143399810066,0.0,1,0.26794567704200745
TRAIN,5hcafebs,8,2,3,10,1080,1920,1,0.68359375,7.03125,0.9991169571876526,1,330,0.00015914351851851853,417,0.7913669064748201,0.43171806167400884,797.739393939394,441.0939393939394,800.90625,437.3375,1,499,0.6318897637795275,0.0,1,-0.2600758671760559
TRAIN,5hcafebs,8,3,4,10,1080,1920,1,0.75390625,6.8125,0.9989012479782104,1,448,0.0002160493827160494,488,0.9180327868852459,0.5256637168141592,904.6227678571429,403.5892857142857,907.7584541062802,403.6473429951691,1,501,0.7771535580524345,0.0,1,-0.20691458880901337
TRAIN,5hcafebs,8,4,5,10,1080,1920,1,0.8671875,7.03125,0.9991169571876526,1,1571,0.000757619598765432,1811,0.8674765323025952,0.6847475832438239,288.8650541056652,720.2794398472311,291.41954022988506,715.4393358876117,1,1634,0.8830787309048178,0.0,1,0.2574346661567688
TRAIN,5hcafebs,8,5,6,10,1080,1920,1,0.875,7.625,0.9995121955871582,1,899,0.00043354552469135804,939,0.9574014909478168,0.6523722627737226,624.7875417130144,641.6852057842046,628.7752192982456,640.6787280701755,1,951,0.8800813008130082,0.0,1,0.34232938289642334
TRAIN,5hcafebs,8,6,7,10,1080,1920,1,0.71484375,8.1875,0.9997219443321228,1,787,0.0003795331790123457,802,0.9812967581047382,0.7505399568034558,756.2630241423126,695.7484116899619,758.8776978417267,693.0299760191847,1,810,0.7135193133047211,0.0,1,0.27169135212898254
TRAIN,5hcafebs,8,7,8,10,1080,1920,1,0.81640625,9.6875,0.999937891960144,1,2231,0.0010759066358024692,2066,1.079864472410455,0.7631075392269422,896.0640968175705,694.6817570596145,899.0425084175084,694.4642255892256,1,2207,0.7363067292644757,0.0,1,0.3075697720050812
TRAIN,5hcafebs,8,8,9,10,1080,1920,1,0.78515625,7.5625,0.999480664730072,1,1079,0.0005203510802469136,1034,1.0435203094777563,0.760551948051948,645.2066728452271,800.2715477293791,647.9587155963303,798.1532110091744,1,958,0.8484573502722323,0.0,1,0.3821777403354645
TRAIN,5hcafebs,8,9,10,10,1080,1920,1,0.859375,8.9375,0.999868631362915,1,2374,0.0011448688271604938,2459,0.9654331028873526,0.8394869801787797,568.4528222409435,808.4275484414491,570.6121237812632,807.6947859262399,1,2376,0.8841729472431574,0.0,1,0.300795316696167
TRAIN,5hcafebs,9,0,1,10,1080,1920,1,0.8671875,7.28125,0.999312162399292,1,717,0.000345775462962963,806,0.8895781637717122,0.6947368421052632,468.0320781032078,346.15202231520226,470.2964480874317,343.46311475409834,1,789,0.8569667077681874,0.0,2,0.44299426674842834
TRAIN,5hcafebs,9,1,2,10,1080,1920,1,0.81640625,8.3125,0.9997546076774597,1,930,0.00044849537037037037,964,0.9647302904564315,0.6766355140186916,499.48172043010754,447.152688172043,501.57523148148147,444.68402777777777,1,891,0.6405405405405405,0.0,1,0.3242480456829071
TRAIN,5hcafebs,9,2,3,10,1080,1920,1,0.69921875,7.3125,0.9993333220481873,1,353,0.00017023533950617285,417,0.8465227817745803,0.5110619469026548,795.1104815864022,444.4730878186969,797.739393939394,441.0939393939394,1,501,0.6614785992217899,0.0,1,-0.27754953503608704
TRAIN,5hcafebs,9,3,4,10,1080,1920,1,0.75390625,6.625,0.9986749291419983,1,507,0.0002445023148148148,488,1.0389344262295082,0.6437177280550774,902.2248520710059,406.08678500986196,904.6227678571429,403.5892857142857,1,516,0.7884615384615384,0.0,1,-0.27166879177093506
TRAIN,5hcafebs,9,4,5,10,1080,1920,1,0.875,7.09375,0.9991704225540161,1,1728,0.0008333333333333334,1811,0.9541689674213142,0.7227154046997389,286.35590277777777,723.4849537037037,288.8650541056652,720.2794398472311,1,1675,0.8677277716794731,0.0,1,0.2658662796020508
TRAIN,5hcafebs,9,5,6,10,1080,1920,1,0.87109375,7.25,0.9992903470993042,1,1007,0.0004856288580246914,939,1.0724174653887113,0.6459412780656304,620.8570009930487,644.7070506454817,624.7875417130144,641.6852057842046,1,964,0.8807251908396947,0.0,1,0.3789570927619934
TRAIN,5hcafebs,9,6,7,10,1080,1920,1,0.734375,7.96875,0.9996540546417236,1,834,0.0004021990740740741,802,1.0399002493765586,0.7318376068376068,753.4220623501199,699.5827338129496,756.2630241423126,695.7484116899619,1,960,0.6294277929155313,0.0,1,0.2644088566303253
TRAIN,5hcafebs,9,7,8,10,1080,1920,1,0.80859375,9.625,0.9999339580535889,1,2299,0.0011086998456790124,2066,1.1127783155856728,0.799761620977354,893.3662461939974,698.7655502392345,896.0640968175705,694.6817570596145,1,2253,0.7602474864655839,0.0,1,0.2975282073020935
TRAIN,5hcafebs,9,8,9,10,1080,1920,1,0.77734375,7.78125,0.9995827078819275,1,938,0.0004523533950617284,1034,0.90715667311412,0.7402933563416738,643.3326226012794,804.0383795309168,645.2066728452271,800.2715477293791,1,950,0.8312318137730359,0.0,1,0.35117286443710327
TRAIN,5hcafebs,9,9,10,10,1080,1920,1,0.84765625,9.3125,0.9999097585678101,1,2329,0.001123167438271605,2459,0.9471329808865392,0.8342433697347894,566.0820094461142,808.8935165306999,568.4528222409435,808.4275484414491,1,2352,0.8814308681672026,0.0,1,0.31688761711120605
TRAIN,5hcafebs,10,0,1,10,1080,1920,1,0.859375,7.71875,0.999555766582489,1,694,0.00033468364197530864,806,0.8610421836228288,0.768170426065163,466.61959654178673,348.69164265129683,468.0320781032078,346.15202231520226,1,781,0.8670886075949367,0.0,2,0.42642199993133545
TRAIN,5hcafebs,10,1,2,10,1080,1920,1,0.8046875,8.625,0.9998205304145813,1,789,0.00038049768518518516,964,0.8184647302904564,0.7648870636550308,497.75918884664134,446.7059569074778,499.48172043010754,447.152688172043,1,895,0.6542239685658153,0.0,1,0.2488745152950287
TRAIN,5hcafebs,10,2,3,10,1080,1920,1,0.703125,7.59375,0.9994966983795166,1,417,0.00020109953703703704,417,1.0,0.5975103734439834,793.3357314148681,448.00239808153475,795.1104815864022,444.4730878186969,1,486,0.8096192384769539,0.0,1,-0.22567930817604065
TRAIN,5hcafebs,10,3,4,10,1080,1920,1,0.765625,6.53125,0.9985449314117432,1,435,0.0002097800925925926,488,0.8913934426229508,0.7444444444444445,901.1540229885057,408.66436781609195,902.2248520710059,406.08678500986196,1,499,0.7360594795539034,0.0,1,-0.24878039956092834
TRAIN,5hcafebs,10,4,5,10,1080,1920,1,0.8671875,6.78125,0.9988664388656616,1,1857,0.0008955439814814814,1811,1.0254003313086693,0.8623376623376623,287.2030156165859,724.9617662897145,286.35590277777777,723.4849537037037,1,1738,0.8578811369509044,0.0,1,0.23019957542419434
TRAIN,5hcafebs,10,5,6,10,1080,1920,1,0.87109375,7.90625,0.9996316432952881,1,1017,0.0004904513888888889,939,1.0830670926517572,0.8217821782178217,619.2881022615536,647.1288102261553,620.8570009930487,644.7070506454817,1,967,0.8823529411764706,0.0,1,0.4228975772857666
TRAIN,5hcafebs,10,6,7,10,1080,1920,1,0.734375,8.0625,0.9996849298477173,1,796,0.0003838734567901235,802,0.9925187032418953,0.8191964285714286,752.2072864321608,702.4736180904523,753.4220623501199,699.5827338129496,1,1011,0.6235399820305481,0.0,1,0.3124907910823822
TRAIN,5hcafebs,10,7,8,10,1080,1920,1,0.8046875,9.8125,0.9999452829360962,1,2346,0.0011313657407407407,2066,1.1355275895450145,0.8920570264765784,892.0912190963342,700.7928388746803,893.3662461939974,698.7655502392345,1,2311,0.7500939496429914,0.0,1,0.27746275067329407
TRAIN,5hcafebs,10,8,9,10,1080,1920,1,0.76171875,8.0,0.9996646642684937,1,1110,0.0005353009259259259,1034,1.0735009671179885,0.8107869142351901,642.0612612612613,804.536936936937,643.3326226012794,804.0383795309168,1,962,0.8111888111888111,0.0,1,0.3695133924484253
TRAIN,5hcafebs,10,9,10,10,1080,1920,1,0.84375,8.75,0.999841570854187,1,2400,0.0011574074074074073,2459,0.9760065067100447,0.8265739667825415,563.6554166666666,810.31,566.0820094461142,808.8935165306999,1,2400,0.8735362997658079,0.0,1,0.27089086174964905
TRAIN,5hcafebs,11,0,1,10,1080,1920,1,0.8671875,7.875,0.9996199607849121,1,742,0.0003578317901234568,806,0.9205955334987593,0.7905236907730673,465.0040431266846,349.5700808625337,466.61959654178673,348.69164265129683,1,783,0.9134253450439147,0.0,2,0.41986778378486633
TRAIN,5hcafebs,11,1,2,10,1080,1920,1,0.78515625,8.5625,0.9998089671134949,1,842,0.0004060570987654321,964,0.8734439834024896,0.6491405460060667,495.4097387173397,450.71377672209024,497.75918884664134,446.7059569074778,1,853,0.6765578635014837,0.0,1,0.3028053641319275
TRAIN,5hcafebs,11,2,3,10,1080,1920,1,0.71484375,7.4375,0.9994115829467773,1,425,0.00020495756172839505,417,1.0191846522781776,0.701010101010101,791.8729411764706,448.76235294117646,793.3357314148681,448.00239808153475,1,467,0.8506224066390041,0.0,1,-0.20120544731616974
TRAIN,5hcafebs,11,3,4,10,1080,1920,1,0.76953125,6.34375,0.998245358467102,1,421,0.00020302854938271606,488,0.8627049180327869,0.7907949790794979,900.0380047505938,410.29928741092635,901.1540229885057,408.66436781609195,1,488,0.758220502901354,0.0,1,-0.23090247809886932
TRAIN,5hcafebs,11,4,5,10,1080,1920,1,0.875,7.0,0.9990890026092529,1,1902,0.0009172453703703703,1811,1.0502484815019326,0.8851554663991976,286.2565720294427,726.8054679284963,287.2030156165859,724.9617662897145,1,1856,0.8799399699849925,0.0,1,0.2640027403831482
TRAIN,5hcafebs,11,5,6,10,1080,1920,1,0.875,7.75,0.9995694756507874,1,1002,0.0004832175925925926,939,1.0670926517571886,0.8387978142076503,617.556886227545,648.2315369261477,619.2881022615536,647.1288102261553,1,952,0.9007782101167315,0.0,1,0.39510390162467957
TRAIN,5hcafebs,11,6,7,10,1080,1920,1,0.71484375,8.0,0.9996646642684937,1,771,0.00037181712962962966,802,0.9613466334164589,0.9016990291262136,751.2736705577172,702.7198443579766,752.2072864321608,702.4736180904523,1,1039,0.6262353998203055,0.0,1,0.3345556855201721
TRAIN,5hcafebs,11,7,8,10,1080,1920,1,0.8125,9.25,0.9999039173126221,1,2494,0.0012027391975308643,2066,1.207163601161665,0.8876755070202809,891.7016840417001,703.5080192461909,892.0912190963342,700.7928388746803,1,2288,0.7943714821763602,0.0,1,0.26018381118774414
TRAIN,5hcafebs,11,8,9,10,1080,1920,1,0.765625,8.1875,0.9997219443321228,1,1085,0.0005232445987654321,1034,1.0493230174081238,0.8523206751054853,640.7585253456222,806.1133640552995,642.0612612612613,804.536936936937,1,974,0.7951176983435048,0.0,1,0.3113035559654236
TRAIN,5hcafebs,11,9,10,10,1080,1920,1,0.84375,8.6875,0.9998313188552856,1,2453,0.0011829668209876543,2459,0.9975599837332249,0.8708558211256746,561.7745617611089,810.5087647778231,563.6554166666666,810.31,1,2421,0.864575363427697,0.0,1,0.2625476121902466
TRAIN,5hcafebs,12,0,1,10,1080,1920,1,0.86328125,7.90625,0.9996316432952881,1,712,0.0003433641975308642,806,0.8833746898263027,0.8712998712998713,464.11516853932585,350.4241573033708,465.0040431266846,349.5700808625337,1,758,0.9066147859922179,0.0,2,0.40688297152519226
TRAIN,5hcafebs,12,1,2,10,1080,1920,1,0.78515625,9.125,0.9998910427093506,1,874,0.0004214891975308642,964,0.9066390041493776,0.8294243070362474,494.43707093821513,452.52517162471395,495.4097387173397,450.71377672209024,1,863,0.6653883029721956,0.0,1,0.2955564856529236
TRAIN,5hcafebs,12,2,3,10,1080,1920,1,0.6953125,7.125,0.9991958737373352,1,393,0.00018952546296296295,417,0.9424460431654677,0.7860262008733624,790.9211195928754,449.83715012722644,791.8729411764706,448.76235294117646,1,469,0.7883817427385892,0.0,1,-0.23752383887767792
TRAIN,5hcafebs,12,3,4,10,1080,1920,1,0.7734375,6.1875,0.9979493021965027,1,427,0.00020592206790123456,488,0.875,0.8719646799116998,899.3957845433255,410.8735362997658,900.0380047505938,410.29928741092635,1,512,0.7388888888888889,0.0,1,-0.2217002511024475
TRAIN,5hcafebs,12,4,5,10,1080,1920,1,0.87109375,7.125,0.9991958737373352,1,1963,0.0009466628086419753,1811,1.0839315295416896,0.9133663366336634,285.619969434539,728.6693835965359,286.2565720294427,726.8054679284963,1,1992,0.8629298162976919,0.0,1,0.24386189877986908
TRAIN,5hcafebs,12,5,6,10,1080,1920,1,0.87890625,7.875,0.9996199607849121,1,998,0.0004812885802469136,939,1.06283280085197,0.8744142455482662,616.370741482966,649.4849699398798,617.556886227545,648.2315369261477,1,974,0.8870813397129187,0.0,1,0.4051769971847534
TRAIN,5hcafebs,12,6,7,10,1080,1920,1,0.734375,8.0,0.9996646642684937,1,794,0.00038290895061728395,802,0.9900249376558603,0.8992718446601942,750.8312342569269,703.9722921914357,751.2736705577172,702.7198443579766,1,1075,0.6181818181818182,0.0,1,0.3677346110343933
TRAIN,5hcafebs,12,7,8,10,1080,1920,1,0.81640625,9.125,0.9998910427093506,1,2580,0.001244212962962963,2066,1.2487899322362053,0.949289281598156,891.3302325581395,703.9313953488372,891.7016840417001,703.5080192461909,1,2324,0.7819767441860465,0.0,1,0.25060930848121643
TRAIN,5hcafebs,12,8,9,10,1080,1920,1,0.77734375,8.0625,0.9996849298477173,1,960,0.000462962962962963,1034,0.9284332688588007,0.8406840684068407,640.8645833333334,808.7791666666667,640.7585253456222,806.1133640552995,1,933,0.8687068114511353,0.0,1,0.33471640944480896
TRAIN,5hcafebs,12,9,10,10,1080,1920,1,0.8359375,8.875,0.9998601675033569,1,2474,0.0011930941358024691,2459,1.0061000406669378,0.9111714507370055,560.7590945836702,811.3342764753436,561.7745617611089,810.5087647778231,1,2358,0.7982880535913658,0.0,1,0.250896692276001
TRAIN,5hcafebs,13,0,1,10,1080,1920,1,0.86328125,8.125,0.9997040629386902,1,714,0.0003443287037037037,806,0.8858560794044665,0.6835891381345927,461.57142857142856,352.4187675070028,464.11516853932585,350.4241573033708,1,750,0.9162303664921466,0.0,2,0.4058379828929901
TRAIN,5hcafebs,13,1,2,10,1080,1920,1,0.765625,8.8125,0.9998511075973511,1,852,0.00041087962962962964,964,0.8838174273858921,0.7594291539245668,492.38967136150234,452.8544600938967,494.43707093821513,452.52517162471395,1,888,0.627689429373246,0.0,1,0.3170361816883087
TRAIN,5hcafebs,13,2,3,10,1080,1920,1,0.671875,7.125,0.9991958737373352,1,349,0.00016830632716049383,417,0.8369304556354916,0.5720338983050848,788.7908309455587,450.65042979942695,790.9211195928754,449.83715012722644,1,442,0.7195652173913043,0.0,1,-0.22386804223060608
TRAIN,5hcafebs,13,3,4,10,1080,1920,1,0.7734375,6.375,0.9982993006706238,1,526,0.0002536651234567901,488,1.0778688524590163,0.6927175843694494,897.2642585551331,412.4657794676806,899.3957845433255,410.8735362997658,1,518,0.7199341021416804,0.0,1,-0.22202925384044647
TRAIN,5hcafebs,13,4,5,10,1080,1920,1,0.8671875,6.96875,0.9990600943565369,1,2069,0.0009977816358024692,1811,1.1424627277747101,0.8589211618257261,284.11551474142095,730.978250362494,285.619969434539,728.6693835965359,1,2135,0.8971119133574007,0.0,1,0.25016164779663086
TRAIN,5hcafebs,13,5,6,10,1080,1920,1,0.88671875,7.25,0.9992903470993042,1,987,0.0004759837962962963,939,1.0511182108626198,0.807832422586521,614.2796352583587,650.8693009118541,616.370741482966,649.4849699398798,1,947,0.8794946550048591,0.0,1,0.38587358593940735
TRAIN,5hcafebs,13,6,7,10,1080,1920,1,0.75390625,7.71875,0.999555766582489,1,821,0.0003959297839506173,802,1.0236907730673317,0.8024553571428571,748.7515225334957,704.9561510353228,750.8312342569269,703.9722921914357,1,1124,0.6483050847457628,0.0,1,0.31725454330444336
TRAIN,5hcafebs,13,7,8,10,1080,1920,1,0.8046875,9.0625,0.9998840093612671,1,2503,0.001207079475308642,2066,1.2115198451113263,0.8959343528534129,890.1090691170596,704.0279664402717,891.3302325581395,703.9313953488372,1,2486,0.8108892921960072,0.0,1,0.24673131108283997
TRAIN,5hcafebs,13,8,9,10,1080,1920,1,0.76171875,8.75,0.999841570854187,1,811,0.00039110725308641974,1034,0.7843326885880078,0.7227626459143969,638.711467324291,812.5252774352651,640.8645833333334,808.7791666666667,1,958,0.7922998986828774,0.0,1,0.36301425099372864
TRAIN,5hcafebs,13,9,10,10,1080,1920,1,0.828125,9.5,0.9999251365661621,1,2447,0.001180073302469136,2459,0.9951199674664498,0.8465290806754221,558.6277073968124,812.6015529219452,560.7590945836702,811.3342764753436,1,2370,0.8007476635514019,0.0,1,0.3035896122455597
TRAIN,5hcafebs,14,0,1,10,1080,1920,1,0.875,7.875,0.9996199607849121,1,770,0.0003713348765432099,806,0.9553349875930521,0.5753715498938429,457.6038961038961,352.9792207792208,461.57142857142856,352.4187675070028,1,771,0.8931203931203932,0.0,2,0.3633330464363098
TRAIN,5hcafebs,14,1,2,10,1080,1920,1,0.765625,8.625,0.9998205304145813,1,902,0.0004349922839506173,964,0.9356846473029046,0.5094664371772806,488.2361419068736,456.55543237250555,492.38967136150234,452.8544600938967,1,865,0.681255946717412,0.0,1,0.31388261914253235
TRAIN,5hcafebs,14,2,3,10,1080,1920,1,0.65234375,7.9375,0.9996429681777954,1,367,0.0001769868827160494,417,0.8800959232613909,0.2695035460992908,784.5286103542235,452.25613079019075,788.7908309455587,450.65042979942695,1,451,0.7516059957173448,0.0,1,-0.1907287836074829
TRAIN,5hcafebs,14,3,4,10,1080,1920,1,0.76953125,6.5625,0.9985895752906799,1,420,0.0002025462962962963,488,0.860655737704918,0.5015873015873016,893.4095238095238,414.12142857142857,897.2642585551331,412.4657794676806,1,510,0.7158671586715867,0.0,1,-0.23025809228420258
TRAIN,5hcafebs,14,4,5,10,1080,1920,1,0.875,6.875,0.9989677667617798,1,2187,0.0010546875,1811,1.2076200993926007,0.7300813008130081,280.5473251028807,733.2912665752172,284.11551474142095,730.978250362494,1,2196,0.8690831556503198,0.0,1,0.2422395646572113
TRAIN,5hcafebs,14,5,6,10,1080,1920,1,0.875,7.5625,0.999480664730072,1,1019,0.0004914158950617284,939,1.0851970181043664,0.6674979218620116,610.5456329735034,653.8400392541707,614.2796352583587,650.8693009118541,1,954,0.8844317096466093,0.0,1,0.30497226119041443
TRAIN,5hcafebs,14,6,7,10,1080,1920,1,0.79296875,7.4375,0.9994115829467773,1,729,0.0003515625,802,0.9089775561097256,0.6774891774891775,745.1028806584362,705.1042524005487,748.7515225334957,704.9561510353228,1,1070,0.5766871165644172,0.0,1,0.20928223431110382
TRAIN,5hcafebs,14,7,8,10,1080,1920,1,0.81640625,8.75,0.999841570854187,1,2202,0.0010619212962962963,2066,1.0658276863504357,0.720292504570384,886.6257947320618,708.3610354223433,890.1090691170596,704.0279664402717,1,2393,0.7748165314793356,0.0,1,0.3426697552204132
TRAIN,5hcafebs,14,8,9,10,1080,1920,1,0.7734375,8.3125,0.9997546076774597,1,801,0.0003862847222222222,1034,0.7746615087040619,0.7314715359828142,635.3682896379526,814.2172284644195,638.711467324291,812.5252774352651,1,931,0.7745901639344263,0.0,1,0.3377578556537628
TRAIN,5hcafebs,14,9,10,10,1080,1920,1,0.8125,9.25,0.9999039173126221,1,2432,0.0011728395061728395,2459,0.989019926799512,0.7664735698769009,555.3355263157895,811.6842105263158,558.6277073968124,812.6015529219452,1,2417,0.8154249344814676,0.0,1,0.29661300778388977
TRAIN,5hcafebs,15,0,1,10,1080,1920,1,0.87109375,7.65625,0.9995272159576416,1,779,0.00037567515432098764,806,0.966501240694789,0.5806122448979592,453.4801026957638,352.8536585365854,457.6038961038961,352.9792207792208,1,755,0.8914919852034525,0.0,2,0.3815527558326721
TRAIN,5hcafebs,15,1,2,10,1080,1920,1,0.77734375,8.125,0.9997040629386902,1,906,0.0004369212962962963,964,0.9398340248962656,0.5104427736006684,483.5088300220751,457.4580573951435,488.2361419068736,456.55543237250555,1,904,0.6321009918845807,0.0,1,0.2815929353237152
TRAIN,5hcafebs,15,2,3,10,1080,1920,1,0.6484375,7.875,0.9996199607849121,1,392,0.0001890432098765432,417,0.9400479616306955,0.306368330464716,780.1122448979592,454.2755102040816,784.5286103542235,452.25613079019075,1,445,0.6574257425742575,0.0,1,-0.2173028141260147
TRAIN,5hcafebs,15,3,4,10,1080,1920,1,0.76171875,6.25,0.9980732202529907,1,422,0.0002035108024691358,488,0.8647540983606558,0.3536977491961415,888.2440758293839,414.8056872037915,893.4095238095238,414.12142857142857,1,516,0.6840215439856373,0.0,1,-0.20750463008880615
TRAIN,5hcafebs,15,4,5,10,1080,1920,1,0.87109375,6.6875,0.9987550973892212,1,2146,0.0010349151234567901,1811,1.1849806736609607,0.6557126480703095,275.6640260950606,736.3630009319664,280.5473251028807,733.2912665752172,1,2221,0.8823275862068966,0.0,1,0.22997593879699707
TRAIN,5hcafebs,15,5,6,10,1080,1920,1,0.875,7.40625,0.9993928670883179,1,1028,0.0004957561728395061,939,1.0947816826411076,0.6297770700636943,605.932879377432,654.3959143968872,610.5456329735034,653.8400392541707,1,931,0.8621673003802282,0.0,1,0.3861631155014038
TRAIN,5hcafebs,15,6,7,10,1080,1920,1,0.7265625,7.0625,0.9991440773010254,1,723,0.0003486689814814815,802,0.9014962593516209,0.5629709364908504,739.5615491009681,704.6141078838174,745.1028806584362,705.1042524005487,1,998,0.6235849056603774,0.0,1,0.19643950462341309
TRAIN,5hcafebs,15,7,8,10,1080,1920,1,0.84765625,8.5625,0.9998089671134949,1,2623,0.0012649498456790123,2066,1.2696030977734754,0.6917952314165497,882.1376286694624,710.2203583682806,886.6257947320618,708.3610354223433,1,2281,0.8156238430211032,0.0,1,0.3263902962207794
TRAIN,5hcafebs,15,8,9,10,1080,1920,1,0.79296875,8.0,0.9996646642684937,1,879,0.00042390046296296295,1034,0.8500967117988395,0.7004048582995951,632.1615472127418,816.1058020477816,635.3682896379526,814.2172284644195,1,969,0.7889641819941917,0.0,1,0.3024217188358307
TRAIN,5hcafebs,15,9,10,10,1080,1920,1,0.83203125,9.5625,0.999929666519165,1,2228,0.0010744598765432098,2459,0.9060593737291582,0.6902430177729416,551.0911131059246,812.9147217235188,555.3355263157895,811.6842105263158,1,2445,0.848496835443038,0.0,1,0.35465821623802185
TRAIN,5hcafebs,16,0,1,10,1080,1920,1,0.87109375,7.34375,0.99935382604599,1,744,0.0003587962962962963,806,0.9230769230769231,0.5291164658634538,448.9502688172043,355.2056451612903,453.4801026957638,352.8536585365854,1,788,0.8890258939580764,0.0,2,0.3419441878795624
TRAIN,5hcafebs,16,1,2,10,1080,1920,1,0.8125,7.6875,0.9995417594909668,1,883,0.00042582947530864196,964,0.9159751037344398,0.5529513888888888,479.1302378255946,457.54473386183463,483.5088300220751,457.4580573951435,1,888,0.6307550644567219,0.0,1,0.25947773456573486
TRAIN,5hcafebs,16,2,3,10,1080,1920,1,0.609375,6.3125,0.9981897473335266,1,336,0.00016203703703703703,417,0.8057553956834532,0.27495621716287216,775.4583333333334,451.4434523809524,780.1122448979592,454.2755102040816,1,444,0.6115702479338843,0.0,1,-0.1992807537317276
TRAIN,5hcafebs,16,3,4,10,1080,1920,1,0.73828125,6.15625,0.9978843331336975,1,398,0.00019193672839506174,488,0.8155737704918032,0.33986928104575165,883.1457286432161,416.66582914572865,888.2440758293839,414.8056872037915,1,472,0.6763005780346821,0.0,1,-0.18860776722431183
TRAIN,5hcafebs,16,4,5,10,1080,1920,1,0.8828125,6.875,0.9989677667617798,1,2239,0.0010797646604938272,1811,1.2363335173937051,0.6871873797614467,271.30728003573023,737.5069227333631,275.6640260950606,736.3630009319664,1,2238,0.8708733806936899,0.0,1,0.2445812076330185
TRAIN,5hcafebs,16,5,6,10,1080,1920,1,0.875,7.3125,0.9993333220481873,1,972,0.00046875,939,1.035143769968051,0.6220600162206001,601.1697530864197,654.4228395061729,605.932879377432,654.3959143968872,1,942,0.87279843444227,0.0,1,0.37382957339286804
TRAIN,5hcafebs,16,6,7,10,1080,1920,1,0.734375,7.375,0.999373733997345,1,743,0.0003583140432098765,802,0.92643391521197,0.5952121871599565,734.9663526244952,707.3122476446837,739.5615491009681,704.6141078838174,1,1010,0.6553352219074599,0.0,1,0.17430487275123596
TRAIN,5hcafebs,16,7,8,10,1080,1920,1,0.78125,9.625,0.9999339580535889,1,2570,0.0012393904320987653,2066,1.2439496611810261,0.7241035856573705,878.243579766537,709.427626459144,882.1376286694624,710.2203583682806,1,2322,0.7998528329654158,0.0,1,0.2528165578842163
TRAIN,5hcafebs,16,8,9,10,1080,1920,1,0.78125,8.25,0.9997387528419495,1,909,0.00043836805555555556,1034,0.879110251450677,0.698005698005698,628.3212321232123,816.6292629262927,632.1615472127418,816.1058020477816,1,995,0.8220095693779904,0.0,1,0.3169499635696411
TRAIN,5hcafebs,16,9,10,10,1080,1920,1,0.8203125,9.0,0.9998766183853149,1,2131,0.001027681327160494,2459,0.8666124440829606,0.7982673267326733,548.431722196152,813.0976067573908,551.0911131059246,812.9147217235188,1,2265,0.8714346530438485,0.0,1,0.3030532896518707
TRAIN,5hcafebs,17,0,1,10,1080,1920,1,0.87109375,7.71875,0.999555766582489,1,719,0.00034673996913580247,806,0.892059553349876,0.5514316012725344,444.64673157162724,356.23504867872043,448.9502688172043,355.2056451612903,1,776,0.8828715365239295,0.0,2,0.36733362078666687
TRAIN,5hcafebs,17,1,2,10,1080,1920,1,0.8046875,8.125,0.9997040629386902,1,891,0.0004296875,964,0.9242738589211619,0.5796972395369546,475.48148148148147,458.76430976430976,479.1302378255946,457.54473386183463,1,874,0.6777566539923955,0.0,1,0.2538985013961792
TRAIN,5hcafebs,17,2,3,10,1080,1920,1,0.625,6.40625,0.9983515739440918,1,325,0.00015673225308641974,417,0.7793764988009593,0.40638297872340423,772.3261538461538,452.3107692307692,775.4583333333334,451.4434523809524,1,451,0.6268343815513627,0.0,1,-0.21811221539974213
TRAIN,5hcafebs,17,3,4,10,1080,1920,1,0.7109375,6.84375,0.9989350438117981,1,360,0.00017361111111111112,488,0.7377049180327869,0.29572649572649573,877.8972222222222,416.6361111111111,883.1457286432161,416.66582914572865,1,487,0.6164122137404581,0.0,1,-0.2476409673690796
TRAIN,5hcafebs,17,4,5,10,1080,1920,1,0.88671875,7.15625,0.999220609664917,1,2129,0.0010267168209876544,1811,1.1755935946990612,0.6923672994963193,266.8116486613433,738.4875528417098,271.30728003573023,737.5069227333631,1,2237,0.8982608695652174,0.0,1,0.28240954875946045
TRAIN,5hcafebs,17,5,6,10,1080,1920,1,0.87890625,7.375,0.999373733997345,1,955,0.0004605516975308642,939,1.0170394036208732,0.6612068965517242,597.0973821989529,655.4,601.1697530864197,654.4228395061729,1,941,0.8884462151394422,0.0,1,0.3383989632129669
TRAIN,5hcafebs,17,6,7,10,1080,1920,1,0.73046875,7.8125,0.999595582485199,1,846,0.00040798611111111114,802,1.054862842892768,0.6904255319148936,731.8758865248227,707.9208037825059,734.9663526244952,707.3122476446837,1,856,0.6969092721834497,0.0,1,0.2428714483976364
TRAIN,5hcafebs,17,7,8,10,1080,1920,1,0.796875,9.375,0.9999151229858398,1,2602,0.0012548225308641975,2066,1.2594385285575993,0.8644556596971882,876.716756341276,711.2682551883166,878.243579766537,709.427626459144,1,2324,0.8190546528803545,0.0,1,0.2805340886116028
TRAIN,5hcafebs,17,8,9,10,1080,1920,1,0.76953125,8.5,0.9997965693473816,1,969,0.00046730324074074073,1034,0.937137330754352,0.6106346483704974,623.5737874097007,818.5376676986584,628.3212321232123,816.6292629262927,1,989,0.8316183348924229,0.0,1,0.2880832552909851
TRAIN,5hcafebs,17,9,10,10,1080,1920,1,0.80859375,9.0,0.9998766183853149,1,1867,0.000900366512345679,2459,0.7592517283448557,0.8621332091290173,547.615961435458,811.5581146223889,548.431722196152,813.0976067573908,1,2001,0.8667953667953668,0.0,1,0.3017657995223999
TRAIN,5hcafebs,18,0,1,10,1080,1920,1,0.8671875,7.46875,0.9994296431541443,1,739,0.0003563850308641975,806,0.9168734491315137,0.5093167701863354,439.80920162381597,357.3640054127199,444.64673157162724,356.23504867872043,1,767,0.8967254408060453,0.0,2,0.3709700107574463
TRAIN,5hcafebs,18,1,2,10,1080,1920,1,0.78125,7.90625,0.9996316432952881,1,857,0.00041329089506172837,964,0.8890041493775933,0.46153846153846156,470.31388564760795,459.8576429404901,475.48148148148147,458.76430976430976,1,878,0.6586998087954111,0.0,1,0.2870679199695587
TRAIN,5hcafebs,18,2,3,10,1080,1920,1,0.65234375,7.34375,0.99935382604599,1,325,0.00015673225308641974,417,0.7793764988009593,0.32653061224489793,768.3046153846154,457.23692307692306,772.3261538461538,452.3107692307692,1,472,0.6166328600405679,0.0,1,-0.25375279784202576
TRAIN,5hcafebs,18,3,4,10,1080,1920,1,0.71875,5.90625,0.997285008430481,1,428,0.00020640432098765433,488,0.8770491803278688,0.22170542635658916,871.4579439252336,417.94158878504675,877.8972222222222,416.6361111111111,1,439,0.6235955056179775,0.0,1,-0.3000238537788391
TRAIN,5hcafebs,18,4,5,10,1080,1920,1,0.88671875,6.84375,0.9989350438117981,1,2114,0.001019483024691358,1811,1.1673108779679735,0.6924611088950937,262.6608325449385,741.9257332071902,266.8116486613433,738.4875528417098,1,2282,0.8778299871849637,0.0,1,0.21845558285713196
TRAIN,5hcafebs,18,5,6,10,1080,1920,1,0.8828125,7.0625,0.9991440773010254,1,905,0.00043643904320987654,939,0.9637912673056444,0.6344463971880492,592.7149171270718,656.7977900552486,597.0973821989529,655.4,1,952,0.8776541961577351,0.0,1,0.37754756212234497
TRAIN,5hcafebs,18,6,7,10,1080,1920,1,0.7265625,8.0,0.9996646642684937,1,751,0.00036217206790123456,802,0.9364089775561097,0.5137440758293839,726.1904127829561,711.8601864181092,731.8758865248227,707.9208037825059,1,877,0.6976016684045881,0.0,1,0.23729939758777618
TRAIN,5hcafebs,18,7,8,10,1080,1920,1,0.80078125,8.875,0.9998601675033569,1,2540,0.001224922839506173,2066,1.229428848015489,0.7324797843665768,872.8641732283464,711.6811023622047,876.716756341276,711.2682551883166,1,2229,0.7834704562453254,0.0,1,0.25634217262268066
TRAIN,5hcafebs,18,8,9,10,1080,1920,1,0.76171875,8.8125,0.9998511075973511,1,1172,0.0005652006172839506,1034,1.1334622823984526,0.585925925925926,618.3344709897611,818.1544368600682,623.5737874097007,818.5376676986584,1,977,0.811973018549747,0.0,1,0.40218591690063477
TRAIN,5hcafebs,18,9,10,10,1080,1920,1,0.7890625,9.375,0.9999151229858398,1,1943,0.0009370177469135802,2459,0.7901586010573404,0.8065433854907539,546.111682964488,815.4513638703037,547.615961435458,811.5581146223889,1,1745,0.7773493975903615,0.0,1,0.3082725405693054
TRAIN,5hcafebs,19,0,1,10,1080,1920,1,0.86328125,7.40625,0.9993928670883179,1,727,0.0003505979938271605,806,0.901985111662531,0.42745861733203505,433.8968363136176,359.6588720770289,439.80920162381597,357.3640054127199,1,784,0.8562653562653563,0.0,2,0.3888164162635803
TRAIN,5hcafebs,19,1,2,10,1080,1920,1,0.7578125,8.375,0.9997695088386536,1,874,0.0004214891975308642,964,0.9066390041493776,0.4176904176904177,464.29176201372997,461.9050343249428,470.31388564760795,459.8576429404901,1,892,0.6306555863342567,0.0,1,0.33619430661201477
TRAIN,5hcafebs,19,2,3,10,1080,1920,1,0.64453125,7.53125,0.999464213848114,1,348,0.00016782407407407406,417,0.8345323741007195,0.1445578231292517,762.5977011494252,458.9109195402299,768.3046153846154,457.23692307692306,1,457,0.6770833333333334,0.0,1,-0.2593059837818146
TRAIN,5hcafebs,19,3,4,10,1080,1920,1,0.66796875,5.625,0.9964063763618469,1,377,0.0001818094135802469,488,0.7725409836065574,0.17862371888726208,864.5411140583554,421.17506631299733,871.4579439252336,417.94158878504675,1,390,0.5749486652977412,0.0,1,-0.2640511393547058
TRAIN,5hcafebs,19,4,5,10,1080,1920,1,0.890625,6.875,0.9989677667617798,1,2309,0.0011135223765432098,1811,1.274986195472115,0.655314371257485,257.7427457773928,744.3585967951494,262.6608325449385,741.9257332071902,1,2153,0.8422791081750619,0.0,1,0.22273321449756622
TRAIN,5hcafebs,19,5,6,10,1080,1920,1,0.875,7.375,0.999373733997345,1,983,0.00047405478395061727,939,1.0468583599574015,0.4960380348652932,586.2970498474059,660.323499491353,592.7149171270718,656.7977900552486,1,960,0.8593301435406698,0.0,1,0.3989953100681305
TRAIN,5hcafebs,19,6,7,10,1080,1920,1,0.75,7.96875,0.9996540546417236,1,731,0.0003525270061728395,802,0.9114713216957606,0.5782747603833865,720.7058823529412,713.3720930232558,726.1904127829561,711.8601864181092,1,852,0.7132034632034632,0.0,1,0.2759222686290741
TRAIN,5hcafebs,19,7,8,10,1080,1920,1,0.796875,8.9375,0.999868631362915,1,2156,0.0010397376543209876,2066,1.0435624394966119,0.6436821841092054,868.0635435992579,715.2430426716141,872.8641732283464,711.6811023622047,1,2354,0.7960971724412584,0.0,1,0.3044477701187134
TRAIN,5hcafebs,19,8,9,10,1080,1920,1,0.75,8.125,0.9997040629386902,1,902,0.0004349922839506173,1034,0.8723404255319149,0.5362962962962963,613.5077605321508,825.1629711751663,618.3344709897611,818.1544368600682,1,961,0.7692307692307693,0.0,1,0.3606117367744446
TRAIN,5hcafebs,19,9,10,10,1080,1920,1,0.7890625,9.5625,0.999929666519165,1,1901,0.0009167631172839506,2459,0.7730784871899146,0.7987833411324287,543.7453971593898,815.6059968437664,546.111682964488,815.4513638703037,1,1931,0.8629071463296062,0.0,1,0.2847282886505127
TRAIN,5hcafebs,20,0,1,10,1080,1920,1,0.8671875,7.6875,0.9995417594909668,1,722,0.0003481867283950617,806,0.8957816377171216,0.4417910447761194,428.18559556786704,360.70637119113576,433.8968363136176,359.6588720770289,1,773,0.875784190715182,0.0,2,0.3983435034751892
TRAIN,5hcafebs,20,1,2,10,1080,1920,1,0.78125,8.375,0.9997695088386536,1,939,0.00045283564814814817,964,0.9740663900414938,0.46682847896440127,459.31416400425985,465.34185303514374,464.29176201372997,461.9050343249428,1,908,0.663963963963964,0.0,1,0.2887359857559204
TRAIN,5hcafebs,20,2,3,10,1080,1920,1,0.6640625,7.03125,0.9991169571876526,1,366,0.00017650462962962962,417,0.8776978417266187,0.1724137931034483,757.016393442623,460.1311475409836,762.5977011494252,458.9109195402299,1,440,0.7076271186440678,0.0,1,-0.21617530286312103
TRAIN,5hcafebs,20,3,4,10,1080,1920,1,0.68359375,5.40625,0.9955315589904785,1,401,0.000193383487654321,488,0.8217213114754098,0.2310126582278481,858.351620947631,423.54613466334166,864.5411140583554,421.17506631299733,1,414,0.6431451612903226,0.0,1,-0.21197231113910675
TRAIN,5hcafebs,20,4,5,10,1080,1920,1,0.890625,7.09375,0.9991704225540161,1,2552,0.00123070987654321,1811,1.409166206515737,0.7491903562432529,254.33346394984326,745.4976489028213,257.7427457773928,744.3585967951494,1,2434,0.8398523985239852,0.0,1,0.24575278162956238
TRAIN,5hcafebs,20,5,6,10,1080,1920,1,0.8671875,7.375,0.999373733997345,1,1014,0.0004890046296296296,939,1.0798722044728435,0.5048982667671439,579.7199211045365,662.6696252465483,586.2970498474059,660.323499491353,1,972,0.8878326996197718,0.0,1,0.3347230553627014
TRAIN,5hcafebs,20,6,7,10,1080,1920,1,0.73828125,7.53125,0.999464213848114,1,694,0.00033468364197530864,802,0.8653366583541147,0.7148014440433214,717.6527377521613,715.164265129683,720.7058823529412,713.3720930232558,1,802,0.7077625570776256,0.0,1,0.35466858744621277
TRAIN,5hcafebs,20,7,8,10,1080,1920,1,0.7734375,9.0625,0.9998840093612671,1,2545,0.0012273341049382717,2066,1.2318489835430784,0.6849462365591398,863.969351669941,714.6836935166995,868.0635435992579,715.2430426716141,1,2329,0.803181650018498,0.0,1,0.2879994511604309
TRAIN,5hcafebs,20,8,9,10,1080,1920,1,0.76953125,8.875,0.9998601675033569,1,847,0.00040846836419753085,1034,0.8191489361702128,0.581374321880651,607.318772136954,826.8972845336482,613.5077605321508,825.1629711751663,1,999,0.758095238095238,0.0,1,0.3923524022102356
TRAIN,5hcafebs,20,9,10,10,1080,1920,1,0.8046875,9.625,0.9999339580535889,1,1961,0.0009456983024691358,2459,0.7974786498576657,0.7467209407507915,540.4742478327383,817.1570627231005,543.7453971593898,815.6059968437664,1,1856,0.8574209245742093,0.0,1,0.31106069684028625
TRAIN,5hcafebs,21,0,1,10,1080,1920,1,0.87109375,7.25,0.9992903470993042,1,856,0.00041280864197530866,806,1.0620347394540943,0.5057251908396947,423.0093457943925,363.3049065420561,428.18559556786704,360.70637119113576,1,789,0.8908045977011494,0.0,2,0.34956589341163635
TRAIN,5hcafebs,21,1,2,10,1080,1920,1,0.7890625,7.96875,0.9996540546417236,1,931,0.00044897762345679014,964,0.9657676348547718,0.4853057982525814,453.99033297529536,465.9280343716434,459.31416400425985,465.34185303514374,1,870,0.6629732225300092,0.0,1,0.22413405776023865
TRAIN,5hcafebs,21,2,3,10,1080,1920,1,0.68359375,6.875,0.9989677667617798,1,369,0.0001779513888888889,417,0.8848920863309353,0.23529411764705882,751.9430894308944,460.9891598915989,757.016393442623,460.1311475409836,1,438,0.6237424547283702,0.0,1,-0.21466635167598724
TRAIN,5hcafebs,21,3,4,10,1080,1920,1,0.69921875,5.90625,0.997285008430481,1,357,0.00017216435185185184,488,0.7315573770491803,0.29131175468483816,852.5546218487395,428.14285714285717,858.351620947631,423.54613466334166,1,435,0.5871743486973948,0.0,1,-0.2670593559741974
TRAIN,5hcafebs,21,4,5,10,1080,1920,1,0.8671875,7.40625,0.9993928670883179,1,2985,0.001439525462962963,1811,1.6482606294864717,0.6886245806648369,249.34840871021777,744.1289782244556,254.33346394984326,745.4976489028213,1,2427,0.7849604221635884,0.0,1,0.3030392825603485
TRAIN,5hcafebs,21,5,6,10,1080,1920,1,0.875,7.78125,0.9995827078819275,1,1024,0.0004938271604938272,939,1.0905218317358893,0.5498098859315589,573.65625,663.7177734375,579.7199211045365,662.6696252465483,1,959,0.8867745004757374,0.0,1,0.3265165090560913
TRAIN,5hcafebs,21,6,7,10,1080,1920,1,0.71484375,7.40625,0.9993928670883179,1,593,0.00028597608024691357,802,0.7394014962593516,0.5176886792452831,711.885328836425,715.0607082630692,717.6527377521613,715.164265129683,1,752,0.618531889290012,0.0,1,0.29580479860305786
TRAIN,5hcafebs,21,7,8,10,1080,1920,1,0.79296875,8.6875,0.9998313188552856,1,2342,0.0011294367283950617,2066,1.1335914811229428,0.6532476319350473,859.2818104184457,717.0209222886422,863.969351669941,714.6836935166995,1,2258,0.7982799061767005,0.0,1,0.323379248380661
TRAIN,5hcafebs,21,8,9,10,1080,1920,1,0.765625,8.9375,0.999868631362915,1,960,0.000462962962962963,1034,0.9284332688588007,0.5378723404255319,600.3854166666666,827.6145833333334,607.318772136954,826.8972845336482,1,999,0.7906764168190128,0.0,1,0.30653607845306396
TRAIN,5hcafebs,21,9,10,10,1080,1920,1,0.80078125,9.0625,0.9998840093612671,1,1708,0.0008236882716049382,2459,0.6945912972753152,0.6594301221166893,536.4303278688525,814.5386416861827,540.4742478327383,817.1570627231005,1,1814,0.7960224375318715,0.0,1,0.27652570605278015
TRAIN,5hcafebs,22,0,1,10,1080,1920,1,0.875,7.03125,0.9991169571876526,1,769,0.0003708526234567901,806,0.9540942928039702,0.3598326359832636,415.148244473342,364.82314694408325,423.0093457943925,363.3049065420561,1,785,0.9137931034482759,0.0,2,0.3960495889186859
TRAIN,5hcafebs,22,1,2,10,1080,1920,1,0.8046875,7.6875,0.9995417594909668,1,929,0.0004480131172839506,964,0.9636929460580913,0.3381294964028777,446.56081808396124,468.2497308934338,453.99033297529536,465.9280343716434,1,907,0.6690909090909091,0.0,1,0.22257347404956818
TRAIN,5hcafebs,22,2,3,10,1080,1920,1,0.65625,7.0625,0.9991440773010254,1,309,0.0001490162037037037,417,0.7410071942446043,0.07109004739336493,744.4207119741101,463.66343042071196,751.9430894308944,460.9891598915989,1,440,0.553941908713693,0.0,1,-0.23972822725772858
TRAIN,5hcafebs,22,3,4,10,1080,1920,1,0.6953125,6.15625,0.9978843331336975,1,423,0.00020399305555555557,488,0.8668032786885246,0.07586206896551724,842.6572104018912,430.49645390070924,852.5546218487395,428.14285714285717,1,414,0.5852272727272727,0.0,1,-0.2634658217430115
TRAIN,5hcafebs,22,4,5,10,1080,1920,1,0.8515625,7.40625,0.9993928670883179,1,2518,0.0012143132716049383,1811,1.390392048591938,0.7666131621187801,247.85901509134234,745.9475774424146,249.34840871021777,744.1289782244556,1,2447,0.8764172335600907,0.0,1,0.3001408576965332
TRAIN,5hcafebs,22,5,6,10,1080,1920,1,0.8828125,7.71875,0.999555766582489,1,1019,0.0004914158950617284,939,1.0851970181043664,0.44893617021276594,565.7419038272817,666.1746810598626,573.65625,663.7177734375,1,988,0.8933962264150943,0.0,1,0.3882964253425598
TRAIN,5hcafebs,22,6,7,10,1080,1920,1,0.68359375,6.78125,0.9988664388656616,1,515,0.00024836033950617284,802,0.64214463840399,0.5738636363636364,706.8019417475729,716.4291262135922,711.885328836425,715.0607082630692,1,605,0.635036496350365,0.0,1,0.31784236431121826
TRAIN,5hcafebs,22,7,8,10,1080,1920,1,0.7890625,8.875,0.9998601675033569,1,2499,0.001205150462962963,2066,1.2095837366892546,0.5343898573692552,852.2448979591836,719.6018407362945,859.2818104184457,717.0209222886422,1,2427,0.8366890380313199,0.0,1,0.2517288029193878
TRAIN,5hcafebs,22,8,9,10,1080,1920,1,0.765625,8.375,0.9997695088386536,1,1077,0.000519386574074074,1034,1.0415860735009672,0.5292792792792793,593.1959145775302,828.1996285979573,600.3854166666666,827.6145833333334,1,1064,0.811336717428088,0.0,1,0.26556432247161865
TRAIN,5hcafebs,22,9,10,10,1080,1920,1,0.81640625,9.375,0.9999151229858398,1,2008,0.0009683641975308642,2459,0.8165921106140708,0.5342691990090834,529.3022908366534,818.1932270916335,536.4303278688525,814.5386416861827,1,1868,0.7927844588344126,0.0,1,0.29354292154312134
TRAIN,5hcafebs,23,0,1,10,1080,1920,1,0.87109375,7.1875,0.9992445707321167,1,787,0.0003795331790123457,806,0.9764267990074442,0.2118380062305296,404.5146124523507,367.09148665819566,415.148244473342,364.82314694408325,1,786,0.8883553421368547,0.0,2,0.3675258755683899
TRAIN,5hcafebs,23,1,2,10,1080,1920,1,0.78515625,8.625,0.9998205304145813,1,930,0.00044849537037037037,964,0.9647302904564315,0.2001291155584248,436.0290322580645,471.258064516129,446.56081808396124,468.2497308934338,1,894,0.706267539756782,0.0,1,0.27045196294784546
TRAIN,5hcafebs,23,2,3,10,1080,1920,1,0.66015625,7.78125,0.9995827078819275,1,378,0.00018229166666666667,417,0.9064748201438849,0.03308270676691729,736.1031746031746,465.05555555555554,744.4207119741101,463.66343042071196,1,489,0.6966731898238747,0.0,1,-0.22651706635951996
TRAIN,5hcafebs,23,3,4,10,1080,1920,1,0.69921875,6.125,0.9978172779083252,1,407,0.0001962770061728395,488,0.8340163934426229,0.05732484076433121,831.8034398034398,432.7076167076167,842.6572104018912,430.49645390070924,1,441,0.5251798561151079,0.0,1,-0.22463056445121765
TRAIN,5hcafebs,23,4,5,10,1080,1920,1,0.859375,7.0625,0.9991440773010254,1,2340,0.0011284722222222221,1811,1.2921038100496962,0.5436924054655227,240.62051282051283,751.4692307692308,247.85901509134234,745.9475774424146,1,2575,0.8353248693054518,0.0,1,0.25832685828208923
TRAIN,5hcafebs,23,5,6,10,1080,1920,1,0.87890625,7.28125,0.999312162399292,1,1063,0.0005126350308641975,939,1.132055378061768,0.38615179760319573,556.3819379115711,670.0065851364064,565.7419038272817,666.1746810598626,1,1013,0.8585496866606983,0.0,1,0.30852141976356506
TRAIN,5hcafebs,23,6,7,10,1080,1920,1,0.68359375,7.21875,0.9992678761482239,1,475,0.0002290702160493827,802,0.5922693266832918,0.4244604316546763,699.6863157894737,717.3789473684211,706.8019417475729,716.4291262135922,1,497,0.609271523178808,0.0,1,0.3464739918708801
TRAIN,5hcafebs,23,7,8,10,1080,1920,1,0.77734375,9.5625,0.999929666519165,1,2155,0.001039255401234568,2066,1.043078412391094,0.3875968992248062,841.5146171693735,720.0051044083526,852.2448979591836,719.6018407362945,1,2543,0.7367837338262477,0.0,1,0.3117530345916748
TRAIN,5hcafebs,23,8,9,10,1080,1920,1,0.79296875,8.125,0.9997040629386902,1,941,0.00045380015432098766,1034,0.9100580270793037,0.46656976744186046,584.2327311370882,832.3421891604676,593.1959145775302,828.1996285979573,1,1047,0.8007246376811594,0.0,1,0.33416375517845154
TRAIN,5hcafebs,23,9,10,10,1080,1920,1,0.82421875,9.4375,0.9999203681945801,1,1862,0.0008979552469135803,2459,0.7572183814558764,0.43280266567937803,519.7427497314716,822.6009667024705,529.3022908366534,818.1932270916335,1,1876,0.8486646884272997,0.0,1,0.32350704073905945
TRAIN,5hcafebs,24,0,1,10,1080,1920,1,0.87890625,7.1875,0.9992445707321167,1,800,0.00038580246913580245,806,0.9925558312655087,0.09372846312887664,390.50375,369.55,404.5146124523507,367.09148665819566,1,794,0.8976190476190476,0.0,2,0.3405705690383911
TRAIN,5hcafebs,24,1,2,10,1080,1920,1,0.8203125,8.0,0.9996646642684937,1,825,0.0003978587962962963,964,0.8558091286307054,0.10795454545454546,422.4909090909091,470.9806060606061,436.0290322580645,471.258064516129,1,876,0.6791707798617966,0.0,1,0.24623659253120422
TRAIN,5hcafebs,24,2,3,10,1080,1920,1,0.6171875,6.84375,0.9989350438117981,1,386,0.00018614969135802469,417,0.9256594724220624,0.0,722.3860103626943,469.50518134715026,736.1031746031746,465.05555555555554,1,452,0.5841209829867675,0.0,1,-0.17576292157173157
TRAIN,5hcafebs,24,3,4,10,1080,1920,1,0.62109375,5.625,0.9964063763618469,1,418,0.00020158179012345678,488,0.8565573770491803,0.0,817.6602870813397,429.46411483253587,831.8034398034398,432.7076167076167,1,437,0.71,0.0,1,-0.3119701147079468
TRAIN,5hcafebs,24,4,5,10,1080,1920,1,0.86328125,6.75,0.9988304972648621,1,2255,0.0010874807098765432,1811,1.2451684152401987,0.3039160045402951,226.25543237250554,756.4665188470067,240.62051282051283,751.4692307692308,1,2571,0.8363774733637748,0.0,1,0.2627773880958557
TRAIN,5hcafebs,24,5,6,10,1080,1920,1,0.875,7.5,0.9994471669197083,1,1068,0.0005150462962962963,939,1.1373801916932906,0.24765807962529274,542.9719101123595,672.1619850187266,556.3819379115711,670.0065851364064,1,980,0.8517179023508138,0.0,1,0.3506579101085663
TRAIN,5hcafebs,24,6,7,10,1080,1920,1,0.67578125,7.53125,0.999464213848114,1,415,0.00020013503086419753,802,0.5174563591022444,0.12944162436548223,686.8048192771084,717.4650602409639,699.6863157894737,717.3789473684211,1,448,0.5719489981785064,0.0,1,0.20336759090423584
TRAIN,5hcafebs,24,7,8,10,1080,1920,1,0.80859375,8.75,0.999841570854187,1,2463,0.0011877893518518518,2066,1.19215876089061,0.282421549569564,827.9663012586277,726.5302476654487,841.5146171693735,720.0051044083526,1,2602,0.8005687877710629,0.0,1,0.2765488624572754
TRAIN,5hcafebs,24,8,9,10,1080,1920,1,0.78125,9.0,0.9998766183853149,1,874,0.0004214891975308642,1034,0.8452611218568665,0.3219227967953387,571.0835240274599,836.37528604119,584.2327311370882,832.3421891604676,1,1055,0.7584320875113947,0.0,1,0.3894205093383789
TRAIN,5hcafebs,24,9,10,10,1080,1920,1,0.80078125,8.6875,0.9998313188552856,1,1960,0.000945216049382716,2459,0.7970719804798698,0.22775457757789913,504.62448979591835,823.8454081632653,519.7427497314716,822.6009667024705,1,1755,0.7886374578719306,0.0,1,0.31070786714553833
TRAIN,5hcafebs,25,0,1,10,1080,1920,1,0.87890625,7.21875,0.9992678761482239,1,802,0.000386766975308642,806,0.9950372208436724,0.0,368.7917705735661,371.211970074813,390.50375,369.55,1,794,0.9182692307692307,0.0,2,0.36066609621047974
TRAIN,5hcafebs,25,1,2,10,1080,1920,1,0.8203125,8.25,0.9997387528419495,1,907,0.000437403549382716,964,0.9408713692946058,0.0005777007510109763,400.664829106946,474.9426681367144,422.4909090909091,470.9806060606061,1,934,0.6936522539098436,0.0,1,0.2876013219356537
TRAIN,5hcafebs,25,2,3,10,1080,1920,1,0.625,7.28125,0.999312162399292,1,385,0.00018566743827160494,417,0.9232613908872902,0.0,703.8675324675324,467.03636363636366,722.3860103626943,469.50518134715026,1,482,0.7100591715976331,0.0,1,-0.20992228388786316
TRAIN,5hcafebs,25,3,4,10,1080,1920,1,0.6171875,5.59375,0.996292769908905,1,432,0.00020833333333333335,488,0.8852459016393442,0.0,796.2569444444445,428.16898148148147,817.6602870813397,429.46411483253587,1,383,0.6043307086614174,0.0,1,-0.18564440310001373
TRAIN,5hcafebs,25,4,5,10,1080,1920,1,0.84375,6.46875,0.9984512329101562,1,2374,0.0011448688271604938,1811,1.3108779679734952,0.10424618320610687,202.5155855096883,760.3504633529907,226.25543237250554,756.4665188470067,1,2580,0.8233345601766654,0.0,1,0.30199000239372253
TRAIN,5hcafebs,25,5,6,10,1080,1920,1,0.87109375,7.53125,0.999464213848114,1,1084,0.0005227623456790124,939,1.154419595314164,0.09908069458631256,522.8394833948339,674.6457564575646,542.9719101123595,672.1619850187266,1,1011,0.8638790035587188,0.0,1,0.29832425713539124
TRAIN,5hcafebs,25,6,7,10,1080,1920,1,0.703125,7.1875,0.9992445707321167,1,428,0.00020640432098765433,802,0.5336658354114713,0.0,666.6004672897196,721.5163551401869,686.8048192771084,717.4650602409639,1,454,0.618348623853211,0.0,1,0.26002344489097595
TRAIN,5hcafebs,25,7,8,10,1080,1920,1,0.796875,9.125,0.9998910427093506,1,2413,0.0011636766975308642,2066,1.1679574056147144,0.17465670922669235,808.8549523414837,726.2979693327808,827.9663012586277,726.5302476654487,1,2710,0.7460804362644854,0.0,1,0.3814087212085724
TRAIN,5hcafebs,25,8,9,10,1080,1920,1,0.80078125,9.0625,0.9998840093612671,1,1007,0.0004856288580246914,1034,0.9738878143133463,0.1589648798521257,551.7924528301887,838.1936444885799,571.0835240274599,836.37528604119,1,1022,0.7955752212389381,0.0,1,0.3214838206768036
TRAIN,5hcafebs,25,9,10,10,1080,1920,1,0.8125,8.875,0.9998601675033569,1,1706,0.0008227237654320988,2459,0.6937779585197235,0.08333333333333333,483.48827667057446,825.8622508792497,504.62448979591835,823.8454081632653,1,1582,0.80065717415115,0.0,1,0.3137446641921997
TRAIN,5hcafebs,26,0,1,10,1080,1920,1,0.87890625,7.125,0.9991958737373352,1,740,0.0003568672839506173,806,0.9181141439205955,0.0,345.1027027027027,371.76756756756754,368.7917705735661,371.211970074813,1,830,0.8623962040332147,0.0,2,0.3594490587711334
TRAIN,5hcafebs,26,1,2,10,1080,1920,1,0.81640625,8.0625,0.9996849298477173,1,941,0.00045380015432098766,964,0.9761410788381742,0.0,376.769394261424,476.05632306057385,400.664829106946,474.9426681367144,1,915,0.6826835902085222,0.0,1,0.27048954367637634
TRAIN,5hcafebs,26,2,3,10,1080,1920,1,0.625,7.625,0.9995121955871582,1,400,0.00019290123456790122,417,0.9592326139088729,0.0,681.7275,468.335,703.8675324675324,467.03636363636366,1,466,0.6186915887850467,0.0,1,-0.19700965285301208
TRAIN,5hcafebs,26,3,4,10,1080,1920,1,0.625,5.625,0.9964063763618469,1,295,0.00014226466049382716,488,0.6045081967213115,0.0,775.3830508474576,435.00677966101694,796.2569444444445,428.16898148148147,1,372,0.4531590413943355,0.0,1,-0.2529295086860657
TRAIN,5hcafebs,26,4,5,10,1080,1920,1,0.84375,6.21875,0.9980121850967407,1,2317,0.001117380401234568,1811,1.2794036443953616,0.049205994184746145,175.06430729391454,763.4302977988779,202.5155855096883,760.3504633529907,1,2639,0.8294573643410853,0.0,1,0.3278580904006958
TRAIN,5hcafebs,26,5,6,10,1080,1920,1,0.87890625,7.15625,0.999220609664917,1,1079,0.0005203510802469136,939,1.1490947816826411,0.07772795216741404,501.03058387395737,676.0417052826691,522.8394833948339,674.6457564575646,1,1021,0.8666666666666667,0.0,1,0.2801547646522522
TRAIN,5hcafebs,26,6,7,10,1080,1920,1,0.66015625,6.65625,0.9987157583236694,1,427,0.00020592206790123456,802,0.5324189526184538,0.00117096018735363,644.6604215456674,723.7658079625293,666.6004672897196,721.5163551401869,1,462,0.6018018018018018,0.0,1,0.31750398874282837
TRAIN,5hcafebs,26,7,8,10,1080,1920,1,0.75,8.8125,0.9998511075973511,1,2664,0.0012847222222222223,2066,1.2894482090997095,0.14424160468785216,788.0837087087087,724.5521771771772,808.8549523414837,726.2979693327808,1,2899,0.7212252475247525,0.0,1,0.25466388463974
TRAIN,5hcafebs,26,8,9,10,1080,1920,1,0.796875,8.3125,0.9997546076774597,1,917,0.0004422260802469136,1034,0.8868471953578336,0.1186046511627907,529.9672846237731,839.2704471101417,551.7924528301887,838.1936444885799,1,1025,0.8132586367880486,0.0,1,0.30563491582870483
TRAIN,5hcafebs,26,9,10,10,1080,1920,1,0.80859375,8.5,0.9997965693473816,1,1881,0.0009071180555555555,2459,0.7649450996339976,0.05314151497357604,459.70175438596493,830.7224880382776,483.48827667057446,825.8622508792497,1,1632,0.7896077432501274,0.0,1,0.279424250125885
TRAIN,5hcafebs,27,0,1,10,1080,1920,1,0.8828125,7.375,0.999373733997345,1,779,0.00037567515432098764,806,0.966501240694789,0.0,324.53915275994865,371.1566110397946,345.1027027027027,371.76756756756754,1,848,0.8722669735327964,0.0,2,0.403749018907547
TRAIN,5hcafebs,27,1,2,10,1080,1920,1,0.7890625,9.0,0.9998766183853149,1,961,0.0004634452160493827,964,0.9968879668049793,0.011164274322169059,356.2570239334027,476.2809573361082,376.769394261424,476.05632306057385,1,923,0.6896860986547085,0.0,1,0.2825068533420563
TRAIN,5hcafebs,27,2,3,10,1080,1920,1,0.625,6.71875,0.998793363571167,1,321,0.00015480324074074075,417,0.7697841726618705,0.0,664.0529595015577,471.29906542056074,681.7275,468.335,1,453,0.6260504201680672,0.0,1,-0.2367890179157257
TRAIN,5hcafebs,27,3,4,10,1080,1920,1,0.62890625,5.1875,0.9944451451301575,1,482,0.000232445987654321,488,0.9877049180327869,0.0,754.2738589211618,430.12240663900417,775.3830508474576,435.00677966101694,1,405,0.5782918149466192,0.0,1,-0.241389662027359
TRAIN,5hcafebs,27,4,5,10,1080,1920,1,0.86328125,5.96875,0.9974491000175476,1,2529,0.0012196180555555556,1811,1.3964660408614025,0.08727843841148755,149.2835112692764,765.910636615263,175.06430729391454,763.4302977988779,1,2510,0.8746279761904762,0.0,1,0.23876647651195526
TRAIN,5hcafebs,27,5,6,10,1080,1920,1,0.87109375,7.53125,0.999464213848114,1,1107,0.0005338541666666666,939,1.1789137380191694,0.1714898177920686,483.9015356820235,676.0677506775068,501.03058387395737,676.0417052826691,1,1025,0.8751099384344767,0.0,1,0.41906577348709106
TRAIN,5hcafebs,27,6,7,10,1080,1920,1,0.68359375,6.75,0.9988304972648621,1,352,0.00016975308641975308,802,0.4389027431421446,0.03590425531914894,626.6619318181819,722.2386363636364,644.6604215456674,723.7658079625293,1,505,0.5753676470588235,0.0,1,0.24964560568332672
TRAIN,5hcafebs,27,7,8,10,1080,1920,1,0.77734375,9.125,0.9998910427093506,1,2281,0.0011000192901234568,2066,1.1040658276863504,0.17235656709340919,769.6251644015782,726.0092064883822,788.0837087087087,724.5521771771772,1,2880,0.6849493960169768,0.0,1,0.3613780736923218
TRAIN,5hcafebs,27,8,9,10,1080,1920,1,0.7890625,8.5,0.9997965693473816,1,976,0.000470679012345679,1034,0.9439071566731141,0.17286245353159851,511.36168032786884,839.8094262295082,529.9672846237731,839.2704471101417,1,988,0.7838328792007266,0.0,1,0.28232765197753906
TRAIN,5hcafebs,27,9,10,10,1080,1920,1,0.796875,8.3125,0.9997546076774597,1,1724,0.0008314043209876543,2459,0.7010980073200488,0.0907715582450832,440.7558004640371,832.6131090487239,459.70175438596493,830.7224880382776,1,1539,0.7421249332621462,0.0,1,0.2833744287490845
TRAIN,5hcafebs,28,0,1,10,1080,1920,1,0.87890625,7.03125,0.9991169571876526,1,785,0.0003785686728395062,806,0.9739454094292804,0.0103359173126615,306.1949044585987,372.52101910828026,324.53915275994865,371.1566110397946,1,827,0.892018779342723,0.0,2,0.36933618783950806
TRAIN,5hcafebs,28,1,2,10,1080,1920,1,0.82421875,7.875,0.9996199607849121,1,827,0.0003988233024691358,964,0.8578838174273858,0.03352601156069364,339.2817412333736,474.2249093107618,356.2570239334027,476.2809573361082,1,926,0.6413857677902621,0.0,1,0.24465268850326538
TRAIN,5hcafebs,28,2,3,10,1080,1920,1,0.6640625,6.96875,0.9990600943565369,1,444,0.00021412037037037038,417,1.064748201438849,0.0,646.1283783783783,471.47972972972974,664.0529595015577,471.29906542056074,1,476,0.5257048092868989,0.0,1,-0.19300134479999542
TRAIN,5hcafebs,28,3,4,10,1080,1920,1,0.63671875,6.25,0.9980732202529907,1,460,0.00022183641975308642,488,0.9426229508196722,0.0,738.4217391304347,431.2217391304348,754.2738589211618,430.12240663900417,1,414,0.6185185185185185,0.0,1,-0.244658961892128
TRAIN,5hcafebs,28,4,5,10,1080,1920,1,0.87890625,6.3125,0.9981897473335266,1,2624,0.0012654320987654322,1811,1.4489232468249587,0.2082063305978898,128.7267530487805,771.0251524390244,149.2835112692764,765.910636615263,1,2617,0.8941091434766896,0.0,1,0.3167959153652191
TRAIN,5hcafebs,28,5,6,10,1080,1920,1,0.875,7.71875,0.999555766582489,1,1164,0.0005613425925925926,939,1.2396166134185302,0.21378941742383753,468.057560137457,676.610824742268,483.9015356820235,676.0677506775068,1,1085,0.8820083682008368,0.0,1,0.2899893820285797
TRAIN,5hcafebs,28,6,7,10,1080,1920,1,0.72265625,6.8125,0.9989012479782104,1,392,0.0001890432098765432,802,0.48877805486284287,0.0782608695652174,609.8494897959183,723.6173469387755,626.6619318181819,722.2386363636364,1,539,0.6051724137931035,0.0,1,0.24154061079025269
TRAIN,5hcafebs,28,7,8,10,1080,1920,1,0.765625,9.1875,0.9998977184295654,1,2483,0.001197434413580247,2066,1.201839303000968,0.2451646628332462,754.2670157068063,727.3544099879178,769.6251644015782,726.0092064883822,1,2874,0.7164370394104453,0.0,1,0.3021191656589508
TRAIN,5hcafebs,28,8,9,10,1080,1920,1,0.78515625,9.0,0.9998766183853149,1,934,0.0004504243827160494,1034,0.9032882011605415,0.24025974025974026,494.7387580299786,841.1980728051392,511.36168032786884,839.8094262295082,1,1026,0.7932296431838975,0.0,1,0.36298617720603943
TRAIN,5hcafebs,28,9,10,10,1080,1920,1,0.8046875,8.3125,0.9997546076774597,1,1634,0.0007880015432098766,2459,0.6644977633184221,0.0783558124598587,421.43084455324356,832.9657282741738,440.7558004640371,832.6131090487239,1,1660,0.8118811881188119,0.0,1,0.2907417416572571
TRAIN,5hcafebs,29,0,1,10,1080,1920,1,0.875,6.875,0.9989677667617798,1,802,0.000386766975308642,806,0.9950372208436724,0.0,283.7581047381546,368.2206982543641,306.1949044585987,372.52101910828026,1,864,0.8846153846153846,0.0,2,0.36552757024765015
TRAIN,5hcafebs,29,1,2,10,1080,1920,1,0.8359375,8.0,0.9996646642684937,1,813,0.00039207175925925927,964,0.8433609958506224,0.001221001221001221,317.4366543665437,470.83025830258305,339.2817412333736,474.2249093107618,1,951,0.6228150873965042,0.0,1,0.2596670389175415
TRAIN,5hcafebs,29,2,3,10,1080,1920,1,0.63671875,7.6875,0.9995417594909668,1,451,0.00021749614197530865,417,1.0815347721822541,0.0,627.5343680709534,465.3259423503326,646.1283783783783,471.47972972972974,1,474,0.6400709219858156,0.0,1,-0.1848454624414444
TRAIN,5hcafebs,29,3,4,10,1080,1920,1,0.703125,6.625,0.9986749291419983,1,494,0.00023823302469135803,488,1.0122950819672132,0.0,717.84008097166,428.61336032388664,738.4217391304347,431.2217391304348,1,447,0.6393728222996515,0.0,1,-0.21656596660614014
TRAIN,5hcafebs,29,4,5,10,1080,1920,1,0.90234375,5.96875,0.9974491000175476,1,2889,0.0013932291666666667,1811,1.5952512424075096,0.10127846584099082,99.90446521287643,769.275527864313,128.7267530487805,771.0251524390244,1,2736,0.9048425330172706,0.0,1,0.28744813799858093
TRAIN,5hcafebs,29,5,6,10,1080,1920,1,0.88671875,6.96875,0.9990600943565369,1,1159,0.0005589313271604938,939,1.2342917997870075,0.15113974231912786,449.2381363244176,673.4460742018982,468.057560137457,676.610824742268,1,1114,0.880066170388751,0.0,1,0.272231787443161
TRAIN,5hcafebs,29,6,7,10,1080,1920,1,0.71484375,7.375,0.999373733997345,1,386,0.00018614969135802469,802,0.48129675810473815,0.03183023872679045,590.3212435233161,720.4740932642487,609.8494897959183,723.6173469387755,1,536,0.5924006908462867,0.0,1,0.24624525010585785
TRAIN,5hcafebs,29,7,8,10,1080,1920,1,0.76171875,8.875,0.9998601675033569,1,2390,0.0011525848765432099,2066,1.1568247821878026,0.15146502835538753,734.6284518828452,724.9138075313807,754.2670157068063,727.3544099879178,1,2861,0.715452466514211,0.0,1,0.3052525818347931
TRAIN,5hcafebs,29,8,9,10,1080,1920,1,0.80078125,8.3125,0.9997546076774597,1,899,0.00043354552469135804,1034,0.8694390715667312,0.17953667953667954,475.9310344827586,838.4571746384872,494.7387580299786,841.1980728051392,1,1044,0.7858455882352942,0.0,1,0.35407179594039917
TRAIN,5hcafebs,29,9,10,10,1080,1920,1,0.78125,8.9375,0.999868631362915,1,1554,0.0007494212962962963,2459,0.6319642130947539,0.04799474030243261,398.27863577863576,831.2953667953668,421.43084455324356,832.9657282741738,1,1562,0.7714610574189881,0.0,1,0.30694299936294556
TRAIN,5hcafebs,30,0,1,10,1080,1920,1,0.88671875,6.25,0.9980732202529907,1,848,0.0004089506172839506,806,1.0521091811414391,0.0,262.813679245283,362.626179245283,283.7581047381546,368.2206982543641,1,909,0.8974082073434125,0.0,2,0.40778565406799316
TRAIN,5hcafebs,30,1,2,10,1080,1920,1,0.80859375,7.625,0.9995121955871582,1,825,0.0003978587962962963,964,0.8558091286307054,0.004291845493562232,296.1260606060606,465.9115151515152,317.4366543665437,470.83025830258305,1,968,0.6788389513108615,0.0,1,0.25812843441963196
TRAIN,5hcafebs,30,2,3,10,1080,1920,1,0.67578125,7.40625,0.9993928670883179,1,385,0.00018566743827160494,417,0.9232613908872902,0.0,609.2415584415585,459.6181818181818,627.5343680709534,465.3259423503326,1,439,0.6125244618395304,0.0,1,-0.17654162645339966
TRAIN,5hcafebs,30,3,4,10,1080,1920,1,0.6953125,6.625,0.9986749291419983,1,450,0.00021701388888888888,488,0.9221311475409836,0.0,698.5044444444444,423.7577777777778,717.84008097166,428.61336032388664,1,424,0.6155268022181146,0.0,1,-0.2578980326652527
TRAIN,5hcafebs,30,4,5,10,1080,1920,1,0.89453125,5.5625,0.9961755275726318,1,2480,0.0011959876543209877,1811,1.3694091662065158,0.11552046540619157,73.0608870967742,766.8048387096774,99.90446521287643,769.275527864313,1,2323,0.922738190552442,0.0,1,0.3045501112937927
TRAIN,5hcafebs,30,5,6,10,1080,1920,1,0.875,7.15625,0.999220609664917,1,1166,0.0005623070987654321,939,1.2417465388711395,0.14363010329562223,430.40909090909093,669.434819897084,449.2381363244176,673.4460742018982,1,1123,0.9027431421446384,0.0,1,0.3703165054321289
TRAIN,5hcafebs,30,6,7,10,1080,1920,1,0.66796875,7.59375,0.9994966983795166,1,508,0.00024498456790123457,802,0.6334164588528678,0.017064846416382253,570.2933070866142,718.3031496062993,590.3212435233161,720.4740932642487,1,567,0.6141141141141141,0.0,1,0.36362141370773315
TRAIN,5hcafebs,30,7,8,10,1080,1920,1,0.78125,9.0625,0.9998840093612671,1,2362,0.0011390817901234568,2066,1.1432720232333011,0.14506024096385542,714.7718035563082,719.2451312447079,734.6284518828452,724.9138075313807,1,2988,0.6578865819646731,0.0,1,0.2920275926589966
TRAIN,5hcafebs,30,8,9,10,1080,1920,1,0.79296875,8.5,0.9997965693473816,1,868,0.00041859567901234566,1034,0.839458413926499,0.15339425587467362,455.72926267281105,835.3018433179724,475.9310344827586,838.4571746384872,1,1032,0.7823639774859287,0.0,1,0.39379647374153137
TRAIN,5hcafebs,30,9,10,10,1080,1920,1,0.78125,8.5,0.9997965693473816,1,1688,0.0008140432098765432,2459,0.6864579097193981,0.09861064046086072,378.8418246445498,827.7855450236967,398.27863577863576,831.2953667953668,1,1651,0.7874732334047109,0.0,1,0.25074052810668945
TRAIN,5hcafebs,31,0,1,10,1080,1920,1,0.87890625,6.84375,0.9989350438117981,1,819,0.0003949652777777778,806,1.0161290322580645,0.02144607843137255,245.18192918192918,360.3076923076923,262.813679245283,362.626179245283,1,841,0.8971428571428571,0.0,2,0.4035714268684387
TRAIN,5hcafebs,31,1,2,10,1080,1920,1,0.78125,8.8125,0.9998511075973511,1,1006,0.0004851466049382716,964,1.0435684647302905,0.03446327683615819,279.1500994035785,467.6123260437376,296.1260606060606,465.9115151515152,1,982,0.6790540540540541,0.0,1,0.2936985492706299
TRAIN,5hcafebs,31,2,3,10,1080,1920,1,0.671875,8.125,0.9997040629386902,1,477,0.0002300347222222222,417,1.143884892086331,0.0,594.2117400419287,457.5157232704403,609.2415584415585,459.6181818181818,1,549,0.5475113122171946,0.0,1,-0.18163201212882996
TRAIN,5hcafebs,31,3,4,10,1080,1920,1,0.6953125,6.875,0.9989677667617798,1,652,0.000314429012345679,488,1.3360655737704918,0.0,681.0444785276073,417.1411042944785,698.5044444444444,423.7577777777778,1,494,0.6656976744186046,0.0,1,-0.24026255309581757
TRAIN,5hcafebs,31,4,5,10,1080,1920,1,0.8828125,5.78125,0.9969245791435242,1,1966,0.0009481095679012345,1811,1.0855880728879073,0.13043478260869565,51.6383519837233,767.7156663275687,73.0608870967742,766.8048387096774,1,1884,0.8229166666666666,0.0,1,0.2589539885520935
TRAIN,5hcafebs,31,5,6,10,1080,1920,1,0.875,7.6875,0.9995417594909668,1,1224,0.0005902777777777778,939,1.3035143769968052,0.19679519278918378,413.77369281045753,667.3513071895425,430.40909090909093,669.434819897084,1,1214,0.9002338269680437,0.0,1,0.32180023193359375
TRAIN,5hcafebs,31,6,7,10,1080,1920,1,0.65625,7.34375,0.99935382604599,1,434,0.00020929783950617283,802,0.5411471321695761,0.1187648456057007,555.6635944700461,715.3594470046083,570.2933070866142,718.3031496062993,1,523,0.6331058020477816,0.0,1,0.2654951810836792
TRAIN,5hcafebs,31,7,8,10,1080,1920,1,0.76171875,9.375,0.9999151229858398,1,2512,0.0012114197530864197,2066,1.2158760890609874,0.3386432298819006,702.2587579617834,716.9625796178344,714.7718035563082,719.2451312447079,1,2995,0.7075968992248062,0.0,1,0.28565147519111633
TRAIN,5hcafebs,31,8,9,10,1080,1920,1,0.78125,8.5,0.9997965693473816,1,874,0.0004214891975308642,1034,0.8452611218568665,0.26690909090909093,440.75858123569793,835.6899313501144,455.72926267281105,835.3018433179724,1,1018,0.7665732959850607,0.0,1,0.34347298741340637
TRAIN,5hcafebs,31,9,10,10,1080,1920,1,0.80859375,8.8125,0.9998511075973511,1,1758,0.0008478009259259259,2459,0.7149247661651078,0.182566918325326,363.8179749715586,828.9203640500568,378.8418246445498,827.7855450236967,1,1664,0.7991587802313355,0.0,1,0.31985169649124146
TRAIN,5hcafebs,32,0,1,10,1080,1920,1,0.8828125,6.78125,0.9988664388656616,1,821,0.0003959297839506173,806,1.0186104218362282,0.08825481088254811,230.55176613885504,357.02679658952496,245.18192918192918,360.3076923076923,1,824,0.9217289719626168,0.0,2,0.37682297825813293
TRAIN,5hcafebs,32,1,2,10,1080,1920,1,0.8046875,7.65625,0.9995272159576416,1,883,0.00042582947530864196,964,0.9159751037344398,0.10081585081585082,263.9150622876557,461.11211778029445,279.1500994035785,467.6123260437376,1,1014,0.6255355612682091,0.0,1,0.2571668028831482
TRAIN,5hcafebs,32,2,3,10,1080,1920,1,0.66015625,7.84375,0.9996079802513123,1,480,0.0002314814814814815,417,1.1510791366906474,0.0,579.9729166666667,453.13125,594.2117400419287,457.5157232704403,1,553,0.44273743016759776,0.0,1,-0.3090361952781677
TRAIN,5hcafebs,32,3,4,10,1080,1920,1,0.6796875,5.96875,0.9974491000175476,1,485,0.00023389274691358025,488,0.9938524590163934,0.0008802816901408451,668.3092783505155,413.9237113402062,681.0444785276073,417.1411042944785,1,504,0.6677908937605397,0.0,1,-0.196733295917511
TRAIN,5hcafebs,32,4,5,10,1080,1920,1,0.8203125,5.15625,0.9942697286605835,1,1555,0.0007499035493827161,1811,0.8586416344561016,0.047293277810826886,31.10225080385852,761.2881028938907,51.6383519837233,767.7156663275687,1,1476,0.8358570563294972,0.0,1,0.3247389793395996
TRAIN,5hcafebs,32,5,6,10,1080,1920,1,0.85546875,7.3125,0.9993333220481873,1,1163,0.0005608603395061728,939,1.2385516506922258,0.2285126093669583,398.1788478073947,663.9802235597592,413.77369281045753,667.3513071895425,1,1190,0.9021827000808408,0.0,1,0.38802868127822876
TRAIN,5hcafebs,32,6,7,10,1080,1920,1,0.62890625,7.40625,0.9993928670883179,1,385,0.00018566743827160494,802,0.4800498753117207,0.1750358680057389,543.709090909091,712.1584415584416,555.6635944700461,715.3594470046083,1,428,0.5224719101123596,0.0,1,0.2709724009037018
TRAIN,5hcafebs,32,7,8,10,1080,1920,1,0.75390625,8.75,0.999841570854187,1,2474,0.0011930941358024691,2066,1.1974830590513068,0.27617097517276684,687.4567502021018,714.3435731608731,702.2587579617834,716.9625796178344,1,2954,0.6957200874726648,0.0,1,0.28720057010650635
TRAIN,5hcafebs,32,8,9,10,1080,1920,1,0.7890625,8.4375,0.999783456325531,1,830,0.00040027006172839506,1034,0.8027079303675049,0.3138010794140324,427.4843373493976,832.5530120481927,440.75858123569793,835.6899313501144,1,1055,0.7325367647058824,0.0,1,0.342990905046463
TRAIN,5hcafebs,32,9,10,10,1080,1920,1,0.79296875,8.5,0.9997965693473816,1,1852,0.0008931327160493827,2459,0.7531516876779178,0.29205440229062274,351.49082073434124,825.964362850972,363.8179749715586,828.9203640500568,1,1736,0.8334184977005621,0.0,1,0.2822861075401306
TRAIN,5hcafebs,33,0,1,10,1080,1920,1,0.88671875,7.03125,0.9991169571876526,1,808,0.0003896604938271605,806,1.0024813895781637,0.08890374331550802,216.16955445544554,354.11014851485146,230.55176613885504,357.02679658952496,1,875,0.8888888888888888,0.0,2,0.4092877209186554
TRAIN,5hcafebs,33,1,2,10,1080,1920,1,0.77734375,8.8125,0.9998511075973511,1,1053,0.0005078125,964,1.092323651452282,0.08277404921700224,249.41310541310543,463.14814814814815,263.9150622876557,461.11211778029445,1,992,0.6985049833887044,0.0,1,0.2964355945587158
TRAIN,5hcafebs,33,2,3,10,1080,1920,1,0.62890625,7.78125,0.9995827078819275,1,421,0.00020302854938271606,417,1.0095923261390887,0.020385050962627407,567.8028503562946,451.3254156769596,579.9729166666667,453.13125,1,594,0.549618320610687,0.0,1,-0.14014382660388947
TRAIN,5hcafebs,33,3,4,10,1080,1920,1,0.69921875,6.53125,0.9985449314117432,1,561,0.00027054398148148147,488,1.1495901639344261,0.006737247353224254,655.1693404634581,411.0855614973262,668.3092783505155,413.9237113402062,1,512,0.7764900662251656,0.0,1,-0.29315295815467834
TRAIN,5hcafebs,33,4,5,10,1080,1920,1,0.76953125,4.59375,0.9899863600730896,1,1253,0.0006042631172839506,1811,0.6918829376035339,0.017391304347826087,14.056664006384677,762.1875498802873,31.10225080385852,761.2881028938907,1,1148,0.8216995447647951,0.0,1,0.3124251663684845
TRAIN,5hcafebs,33,5,6,10,1080,1920,1,0.859375,7.0625,0.9991440773010254,1,1160,0.0005594135802469136,939,1.235356762513312,0.22006302521008403,382.81724137931036,662.8551724137931,398.1788478073947,663.9802235597592,1,1167,0.8949511400651465,0.0,1,0.31116944551467896
TRAIN,5hcafebs,33,6,7,10,1080,1920,1,0.625,6.4375,0.9984021782875061,1,282,0.00013599537037037036,802,0.3516209476309227,0.21052631578947367,534.3510638297872,710.7092198581561,543.709090909091,712.1584415584416,1,407,0.562358276643991,0.0,1,0.38948461413383484
TRAIN,5hcafebs,33,7,8,10,1080,1920,1,0.79296875,8.75,0.999841570854187,1,2451,0.0011820023148148148,2066,1.186350435624395,0.39281674208144796,676.5177478580172,714.2305181558547,687.4567502021018,714.3435731608731,1,2940,0.6883808330723458,0.0,1,0.33308276534080505
TRAIN,5hcafebs,33,8,9,10,1080,1920,1,0.80078125,8.125,0.9997040629386902,1,1052,0.0005073302469135802,1034,1.0174081237911026,0.29436038514442914,413.99524714828897,831.6910646387832,427.4843373493976,832.5530120481927,1,1087,0.8173322005097706,0.0,1,0.3179000914096832
TRAIN,5hcafebs,33,9,10,10,1080,1920,1,0.8203125,8.6875,0.9998313188552856,1,2046,0.0009866898148148148,2459,0.8320455469703132,0.3209081667231447,339.5156402737048,825.0992179863148,351.49082073434124,825.964362850972,1,1932,0.834870848708487,0.0,1,0.2931457459926605
TRAIN,5hcafebs,34,0,1,10,1080,1920,1,0.8828125,6.90625,0.9989995360374451,1,839,0.0004046103395061728,806,1.0409429280397022,0.15013966480446927,203.8212157330155,355.2300357568534,216.16955445544554,354.11014851485146,1,882,0.9164810690423163,0.0,2,0.372467041015625
TRAIN,5hcafebs,34,1,2,10,1080,1920,1,0.80859375,7.84375,0.9996079802513123,1,988,0.00047646604938271606,964,1.0248962655601659,0.19636576787807739,237.0597165991903,461.6386639676113,249.41310541310543,463.14814814814815,1,1036,0.6838602329450915,0.0,1,0.25984981656074524
TRAIN,5hcafebs,34,2,3,10,1080,1920,1,0.6171875,7.125,0.9991958737373352,1,429,0.00020688657407407407,417,1.0287769784172662,0.03155339805825243,556.4102564102565,451.3706293706294,567.8028503562946,451.3254156769596,1,477,0.4449760765550239,0.0,1,-0.24618609249591827
TRAIN,5hcafebs,34,3,4,10,1080,1920,1,0.6796875,6.15625,0.9978843331336975,1,522,0.0002517361111111111,488,1.069672131147541,0.09837728194726167,645.7547892720306,411.18773946360153,655.1693404634581,411.0855614973262,1,542,0.6782334384858044,0.0,1,-0.15279455482959747
TRAIN,5hcafebs,34,4,5,10,1080,1920,1,0.859375,4.34375,0.9871788024902344,1,614,0.0002961033950617284,1811,0.3390392048591938,0.04185267857142857,4.055374592833876,771.28664495114,14.056664006384677,762.1875498802873,1,518,0.8436482084690554,0.0,1,0.277879536151886
TRAIN,5hcafebs,34,5,6,10,1080,1920,1,0.828125,7.03125,0.9991169571876526,1,1103,0.0005319251543209877,939,1.174653887113951,0.2734946539110861,369.4542157751587,663.5222121486854,382.81724137931036,662.8551724137931,1,1124,0.9034188034188034,0.0,1,0.3610738515853882
TRAIN,5hcafebs,34,6,7,10,1080,1920,1,0.5546875,7.71875,0.999555766582489,1,328,0.00015817901234567902,802,0.4089775561097257,0.09712230215827339,523.2103658536586,713.2225609756098,534.3510638297872,710.7092198581561,1,367,0.46624472573839665,0.0,1,0.2567223012447357
TRAIN,5hcafebs,34,7,8,10,1080,1920,1,0.77734375,9.1875,0.9998977184295654,1,2688,0.0012962962962962963,2066,1.3010648596321395,0.4969414506262744,668.1462053571429,711.5159970238095,676.5177478580172,714.2305181558547,1,3005,0.734613040828763,0.0,1,0.3222353458404541
TRAIN,5hcafebs,34,8,9,10,1080,1920,1,0.78125,8.75,0.999841570854187,1,995,0.0004798418209876543,1034,0.9622823984526112,0.3896809232858113,403.035175879397,830.1286432160804,413.99524714828897,831.6910646387832,1,1150,0.7889908256880734,0.0,1,0.33232468366622925
TRAIN,5hcafebs,34,9,10,10,1080,1920,1,0.828125,8.5625,0.9998089671134949,1,2081,0.0010035686728395062,2459,0.846278975193168,0.3784235136940548,327.7938491110043,824.3382988947621,339.5156402737048,825.0992179863148,1,2085,0.832014072119613,0.0,1,0.3135331869125366
TRAIN,5hcafebs,35,0,1,10,1080,1920,1,0.88671875,6.78125,0.9988664388656616,1,858,0.00041377314814814814,806,1.064516129032258,0.18837535014005602,192.25291375291374,356.81235431235433,203.8212157330155,355.2300357568534,1,869,0.8998899889988999,0.0,2,0.37065786123275757
TRAIN,5hcafebs,35,1,2,10,1080,1920,1,0.76171875,8.5625,0.9998089671134949,1,1069,0.0005155285493827161,964,1.1089211618257262,0.17475728155339806,225.4153414405987,466.30589335827875,237.0597165991903,461.6386639676113,1,1084,0.7033227848101266,0.0,1,0.2607961595058441
TRAIN,5hcafebs,35,2,3,10,1080,1920,1,0.62890625,9.1875,0.9998977184295654,1,475,0.0002290702160493827,417,1.1390887290167866,0.1342534504391468,548.8063157894737,455.5810526315789,556.4102564102565,451.3706293706294,1,515,0.6981132075471698,0.0,1,-0.15304909646511078
TRAIN,5hcafebs,35,3,4,10,1080,1920,1,0.66796875,6.3125,0.9981897473335266,1,530,0.00025559413580246914,488,1.0860655737704918,0.05410821643286573,635.8754716981132,414.49056603773585,645.7547892720306,411.18773946360153,1,553,0.7245222929936306,0.0,1,-0.24987941980361938
TRAIN,5hcafebs,35,4,5,10,1080,1920,1,1.8041124150158794e-16,-1.7578125,0.14706450700759888,0,0,0.0,1811,0.0,0.0,,,4.055374592833876,771.28664495114,0,0,,0.0,1,
TRAIN,5hcafebs,35,5,6,10,1080,1920,1,0.84375,7.28125,0.999312162399292,1,1100,0.0005304783950617284,939,1.1714589989350372,0.29284037558685444,357.40272727272725,666.53,369.4542157751587,663.5222121486854,1,1132,0.8492129246064622,0.0,1,0.34567970037460327
TRAIN,5hcafebs,35,6,7,10,1080,1920,1,0.58203125,6.71875,0.998793363571167,1,330,0.00015914351851851853,802,0.4114713216957606,0.17290552584670232,513.8333333333334,715.6151515151515,523.2103658536586,713.2225609756098,1,343,0.44420600858369097,0.0,1,0.3471410274505615
TRAIN,5hcafebs,35,7,8,10,1080,1920,1,0.75390625,8.625,0.9998205304145813,1,2604,0.001255787037037037,2066,1.260406582768635,0.4275694631777718,657.9880952380952,715.4408602150538,668.1462053571429,711.5159970238095,1,3078,0.686553873552983,0.0,1,0.2576913833618164
TRAIN,5hcafebs,35,8,9,10,1080,1920,1,0.79296875,8.625,0.9998205304145813,1,1000,0.00048225308641975306,1034,0.9671179883945842,0.40691114245416077,392.586,836.949,403.035175879397,830.1286432160804,1,1119,0.7927241962774958,0.0,1,0.3430454134941101
TRAIN,5hcafebs,35,9,10,10,1080,1920,1,0.79296875,9.1875,0.9998977184295654,1,2490,0.0012008101851851852,2459,1.0126067507116714,0.35196687370600416,315.1144578313253,833.1385542168674,327.7938491110043,824.3382988947621,1,2448,0.8275351591413768,0.0,1,0.25811824202537537
TRAIN,5hcafebs,36,0,1,10,1080,1920,1,0.8828125,6.9375,0.9990302324295044,1,830,0.00040027006172839506,806,1.0297766749379653,0.31772053083528495,184.81084337349398,364.3771084337349,192.25291375291374,356.81235431235433,1,872,0.9059350503919373,0.0,2,0.40228405594825745
TRAIN,5hcafebs,36,1,2,10,1080,1920,1,0.7890625,7.84375,0.9996079802513123,1,1089,0.0005251736111111111,964,1.129668049792531,0.3086719223771983,217.6611570247934,473.1505968778696,225.4153414405987,466.30589335827875,1,1070,0.6814641744548287,0.0,1,0.29133012890815735
TRAIN,5hcafebs,36,2,3,10,1080,1920,1,0.61328125,8.1875,0.9997219443321228,1,418,0.00020158179012345678,417,1.0023980815347722,0.1051980198019802,540.9019138755981,462.5287081339713,548.8063157894737,455.5810526315789,1,533,0.48826291079812206,0.0,1,-0.18013858795166016
TRAIN,5hcafebs,36,3,4,10,1080,1920,1,0.7109375,6.40625,0.9983515739440918,1,648,0.0003125,488,1.3278688524590163,0.22964509394572025,629.1358024691358,418.6203703703704,635.8754716981132,414.49056603773585,1,546,0.743065693430657,0.0,1,-0.2831120491027832
TRAIN,5hcafebs,36,4,5,10,1080,1920,1,8.205631676526035e-21,-2.359375,0.08632347732782364,0,0,0.0,1811,0.0,,,,,,0,0,,0.0,1,
TRAIN,5hcafebs,36,5,6,10,1080,1920,1,0.83203125,6.78125,0.9988664388656616,1,1040,0.0005015432098765432,939,1.1075612353567625,0.4181577203445991,349.0894230769231,673.035576923077,357.40272727272725,666.53,1,1089,0.8790820829655781,0.0,1,0.32808738946914673
TRAIN,5hcafebs,36,6,7,10,1080,1920,1,0.58984375,7.09375,0.9991704225540161,1,374,0.00018036265432098766,802,0.46633416458852867,0.2158894645941278,505.9331550802139,721.3395721925134,513.8333333333334,715.6151515151515,1,328,0.48414376321353064,0.0,1,0.3508072793483734
TRAIN,5hcafebs,36,7,8,10,1080,1920,1,0.7265625,9.5,0.9999251365661621,1,2666,0.0012856867283950618,2066,1.2904162633107454,0.5337601862630966,650.7198049512378,722.3150787696924,657.9880952380952,715.4408602150538,1,2880,0.7673677501593371,0.0,1,0.3457205295562744
TRAIN,5hcafebs,36,8,9,10,1080,1920,1,0.78125,8.75,0.999841570854187,1,950,0.0004581404320987654,1034,0.9187620889748549,0.5046296296296297,385.10526315789474,843.4642105263158,392.586,836.949,1,1129,0.7830188679245284,0.0,1,0.3607819080352783
TRAIN,5hcafebs,36,9,10,10,1080,1920,1,0.81640625,8.75,0.999841570854187,1,2506,0.0012085262345679013,2459,1.019113460756405,0.6278918214402085,308.9860335195531,838.2126895450917,315.1144578313253,833.1385542168674,1,2498,0.8444526354589016,0.0,1,0.274646520614624
TRAIN,5hcafebs,37,0,1,10,1080,1920,1,0.87890625,7.3125,0.9993333220481873,1,826,0.00039834104938271604,806,1.0248138957816377,0.4959349593495935,179.52663438256658,367.09322033898303,184.81084337349398,364.3771084337349,1,886,0.8813186813186813,0.0,2,0.417677104473114
TRAIN,5hcafebs,37,1,2,10,1080,1920,1,0.79296875,7.84375,0.9996079802513123,1,1060,0.0005111882716049383,964,1.099585062240664,0.4628999319264806,211.92075471698112,475.2122641509434,217.6611570247934,473.1505968778696,1,1109,0.6787925696594427,0.0,1,0.30762797594070435
TRAIN,5hcafebs,37,2,3,10,1080,1920,1,0.6484375,7.40625,0.9993928670883179,1,378,0.00018229166666666667,417,0.9064748201438849,0.4088495575221239,537.7407407407408,463.84391534391534,540.9019138755981,462.5287081339713,1,541,0.5899653979238755,0.0,1,-0.1683552861213684
TRAIN,5hcafebs,37,3,4,10,1080,1920,1,0.6953125,6.15625,0.9978843331336975,1,587,0.00028308256172839507,488,1.2028688524590163,0.5732484076433121,626.3015332197615,421.9863713798978,629.1358024691358,418.6203703703704,1,516,0.7021604938271605,0.0,1,-0.1640721708536148
TRAIN,5hcafebs,37,4,5,10,1080,1920,1,1.1864468014524018e-27,-3.6875,0.024423090741038322,0,0,0.0,1811,0.0,,,,,,0,0,,0.0,1,
TRAIN,5hcafebs,37,5,6,10,1080,1920,1,0.828125,7.03125,0.9991169571876526,1,1094,0.0005275848765432099,939,1.16506922257721,0.5937266616878267,344.0374771480804,676.5511882998172,349.0894230769231,673.035576923077,1,1095,0.8854435831180018,0.0,1,0.34449848532676697
TRAIN,5hcafebs,37,6,7,10,1080,1920,1,0.65625,7.15625,0.999220609664917,1,280,0.00013503086419753085,802,0.3491271820448878,0.5280373831775701,502.6642857142857,721.7071428571429,505.9331550802139,721.3395721925134,1,374,0.5534441805225653,0.0,1,0.24529482424259186
TRAIN,5hcafebs,37,7,8,10,1080,1920,1,0.73046875,9.25,0.9999039173126221,1,2667,0.0012861689814814815,2066,1.2909002904162634,0.8047377326565144,648.2763404574429,724.7964004499438,650.7198049512378,722.3150787696924,1,2840,0.7955656993805021,0.0,1,0.36476656794548035
TRAIN,5hcafebs,37,8,9,10,1080,1920,1,0.80859375,8.125,0.9997040629386902,1,1102,0.0005314429012345679,1034,1.0657640232108316,0.6442307692307693,380.16696914700543,844.5825771324863,385.10526315789474,843.4642105263158,1,1149,0.8211974110032363,0.0,1,0.2660859525203705
TRAIN,5hcafebs,37,9,10,10,1080,1920,1,0.83203125,8.25,0.9997387528419495,1,2587,0.0012475887345679013,2459,1.052053680357869,0.7770411723656664,305.5021260146888,842.3335910320835,308.9860335195531,838.2126895450917,1,2478,0.8485401459854015,0.0,1,0.2454693764448166
TRAIN,5hcafebs,38,0,1,10,1080,1920,1,0.875,7.3125,0.9993333220481873,1,847,0.00040846836419753085,806,1.0508684863523574,0.5126582278481012,174.06611570247935,367.112160566706,179.52663438256658,367.09322033898303,1,897,0.875268817204301,0.0,2,0.3824799358844757
TRAIN,5hcafebs,38,1,2,10,1080,1920,1,0.7890625,8.375,0.9997695088386536,1,997,0.0004808063271604938,964,1.0342323651452283,0.46823697359029265,205.6680040120361,473.47442326980945,211.92075471698112,475.2122641509434,1,1120,0.6949559647718174,0.0,1,0.2827121913433075
TRAIN,5hcafebs,38,2,3,10,1080,1920,1,0.6484375,7.78125,0.9995827078819275,1,323,0.00015576774691358024,417,0.7745803357314148,0.23415492957746478,532.7058823529412,460.9783281733746,537.7407407407408,463.84391534391534,1,505,0.5027223230490018,0.0,1,-0.24465398490428925
TRAIN,5hcafebs,38,3,4,10,1080,1920,1,0.6796875,6.625,0.9986749291419983,1,559,0.000269579475308642,488,1.1454918032786885,0.48253557567917205,622.5277280858676,422.84973166368513,626.3015332197615,421.9863713798978,1,564,0.693815987933635,0.0,1,-0.19866783916950226
TRAIN,5hcafebs,38,4,5,10,1080,1920,1,2.4035605705952703e-31,-4.71875,0.008847354911267757,0,0,0.0,1811,0.0,,,,,,0,0,,0.0,1,
TRAIN,5hcafebs,38,5,6,10,1080,1920,1,0.8203125,6.8125,0.9989012479782104,1,1057,0.000509741512345679,939,1.1256656017039404,0.6382330540746383,340.13623462630085,676.6527909176916,344.0374771480804,676.5511882998172,1,1073,0.8393782383419689,0.0,1,0.35205692052841187
TRAIN,5hcafebs,38,6,7,10,1080,1920,1,0.6328125,8.4375,0.999783456325531,1,365,0.00017602237654320988,802,0.4551122194513716,0.32989690721649484,495.1397260273973,717.9945205479452,502.6642857142857,721.7071428571429,1,398,0.6234042553191489,0.0,1,0.3095642328262329
TRAIN,5hcafebs,38,7,8,10,1080,1920,1,0.765625,9.4375,0.9999203681945801,1,2718,0.0013107638888888889,2066,1.3155856727976767,0.6661509900990099,642.785136129507,725.3307579102282,648.2763404574429,724.7964004499438,1,2815,0.8212639894667545,0.0,1,0.35159438848495483
TRAIN,5hcafebs,38,8,9,10,1080,1920,1,0.81640625,8.4375,0.999783456325531,1,1105,0.0005328896604938272,1034,1.0686653771760155,0.6821646341463414,375.2352941176471,844.9447963800905,380.16696914700543,844.5825771324863,1,1186,0.7940485512920908,0.0,1,0.26821812987327576
TRAIN,5hcafebs,38,9,10,10,1080,1920,1,0.828125,8.75,0.999841570854187,1,2259,0.0010894097222222223,2459,0.9186661244408296,0.7117626280466266,301.0694997786631,840.5387339530765,305.5021260146888,842.3335910320835,1,2361,0.7983651226158038,0.0,1,0.27497297525405884
TRAIN,5hcafebs,39,0,1,10,1080,1920,1,0.8671875,7.5,0.9994471669197083,1,815,0.00039303626543209875,806,1.011166253101737,0.3589533932951758,166.0159509202454,367.6233128834356,174.06611570247935,367.112160566706,1,879,0.8801331853496115,0.0,2,0.38889047503471375
TRAIN,5hcafebs,39,1,2,10,1080,1920,1,0.7734375,8.4375,0.999783456325531,1,1021,0.0004923804012345679,964,1.0591286307053942,0.35709482178883656,197.84427032321253,475.82272282076394,205.6680040120361,473.47442326980945,1,1083,0.6310077519379845,0.0,1,0.29359203577041626
TRAIN,5hcafebs,39,2,3,10,1080,1920,1,0.578125,7.625,0.9995121955871582,1,398,0.00019193672839506174,417,0.9544364508393285,0.1839080459770115,526.7085427135678,468.58793969849245,532.7058823529412,460.9783281733746,1,526,0.6559139784946236,0.0,1,-0.20334772765636444
TRAIN,5hcafebs,39,3,4,10,1080,1920,1,0.6953125,7.125,0.9991958737373352,1,538,0.0002594521604938272,488,1.1024590163934427,0.23675310033821872,615.5631970260223,424.0055762081784,622.5277280858676,422.84973166368513,1,541,0.6806853582554517,0.0,1,-0.19123578071594238
TRAIN,5hcafebs,39,4,5,10,1080,1920,1,2.4035605705952703e-31,-5.5,0.00407013762742281,0,0,0.0,1811,0.0,,,,,,0,0,,0.0,1,
TRAIN,5hcafebs,39,5,6,10,1080,1920,1,0.828125,7.3125,0.9993333220481873,1,1104,0.0005324074074074074,939,1.1757188498402555,0.4913733609385783,332.7771739130435,678.3949275362319,340.13623462630085,676.6527909176916,1,1109,0.8659359190556493,0.0,1,0.3054106533527374
TRAIN,5hcafebs,39,6,7,10,1080,1920,1,0.51953125,7.78125,0.9995827078819275,1,232,0.00011188271604938272,802,0.2892768079800499,0.27292110874200426,488.375,721.2025862068965,495.1397260273973,717.9945205479452,1,243,0.4937106918238994,0.0,1,0.2604372203350067
TRAIN,5hcafebs,39,7,8,10,1080,1920,1,0.671875,8.9375,0.999868631362915,1,2654,0.0012798996913580248,2066,1.2846079380445306,0.7390741340239559,638.9992464204973,725.3104747550867,642.785136129507,725.3307579102282,1,2742,0.8186720593191776,0.0,1,0.36366763710975647
TRAIN,5hcafebs,39,8,9,10,1080,1920,1,0.79296875,8.8125,0.9998511075973511,1,1151,0.0005550733024691358,1034,1.1131528046421664,0.6395348837209303,369.4005212858384,845.8418766290182,375.2352941176471,844.9447963800905,1,1191,0.7864225781845919,0.0,1,0.2872430980205536
TRAIN,5hcafebs,39,9,10,10,1080,1920,1,0.80078125,9.875,0.9999485015869141,1,2244,0.0010821759259259259,2459,0.9125660837738918,0.5651720542231491,294.3551693404635,845.4625668449198,301.0694997786631,840.5387339530765,1,1952,0.7908664105847204,0.0,1,0.23319831490516663
TRAIN,5hcafebs,40,0,1,10,1080,1920,1,0.8671875,7.46875,0.9994296431541443,1,825,0.0003978587962962963,806,1.0235732009925558,0.38513513513513514,158.72484848484848,368.35515151515153,166.0159509202454,367.6233128834356,1,916,0.8740581270182992,0.0,2,0.39872246980667114
TRAIN,5hcafebs,40,1,2,10,1080,1920,1,0.7890625,8.875,0.9998601675033569,1,1044,0.0005034722222222222,964,1.0829875518672198,0.4261049723756906,191.4750957854406,477.2490421455939,197.84427032321253,475.82272282076394,1,1021,0.6506794564348521,0.0,1,0.2616811692714691
TRAIN,5hcafebs,40,2,3,10,1080,1920,1,0.53125,8.9375,0.999868631362915,1,400,0.00019290123456790122,417,0.9592326139088729,0.11297071129707113,519.7375,469.3975,526.7085427135678,468.58793969849245,1,524,0.6097560975609756,0.0,1,-0.2015557587146759
TRAIN,5hcafebs,40,3,4,10,1080,1920,1,0.6796875,6.59375,0.9986329674720764,1,525,0.00025318287037037036,488,1.0758196721311475,0.1694169416941694,607.6590476190477,423.68380952380954,615.5631970260223,424.0055762081784,1,525,0.6853932584269663,0.0,1,-0.26806700229644775
TRAIN,5hcafebs,40,4,5,10,1080,1920,1,1.787262988391355e-30,-5.40625,0.0044683837331831455,0,0,0.0,1811,0.0,,,,,,0,0,,0.0,1,
TRAIN,5hcafebs,40,5,6,10,1080,1920,1,0.8359375,7.34375,0.99935382604599,1,1139,0.0005492862654320988,939,1.2129925452609158,0.5165652467883706,325.7497805092186,679.0237050043899,332.7771739130435,678.3949275362319,1,1093,0.8931297709923665,0.0,1,0.34124991297721863
TRAIN,5hcafebs,40,6,7,10,1080,1920,1,0.546875,7.40625,0.9993928670883179,1,314,0.00015142746913580246,802,0.3915211970074813,0.14705882352941177,477.2770700636943,723.9171974522293,488.375,721.2025862068965,1,259,0.5828729281767956,0.0,1,0.40436285734176636
TRAIN,5hcafebs,40,7,8,10,1080,1920,1,0.6015625,9.25,0.9999039173126221,1,2413,0.0011636766975308642,2066,1.1679574056147144,0.3966372657111356,627.8760878574388,726.5130542892665,638.9992464204973,725.3104747550867,1,2802,0.7014681892332789,0.0,1,0.38610708713531494
TRAIN,5hcafebs,40,8,9,10,1080,1920,1,0.80078125,8.0625,0.9996849298477173,1,1197,0.0005772569444444445,1034,1.1576402321083172,0.56951871657754,363.0501253132832,844.9924812030075,369.4005212858384,845.8418766290182,1,1144,0.8389630793401414,0.0,1,0.28436481952667236
TRAIN,5hcafebs,40,9,10,10,1080,1920,1,0.78125,9.3125,0.9999097585678101,1,2066,0.00099633487654321,2459,0.8401789345262302,0.547576301615799,287.8891577928364,846.1945788964182,294.3551693404635,845.4625668449198,1,1754,0.7324263038548753,0.0,1,0.2792949974536896
TRAIN,5hcafebs,41,0,1,10,1080,1920,1,0.86328125,7.0,0.9990890026092529,1,1022,0.0004928626543209876,806,1.2679900744416874,0.31834403997144894,149.56164383561645,370.9990215264188,158.72484848484848,368.35515151515153,1,988,0.8525345622119815,0.0,2,0.402942031621933
TRAIN,5hcafebs,41,1,2,10,1080,1920,1,0.7890625,7.71875,0.999555766582489,1,989,0.0004769483024691358,964,1.0259336099585061,0.30992268041237114,182.97977755308392,478.93225480283115,191.4750957854406,477.2490421455939,1,1013,0.6423297785069729,0.0,1,0.27049198746681213
TRAIN,5hcafebs,41,2,3,10,1080,1920,1,0.59765625,8.625,0.9998205304145813,1,355,0.00017119984567901236,417,0.8513189448441247,0.0754985754985755,512.2873239436619,467.32394366197184,519.7375,469.3975,1,496,0.6460348162475822,0.0,1,-0.2187533974647522
TRAIN,5hcafebs,41,3,4,10,1080,1920,1,0.6796875,6.34375,0.998245358467102,1,644,0.000310570987654321,488,1.319672131147541,0.13495145631067962,598.8136645962733,424.66149068322983,607.6590476190477,423.68380952380954,1,517,0.7174556213017751,0.0,1,-0.2788803279399872
TRAIN,5hcafebs,41,4,5,10,1080,1920,1,7.987216665362745e-30,-4.5,0.010986941866576672,0,0,0.0,1811,0.0,,,,,,0,0,,0.0,1,
TRAIN,5hcafebs,41,5,6,10,1080,1920,1,0.8203125,7.09375,0.9991704225540161,1,1161,0.0005598958333333334,939,1.2364217252396166,0.4829142488716957,317.89405684754524,681.5486649440138,325.7497805092186,679.0237050043899,1,1134,0.8826907301066448,0.0,1,0.349147766828537
TRAIN,5hcafebs,41,6,7,10,1080,1920,1,0.6328125,8.75,0.999841570854187,1,275,0.0001326195987654321,802,0.3428927680798005,0.36027713625866054,471.4290909090909,726.5418181818181,477.2770700636943,723.9171974522293,1,353,0.57,0.0,1,0.34301817417144775
TRAIN,5hcafebs,41,7,8,10,1080,1920,1,0.66015625,9.0625,0.9998840093612671,1,2605,0.0012562692901234567,2066,1.260890609874153,0.7114597544338336,624.0061420345489,729.12783109405,627.8760878574388,726.5130542892665,1,2845,0.7683322517845554,0.0,1,0.36166903376579285
TRAIN,5hcafebs,41,8,9,10,1080,1920,1,0.80078125,8.4375,0.999783456325531,1,1238,0.0005970293209876543,1034,1.1972920696324951,0.5049443757725587,355.30210016155087,846.8570274636511,363.0501253132832,844.9924812030075,1,1159,0.8481110254433307,0.0,1,0.3368595242500305
TRAIN,5hcafebs,41,9,10,10,1080,1920,1,0.765625,9.6875,0.999937891960144,1,1806,0.0008709490740740741,2459,0.7344448962993086,0.49440370513315324,280.64396456256924,846.720376522702,287.8891577928364,846.1945788964182,1,1624,0.839142091152815,0.0,1,0.32841646671295166
TRAIN,5hcafebs,42,0,1,10,1080,1920,1,0.875,6.78125,0.9988664388656616,1,1037,0.0005000964506172839,806,1.2866004962779156,0.088841882601798,132.8351012536162,373.2757955641273,149.56164383561645,370.9990215264188,1,969,0.9014218009478673,0.0,2,0.3266976475715637
TRAIN,5hcafebs,42,1,2,10,1080,1920,1,0.75390625,8.0,0.9996646642684937,1,1062,0.0005121527777777778,964,1.1016597510373445,0.0676730869338886,167.61864406779662,485.0998116760829,182.97977755308392,478.93225480283115,1,1014,0.7016393442622951,0.0,1,0.27798718214035034
TRAIN,5hcafebs,42,2,3,10,1080,1920,1,0.61328125,8.375,0.9997695088386536,1,452,0.00021797839506172839,417,1.0839328537170263,0.0,498.4491150442478,470.33185840707966,512.2873239436619,467.32394366197184,1,505,0.7722222222222223,0.0,1,-0.32224932312965393
TRAIN,5hcafebs,42,3,4,10,1080,1920,1,0.703125,6.78125,0.9988664388656616,1,579,0.00027922453703703703,488,1.1864754098360655,0.003281378178835111,583.6407599309154,426.01727115716756,598.8136645962733,424.66149068322983,1,547,0.6534508076358296,0.0,1,-0.22664058208465576
TRAIN,5hcafebs,42,4,5,10,1080,1920,1,1.078520768856852e-30,-5.65625,0.0034834241960197687,0,0,0.0,1811,0.0,,,,,,0,0,,0.0,1,
TRAIN,5hcafebs,42,5,6,10,1080,1920,1,0.83203125,6.9375,0.9990302324295044,1,1085,0.0005232445987654321,939,1.1554845580404687,0.2273224043715847,303.68663594470047,684.8082949308756,317.89405684754524,681.5486649440138,1,1125,0.8540268456375839,0.0,1,0.3138311207294464
TRAIN,5hcafebs,42,6,7,10,1080,1920,1,0.57421875,7.84375,0.9996079802513123,1,265,0.00012779706790123457,802,0.33042394014962595,0.08216432865731463,457.44150943396227,729.9207547169812,471.4290909090909,726.5418181818181,1,364,0.5964467005076142,0.0,1,0.2719024419784546
TRAIN,5hcafebs,42,7,8,10,1080,1920,1,0.7578125,7.625,0.9995121955871582,1,2836,0.0013676697530864198,2066,1.37270087124879,0.3079326923076923,609.5500705218618,732.5909732016926,624.0061420345489,729.12783109405,1,2816,0.815028901734104,0.0,1,0.3240099847316742
TRAIN,5hcafebs,42,8,9,10,1080,1920,1,0.80859375,8.125,0.9997040629386902,1,1064,0.0005131172839506173,1034,1.0290135396518376,0.2896358543417367,341.91635338345867,853.0357142857143,355.30210016155087,846.8570274636511,1,1204,0.7636080870917574,0.0,1,0.33395853638648987
TRAIN,5hcafebs,42,9,10,10,1080,1920,1,0.78125,9.0625,0.9998840093612671,1,2027,0.0009775270061728395,2459,0.824318828792192,0.18521954236239951,264.81943759250123,855.3394178589048,280.64396456256924,846.720376522702,1,1715,0.7196691176470589,0.0,1,0.2664511799812317
TRAIN,5hcafebs,43,0,1,10,1080,1920,1,0.83984375,6.5625,0.9985895752906799,1,1035,0.0004991319444444444,806,1.284119106699752,0.07301916105644744,115.45024154589372,376.87729468599036,132.8351012536162,373.2757955641273,1,936,0.8507042253521127,0.0,2,0.3534153997898102
TRAIN,5hcafebs,43,1,2,10,1080,1920,1,0.75390625,7.65625,0.9995272159576416,1,1008,0.0004861111111111111,964,1.045643153526971,0.09004739336492891,153.00496031746033,486.45734126984127,167.61864406779662,485.0998116760829,1,1070,0.6465927099841522,0.0,1,0.2867937982082367
TRAIN,5hcafebs,43,2,3,10,1080,1920,1,0.6484375,7.84375,0.9996079802513123,1,412,0.00019868827160493828,417,0.988009592326139,0.0,485.2864077669903,472.27912621359224,498.4491150442478,470.33185840707966,1,511,0.7818532818532818,0.0,1,-0.16944263875484467
TRAIN,5hcafebs,43,3,4,10,1080,1920,1,0.69921875,7.1875,0.9992445707321167,1,672,0.00032407407407407406,488,1.3770491803278688,0.013776337115072933,570.4345238095239,428.9389880952381,583.6407599309154,426.01727115716756,1,558,0.6826265389876881,0.0,1,-0.2806973457336426
TRAIN,5hcafebs,43,4,5,10,1080,1920,1,2.4035605705952703e-31,-5.8125,0.0029810327105224133,0,0,0.0,1811,0.0,,,,,,0,0,,0.0,1,
TRAIN,5hcafebs,43,5,6,10,1080,1920,1,0.81640625,6.5625,0.9985895752906799,1,1115,0.0005377121913580247,939,1.187433439829606,0.282798833819242,291.41793721973096,689.0914798206278,303.68663594470047,684.8082949308756,1,1165,0.8673218673218673,0.0,1,0.2914150059223175
TRAIN,5hcafebs,43,6,7,10,1080,1920,1,0.63671875,7.84375,0.9996079802513123,1,317,0.00015287422839506173,802,0.39526184538653364,0.10436432637571158,444.7192429022082,732.7854889589905,457.44150943396227,729.9207547169812,1,358,0.5771028037383178,0.0,1,0.2356327474117279
TRAIN,5hcafebs,43,7,8,10,1080,1920,1,0.73828125,7.40625,0.9993928670883179,1,2797,0.0013488618827160494,2066,1.3538238141335914,0.38812222769837357,597.3417947801215,738.6792992491955,609.5500705218618,732.5909732016926,1,2659,0.8278056951423786,0.0,1,0.32410717010498047
TRAIN,5hcafebs,43,8,9,10,1080,1920,1,0.8125,8.0,0.9996646642684937,1,1186,0.0005719521604938271,1034,1.1470019342359767,0.24653739612188366,327.06745362563237,857.118887015177,341.91635338345867,853.0357142857143,1,1177,0.7793674698795181,0.0,1,0.27724489569664
TRAIN,5hcafebs,43,9,10,10,1080,1920,1,0.78125,9.4375,0.9999203681945801,1,1818,0.0008767361111111111,2459,0.7393249288328589,0.2838063439065108,253.1925192519252,856.0357535753575,264.81943759250123,855.3394178589048,1,1765,0.8402670775552131,0.0,1,0.32022643089294434
TRAIN,5hcafebs,44,0,1,10,1080,1920,1,0.859375,6.71875,0.998793363571167,1,870,0.0004195601851851852,806,1.0794044665012408,0.3012295081967213,106.25402298850575,380.4229885057471,115.45024154589372,376.87729468599036,1,980,0.8389662027833003,0.0,2,0.45250147581100464
TRAIN,5hcafebs,44,1,2,10,1080,1920,1,0.734375,7.8125,0.999595582485199,1,1052,0.0005073302469135802,964,1.0912863070539418,0.2261904761904762,142.143536121673,488.70817490494295,153.00496031746033,486.45734126984127,1,1080,0.6643247462919594,0.0,1,0.313803493976593
TRAIN,5hcafebs,44,2,3,10,1080,1920,1,0.6171875,8.3125,0.9997546076774597,1,331,0.00015962577160493827,417,0.7937649880095923,0.019204389574759947,476.2356495468278,476.74018126888217,485.2864077669903,472.27912621359224,1,513,0.642023346303502,0.0,1,-0.2562461793422699
TRAIN,5hcafebs,44,3,4,10,1080,1920,1,0.69921875,6.875,0.9989677667617798,1,512,0.0002469135802469136,488,1.0491803278688525,0.1308500477554919,561.41796875,433.412109375,570.4345238095239,428.9389880952381,1,549,0.6682389937106918,0.0,1,-0.20421577990055084
TRAIN,5hcafebs,44,4,5,10,1080,1920,1,1.3213420162451948e-29,-5.0625,0.00628990214318037,0,0,0.0,1811,0.0,,,,,,0,0,,0.0,1,
TRAIN,5hcafebs,44,5,6,10,1080,1920,1,0.8203125,7.15625,0.999220609664917,1,1138,0.000548804012345679,939,1.2119275825346112,0.42775665399239543,282.5746924428822,690.6362038664323,291.41793721973096,689.0914798206278,1,1177,0.8654311039484287,0.0,1,0.2768799066543579
TRAIN,5hcafebs,44,6,7,10,1080,1920,1,0.6171875,7.40625,0.9993928670883179,1,285,0.00013744212962962964,802,0.3553615960099751,0.30869565217391304,436.9859649122807,735.0526315789474,444.7192429022082,732.7854889589905,1,404,0.5766590389016019,0.0,1,0.24064263701438904
TRAIN,5hcafebs,44,7,8,10,1080,1920,1,0.7578125,8.0,0.9996646642684937,1,2689,0.0012967785493827161,2066,1.3015488867376572,0.5484053062376517,589.7954629973968,738.8069914466345,597.3417947801215,738.6792992491955,1,2624,0.8053007135575942,0.0,1,0.3682098388671875
TRAIN,5hcafebs,44,8,9,10,1080,1920,1,0.81640625,7.90625,0.9996316432952881,1,1154,0.0005565200617283951,1034,1.11605415860735,0.43911439114391143,318.1967071057192,858.1447140381282,327.06745362563237,857.118887015177,1,1123,0.8542345276872965,0.0,1,0.28575944900512695
TRAIN,5hcafebs,44,9,10,10,1080,1920,1,0.76953125,9.4375,0.9999203681945801,1,2169,0.0010460069444444445,2459,0.882065880439203,0.3715170278637771,242.64084831719686,861.7455048409405,253.1925192519252,856.0357535753575,1,1787,0.7029702970297029,0.0,1,0.25358542799949646
TRAIN,5hcafebs,45,0,1,10,1080,1920,1,0.85546875,6.90625,0.9989995360374451,1,919,0.0004431905864197531,806,1.1401985111662531,0.19505678022712092,94.23721436343853,380.84766050054407,106.25402298850575,380.4229885057471,1,974,0.8450292397660819,0.0,2,0.4129299223423004
TRAIN,5hcafebs,45,1,2,10,1080,1920,1,0.7734375,6.84375,0.9989350438117981,1,1020,0.0004918981481481481,964,1.058091286307054,0.19630484988452657,130.34803921568627,488.8705882352941,142.143536121673,488.70817490494295,1,1063,0.6311667971808927,0.0,1,0.2620949149131775
TRAIN,5hcafebs,45,2,3,10,1080,1920,1,0.60546875,8.9375,0.999868631362915,1,416,0.00020061728395061727,417,0.9976019184652278,0.00945945945945946,466.40625,475.1129807692308,476.2356495468278,476.74018126888217,1,498,0.7409523809523809,0.0,1,-0.22864630818367004
TRAIN,5hcafebs,45,3,4,10,1080,1920,1,0.7421875,6.5625,0.9985895752906799,1,666,0.00032118055555555556,488,1.3647540983606556,0.07383773928896992,550.7822822822823,430.64414414414415,561.41796875,433.412109375,1,563,0.7285513361462729,0.0,1,-0.3091025948524475
TRAIN,5hcafebs,45,4,5,10,1080,1920,1,7.987216665362745e-30,-4.875,0.007577241398394108,0,0,0.0,1811,0.0,,,,,,0,0,,0.0,1,
TRAIN,5hcafebs,45,5,6,10,1080,1920,1,0.8125,6.84375,0.9989350438117981,1,1352,0.0006520061728395062,939,1.4398296059637912,0.38564273789649417,273.1434911242604,693.5724852071006,282.5746924428822,690.6362038664323,1,1154,0.8198983297022513,0.0,1,0.33655816316604614
TRAIN,5hcafebs,45,6,7,10,1080,1920,1,0.466796875,7.90625,0.9996316432952881,1,351,0.00016927083333333334,802,0.4376558603491272,0.17996289424860853,425.3817663817664,737.4814814814815,436.9859649122807,735.0526315789474,1,340,0.5220264317180616,0.0,1,0.28952735662460327
TRAIN,5hcafebs,45,7,8,10,1080,1920,1,0.64453125,7.59375,0.9994966983795166,1,2565,0.0012369791666666666,2066,1.2415295256534367,0.4549986153420105,579.7859649122807,739.4307992202729,589.7954629973968,738.8069914466345,1,2503,0.8119413657490168,0.0,1,0.29604285955429077
TRAIN,5hcafebs,45,8,9,10,1080,1920,1,0.78125,7.96875,0.9996540546417236,1,913,0.0004402970679012346,1034,0.8829787234042553,0.3387305699481865,307.7437020810515,861.5082146768893,318.1967071057192,858.1447140381282,1,1067,0.8082191780821918,0.0,1,0.3846556544303894
TRAIN,5hcafebs,45,9,10,10,1080,1920,1,0.78515625,8.9375,0.999868631362915,1,2269,0.0010942322530864198,2459,0.9227328182187882,0.39428212378259503,232.2437197003085,865.2582635522257,242.64084831719686,861.7455048409405,1,1858,0.73185060847671,0.0,1,0.2625446319580078
TRAIN,5hcafebs,46,0,1,10,1080,1920,1,0.859375,6.875,0.9989677667617798,1,880,0.0004243827160493827,806,1.0918114143920596,0.10844115834873691,79.35568181818182,382.3215909090909,94.23721436343853,380.84766050054407,1,993,0.8380765456329735,0.0,2,0.37345242500305176
TRAIN,5hcafebs,46,1,2,10,1080,1920,1,0.765625,7.9375,0.9996429681777954,1,1054,0.0005082947530864198,964,1.0933609958506223,0.116254036598493,116.31973434535104,492.7381404174573,130.34803921568627,488.8705882352941,1,1006,0.6401273885350318,0.0,1,0.2849312424659729
TRAIN,5hcafebs,46,2,3,10,1080,1920,1,0.5546875,8.0,0.9996646642684937,1,331,0.00015962577160493827,417,0.7937649880095923,0.0,454.2326283987915,475.19939577039275,466.40625,475.1129807692308,1,480,0.6285140562248996,0.0,1,-0.13535115122795105
TRAIN,5hcafebs,46,3,4,10,1080,1920,1,0.7109375,7.40625,0.9993928670883179,1,571,0.000275366512345679,488,1.1700819672131149,0.08604038630377524,539.9211908931699,433.85464098073555,550.7822822822823,430.64414414414415,1,534,0.6947852760736196,0.0,1,-0.22587475180625916
TRAIN,5hcafebs,46,4,5,10,1080,1920,1,1.4637067577342992e-31,-5.40625,0.0044683837331831455,0,0,0.0,1811,0.0,,,,,,0,0,,0.0,1,
TRAIN,5hcafebs,46,5,6,10,1080,1920,1,0.828125,6.5625,0.9985895752906799,1,1286,0.0006201774691358024,939,1.3695420660276891,0.2799611838913149,259.9657853810264,693.637636080871,273.1434911242604,693.5724852071006,1,1185,0.850936329588015,0.0,1,0.37140539288520813
TRAIN,5hcafebs,46,6,7,10,1080,1920,1,0.5390625,7.15625,0.999220609664917,1,209,0.00010079089506172839,802,0.26059850374064836,0.06666666666666667,412.82775119617224,737.4401913875598,425.3817663817664,737.4814814814815,1,345,0.5261707988980716,0.0,1,0.30441850423812866
TRAIN,5hcafebs,46,7,8,10,1080,1920,1,0.7578125,7.34375,0.99935382604599,1,2747,0.0013247492283950618,2066,1.329622458857696,0.3673101673101673,567.77102293411,741.013833272661,579.7859649122807,739.4307992202729,1,2571,0.8237311385459534,0.0,1,0.35622552037239075
TRAIN,5hcafebs,46,8,9,10,1080,1920,1,0.828125,7.9375,0.9996429681777954,1,922,0.00044463734567901233,1034,0.8916827852998066,0.2208915502328676,295.13340563991324,862.5466377440347,307.7437020810515,861.5082146768893,1,1085,0.8032345013477089,0.0,1,0.36003491282463074
TRAIN,5hcafebs,46,9,10,10,1080,1920,1,0.7890625,8.875,0.9998601675033569,1,1758,0.0008478009259259259,2459,0.7149247661651078,0.2998708844415752,221.86063708759954,862.2753128555177,232.2437197003085,865.2582635522257,1,1698,0.8580645161290322,0.0,1,0.31506338715553284
TRAIN,5hcafebs,47,0,1,10,1080,1920,1,0.8515625,6.8125,0.9989012479782104,1,1016,0.0004899691358024691,806,1.260545905707196,0.234375,67.78838582677166,381.49704724409446,79.35568181818182,382.3215909090909,1,974,0.8703007518796992,0.0,2,0.37430158257484436
TRAIN,5hcafebs,47,1,2,10,1080,1920,1,0.7890625,7.1875,0.9992445707321167,1,974,0.0004697145061728395,964,1.0103734439834025,0.22686025408348456,105.59548254620123,489.73921971252565,116.31973434535104,492.7381404174573,1,1006,0.6417910447761194,0.0,1,0.28510940074920654
TRAIN,5hcafebs,47,2,3,10,1080,1920,1,0.50390625,8.375,0.9997695088386536,1,303,0.0001461226851851852,417,0.7266187050359713,0.03764320785597381,444.5940594059406,475.0858085808581,454.2326283987915,475.19939577039275,1,552,0.546112115732369,0.0,1,-0.17481499910354614
TRAIN,5hcafebs,47,3,4,10,1080,1920,1,0.734375,6.25,0.9980732202529907,1,672,0.00032407407407407406,488,1.3770491803278688,0.07805724197745013,528.6785714285714,432.6904761904762,539.9211908931699,433.85464098073555,1,559,0.679399727148704,0.0,1,-0.2066022902727127
TRAIN,5hcafebs,47,4,5,10,1080,1920,1,7.270385540061815e-33,-6.1875,0.0020507434383034706,0,0,0.0,1811,0.0,,,,,,0,0,,0.0,1,
TRAIN,5hcafebs,47,5,6,10,1080,1920,1,0.8203125,6.78125,0.9988664388656616,1,1280,0.0006172839506172839,939,1.3631522896698616,0.4037199124726477,249.965625,692.984375,259.9657853810264,693.637636080871,1,1279,0.8899556868537666,0.0,1,0.30071574449539185
TRAIN,5hcafebs,47,6,7,10,1080,1920,1,0.392578125,7.71875,0.999555766582489,1,267,0.00012876157407407408,802,0.3329177057356609,0.17530864197530865,403.60674157303373,736.370786516854,412.82775119617224,737.4401913875598,1,297,0.47643979057591623,0.0,1,0.2579004168510437
TRAIN,5hcafebs,47,7,8,10,1080,1920,1,0.79296875,6.84375,0.9989350438117981,1,2808,0.0013541666666666667,2066,1.3591481122942886,0.5379291251384275,559.4626068376068,739.1096866096866,567.77102293411,741.013833272661,1,2586,0.8010016694490818,0.0,1,0.2664211690425873
TRAIN,5hcafebs,47,8,9,10,1080,1920,1,0.81640625,7.71875,0.999555766582489,1,985,0.0004750192901234568,1034,0.9526112185686654,0.2928813559322034,284.7583756345178,863.0142131979695,295.13340563991324,862.5466377440347,1,1096,0.8530721282279609,0.0,1,0.3519817888736725
TRAIN,5hcafebs,47,9,10,10,1080,1920,1,0.7578125,9.0,0.9998766183853149,1,1763,0.0008502121913580247,2459,0.7169581130540871,0.32219301539616974,211.74078275666477,861.2093023255813,221.86063708759954,862.2753128555177,1,1650,0.7748309932397296,0.0,1,0.2821541130542755
TRAIN,5hcafebs,48,0,1,10,1080,1920,1,0.86328125,6.5,0.998498797416687,1,971,0.00046826774691358027,806,1.2047146401985112,0.2902597402597403,57.20494335736354,382.4644696189495,67.78838582677166,381.49704724409446,1,1001,0.8745247148288974,0.0,2,0.31479793787002563
TRAIN,5hcafebs,48,1,2,10,1080,1920,1,0.75390625,7.5625,0.999480664730072,1,1036,0.0004996141975308642,964,1.0746887966804979,0.22560975609756098,94.67471042471043,493.32528957528956,105.59548254620123,489.73921971252565,1,1015,0.5948678071539658,0.0,1,0.25165873765945435
TRAIN,5hcafebs,48,2,3,10,1080,1920,1,0.59765625,8.8125,0.9998511075973511,1,390,0.0001880787037037037,417,0.935251798561151,0.0,434.67692307692306,477.1820512820513,444.5940594059406,475.0858085808581,1,553,0.601018675721562,0.0,1,-0.25939515233039856
TRAIN,5hcafebs,48,3,4,10,1080,1920,1,0.734375,6.6875,0.9987550973892212,1,725,0.00034963348765432097,488,1.485655737704918,0.24620874219446923,520.6924137931035,433.6303448275862,528.6785714285714,432.6904761904762,1,592,0.7328947368421053,0.0,1,-0.26197341084480286
TRAIN,5hcafebs,48,4,5,10,1080,1920,1,2.196763842816691e-34,-5.90625,0.0027149852830916643,0,0,0.0,1811,0.0,,,,,,0,0,,0.0,1,
TRAIN,5hcafebs,48,5,6,10,1080,1920,1,0.8359375,6.59375,0.9986329674720764,1,1344,0.0006481481481481481,939,1.4313099041533546,0.3890947591318158,239.66964285714286,696.046130952381,249.965625,692.984375,1,1281,0.8912103746397695,0.0,1,0.3078422546386719
TRAIN,5hcafebs,48,6,7,10,1080,1920,1,0.50390625,8.25,0.9997387528419495,1,328,0.00015817901234567902,802,0.4089775561097257,0.2962962962962963,394.9756097560976,740.060975609756,403.60674157303373,736.370786516854,1,290,0.33189655172413796,0.0,1,0.3143623173236847
TRAIN,5hcafebs,48,7,8,10,1080,1920,1,0.76953125,6.9375,0.9990302324295044,1,2473,0.0011926118827160494,2066,1.196999031945789,0.4015392781316348,548.4775576223211,740.4249898908208,559.4626068376068,739.1096866096866,1,2674,0.7548585066484828,0.0,1,0.2786887288093567
TRAIN,5hcafebs,48,8,9,10,1080,1920,1,0.8046875,7.8125,0.999595582485199,1,1112,0.0005362654320987655,1034,1.0754352030947776,0.27245145631067963,272.9595323741007,865.7095323741007,284.7583756345178,863.0142131979695,1,1154,0.8680956306677658,0.0,1,0.2803002893924713
TRAIN,5hcafebs,48,9,10,10,1080,1920,1,0.74609375,9.4375,0.9999203681945801,1,1725,0.0008318865740740741,2459,0.7015046766978447,0.35036778939217966,201.68173913043478,864.351884057971,211.74078275666477,861.2093023255813,1,1523,0.75,0.0,1,0.33946025371551514
TRAIN,5hcafebs,49,0,1,10,1080,1920,1,0.84765625,5.84375,0.9971103668212891,1,821,0.0003959297839506173,806,1.0186104218362282,0.14358647096362476,44.10962241169306,387.59926918392205,57.20494335736354,382.4644696189495,1,1009,0.7818889970788705,0.0,2,0.3351437747478485
TRAIN,5hcafebs,49,1,2,10,1080,1920,1,0.79296875,6.875,0.9989677667617798,1,1066,0.0005140817901234568,964,1.1058091286307055,0.13315363881401618,80.75328330206379,495.90806754221387,94.67471042471043,493.32528957528956,1,1000,0.6293375394321766,0.0,1,0.2871350347995758
TRAIN,5hcafebs,49,2,3,10,1080,1920,1,0.60546875,8.5625,0.9998089671134949,1,445,0.00021460262345679012,417,1.0671462829736211,0.0,422.73932584269664,480.7550561797753,434.67692307692306,477.1820512820513,1,509,0.7504587155963303,0.0,1,-0.2359858900308609
TRAIN,5hcafebs,49,3,4,10,1080,1920,1,0.73046875,6.6875,0.9987550973892212,1,680,0.0003279320987654321,488,1.3934426229508197,0.11507936507936507,509.7485294117647,437.30882352941177,520.6924137931035,433.6303448275862,1,573,0.7402777777777778,0.0,1,-0.20901453495025635
TRAIN,5hcafebs,49,4,5,10,1080,1920,1,1.078520768856852e-30,-4.46875,0.011331753805279732,0,0,0.0,1811,0.0,,,,,,0,0,,0.0,1,
TRAIN,5hcafebs,49,5,6,10,1080,1920,1,0.84375,6.59375,0.9986329674720764,1,1349,0.0006505594135802469,939,1.4366347177848775,0.30348499515972893,226.56856931060045,698.8317272053373,239.66964285714286,696.046130952381,1,1269,0.8875270367700072,0.0,1,0.287401020526886
TRAIN,5hcafebs,49,6,7,10,1080,1920,1,0.458984375,8.5,0.9997965693473816,1,252,0.00012152777777777777,802,0.314214463840399,0.1717171717171717,385.38492063492066,738.6746031746031,394.9756097560976,740.060975609756,1,276,0.3643410852713178,0.0,1,0.26619240641593933
TRAIN,5hcafebs,49,7,8,10,1080,1920,1,0.81640625,6.71875,0.998793363571167,1,2604,0.001255787037037037,2066,1.260406582768635,0.4106696304529036,537.9270353302611,744.195084485407,548.4775576223211,740.4249898908208,1,2583,0.8168126094570928,0.0,1,0.28389057517051697
TRAIN,5hcafebs,49,8,9,10,1080,1920,1,0.828125,7.875,0.9996199607849121,1,1072,0.0005169753086419753,1034,1.0367504835589942,0.24444444444444444,259.6735074626866,870.6819029850747,272.9595323741007,865.7095323741007,1,1231,0.8602584814216478,0.0,1,0.3708449900150299
TRAIN,5hcafebs,49,9,10,10,1080,1920,1,0.76171875,9.0625,0.9998840093612671,1,1881,0.0009071180555555555,2459,0.7649450996339976,0.21536905965621841,187.8054226475279,870.3466241360978,201.68173913043478,864.351884057971,1,1532,0.7583719732096857,0.0,1,0.30041587352752686
TRAIN,5hcafebs,50,0,1,10,1080,1920,1,0.84375,5.625,0.9964063763618469,1,875,0.00042197145061728393,806,1.08560794044665,0.0392156862745098,27.251428571428573,389.18285714285713,44.10962241169306,387.59926918392205,1,1010,0.7884250474383302,0.0,2,0.38038328289985657
TRAIN,5hcafebs,50,1,2,10,1080,1920,1,0.77734375,7.21875,0.9992678761482239,1,1066,0.0005140817901234568,964,1.1058091286307055,0.0622820129546587,64.02157598499062,498.8611632270169,80.75328330206379,495.90806754221387,1,1057,0.6703383162863886,0.0,1,0.27718445658683777
TRAIN,5hcafebs,50,2,3,10,1080,1920,1,0.59375,8.8125,0.9998511075973511,1,409,0.000197241512345679,417,0.9808153477218226,0.0,408.0513447432763,482.31784841075796,422.73932584269664,480.7550561797753,1,436,0.7422680412371134,0.0,1,-0.2562429904937744
TRAIN,5hcafebs,50,3,4,10,1080,1920,1,0.7109375,6.78125,0.9988664388656616,1,683,0.00032937885802469135,488,1.3995901639344261,0.02945619335347432,494.67496339677894,438.38653001464127,509.7485294117647,437.30882352941177,1,535,0.6963788300835655,0.0,1,-0.26843446493148804
TRAIN,5hcafebs,50,4,5,10,1080,1920,1,2.4035605705952703e-31,-4.4375,0.011687257327139378,0,0,0.0,1811,0.0,,,,,,0,0,,0.0,1,
TRAIN,5hcafebs,50,5,6,10,1080,1920,1,0.84765625,6.28125,0.9981324076652527,1,1322,0.0006375385802469136,939,1.4078807241746538,0.2394431554524362,211.52950075642966,704.3328290468986,226.56856931060045,698.8317272053373,1,1305,0.8513037350246653,0.0,1,0.29291820526123047
TRAIN,5hcafebs,50,6,7,10,1080,1920,1,0.53515625,7.28125,0.999312162399292,1,447,0.00021556712962962963,802,0.557356608478803,0.030973451327433628,362.5682326621924,749.2706935123042,385.38492063492066,738.6746031746031,1,329,0.3333333333333333,0.0,1,0.3134942054748535
TRAIN,5hcafebs,50,7,8,10,1080,1920,1,0.75390625,6.53125,0.9985449314117432,1,2719,0.0013112461419753087,2066,1.3160696999031947,0.2882381413359148,522.9389481426995,745.1154836336889,537.9270353302611,744.195084485407,1,2542,0.8122631760248019,0.0,1,0.24753338098526
TRAIN,5hcafebs,50,8,9,10,1080,1920,1,0.828125,7.78125,0.9995827078819275,1,1036,0.0004996141975308642,1034,1.001934235976789,0.2135866436384571,243.8899613899614,877.0926640926641,259.6735074626866,870.6819029850747,1,1268,0.7846630518977536,0.0,1,0.30742108821868896
TRAIN,5hcafebs,50,9,10,10,1080,1920,1,0.7734375,9.0625,0.9998840093612671,1,1666,0.0008034336419753086,2459,0.6775111834078894,0.08803680981595093,170.65846338535414,870.578031212485,187.8054226475279,870.3466241360978,1,1673,0.77700904736562,0.0,1,0.3426891267299652
TRAIN,5hcafebs,51,0,1,10,1080,1920,1,0.859375,4.4375,0.9883127808570862,1,630,0.00030381944444444445,806,0.7816377171215881,0.0,5.674603174603175,393.8253968253968,27.251428571428573,389.18285714285713,1,611,0.8774583963691377,0.0,2,0.3916122317314148
TRAIN,5hcafebs,51,1,2,10,1080,1920,1,0.77734375,7.53125,0.999464213848114,1,1104,0.0005324074074074074,964,1.1452282157676348,0.0,39.35326086956522,503.8061594202899,64.02157598499062,498.8611632270169,1,1058,0.650381679389313,0.0,1,0.30256417393684387
TRAIN,5hcafebs,51,2,3,10,1080,1920,1,0.6015625,9.625,0.9999339580535889,1,413,0.00019917052469135802,417,0.9904076738609112,0.0,387.2009685230024,484.5956416464891,408.0513447432763,482.31784841075796,1,447,0.6602316602316602,0.0,1,-0.1879487931728363
TRAIN,5hcafebs,51,3,4,10,1080,1920,1,0.75,6.46875,0.9984512329101562,1,595,0.0002869405864197531,488,1.2192622950819672,0.0,474.74621848739497,442.2756302521008,494.67496339677894,438.38653001464127,1,591,0.7339181286549707,0.0,1,-0.2239573448896408
TRAIN,5hcafebs,51,4,5,10,1080,1920,1,3.2548216060144286e-32,-5.25,0.005220125429332256,0,0,0.0,1811,0.0,,,,,,0,0,,0.0,1,
TRAIN,5hcafebs,51,5,6,10,1080,1920,1,0.84765625,6.03125,0.9976032376289368,1,1423,0.0006862461419753086,939,1.5154419595314164,0.09188544152744631,187.92129304286718,709.6725228390724,211.52950075642966,704.3328290468986,1,1351,0.89093387866394,0.0,1,0.3168001174926758
TRAIN,5hcafebs,51,6,7,10,1080,1920,1,0.5625,7.0,0.9990890026092529,1,430,0.00020736882716049384,802,0.5361596009975063,0.016222479721900347,342.6511627906977,751.1511627906976,362.5682326621924,749.2706935123042,1,385,0.5262172284644194,0.0,1,0.17081573605537415
TRAIN,5hcafebs,51,7,8,10,1080,1920,1,0.78125,6.40625,0.9983515739440918,1,2433,0.0011733217592592592,2066,1.1776379477250727,0.20373831775700935,504.691738594328,745.7747636662557,522.9389481426995,745.1154836336889,1,2376,0.7667156502571638,0.0,1,0.23901957273483276
TRAIN,5hcafebs,51,8,9,10,1080,1920,1,0.80859375,7.59375,0.9994966983795166,1,1242,0.0005989583333333333,1034,1.2011605415860735,0.10314769975786925,221.42351046698872,881.5370370370371,243.8899613899614,877.0926640926641,1,1295,0.7942008486562943,0.0,1,0.2626224756240845
TRAIN,5hcafebs,51,9,10,10,1080,1920,1,0.7578125,9.0,0.9998766183853149,1,1666,0.0008034336419753086,2459,0.6775111834078894,0.0,146.95018007202881,876.7082833133253,170.65846338535414,870.578031212485,1,1554,0.8079730488489613,0.0,1,0.2958991527557373
TRAIN,5hcafebs,52,0,1,10,1080,1920,1,1.1117307432712692e-21,-3.03125,0.04603390023112297,0,0,0.0,806,0.0,0.0,,,5.674603174603175,393.8253968253968,0,0,,0.0,2,
TRAIN,5hcafebs,52,1,2,10,1080,1920,1,0.76953125,6.40625,0.9983515739440918,1,1124,0.0005420524691358025,964,1.16597510373444,0.0,14.598754448398576,511.8238434163701,39.35326086956522,503.8061594202899,1,1037,0.6648690292758089,0.0,1,0.31105777621269226
TRAIN,5hcafebs,52,2,3,10,1080,1920,1,0.5859375,7.90625,0.9996316432952881,1,387,0.00018663194444444445,417,0.9280575539568345,0.0,365.8992248062016,494.41602067183464,387.2009685230024,484.5956416464891,1,426,0.707983193277311,0.0,1,-0.26524487137794495
TRAIN,5hcafebs,52,3,4,10,1080,1920,1,0.73828125,7.375,0.999373733997345,1,726,0.00035011574074074074,488,1.4877049180327868,0.0,453.767217630854,447.4449035812672,474.74621848739497,442.2756302521008,1,580,0.7049608355091384,0.0,1,-0.20855288207530975
TRAIN,5hcafebs,52,4,5,10,1080,1920,1,1.1988913903810543e-32,-5.78125,0.0030753696337342262,0,0,0.0,1811,0.0,,,,,,0,0,,0.0,2,
TRAIN,5hcafebs,52,5,6,10,1080,1920,1,0.8203125,6.1875,0.9979493021965027,1,1376,0.0006635802469135803,939,1.4653887113951012,0.10807600950118765,164.8953488372093,716.9280523255813,187.92129304286718,709.6725228390724,1,1377,0.9131341209173037,0.0,1,0.27746182680130005
TRAIN,5hcafebs,52,6,7,10,1080,1920,1,0.48828125,6.78125,0.9988664388656616,1,273,0.00013165509259259258,802,0.3403990024937656,0.05555555555555555,324.9267399267399,758.0989010989011,342.6511627906977,751.1511627906976,1,395,0.4713656387665198,0.0,1,0.21903899312019348
TRAIN,5hcafebs,52,7,8,10,1080,1920,1,0.80859375,6.1875,0.9979493021965027,1,2344,0.0011304012345679012,2066,1.1345595353339788,0.1705464346973781,484.66638225255974,753.7691979522184,504.691738594328,745.7747636662557,1,2369,0.804364471669219,0.0,1,0.24535536766052246
TRAIN,5hcafebs,52,8,9,10,1080,1920,1,0.8203125,7.53125,0.999464213848114,1,1256,0.0006057098765432098,1034,1.2147001934235977,0.13236627379873073,199.02468152866243,891.7730891719746,221.42351046698872,881.5370370370371,1,1369,0.8053645116918845,0.0,1,0.23446063697338104
TRAIN,5hcafebs,52,9,10,10,1080,1920,1,0.765625,8.25,0.9997387528419495,1,1770,0.000853587962962963,2459,0.719804798698658,0.024143070044709388,125.17062146892656,885.4033898305084,146.95018007202881,876.7082833133253,1,1788,0.8599059069524307,0.0,1,0.25189661979675293
TRAIN,5hcafebs,53,0,1,10,1080,1920,1,1.9563750449481093e-27,-4.1875,0.014957086183130741,0,0,0.0,806,0.0,,,,,,0,0,,0.0,2,
TRAIN,5hcafebs,53,1,2,10,1080,1920,1,0.52734375,1.4296875,0.8068526387214661,1,103,4.967206790123457e-05,964,0.10684647302904564,0.0008156606851549756,1.7766990291262137,510.9514563106796,14.598754448398576,511.8238434163701,1,75,0.6952380952380952,0.0,1,0.26790958642959595
TRAIN,5hcafebs,53,2,3,10,1080,1920,1,0.6015625,7.9375,0.9996429681777954,1,394,0.00019000771604938272,417,0.9448441247002398,0.0,343.8299492385787,495.1497461928934,365.8992248062016,494.41602067183464,1,482,0.5927272727272728,0.0,1,-0.1975782960653305
TRAIN,5hcafebs,53,3,4,10,1080,1920,1,0.71484375,6.75,0.9988304972648621,1,604,0.00029128086419753085,488,1.2377049180327868,0.0,433.8162251655629,452.8294701986755,453.767217630854,447.4449035812672,1,597,0.7280575539568346,0.0,1,-0.21575196087360382
TRAIN,5hcafebs,53,4,5,10,1080,1920,1,6.5635692504717e-31,-5.78125,0.0030753696337342262,0,0,0.0,1811,0.0,,,,,,0,0,,0.0,2,
TRAIN,5hcafebs,53,5,6,10,1080,1920,1,0.828125,6.40625,0.9983515739440918,1,1388,0.0006693672839506173,939,1.478168264110756,0.1263243683781581,143.43731988472624,725.178674351585,164.8953488372093,716.9280523255813,1,1365,0.8947006194081212,0.0,1,0.2786566913127899
TRAIN,5hcafebs,53,6,7,10,1080,1920,1,0.56640625,6.8125,0.9989012479782104,1,288,0.0001388888888888889,802,0.35910224438902744,0.0,305.03819444444446,766.5451388888889,324.9267399267399,758.0989010989011,1,377,0.6024096385542169,0.0,1,0.29389867186546326
TRAIN,5hcafebs,53,7,8,10,1080,1920,1,0.78515625,6.71875,0.998793363571167,1,2354,0.0011352237654320989,2066,1.1393998063891577,0.20061334014822388,465.9065420560748,759.1304163126593,484.66638225255974,753.7691979522184,1,2307,0.7961464354527938,0.0,1,0.2625018358230591
TRAIN,5hcafebs,53,8,9,10,1080,1920,1,0.8203125,6.96875,0.9990600943565369,1,1197,0.0005772569444444445,1034,1.1576402321083172,0.20186183243508085,179.3609022556391,901.405179615706,199.02468152866243,891.7730891719746,1,1387,0.7796143250688705,0.0,1,0.3140254616737366
TRAIN,5hcafebs,53,9,10,10,1080,1920,1,0.76953125,8.1875,0.9997219443321228,1,1766,0.0008516589506172839,2459,0.7181781211874746,0.0228521839745444,101.5872027180068,892.7763306908267,125.17062146892656,885.4033898305084,1,1901,0.79227761485826,0.0,1,0.3262093663215637
TRAIN,5hcafebs,54,0,1,10,1080,1920,1,5.39260384428426e-32,-5.40625,0.0044683837331831455,0,0,0.0,806,0.0,,,,,,0,0,,0.0,3,
TRAIN,5hcafebs,54,1,2,10,1080,1920,1,3.5695955961250784e-29,-6.0,0.0024726230185478926,0,0,0.0,964,0.0,0.0,,,1.7766990291262137,510.9514563106796,0,0,,0.0,3,
TRAIN,5hcafebs,54,2,3,10,1080,1920,1,0.6171875,8.8125,0.9998511075973511,1,407,0.0001962770061728395,417,0.9760191846522782,0.0,326.8845208845209,499.25798525798524,343.8299492385787,495.1497461928934,1,473,0.6955684007707129,0.0,1,-0.21594546735286713
TRAIN,5hcafebs,54,3,4,10,1080,1920,1,0.71875,6.59375,0.9986329674720764,1,699,0.00033709490740740743,488,1.4323770491803278,0.0,414.81545064377684,455.2074391988555,433.8162251655629,452.8294701986755,1,575,0.707774798927614,0.0,1,-0.22047723829746246
TRAIN,5hcafebs,54,4,5,10,1080,1920,1,3.2548216060144286e-32,-5.78125,0.0030753696337342262,0,0,0.0,1811,0.0,,,,,,0,0,,0.0,3,
TRAIN,5hcafebs,54,5,6,10,1080,1920,1,0.8515625,6.15625,0.9978843331336975,1,1475,0.0007113233024691358,939,1.5708200212992545,0.16714227476559315,123.3328813559322,728.4983050847458,143.43731988472624,725.178674351585,1,1432,0.8901170351105332,0.0,1,0.24516642093658447
TRAIN,5hcafebs,54,6,7,10,1080,1920,1,0.58203125,6.78125,0.9988664388656616,1,318,0.00015335648148148148,802,0.39650872817955113,0.03236797274275979,286.4685534591195,770.3364779874214,305.03819444444446,766.5451388888889,1,460,0.5591182364729459,0.0,1,0.22552773356437683
TRAIN,5hcafebs,54,7,8,10,1080,1920,1,0.80078125,6.21875,0.9980121850967407,1,2477,0.0011945408950617283,2066,1.1989351403678605,0.31850436681222705,451.69479208720225,756.0698425514736,465.9065420560748,759.1304163126593,1,2214,0.8274250097389949,0.0,1,0.32054975628852844
TRAIN,5hcafebs,54,8,9,10,1080,1920,1,0.83203125,7.71875,0.999555766582489,1,1317,0.0006351273148148148,1034,1.2736943907156673,0.25136884021901446,161.03113135914958,905.9817767653758,179.3609022556391,901.405179615706,1,1436,0.762483994878361,0.0,1,0.2787000238895416
TRAIN,5hcafebs,54,9,10,10,1080,1920,1,0.78515625,7.90625,0.9996316432952881,1,2038,0.0009828317901234569,2459,0.8287921919479463,0.10677916787896422,83.27674190382729,900.3169774288518,101.5872027180068,892.7763306908267,1,2023,0.8459090909090909,0.0,1,0.2827679514884949
TRAIN,5hcafebs,55,0,1,10,1080,1920,1,2.1693674893577825e-29,-6.5,0.0015011823270469904,0,0,0.0,806,0.0,,,,,,0,0,,0.0,3,
TRAIN,5hcafebs,55,1,2,10,1080,1920,1,3.5695955961250784e-29,-5.9375,0.0026316740550100803,0,0,0.0,964,0.0,,,,,,0,0,,0.0,3,
TRAIN,5hcafebs,55,2,3,10,1080,1920,1,0.62109375,9.6875,0.999937891960144,1,392,0.0001890432098765432,417,0.9400479616306955,0.0,303.89285714285717,500.5433673469388,326.8845208845209,499.25798525798524,1,521,0.5166112956810631,0.0,1,-0.18157222867012024
TRAIN,5hcafebs,55,3,4,10,1080,1920,1,0.75,6.71875,0.998793363571167,1,586,0.0002826003086419753,488,1.2008196721311475,0.0,394.9146757679181,457.19795221843003,414.81545064377684,455.2074391988555,1,579,0.6859623733719248,0.0,1,-0.23247940838336945
TRAIN,5hcafebs,55,4,5,10,1080,1920,1,7.987216665362745e-30,-5.28125,0.005060331895947456,0,0,0.0,1811,0.0,,,,,,0,0,,0.0,3,
TRAIN,5hcafebs,55,5,6,10,1080,1920,1,0.83984375,6.0,0.9975274205207825,1,1496,0.0007214506172839506,939,1.5931842385516506,0.1387504791107704,100.67780748663101,733.6290106951872,123.3328813559322,728.4983050847458,1,1436,0.884318766066838,0.0,1,0.26001977920532227
TRAIN,5hcafebs,55,6,7,10,1080,1920,1,0.60546875,6.21875,0.9980121850967407,1,312,0.00015046296296296297,802,0.38902743142144636,0.004784688995215311,265.65064102564105,775.0352564102565,286.4685534591195,770.3364779874214,1,488,0.5355086372360844,0.0,1,0.21434646844863892
TRAIN,5hcafebs,55,7,8,10,1080,1920,1,0.80859375,5.75,0.9968273043632507,1,2501,0.0012061149691358025,2066,1.2105517909002905,0.15848266232255062,429.92443022790883,765.7157137145142,451.69479208720225,756.0698425514736,1,2458,0.7928416485900217,0.0,1,0.2897486090660095
TRAIN,5hcafebs,55,8,9,10,1080,1920,1,0.82421875,7.21875,0.9992678761482239,1,1247,0.0006013695987654321,1034,1.2059961315280465,0.20206282231598688,140.66399358460305,909.9855653568565,161.03113135914958,905.9817767653758,1,1364,0.7665764546684709,0.0,1,0.249722421169281
TRAIN,5hcafebs,55,9,10,10,1080,1920,1,0.78125,7.84375,0.9996079802513123,1,2123,0.0010238233024691358,2459,0.8633590890605938,0.05022715800100959,60.51672162034856,907.4272256241168,83.27674190382729,900.3169774288518,1,2098,0.8092584654950707,0.0,1,0.328926146030426
TRAIN,5hcafebs,56,0,1,10,1080,1920,1,1.4637067577342992e-31,-6.9375,0.0009697519708424807,0,0,0.0,806,0.0,,,,,,0,0,,0.0,3,
TRAIN,5hcafebs,56,1,2,10,1080,1920,1,1.4637067577342992e-31,-6.75,0.0011695103021338582,0,0,0.0,964,0.0,,,,,,0,0,,0.0,3,
TRAIN,5hcafebs,56,2,3,10,1080,1920,1,0.58984375,8.875,0.9998601675033569,1,414,0.0001996527777777778,417,0.9928057553956835,0.0,281.75845410628017,503.8816425120773,303.89285714285717,500.5433673469388,1,572,0.6515912897822446,0.0,1,-0.21841545403003693
TRAIN,5hcafebs,56,3,4,10,1080,1920,1,0.74609375,6.53125,0.9985449314117432,1,754,0.0003636188271604938,488,1.5450819672131149,0.0,372.6710875331565,460.37267904509287,394.9146757679181,457.19795221843003,1,611,0.7300380228136882,0.0,1,-0.19835355877876282
TRAIN,5hcafebs,56,4,5,10,1080,1920,1,3.975119405215255e-31,-5.40625,0.0044683837331831455,0,0,0.0,1811,0.0,,,,,,0,0,,0.0,3,
TRAIN,5hcafebs,56,5,6,10,1080,1920,1,0.83984375,5.78125,0.9969245791435242,1,1567,0.0007556905864197531,939,1.6687965921192758,0.10537712017322266,75.52137843012125,737.3490746649649,100.67780748663101,733.6290106951872,1,1466,0.8687615526802218,0.0,1,0.32299378514289856
TRAIN,5hcafebs,56,6,7,10,1080,1920,1,0.5078125,6.8125,0.9989012479782104,1,434,0.00020929783950617283,802,0.5411471321695761,0.0,241.1221198156682,781.1658986175115,265.65064102564105,775.0352564102565,1,544,0.5598086124401914,0.0,1,0.20312285423278809
TRAIN,5hcafebs,56,7,8,10,1080,1920,1,0.80859375,5.5,0.9959298968315125,1,3135,0.0015118634259259258,2066,1.5174249757986447,0.1561025641025641,408.1001594896332,773.133971291866,429.92443022790883,765.7157137145142,1,2599,0.8031446540880504,0.0,1,0.2604078948497772
TRAIN,5hcafebs,56,8,9,10,1080,1920,1,0.8046875,7.46875,0.9994296431541443,1,1379,0.0006650270061728395,1034,1.3336557059961316,0.1047538914598233,116.394488759971,911.7244379985497,140.66399358460305,909.9855653568565,1,1334,0.7907590759075908,0.0,1,0.2710533142089844
TRAIN,5hcafebs,56,9,10,10,1080,1920,1,0.78515625,7.1875,0.9992445707321167,1,1924,0.0009278549382716049,2459,0.7824318828792192,0.012003000750187547,33.71569646569647,912.677234927235,60.51672162034856,907.4272256241168,1,2001,0.8087557603686636,0.0,1,0.33507347106933594
TRAIN,5hcafebs,57,0,1,10,1080,1920,1,3.2548216060144286e-32,-7.09375,0.0008295892039313912,0,0,0.0,806,0.0,,,,,,0,0,,0.0,3,
TRAIN,5hcafebs,57,1,2,10,1080,1920,1,6.5635692504717e-31,-6.75,0.0011695103021338582,0,0,0.0,964,0.0,,,,,,0,0,,0.0,3,
TRAIN,5hcafebs,57,2,3,10,1080,1920,1,0.58203125,8.4375,0.999783456325531,1,418,0.00020158179012345678,417,1.0023980815347722,0.0,261.22966507177034,513.5095693779904,281.75845410628017,503.8816425120773,1,547,0.6580756013745704,0.0,1,-0.20017138123512268
TRAIN,5hcafebs,57,3,4,10,1080,1920,1,0.74609375,6.3125,0.9981897473335266,1,740,0.0003568672839506173,488,1.5163934426229508,0.0,353.22972972972974,467.11756756756756,372.6710875331565,460.37267904509287,1,642,0.7275,0.0,1,-0.22267484664916992
TRAIN,5hcafebs,57,4,5,10,1080,1920,1,2.9335764912906377e-30,-5.5625,0.0038244836032390594,0,0,0.0,1811,0.0,,,,,,0,0,,0.0,3,
TRAIN,5hcafebs,57,5,6,10,1080,1920,1,0.83203125,5.625,0.9964063763618469,1,1348,0.0006500771604938272,939,1.4355697550585729,0.1276595744680851,52.84421364985163,741.8686943620178,75.52137843012125,737.3490746649649,1,1533,0.8119496855345912,0.0,1,0.3302077353000641
TRAIN,5hcafebs,57,6,7,10,1080,1920,1,0.640625,5.84375,0.9971103668212891,1,336,0.00016203703703703703,802,0.41895261845386533,0.003911342894393742,218.4375,786.5357142857143,241.1221198156682,781.1658986175115,1,533,0.557347670250896,0.0,1,0.24023185670375824
TRAIN,5hcafebs,57,7,8,10,1080,1920,1,0.8203125,5.875,0.9971990585327148,1,3201,0.0015436921296296297,2066,1.5493707647628268,0.20136518771331058,387.48734770384254,780.6963448922212,408.1001594896332,773.133971291866,1,2679,0.7965169569202566,0.0,1,0.2941121459007263
TRAIN,5hcafebs,57,8,9,10,1080,1920,1,0.8125,7.3125,0.9993333220481873,1,1319,0.0006360918209876544,1034,1.2756286266924566,0.10983134512546278,92.41319181197878,921.2608036391206,116.394488759971,911.7244379985497,1,1320,0.7711409395973154,0.0,1,0.23743698000907898
TRAIN,5hcafebs,57,9,10,10,1080,1920,1,0.82421875,6.84375,0.9989350438117981,1,1891,0.0009119405864197531,2459,0.7690117934119561,0.018147851614625034,10.698572184029613,925.006874669487,33.71569646569647,912.677234927235,1,1685,0.838560411311054,0.0,1,0.31031981110572815
TRAIN,5hcafebs,58,0,1,10,1080,1920,1,7.987216665362745e-30,-7.65625,0.0004728544445242733,0,0,0.0,806,0.0,,,,,,0,0,,0.0,3,
TRAIN,5hcafebs,58,1,2,10,1080,1920,1,2.4035605705952703e-31,-7.09375,0.0008295892039313912,0,0,0.0,964,0.0,,,,,,0,0,,0.0,3,
TRAIN,5hcafebs,58,2,3,10,1080,1920,1,0.62109375,8.4375,0.999783456325531,1,400,0.00019290123456790122,417,0.9592326139088729,0.0,243.9675,517.71,261.22966507177034,513.5095693779904,1,575,0.6089108910891089,0.0,1,-0.20021231472492218
TRAIN,5hcafebs,58,3,4,10,1080,1920,1,0.7265625,6.5,0.998498797416687,1,749,0.0003612075617283951,488,1.5348360655737705,0.016382252559726963,336.91188251001336,471.53671562082775,353.22972972972974,467.11756756756756,1,634,0.7440100882723834,0.0,1,-0.23429235816001892
TRAIN,5hcafebs,58,4,5,10,1080,1920,1,6.5635692504717e-31,-5.59375,0.0037072531413286924,0,0,0.0,1811,0.0,,,,,,0,0,,0.0,3,
TRAIN,5hcafebs,58,5,6,10,1080,1920,1,0.83203125,5.46875,0.9958011507987976,1,1539,0.0007421875,939,1.6389776357827477,0.1900247320692498,34.01819363222872,749.6140350877193,52.84421364985163,741.8686943620178,1,1592,0.8759736369083283,0.0,1,0.30878153443336487
TRAIN,5hcafebs,58,6,7,10,1080,1920,1,0.65625,6.21875,0.9980121850967407,1,373,0.0001798804012345679,802,0.46508728179551123,0.045722713864306784,200.44235924932977,792.9195710455764,218.4375,786.5357142857143,1,540,0.6130742049469965,0.0,1,0.30602526664733887
TRAIN,5hcafebs,58,7,8,10,1080,1920,1,0.828125,5.71875,0.9967268705368042,1,2948,0.001421682098765432,2066,1.4269119070667957,0.29479890503263845,371.44029850746267,787.8697421981004,387.48734770384254,780.6963448922212,1,2605,0.7849566055930569,0.0,1,0.2943241000175476
TRAIN,5hcafebs,58,8,9,10,1080,1920,1,0.8125,7.09375,0.9991704225540161,1,1109,0.0005348186728395062,1034,1.0725338491295937,0.20856147336983574,74.0541027953111,929.2669071235347,92.41319181197878,921.2608036391206,1,1477,0.6846905537459284,0.0,1,0.32945650815963745
TRAIN,5hcafebs,58,9,10,10,1080,1920,1,0.62109375,4.5,0.9890130758285522,1,304,0.00014660493827160494,2459,0.123627490849939,0.16076150185087257,2.7434210526315788,928.578947368421,10.698572184029613,925.006874669487,1,222,0.38421052631578945,0.0,1,0.3165130317211151
TRAIN,5hcafebs,59,0,1,10,1080,1920,1,1.078520768856852e-30,-7.625,0.000487857119878754,0,0,0.0,806,0.0,,,,,,0,0,,0.0,3,
TRAIN,5hcafebs,59,1,2,10,1080,1920,1,8.859277744181285e-32,-7.15625,0.0007793660624884069,0,0,0.0,964,0.0,,,,,,0,0,,0.0,3,
TRAIN,5hcafebs,59,2,3,10,1080,1920,1,0.53125,8.6875,0.9998313188552856,1,369,0.0001779513888888889,417,0.8848920863309353,0.0,228.57181571815718,522.8807588075881,243.9675,517.71,1,573,0.5120385232744783,0.0,1,-0.1964528113603592
TRAIN,5hcafebs,59,3,4,10,1080,1920,1,0.7421875,6.6875,0.9987550973892212,1,755,0.0003641010802469136,488,1.5471311475409837,0.04299583911234397,322.5774834437086,476.20529801324506,336.91188251001336,471.53671562082775,1,593,0.6871088861076345,0.0,1,-0.20320430397987366
TRAIN,5hcafebs,59,4,5,10,1080,1920,1,1.787262988391355e-30,-5.8125,0.0029810327105224133,0,0,0.0,1811,0.0,,,,,,0,0,,0.0,3,
TRAIN,5hcafebs,59,5,6,10,1080,1920,1,0.85546875,4.96875,0.9930961728096008,1,1341,0.0006467013888888889,939,1.428115015974441,0.2581913499344692,18.333333333333332,755.0686055182699,34.01819363222872,749.6140350877193,1,1498,0.8555555555555555,0.0,1,0.3127456307411194
TRAIN,5hcafebs,59,6,7,10,1080,1920,1,0.6953125,5.0625,0.9937100410461426,1,332,0.00016010802469135801,802,0.4139650872817955,0.11374407582938388,185.4789156626506,798.1807228915662,200.44235924932977,792.9195710455764,1,504,0.5567970204841713,0.0,1,0.20293459296226501
TRAIN,5hcafebs,59,7,8,10,1080,1920,1,0.796875,5.78125,0.9969245791435242,1,2963,0.0014289158950617283,2066,1.4341723136495643,0.33702782175978285,357.24265946675666,791.4100573742828,371.44029850746267,787.8697421981004,1,2617,0.8023255813953488,0.0,1,0.24690741300582886
TRAIN,5hcafebs,59,8,9,10,1080,1920,1,0.828125,6.75,0.9988304972648621,1,1314,0.0006336805555555555,1034,1.2707930367504836,0.21758793969849247,55.69482496194825,936.951293759513,74.0541027953111,929.2669071235347,1,1533,0.7402200488997555,0.0,1,0.28129032254219055
TRAIN,5hcafebs,59,9,10,10,1080,1920,1,8.998878031629687e-18,-2.921875,0.05108273774385452,0,0,0.0,2459,0.0,0.0,,,2.7434210526315788,928.578947368421,0,0,,0.0,3,
TRAIN,5hcafebs,60,0,1,10,1080,1920,1,1.4637067577342992e-31,-7.71875,0.0004442183708306402,0,0,0.0,806,0.0,,,,,,0,0,,0.0,3,
TRAIN,5hcafebs,60,1,2,10,1080,1920,1,6.5635692504717e-31,-6.9375,0.0009697519708424807,0,0,0.0,964,0.0,,,,,,0,0,,0.0,3,
TRAIN,5hcafebs,60,2,3,10,1080,1920,1,0.58203125,7.0625,0.9991440773010254,1,423,0.00020399305555555557,417,1.014388489208633,0.0,209.94089834515367,525.307328605201,228.57181571815718,522.8807588075881,1,568,0.580542264752791,0.0,1,-0.23671391606330872
TRAIN,5hcafebs,60,3,4,10,1080,1920,1,0.75,6.5,0.998498797416687,1,784,0.0003780864197530864,488,1.6065573770491803,0.0045691906005221935,304.28316326530614,480.3405612244898,322.5774834437086,476.20529801324506,1,616,0.7565872020075283,0.0,1,-0.28383028507232666
TRAIN,5hcafebs,60,4,5,10,1080,1920,1,4.831773044478697e-30,-5.15625,0.005730246659368277,0,0,0.0,1811,0.0,,,,,,0,0,,0.0,3,
TRAIN,5hcafebs,60,5,6,10,1080,1920,1,0.8359375,4.53125,0.9893474578857422,1,711,0.00034288194444444443,939,0.7571884984025559,0.26744904261890057,6.623066104078762,758.9043600562588,18.333333333333332,755.0686055182699,1,710,0.8101910828025478,0.0,1,0.37637150287628174
TRAIN,5hcafebs,60,6,7,10,1080,1920,1,0.671875,5.28125,0.9949396848678589,1,376,0.00018132716049382717,802,0.4688279301745636,0.05514157973174367,166.71808510638297,804.1063829787234,185.4789156626506,798.1807228915662,1,505,0.593128390596745,0.0,1,0.22592218220233917
TRAIN,5hcafebs,60,7,8,10,1080,1920,1,0.78125,5.5,0.9959298968315125,1,2914,0.0014052854938271604,2066,1.4104549854791868,0.2698789974070873,341.1475634866163,795.1345229924502,357.24265946675666,791.4100573742828,1,2602,0.8186613913616881,0.0,1,0.2364100217819214
TRAIN,5hcafebs,60,8,9,10,1080,1920,1,0.8203125,6.34375,0.998245358467102,1,1475,0.0007113233024691358,1034,1.4264990328820115,0.16208333333333333,34.24203389830509,942.4169491525424,55.69482496194825,936.951293759513,1,1518,0.8161407766990292,0.0,1,0.3578401803970337
TRAIN,5hcafebs,60,9,10,10,1080,1920,1,1.014588720084573e-24,-5.0625,0.00628990214318037,0,0,0.0,2459,0.0,,,,,,0,0,,0.0,3,
TRAIN,5hcafebs,61,0,1,10,1080,1920,1,2.4035605705952703e-31,-7.84375,0.0003920417802873999,0,0,0.0,806,0.0,,,,,,0,0,,0.0,3,
TRAIN,5hcafebs,61,1,2,10,1080,1920,1,1.787262988391355e-30,-6.96875,0.0009399438858963549,0,0,0.0,964,0.0,,,,,,0,0,,0.0,3,
TRAIN,5hcafebs,61,2,3,10,1080,1920,1,0.60546875,9.3125,0.9999097585678101,1,456,0.0002199074074074074,417,1.0935251798561152,0.0,194.0328947368421,527.4758771929825,209.94089834515367,525.307328605201,1,513,0.6910994764397905,0.0,1,-0.20748299360275269
TRAIN,5hcafebs,61,3,4,10,1080,1920,1,0.74609375,6.28125,0.9981324076652527,1,803,0.00038724922839506175,488,1.6454918032786885,0.024531956100710135,288.2826899128269,481.6077210460772,304.28316326530614,480.3405612244898,1,645,0.7095631641086186,0.0,1,-0.22740232944488525
TRAIN,5hcafebs,61,4,5,10,1080,1920,1,1.787262988391355e-30,-5.75,0.003172682598233223,0,0,0.0,1811,0.0,,,,,,0,0,,0.0,3,
TRAIN,5hcafebs,61,5,6,10,1080,1920,1,6.815758221109542e-27,-3.71875,0.023689469322562218,0,0,0.0,939,0.0,0.0,,,6.623066104078762,758.9043600562588,0,0,,0.0,3,
TRAIN,5hcafebs,61,6,7,10,1080,1920,1,0.5234375,6.5625,0.9985895752906799,1,384,0.00018518518518518518,802,0.47880299251870323,0.12927191679049035,151.34895833333334,807.1067708333334,166.71808510638297,804.1063829787234,1,490,0.6872586872586872,0.0,1,0.31366708874702454
TRAIN,5hcafebs,61,7,8,10,1080,1920,1,0.80859375,5.78125,0.9969245791435242,1,3104,0.0014969135802469136,2066,1.5024201355275895,0.26163522012578616,324.4555412371134,801.5650773195877,341.1475634866163,795.1345229924502,1,2667,0.8090909090909091,0.0,1,0.31517910957336426
TRAIN,5hcafebs,61,8,9,10,1080,1920,1,0.8515625,6.1875,0.9979493021965027,1,1222,0.0005893132716049382,1034,1.1818181818181819,0.2661971830985915,17.428805237315874,950.40589198036,34.24203389830509,942.4169491525424,1,1459,0.7626561472715319,0.0,1,0.28482669591903687
TRAIN,5hcafebs,61,9,10,10,1080,1920,1,3.5695955961250784e-29,-6.25,0.0019267346942797303,0,0,0.0,2459,0.0,,,,,,0,0,,0.0,3,
TRAIN,5hcafebs,62,0,1,10,1080,1920,1,6.5635692504717e-31,-7.8125,0.0004044814850203693,0,0,0.0,806,0.0,,,,,,0,0,,0.0,3,
TRAIN,5hcafebs,62,1,2,10,1080,1920,1,1.078520768856852e-30,-7.03125,0.0008830457809381187,0,0,0.0,964,0.0,,,,,,0,0,,0.0,3,
TRAIN,5hcafebs,62,2,3,10,1080,1920,1,0.57421875,8.9375,0.999868631362915,1,396,0.00019097222222222223,417,0.9496402877697842,0.0,179.77020202020202,525.5681818181819,194.0328947368421,527.4758771929825,1,519,0.6516245487364621,0.0,1,-0.14493651688098907
TRAIN,5hcafebs,62,3,4,10,1080,1920,1,0.77734375,6.46875,0.9984512329101562,1,834,0.0004021990740740741,488,1.709016393442623,0.0727391874180865,274.94604316546764,479.8045563549161,288.2826899128269,481.6077210460772,1,680,0.7422324510932106,0.0,1,-0.21888291835784912
TRAIN,5hcafebs,62,4,5,10,1080,1920,1,2.9335764912906377e-30,-5.03125,0.0064882696606218815,0,0,0.0,1811,0.0,,,,,,0,0,,0.0,3,
TRAIN,5hcafebs,62,5,6,10,1080,1920,1,3.975119405215255e-31,-4.375,0.012431650422513485,0,0,0.0,939,0.0,,,,,,0,0,,0.0,3,
TRAIN,5hcafebs,62,6,7,10,1080,1920,1,0.60546875,5.375,0.9953904151916504,1,404,0.00019483024691358024,802,0.5037406483790524,0.21981424148606812,139.21534653465346,806.7450495049505,151.34895833333334,807.1067708333334,1,516,0.6428571428571429,0.0,1,0.18718300759792328
TRAIN,5hcafebs,62,7,8,10,1080,1920,1,0.82421875,5.5,0.9959298968315125,1,3148,0.0015181327160493827,2066,1.5237173281703775,0.4071573261309926,312.1035578144854,797.7283989834816,324.4555412371134,801.5650773195877,1,2619,0.7444041137326074,0.0,1,0.2448570877313614
TRAIN,5hcafebs,62,8,9,10,1080,1920,1,0.87109375,6.03125,0.9976032376289368,1,796,0.0003838734567901235,1034,0.769825918762089,0.41020265548567436,8.644472361809045,948.7185929648241,17.428805237315874,950.40589198036,1,985,0.76162215628091,0.0,1,0.3805393576622009
TRAIN,5hcafebs,62,9,10,10,1080,1920,1,1.787262988391355e-30,-6.21875,0.001987774157896638,0,0,0.0,2459,0.0,,,,,,0,0,,0.0,3,
TRAIN,5hcafebs,63,0,1,10,1080,1920,1,5.39260384428426e-32,-7.96875,0.00034599160426296294,0,0,0.0,806,0.0,,,,,,0,0,,0.0,3,
TRAIN,5hcafebs,63,1,2,10,1080,1920,1,6.5635692504717e-31,-7.0625,0.0008559006964787841,0,0,0.0,964,0.0,,,,,,0,0,,0.0,3,
TRAIN,5hcafebs,63,2,3,10,1080,1920,1,0.640625,8.0,0.9996646642684937,1,425,0.00020495756172839505,417,1.0191846522781776,0.0,164.2870588235294,526.0752941176471,179.77020202020202,525.5681818181819,1,554,0.6996527777777778,0.0,1,-0.23913705348968506
TRAIN,5hcafebs,63,3,4,10,1080,1920,1,0.78515625,6.0625,0.9976769089698792,1,813,0.00039207175925925927,488,1.665983606557377,0.02298136645962733,258.93849938499386,478.65928659286595,274.94604316546764,479.8045563549161,1,705,0.7549132947976879,0.0,1,-0.2593570351600647
TRAIN,5hcafebs,63,4,5,10,1080,1920,1,1.787262988391355e-30,-5.40625,0.0044683837331831455,0,0,0.0,1811,0.0,,,,,,0,0,,0.0,3,
TRAIN,5hcafebs,63,5,6,10,1080,1920,1,4.405564747785802e-33,-5.28125,0.005060331895947456,0,0,0.0,939,0.0,,,,,,0,0,,0.0,3,
TRAIN,5hcafebs,63,6,7,10,1080,1920,1,0.578125,6.28125,0.9981324076652527,1,389,0.00018759645061728396,802,0.4850374064837905,0.14265129682997119,124.27506426735218,805.4113110539846,139.21534653465346,806.7450495049505,1,550,0.6245674740484429,0.0,1,0.2564840614795685
TRAIN,5hcafebs,63,7,8,10,1080,1920,1,0.828125,6.03125,0.9976032376289368,1,3218,0.0015518904320987654,2066,1.557599225556631,0.347872115181029,297.6671845866998,797.3589185829708,312.1035578144854,797.7283989834816,1,2778,0.7364610483637417,0.0,1,0.32459378242492676
TRAIN,5hcafebs,63,8,9,10,1080,1920,1,0.7109375,4.40625,0.9879462122917175,1,135,6.510416666666667e-05,1034,0.13056092843326886,0.16959798994974876,2.4,943.0148148148148,8.644472361809045,948.7185929648241,1,112,0.5632911392405063,0.0,1,0.3360145390033722
TRAIN,5hcafebs,63,9,10,10,1080,1920,1,7.987216665362745e-30,-6.09375,0.002251847181469202,0,0,0.0,2459,0.0,,,,,,0,0,,0.0,3,
TRAIN,5hcafebs,64,0,1,10,1080,1920,1,2.4035605705952703e-31,-7.9375,0.0003569706459529698,0,0,0.0,806,0.0,,,,,,0,0,,0.0,3,
TRAIN,5hcafebs,64,1,2,10,1080,1920,1,1.787262988391355e-30,-7.84375,0.0003920417802873999,0,0,0.0,964,0.0,,,,,,0,0,,0.0,3,
TRAIN,5hcafebs,64,2,3,10,1080,1920,1,0.65625,8.375,0.9997695088386536,1,505,0.00024353780864197532,417,1.211031175059952,0.0,142.58415841584159,521.0534653465346,164.2870588235294,526.0752941176471,1,586,0.7596774193548387,0.0,1,-0.24485796689987183
TRAIN,5hcafebs,64,3,4,10,1080,1920,1,0.76171875,6.46875,0.9984512329101562,1,634,0.00030574845679012347,488,1.2991803278688525,0.0,237.86119873817034,475.3675078864353,258.93849938499386,478.65928659286595,1,689,0.7027027027027027,0.0,1,-0.1928592175245285
TRAIN,5hcafebs,64,4,5,10,1080,1920,1,3.975119405215255e-31,-5.5,0.00407013762742281,0,0,0.0,1811,0.0,,,,,,0,0,,0.0,3,
TRAIN,5hcafebs,64,5,6,10,1080,1920,1,1.3316000006114873e-34,-5.5,0.00407013762742281,0,0,0.0,939,0.0,,,,,,0,0,,0.0,3,
TRAIN,5hcafebs,64,6,7,10,1080,1920,1,0.59375,4.78125,0.9916841983795166,1,331,0.00015962577160493827,802,0.41271820448877805,0.02857142857142857,104.54078549848943,804.595166163142,124.27506426735218,805.4113110539846,1,510,0.551660516605166,0.0,1,0.20171448588371277
TRAIN,5hcafebs,64,7,8,10,1080,1920,1,0.8125,5.65625,0.9965165853500366,1,3198,0.0015422453703703705,2066,1.547918683446273,0.23789311209724098,278.9793621013133,795.8180112570357,297.6671845866998,797.3589185829708,1,2803,0.7886736214605067,0.0,1,0.30645886063575745
TRAIN,5hcafebs,64,8,9,10,1080,1920,1,1.9081958235744878e-17,-2.671875,0.06465348601341248,0,0,0.0,1034,0.0,0.0,,,2.4,943.0148148148148,0,0,,0.0,3,
TRAIN,5hcafebs,64,9,10,10,1080,1920,1,1.3213420162451948e-29,-7.28125,0.0006878511630930007,0,0,0.0,2459,0.0,,,,,,0,0,,0.0,3,
TRAIN,5hcafebs,65,0,1,10,1080,1920,1,3.975119405215255e-31,-7.5625,0.0005193048855289817,0,0,0.0,806,0.0,,,,,,0,0,,0.0,3,
TRAIN,5hcafebs,65,1,2,10,1080,1920,1,2.1693674893577825e-29,-7.625,0.000487857119878754,0,0,0.0,964,0.0,,,,,,0,0,,0.0,3,
TRAIN,5hcafebs,65,2,3,10,1080,1920,1,0.60546875,9.5625,0.999929666519165,1,489,0.00023582175925925927,417,1.1726618705035972,0.0,121.97546012269939,519.7157464212679,142.58415841584159,521.0534653465346,1,588,0.7772277227722773,0.0,1,-0.22152695059776306
TRAIN,5hcafebs,65,3,4,10,1080,1920,1,0.75390625,6.4375,0.9984021782875061,1,675,0.0003255208333333333,488,1.3831967213114753,0.0,217.8311111111111,474.4562962962963,237.86119873817034,475.3675078864353,1,655,0.6835443037974683,0.0,1,-0.20307184755802155
TRAIN,5hcafebs,65,4,5,10,1080,1920,1,7.987216665362745e-30,-4.75,0.008577484637498856,0,0,0.0,1811,0.0,,,,,,0,0,,0.0,3,
TRAIN,5hcafebs,65,5,6,10,1080,1920,1,1.3316000006114873e-34,-5.0625,0.00628990214318037,0,0,0.0,939,0.0,,,,,,0,0,,0.0,3,
TRAIN,5hcafebs,65,6,7,10,1080,1920,1,0.51953125,5.125,0.9940890073776245,1,326,0.0001572145061728395,802,0.40648379052369077,0.010769230769230769,84.25153374233129,805.7730061349694,104.54078549848943,804.595166163142,1,533,0.5070175438596491,0.0,1,0.21271218359470367
TRAIN,5hcafebs,65,7,8,10,1080,1920,1,0.80859375,5.53125,0.9960545301437378,1,3366,0.001623263888888889,2066,1.6292352371732817,0.24200567644276252,259.74301841948903,796.6158645276292,278.9793621013133,795.8180112570357,1,2848,0.7739080787896089,0.0,1,0.28682830929756165
TRAIN,5hcafebs,65,8,9,10,1080,1920,1,7.194411455615628e-28,-5.28125,0.005060331895947456,0,0,0.0,1034,0.0,,,,,,0,0,,0.0,3,
TRAIN,5hcafebs,65,9,10,10,1080,1920,1,2.8919009696678116e-25,-6.6875,0.0012448433553799987,0,0,0.0,2459,0.0,,,,,,0,0,,0.0,3,
TRAIN,5hcafebs,66,0,1,10,1080,1920,1,1.1864468014524018e-27,-6.28125,0.0018675660248845816,0,0,0.0,806,0.0,,,,,,0,0,,0.0,3,
TRAIN,5hcafebs,66,1,2,10,1080,1920,1,3.5695955961250784e-29,-7.5,0.000552778656128794,0,0,0.0,964,0.0,,,,,,0,0,,0.0,3,
TRAIN,5hcafebs,66,2,3,10,1080,1920,1,0.59375,7.90625,0.9996316432952881,1,533,0.0002570408950617284,417,1.2781774580335732,0.0,101.20075046904316,520.8780487804878,121.97546012269939,519.7157464212679,1,631,0.7142857142857143,0.0,1,-0.1537085622549057
TRAIN,5hcafebs,66,3,4,10,1080,1920,1,0.734375,6.03125,0.9976032376289368,1,766,0.00036940586419753087,488,1.569672131147541,0.0,197.76109660574411,474.77545691906005,217.8311111111111,474.4562962962963,1,660,0.7454100367197063,0.0,1,-0.23360995948314667
TRAIN,5hcafebs,66,4,5,10,1080,1920,1,3.975119405215255e-31,-5.53125,0.0039454069919884205,0,0,0.0,1811,0.0,,,,,,0,0,,0.0,3,
TRAIN,5hcafebs,66,5,6,10,1080,1920,1,2.445028249710358e-36,-5.625,0.0035936026833951473,0,0,0.0,939,0.0,,,,,,0,0,,0.0,3,
TRAIN,5hcafebs,66,6,7,10,1080,1920,1,0.45703125,4.8125,0.9919379353523254,1,329,0.00015866126543209876,802,0.4102244389027431,0.03475513428120063,65.45592705167174,806.6838905775076,84.25153374233129,805.7730061349694,1,448,0.5824847250509165,0.0,1,0.2480124533176422
TRAIN,5hcafebs,66,7,8,10,1080,1920,1,0.8125,5.625,0.9964063763618469,1,3254,0.0015692515432098766,2066,1.575024201355276,0.2509448223733938,241.07098955132145,796.6548862937923,259.74301841948903,796.6158645276292,1,2937,0.7633152947878098,0.0,1,0.2934768795967102
TRAIN,5hcafebs,66,8,9,10,1080,1920,1,6.5635692504717e-31,-6.375,0.0017007222631946206,0,0,0.0,1034,0.0,,,,,,0,0,,0.0,3,
TRAIN,5hcafebs,66,9,10,10,1080,1920,1,4.0862722260119567e-22,-6.3125,0.0018102108733728528,0,0,0.0,2459,0.0,,,,,,0,0,,0.0,3,
TRAIN,5hcafebs,67,0,1,10,1080,1920,1,3.5695955961250784e-29,-6.34375,0.0017546144081279635,0,0,0.0,806,0.0,,,,,,0,0,,0.0,3,
TRAIN,5hcafebs,67,1,2,10,1080,1920,1,1.078520768856852e-30,-7.40625,0.0006070755189284682,0,0,0.0,964,0.0,,,,,,0,0,,0.0,3,
TRAIN,5hcafebs,67,2,3,10,1080,1920,1,0.6640625,7.9375,0.9996429681777954,1,570,0.0002748842592592593,417,1.3669064748201438,0.0,84.76140350877193,523.0596491228071,101.20075046904316,520.8780487804878,1,596,0.7774390243902439,0.0,1,-0.24025116860866547
TRAIN,5hcafebs,67,3,4,10,1080,1920,1,0.78515625,5.625,0.9964063763618469,1,736,0.00035493827160493826,488,1.5081967213114753,0.011447811447811448,180.31521739130434,474.5217391304348,197.76109660574411,474.77545691906005,1,667,0.7299630086313194,0.0,1,-0.2266545444726944
TRAIN,5hcafebs,67,4,5,10,1080,1920,1,1.078520768856852e-30,-5.40625,0.0044683837331831455,0,0,0.0,1811,0.0,,,,,,0,0,,0.0,3,
TRAIN,5hcafebs,67,5,6,10,1080,1920,1,2.68426485998971e-33,-5.40625,0.0044683837331831455,0,0,0.0,939,0.0,,,,,,0,0,,0.0,3,
TRAIN,5hcafebs,67,6,7,10,1080,1920,1,0.435546875,4.625,0.9902915358543396,1,313,0.00015094521604938272,802,0.39027431421446385,0.033816425120772944,46.85942492012779,809.8977635782747,65.45592705167174,806.6838905775076,1,462,0.5407554671968191,0.0,1,0.17535917460918427
TRAIN,5hcafebs,67,7,8,10,1080,1920,1,0.81640625,5.40625,0.9955315589904785,1,3374,0.0016271219135802469,2066,1.633107454017425,0.3705541770057899,226.58980438648487,796.1126259632483,241.07098955132145,796.6548862937923,1,3081,0.8301672809753331,0.0,1,0.3187382221221924
TRAIN,5hcafebs,67,8,9,10,1080,1920,1,3.2548216060144286e-32,-7.0625,0.0008559006964787841,0,0,0.0,1034,0.0,,,,,,0,0,,0.0,3,
TRAIN,5hcafebs,67,9,10,10,1080,1920,1,1.760989975942969e-25,-6.90625,0.0010005044750869274,0,0,0.0,2459,0.0,,,,,,0,0,,0.0,3,
TRAIN,5hcafebs,68,0,1,10,1080,1920,1,2.5117331222237016e-27,-6.21875,0.001987774157896638,0,0,0.0,806,0.0,,,,,,0,0,,0.0,3,
TRAIN,5hcafebs,68,1,2,10,1080,1920,1,2.3829910224916325e-26,-5.96875,0.0025509123224765062,0,0,0.0,964,0.0,,,,,,0,0,,0.0,3,
TRAIN,5hcafebs,68,2,3,10,1080,1920,1,0.65234375,8.5,0.9997965693473816,1,602,0.00029031635802469137,417,1.4436450839328536,0.0,66.79235880398672,521.8920265780731,84.76140350877193,523.0596491228071,1,608,0.7690058479532164,0.0,1,-0.28349778056144714
TRAIN,5hcafebs,68,3,4,10,1080,1920,1,0.765625,5.90625,0.997285008430481,1,773,0.00037278163580246914,488,1.584016393442623,0.028629856850715747,164.84734799482536,475.1060802069858,180.31521739130434,474.5217391304348,1,669,0.7146254458977408,0.0,1,-0.17574408650398254
TRAIN,5hcafebs,68,4,5,10,1080,1920,1,4.831773044478697e-30,-5.46875,0.004198795650154352,0,0,0.0,1811,0.0,,,,,,0,0,,0.0,3,
TRAIN,5hcafebs,68,5,6,10,1080,1920,1,8.859277744181285e-32,-5.03125,0.0064882696606218815,0,0,0.0,939,0.0,,,,,,0,0,,0.0,3,
TRAIN,5hcafebs,68,6,7,10,1080,1920,1,0.55078125,4.21875,0.985496461391449,1,328,0.00015817901234567902,802,0.4089775561097257,0.061258278145695365,28.466463414634145,811.2439024390244,46.85942492012779,809.8977635782747,1,536,0.49222797927461137,0.0,1,0.22523534297943115
TRAIN,5hcafebs,68,7,8,10,1080,1920,1,0.81640625,5.1875,0.9944451451301575,1,3689,0.0017790316358024692,2066,1.7855759922555663,0.2543065174924525,207.32474925454054,798.7731092436975,226.58980438648487,796.1126259632483,1,3059,0.8110574342458401,0.0,1,0.261810302734375
TRAIN,5hcafebs,68,8,9,10,1080,1920,1,5.39260384428426e-32,-6.34375,0.0017546144081279635,0,0,0.0,1034,0.0,,,,,,0,0,,0.0,3,
TRAIN,5hcafebs,68,9,10,10,1080,1920,1,6.815758221109542e-27,-7.1875,0.0007554056355729699,0,0,0.0,2459,0.0,,,,,,0,0,,0.0,3,
TRAIN,5hcafebs,69,0,1,10,1080,1920,1,1.3213420162451948e-29,-6.6875,0.0012448433553799987,0,0,0.0,806,0.0,,,,,,0,0,,0.0,3,
TRAIN,5hcafebs,69,1,2,10,1080,1920,1,9.742432179479496e-29,-6.90625,0.0010005044750869274,0,0,0.0,964,0.0,,,,,,0,0,,0.0,3,
TRAIN,5hcafebs,69,2,3,10,1080,1920,1,0.6484375,8.125,0.9997040629386902,1,558,0.0002690972222222222,417,1.3381294964028776,0.0,49.413978494623656,521.3333333333334,66.79235880398672,521.8920265780731,1,626,0.7724550898203593,0.0,1,-0.18481633067131042
TRAIN,5hcafebs,69,3,4,10,1080,1920,1,0.78125,5.8125,0.9970190525054932,1,880,0.0004243827160493827,488,1.8032786885245902,0.0260707635009311,147.81363636363636,475.5931818181818,164.84734799482536,475.1060802069858,1,703,0.7150595882990249,0.0,1,-0.22727613151073456
TRAIN,5hcafebs,69,4,5,10,1080,1920,1,2.9335764912906377e-30,-5.3125,0.004905405919998884,0,0,0.0,1811,0.0,,,,,,0,0,,0.0,3,
TRAIN,5hcafebs,69,5,6,10,1080,1920,1,3.975119405215255e-31,-5.3125,0.004905405919998884,0,0,0.0,939,0.0,,,,,,0,0,,0.0,3,
TRAIN,5hcafebs,69,6,7,10,1080,1920,1,0.56640625,4.53125,0.9893474578857422,1,374,0.00018036265432098766,802,0.46633416458852867,0.06202723146747353,9.705882352941176,813.2245989304813,28.466463414634145,811.2439024390244,1,551,0.5598650927487352,0.0,1,0.2803193926811218
TRAIN,5hcafebs,69,7,8,10,1080,1920,1,0.765625,6.3125,0.9981897473335266,1,3526,0.0017004243827160495,2066,1.7066795740561471,0.29953170028818443,189.15541690300623,799.3598979013046,207.32474925454054,798.7731092436975,1,3342,0.8261100771071523,0.0,1,0.3312804102897644
TRAIN,5hcafebs,69,8,9,10,1080,1920,1,6.5635692504717e-31,-7.21875,0.0007321811863221228,0,0,0.0,1034,0.0,,,,,,0,0,,0.0,3,
TRAIN,5hcafebs,69,9,10,10,1080,1920,1,3.54136699749265e-24,-6.125,0.002182716503739357,0,0,0.0,2459,0.0,,,,,,0,0,,0.0,3,
TRAIN,5hcafebs,70,0,1,10,1080,1920,1,1.787262988391355e-30,-6.65625,0.0012843081494793296,0,0,0.0,806,0.0,,,,,,0,0,,0.0,3,
TRAIN,5hcafebs,70,1,2,10,1080,1920,1,9.742432179479496e-29,-7.09375,0.0008295892039313912,0,0,0.0,964,0.0,,,,,,0,0,,0.0,3,
TRAIN,5hcafebs,70,2,3,10,1080,1920,1,0.6015625,5.65625,0.9965165853500366,1,520,0.0002507716049382716,417,1.2470023980815348,0.0,23.907692307692308,518.9788461538461,49.413978494623656,521.3333333333334,1,636,0.6826783114992722,0.0,1,-0.14505308866500854
TRAIN,5hcafebs,70,3,4,10,1080,1920,1,0.74609375,5.53125,0.9960545301437378,1,817,0.0003940007716049383,488,1.6741803278688525,0.0,122.57282741738067,471.55079559363526,147.81363636363636,475.5931818181818,1,616,0.6662790697674419,0.0,1,-0.20887501537799835
TRAIN,5hcafebs,70,4,5,10,1080,1920,1,2.9335764912906377e-30,-4.90625,0.007345826830714941,0,0,0.0,1811,0.0,,,,,,0,0,,0.0,3,
TRAIN,5hcafebs,70,5,6,10,1080,1920,1,4.405564747785802e-33,-6.09375,0.002251847181469202,0,0,0.0,939,0.0,,,,,,0,0,,0.0,3,
TRAIN,5hcafebs,70,6,7,10,1080,1920,1,0.39453125,0.296875,0.5736784338951111,1,2118,0.001021412037037037,802,2.6408977556109727,0.16721311475409836,11.869216241737488,841.805476864967,9.705882352941176,813.2245989304813,0,0,0.0,0.0,1,0.21417900919914246
TRAIN,5hcafebs,70,7,8,10,1080,1920,1,0.8203125,5.4375,0.9956685304641724,1,3730,0.001798804012345679,2066,1.8054211035818006,0.13428169454431765,161.46702412868632,799.5758713136729,189.15541690300623,799.3598979013046,1,2960,0.7768924302788844,0.0,1,0.2821820080280304
TRAIN,5hcafebs,70,8,9,10,1080,1920,1,5.916456789157589e-29,-7.96875,0.00034599160426296294,0,0,0.0,1034,0.0,,,,,,0,0,,0.0,3,
TRAIN,5hcafebs,70,9,10,10,1080,1920,1,3.3921018924503508e-28,-6.90625,0.0010005044750869274,0,0,0.0,2459,0.0,,,,,,0,0,,0.0,3,
TRAIN,5hcafebs,71,0,1,10,1080,1920,1,3.5695955961250784e-29,-6.0625,0.002323162741959095,0,0,0.0,806,0.0,,,,,,0,0,,0.0,3,
TRAIN,5hcafebs,71,1,2,10,1080,1920,1,1.1864468014524018e-27,-6.53125,0.0014550630003213882,0,0,0.0,964,0.0,,,,,,0,0,,0.0,3,
TRAIN,5hcafebs,71,2,3,10,1080,1920,1,0.64453125,6.09375,0.9977481961250305,1,702,0.0003385416666666667,417,1.683453237410072,0.0,5.51994301994302,521.394586894587,23.907692307692308,518.9788461538461,1,711,0.5527472527472528,0.0,1,-0.2818850576877594
TRAIN,5hcafebs,71,3,4,10,1080,1920,1,0.77734375,6.03125,0.9976032376289368,1,801,0.0003862847222222222,488,1.6413934426229508,0.03254626675175495,106.3920099875156,470.9325842696629,122.57282741738067,471.55079559363526,1,709,0.7619603267211202,0.0,1,-0.2030966430902481
TRAIN,5hcafebs,71,4,5,10,1080,1920,1,4.831773044478697e-30,-5.03125,0.0064882696606218815,0,0,0.0,1811,0.0,,,,,,0,0,,0.0,3,
TRAIN,5hcafebs,71,5,6,10,1080,1920,1,4.405564747785802e-33,-5.90625,0.0027149852830916643,0,0,0.0,939,0.0,,,,,,0,0,,0.0,3,
TRAIN,5hcafebs,71,6,7,10,1080,1920,1,4.519051799434237e-12,-0.72265625,0.3268083333969116,0,0,0.0,802,0.0,0.0,,,11.869216241737488,841.805476864967,0,0,,0.0,3,
TRAIN,5hcafebs,71,7,8,10,1080,1920,1,0.81640625,5.625,0.9964063763618469,1,3648,0.0017592592592592592,2066,1.765730880929332,0.3175,143.67105263157896,798.671875,161.46702412868632,799.5758713136729,1,3261,0.805330546119676,0.0,1,0.2969944477081299
TRAIN,5hcafebs,71,8,9,10,1080,1920,1,1.3213420162451948e-29,-7.84375,0.0003920417802873999,0,0,0.0,1034,0.0,,,,,,0,0,,0.0,3,
TRAIN,5hcafebs,71,9,10,10,1080,1920,1,1.1864468014524018e-27,-5.875,0.0028009270317852497,0,0,0.0,2459,0.0,,,,,,0,0,,0.0,3,
TRAIN,5hcafebs,72,0,1,10,1080,1920,1,3.3921018924503508e-28,-6.8125,0.001098731067031622,0,0,0.0,806,0.0,,,,,,0,0,,0.0,4,
TRAIN,5hcafebs,72,1,2,10,1080,1920,1,3.3921018924503508e-28,-6.90625,0.0010005044750869274,0,0,0.0,964,0.0,,,,,,0,0,,0.0,4,
TRAIN,5hcafebs,72,2,3,10,1080,1920,1,0.078125,0.07763671875,0.5193994641304016,1,130,6.26929012345679e-05,417,0.3117505995203837,0.18518518518518517,1.8461538461538463,511.9153846153846,5.51994301994302,521.394586894587,0,0,0.0,0.0,1,0.05466999113559723
TRAIN,5hcafebs,72,3,4,10,1080,1920,1,0.7734375,5.71875,0.9967268705368042,1,909,0.00043836805555555556,488,1.8627049180327868,0.11400651465798045,93.70847084708471,467.9053905390539,106.3920099875156,470.9325842696629,1,676,0.7135135135135136,0.0,1,-0.20776847004890442
TRAIN,5hcafebs,72,4,5,10,1080,1920,1,4.831773044478697e-30,-5.40625,0.0044683837331831455,0,0,0.0,1811,0.0,,,,,,0,0,,0.0,4,
TRAIN,5hcafebs,72,5,6,10,1080,1920,1,2.4035605705952703e-31,-5.78125,0.0030753696337342262,0,0,0.0,939,0.0,,,,,,0,0,,0.0,4,
TRAIN,5hcafebs,72,6,7,10,1080,1920,1,7.884065213396045e-25,-1.78125,0.14414885640144348,0,0,0.0,802,0.0,,,,,,0,0,,0.0,4,
TRAIN,5hcafebs,72,7,8,10,1080,1920,1,0.82421875,5.875,0.9971990585327148,1,3663,0.0017664930555555557,2066,1.7729912875121008,0.47726813497676296,131.48648648648648,799.030303030303,143.67105263157896,798.671875,1,3298,0.8174934725848564,0.0,1,0.3191690742969513
TRAIN,5hcafebs,72,8,9,10,1080,1920,1,1.601387637598654e-28,-7.84375,0.0003920417802873999,0,0,0.0,1034,0.0,,,,,,0,0,,0.0,4,
TRAIN,5hcafebs,72,9,10,10,1080,1920,1,2.066815571679051e-28,-5.15625,0.005730246659368277,0,0,0.0,2459,0.0,,,,,,0,0,,0.0,4,
TRAIN,5hcafebs,73,0,1,10,1080,1920,1,1.078520768856852e-30,-6.8125,0.001098731067031622,0,0,0.0,806,0.0,,,,,,0,0,,0.0,4,
TRAIN,5hcafebs,73,1,2,10,1080,1920,1,2.1693674893577825e-29,-7.0625,0.0008559006964787841,0,0,0.0,964,0.0,,,,,,0,0,,0.0,4,
TRAIN,5hcafebs,73,2,3,10,1080,1920,1,6.139231108792002e-25,-4.1875,0.014957086183130741,0,0,0.0,417,0.0,0.0,,,1.8461538461538463,511.9153846153846,0,0,,0.0,4,
TRAIN,5hcafebs,73,3,4,10,1080,1920,1,0.77734375,5.28125,0.9949396848678589,1,946,0.00045621141975308644,488,1.9385245901639345,0.0,70.19978858350952,464.48942917547566,93.70847084708471,467.9053905390539,1,660,0.6573787409700722,0.0,1,-0.1718190312385559
TRAIN,5hcafebs,73,4,5,10,1080,1920,1,2.4035605705952703e-31,-5.75,0.003172682598233223,0,0,0.0,1811,0.0,,,,,,0,0,,0.0,4,
TRAIN,5hcafebs,73,5,6,10,1080,1920,1,1.983707842718853e-32,-5.71875,0.003273064736276865,0,0,0.0,939,0.0,,,,,,0,0,,0.0,4,
TRAIN,5hcafebs,73,6,7,10,1080,1920,1,6.5635692504717e-31,-2.703125,0.06278920918703079,0,0,0.0,802,0.0,,,,,,0,0,,0.0,4,
TRAIN,5hcafebs,73,7,8,10,1080,1920,1,0.83203125,5.21875,0.9946150183677673,1,3648,0.0017592592592592592,2066,1.765730880929332,0.26685149887367876,110.95367324561404,799.218475877193,131.48648648648648,799.030303030303,1,3481,0.8246736626567699,0.0,1,0.298618882894516
TRAIN,5hcafebs,73,8,9,10,1080,1920,1,1.3213420162451948e-29,-7.8125,0.0004044814850203693,0,0,0.0,1034,0.0,,,,,,0,0,,0.0,4,
TRAIN,5hcafebs,73,9,10,10,1080,1920,1,1.078520768856852e-30,-6.03125,0.0023967307060956955,0,0,0.0,2459,0.0,,,,,,0,0,,0.0,4,
TRAIN,5hcafebs,74,0,1,10,1080,1920,1,3.5695955961250784e-29,-7.15625,0.0007793660624884069,0,0,0.0,806,0.0,,,,,,0,0,,0.0,4,
TRAIN,5hcafebs,74,1,2,10,1080,1920,1,1.787262988391355e-30,-7.4375,0.0005884087877348065,0,0,0.0,964,0.0,,,,,,0,0,,0.0,4,
TRAIN,5hcafebs,74,2,3,10,1080,1920,1,5.39260384428426e-32,-6.125,0.002182716503739357,0,0,0.0,417,0.0,,,,,,0,0,,0.0,4,
TRAIN,5hcafebs,74,3,4,10,1080,1920,1,0.796875,5.03125,0.9935117363929749,1,996,0.0004803240740740741,488,2.040983606557377,0.0,38.3855421686747,465.34236947791163,70.19978858350952,464.48942917547566,1,741,0.7079646017699115,0.0,1,-0.18445219099521637
TRAIN,5hcafebs,74,4,5,10,1080,1920,1,1.078520768856852e-30,-5.8125,0.0029810327105224133,0,0,0.0,1811,0.0,,,,,,0,0,,0.0,4,
TRAIN,5hcafebs,74,5,6,10,1080,1920,1,1.078520768856852e-30,-4.6875,0.009125636890530586,0,0,0.0,939,0.0,,,,,,0,0,,0.0,4,
TRAIN,5hcafebs,74,6,7,10,1080,1920,1,3.5695955961250784e-29,-2.953125,0.04958902671933174,0,0,0.0,802,0.0,,,,,,0,0,,0.0,4,
TRAIN,5hcafebs,74,7,8,10,1080,1920,1,0.8125,4.96875,0.9930961728096008,1,3468,0.0016724537037037038,2066,1.6786060019361084,0.13294061455182296,83.73558246828144,797.4256055363322,110.95367324561404,799.218475877193,1,3338,0.861597374179431,0.0,1,0.2887636125087738
TRAIN,5hcafebs,74,8,9,10,1080,1920,1,9.742432179479496e-29,-7.40625,0.0006070755189284682,0,0,0.0,1034,0.0,,,,,,0,0,,0.0,4,
TRAIN,5hcafebs,74,9,10,10,1080,1920,1,4.831773044478697e-30,-5.5,0.00407013762742281,0,0,0.0,2459,0.0,,,,,,0,0,,0.0,4,
TRAIN,5hcafebs,75,0,1,10,1080,1920,1,1.601387637598654e-28,-6.3125,0.0018102108733728528,0,0,0.0,806,0.0,,,,,,0,0,,0.0,4,
TRAIN,5hcafebs,75,1,2,10,1080,1920,1,2.9335764912906377e-30,-6.9375,0.0009697519708424807,0,0,0.0,964,0.0,,,,,,0,0,,0.0,4,
TRAIN,5hcafebs,75,2,3,10,1080,1920,1,8.859277744181285e-32,-7.4375,0.0005884087877348065,0,0,0.0,417,0.0,,,,,,0,0,,0.0,4,
TRAIN,5hcafebs,75,3,4,10,1080,1920,1,0.7890625,4.5625,0.9896718263626099,1,931,0.00044897762345679014,488,1.9077868852459017,0.0,11.297529538131043,464.61009667024706,38.3855421686747,465.34236947791163,1,688,0.7078059071729957,0.0,1,-0.25505948066711426
TRAIN,5hcafebs,75,4,5,10,1080,1920,1,6.5635692504717e-31,-5.90625,0.0027149852830916643,0,0,0.0,1811,0.0,,,,,,0,0,,0.0,4,
TRAIN,5hcafebs,75,5,6,10,1080,1920,1,3.5695955961250784e-29,-3.78125,0.0222861859947443,0,0,0.0,939,0.0,,,,,,0,0,,0.0,4,
TRAIN,5hcafebs,75,6,7,10,1080,1920,1,1.5209238252661108e-27,-2.65625,0.06560483574867249,0,0,0.0,802,0.0,,,,,,0,0,,0.0,4,
TRAIN,5hcafebs,75,7,8,10,1080,1920,1,0.828125,5.0625,0.9937100410461426,1,3778,0.0018219521604938272,2066,1.8286544046466602,0.1690868021942562,60.57517204870302,798.9703546850185,83.73558246828144,797.4256055363322,1,3381,0.814702154626109,0.0,1,0.2985820472240448
TRAIN,5hcafebs,75,8,9,10,1080,1920,1,1.601387637598654e-28,-6.65625,0.0012843081494793296,0,0,0.0,1034,0.0,,,,,,0,0,,0.0,4,
TRAIN,5hcafebs,75,9,10,10,1080,1920,1,1.787262988391355e-30,-6.15625,0.002115703420713544,0,0,0.0,2459,0.0,,,,,,0,0,,0.0,4,
TRAIN,5hcafebs,76,0,1,10,1080,1920,1,5.916456789157589e-29,-7.09375,0.0008295892039313912,0,0,0.0,806,0.0,,,,,,0,0,,0.0,8,
TRAIN,5hcafebs,76,1,2,10,1080,1920,1,2.1693674893577825e-29,-7.1875,0.0007554056355729699,0,0,0.0,964,0.0,,,,,,0,0,,0.0,8,
TRAIN,5hcafebs,76,2,3,10,1080,1920,1,1.983707842718853e-32,-7.71875,0.0004442183708306402,0,0,0.0,417,0.0,,,,,,0,0,,0.0,8,
TRAIN,5hcafebs,76,3,4,10,1080,1920,1,6.314393452555578e-16,-1.984375,0.12085322290658951,0,0,0.0,488,0.0,0.0,,,11.297529538131043,464.61009667024706,0,0,,0.0,8,
TRAIN,5hcafebs,76,4,5,10,1080,1920,1,5.39260384428426e-32,-5.9375,0.0026316740550100803,0,0,0.0,1811,0.0,,,,,,0,0,,0.0,8,
TRAIN,5hcafebs,76,5,6,10,1080,1920,1,2.5117331222237016e-27,-3.15625,0.04084571450948715,0,0,0.0,939,0.0,,,,,,0,0,,0.0,8,
TRAIN,5hcafebs,76,6,7,10,1080,1920,1,7.987216665362745e-30,-2.84375,0.055005285888910294,0,0,0.0,802,0.0,,,,,,0,0,,0.0,8,
TRAIN,5hcafebs,76,7,8,10,1080,1920,1,0.83984375,4.78125,0.9916841983795166,1,3586,0.0017293595679012345,2066,1.7357212003872218,0.1332717759310557,35.4366982710541,804.4785276073619,60.57517204870302,798.9703546850185,1,3370,0.8564184681078196,0.0,1,0.2844148278236389
TRAIN,5hcafebs,76,8,9,10,1080,1920,1,1.787262988391355e-30,-6.9375,0.0009697519708424807,0,0,0.0,1034,0.0,,,,,,0,0,,0.0,8,
TRAIN,5hcafebs,76,9,10,10,1080,1920,1,1.078520768856852e-30,-6.125,0.002182716503739357,0,0,0.0,2459,0.0,,,,,,0,0,,0.0,8,
TRAIN,5hcafebs,77,0,1,10,1080,1920,1,3.3921018924503508e-28,-6.71875,0.0012065897462889552,0,0,0.0,806,0.0,,,,,,0,0,,0.0,8,
TRAIN,5hcafebs,77,1,2,10,1080,1920,1,9.742432179479496e-29,-6.84375,0.0010649627074599266,0,0,0.0,964,0.0,,,,,,0,0,,0.0,8,
TRAIN,5hcafebs,77,2,3,10,1080,1920,1,4.405564747785802e-33,-7.6875,0.000458312890259549,0,0,0.0,417,0.0,,,,,,0,0,,0.0,8,
TRAIN,5hcafebs,77,3,4,10,1080,1920,1,2.1693674893577825e-29,-5.1875,0.005554925184696913,0,0,0.0,488,0.0,,,,,,0,0,,0.0,8,
TRAIN,5hcafebs,77,4,5,10,1080,1920,1,4.831773044478697e-30,-5.9375,0.0026316740550100803,0,0,0.0,1811,0.0,,,,,,0,0,,0.0,8,
TRAIN,5hcafebs,77,5,6,10,1080,1920,1,9.742432179479496e-29,-3.625,0.02595735713839531,0,0,0.0,939,0.0,,,,,,0,0,,0.0,8,
TRAIN,5hcafebs,77,6,7,10,1080,1920,1,2.0369322584118306e-23,-1.8125,0.14033624529838562,0,0,0.0,802,0.0,,,,,,0,0,,0.0,8,
TRAIN,5hcafebs,77,7,8,10,1080,1920,1,0.859375,3.890625,0.9799765348434448,1,2834,0.0013667052469135803,2066,1.371732817037754,0.16031086210012652,14.59562455892731,811.8645024700071,35.4366982710541,804.4785276073619,1,2853,0.9193385082686466,0.0,1,0.2751833200454712
TRAIN,5hcafebs,77,8,9,10,1080,1920,1,7.987216665362745e-30,-6.4375,0.001597845577634871,0,0,0.0,1034,0.0,,,,,,0,0,,0.0,8,
TRAIN,5hcafebs,77,9,10,10,1080,1920,1,5.916456789157589e-29,-5.40625,0.0044683837331831455,0,0,0.0,2459,0.0,,,,,,0,0,,0.0,8,
TRAIN,5hcafebs,78,0,1,10,1080,1920,1,9.213895372981418e-28,-6.9375,0.0009697519708424807,0,0,0.0,806,0.0,,,,,,0,0,,0.0,8,
TRAIN,5hcafebs,78,1,2,10,1080,1920,1,4.354512196819985e-28,-7.0,0.0009110511746257544,0,0,0.0,964,0.0,,,,,,0,0,,0.0,8,
TRAIN,5hcafebs,78,2,3,10,1080,1920,1,1.078520768856852e-30,-7.46875,0.000570315751247108,0,0,0.0,417,0.0,,,,,,0,0,,0.0,8,
TRAIN,5hcafebs,78,3,4,10,1080,1920,1,7.987216665362745e-30,-5.4375,0.004331501666456461,0,0,0.0,488,0.0,,,,,,0,0,,0.0,8,
TRAIN,5hcafebs,78,4,5,10,1080,1920,1,1.3213420162451948e-29,-6.4375,0.001597845577634871,0,0,0.0,1811,0.0,,,,,,0,0,,0.0,8,
TRAIN,5hcafebs,78,5,6,10,1080,1920,1,1.601387637598654e-28,-3.890625,0.020023440942168236,0,0,0.0,939,0.0,,,,,,0,0,,0.0,8,
TRAIN,5hcafebs,78,6,7,10,1080,1920,1,3.6845933205562065e-20,-1.5078125,0.18126320838928223,0,0,0.0,802,0.0,,,,,,0,0,,0.0,8,
TRAIN,5hcafebs,78,7,8,10,1080,1920,1,0.6171875,2.421875,0.9184802770614624,1,898,0.00043306327160493827,2066,0.4346563407550823,0.19195145320983711,3.866369710467706,823.2305122494432,14.59562455892731,811.8645024700071,1,666,0.7358490566037735,0.0,1,0.23075349628925323
TRAIN,5hcafebs,78,8,9,10,1080,1920,1,1.3213420162451948e-29,-6.34375,0.0017546144081279635,0,0,0.0,1034,0.0,,,,,,0,0,,0.0,8,
TRAIN,5hcafebs,78,9,10,10,1080,1920,1,2.9335764912906377e-30,-5.5625,0.0038244836032390594,0,0,0.0,2459,0.0,,,,,,0,0,,0.0,8,
TRAIN,5hcafebs,79,0,1,10,1080,1920,1,4.354512196819985e-28,-6.28125,0.0018675660248845816,0,0,0.0,806,0.0,,,,,,0,0,,0.0,,
TRAIN,5hcafebs,79,1,2,10,1080,1920,1,5.585135208964764e-28,-7.0,0.0009110511746257544,0,0,0.0,964,0.0,,,,,,0,0,,0.0,,
TRAIN,5hcafebs,79,2,3,10,1080,1920,1,1.078520768856852e-30,-7.6875,0.000458312890259549,0,0,0.0,417,0.0,,,,,,0,0,,0.0,,
TRAIN,5hcafebs,79,3,4,10,1080,1920,1,3.975119405215255e-31,-5.75,0.003172682598233223,0,0,0.0,488,0.0,,,,,,0,0,,0.0,,
TRAIN,5hcafebs,79,4,5,10,1080,1920,1,3.5695955961250784e-29,-6.0,0.0024726230185478926,0,0,0.0,1811,0.0,,,,,,0,0,,0.0,,
TRAIN,5hcafebs,79,5,6,10,1080,1920,1,7.194411455615628e-28,-3.890625,0.020023440942168236,0,0,0.0,939,0.0,,,,,,0,0,,0.0,,
TRAIN,5hcafebs,79,6,7,10,1080,1920,1,3.8163916471489756e-16,-1.1328125,0.2436424344778061,0,0,0.0,802,0.0,,,,,,0,0,,0.0,,
TRAIN,5hcafebs,79,7,8,10,1080,1920,1,1.4637180356658064e-12,-0.9609375,0.2766905128955841,0,0,0.0,2066,0.0,0.0,,,3.866369710467706,823.2305122494432,0,0,,0.0,,
TRAIN,5hcafebs,79,8,9,10,1080,1920,1,7.987216665362745e-30,-6.25,0.0019267346942797303,0,0,0.0,1034,0.0,,,,,,0,0,,0.0,,
TRAIN,5hcafebs,79,9,10,10,1080,1920,1,7.987216665362745e-30,-5.40625,0.0044683837331831455,0,0,0.0,2459,0.0,,,,,,0,0,,0.0,,
TRAIN,5hcafebs,80,0,1,10,1080,1920,1,1.787262988391355e-30,-6.15625,0.002115703420713544,0,0,0.0,806,0.0,,,,,,0,0,,0.0,,
TRAIN,5hcafebs,80,1,2,10,1080,1920,1,5.916456789157589e-29,-6.96875,0.0009399438858963549,0,0,0.0,964,0.0,,,,,,0,0,,0.0,,
TRAIN,5hcafebs,80,2,3,10,1080,1920,1,2.6505726415425997e-28,-7.71875,0.0004442183708306402,0,0,0.0,417,0.0,,,,,,0,0,,0.0,,
TRAIN,5hcafebs,80,3,4,10,1080,1920,1,5.916456789157589e-29,-5.75,0.003172682598233223,0,0,0.0,488,0.0,,,,,,0,0,,0.0,,
TRAIN,5hcafebs,80,4,5,10,1080,1920,1,1.3213420162451948e-29,-6.5,0.0015011823270469904,0,0,0.0,1811,0.0,,,,,,0,0,,0.0,,
TRAIN,5hcafebs,80,5,6,10,1080,1920,1,4.0862722260119567e-22,-2.421875,0.08151976019144058,0,0,0.0,939,0.0,,,,,,0,0,,0.0,,
TRAIN,5hcafebs,80,6,7,10,1080,1920,1,6.056285572868247e-20,-1.421875,0.19436779618263245,0,0,0.0,802,0.0,,,,,,0,0,,0.0,,
TRAIN,5hcafebs,80,7,8,10,1080,1920,1,3.864587821847745e-21,-3.0625,0.044680867344141006,0,0,0.0,2066,0.0,,,,,,0,0,,0.0,,
TRAIN,5hcafebs,80,8,9,10,1080,1920,1,2.1693674893577825e-29,-6.5,0.0015011823270469904,0,0,0.0,1034,0.0,,,,,,0,0,,0.0,,
TRAIN,5hcafebs,80,9,10,10,1080,1920,1,7.987216665362745e-30,-5.53125,0.0039454069919884205,0,0,0.0,2459,0.0,,,,,,0,0,,0.0,,
TRAIN,5hcafebs,81,0,1,10,1080,1920,1,3.5695955961250784e-29,-6.75,0.0011695103021338582,0,0,0.0,806,0.0,,,,,,0,0,,0.0,,
TRAIN,5hcafebs,81,1,2,10,1080,1920,1,1.3213420162451948e-29,-7.1875,0.0007554056355729699,0,0,0.0,964,0.0,,,,,,0,0,,0.0,,
TRAIN,5hcafebs,81,2,3,10,1080,1920,1,3.5695955961250784e-29,-7.5625,0.0005193048855289817,0,0,0.0,417,0.0,,,,,,0,0,,0.0,,
TRAIN,5hcafebs,81,3,4,10,1080,1920,1,9.742432179479496e-29,-5.8125,0.0029810327105224133,0,0,0.0,488,0.0,,,,,,0,0,,0.0,,
TRAIN,5hcafebs,81,4,5,10,1080,1920,1,4.831773044478697e-30,-6.625,0.0013250223128125072,0,0,0.0,1811,0.0,,,,,,0,0,,0.0,,
TRAIN,5hcafebs,81,5,6,10,1080,1920,1,4.13994203059987e-27,-3.59375,0.026759283617138863,0,0,0.0,939,0.0,,,,,,0,0,,0.0,,
TRAIN,5hcafebs,81,6,7,10,1080,1920,1,9.486769009248164e-19,-1.3671875,0.2030746340751648,0,0,0.0,802,0.0,,,,,,0,0,,0.0,,
TRAIN,5hcafebs,81,7,8,10,1080,1920,1,1.3499587596865412e-20,-3.21875,0.0384661927819252,0,0,0.0,2066,0.0,,,,,,0,0,,0.0,,
TRAIN,5hcafebs,81,8,9,10,1080,1920,1,1.3213420162451948e-29,-6.625,0.0013250223128125072,0,0,0.0,1034,0.0,,,,,,0,0,,0.0,,
TRAIN,5hcafebs,81,9,10,10,1080,1920,1,3.5695955961250784e-29,-5.625,0.0035936026833951473,0,0,0.0,2459,0.0,,,,,,0,0,,0.0,,
TRAIN,5hcafebs,82,0,1,10,1080,1920,1,2.1693674893577825e-29,-7.0,0.0009110511746257544,0,0,0.0,806,0.0,,,,,,0,0,,0.0,,
TRAIN,5hcafebs,82,1,2,10,1080,1920,1,1.3213420162451948e-29,-7.375,0.000626334105618298,0,0,0.0,964,0.0,,,,,,0,0,,0.0,,
TRAIN,5hcafebs,82,2,3,10,1080,1920,1,1.9563750449481093e-27,-7.71875,0.0004442183708306402,0,0,0.0,417,0.0,,,,,,0,0,,0.0,,
TRAIN,5hcafebs,82,3,4,10,1080,1920,1,1.9563750449481093e-27,-5.84375,0.002889581024646759,0,0,0.0,488,0.0,,,,,,0,0,,0.0,,
TRAIN,5hcafebs,82,4,5,10,1080,1920,1,6.5635692504717e-31,-6.625,0.0013250223128125072,0,0,0.0,1811,0.0,,,,,,0,0,,0.0,,
TRAIN,5hcafebs,82,5,6,10,1080,1920,1,2.9335764912906377e-30,-4.5,0.010986941866576672,0,0,0.0,939,0.0,,,,,,0,0,,0.0,,
TRAIN,5hcafebs,82,6,7,10,1080,1920,1,7.113753267956038e-23,-1.734375,0.15002880990505219,0,0,0.0,802,0.0,,,,,,0,0,,0.0,,
TRAIN,5hcafebs,82,7,8,10,1080,1920,1,1.4227506535912076e-21,-2.609375,0.06853749603033066,0,0,0.0,2066,0.0,,,,,,0,0,,0.0,,
TRAIN,5hcafebs,82,8,9,10,1080,1920,1,1.3213420162451948e-29,-6.03125,0.0023967307060956955,0,0,0.0,1034,0.0,,,,,,0,0,,0.0,,
TRAIN,5hcafebs,82,9,10,10,1080,1920,1,2.1693674893577825e-29,-5.15625,0.005730246659368277,0,0,0.0,2459,0.0,,,,,,0,0,,0.0,,
TRAIN,5hcafebs,83,0,1,10,1080,1920,1,7.987216665362745e-30,-7.0,0.0009110511746257544,0,0,0.0,806,0.0,,,,,,0,0,,0.0,,
TRAIN,5hcafebs,83,1,2,10,1080,1920,1,9.742432179479496e-29,-7.5,0.000552778656128794,0,0,0.0,964,0.0,,,,,,0,0,,0.0,,
TRAIN,5hcafebs,83,2,3,10,1080,1920,1,3.917798799689633e-26,-7.4375,0.0005884087877348065,0,0,0.0,417,0.0,,,,,,0,0,,0.0,,
TRAIN,5hcafebs,83,3,4,10,1080,1920,1,3.917798799689633e-26,-5.4375,0.004331501666456461,0,0,0.0,488,0.0,,,,,,0,0,,0.0,,
TRAIN,5hcafebs,83,4,5,10,1080,1920,1,4.831773044478697e-30,-6.59375,0.0013670255430042744,0,0,0.0,1811,0.0,,,,,,0,0,,0.0,,
TRAIN,5hcafebs,83,5,6,10,1080,1920,1,7.987216665362745e-30,-3.75,0.022977370768785477,0,0,0.0,939,0.0,,,,,,0,0,,0.0,,
TRAIN,5hcafebs,83,6,7,10,1080,1920,1,1.0408340855860843e-15,-1.0546875,0.2583259642124176,0,0,0.0,802,0.0,,,,,,0,0,,0.0,,
TRAIN,5hcafebs,83,7,8,10,1080,1920,1,5.759824041329242e-19,-2.515625,0.07477004081010818,0,0,0.0,2066,0.0,,,,,,0,0,,0.0,,
TRAIN,5hcafebs,83,8,9,10,1080,1920,1,9.742432179479496e-29,-5.375,0.004609572235494852,0,0,0.0,1034,0.0,,,,,,0,0,,0.0,,
TRAIN,5hcafebs,83,9,10,10,1080,1920,1,9.742432179479496e-29,-4.46875,0.011331753805279732,0,0,0.0,2459,0.0,,,,,,0,0,,0.0,,
TRAIN,5hcafebs,84,0,1,10,1080,1920,1,7.987216665362745e-30,-7.34375,0.0006462032906711102,0,0,0.0,806,0.0,,,,,,0,0,,0.0,,
TRAIN,5hcafebs,84,1,2,10,1080,1920,1,2.6505726415425997e-28,-7.46875,0.000570315751247108,0,0,0.0,964,0.0,,,,,,0,0,,0.0,,
TRAIN,5hcafebs,84,2,3,10,1080,1920,1,1.760989975942969e-25,-7.15625,0.0007793660624884069,0,0,0.0,417,0.0,,,,,,0,0,,0.0,,
TRAIN,5hcafebs,84,3,4,10,1080,1920,1,4.52364397489937e-24,-5.1875,0.005554925184696913,0,0,0.0,488,0.0,,,,,,0,0,,0.0,,
TRAIN,5hcafebs,84,4,5,10,1080,1920,1,2.9335764912906377e-30,-6.75,0.0011695103021338582,0,0,0.0,1811,0.0,,,,,,0,0,,0.0,,
TRAIN,5hcafebs,84,5,6,10,1080,1920,1,2.1693674893577825e-29,-3.71875,0.023689469322562218,0,0,0.0,939,0.0,,,,,,0,0,,0.0,,
TRAIN,5hcafebs,84,6,7,10,1080,1920,1,3.8163916471489756e-16,-1.0546875,0.2583259642124176,0,0,0.0,802,0.0,,,,,,0,0,,0.0,,
TRAIN,5hcafebs,84,7,8,10,1080,1920,1,6.110667527536862e-13,-1.6015625,0.1677633374929428,0,0,0.0,2066,0.0,,,,,,0,0,,0.0,,
TRAIN,5hcafebs,84,8,9,10,1080,1920,1,2.1693674893577825e-29,-5.6875,0.0033766122069209814,0,0,0.0,1034,0.0,,,,,,0,0,,0.0,,
TRAIN,5hcafebs,84,9,10,10,1080,1920,1,1.3213420162451948e-29,-4.8125,0.008061991073191166,0,0,0.0,2459,0.0,,,,,,0,0,,0.0,,
TRAIN,5hcafebs,85,0,1,10,1080,1920,1,4.831773044478697e-30,-6.9375,0.0009697519708424807,0,0,0.0,806,0.0,,,,,,0,0,,0.0,,
TRAIN,5hcafebs,85,1,2,10,1080,1920,1,5.916456789157589e-29,-7.34375,0.0006462032906711102,0,0,0.0,964,0.0,,,,,,0,0,,0.0,,
TRAIN,5hcafebs,85,2,3,10,1080,1920,1,8.734267942607043e-27,-7.3125,0.0006667023408226669,0,0,0.0,417,0.0,,,,,,0,0,,0.0,,
TRAIN,5hcafebs,85,3,4,10,1080,1920,1,1.125862283931428e-26,-5.4375,0.004331501666456461,0,0,0.0,488,0.0,,,,,,0,0,,0.0,,
TRAIN,5hcafebs,85,4,5,10,1080,1920,1,4.831773044478697e-30,-6.6875,0.0012448433553799987,0,0,0.0,1811,0.0,,,,,,0,0,,0.0,,
TRAIN,5hcafebs,85,5,6,10,1080,1920,1,5.916456789157589e-29,-4.0,0.01798621006309986,0,0,0.0,939,0.0,,,,,,0,0,,0.0,,
TRAIN,5hcafebs,85,6,7,10,1080,1920,1,1.565316886525947e-18,-1.3828125,0.20055769383907318,0,0,0.0,802,0.0,,,,,,0,0,,0.0,,
TRAIN,5hcafebs,85,7,8,10,1080,1920,1,3.979039320256561e-12,-1.546875,0.1755380779504776,0,0,0.0,2066,0.0,,,,,,0,0,,0.0,,
TRAIN,5hcafebs,85,8,9,10,1080,1920,1,2.1693674893577825e-29,-5.6875,0.0033766122069209814,0,0,0.0,1034,0.0,,,,,,0,0,,0.0,,
TRAIN,5hcafebs,85,9,10,10,1080,1920,1,5.916456789157589e-29,-5.78125,0.0030753696337342262,0,0,0.0,2459,0.0,,,,,,0,0,,0.0,,
TRAIN,5hcafebs,86,0,1,10,1080,1920,1,7.987216665362745e-30,-7.0625,0.0008559006964787841,0,0,0.0,806,0.0,,,,,,0,0,,0.0,,
TRAIN,5hcafebs,86,1,2,10,1080,1920,1,9.742432179479496e-29,-7.46875,0.000570315751247108,0,0,0.0,964,0.0,,,,,,0,0,,0.0,,
TRAIN,5hcafebs,86,2,3,10,1080,1920,1,4.13994203059987e-27,-7.1875,0.0007554056355729699,0,0,0.0,417,0.0,,,,,,0,0,,0.0,,
TRAIN,5hcafebs,86,3,4,10,1080,1920,1,1.0662875083691372e-25,-5.28125,0.005060331895947456,0,0,0.0,488,0.0,,,,,,0,0,,0.0,,
TRAIN,5hcafebs,86,4,5,10,1080,1920,1,2.9335764912906377e-30,-6.75,0.0011695103021338582,0,0,0.0,1811,0.0,,,,,,0,0,,0.0,,
TRAIN,5hcafebs,86,5,6,10,1080,1920,1,9.742432179479496e-29,-4.125,0.01590639166533947,0,0,0.0,939,0.0,,,,,,0,0,,0.0,,
TRAIN,5hcafebs,86,6,7,10,1080,1920,1,3.3068166260807885e-18,-1.28125,0.21733753383159637,0,0,0.0,802,0.0,,,,,,0,0,,0.0,,
TRAIN,5hcafebs,86,7,8,10,1080,1920,1,2.540190280342358e-13,-1.5859375,0.169956237077713,0,0,0.0,2066,0.0,,,,,,0,0,,0.0,,
TRAIN,5hcafebs,86,8,9,10,1080,1920,1,1.601387637598654e-28,-5.34375,0.004755199886858463,0,0,0.0,1034,0.0,,,,,,0,0,,0.0,,
TRAIN,5hcafebs,86,9,10,10,1080,1920,1,3.5695955961250784e-29,-5.25,0.005220125429332256,0,0,0.0,2459,0.0,,,,,,0,0,,0.0,,
TRAIN,5hcafebs,87,0,1,10,1080,1920,1,1.3213420162451948e-29,-6.84375,0.0010649627074599266,0,0,0.0,806,0.0,,,,,,0,0,,0.0,,
TRAIN,5hcafebs,87,1,2,10,1080,1920,1,5.916456789157589e-29,-7.15625,0.0007793660624884069,0,0,0.0,964,0.0,,,,,,0,0,,0.0,,
TRAIN,5hcafebs,87,2,3,10,1080,1920,1,5.301145283085199e-27,-7.25,0.0007096704212017357,0,0,0.0,417,0.0,,,,,,0,0,,0.0,,
TRAIN,5hcafebs,87,3,4,10,1080,1920,1,1.6672859221771964e-24,-4.90625,0.007345826830714941,0,0,0.0,488,0.0,,,,,,0,0,,0.0,,
TRAIN,5hcafebs,87,4,5,10,1080,1920,1,2.9335764912906377e-30,-6.65625,0.0012843081494793296,0,0,0.0,1811,0.0,,,,,,0,0,,0.0,,
TRAIN,5hcafebs,87,5,6,10,1080,1920,1,1.601387637598654e-28,-3.796875,0.021948253735899925,0,0,0.0,939,0.0,,,,,,0,0,,0.0,,
TRAIN,5hcafebs,87,6,7,10,1080,1920,1,7.66053886991358e-15,-0.98046875,0.2727987766265869,0,0,0.0,802,0.0,,,,,,0,0,,0.0,,
TRAIN,5hcafebs,87,7,8,10,1080,1920,1,4.519051799434237e-12,-1.5234375,0.17895588278770447,0,0,0.0,2066,0.0,,,,,,0,0,,0.0,,
TRAIN,5hcafebs,87,8,9,10,1080,1920,1,9.742432179479496e-29,-4.9375,0.00712142838165164,0,0,0.0,1034,0.0,,,,,,0,0,,0.0,,
TRAIN,5hcafebs,87,9,10,10,1080,1920,1,1.3213420162451948e-29,-5.0,0.006692850962281227,0,0,0.0,2459,0.0,,,,,,0,0,,0.0,,
TRAIN,5hcafebs,88,0,1,10,1080,1920,1,1.787262988391355e-30,-7.21875,0.0007321811863221228,0,0,0.0,806,0.0,,,,,,0,0,,0.0,,
TRAIN,5hcafebs,88,1,2,10,1080,1920,1,2.1693674893577825e-29,-7.1875,0.0007554056355729699,0,0,0.0,964,0.0,,,,,,0,0,,0.0,,
TRAIN,5hcafebs,88,2,3,10,1080,1920,1,4.782137916322191e-25,-7.21875,0.0007321811863221228,0,0,0.0,417,0.0,,,,,,0,0,,0.0,,
TRAIN,5hcafebs,88,3,4,10,1080,1920,1,6.716706573930585e-22,-4.71875,0.008847354911267757,0,0,0.0,488,0.0,,,,,,0,0,,0.0,,
TRAIN,5hcafebs,88,4,5,10,1080,1920,1,1.078520768856852e-30,-6.9375,0.0009697519708424807,0,0,0.0,1811,0.0,,,,,,0,0,,0.0,,
TRAIN,5hcafebs,88,5,6,10,1080,1920,1,7.987216665362745e-30,-4.6875,0.009125636890530586,0,0,0.0,939,0.0,,,,,,0,0,,0.0,,
TRAIN,5hcafebs,88,6,7,10,1080,1920,1,2.8587361969832636e-20,-1.375,0.2018132209777832,0,0,0.0,802,0.0,,,,,,0,0,,0.0,,
TRAIN,5hcafebs,88,7,8,10,1080,1920,1,5.20230969414115e-10,-1.3046875,0.2133771777153015,0,0,0.0,2066,0.0,,,,,,0,0,,0.0,,
TRAIN,5hcafebs,88,8,9,10,1080,1920,1,3.5695955961250784e-29,-5.3125,0.004905405919998884,0,0,0.0,1034,0.0,,,,,,0,0,,0.0,,
TRAIN,5hcafebs,88,9,10,10,1080,1920,1,7.987216665362745e-30,-5.34375,0.004755199886858463,0,0,0.0,2459,0.0,,,,,,0,0,,0.0,,
TRAIN,5hcafebs,89,0,1,10,1080,1920,1,5.916456789157589e-29,-6.6875,0.0012448433553799987,0,0,0.0,806,0.0,,,,,,0,0,,0.0,,
TRAIN,5hcafebs,89,1,2,10,1080,1920,1,9.742432179479496e-29,-7.53125,0.0005357805639505386,0,0,0.0,964,0.0,,,,,,0,0,,0.0,,
TRAIN,5hcafebs,89,2,3,10,1080,1920,1,8.320273739547056e-26,-7.46875,0.000570315751247108,0,0,0.0,417,0.0,,,,,,0,0,,0.0,,
TRAIN,5hcafebs,89,3,4,10,1080,1920,1,2.574980159653073e-18,-4.0625,0.016914913430809975,0,0,0.0,488,0.0,,,,,,0,0,,0.0,,
TRAIN,5hcafebs,89,4,5,10,1080,1920,1,1.078520768856852e-30,-6.40625,0.0016484829830005765,0,0,0.0,1811,0.0,,,,,,0,0,,0.0,,
TRAIN,5hcafebs,89,5,6,10,1080,1920,1,2.1693674893577825e-29,-4.09375,0.01640303246676922,0,0,0.0,939,0.0,,,,,,0,0,,0.0,,
TRAIN,5hcafebs,89,6,7,10,1080,1920,1,4.9763185651190145e-21,-1.6328125,0.16344544291496277,0,0,0.0,802,0.0,,,,,,0,0,,0.0,,
TRAIN,5hcafebs,89,7,8,10,1080,1920,1,5.893525667488575e-10,-1.4453125,0.19072403013706207,0,0,0.0,2066,0.0,,,,,,0,0,,0.0,,
TRAIN,5hcafebs,89,8,9,10,1080,1920,1,4.831773044478697e-30,-6.03125,0.0023967307060956955,0,0,0.0,1034,0.0,,,,,,0,0,,0.0,,
TRAIN,5hcafebs,89,9,10,10,1080,1920,1,6.5635692504717e-31,-6.0,0.0024726230185478926,0,0,0.0,2459,0.0,,,,,,0,0,,0.0,,
TRAIN,5hcafebs,90,0,1,10,1080,1920,1,3.975119405215255e-31,-6.75,0.0011695103021338582,0,0,0.0,806,0.0,,,,,,0,0,,0.0,,
TRAIN,5hcafebs,90,1,2,10,1080,1920,1,1.3213420162451948e-29,-7.65625,0.0004728544445242733,0,0,0.0,964,0.0,,,,,,0,0,,0.0,,
TRAIN,5hcafebs,90,2,3,10,1080,1920,1,6.139231108792002e-25,-7.0625,0.0008559006964787841,0,0,0.0,417,0.0,,,,,,0,0,,0.0,,
TRAIN,5hcafebs,90,3,4,10,1080,1920,1,5.542110104105285e-23,-4.5625,0.010328153148293495,0,0,0.0,488,0.0,,,,,,0,0,,0.0,,
TRAIN,5hcafebs,90,4,5,10,1080,1920,1,8.859277744181285e-32,-7.125,0.0008040859247557819,0,0,0.0,1811,0.0,,,,,,0,0,,0.0,,
TRAIN,5hcafebs,90,5,6,10,1080,1920,1,1.078520768856852e-30,-4.96875,0.006903838831931353,0,0,0.0,939,0.0,,,,,,0,0,,0.0,,
TRAIN,5hcafebs,90,6,7,10,1080,1920,1,6.056285572868247e-20,-1.4296875,0.19314736127853394,0,0,0.0,802,0.0,,,,,,0,0,,0.0,,
TRAIN,5hcafebs,90,7,8,10,1080,1920,1,9.918585419654846e-08,-1.15625,0.23934932053089142,0,0,0.0,2066,0.0,,,,,,0,0,,0.0,,
TRAIN,5hcafebs,90,8,9,10,1080,1920,1,1.787262988391355e-30,-5.71875,0.003273064736276865,0,0,0.0,1034,0.0,,,,,,0,0,,0.0,,
TRAIN,5hcafebs,90,9,10,10,1080,1920,1,6.5635692504717e-31,-6.875,0.0010322310263291001,0,0,0.0,2459,0.0,,,,,,0,0,,0.0,,
TRAIN,5hcafebs,91,0,1,10,1080,1920,1,1.601387637598654e-28,-5.9375,0.0026316740550100803,0,0,0.0,806,0.0,,,,,,0,0,,0.0,,
TRAIN,5hcafebs,91,1,2,10,1080,1920,1,2.1693674893577825e-29,-7.21875,0.0007321811863221228,0,0,0.0,964,0.0,,,,,,0,0,,0.0,,
TRAIN,5hcafebs,91,2,3,10,1080,1920,1,3.54136699749265e-24,-6.84375,0.0010649627074599266,0,0,0.0,417,0.0,,,,,,0,0,,0.0,,
TRAIN,5hcafebs,91,3,4,10,1080,1920,1,1.6432439176733427e-19,-3.953125,0.018833130598068237,0,0,0.0,488,0.0,,,,,,0,0,,0.0,,
TRAIN,5hcafebs,91,4,5,10,1080,1920,1,4.831773044478697e-30,-6.4375,0.001597845577634871,0,0,0.0,1811,0.0,,,,,,0,0,,0.0,,
TRAIN,5hcafebs,91,5,6,10,1080,1920,1,3.5695955961250784e-29,-4.78125,0.008315778337419033,0,0,0.0,939,0.0,,,,,,0,0,,0.0,,
TRAIN,5hcafebs,91,6,7,10,1080,1920,1,5.115907697472721e-12,-0.859375,0.29746994376182556,0,0,0.0,802,0.0,,,,,,0,0,,0.0,,
TRAIN,5hcafebs,91,7,8,10,1080,1920,1,0.0002307891845703125,-0.65234375,0.34246158599853516,0,0,0.0,2066,0.0,,,,,,0,0,,0.0,,
TRAIN,5hcafebs,91,8,9,10,1080,1920,1,1.125862283931428e-26,-4.15625,0.015424552373588085,0,0,0.0,1034,0.0,,,,,,0,0,,0.0,,
TRAIN,5hcafebs,91,9,10,10,1080,1920,1,2.1693674893577825e-29,-5.96875,0.0025509123224765062,0,0,0.0,2459,0.0,,,,,,0,0,,0.0,,
TRAIN,5hcafebs,92,0,1,10,1080,1920,1,7.987216665362745e-30,-6.0625,0.002323162741959095,0,0,0.0,806,0.0,,,,,,0,0,,0.0,,
TRAIN,5hcafebs,92,1,2,10,1080,1920,1,2.1693674893577825e-29,-7.625,0.000487857119878754,0,0,0.0,964,0.0,,,,,,0,0,,0.0,,
TRAIN,5hcafebs,92,2,3,10,1080,1920,1,1.3732490638087374e-25,-7.5,0.000552778656128794,0,0,0.0,417,0.0,,,,,,0,0,,0.0,,
TRAIN,5hcafebs,92,3,4,10,1080,1920,1,3.4897757426877174e-19,-4.4375,0.011687257327139378,0,0,0.0,488,0.0,,,,,,0,0,,0.0,,
TRAIN,5hcafebs,92,4,5,10,1080,1920,1,1.787262988391355e-30,-6.46875,0.0015487611526623368,0,0,0.0,1811,0.0,,,,,,0,0,,0.0,,
TRAIN,5hcafebs,92,5,6,10,1080,1920,1,2.1693674893577825e-29,-4.875,0.007577241398394108,0,0,0.0,939,0.0,,,,,,0,0,,0.0,,
TRAIN,5hcafebs,92,6,7,10,1080,1920,1,1.7139067942650854e-15,-1.265625,0.22000710666179657,0,0,0.0,802,0.0,,,,,,0,0,,0.0,,
TRAIN,5hcafebs,92,7,8,10,1080,1920,1,6.07222318649292e-07,-0.984375,0.272024542093277,0,0,0.0,2066,0.0,,,,,,0,0,,0.0,,
TRAIN,5hcafebs,92,8,9,10,1080,1920,1,5.916456789157589e-29,-5.34375,0.004755199886858463,0,0,0.0,1034,0.0,,,,,,0,0,,0.0,,
TRAIN,5hcafebs,92,9,10,10,1080,1920,1,6.5635692504717e-31,-5.96875,0.0025509123224765062,0,0,0.0,2459,0.0,,,,,,0,0,,0.0,,
TRAIN,5hcafebs,93,0,1,10,1080,1920,1,9.742432179479496e-29,-5.84375,0.002889581024646759,0,0,0.0,806,0.0,,,,,,0,0,,0.0,,
TRAIN,5hcafebs,93,1,2,10,1080,1920,1,2.5117331222237016e-27,-6.75,0.0011695103021338582,0,0,0.0,964,0.0,,,,,,0,0,,0.0,,
TRAIN,5hcafebs,93,2,3,10,1080,1920,1,4.782137916322191e-25,-7.0,0.0009110511746257544,0,0,0.0,417,0.0,,,,,,0,0,,0.0,,
TRAIN,5hcafebs,93,3,4,10,1080,1920,1,9.098986738083304e-23,-4.625,0.009708477184176445,0,0,0.0,488,0.0,,,,,,0,0,,0.0,,
TRAIN,5hcafebs,93,4,5,10,1080,1920,1,2.9335764912906377e-30,-5.90625,0.0027149852830916643,0,0,0.0,1811,0.0,,,,,,0,0,,0.0,,
TRAIN,5hcafebs,93,5,6,10,1080,1920,1,7.987216665362745e-30,-4.375,0.012431650422513485,0,0,0.0,939,0.0,,,,,,0,0,,0.0,,
TRAIN,5hcafebs,93,6,7,10,1080,1920,1,2.1175823681357508e-19,-1.3359375,0.20817892253398895,0,0,0.0,802,0.0,,,,,,0,0,,0.0,,
TRAIN,5hcafebs,93,7,8,10,1080,1920,1,7.82310962677002e-07,-0.734375,0.3242354094982147,0,0,0.0,2066,0.0,,,,,,0,0,,0.0,,
TRAIN,5hcafebs,93,8,9,10,1080,1920,1,1.3213420162451948e-29,-5.4375,0.004331501666456461,0,0,0.0,1034,0.0,,,,,,0,0,,0.0,,
TRAIN,5hcafebs,93,9,10,10,1080,1920,1,4.831773044478697e-30,-5.75,0.003172682598233223,0,0,0.0,2459,0.0,,,,,,0,0,,0.0,,
TRAIN,5hcafebs,94,0,1,10,1080,1920,1,7.987216665362745e-30,-6.1875,0.0020507434383034706,0,0,0.0,806,0.0,,,,,,0,0,,0.0,,
TRAIN,5hcafebs,94,1,2,10,1080,1920,1,2.066815571679051e-28,-6.65625,0.0012843081494793296,0,0,0.0,964,0.0,,,,,,0,0,,0.0,,
TRAIN,5hcafebs,94,2,3,10,1080,1920,1,2.6056189295420372e-23,-6.875,0.0010322310263291001,0,0,0.0,417,0.0,,,,,,0,0,,0.0,,
TRAIN,5hcafebs,94,3,4,10,1080,1920,1,1.1546753136970622e-17,-3.859375,0.020645929500460625,0,0,0.0,488,0.0,,,,,,0,0,,0.0,,
TRAIN,5hcafebs,94,4,5,10,1080,1920,1,1.078520768856852e-30,-6.59375,0.0013670255430042744,0,0,0.0,1811,0.0,,,,,,0,0,,0.0,,
TRAIN,5hcafebs,94,5,6,10,1080,1920,1,9.742432179479496e-29,-4.96875,0.006903838831931353,0,0,0.0,939,0.0,,,,,,0,0,,0.0,,
TRAIN,5hcafebs,94,6,7,10,1080,1920,1,4.6629367034256575e-15,-1.015625,0.2658804655075073,0,0,0.0,802,0.0,,,,,,0,0,,0.0,,
TRAIN,5hcafebs,94,7,8,10,1080,1920,1,0.00011587142944335938,-0.5703125,0.36116471886634827,0,0,0.0,2066,0.0,,,,,,0,0,,0.0,,
TRAIN,5hcafebs,94,8,9,10,1080,1920,1,2.3829910224916325e-26,-4.3125,0.013222821988165379,0,0,0.0,1034,0.0,,,,,,0,0,,0.0,,
TRAIN,5hcafebs,94,9,10,10,1080,1920,1,1.078520768856852e-30,-6.0625,0.002323162741959095,0,0,0.0,2459,0.0,,,,,,0,0,,0.0,,
TRAIN,5hcafebs,95,0,1,10,1080,1920,1,7.987216665362745e-30,-6.28125,0.0018675660248845816,0,0,0.0,806,0.0,,,,,,0,0,,0.0,,
TRAIN,5hcafebs,95,1,2,10,1080,1920,1,1.601387637598654e-28,-7.125,0.0008040859247557819,0,0,0.0,964,0.0,,,,,,0,0,,0.0,,
TRAIN,5hcafebs,95,2,3,10,1080,1920,1,4.301339185275744e-23,-6.75,0.0011695103021338582,0,0,0.0,417,0.0,,,,,,0,0,,0.0,,
TRAIN,5hcafebs,95,3,4,10,1080,1920,1,9.486769009248164e-19,-4.1875,0.014957086183130741,0,0,0.0,488,0.0,,,,,,0,0,,0.0,,
TRAIN,5hcafebs,95,4,5,10,1080,1920,1,4.831773044478697e-30,-6.8125,0.001098731067031622,0,0,0.0,1811,0.0,,,,,,0,0,,0.0,,
TRAIN,5hcafebs,95,5,6,10,1080,1920,1,2.066815571679051e-28,-5.34375,0.004755199886858463,0,0,0.0,939,0.0,,,,,,0,0,,0.0,,
TRAIN,5hcafebs,95,6,7,10,1080,1920,1,2.2065682614424986e-15,-1.078125,0.2538610100746155,0,0,0.0,802,0.0,,,,,,0,0,,0.0,,
TRAIN,5hcafebs,95,7,8,10,1080,1920,1,7.566995918750763e-10,-1.1328125,0.2436424344778061,0,0,0.0,2066,0.0,,,,,,0,0,,0.0,,
TRAIN,5hcafebs,95,8,9,10,1080,1920,1,2.6505726415425997e-28,-5.6875,0.0033766122069209814,0,0,0.0,1034,0.0,,,,,,0,0,,0.0,,
TRAIN,5hcafebs,95,9,10,10,1080,1920,1,5.916456789157589e-29,-6.21875,0.001987774157896638,0,0,0.0,2459,0.0,,,,,,0,0,,0.0,,
TRAIN,5hcafebs,96,0,1,10,1080,1920,1,1.3213420162451948e-29,-6.78125,0.0011335690505802631,0,0,0.0,806,0.0,,,,,,0,0,,0.0,,
TRAIN,5hcafebs,96,1,2,10,1080,1920,1,1.601387637598654e-28,-7.40625,0.0006070755189284682,0,0,0.0,964,0.0,,,,,,0,0,,0.0,,
TRAIN,5hcafebs,96,2,3,10,1080,1920,1,7.113753267956038e-23,-6.75,0.0011695103021338582,0,0,0.0,417,0.0,,,,,,0,0,,0.0,,
TRAIN,5hcafebs,96,3,4,10,1080,1920,1,9.486769009248164e-19,-3.921875,0.019419347867369652,0,0,0.0,488,0.0,,,,,,0,0,,0.0,,
TRAIN,5hcafebs,96,4,5,10,1080,1920,1,4.831773044478697e-30,-6.40625,0.0016484829830005765,0,0,0.0,1811,0.0,,,,,,0,0,,0.0,,
TRAIN,5hcafebs,96,5,6,10,1080,1920,1,3.5695955961250784e-29,-5.28125,0.005060331895947456,0,0,0.0,939,0.0,,,,,,0,0,,0.0,,
TRAIN,5hcafebs,96,6,7,10,1080,1920,1,6.993104012531504e-18,-1.34375,0.20689405500888824,0,0,0.0,802,0.0,,,,,,0,0,,0.0,,
TRAIN,5hcafebs,96,7,8,10,1080,1920,1,0.0093994140625,-0.3828125,0.4054487347602844,0,0,0.0,2066,0.0,,,,,,0,0,,0.0,,
TRAIN,5hcafebs,96,8,9,10,1080,1920,1,6.139231108792002e-25,-4.53125,0.01065251138061285,0,0,0.0,1034,0.0,,,,,,0,0,,0.0,,
TRAIN,5hcafebs,96,9,10,10,1080,1920,1,1.3213420162451948e-29,-6.0625,0.002323162741959095,0,0,0.0,2459,0.0,,,,,,0,0,,0.0,,
TRAIN,5hcafebs,97,0,1,10,1080,1920,1,1.3213420162451948e-29,-6.1875,0.0020507434383034706,0,0,0.0,806,0.0,,,,,,0,0,,0.0,,
TRAIN,5hcafebs,97,1,2,10,1080,1920,1,3.5695955961250784e-29,-6.90625,0.0010005044750869274,0,0,0.0,964,0.0,,,,,,0,0,,0.0,,
TRAIN,5hcafebs,97,2,3,10,1080,1920,1,2.355810384551023e-21,-5.875,0.0028009270317852497,0,0,0.0,417,0.0,,,,,,0,0,,0.0,,
TRAIN,5hcafebs,97,3,4,10,1080,1920,1,2.1175823681357508e-19,-4.09375,0.01640303246676922,0,0,0.0,488,0.0,,,,,,0,0,,0.0,,
TRAIN,5hcafebs,97,4,5,10,1080,1920,1,1.078520768856852e-30,-6.90625,0.0010005044750869274,0,0,0.0,1811,0.0,,,,,,0,0,,0.0,,
TRAIN,5hcafebs,97,5,6,10,1080,1920,1,2.9335764912906377e-30,-5.75,0.003172682598233223,0,0,0.0,939,0.0,,,,,,0,0,,0.0,,
TRAIN,5hcafebs,97,6,7,10,1080,1920,1,4.255493527005605e-18,-1.2421875,0.2240554392337799,0,0,0.0,802,0.0,,,,,,0,0,,0.0,,
TRAIN,5hcafebs,97,7,8,10,1080,1920,1,5.7980287238024175e-12,-1.34375,0.20689405500888824,0,0,0.0,2066,0.0,,,,,,0,0,,0.0,,
TRAIN,5hcafebs,97,8,9,10,1080,1920,1,1.9563750449481093e-27,-4.6875,0.009125636890530586,0,0,0.0,1034,0.0,,,,,,0,0,,0.0,,
TRAIN,5hcafebs,97,9,10,10,1080,1920,1,1.078520768856852e-30,-5.875,0.0028009270317852497,0,0,0.0,2459,0.0,,,,,,0,0,,0.0,,
TRAIN,5hcafebs,98,0,1,10,1080,1920,1,2.1693674893577825e-29,-6.65625,0.0012843081494793296,0,0,0.0,806,0.0,,,,,,0,0,,0.0,,
TRAIN,5hcafebs,98,1,2,10,1080,1920,1,2.6505726415425997e-28,-7.34375,0.0006462032906711102,0,0,0.0,964,0.0,,,,,,0,0,,0.0,,
TRAIN,5hcafebs,98,2,3,10,1080,1920,1,4.472333961502706e-19,-5.28125,0.005060331895947456,0,0,0.0,417,0.0,,,,,,0,0,,0.0,,
TRAIN,5hcafebs,98,3,4,10,1080,1920,1,5.44811591673966e-18,-3.5,0.02931223064661026,0,0,0.0,488,0.0,,,,,,0,0,,0.0,,
TRAIN,5hcafebs,98,4,5,10,1080,1920,1,1.078520768856852e-30,-6.90625,0.0010005044750869274,0,0,0.0,1811,0.0,,,,,,0,0,,0.0,,
TRAIN,5hcafebs,98,5,6,10,1080,1920,1,4.831773044478697e-30,-5.4375,0.004331501666456461,0,0,0.0,939,0.0,,,,,,0,0,,0.0,,
TRAIN,5hcafebs,98,6,7,10,1080,1920,1,5.0182080713057076e-14,-0.91015625,0.28696784377098083,0,0,0.0,802,0.0,,,,,,0,0,,0.0,,
TRAIN,5hcafebs,98,7,8,10,1080,1920,1,0.00154876708984375,-0.318359375,0.42107561230659485,0,0,0.0,2066,0.0,,,,,,0,0,,0.0,,
TRAIN,5hcafebs,98,8,9,10,1080,1920,1,5.585135208964764e-28,-5.4375,0.004331501666456461,0,0,0.0,1034,0.0,,,,,,0,0,,0.0,,
TRAIN,5hcafebs,98,9,10,10,1080,1920,1,1.3213420162451948e-29,-6.1875,0.0020507434383034706,0,0,0.0,2459,0.0,,,,,,0,0,,0.0,,
TRAIN,5hcafebs,99,0,1,10,1080,1920,1,4.831773044478697e-30,-6.71875,0.0012065897462889552,0,0,0.0,806,0.0,,,,,,0,0,,0.0,,
TRAIN,5hcafebs,99,1,2,10,1080,1920,1,4.831773044478697e-30,-7.34375,0.0006462032906711102,0,0,0.0,964,0.0,,,,,,0,0,,0.0,,
TRAIN,5hcafebs,99,2,3,10,1080,1920,1,6.3792168840089494e-21,-6.15625,0.002115703420713544,0,0,0.0,417,0.0,,,,,,0,0,,0.0,,
TRAIN,5hcafebs,99,3,4,10,1080,1920,1,8.66885281955573e-22,-4.3125,0.013222821988165379,0,0,0.0,488,0.0,,,,,,0,0,,0.0,,
TRAIN,5hcafebs,99,4,5,10,1080,1920,1,1.078520768856852e-30,-6.875,0.0010322310263291001,0,0,0.0,1811,0.0,,,,,,0,0,,0.0,,
TRAIN,5hcafebs,99,5,6,10,1080,1920,1,1.787262988391355e-30,-5.90625,0.0027149852830916643,0,0,0.0,939,0.0,,,,,,0,0,,0.0,,
TRAIN,5hcafebs,99,6,7,10,1080,1920,1,1.565316886525947e-18,-1.2265625,0.2267836332321167,0,0,0.0,802,0.0,,,,,,0,0,,0.0,,
TRAIN,5hcafebs,99,7,8,10,1080,1920,1,1.8758328224066645e-12,-1.4453125,0.19072403013706207,0,0,0.0,2066,0.0,,,,,,0,0,,0.0,,
TRAIN,5hcafebs,99,8,9,10,1080,1920,1,1.9563750449481093e-27,-4.71875,0.008847354911267757,0,0,0.0,1034,0.0,,,,,,0,0,,0.0,,
TRAIN,5hcafebs,99,9,10,10,1080,1920,1,3.975119405215255e-31,-6.21875,0.001987774157896638,0,0,0.0,2459,0.0,,,,,,0,0,,0.0,,
TRAIN,5hcafebs,100,0,1,10,1080,1920,1,1.3213420162451948e-29,-6.90625,0.0010005044750869274,0,0,0.0,806,0.0,,,,,,0,0,,0.0,,
TRAIN,5hcafebs,100,1,2,10,1080,1920,1,3.5695955961250784e-29,-7.46875,0.000570315751247108,0,0,0.0,964,0.0,,,,,,0,0,,0.0,,
TRAIN,5hcafebs,100,2,3,10,1080,1920,1,7.113753267956038e-23,-6.5625,0.0014103584690019488,0,0,0.0,417,0.0,,,,,,0,0,,0.0,,
TRAIN,5hcafebs,100,3,4,10,1080,1920,1,1.6432439176733427e-19,-4.28125,0.013636835850775242,0,0,0.0,488,0.0,,,,,,0,0,,0.0,,
TRAIN,5hcafebs,100,4,5,10,1080,1920,1,3.975119405215255e-31,-7.40625,0.0006070755189284682,0,0,0.0,1811,0.0,,,,,,0,0,,0.0,,
TRAIN,5hcafebs,100,5,6,10,1080,1920,1,7.987216665362745e-30,-5.5,0.00407013762742281,0,0,0.0,939,0.0,,,,,,0,0,,0.0,,
TRAIN,5hcafebs,100,6,7,10,1080,1920,1,1.3322676295501878e-15,-1.1875,0.23370636999607086,0,0,0.0,802,0.0,,,,,,0,0,,0.0,,
TRAIN,5hcafebs,100,7,8,10,1080,1920,1,3.314018249511719e-05,-0.66015625,0.3407045006752014,0,0,0.0,2066,0.0,,,,,,0,0,,0.0,,
TRAIN,5hcafebs,100,8,9,10,1080,1920,1,5.585135208964764e-28,-5.28125,0.005060331895947456,0,0,0.0,1034,0.0,,,,,,0,0,,0.0,,
TRAIN,5hcafebs,100,9,10,10,1080,1920,1,3.5695955961250784e-29,-6.0625,0.002323162741959095,0,0,0.0,2459,0.0,,,,,,0,0,,0.0,,
TRAIN,5hcafebs,101,0,1,10,1080,1920,1,3.975119405215255e-31,-7.40625,0.0006070755189284682,0,0,0.0,806,0.0,,,,,,0,0,,0.0,,
TRAIN,5hcafebs,101,1,2,10,1080,1920,1,2.1693674893577825e-29,-7.53125,0.0005357805639505386,0,0,0.0,964,0.0,,,,,,0,0,,0.0,,
TRAIN,5hcafebs,101,2,3,10,1080,1920,1,1.6672859221771964e-24,-6.78125,0.0011335690505802631,0,0,0.0,417,0.0,,,,,,0,0,,0.0,,
TRAIN,5hcafebs,101,3,4,10,1080,1920,1,4.9763185651190145e-21,-4.0625,0.016914913430809975,0,0,0.0,488,0.0,,,,,,0,0,,0.0,,
TRAIN,5hcafebs,101,4,5,10,1080,1920,1,1.787262988391355e-30,-7.4375,0.0005884087877348065,0,0,0.0,1811,0.0,,,,,,0,0,,0.0,,
TRAIN,5hcafebs,101,5,6,10,1080,1920,1,6.5635692504717e-31,-5.96875,0.0025509123224765062,0,0,0.0,939,0.0,,,,,,0,0,,0.0,,
TRAIN,5hcafebs,101,6,7,10,1080,1920,1,4.0332320816460765e-17,-1.2890625,0.21601155400276184,0,0,0.0,802,0.0,,,,,,0,0,,0.0,,
TRAIN,5hcafebs,101,7,8,10,1080,1920,1,8.754432201385498e-08,-1.109375,0.24798744916915894,0,0,0.0,2066,0.0,,,,,,0,0,,0.0,,
TRAIN,5hcafebs,101,8,9,10,1080,1920,1,4.13994203059987e-27,-4.65625,0.009412589482963085,0,0,0.0,1034,0.0,,,,,,0,0,,0.0,,
TRAIN,5hcafebs,101,9,10,10,1080,1920,1,1.3213420162451948e-29,-5.78125,0.0030753696337342262,0,0,0.0,2459,0.0,,,,,,0,0,,0.0,,
TRAIN,5hcafebs,102,0,1,10,1080,1920,1,3.5695955961250784e-29,-6.8125,0.001098731067031622,0,0,0.0,806,0.0,,,,,,0,0,,0.0,,
TRAIN,5hcafebs,102,1,2,10,1080,1920,1,3.5695955961250784e-29,-7.03125,0.0008830457809381187,0,0,0.0,964,0.0,,,,,,0,0,,0.0,,
TRAIN,5hcafebs,102,2,3,10,1080,1920,1,7.884065213396045e-25,-7.09375,0.0008295892039313912,0,0,0.0,417,0.0,,,,,,0,0,,0.0,,
TRAIN,5hcafebs,102,3,4,10,1080,1920,1,4.52364397489937e-24,-4.875,0.007577241398394108,0,0,0.0,488,0.0,,,,,,0,0,,0.0,,
TRAIN,5hcafebs,102,4,5,10,1080,1920,1,1.078520768856852e-30,-6.84375,0.0010649627074599266,0,0,0.0,1811,0.0,,,,,,0,0,,0.0,,
TRAIN,5hcafebs,102,5,6,10,1080,1920,1,3.5695955961250784e-29,-5.1875,0.005554925184696913,0,0,0.0,939,0.0,,,,,,0,0,,0.0,,
TRAIN,5hcafebs,102,6,7,10,1080,1920,1,2.1175823681357508e-19,-1.4765625,0.18594719469547272,0,0,0.0,802,0.0,,,,,,0,0,,0.0,,
TRAIN,5hcafebs,102,7,8,10,1080,1920,1,6.693881005048752e-10,-1.28125,0.21733753383159637,0,0,0.0,2066,0.0,,,,,,0,0,,0.0,,
TRAIN,5hcafebs,102,8,9,10,1080,1920,1,7.194411455615628e-28,-4.96875,0.006903838831931353,0,0,0.0,1034,0.0,,,,,,0,0,,0.0,,
TRAIN,5hcafebs,102,9,10,10,1080,1920,1,2.9335764912906377e-30,-6.375,0.0017007222631946206,0,0,0.0,2459,0.0,,,,,,0,0,,0.0,,
TRAIN,5hcafebs,103,0,1,10,1080,1920,1,1.787262988391355e-30,-6.96875,0.0009399438858963549,0,0,0.0,806,0.0,,,,,,0,0,,0.0,,
TRAIN,5hcafebs,103,1,2,10,1080,1920,1,7.987216665362745e-30,-7.25,0.0007096704212017357,0,0,0.0,964,0.0,,,,,,0,0,,0.0,,
TRAIN,5hcafebs,103,2,3,10,1080,1920,1,2.261821987449685e-25,-7.03125,0.0008830457809381187,0,0,0.0,417,0.0,,,,,,0,0,,0.0,,
TRAIN,5hcafebs,103,3,4,10,1080,1920,1,1.3732490638087374e-25,-5.1875,0.005554925184696913,0,0,0.0,488,0.0,,,,,,0,0,,0.0,,
TRAIN,5hcafebs,103,4,5,10,1080,1920,1,3.975119405215255e-31,-7.0625,0.0008559006964787841,0,0,0.0,1811,0.0,,,,,,0,0,,0.0,,
TRAIN,5hcafebs,103,5,6,10,1080,1920,1,1.787262988391355e-30,-5.71875,0.003273064736276865,0,0,0.0,939,0.0,,,,,,0,0,,0.0,,
TRAIN,5hcafebs,103,6,7,10,1080,1920,1,1.2304311611726287e-23,-2.078125,0.11124119907617569,0,0,0.0,802,0.0,,,,,,0,0,,0.0,,
TRAIN,5hcafebs,103,7,8,10,1080,1920,1,7.66053886991358e-15,-1.8203125,0.13939638435840607,0,0,0.0,2066,0.0,,,,,,0,0,,0.0,,
TRAIN,5hcafebs,103,8,9,10,1080,1920,1,4.831773044478697e-30,-5.53125,0.0039454069919884205,0,0,0.0,1034,0.0,,,,,,0,0,,0.0,,
TRAIN,5hcafebs,103,9,10,10,1080,1920,1,1.3213420162451948e-29,-6.15625,0.002115703420713544,0,0,0.0,2459,0.0,,,,,,0,0,,0.0,,
TRAIN,5hcafebs,104,0,1,10,1080,1920,1,2.1693674893577825e-29,-6.65625,0.0012843081494793296,0,0,0.0,806,0.0,,,,,,0,0,,0.0,,
TRAIN,5hcafebs,104,1,2,10,1080,1920,1,3.5695955961250784e-29,-7.5625,0.0005193048855289817,0,0,0.0,964,0.0,,,,,,0,0,,0.0,,
TRAIN,5hcafebs,104,2,3,10,1080,1920,1,1.5054687148465104e-22,-6.78125,0.0011335690505802631,0,0,0.0,417,0.0,,,,,,0,0,,0.0,,
TRAIN,5hcafebs,104,3,4,10,1080,1920,1,1.9273308272485545e-22,-4.875,0.007577241398394108,0,0,0.0,488,0.0,,,,,,0,0,,0.0,,
TRAIN,5hcafebs,104,4,5,10,1080,1920,1,6.5635692504717e-31,-7.125,0.0008040859247557819,0,0,0.0,1811,0.0,,,,,,0,0,,0.0,,
TRAIN,5hcafebs,104,5,6,10,1080,1920,1,2.1693674893577825e-29,-5.53125,0.0039454069919884205,0,0,0.0,939,0.0,,,,,,0,0,,0.0,,
TRAIN,5hcafebs,104,6,7,10,1080,1920,1,5.995204332975845e-15,-1.1796875,0.2351083904504776,0,0,0.0,802,0.0,,,,,,0,0,,0.0,,
TRAIN,5hcafebs,104,7,8,10,1080,1920,1,6.927791673660977e-13,-1.6640625,0.15921740233898163,0,0,0.0,2066,0.0,,,,,,0,0,,0.0,,
TRAIN,5hcafebs,104,8,9,10,1080,1920,1,1.601387637598654e-28,-5.59375,0.0037072531413286924,0,0,0.0,1034,0.0,,,,,,0,0,,0.0,,
TRAIN,5hcafebs,104,9,10,10,1080,1920,1,2.1693674893577825e-29,-6.4375,0.001597845577634871,0,0,0.0,2459,0.0,,,,,,0,0,,0.0,,
TRAIN,5hcafebs,105,0,1,10,1080,1920,1,5.301145283085199e-27,-5.65625,0.0034834241960197687,0,0,0.0,806,0.0,,,,,,0,0,,0.0,,
TRAIN,5hcafebs,105,1,2,10,1080,1920,1,4.354512196819985e-28,-6.9375,0.0009697519708424807,0,0,0.0,964,0.0,,,,,,0,0,,0.0,,
TRAIN,5hcafebs,105,2,3,10,1080,1920,1,4.0862722260119567e-22,-6.21875,0.001987774157896638,0,0,0.0,417,0.0,,,,,,0,0,,0.0,,
TRAIN,5hcafebs,105,3,4,10,1080,1920,1,6.3792168840089494e-21,-4.375,0.012431650422513485,0,0,0.0,488,0.0,,,,,,0,0,,0.0,,
TRAIN,5hcafebs,105,4,5,10,1080,1920,1,4.831773044478697e-30,-6.46875,0.0015487611526623368,0,0,0.0,1811,0.0,,,,,,0,0,,0.0,,
TRAIN,5hcafebs,105,5,6,10,1080,1920,1,9.742432179479496e-29,-5.1875,0.005554925184696913,0,0,0.0,939,0.0,,,,,,0,0,,0.0,,
TRAIN,5hcafebs,105,6,7,10,1080,1920,1,1.8041124150158794e-16,-1.2109375,0.22953522205352783,0,0,0.0,802,0.0,,,,,,0,0,,0.0,,
TRAIN,5hcafebs,105,7,8,10,1080,1920,1,5.400124791776761e-13,-1.7421875,0.1490352898836136,0,0,0.0,2066,0.0,,,,,,0,0,,0.0,,
TRAIN,5hcafebs,105,8,9,10,1080,1920,1,5.916456789157589e-29,-5.375,0.004609572235494852,0,0,0.0,1034,0.0,,,,,,0,0,,0.0,,
TRAIN,5hcafebs,105,9,10,10,1080,1920,1,2.9335764912906377e-30,-6.90625,0.0010005044750869274,0,0,0.0,2459,0.0,,,,,,0,0,,0.0,,
TRAIN,5hcafebs,106,0,1,10,1080,1920,1,1.9563750449481093e-27,-6.3125,0.0018102108733728528,0,0,0.0,806,0.0,,,,,,0,0,,0.0,,
TRAIN,5hcafebs,106,1,2,10,1080,1920,1,3.5695955961250784e-29,-6.90625,0.0010005044750869274,0,0,0.0,964,0.0,,,,,,0,0,,0.0,,
TRAIN,5hcafebs,106,2,3,10,1080,1920,1,4.9763185651190145e-21,-6.03125,0.0023967307060956955,0,0,0.0,417,0.0,,,,,,0,0,,0.0,,
TRAIN,5hcafebs,106,3,4,10,1080,1920,1,2.481541837659083e-22,-4.3125,0.013222821988165379,0,0,0.0,488,0.0,,,,,,0,0,,0.0,,
TRAIN,5hcafebs,106,4,5,10,1080,1920,1,2.9335764912906377e-30,-7.40625,0.0006070755189284682,0,0,0.0,1811,0.0,,,,,,0,0,,0.0,,
TRAIN,5hcafebs,106,5,6,10,1080,1920,1,7.987216665362745e-30,-6.03125,0.0023967307060956955,0,0,0.0,939,0.0,,,,,,0,0,,0.0,,
TRAIN,5hcafebs,106,6,7,10,1080,1920,1,7.386127300057499e-19,-1.2890625,0.21601155400276184,0,0,0.0,802,0.0,,,,,,0,0,,0.0,,
TRAIN,5hcafebs,106,7,8,10,1080,1920,1,2.066371962428093e-09,-1.21875,0.22815649211406708,0,0,0.0,2066,0.0,,,,,,0,0,,0.0,,
TRAIN,5hcafebs,106,8,9,10,1080,1920,1,9.742432179479496e-29,-6.375,0.0017007222631946206,0,0,0.0,1034,0.0,,,,,,0,0,,0.0,,
TRAIN,5hcafebs,106,9,10,10,1080,1920,1,7.987216665362745e-30,-7.0,0.0009110511746257544,0,0,0.0,2459,0.0,,,,,,0,0,,0.0,,
TRAIN,5hcafebs,107,0,1,10,1080,1920,1,5.916456789157589e-29,-6.75,0.0011695103021338582,0,0,0.0,806,0.0,,,,,,0,0,,0.0,,
TRAIN,5hcafebs,107,1,2,10,1080,1920,1,1.3213420162451948e-29,-7.4375,0.0005884087877348065,0,0,0.0,964,0.0,,,,,,0,0,,0.0,,
TRAIN,5hcafebs,107,2,3,10,1080,1920,1,1.6672859221771964e-24,-6.96875,0.0009399438858963549,0,0,0.0,417,0.0,,,,,,0,0,,0.0,,
TRAIN,5hcafebs,107,3,4,10,1080,1920,1,3.54136699749265e-24,-4.90625,0.007345826830714941,0,0,0.0,488,0.0,,,,,,0,0,,0.0,,
TRAIN,5hcafebs,107,4,5,10,1080,1920,1,1.4637067577342992e-31,-7.0625,0.0008559006964787841,0,0,0.0,1811,0.0,,,,,,0,0,,0.0,,
TRAIN,5hcafebs,107,5,6,10,1080,1920,1,1.078520768856852e-30,-5.375,0.004609572235494852,0,0,0.0,939,0.0,,,,,,0,0,,0.0,,
TRAIN,5hcafebs,107,6,7,10,1080,1920,1,2.234049398383217e-20,-1.78125,0.14414885640144348,0,0,0.0,802,0.0,,,,,,0,0,,0.0,,
TRAIN,5hcafebs,107,7,8,10,1080,1920,1,1.0613732115416497e-13,-1.765625,0.14608724415302277,0,0,0.0,2066,0.0,,,,,,0,0,,0.0,,
TRAIN,5hcafebs,107,8,9,10,1080,1920,1,4.831773044478697e-30,-6.125,0.002182716503739357,0,0,0.0,1034,0.0,,,,,,0,0,,0.0,,
TRAIN,5hcafebs,107,9,10,10,1080,1920,1,1.787262988391355e-30,-6.96875,0.0009399438858963549,0,0,0.0,2459,0.0,,,,,,0,0,,0.0,,
TRAIN,5hcafebs,108,0,1,10,1080,1920,1,4.831773044478697e-30,-6.6875,0.0012448433553799987,0,0,0.0,806,0.0,,,,,,0,0,,0.0,,
TRAIN,5hcafebs,108,1,2,10,1080,1920,1,2.9335764912906377e-30,-7.125,0.0008040859247557819,0,0,0.0,964,0.0,,,,,,0,0,,0.0,,
TRAIN,5hcafebs,108,2,3,10,1080,1920,1,4.301339185275744e-23,-6.28125,0.0018675660248845816,0,0,0.0,417,0.0,,,,,,0,0,,0.0,,
TRAIN,5hcafebs,108,3,4,10,1080,1920,1,4.301339185275744e-23,-4.625,0.009708477184176445,0,0,0.0,488,0.0,,,,,,0,0,,0.0,,
TRAIN,5hcafebs,108,4,5,10,1080,1920,1,6.5635692504717e-31,-7.09375,0.0008295892039313912,0,0,0.0,1811,0.0,,,,,,0,0,,0.0,,
TRAIN,5hcafebs,108,5,6,10,1080,1920,1,1.787262988391355e-30,-5.75,0.003172682598233223,0,0,0.0,939,0.0,,,,,,0,0,,0.0,,
TRAIN,5hcafebs,108,6,7,10,1080,1920,1,3.635980405647388e-15,-1.0078125,0.26740819215774536,0,0,0.0,802,0.0,,,,,,0,0,,0.0,,
TRAIN,5hcafebs,108,7,8,10,1080,1920,1,2.066371962428093e-09,-1.0,0.2689414322376251,0,0,0.0,2066,0.0,,,,,,0,0,,0.0,,
TRAIN,5hcafebs,108,8,9,10,1080,1920,1,5.585135208964764e-28,-6.21875,0.001987774157896638,0,0,0.0,1034,0.0,,,,,,0,0,,0.0,,
TRAIN,5hcafebs,108,9,10,10,1080,1920,1,2.9335764912906377e-30,-6.71875,0.0012065897462889552,0,0,0.0,2459,0.0,,,,,,0,0,,0.0,,
TRAIN,5hcafebs,109,0,1,10,1080,1920,1,1.787262988391355e-30,-7.3125,0.0006667023408226669,0,0,0.0,806,0.0,,,,,,0,0,,0.0,,
TRAIN,5hcafebs,109,1,2,10,1080,1920,1,4.831773044478697e-30,-7.21875,0.0007321811863221228,0,0,0.0,964,0.0,,,,,,0,0,,0.0,,
TRAIN,5hcafebs,109,2,3,10,1080,1920,1,2.261821987449685e-25,-6.40625,0.0016484829830005765,0,0,0.0,417,0.0,,,,,,0,0,,0.0,,
TRAIN,5hcafebs,109,3,4,10,1080,1920,1,7.113753267956038e-23,-4.46875,0.011331753805279732,0,0,0.0,488,0.0,,,,,,0,0,,0.0,,
TRAIN,5hcafebs,109,4,5,10,1080,1920,1,2.9335764912906377e-30,-6.84375,0.0010649627074599266,0,0,0.0,1811,0.0,,,,,,0,0,,0.0,,
TRAIN,5hcafebs,109,5,6,10,1080,1920,1,7.987216665362745e-30,-5.4375,0.004331501666456461,0,0,0.0,939,0.0,,,,,,0,0,,0.0,,
TRAIN,5hcafebs,109,6,7,10,1080,1920,1,2.710505431213761e-19,-1.515625,0.18010666966438293,0,0,0.0,802,0.0,,,,,,0,0,,0.0,,
TRAIN,5hcafebs,109,7,8,10,1080,1920,1,9.255018085241318e-09,-0.90625,0.28776782751083374,0,0,0.0,2066,0.0,,,,,,0,0,,0.0,,
TRAIN,5hcafebs,109,8,9,10,1080,1920,1,9.742432179479496e-29,-6.15625,0.002115703420713544,0,0,0.0,1034,0.0,,,,,,0,0,,0.0,,
TRAIN,5hcafebs,109,9,10,10,1080,1920,1,2.9335764912906377e-30,-6.65625,0.0012843081494793296,0,0,0.0,2459,0.0,,,,,,0,0,,0.0,,
TRAIN,5hcafebs,110,0,1,10,1080,1920,1,4.831773044478697e-30,-7.0,0.0009110511746257544,0,0,0.0,806,0.0,,,,,,0,0,,0.0,,
TRAIN,5hcafebs,110,1,2,10,1080,1920,1,1.3213420162451948e-29,-7.0625,0.0008559006964787841,0,0,0.0,964,0.0,,,,,,0,0,,0.0,,
TRAIN,5hcafebs,110,2,3,10,1080,1920,1,3.218552493301728e-27,-7.0,0.0009110511746257544,0,0,0.0,417,0.0,,,,,,0,0,,0.0,,
TRAIN,5hcafebs,110,3,4,10,1080,1920,1,3.5695955961250784e-29,-5.75,0.003172682598233223,0,0,0.0,488,0.0,,,,,,0,0,,0.0,,
TRAIN,5hcafebs,110,4,5,10,1080,1920,1,8.859277744181285e-32,-6.5625,0.0014103584690019488,0,0,0.0,1811,0.0,,,,,,0,0,,0.0,,
TRAIN,5hcafebs,110,5,6,10,1080,1920,1,7.987216665362745e-30,-4.96875,0.006903838831931353,0,0,0.0,939,0.0,,,,,,0,0,,0.0,,
TRAIN,5hcafebs,110,6,7,10,1080,1920,1,1.2656542480726785e-14,-1.0234375,0.26435837149620056,0,0,0.0,802,0.0,,,,,,0,0,,0.0,,
TRAIN,5hcafebs,110,7,8,10,1080,1920,1,3.635980405647388e-15,-1.8046875,0.14128141105175018,0,0,0.0,2066,0.0,,,,,,0,0,,0.0,,
TRAIN,5hcafebs,110,8,9,10,1080,1920,1,9.742432179479496e-29,-5.59375,0.0037072531413286924,0,0,0.0,1034,0.0,,,,,,0,0,,0.0,,
TRAIN,5hcafebs,110,9,10,10,1080,1920,1,1.1864468014524018e-27,-4.8125,0.008061991073191166,0,0,0.0,2459,0.0,,,,,,0,0,,0.0,,
TRAIN,5hcafebs,111,0,1,10,1080,1920,1,2.9335764912906377e-30,-7.375,0.000626334105618298,0,0,0.0,806,0.0,,,,,,0,0,,0.0,,
TRAIN,5hcafebs,111,1,2,10,1080,1920,1,1.787262988391355e-30,-7.21875,0.0007321811863221228,0,0,0.0,964,0.0,,,,,,0,0,,0.0,,
TRAIN,5hcafebs,111,2,3,10,1080,1920,1,1.0662875083691372e-25,-6.78125,0.0011335690505802631,0,0,0.0,417,0.0,,,,,,0,0,,0.0,,
TRAIN,5hcafebs,111,3,4,10,1080,1920,1,5.301145283085199e-27,-5.3125,0.004905405919998884,0,0,0.0,488,0.0,,,,,,0,0,,0.0,,
TRAIN,5hcafebs,111,4,5,10,1080,1920,1,2.4035605705952703e-31,-6.71875,0.0012065897462889552,0,0,0.0,1811,0.0,,,,,,0,0,,0.0,,
TRAIN,5hcafebs,111,5,6,10,1080,1920,1,1.601387637598654e-28,-4.21875,0.014503579586744308,0,0,0.0,939,0.0,,,,,,0,0,,0.0,,
TRAIN,5hcafebs,111,6,7,10,1080,1920,1,2.3245294578089215e-16,-1.15625,0.23934932053089142,0,0,0.0,802,0.0,,,,,,0,0,,0.0,,
TRAIN,5hcafebs,111,7,8,10,1080,1920,1,1.545430450278218e-13,-1.390625,0.19930799305438995,0,0,0.0,2066,0.0,,,,,,0,0,,0.0,,
TRAIN,5hcafebs,111,8,9,10,1080,1920,1,3.5695955961250784e-29,-5.9375,0.0026316740550100803,0,0,0.0,1034,0.0,,,,,,0,0,,0.0,,
TRAIN,5hcafebs,111,9,10,10,1080,1920,1,3.715850407953054e-25,-3.453125,0.030675802379846573,0,0,0.0,2459,0.0,,,,,,0,0,,0.0,,
TRAIN,5hcafebs,112,0,1,10,1080,1920,1,1.078520768856852e-30,-7.5625,0.0005193048855289817,0,0,0.0,806,0.0,,,,,,0,0,,0.0,,
TRAIN,5hcafebs,112,1,2,10,1080,1920,1,7.987216665362745e-30,-7.03125,0.0008830457809381187,0,0,0.0,964,0.0,,,,,,0,0,,0.0,,
TRAIN,5hcafebs,112,2,3,10,1080,1920,1,2.7529604761530452e-24,-6.46875,0.0015487611526623368,0,0,0.0,417,0.0,,,,,,0,0,,0.0,,
TRAIN,5hcafebs,112,3,4,10,1080,1920,1,1.5819829215076654e-23,-4.6875,0.009125636890530586,0,0,0.0,488,0.0,,,,,,0,0,,0.0,,
TRAIN,5hcafebs,112,4,5,10,1080,1920,1,3.975119405215255e-31,-6.90625,0.0010005044750869274,0,0,0.0,1811,0.0,,,,,,0,0,,0.0,,
TRAIN,5hcafebs,112,5,6,10,1080,1920,1,7.987216665362745e-30,-4.875,0.007577241398394108,0,0,0.0,939,0.0,,,,,,0,0,,0.0,,
TRAIN,5hcafebs,112,6,7,10,1080,1920,1,2.234049398383217e-20,-1.65625,0.16026602685451508,0,0,0.0,802,0.0,,,,,,0,0,,0.0,,
TRAIN,5hcafebs,112,7,8,10,1080,1920,1,5.400124791776761e-13,-1.5078125,0.18126320838928223,0,0,0.0,2066,0.0,,,,,,0,0,,0.0,,
TRAIN,5hcafebs,112,8,9,10,1080,1920,1,5.916456789157589e-29,-5.96875,0.0025509123224765062,0,0,0.0,1034,0.0,,,,,,0,0,,0.0,,
TRAIN,5hcafebs,112,9,10,10,1080,1920,1,4.9763185651190145e-21,-2.921875,0.05108273774385452,0,0,0.0,2459,0.0,,,,,,0,0,,0.0,,
TRAIN,5hcafebs,113,0,1,10,1080,1920,1,1.078520768856852e-30,-7.40625,0.0006070755189284682,0,0,0.0,806,0.0,,,,,,0,0,,0.0,,
TRAIN,5hcafebs,113,1,2,10,1080,1920,1,4.831773044478697e-30,-7.5,0.000552778656128794,0,0,0.0,964,0.0,,,,,,0,0,,0.0,,
TRAIN,5hcafebs,113,2,3,10,1080,1920,1,4.52364397489937e-24,-6.75,0.0011695103021338582,0,0,0.0,417,0.0,,,,,,0,0,,0.0,,
TRAIN,5hcafebs,113,3,4,10,1080,1920,1,7.113753267956038e-23,-4.9375,0.00712142838165164,0,0,0.0,488,0.0,,,,,,0,0,,0.0,,
TRAIN,5hcafebs,113,4,5,10,1080,1920,1,3.975119405215255e-31,-7.15625,0.0007793660624884069,0,0,0.0,1811,0.0,,,,,,0,0,,0.0,,
TRAIN,5hcafebs,113,5,6,10,1080,1920,1,7.987216665362745e-30,-4.875,0.007577241398394108,0,0,0.0,939,0.0,,,,,,0,0,,0.0,,
TRAIN,5hcafebs,113,6,7,10,1080,1920,1,1.9081958235744878e-17,-1.40625,0.19682618975639343,0,0,0.0,802,0.0,,,,,,0,0,,0.0,,
TRAIN,5hcafebs,113,7,8,10,1080,1920,1,1.1368683772161603e-12,-1.4375,0.1919327825307846,0,0,0.0,2066,0.0,,,,,,0,0,,0.0,,
TRAIN,5hcafebs,113,8,9,10,1080,1920,1,2.1693674893577825e-29,-6.5625,0.0014103584690019488,0,0,0.0,1034,0.0,,,,,,0,0,,0.0,,
TRAIN,5hcafebs,113,9,10,10,1080,1920,1,2.234049398383217e-20,-2.84375,0.055005285888910294,0,0,0.0,2459,0.0,,,,,,0,0,,0.0,,
TRAIN,5hcafebs,114,0,1,10,1080,1920,1,1.078520768856852e-30,-7.6875,0.000458312890259549,0,0,0.0,806,0.0,,,,,,0,0,,0.0,,
TRAIN,5hcafebs,114,1,2,10,1080,1920,1,2.1693674893577825e-29,-7.5,0.000552778656128794,0,0,0.0,964,0.0,,,,,,0,0,,0.0,,
TRAIN,5hcafebs,114,2,3,10,1080,1920,1,5.0487097934144756e-26,-6.84375,0.0010649627074599266,0,0,0.0,417,0.0,,,,,,0,0,,0.0,,
TRAIN,5hcafebs,114,3,4,10,1080,1920,1,2.481541837659083e-22,-4.4375,0.011687257327139378,0,0,0.0,488,0.0,,,,,,0,0,,0.0,,
TRAIN,5hcafebs,114,4,5,10,1080,1920,1,3.975119405215255e-31,-7.5625,0.0005193048855289817,0,0,0.0,1811,0.0,,,,,,0,0,,0.0,,
TRAIN,5hcafebs,114,5,6,10,1080,1920,1,7.987216665362745e-30,-5.65625,0.0034834241960197687,0,0,0.0,939,0.0,,,,,,0,0,,0.0,,
TRAIN,5hcafebs,114,6,7,10,1080,1920,1,1.4051260155412137e-16,-1.2890625,0.21601155400276184,0,0,0.0,802,0.0,,,,,,0,0,,0.0,,
TRAIN,5hcafebs,114,7,8,10,1080,1920,1,1.7848833522293717e-11,-1.328125,0.20946967601776123,0,0,0.0,2066,0.0,,,,,,0,0,,0.0,,
TRAIN,5hcafebs,114,8,9,10,1080,1920,1,5.916456789157589e-29,-6.46875,0.0015487611526623368,0,0,0.0,1034,0.0,,,,,,0,0,,0.0,,
TRAIN,5hcafebs,114,9,10,10,1080,1920,1,9.615974620928947e-24,-3.28125,0.03622005507349968,0,0,0.0,2459,0.0,,,,,,0,0,,0.0,,
TRAIN,5hcafebs,115,0,1,10,1080,1920,1,2.4035605705952703e-31,-7.65625,0.0004728544445242733,0,0,0.0,806,0.0,,,,,,0,0,,0.0,,
TRAIN,5hcafebs,115,1,2,10,1080,1920,1,7.987216665362745e-30,-7.78125,0.00041731575038284063,0,0,0.0,964,0.0,,,,,,0,0,,0.0,,
TRAIN,5hcafebs,115,2,3,10,1080,1920,1,3.917798799689633e-26,-7.1875,0.0007554056355729699,0,0,0.0,417,0.0,,,,,,0,0,,0.0,,
TRAIN,5hcafebs,115,3,4,10,1080,1920,1,6.716706573930585e-22,-4.5,0.010986941866576672,0,0,0.0,488,0.0,,,,,,0,0,,0.0,,
TRAIN,5hcafebs,115,4,5,10,1080,1920,1,1.1988913903810543e-32,-6.875,0.0010322310263291001,0,0,0.0,1811,0.0,,,,,,0,0,,0.0,,
TRAIN,5hcafebs,115,5,6,10,1080,1920,1,2.1693674893577825e-29,-5.625,0.0035936026833951473,0,0,0.0,939,0.0,,,,,,0,0,,0.0,,
TRAIN,5hcafebs,115,6,7,10,1080,1920,1,2.5920599000528455e-11,-1.0078125,0.26740819215774536,0,0,0.0,802,0.0,,,,,,0,0,,0.0,,
TRAIN,5hcafebs,115,7,8,10,1080,1920,1,2.1047890186309814e-07,-0.76171875,0.3182732164859772,0,0,0.0,2066,0.0,,,,,,0,0,,0.0,,
TRAIN,5hcafebs,115,8,9,10,1080,1920,1,5.916456789157589e-29,-6.28125,0.0018675660248845816,0,0,0.0,1034,0.0,,,,,,0,0,,0.0,,
TRAIN,5hcafebs,115,9,10,10,1080,1920,1,1.857925203976527e-26,-4.25,0.014063628390431404,0,0,0.0,2459,0.0,,,,,,0,0,,0.0,,
TRAIN,5hcafebs,116,0,1,10,1080,1920,1,1.3213420162451948e-29,-7.1875,0.0007554056355729699,0,0,0.0,806,0.0,,,,,,0,0,,0.0,,
TRAIN,5hcafebs,116,1,2,10,1080,1920,1,5.916456789157589e-29,-6.90625,0.0010005044750869274,0,0,0.0,964,0.0,,,,,,0,0,,0.0,,
TRAIN,5hcafebs,116,2,3,10,1080,1920,1,1.1864468014524018e-27,-7.1875,0.0007554056355729699,0,0,0.0,417,0.0,,,,,,0,0,,0.0,,
TRAIN,5hcafebs,116,3,4,10,1080,1920,1,2.1454997138094155e-24,-5.1875,0.005554925184696913,0,0,0.0,488,0.0,,,,,,0,0,,0.0,,
TRAIN,5hcafebs,116,4,5,10,1080,1920,1,2.4035605705952703e-31,-6.28125,0.0018675660248845816,0,0,0.0,1811,0.0,,,,,,0,0,,0.0,,
TRAIN,5hcafebs,116,5,6,10,1080,1920,1,8.734267942607043e-27,-4.625,0.009708477184176445,0,0,0.0,939,0.0,,,,,,0,0,,0.0,,
TRAIN,5hcafebs,116,6,7,10,1080,1920,1,2.831068712794149e-15,-1.140625,0.2422056347131729,0,0,0.0,802,0.0,,,,,,0,0,,0.0,,
TRAIN,5hcafebs,116,7,8,10,1080,1920,1,2.9976945370435715e-09,-1.0546875,0.2583259642124176,0,0,0.0,2066,0.0,,,,,,0,0,,0.0,,
TRAIN,5hcafebs,116,8,9,10,1080,1920,1,4.354512196819985e-28,-5.875,0.0028009270317852497,0,0,0.0,1034,0.0,,,,,,0,0,,0.0,,
TRAIN,5hcafebs,116,9,10,10,1080,1920,1,4.13994203059987e-27,-4.375,0.012431650422513485,0,0,0.0,2459,0.0,,,,,,0,0,,0.0,,
TRAIN,5hcafebs,117,0,1,10,1080,1920,1,7.987216665362745e-30,-7.53125,0.0005357805639505386,0,0,0.0,806,0.0,,,,,,0,0,,0.0,,
TRAIN,5hcafebs,117,1,2,10,1080,1920,1,2.1693674893577825e-29,-7.5,0.000552778656128794,0,0,0.0,964,0.0,,,,,,0,0,,0.0,,
TRAIN,5hcafebs,117,2,3,10,1080,1920,1,4.52364397489937e-24,-6.40625,0.0016484829830005765,0,0,0.0,417,0.0,,,,,,0,0,,0.0,,
TRAIN,5hcafebs,117,3,4,10,1080,1920,1,9.994988777600744e-20,-4.1875,0.014957086183130741,0,0,0.0,488,0.0,,,,,,0,0,,0.0,,
TRAIN,5hcafebs,117,4,5,10,1080,1920,1,3.975119405215255e-31,-6.90625,0.0010005044750869274,0,0,0.0,1811,0.0,,,,,,0,0,,0.0,,
TRAIN,5hcafebs,117,5,6,10,1080,1920,1,3.218552493301728e-27,-4.28125,0.013636835850775242,0,0,0.0,939,0.0,,,,,,0,0,,0.0,,
TRAIN,5hcafebs,117,6,7,10,1080,1920,1,2.1316282072803006e-12,-0.96484375,0.2759094536304474,0,0,0.0,802,0.0,,,,,,0,0,,0.0,,
TRAIN,5hcafebs,117,7,8,10,1080,1920,1,1.2069940567016602e-06,-0.6953125,0.332852303981781,0,0,0.0,2066,0.0,,,,,,0,0,,0.0,,
TRAIN,5hcafebs,117,8,9,10,1080,1920,1,9.213895372981418e-28,-6.09375,0.002251847181469202,0,0,0.0,1034,0.0,,,,,,0,0,,0.0,,
TRAIN,5hcafebs,117,9,10,10,1080,1920,1,7.194411455615628e-28,-4.96875,0.006903838831931353,0,0,0.0,2459,0.0,,,,,,0,0,,0.0,,
TRAIN,5hcafebs,118,0,1,10,1080,1920,1,2.4035605705952703e-31,-7.96875,0.00034599160426296294,0,0,0.0,806,0.0,,,,,,0,0,,0.0,,
TRAIN,5hcafebs,118,1,2,10,1080,1920,1,2.9335764912906377e-30,-7.65625,0.0004728544445242733,0,0,0.0,964,0.0,,,,,,0,0,,0.0,,
TRAIN,5hcafebs,118,2,3,10,1080,1920,1,1.2304311611726287e-23,-6.34375,0.0017546144081279635,0,0,0.0,417,0.0,,,,,,0,0,,0.0,,
TRAIN,5hcafebs,118,3,4,10,1080,1920,1,5.227781471335135e-22,-4.75,0.008577484637498856,0,0,0.0,488,0.0,,,,,,0,0,,0.0,,
TRAIN,5hcafebs,118,4,5,10,1080,1920,1,3.975119405215255e-31,-6.9375,0.0009697519708424807,0,0,0.0,1811,0.0,,,,,,0,0,,0.0,,
TRAIN,5hcafebs,118,5,6,10,1080,1920,1,3.917798799689633e-26,-3.96875,0.018546566367149353,0,0,0.0,939,0.0,,,,,,0,0,,0.0,,
TRAIN,5hcafebs,118,6,7,10,1080,1920,1,0.33984375,0.034423828125,0.5086051225662231,1,739,0.0003563850308641975,802,0.9214463840399002,0.0,446.1326116373478,761.3328822733423,,,0,0,0.0,0.0,1,0.2219991385936737
TRAIN,5hcafebs,118,7,8,10,1080,1920,1,0.0113525390625,0.171875,0.5428633093833923,1,6,2.8935185185185184e-06,2066,0.002904162633107454,0.0,963.6666666666666,746.3333333333334,,,0,0,0.0,0.0,1,0.19572299718856812
TRAIN,5hcafebs,118,8,9,10,1080,1920,1,2.066815571679051e-28,-6.0625,0.002323162741959095,0,0,0.0,1034,0.0,,,,,,0,0,,0.0,,
TRAIN,5hcafebs,118,9,10,10,1080,1920,1,2.066815571679051e-28,-4.65625,0.009412589482963085,0,0,0.0,2459,0.0,,,,,,0,0,,0.0,,
TRAIN,5hcafebs,119,0,1,10,1080,1920,1,6.5635692504717e-31,-7.8125,0.0004044814850203693,0,0,0.0,806,0.0,,,,,,0,0,,0.0,,
TRAIN,5hcafebs,119,1,2,10,1080,1920,1,7.987216665362745e-30,-7.40625,0.0006070755189284682,0,0,0.0,964,0.0,,,,,,0,0,,0.0,,
TRAIN,5hcafebs,119,2,3,10,1080,1920,1,1.2989320556496763e-24,-6.875,0.0010322310263291001,0,0,0.0,417,0.0,,,,,,0,0,,0.0,,
TRAIN,5hcafebs,119,3,4,10,1080,1920,1,3.350081480839762e-23,-4.6875,0.009125636890530586,0,0,0.0,488,0.0,,,,,,0,0,,0.0,,
TRAIN,5hcafebs,119,4,5,10,1080,1920,1,5.39260384428426e-32,-6.8125,0.001098731067031622,0,0,0.0,1811,0.0,,,,,,0,0,,0.0,,
TRAIN,5hcafebs,119,5,6,10,1080,1920,1,5.585135208964764e-28,-4.5,0.010986941866576672,0,0,0.0,939,0.0,,,,,,0,0,,0.0,,
TRAIN,5hcafebs,119,6,7,10,1080,1920,1,0.5234375,0.921875,0.7154240012168884,1,570,0.0002748842592592593,802,0.7107231920199502,0.06163828061638281,421.44736842105266,766.4929824561403,446.1326116373478,761.3328822733423,0,0,0.0,0.0,1,0.2239827662706375
TRAIN,5hcafebs,119,7,8,10,1080,1920,1,4.05634636990726e-10,-0.3203125,0.4205995798110962,0,0,0.0,2066,0.0,0.0,,,963.6666666666666,746.3333333333334,0,0,,0.0,,
TRAIN,5hcafebs,119,8,9,10,1080,1920,1,1.9563750449481093e-27,-5.84375,0.002889581024646759,0,0,0.0,1034,0.0,,,,,,0,0,,0.0,,
TRAIN,5hcafebs,119,9,10,10,1080,1920,1,7.194411455615628e-28,-5.25,0.005220125429332256,0,0,0.0,2459,0.0,,,,,,0,0,,0.0,,
TRAIN,5hcafebs,120,0,1,10,1080,1920,1,1.4637067577342992e-31,-7.46875,0.000570315751247108,0,0,0.0,806,0.0,,,,,,0,0,,0.0,,
TRAIN,5hcafebs,120,1,2,10,1080,1920,1,1.078520768856852e-30,-7.28125,0.0006878511630930007,0,0,0.0,964,0.0,,,,,,0,0,,0.0,,
TRAIN,5hcafebs,120,2,3,10,1080,1920,1,8.320273739547056e-26,-6.4375,0.001597845577634871,0,0,0.0,417,0.0,,,,,,0,0,,0.0,,
TRAIN,5hcafebs,120,3,4,10,1080,1920,1,3.917798799689633e-26,-4.9375,0.00712142838165164,0,0,0.0,488,0.0,,,,,,0,0,,0.0,,
TRAIN,5hcafebs,120,4,5,10,1080,1920,1,5.39260384428426e-32,-7.25,0.0007096704212017357,0,0,0.0,1811,0.0,,,,,,0,0,,0.0,,
TRAIN,5hcafebs,120,5,6,10,1080,1920,1,1.601387637598654e-28,-4.28125,0.013636835850775242,0,0,0.0,939,0.0,,,,,,0,0,,0.0,,
TRAIN,5hcafebs,120,6,7,10,1080,1920,1,0.6171875,2.390625,0.9161096215248108,1,457,0.00022038966049382717,802,0.5698254364089775,0.016831683168316833,396.72647702407005,771.0875273522976,421.44736842105266,766.4929824561403,0,0,0.0,0.0,1,0.22868716716766357
TRAIN,5hcafebs,120,7,8,10,1080,1920,1,4.05634636990726e-10,-1.5859375,0.169956237077713,0,0,0.0,2066,0.0,,,,,,0,0,,0.0,,
TRAIN,5hcafebs,120,8,9,10,1080,1920,1,2.3829910224916325e-26,-4.5,0.010986941866576672,0,0,0.0,1034,0.0,,,,,,0,0,,0.0,,
TRAIN,5hcafebs,120,9,10,10,1080,1920,1,1.5209238252661108e-27,-4.0,0.01798621006309986,0,0,0.0,2459,0.0,,,,,,0,0,,0.0,,
TRAIN,5hcafebs,121,0,1,10,1080,1920,1,1.078520768856852e-30,-7.46875,0.000570315751247108,0,0,0.0,806,0.0,,,,,,0,0,,0.0,,
TRAIN,5hcafebs,121,1,2,10,1080,1920,1,1.787262988391355e-30,-7.5,0.000552778656128794,0,0,0.0,964,0.0,,,,,,0,0,,0.0,,
TRAIN,5hcafebs,121,2,3,10,1080,1920,1,3.218552493301728e-27,-6.9375,0.0009697519708424807,0,0,0.0,417,0.0,,,,,,0,0,,0.0,,
TRAIN,5hcafebs,121,3,4,10,1080,1920,1,1.125862283931428e-26,-5.5,0.00407013762742281,0,0,0.0,488,0.0,,,,,,0,0,,0.0,,
TRAIN,5hcafebs,121,4,5,10,1080,1920,1,2.4035605705952703e-31,-6.90625,0.0010005044750869274,0,0,0.0,1811,0.0,,,,,,0,0,,0.0,,
TRAIN,5hcafebs,121,5,6,10,1080,1920,1,3.5695955961250784e-29,-5.28125,0.005060331895947456,0,0,0.0,939,0.0,,,,,,0,0,,0.0,,
TRAIN,5hcafebs,121,6,7,10,1080,1920,1,0.58984375,2.515625,0.9252299070358276,1,837,0.00040364583333333333,802,1.0436408977556109,0.012519561815336464,367.92712066905614,778.7252090800478,396.72647702407005,771.0875273522976,0,0,0.0,0.0,1,0.25161170959472656
TRAIN,5hcafebs,121,7,8,10,1080,1920,1,4.172325134277344e-07,-1.09375,0.25091278553009033,0,0,0.0,2066,0.0,,,,,,0,0,,0.0,,
TRAIN,5hcafebs,121,8,9,10,1080,1920,1,1.1864468014524018e-27,-5.84375,0.002889581024646759,0,0,0.0,1034,0.0,,,,,,0,0,,0.0,,
TRAIN,5hcafebs,121,9,10,10,1080,1920,1,3.3921018924503508e-28,-4.96875,0.006903838831931353,0,0,0.0,2459,0.0,,,,,,0,0,,0.0,,
TRAIN,5hcafebs,122,0,1,10,1080,1920,1,2.4035605705952703e-31,-7.65625,0.0004728544445242733,0,0,0.0,806,0.0,,,,,,0,0,,0.0,,
TRAIN,5hcafebs,122,1,2,10,1080,1920,1,1.787262988391355e-30,-7.34375,0.0006462032906711102,0,0,0.0,964,0.0,,,,,,0,0,,0.0,,
TRAIN,5hcafebs,122,2,3,10,1080,1920,1,4.782137916322191e-25,-6.71875,0.0012065897462889552,0,0,0.0,417,0.0,,,,,,0,0,,0.0,,
TRAIN,5hcafebs,122,3,4,10,1080,1920,1,1.2304311611726287e-23,-4.40625,0.0120537793263793,0,0,0.0,488,0.0,,,,,,0,0,,0.0,,
TRAIN,5hcafebs,122,4,5,10,1080,1920,1,5.39260384428426e-32,-6.03125,0.0023967307060956955,0,0,0.0,1811,0.0,,,,,,0,0,,0.0,,
TRAIN,5hcafebs,122,5,6,10,1080,1920,1,8.734267942607043e-27,-4.40625,0.0120537793263793,0,0,0.0,939,0.0,,,,,,0,0,,0.0,,
TRAIN,5hcafebs,122,6,7,10,1080,1920,1,0.6171875,2.828125,0.9441768527030945,1,800,0.00038580246913580245,802,0.9975062344139651,0.027620841180163214,340.13375,784.2275,367.92712066905614,778.7252090800478,0,0,0.0,0.0,1,0.27983859181404114
TRAIN,5hcafebs,122,7,8,10,1080,1920,1,0.00970458984375,0.1357421875,0.5338835716247559,1,0,0.0,2066,0.0,,,,,,0,0,,0.0,,0.19430872797966003
TRAIN,5hcafebs,122,8,9,10,1080,1920,1,7.194411455615628e-28,-5.90625,0.0027149852830916643,0,0,0.0,1034,0.0,,,,,,0,0,,0.0,,
TRAIN,5hcafebs,122,9,10,10,1080,1920,1,2.6505726415425997e-28,-4.46875,0.011331753805279732,0,0,0.0,2459,0.0,,,,,,0,0,,0.0,,
TRAIN,5hcafebs,123,0,1,10,1080,1920,1,8.859277744181285e-32,-7.59375,0.000503335555549711,0,0,0.0,806,0.0,,,,,,0,0,,0.0,,
TRAIN,5hcafebs,123,1,2,10,1080,1920,1,1.787262988391355e-30,-7.6875,0.000458312890259549,0,0,0.0,964,0.0,,,,,,0,0,,0.0,,
TRAIN,5hcafebs,123,2,3,10,1080,1920,1,7.884065213396045e-25,-6.90625,0.0010005044750869274,0,0,0.0,417,0.0,,,,,,0,0,,0.0,,
TRAIN,5hcafebs,123,3,4,10,1080,1920,1,5.542110104105285e-23,-4.78125,0.008315778337419033,0,0,0.0,488,0.0,,,,,,0,0,,0.0,,
TRAIN,5hcafebs,123,4,5,10,1080,1920,1,6.5635692504717e-31,-6.78125,0.0011335690505802631,0,0,0.0,1811,0.0,,,,,,0,0,,0.0,,
TRAIN,5hcafebs,123,5,6,10,1080,1920,1,7.987216665362745e-30,-5.53125,0.0039454069919884205,0,0,0.0,939,0.0,,,,,,0,0,,0.0,,
TRAIN,5hcafebs,123,6,7,10,1080,1920,1,0.54296875,2.828125,0.9441768527030945,1,907,0.000437403549382716,802,1.1309226932668328,0.10342598577892695,317.8566703417861,791.6626240352812,340.13375,784.2275,0,0,0.0,0.0,1,0.24232397973537445
TRAIN,5hcafebs,123,7,8,10,1080,1920,1,8.412825991399586e-12,-0.7421875,0.3225259780883789,0,0,0.0,2066,0.0,,,,,,0,0,,0.0,,
TRAIN,5hcafebs,123,8,9,10,1080,1920,1,5.916456789157589e-29,-6.0625,0.002323162741959095,0,0,0.0,1034,0.0,,,,,,0,0,,0.0,,
TRAIN,5hcafebs,123,9,10,10,1080,1920,1,7.987216665362745e-30,-5.4375,0.004331501666456461,0,0,0.0,2459,0.0,,,,,,0,0,,0.0,,
TRAIN,5hcafebs,124,0,1,10,1080,1920,1,1.078520768856852e-30,-7.15625,0.0007793660624884069,0,0,0.0,806,0.0,,,,,,0,0,,0.0,,
TRAIN,5hcafebs,124,1,2,10,1080,1920,1,4.831773044478697e-30,-7.5625,0.0005193048855289817,0,0,0.0,964,0.0,,,,,,0,0,,0.0,,
TRAIN,5hcafebs,124,2,3,10,1080,1920,1,5.816113682013476e-24,-6.53125,0.0014550630003213882,0,0,0.0,417,0.0,,,,,,0,0,,0.0,,
TRAIN,5hcafebs,124,3,4,10,1080,1920,1,4.0862722260119567e-22,-4.34375,0.012821214273571968,0,0,0.0,488,0.0,,,,,,0,0,,0.0,,
TRAIN,5hcafebs,124,4,5,10,1080,1920,1,1.078520768856852e-30,-6.4375,0.001597845577634871,0,0,0.0,1811,0.0,,,,,,0,0,,0.0,,
TRAIN,5hcafebs,124,5,6,10,1080,1920,1,1.3213420162451948e-29,-5.65625,0.0034834241960197687,0,0,0.0,939,0.0,,,,,,0,0,,0.0,,
TRAIN,5hcafebs,124,6,7,10,1080,1920,1,0.62109375,2.78125,0.9416541457176208,1,705,0.00033998842592592593,802,0.8790523690773068,0.10259917920656635,295.11631205673757,793.8780141843972,317.8566703417861,791.6626240352812,0,0,0.0,0.0,1,0.2810037434101105
TRAIN,5hcafebs,124,7,8,10,1080,1920,1,0.02099609375,0.11181640625,0.5279250144958496,1,0,0.0,2066,0.0,,,,,,0,0,,0.0,,0.19337983429431915
TRAIN,5hcafebs,124,8,9,10,1080,1920,1,2.6505726415425997e-28,-6.1875,0.0020507434383034706,0,0,0.0,1034,0.0,,,,,,0,0,,0.0,,
TRAIN,5hcafebs,124,9,10,10,1080,1920,1,2.1693674893577825e-29,-5.6875,0.0033766122069209814,0,0,0.0,2459,0.0,,,,,,0,0,,0.0,,
TRAIN,5hcafebs,125,0,1,10,1080,1920,1,2.4035605705952703e-31,-7.6875,0.000458312890259549,0,0,0.0,806,0.0,,,,,,0,0,,0.0,,
TRAIN,5hcafebs,125,1,2,10,1080,1920,1,6.5635692504717e-31,-7.6875,0.000458312890259549,0,0,0.0,964,0.0,,,,,,0,0,,0.0,,
TRAIN,5hcafebs,125,2,3,10,1080,1920,1,2.3829910224916325e-26,-7.40625,0.0006070755189284682,0,0,0.0,417,0.0,,,,,,0,0,,0.0,,
TRAIN,5hcafebs,125,3,4,10,1080,1920,1,7.496324301261813e-24,-4.96875,0.006903838831931353,0,0,0.0,488,0.0,,,,,,0,0,,0.0,,
TRAIN,5hcafebs,125,4,5,10,1080,1920,1,8.859277744181285e-32,-7.09375,0.0008295892039313912,0,0,0.0,1811,0.0,,,,,,0,0,,0.0,,
TRAIN,5hcafebs,125,5,6,10,1080,1920,1,1.3213420162451948e-29,-5.40625,0.0044683837331831455,0,0,0.0,939,0.0,,,,,,0,0,,0.0,,
TRAIN,5hcafebs,125,6,7,10,1080,1920,1,0.703125,2.625,0.9324532747268677,1,459,0.00022135416666666666,802,0.5723192019950125,0.10751665080875357,274.557734204793,796.1612200435729,295.11631205673757,793.8780141843972,0,0,0.0,0.0,1,0.19895094633102417
TRAIN,5hcafebs,125,7,8,10,1080,1920,1,1.0613732115416497e-13,-0.9921875,0.270480215549469,0,0,0.0,2066,0.0,,,,,,0,0,,0.0,,
TRAIN,5hcafebs,125,8,9,10,1080,1920,1,2.1693674893577825e-29,-6.59375,0.0013670255430042744,0,0,0.0,1034,0.0,,,,,,0,0,,0.0,,
TRAIN,5hcafebs,125,9,10,10,1080,1920,1,4.831773044478697e-30,-5.625,0.0035936026833951473,0,0,0.0,2459,0.0,,,,,,0,0,,0.0,,
TRAIN,5hcafebs,126,0,1,10,1080,1920,1,3.975119405215255e-31,-7.375,0.000626334105618298,0,0,0.0,806,0.0,,,,,,0,0,,0.0,,
TRAIN,5hcafebs,126,1,2,10,1080,1920,1,2.9335764912906377e-30,-7.625,0.000487857119878754,0,0,0.0,964,0.0,,,,,,0,0,,0.0,,
TRAIN,5hcafebs,126,2,3,10,1080,1920,1,9.615974620928947e-24,-7.125,0.0008040859247557819,0,0,0.0,417,0.0,,,,,,0,0,,0.0,,
TRAIN,5hcafebs,126,3,4,10,1080,1920,1,1.4227506535912076e-21,-4.8125,0.008061991073191166,0,0,0.0,488,0.0,,,,,,0,0,,0.0,,
TRAIN,5hcafebs,126,4,5,10,1080,1920,1,6.5635692504717e-31,-7.34375,0.0006462032906711102,0,0,0.0,1811,0.0,,,,,,0,0,,0.0,,
TRAIN,5hcafebs,126,5,6,10,1080,1920,1,9.742432179479496e-29,-5.46875,0.004198795650154352,0,0,0.0,939,0.0,,,,,,0,0,,0.0,,
TRAIN,5hcafebs,126,6,7,10,1080,1920,1,0.5859375,2.828125,0.9441768527030945,1,860,0.0004147376543209877,802,1.0723192019950125,0.08559670781893004,255.80232558139534,805.1546511627907,274.557734204793,796.1612200435729,0,0,0.0,0.0,1,0.24654525518417358
TRAIN,5hcafebs,126,7,8,10,1080,1920,1,1.4722347259521484e-05,-0.96875,0.2751297354698181,0,0,0.0,2066,0.0,,,,,,0,0,,0.0,,
TRAIN,5hcafebs,126,8,9,10,1080,1920,1,9.742432179479496e-29,-6.125,0.002182716503739357,0,0,0.0,1034,0.0,,,,,,0,0,,0.0,,
TRAIN,5hcafebs,126,9,10,10,1080,1920,1,7.987216665362745e-30,-5.5,0.00407013762742281,0,0,0.0,2459,0.0,,,,,,0,0,,0.0,,
TRAIN,5hcafebs,127,0,1,10,1080,1920,1,6.5635692504717e-31,-7.78125,0.00041731575038284063,0,0,0.0,806,0.0,,,,,,0,0,,0.0,,
TRAIN,5hcafebs,127,1,2,10,1080,1920,1,2.9335764912906377e-30,-7.625,0.000487857119878754,0,0,0.0,964,0.0,,,,,,0,0,,0.0,,
TRAIN,5hcafebs,127,2,3,10,1080,1920,1,1.5819829215076654e-23,-7.0625,0.0008559006964787841,0,0,0.0,417,0.0,,,,,,0,0,,0.0,,
TRAIN,5hcafebs,127,3,4,10,1080,1920,1,6.3792168840089494e-21,-4.78125,0.008315778337419033,0,0,0.0,488,0.0,,,,,,0,0,,0.0,,
TRAIN,5hcafebs,127,4,5,10,1080,1920,1,6.5635692504717e-31,-6.875,0.0010322310263291001,0,0,0.0,1811,0.0,,,,,,0,0,,0.0,,
TRAIN,5hcafebs,127,5,6,10,1080,1920,1,4.354512196819985e-28,-5.21875,0.005384937860071659,0,0,0.0,939,0.0,,,,,,0,0,,0.0,,
TRAIN,5hcafebs,127,6,7,10,1080,1920,1,0.5390625,2.71875,0.9381240010261536,1,521,0.00025125385802469134,802,0.6496259351620948,0.5027203482045702,253.0556621880998,799.1074856046065,255.80232558139534,805.1546511627907,0,0,0.0,0.0,1,0.21571756899356842
TRAIN,5hcafebs,127,7,8,10,1080,1920,1,0.000606536865234375,-0.6484375,0.34334173798561096,0,0,0.0,2066,0.0,,,,,,0,0,,0.0,,
TRAIN,5hcafebs,127,8,9,10,1080,1920,1,2.066815571679051e-28,-6.5625,0.0014103584690019488,0,0,0.0,1034,0.0,,,,,,0,0,,0.0,,
TRAIN,5hcafebs,127,9,10,10,1080,1920,1,2.5117331222237016e-27,-4.78125,0.008315778337419033,0,0,0.0,2459,0.0,,,,,,0,0,,0.0,,
TRAIN,5hcafebs,128,0,1,10,1080,1920,1,3.975119405215255e-31,-7.625,0.000487857119878754,0,0,0.0,806,0.0,,,,,,0,0,,0.0,,
TRAIN,5hcafebs,128,1,2,10,1080,1920,1,4.831773044478697e-30,-7.5,0.000552778656128794,0,0,0.0,964,0.0,,,,,,0,0,,0.0,,
TRAIN,5hcafebs,128,2,3,10,1080,1920,1,4.9763185651190145e-21,-6.40625,0.0016484829830005765,0,0,0.0,417,0.0,,,,,,0,0,,0.0,,
TRAIN,5hcafebs,128,3,4,10,1080,1920,1,2.3245294578089215e-16,-3.40625,0.03210070729255676,0,0,0.0,488,0.0,,,,,,0,0,,0.0,,
TRAIN,5hcafebs,128,4,5,10,1080,1920,1,3.975119405215255e-31,-7.21875,0.0007321811863221228,0,0,0.0,1811,0.0,,,,,,0,0,,0.0,,
TRAIN,5hcafebs,128,5,6,10,1080,1920,1,2.1693674893577825e-29,-4.875,0.007577241398394108,0,0,0.0,939,0.0,,,,,,0,0,,0.0,,
TRAIN,5hcafebs,128,6,7,10,1080,1920,1,0.6015625,2.265625,0.9059898257255554,1,432,0.00020833333333333335,802,0.5386533665835411,0.1765432098765432,270.0763888888889,797.9768518518518,253.0556621880998,799.1074856046065,0,0,0.0,0.0,1,0.21889470517635345
TRAIN,5hcafebs,128,7,8,10,1080,1920,1,0.048095703125,0.37109375,0.5917232036590576,1,2,9.645061728395062e-07,2066,0.000968054211035818,0.0,682.5,860.0,,,0,0,0.0,0.0,1,0.20338048040866852
TRAIN,5hcafebs,128,8,9,10,1080,1920,1,5.916456789157589e-29,-6.59375,0.0013670255430042744,0,0,0.0,1034,0.0,,,,,,0,0,,0.0,,
TRAIN,5hcafebs,128,9,10,10,1080,1920,1,7.194411455615628e-28,-4.40625,0.0120537793263793,0,0,0.0,2459,0.0,,,,,,0,0,,0.0,,
TRAIN,5hcafebs,129,0,1,10,1080,1920,1,3.975119405215255e-31,-7.0,0.0009110511746257544,0,0,0.0,806,0.0,,,,,,0,0,,0.0,,
TRAIN,5hcafebs,129,1,2,10,1080,1920,1,2.9335764912906377e-30,-7.0,0.0009110511746257544,0,0,0.0,964,0.0,,,,,,0,0,,0.0,,
TRAIN,5hcafebs,129,2,3,10,1080,1920,1,2.0369322584118306e-23,-6.53125,0.0014550630003213882,0,0,0.0,417,0.0,,,,,,0,0,,0.0,,
TRAIN,5hcafebs,129,3,4,10,1080,1920,1,2.0057740190981832e-18,-3.9375,0.01912403479218483,0,0,0.0,488,0.0,,,,,,0,0,,0.0,,
TRAIN,5hcafebs,129,4,5,10,1080,1920,1,1.4637067577342992e-31,-6.34375,0.0017546144081279635,0,0,0.0,1811,0.0,,,,,,0,0,,0.0,,
TRAIN,5hcafebs,129,5,6,10,1080,1920,1,3.5695955961250784e-29,-4.84375,0.007815888151526451,0,0,0.0,939,0.0,,,,,,0,0,,0.0,,
TRAIN,5hcafebs,129,6,7,10,1080,1920,1,0.64453125,2.28125,0.907312273979187,1,441,0.0002126736111111111,802,0.5498753117206983,0.004602991944764097,301.0090702947846,800.7006802721088,270.0763888888889,797.9768518518518,0,0,0.0,0.0,1,0.20097410678863525
TRAIN,5hcafebs,129,7,8,10,1080,1920,1,1.4722347259521484e-05,0.0130615234375,0.5032653212547302,1,12,5.787037037037037e-06,2066,0.005808325266214908,0.0,652.0,865.3333333333334,682.5,860.0,0,0,0.0,0.0,1,0.20901024341583252
TRAIN,5hcafebs,129,8,9,10,1080,1920,1,4.354512196819985e-28,-5.90625,0.0027149852830916643,0,0,0.0,1034,0.0,,,,,,0,0,,0.0,,
TRAIN,5hcafebs,129,9,10,10,1080,1920,1,1.601387637598654e-28,-4.34375,0.012821214273571968,0,0,0.0,2459,0.0,,,,,,0,0,,0.0,,
TRAIN,5hcafebs,130,0,1,10,1080,1920,1,2.4035605705952703e-31,-6.71875,0.0012065897462889552,0,0,0.0,806,0.0,,,,,,0,0,,0.0,,
TRAIN,5hcafebs,130,1,2,10,1080,1920,1,2.9335764912906377e-30,-7.1875,0.0007554056355729699,0,0,0.0,964,0.0,,,,,,0,0,,0.0,,
TRAIN,5hcafebs,130,2,3,10,1080,1920,1,6.056285572868247e-20,-6.1875,0.0020507434383034706,0,0,0.0,417,0.0,,,,,,0,0,,0.0,,
TRAIN,5hcafebs,130,3,4,10,1080,1920,1,5.44811591673966e-18,-4.0,0.01798621006309986,0,0,0.0,488,0.0,,,,,,0,0,,0.0,,
TRAIN,5hcafebs,130,4,5,10,1080,1920,1,1.787262988391355e-30,-6.96875,0.0009399438858963549,0,0,0.0,1811,0.0,,,,,,0,0,,0.0,,
TRAIN,5hcafebs,130,5,6,10,1080,1920,1,2.1693674893577825e-29,-4.78125,0.008315778337419033,0,0,0.0,939,0.0,,,,,,0,0,,0.0,,
TRAIN,5hcafebs,130,6,7,10,1080,1920,1,0.64453125,2.390625,0.9161096215248108,1,456,0.0002199074074074074,802,0.5685785536159601,0.011273957158962795,330.5175438596491,801.1206140350877,301.0090702947846,800.7006802721088,0,0,0.0,0.0,1,0.1785133332014084
TRAIN,5hcafebs,130,7,8,10,1080,1920,1,5.699694156646729e-07,-0.07763671875,0.4806005656719208,0,0,0.0,2066,0.0,0.0,,,652.0,865.3333333333334,0,0,,0.0,,
TRAIN,5hcafebs,130,8,9,10,1080,1920,1,2.6505726415425997e-28,-5.53125,0.0039454069919884205,0,0,0.0,1034,0.0,,,,,,0,0,,0.0,,
TRAIN,5hcafebs,130,9,10,10,1080,1920,1,2.0369322584118306e-23,-2.875,0.053403329104185104,0,0,0.0,2459,0.0,,,,,,0,0,,0.0,,
TRAIN,5hcafebs,131,0,1,10,1080,1920,1,3.975119405215255e-31,-7.40625,0.0006070755189284682,0,0,0.0,806,0.0,,,,,,0,0,,0.0,,
TRAIN,5hcafebs,131,1,2,10,1080,1920,1,1.3213420162451948e-29,-7.15625,0.0007793660624884069,0,0,0.0,964,0.0,,,,,,0,0,,0.0,,
TRAIN,5hcafebs,131,2,3,10,1080,1920,1,5.227781471335135e-22,-6.46875,0.0015487611526623368,0,0,0.0,417,0.0,,,,,,0,0,,0.0,,
TRAIN,5hcafebs,131,3,4,10,1080,1920,1,1.8041124150158794e-16,-3.734375,0.023330770432949066,0,0,0.0,488,0.0,,,,,,0,0,,0.0,,
TRAIN,5hcafebs,131,4,5,10,1080,1920,1,1.3213420162451948e-29,-6.40625,0.0016484829830005765,0,0,0.0,1811,0.0,,,,,,0,0,,0.0,,
TRAIN,5hcafebs,131,5,6,10,1080,1920,1,2.1693674893577825e-29,-4.90625,0.007345826830714941,0,0,0.0,939,0.0,,,,,,0,0,,0.0,,
TRAIN,5hcafebs,131,6,7,10,1080,1920,1,0.51171875,2.125,0.8933094143867493,1,853,0.0004113618827160494,802,1.0635910224438903,0.0380650277557494,358.2837045720985,806.8569753810082,330.5175438596491,801.1206140350877,0,0,0.0,0.0,1,0.2646414339542389
TRAIN,5hcafebs,131,7,8,10,1080,1920,1,0.0247802734375,0.07080078125,0.5176928043365479,1,0,0.0,2066,0.0,,,,,,0,0,,0.0,,0.19500510394573212
TRAIN,5hcafebs,131,8,9,10,1080,1920,1,1.857925203976527e-26,-4.78125,0.008315778337419033,0,0,0.0,1034,0.0,,,,,,0,0,,0.0,,
TRAIN,5hcafebs,131,9,10,10,1080,1920,1,2.066815571679051e-28,-4.28125,0.013636835850775242,0,0,0.0,2459,0.0,,,,,,0,0,,0.0,,
TRAIN,5hcafebs,132,0,1,10,1080,1920,1,6.5635692504717e-31,-7.84375,0.0003920417802873999,0,0,0.0,806,0.0,,,,,,0,0,,0.0,,
TRAIN,5hcafebs,132,1,2,10,1080,1920,1,1.787262988391355e-30,-7.84375,0.0003920417802873999,0,0,0.0,964,0.0,,,,,,0,0,,0.0,,
TRAIN,5hcafebs,132,2,3,10,1080,1920,1,2.234049398383217e-20,-6.4375,0.001597845577634871,0,0,0.0,417,0.0,,,,,,0,0,,0.0,,
TRAIN,5hcafebs,132,3,4,10,1080,1920,1,1.8041124150158794e-16,-3.828125,0.021287351846694946,0,0,0.0,488,0.0,,,,,,0,0,,0.0,,
TRAIN,5hcafebs,132,4,5,10,1080,1920,1,3.975119405215255e-31,-6.84375,0.0010649627074599266,0,0,0.0,1811,0.0,,,,,,0,0,,0.0,,
TRAIN,5hcafebs,132,5,6,10,1080,1920,1,9.213895372981418e-28,-4.90625,0.007345826830714941,0,0,0.0,939,0.0,,,,,,0,0,,0.0,,
TRAIN,5hcafebs,132,6,7,10,1080,1920,1,0.60546875,2.71875,0.9381240010261536,1,717,0.000345775462962963,802,0.8940149625935162,0.0,391.80195258019523,804.4100418410042,358.2837045720985,806.8569753810082,0,0,0.0,0.0,1,0.27352580428123474
TRAIN,5hcafebs,132,7,8,10,1080,1920,1,3.123283386230469e-05,0.10986328125,0.527438223361969,1,32,1.54320987654321e-05,2066,0.015488867376573089,0.0,411.4375,819.65625,,,0,0,0.0,0.0,1,0.19971837103366852
TRAIN,5hcafebs,132,8,9,10,1080,1920,1,1.857925203976527e-26,-5.28125,0.005060331895947456,0,0,0.0,1034,0.0,,,,,,0,0,,0.0,,
TRAIN,5hcafebs,132,9,10,10,1080,1920,1,1.1864468014524018e-27,-4.1875,0.014957086183130741,0,0,0.0,2459,0.0,,,,,,0,0,,0.0,,
TRAIN,5hcafebs,133,0,1,10,1080,1920,1,7.987216665362745e-30,-7.6875,0.000458312890259549,0,0,0.0,806,0.0,,,,,,0,0,,0.0,,
TRAIN,5hcafebs,133,1,2,10,1080,1920,1,9.742432179479496e-29,-7.5,0.000552778656128794,0,0,0.0,964,0.0,,,,,,0,0,,0.0,,
TRAIN,5hcafebs,133,2,3,10,1080,1920,1,8.205631676526035e-21,-6.21875,0.001987774157896638,0,0,0.0,417,0.0,,,,,,0,0,,0.0,,
TRAIN,5hcafebs,133,3,4,10,1080,1920,1,1.4051260155412137e-16,-4.03125,0.017442485317587852,0,0,0.0,488,0.0,,,,,,0,0,,0.0,,
TRAIN,5hcafebs,133,4,5,10,1080,1920,1,1.787262988391355e-30,-7.8125,0.0004044814850203693,0,0,0.0,1811,0.0,,,,,,0,0,,0.0,,
TRAIN,5hcafebs,133,5,6,10,1080,1920,1,9.213895372981418e-28,-5.125,0.0059110685251653194,0,0,0.0,939,0.0,,,,,,0,0,,0.0,,
TRAIN,5hcafebs,133,6,7,10,1080,1920,1,0.609375,2.859375,0.9458011984825134,1,813,0.00039207175925925927,802,1.013715710723192,0.06323835997220292,416.80319803198034,805.2619926199262,391.80195258019523,804.4100418410042,0,0,0.0,0.0,1,0.27371227741241455
TRAIN,5hcafebs,133,7,8,10,1080,1920,1,0.0025482177734375,1.09375,0.7490872144699097,1,107,5.160108024691358e-05,2066,0.05179090029041626,0.0,738.626168224299,744.8971962616822,411.4375,819.65625,0,0,0.0,0.0,1,0.19105952978134155
TRAIN,5hcafebs,133,8,9,10,1080,1920,1,8.320273739547056e-26,-5.1875,0.005554925184696913,0,0,0.0,1034,0.0,,,,,,0,0,,0.0,,
TRAIN,5hcafebs,133,9,10,10,1080,1920,1,7.194411455615628e-28,-5.0,0.006692850962281227,0,0,0.0,2459,0.0,,,,,,0,0,,0.0,,
TRAIN,5hcafebs,134,0,1,10,1080,1920,1,1.3213420162451948e-29,-7.3125,0.0006667023408226669,0,0,0.0,806,0.0,,,,,,0,0,,0.0,,
TRAIN,5hcafebs,134,1,2,10,1080,1920,1,9.742432179479496e-29,-7.0,0.0009110511746257544,0,0,0.0,964,0.0,,,,,,0,0,,0.0,,
TRAIN,5hcafebs,134,2,3,10,1080,1920,1,1.9081958235744878e-17,-5.28125,0.005060331895947456,0,0,0.0,417,0.0,,,,,,0,0,,0.0,,
TRAIN,5hcafebs,134,3,4,10,1080,1920,1,1.0613732115416497e-13,-3.1875,0.03963883966207504,0,0,0.0,488,0.0,,,,,,0,0,,0.0,,
TRAIN,5hcafebs,134,4,5,10,1080,1920,1,7.987216665362745e-30,-7.03125,0.0008830457809381187,0,0,0.0,1811,0.0,,,,,,0,0,,0.0,,
TRAIN,5hcafebs,134,5,6,10,1080,1920,1,5.916456789157589e-29,-5.09375,0.0060975621454417706,0,0,0.0,939,0.0,,,,,,0,0,,0.0,,
TRAIN,5hcafebs,134,6,7,10,1080,1920,1,0.58203125,3.28125,0.9637799859046936,1,872,0.0004205246913580247,802,1.087281795511222,0.1166335321404904,438.1961009174312,805.973623853211,416.80319803198034,805.2619926199262,0,0,0.0,0.0,1,0.26394808292388916
TRAIN,5hcafebs,134,7,8,10,1080,1920,1,0.00506591796875,1.390625,0.8006919622421265,1,252,0.00012152777777777777,2066,0.12197483059051308,0.0,540.452380952381,792.047619047619,738.626168224299,744.8971962616822,0,0,0.0,0.0,1,0.1868816316127777
TRAIN,5hcafebs,134,8,9,10,1080,1920,1,5.301145283085199e-27,-4.9375,0.00712142838165164,0,0,0.0,1034,0.0,,,,,,0,0,,0.0,,
TRAIN,5hcafebs,134,9,10,10,1080,1920,1,3.3921018924503508e-28,-4.375,0.012431650422513485,0,0,0.0,2459,0.0,,,,,,0,0,,0.0,,
TRAIN,5hcafebs,135,0,1,10,1080,1920,1,4.831773044478697e-30,-7.5,0.000552778656128794,0,0,0.0,806,0.0,,,,,,0,0,,0.0,,
TRAIN,5hcafebs,135,1,2,10,1080,1920,1,2.1693674893577825e-29,-7.40625,0.0006070755189284682,0,0,0.0,964,0.0,,,,,,0,0,,0.0,,
TRAIN,5hcafebs,135,2,3,10,1080,1920,1,4.472333961502706e-19,-5.21875,0.005384937860071659,0,0,0.0,417,0.0,,,,,,0,0,,0.0,,
TRAIN,5hcafebs,135,3,4,10,1080,1920,1,2.3647750424515834e-14,-3.265625,0.03676946833729744,0,0,0.0,488,0.0,,,,,,0,0,,0.0,,
TRAIN,5hcafebs,135,4,5,10,1080,1920,1,4.831773044478697e-30,-7.15625,0.0007793660624884069,0,0,0.0,1811,0.0,,,,,,0,0,,0.0,,
TRAIN,5hcafebs,135,5,6,10,1080,1920,1,9.742432179479496e-29,-4.3125,0.013222821988165379,0,0,0.0,939,0.0,,,,,,0,0,,0.0,,
TRAIN,5hcafebs,135,6,7,10,1080,1920,1,0.640625,3.09375,0.9566342234611511,1,882,0.0004253472222222222,802,1.0997506234413965,0.17402945113788487,456.83560090702946,802.5952380952381,438.1961009174312,805.973623853211,0,0,0.0,0.0,1,0.3005032241344452
TRAIN,5hcafebs,135,7,8,10,1080,1920,1,0.00225830078125,1.84375,0.8633915781974792,1,1348,0.0006500771604938272,2066,0.6524685382381413,0.023672424824056303,485.34643916913944,793.8523738872403,540.452380952381,792.047619047619,0,0,0.0,0.0,1,0.19492825865745544
TRAIN,5hcafebs,135,8,9,10,1080,1920,1,8.320273739547056e-26,-5.21875,0.005384937860071659,0,0,0.0,1034,0.0,,,,,,0,0,,0.0,,
TRAIN,5hcafebs,135,9,10,10,1080,1920,1,2.5117331222237016e-27,-4.75,0.008577484637498856,0,0,0.0,2459,0.0,,,,,,0,0,,0.0,,
TRAIN,5hcafebs,136,0,1,10,1080,1920,1,3.975119405215255e-31,-7.0,0.0009110511746257544,0,0,0.0,806,0.0,,,,,,0,0,,0.0,,
TRAIN,5hcafebs,136,1,2,10,1080,1920,1,4.831773044478697e-30,-6.96875,0.0009399438858963549,0,0,0.0,964,0.0,,,,,,0,0,,0.0,,
TRAIN,5hcafebs,136,2,3,10,1080,1920,1,8.205631676526035e-21,-5.625,0.0035936026833951473,0,0,0.0,417,0.0,,,,,,0,0,,0.0,,
TRAIN,5hcafebs,136,3,4,10,1080,1920,1,3.268496584496461e-13,-2.953125,0.04958902671933174,0,0,0.0,488,0.0,,,,,,0,0,,0.0,,
TRAIN,5hcafebs,136,4,5,10,1080,1920,1,3.975119405215255e-31,-7.1875,0.0007554056355729699,0,0,0.0,1811,0.0,,,,,,0,0,,0.0,,
TRAIN,5hcafebs,136,5,6,10,1080,1920,1,5.916456789157589e-29,-5.1875,0.005554925184696913,0,0,0.0,939,0.0,,,,,,0,0,,0.0,,
TRAIN,5hcafebs,136,6,7,10,1080,1920,1,0.6328125,3.5,0.970687747001648,1,552,0.0002662037037037037,802,0.6882793017456359,0.0888382687927107,476.9619565217391,796.695652173913,456.83560090702946,802.5952380952381,0,0,0.0,0.0,1,0.2990724444389343
TRAIN,5hcafebs,136,7,8,10,1080,1920,1,0.00628662109375,2.890625,0.9473810195922852,1,1009,0.00048659336419753087,2066,0.48838334946757017,0.033771929824561404,420.2765113974232,832.6739345887017,485.34643916913944,793.8523738872403,0,0,0.0,0.0,1,0.28738895058631897
TRAIN,5hcafebs,136,8,9,10,1080,1920,1,9.213895372981418e-28,-4.78125,0.008315778337419033,0,0,0.0,1034,0.0,,,,,,0,0,,0.0,,
TRAIN,5hcafebs,136,9,10,10,1080,1920,1,5.585135208964764e-28,-4.46875,0.011331753805279732,0,0,0.0,2459,0.0,,,,,,0,0,,0.0,,
TRAIN,5hcafebs,137,0,1,10,1080,1920,1,3.975119405215255e-31,-7.25,0.0007096704212017357,0,0,0.0,806,0.0,,,,,,0,0,,0.0,,
TRAIN,5hcafebs,137,1,2,10,1080,1920,1,1.3213420162451948e-29,-7.5,0.000552778656128794,0,0,0.0,964,0.0,,,,,,0,0,,0.0,,
TRAIN,5hcafebs,137,2,3,10,1080,1920,1,3.54136699749265e-24,-6.4375,0.001597845577634871,0,0,0.0,417,0.0,,,,,,0,0,,0.0,,
TRAIN,5hcafebs,137,3,4,10,1080,1920,1,2.3245294578089215e-16,-3.859375,0.020645929500460625,0,0,0.0,488,0.0,,,,,,0,0,,0.0,,
TRAIN,5hcafebs,137,4,5,10,1080,1920,1,3.3921018924503508e-28,-5.4375,0.004331501666456461,0,0,0.0,1811,0.0,,,,,,0,0,,0.0,,
TRAIN,5hcafebs,137,5,6,10,1080,1920,1,5.916456789157589e-29,-5.4375,0.004331501666456461,0,0,0.0,939,0.0,,,,,,0,0,,0.0,,
TRAIN,5hcafebs,137,6,7,10,1080,1920,1,0.6171875,4.03125,0.982557475566864,1,790,0.00038097993827160493,802,0.9850374064837906,0.14407502131287298,495.8139240506329,797.0645569620253,476.9619565217391,796.695652173913,0,0,0.0,0.0,1,0.31773853302001953
TRAIN,5hcafebs,137,7,8,10,1080,1920,1,0.03564453125,3.6875,0.9755768775939941,1,693,0.00033420138888888887,2066,0.3354307841239109,0.06641604010025062,428.1197691197691,841.3506493506494,420.2765113974232,832.6739345887017,0,0,0.0,0.0,1,0.31850188970565796
TRAIN,5hcafebs,137,8,9,10,1080,1920,1,2.5117331222237016e-27,-4.65625,0.009412589482963085,0,0,0.0,1034,0.0,,,,,,0,0,,0.0,,
TRAIN,5hcafebs,137,9,10,10,1080,1920,1,7.987216665362745e-30,-5.75,0.003172682598233223,0,0,0.0,2459,0.0,,,,,,0,0,,0.0,,
TRAIN,5hcafebs,138,0,1,10,1080,1920,1,1.787262988391355e-30,-7.28125,0.0006878511630930007,0,0,0.0,806,0.0,,,,,,0,0,,0.0,,
TRAIN,5hcafebs,138,1,2,10,1080,1920,1,4.831773044478697e-30,-7.25,0.0007096704212017357,0,0,0.0,964,0.0,,,,,,0,0,,0.0,,
TRAIN,5hcafebs,138,2,3,10,1080,1920,1,1.4227506535912076e-21,-6.6875,0.0012448433553799987,0,0,0.0,417,0.0,,,,,,0,0,,0.0,,
TRAIN,5hcafebs,138,3,4,10,1080,1920,1,2.983724378680108e-16,-3.671875,0.024798160418868065,0,0,0.0,488,0.0,,,,,,0,0,,0.0,,
TRAIN,5hcafebs,138,4,5,10,1080,1920,1,1.787262988391355e-30,-6.28125,0.0018675660248845816,0,0,0.0,1811,0.0,,,,,,0,0,,0.0,,
TRAIN,5hcafebs,138,5,6,10,1080,1920,1,2.9335764912906377e-30,-6.03125,0.0023967307060956955,0,0,0.0,939,0.0,,,,,,0,0,,0.0,,
TRAIN,5hcafebs,138,6,7,10,1080,1920,1,0.578125,4.1875,0.985042929649353,1,809,0.00039014274691358025,802,1.0087281795511223,0.04921259842519685,520.203955500618,795.3077873918418,495.8139240506329,797.0645569620253,0,0,0.0,0.0,1,0.2522636651992798
TRAIN,5hcafebs,138,7,8,10,1080,1920,1,0.00170135498046875,3.59375,0.9732407331466675,1,622,0.0002999614197530864,2066,0.3010648596321394,0.0,455.2443729903537,838.6189710610932,428.1197691197691,841.3506493506494,0,0,0.0,0.0,1,0.2783268690109253
TRAIN,5hcafebs,138,8,9,10,1080,1920,1,3.218552493301728e-27,-4.8125,0.008061991073191166,0,0,0.0,1034,0.0,,,,,,0,0,,0.0,,
TRAIN,5hcafebs,138,9,10,10,1080,1920,1,2.1693674893577825e-29,-5.28125,0.005060331895947456,0,0,0.0,2459,0.0,,,,,,0,0,,0.0,,
TRAIN,5hcafebs,139,0,1,10,1080,1920,1,5.916456789157589e-29,-6.9375,0.0009697519708424807,0,0,0.0,806,0.0,,,,,,0,0,,0.0,,
TRAIN,5hcafebs,139,1,2,10,1080,1920,1,3.5695955961250784e-29,-7.5,0.000552778656128794,0,0,0.0,964,0.0,,,,,,0,0,,0.0,,
TRAIN,5hcafebs,139,2,3,10,1080,1920,1,4.7222086809427244e-20,-6.5,0.0015011823270469904,0,0,0.0,417,0.0,,,,,,0,0,,0.0,,
TRAIN,5hcafebs,139,3,4,10,1080,1920,1,9.880984919163893e-15,-3.390625,0.03258974477648735,0,0,0.0,488,0.0,,,,,,0,0,,0.0,,
TRAIN,5hcafebs,139,4,5,10,1080,1920,1,9.742432179479496e-29,-5.28125,0.005060331895947456,0,0,0.0,1811,0.0,,,,,,0,0,,0.0,,
TRAIN,5hcafebs,139,5,6,10,1080,1920,1,5.585135208964764e-28,-4.6875,0.009125636890530586,0,0,0.0,939,0.0,,,,,,0,0,,0.0,,
TRAIN,5hcafebs,139,6,7,10,1080,1920,1,0.58984375,4.34375,0.9871788024902344,1,787,0.0003795331790123457,802,0.9812967581047382,0.02570694087403599,546.6188055908514,797.1207115628971,520.203955500618,795.3077873918418,0,0,0.0,0.0,1,0.26853233575820923
TRAIN,5hcafebs,139,7,8,10,1080,1920,1,0.003082275390625,4.46875,0.9886682629585266,1,1150,0.000554591049382716,2066,0.5566311713455954,0.000564652738565782,582.3226086956522,791.8765217391305,455.2443729903537,838.6189710610932,0,0,0.0,0.0,1,0.24742521345615387
TRAIN,5hcafebs,139,8,9,10,1080,1920,1,1.125862283931428e-26,-3.828125,0.021287351846694946,0,0,0.0,1034,0.0,,,,,,0,0,,0.0,,
TRAIN,5hcafebs,139,9,10,10,1080,1920,1,2.6505726415425997e-28,-5.53125,0.0039454069919884205,0,0,0.0,2459,0.0,,,,,,0,0,,0.0,,
TRAIN,5hcafebs,140,0,1,10,1080,1920,1,2.066815571679051e-28,-6.65625,0.0012843081494793296,0,0,0.0,806,0.0,,,,,,0,0,,0.0,,
TRAIN,5hcafebs,140,1,2,10,1080,1920,1,2.066815571679051e-28,-7.28125,0.0006878511630930007,0,0,0.0,964,0.0,,,,,,0,0,,0.0,,
TRAIN,5hcafebs,140,2,3,10,1080,1920,1,2.8587361969832636e-20,-6.28125,0.0018675660248845816,0,0,0.0,417,0.0,,,,,,0,0,,0.0,,
TRAIN,5hcafebs,140,3,4,10,1080,1920,1,2.2065682614424986e-15,-3.0625,0.044680867344141006,0,0,0.0,488,0.0,,,,,,0,0,,0.0,,
TRAIN,5hcafebs,140,4,5,10,1080,1920,1,2.9335764912906377e-30,-6.65625,0.0012843081494793296,0,0,0.0,1811,0.0,,,,,,0,0,,0.0,,
TRAIN,5hcafebs,140,5,6,10,1080,1920,1,8.734267942607043e-27,-5.0,0.006692850962281227,0,0,0.0,939,0.0,,,,,,0,0,,0.0,,
TRAIN,5hcafebs,140,6,7,10,1080,1920,1,0.66015625,4.71875,0.9911527037620544,1,645,0.00031105324074074076,802,0.8042394014962594,0.04601899196493791,572.1395348837209,796.9054263565891,546.6188055908514,797.1207115628971,0,0,0.0,0.0,1,0.2700237035751343
TRAIN,5hcafebs,140,7,8,10,1080,1920,1,0.0017547607421875,5.34375,0.9952448010444641,1,1099,0.0005299961419753086,2066,0.531945788964182,0.03449862005519779,611.2393084622385,797.6041856232939,582.3226086956522,791.8765217391305,0,0,0.0,0.0,1,0.3178664743900299
TRAIN,5hcafebs,140,8,9,10,1080,1920,1,7.194411455615628e-28,-4.46875,0.011331753805279732,0,0,0.0,1034,0.0,,,,,,0,0,,0.0,,
TRAIN,5hcafebs,140,9,10,10,1080,1920,1,9.213895372981418e-28,-5.875,0.0028009270317852497,0,0,0.0,2459,0.0,,,,,,0,0,,0.0,,
TRAIN,5hcafebs,141,0,1,10,1080,1920,1,4.354512196819985e-28,-7.09375,0.0008295892039313912,0,0,0.0,806,0.0,,,,,,0,0,,0.0,,
TRAIN,5hcafebs,141,1,2,10,1080,1920,1,2.5117331222237016e-27,-6.65625,0.0012843081494793296,0,0,0.0,964,0.0,,,,,,0,0,,0.0,,
TRAIN,5hcafebs,141,2,3,10,1080,1920,1,9.098986738083304e-23,-6.4375,0.001597845577634871,0,0,0.0,417,0.0,,,,,,0,0,,0.0,,
TRAIN,5hcafebs,141,3,4,10,1080,1920,1,1.2656542480726785e-14,-3.046875,0.04535258188843727,0,0,0.0,488,0.0,,,,,,0,0,,0.0,,
TRAIN,5hcafebs,141,4,5,10,1080,1920,1,1.601387637598654e-28,-5.625,0.0035936026833951473,0,0,0.0,1811,0.0,,,,,,0,0,,0.0,,
TRAIN,5hcafebs,141,5,6,10,1080,1920,1,2.066815571679051e-28,-5.15625,0.005730246659368277,0,0,0.0,939,0.0,,,,,,0,0,,0.0,,
TRAIN,5hcafebs,141,6,7,10,1080,1920,1,0.609375,4.5,0.9890130758285522,1,367,0.0001769868827160494,802,0.45760598503740646,0.09523809523809523,591.4931880108992,799.850136239782,572.1395348837209,796.9054263565891,0,0,0.0,0.0,1,0.27970969676971436
TRAIN,5hcafebs,141,7,8,10,1080,1920,1,0.061767578125,5.75,0.9968273043632507,1,1125,0.0005425347222222222,2066,0.5445304937076476,0.08487804878048781,630.568,798.24,611.2393084622385,797.6041856232939,0,0,0.0,0.0,1,0.3500574827194214
TRAIN,5hcafebs,141,8,9,10,1080,1920,1,2.3829910224916325e-26,-3.640625,0.025565214455127716,0,0,0.0,1034,0.0,,,,,,0,0,,0.0,,
TRAIN,5hcafebs,141,9,10,10,1080,1920,1,9.742432179479496e-29,-5.875,0.0028009270317852497,0,0,0.0,2459,0.0,,,,,,0,0,,0.0,,
TRAIN,5hcafebs,142,0,1,10,1080,1920,1,5.585135208964764e-28,-7.0,0.0009110511746257544,0,0,0.0,806,0.0,,,,,,0,0,,0.0,,
TRAIN,5hcafebs,142,1,2,10,1080,1920,1,7.194411455615628e-28,-6.71875,0.0012065897462889552,0,0,0.0,964,0.0,,,,,,0,0,,0.0,,
TRAIN,5hcafebs,142,2,3,10,1080,1920,1,2.8919009696678116e-25,-6.03125,0.0023967307060956955,0,0,0.0,417,0.0,,,,,,0,0,,0.0,,
TRAIN,5hcafebs,142,3,4,10,1080,1920,1,2.574980159653073e-18,-3.3125,0.03514484688639641,0,0,0.0,488,0.0,,,,,,0,0,,0.0,,
TRAIN,5hcafebs,142,4,5,10,1080,1920,1,2.1693674893577825e-29,-6.0,0.0024726230185478926,0,0,0.0,1811,0.0,,,,,,0,0,,0.0,,
TRAIN,5hcafebs,142,5,6,10,1080,1920,1,1.9563750449481093e-27,-4.8125,0.008061991073191166,0,0,0.0,939,0.0,,,,,,0,0,,0.0,,
TRAIN,5hcafebs,142,6,7,10,1080,1920,1,0.640625,4.3125,0.9867772459983826,1,713,0.00034384645061728397,802,0.8890274314214464,0.043478260869565216,616.2706872370267,807.4516129032259,591.4931880108992,799.850136239782,0,0,0.0,0.0,1,0.24580366909503937
TRAIN,5hcafebs,142,7,8,10,1080,1920,1,0.203125,5.40625,0.9955315589904785,1,1166,0.0005623070987654321,2066,0.5643756050338818,0.016866400355082113,655.6706689536878,802.7427101200686,630.568,798.24,0,0,0.0,0.0,1,0.3247593641281128
TRAIN,5hcafebs,142,8,9,10,1080,1920,1,6.462348535570529e-26,-3.640625,0.025565214455127716,0,0,0.0,1034,0.0,,,,,,0,0,,0.0,,
TRAIN,5hcafebs,142,9,10,10,1080,1920,1,5.585135208964764e-28,-5.40625,0.0044683837331831455,0,0,0.0,2459,0.0,,,,,,0,0,,0.0,,
TRAIN,5hcafebs,143,0,1,10,1080,1920,1,9.742432179479496e-29,-6.4375,0.001597845577634871,0,0,0.0,806,0.0,,,,,,0,0,,0.0,,
TRAIN,5hcafebs,143,1,2,10,1080,1920,1,9.213895372981418e-28,-6.625,0.0013250223128125072,0,0,0.0,964,0.0,,,,,,0,0,,0.0,,
TRAIN,5hcafebs,143,2,3,10,1080,1920,1,1.014588720084573e-24,-6.03125,0.0023967307060956955,0,0,0.0,417,0.0,,,,,,0,0,,0.0,,
TRAIN,5hcafebs,143,3,4,10,1080,1920,1,2.710505431213761e-19,-3.625,0.02595735713839531,0,0,0.0,488,0.0,,,,,,0,0,,0.0,,
TRAIN,5hcafebs,143,4,5,10,1080,1920,1,2.6505726415425997e-28,-5.75,0.003172682598233223,0,0,0.0,1811,0.0,,,,,,0,0,,0.0,,
TRAIN,5hcafebs,143,5,6,10,1080,1920,1,4.354512196819985e-28,-5.28125,0.005060331895947456,0,0,0.0,939,0.0,,,,,,0,0,,0.0,,
TRAIN,5hcafebs,143,6,7,10,1080,1920,1,0.5234375,4.46875,0.9886682629585266,1,849,0.0004094328703703704,802,1.0586034912718205,0.03306878306878307,642.1755005889281,811.0306242638399,616.2706872370267,807.4516129032259,0,0,0.0,0.0,1,0.24595770239830017
TRAIN,5hcafebs,143,7,8,10,1080,1920,1,0.212890625,5.4375,0.9956685304641724,1,1121,0.0005406057098765432,2066,0.542594385285576,0.011946902654867256,683.4736842105264,803.4594112399643,655.6706689536878,802.7427101200686,0,0,0.0,0.0,1,0.3184730112552643
TRAIN,5hcafebs,143,8,9,10,1080,1920,1,1.125862283931428e-26,-4.125,0.01590639166533947,0,0,0.0,1034,0.0,,,,,,0,0,,0.0,,
TRAIN,5hcafebs,143,9,10,10,1080,1920,1,5.585135208964764e-28,-5.625,0.0035936026833951473,0,0,0.0,2459,0.0,,,,,,0,0,,0.0,,
TRAIN,5hcafebs,144,0,1,10,1080,1920,1,3.5695955961250784e-29,-5.96875,0.0025509123224765062,0,0,0.0,806,0.0,,,,,,0,0,,0.0,,
TRAIN,5hcafebs,144,1,2,10,1080,1920,1,5.916456789157589e-29,-6.375,0.0017007222631946206,0,0,0.0,964,0.0,,,,,,0,0,,0.0,,
TRAIN,5hcafebs,144,2,3,10,1080,1920,1,3.350081480839762e-23,-2.984375,0.048136770725250244,0,0,0.0,417,0.0,,,,,,0,0,,0.0,,
TRAIN,5hcafebs,144,3,4,10,1080,1920,1,1.1546753136970622e-17,-2.296875,0.09138210862874985,0,0,0.0,488,0.0,,,,,,0,0,,0.0,,
TRAIN,5hcafebs,144,4,5,10,1080,1920,1,2.1693674893577825e-29,-5.75,0.003172682598233223,0,0,0.0,1811,0.0,,,,,,0,0,,0.0,,
TRAIN,5hcafebs,144,5,6,10,1080,1920,1,3.5695955961250784e-29,-5.3125,0.004905405919998884,0,0,0.0,939,0.0,,,,,,0,0,,0.0,,
TRAIN,5hcafebs,144,6,7,10,1080,1920,1,0.640625,4.65625,0.9905874133110046,1,713,0.00034384645061728397,802,0.8890274314214464,0.0025673940949935813,670.7307152875176,807.5610098176718,642.1755005889281,811.0306242638399,0,0,0.0,0.0,1,0.2396755963563919
TRAIN,5hcafebs,144,7,8,10,1080,1920,1,0.23046875,5.53125,0.9960545301437378,1,984,0.00047453703703703704,2066,0.4762826718296225,0.003814973772055317,712.1697154471544,803.4573170731708,683.4736842105264,803.4594112399643,0,0,0.0,0.0,1,0.31426802277565
TRAIN,5hcafebs,144,8,9,10,1080,1920,1,4.354512196819985e-28,-4.25,0.014063628390431404,0,0,0.0,1034,0.0,,,,,,0,0,,0.0,,
TRAIN,5hcafebs,144,9,10,10,1080,1920,1,2.1693674893577825e-29,-4.78125,0.008315778337419033,0,0,0.0,2459,0.0,,,,,,0,0,,0.0,,
TRAIN,5hcafebs,145,0,1,10,1080,1920,1,1.787262988391355e-30,-7.03125,0.0008830457809381187,0,0,0.0,806,0.0,,,,,,0,0,,0.0,,
TRAIN,5hcafebs,145,1,2,10,1080,1920,1,5.916456789157589e-29,-6.9375,0.0009697519708424807,0,0,0.0,964,0.0,,,,,,0,0,,0.0,,
TRAIN,5hcafebs,145,2,3,10,1080,1920,1,7.987216665362745e-30,-4.0,0.01798621006309986,0,0,0.0,417,0.0,,,,,,0,0,,0.0,,
TRAIN,5hcafebs,145,3,4,10,1080,1920,1,1.2304311611726287e-23,-3.53125,0.02843603305518627,0,0,0.0,488,0.0,,,,,,0,0,,0.0,,
TRAIN,5hcafebs,145,4,5,10,1080,1920,1,4.831773044478697e-30,-6.71875,0.0012065897462889552,0,0,0.0,1811,0.0,,,,,,0,0,,0.0,,
TRAIN,5hcafebs,145,5,6,10,1080,1920,1,9.742432179479496e-29,-4.3125,0.013222821988165379,0,0,0.0,939,0.0,,,,,,0,0,,0.0,,
TRAIN,5hcafebs,145,6,7,10,1080,1920,1,0.5703125,5.09375,0.9939024448394775,1,833,0.0004017168209876543,802,1.0386533665835411,0.0,703.0636254501801,806.1380552220888,670.7307152875176,807.5610098176718,0,0,0.0,0.0,1,0.21351668238639832
TRAIN,5hcafebs,145,7,8,10,1080,1920,1,0.423828125,5.625,0.9964063763618469,1,954,0.0004600694444444444,2066,0.4617618586640852,0.0010330578512396695,744.8605870020964,800.0765199161425,712.1697154471544,803.4573170731708,0,0,0.0,0.0,1,0.2933867275714874
TRAIN,5hcafebs,145,8,9,10,1080,1920,1,3.218552493301728e-27,-3.65625,0.02517884224653244,0,0,0.0,1034,0.0,,,,,,0,0,,0.0,,
TRAIN,5hcafebs,145,9,10,10,1080,1920,1,9.742432179479496e-29,-5.59375,0.0037072531413286924,0,0,0.0,2459,0.0,,,,,,0,0,,0.0,,
TRAIN,5hcafebs,146,0,1,10,1080,1920,1,1.3213420162451948e-29,-6.5625,0.0014103584690019488,0,0,0.0,806,0.0,,,,,,0,0,,0.0,,
TRAIN,5hcafebs,146,1,2,10,1080,1920,1,5.0487097934144756e-26,-6.28125,0.0018675660248845816,0,0,0.0,964,0.0,,,,,,0,0,,0.0,,
TRAIN,5hcafebs,146,2,3,10,1080,1920,1,3.715850407953054e-25,-3.40625,0.03210070729255676,0,0,0.0,417,0.0,,,,,,0,0,,0.0,,
TRAIN,5hcafebs,146,3,4,10,1080,1920,1,7.113753267956038e-23,-3.84375,0.020964240655303,0,0,0.0,488,0.0,,,,,,0,0,,0.0,,
TRAIN,5hcafebs,146,4,5,10,1080,1920,1,9.742432179479496e-29,-5.90625,0.0027149852830916643,0,0,0.0,1811,0.0,,,,,,0,0,,0.0,,
TRAIN,5hcafebs,146,5,6,10,1080,1920,1,4.13994203059987e-27,-4.71875,0.008847354911267757,0,0,0.0,939,0.0,,,,,,0,0,,0.0,,
TRAIN,5hcafebs,146,6,7,10,1080,1920,1,0.58203125,5.96875,0.9974491000175476,1,816,0.0003935185185185185,802,1.0174563591022443,0.0030413625304136255,731.5490196078431,798.1691176470588,703.0636254501801,806.1380552220888,0,0,0.0,0.0,1,0.3283577859401703
TRAIN,5hcafebs,146,7,8,10,1080,1920,1,0.28125,4.9375,0.9928786158561707,1,1047,0.0005049189814814815,2066,0.5067763794772507,0.0010005002501250625,776.1356255969437,792.8338108882522,744.8605870020964,800.0765199161425,0,0,0.0,0.0,1,0.284795343875885
TRAIN,5hcafebs,146,8,9,10,1080,1920,1,3.917798799689633e-26,-3.59375,0.026759283617138863,0,0,0.0,1034,0.0,,,,,,0,0,,0.0,,
TRAIN,5hcafebs,146,9,10,10,1080,1920,1,2.066815571679051e-28,-5.53125,0.0039454069919884205,0,0,0.0,2459,0.0,,,,,,0,0,,0.0,,
TRAIN,5hcafebs,147,0,1,10,1080,1920,1,4.831773044478697e-30,-6.625,0.0013250223128125072,0,0,0.0,806,0.0,,,,,,0,0,,0.0,,
TRAIN,5hcafebs,147,1,2,10,1080,1920,1,2.5117331222237016e-27,-6.28125,0.0018675660248845816,0,0,0.0,964,0.0,,,,,,0,0,,0.0,,
TRAIN,5hcafebs,147,2,3,10,1080,1920,1,5.816113682013476e-24,-2.21875,0.09807931631803513,0,0,0.0,417,0.0,,,,,,0,0,,0.0,,
TRAIN,5hcafebs,147,3,4,10,1080,1920,1,1.2989320556496763e-24,-3.9375,0.01912403479218483,0,0,0.0,488,0.0,,,,,,0,0,,0.0,,
TRAIN,5hcafebs,147,4,5,10,1080,1920,1,1.3213420162451948e-29,-5.875,0.0028009270317852497,0,0,0.0,1811,0.0,,,,,,0,0,,0.0,,
TRAIN,5hcafebs,147,5,6,10,1080,1920,1,5.816113682013476e-24,-2.90625,0.05184546485543251,0,0,0.0,939,0.0,,,,,,0,0,,0.0,,
TRAIN,5hcafebs,147,6,7,10,1080,1920,1,0.5625,5.28125,0.9949396848678589,1,368,0.00017746913580246913,802,0.45885286783042395,0.0,758.6304347826087,789.2635869565217,731.5490196078431,798.1691176470588,0,0,0.0,0.0,1,0.28680455684661865
TRAIN,5hcafebs,147,7,8,10,1080,1920,1,0.349609375,4.78125,0.9916841983795166,1,1037,0.0005000964506172839,2066,0.5019361084220716,0.030153237765694514,801.9459980713597,789.2613307618129,776.1356255969437,792.8338108882522,0,0,0.0,0.0,1,0.3003329336643219
TRAIN,5hcafebs,147,8,9,10,1080,1920,1,5.301145283085199e-27,-4.1875,0.014957086183130741,0,0,0.0,1034,0.0,,,,,,0,0,,0.0,,
TRAIN,5hcafebs,147,9,10,10,1080,1920,1,1.5209238252661108e-27,-5.34375,0.004755199886858463,0,0,0.0,2459,0.0,,,,,,0,0,,0.0,,
TRAIN,5hcafebs,148,0,1,10,1080,1920,1,1.3213420162451948e-29,-6.65625,0.0012843081494793296,0,0,0.0,806,0.0,,,,,,0,0,,0.0,,
TRAIN,5hcafebs,148,1,2,10,1080,1920,1,1.601387637598654e-28,-6.6875,0.0012448433553799987,0,0,0.0,964,0.0,,,,,,0,0,,0.0,,
TRAIN,5hcafebs,148,2,3,10,1080,1920,1,5.0487097934144756e-26,-3.5625,0.027585282921791077,0,0,0.0,417,0.0,,,,,,0,0,,0.0,,
TRAIN,5hcafebs,148,3,4,10,1080,1920,1,2.8919009696678116e-25,-4.15625,0.015424552373588085,0,0,0.0,488,0.0,,,,,,0,0,,0.0,,
TRAIN,5hcafebs,148,4,5,10,1080,1920,1,2.1693674893577825e-29,-6.5,0.0015011823270469904,0,0,0.0,1811,0.0,,,,,,0,0,,0.0,,
TRAIN,5hcafebs,148,5,6,10,1080,1920,1,1.125862283931428e-26,-3.4375,0.031143832951784134,0,0,0.0,939,0.0,,,,,,0,0,,0.0,,
TRAIN,5hcafebs,148,6,7,10,1080,1920,1,0.5703125,5.8125,0.9970190525054932,1,769,0.0003708526234567901,802,0.9588528678304239,0.0,788.6150845253576,793.665799739922,758.6304347826087,789.2635869565217,0,0,0.0,0.0,1,0.2617821991443634
TRAIN,5hcafebs,148,7,8,10,1080,1920,1,0.3515625,4.96875,0.9930961728096008,1,955,0.0004605516975308642,2066,0.46224588576960307,0.010141987829614604,829.8764397905759,787.0837696335078,801.9459980713597,789.2613307618129,0,0,0.0,0.0,1,0.3049562871456146
TRAIN,5hcafebs,148,8,9,10,1080,1920,1,1.857925203976527e-26,-3.796875,0.021948253735899925,0,0,0.0,1034,0.0,,,,,,0,0,,0.0,,
TRAIN,5hcafebs,148,9,10,10,1080,1920,1,3.3921018924503508e-28,-5.375,0.004609572235494852,0,0,0.0,2459,0.0,,,,,,0,0,,0.0,,
TRAIN,5hcafebs,149,0,1,10,1080,1920,1,1.3213420162451948e-29,-6.9375,0.0009697519708424807,0,0,0.0,806,0.0,,,,,,0,0,,0.0,,
TRAIN,5hcafebs,149,1,2,10,1080,1920,1,3.3921018924503508e-28,-6.09375,0.002251847181469202,0,0,0.0,964,0.0,,,,,,0,0,,0.0,,
TRAIN,5hcafebs,149,2,3,10,1080,1920,1,1.601387637598654e-28,-3.84375,0.020964240655303,0,0,0.0,417,0.0,,,,,,0,0,,0.0,,
TRAIN,5hcafebs,149,3,4,10,1080,1920,1,1.2989320556496763e-24,-2.796875,0.05749328061938286,0,0,0.0,488,0.0,,,,,,0,0,,0.0,,
TRAIN,5hcafebs,149,4,5,10,1080,1920,1,7.987216665362745e-30,-6.75,0.0011695103021338582,0,0,0.0,1811,0.0,,,,,,0,0,,0.0,,
TRAIN,5hcafebs,149,5,6,10,1080,1920,1,3.3921018924503508e-28,-3.765625,0.02262919954955578,0,0,0.0,939,0.0,,,,,,0,0,,0.0,,
TRAIN,5hcafebs,149,6,7,10,1080,1920,1,0.58984375,5.96875,0.9974491000175476,1,741,0.00035734953703703704,802,0.9239401496259352,0.0026560424966799467,816.0269905533063,791.9284750337382,788.6150845253576,793.665799739922,0,0,0.0,0.0,1,0.2660132348537445
TRAIN,5hcafebs,149,7,8,10,1080,1920,1,0.51953125,4.875,0.9924227595329285,1,981,0.0004730902777777778,2066,0.47483059051306875,0.0031088082901554403,858.3312945973496,784.6941896024465,829.8764397905759,787.0837696335078,0,0,0.0,0.0,1,0.28772038221359253
TRAIN,5hcafebs,149,8,9,10,1080,1920,1,3.049420715222343e-26,-3.109375,0.0427221953868866,0,0,0.0,1034,0.0,,,,,,0,0,,0.0,,
TRAIN,5hcafebs,149,9,10,10,1080,1920,1,9.742432179479496e-29,-5.03125,0.0064882696606218815,0,0,0.0,2459,0.0,,,,,,0,0,,0.0,,
TRAIN,5hcafebs,150,0,1,10,1080,1920,1,2.1693674893577825e-29,-6.53125,0.0014550630003213882,0,0,0.0,806,0.0,,,,,,0,0,,0.0,,
TRAIN,5hcafebs,150,1,2,10,1080,1920,1,2.066815571679051e-28,-6.375,0.0017007222631946206,0,0,0.0,964,0.0,,,,,,0,0,,0.0,,
TRAIN,5hcafebs,150,2,3,10,1080,1920,1,3.3921018924503508e-28,-4.375,0.012431650422513485,0,0,0.0,417,0.0,,,,,,0,0,,0.0,,
TRAIN,5hcafebs,150,3,4,10,1080,1920,1,1.5819829215076654e-23,-2.625,0.06754669547080994,0,0,0.0,488,0.0,,,,,,0,0,,0.0,,
TRAIN,5hcafebs,150,4,5,10,1080,1920,1,1.3213420162451948e-29,-6.40625,0.0016484829830005765,0,0,0.0,1811,0.0,,,,,,0,0,,0.0,,
TRAIN,5hcafebs,150,5,6,10,1080,1920,1,9.742432179479496e-29,-4.0625,0.016914913430809975,0,0,0.0,939,0.0,,,,,,0,0,,0.0,,
TRAIN,5hcafebs,150,6,7,10,1080,1920,1,0.478515625,6.28125,0.9981324076652527,1,314,0.00015142746913580246,802,0.3915211970074813,0.016377649325626204,837.9394904458599,782.5445859872611,816.0269905533063,791.9284750337382,0,0,0.0,0.0,1,0.27068018913269043
TRAIN,5hcafebs,150,7,8,10,1080,1920,1,0.515625,5.09375,0.9939024448394775,1,957,0.00046151620370370373,2066,0.4632139399806389,0.06366630076838639,879.8317659352142,783.3437826541275,858.3312945973496,784.6941896024465,0,0,0.0,0.0,1,0.277720183134079
TRAIN,5hcafebs,150,8,9,10,1080,1920,1,5.301145283085199e-27,-3.96875,0.018546566367149353,0,0,0.0,1034,0.0,,,,,,0,0,,0.0,,
TRAIN,5hcafebs,150,9,10,10,1080,1920,1,4.354512196819985e-28,-5.8125,0.0029810327105224133,0,0,0.0,2459,0.0,,,,,,0,0,,0.0,,
TRAIN,5hcafebs,151,0,1,10,1080,1920,1,5.916456789157589e-29,-6.75,0.0011695103021338582,0,0,0.0,806,0.0,,,,,,0,0,,0.0,,
TRAIN,5hcafebs,151,1,2,10,1080,1920,1,4.354512196819985e-28,-6.40625,0.0016484829830005765,0,0,0.0,964,0.0,,,,,,0,0,,0.0,,
TRAIN,5hcafebs,151,2,3,10,1080,1920,1,5.585135208964764e-28,-4.15625,0.015424552373588085,0,0,0.0,417,0.0,,,,,,0,0,,0.0,,
TRAIN,5hcafebs,151,3,4,10,1080,1920,1,1.6672859221771964e-24,-2.828125,0.05582314357161522,0,0,0.0,488,0.0,,,,,,0,0,,0.0,,
TRAIN,5hcafebs,151,4,5,10,1080,1920,1,7.987216665362745e-30,-6.625,0.0013250223128125072,0,0,0.0,1811,0.0,,,,,,0,0,,0.0,,
TRAIN,5hcafebs,151,5,6,10,1080,1920,1,3.5695955961250784e-29,-3.84375,0.020964240655303,0,0,0.0,939,0.0,,,,,,0,0,,0.0,,
TRAIN,5hcafebs,151,6,7,10,1080,1920,1,0.5546875,5.6875,0.9966233968734741,1,716,0.0003452932098765432,802,0.8927680798004988,0.039354187689202826,858.9203910614525,782.4022346368715,837.9394904458599,782.5445859872611,0,0,0.0,0.0,1,0.2666345536708832
TRAIN,5hcafebs,151,7,8,10,1080,1920,1,0.486328125,5.46875,0.9958011507987976,1,991,0.0004779128086419753,2066,0.47967086156824784,0.05582655826558266,902.2199798183652,775.9273461150353,879.8317659352142,783.3437826541275,0,0,0.0,0.0,1,0.2921304404735565
TRAIN,5hcafebs,151,8,9,10,1080,1920,1,8.320273739547056e-26,-3.171875,0.04023794084787369,0,0,0.0,1034,0.0,,,,,,0,0,,0.0,,
TRAIN,5hcafebs,151,9,10,10,1080,1920,1,9.742432179479496e-29,-5.71875,0.003273064736276865,0,0,0.0,2459,0.0,,,,,,0,0,,0.0,,
TRAIN,5hcafebs,152,0,1,10,1080,1920,1,1.601387637598654e-28,-6.5,0.0015011823270469904,0,0,0.0,806,0.0,,,,,,0,0,,0.0,,
TRAIN,5hcafebs,152,1,2,10,1080,1920,1,7.194411455615628e-28,-6.28125,0.0018675660248845816,0,0,0.0,964,0.0,,,,,,0,0,,0.0,,
TRAIN,5hcafebs,152,2,3,10,1080,1920,1,1.5209238252661108e-27,-3.8125,0.02161533385515213,0,0,0.0,417,0.0,,,,,,0,0,,0.0,,
TRAIN,5hcafebs,152,3,4,10,1080,1920,1,5.816113682013476e-24,-2.5,0.07585817575454712,0,0,0.0,488,0.0,,,,,,0,0,,0.0,,
TRAIN,5hcafebs,152,4,5,10,1080,1920,1,4.831773044478697e-30,-6.3125,0.0018102108733728528,0,0,0.0,1811,0.0,,,,,,0,0,,0.0,,
TRAIN,5hcafebs,152,5,6,10,1080,1920,1,2.5117331222237016e-27,-4.3125,0.013222821988165379,0,0,0.0,939,0.0,,,,,,0,0,,0.0,,
TRAIN,5hcafebs,152,6,7,10,1080,1920,1,0.5859375,5.5,0.9959298968315125,1,316,0.00015239197530864197,802,0.3940149625935162,0.0,884.3227848101266,770.3892405063291,858.9203910614525,782.4022346368715,0,0,0.0,0.0,1,0.27883344888687134
TRAIN,5hcafebs,152,7,8,10,1080,1920,1,0.55078125,5.8125,0.9970190525054932,1,905,0.00043643904320987654,2066,0.4380445304937077,0.036065573770491806,926.0707182320442,770.0055248618785,902.2199798183652,775.9273461150353,0,0,0.0,0.0,1,0.2905418574810028
TRAIN,5hcafebs,152,8,9,10,1080,1920,1,1.44393100091654e-26,-2.9375,0.05033063143491745,0,0,0.0,1034,0.0,,,,,,0,0,,0.0,,
TRAIN,5hcafebs,152,9,10,10,1080,1920,1,3.5695955961250784e-29,-5.53125,0.0039454069919884205,0,0,0.0,2459,0.0,,,,,,0,0,,0.0,,
TRAIN,5hcafebs,153,0,1,10,1080,1920,1,2.1693674893577825e-29,-7.1875,0.0007554056355729699,0,0,0.0,806,0.0,,,,,,0,0,,0.0,,
TRAIN,5hcafebs,153,1,2,10,1080,1920,1,5.916456789157589e-29,-7.0,0.0009110511746257544,0,0,0.0,964,0.0,,,,,,0,0,,0.0,,
TRAIN,5hcafebs,153,2,3,10,1080,1920,1,3.5695955961250784e-29,-4.875,0.007577241398394108,0,0,0.0,417,0.0,,,,,,0,0,,0.0,,
TRAIN,5hcafebs,153,3,4,10,1080,1920,1,6.815758221109542e-27,-3.71875,0.023689469322562218,0,0,0.0,488,0.0,,,,,,0,0,,0.0,,
TRAIN,5hcafebs,153,4,5,10,1080,1920,1,2.1693674893577825e-29,-7.0,0.0009110511746257544,0,0,0.0,1811,0.0,,,,,,0,0,,0.0,,
TRAIN,5hcafebs,153,5,6,10,1080,1920,1,1.5209238252661108e-27,-4.40625,0.0120537793263793,0,0,0.0,939,0.0,,,,,,0,0,,0.0,,
TRAIN,5hcafebs,153,6,7,10,1080,1920,1,0.65234375,5.0,0.9933071732521057,1,291,0.00014033564814814814,802,0.3628428927680798,0.0,913.9106529209622,766.2164948453608,884.3227848101266,770.3892405063291,0,0,0.0,0.0,1,0.24234704673290253
TRAIN,5hcafebs,153,7,8,10,1080,1920,1,0.58984375,5.25,0.9947799444198608,1,906,0.0004369212962962963,2066,0.43852855759922554,0.0,955.0938189845475,766.3101545253863,926.0707182320442,770.0055248618785,0,0,0.0,0.0,1,0.28737324476242065
TRAIN,5hcafebs,153,8,9,10,1080,1920,1,8.320273739547056e-26,-3.328125,0.034618835896253586,0,0,0.0,1034,0.0,,,,,,0,0,,0.0,,
TRAIN,5hcafebs,153,9,10,10,1080,1920,1,1.601387637598654e-28,-5.125,0.0059110685251653194,0,0,0.0,2459,0.0,,,,,,0,0,,0.0,,
TRAIN,5hcafebs,154,0,1,10,1080,1920,1,3.975119405215255e-31,-6.875,0.0010322310263291001,0,0,0.0,806,0.0,,,,,,0,0,,0.0,,
TRAIN,5hcafebs,154,1,2,10,1080,1920,1,2.1693674893577825e-29,-6.75,0.0011695103021338582,0,0,0.0,964,0.0,,,,,,0,0,,0.0,,
TRAIN,5hcafebs,154,2,3,10,1080,1920,1,2.1693674893577825e-29,-3.4375,0.031143832951784134,0,0,0.0,417,0.0,,,,,,0,0,,0.0,,
TRAIN,5hcafebs,154,3,4,10,1080,1920,1,1.857925203976527e-26,-2.328125,0.08882029354572296,0,0,0.0,488,0.0,,,,,,0,0,,0.0,,
TRAIN,5hcafebs,154,4,5,10,1080,1920,1,4.831773044478697e-30,-6.875,0.0010322310263291001,0,0,0.0,1811,0.0,,,,,,0,0,,0.0,,
TRAIN,5hcafebs,154,5,6,10,1080,1920,1,2.6505726415425997e-28,-4.4375,0.011687257327139378,0,0,0.0,939,0.0,,,,,,0,0,,0.0,,
TRAIN,5hcafebs,154,6,7,10,1080,1920,1,0.5703125,6.09375,0.9977481961250305,1,686,0.0003308256172839506,802,0.8553615960099751,0.0,946.3425655976677,767.7711370262391,913.9106529209622,766.2164948453608,0,0,0.0,0.0,1,0.2136479616165161
TRAIN,5hcafebs,154,7,8,10,1080,1920,1,0.65234375,5.21875,0.9946150183677673,1,950,0.0004581404320987654,2066,0.45982575024201355,0.0,989.3147368421053,761.7831578947369,955.0938189845475,766.3101545253863,0,0,0.0,0.0,1,0.29501694440841675
TRAIN,5hcafebs,154,8,9,10,1080,1920,1,2.3829910224916325e-26,-3.421875,0.031618766486644745,0,0,0.0,1034,0.0,,,,,,0,0,,0.0,,
TRAIN,5hcafebs,154,9,10,10,1080,1920,1,2.6505726415425997e-28,-4.9375,0.00712142838165164,0,0,0.0,2459,0.0,,,,,,0,0,,0.0,,
TRAIN,5hcafebs,155,0,1,10,1080,1920,1,2.1693674893577825e-29,-6.5,0.0015011823270469904,0,0,0.0,806,0.0,,,,,,0,0,,0.0,,
TRAIN,5hcafebs,155,1,2,10,1080,1920,1,3.3921018924503508e-28,-6.3125,0.0018102108733728528,0,0,0.0,964,0.0,,,,,,0,0,,0.0,,
TRAIN,5hcafebs,155,2,3,10,1080,1920,1,1.125862283931428e-26,-4.34375,0.012821214273571968,0,0,0.0,417,0.0,,,,,,0,0,,0.0,,
TRAIN,5hcafebs,155,3,4,10,1080,1920,1,8.320273739547056e-26,-2.828125,0.05582314357161522,0,0,0.0,488,0.0,,,,,,0,0,,0.0,,
TRAIN,5hcafebs,155,4,5,10,1080,1920,1,3.5695955961250784e-29,-6.15625,0.002115703420713544,0,0,0.0,1811,0.0,,,,,,0,0,,0.0,,
TRAIN,5hcafebs,155,5,6,10,1080,1920,1,3.3921018924503508e-28,-4.0,0.01798621006309986,0,0,0.0,939,0.0,,,,,,0,0,,0.0,,
TRAIN,5hcafebs,155,6,7,10,1080,1920,1,0.74609375,4.5,0.9890130758285522,1,336,0.00016203703703703703,802,0.41895261845386533,0.0,982.9464285714286,760.1875,946.3425655976677,767.7711370262391,0,0,0.0,0.0,1,0.24560651183128357
TRAIN,5hcafebs,155,7,8,10,1080,1920,1,0.60546875,5.03125,0.9935117363929749,1,981,0.0004730902777777778,2066,0.47483059051306875,0.0,1023.5341488277268,760.1396534148828,989.3147368421053,761.7831578947369,0,0,0.0,0.0,1,0.27637046575546265
TRAIN,5hcafebs,155,8,9,10,1080,1920,1,2.3829910224916325e-26,-3.515625,0.028870904818177223,0,0,0.0,1034,0.0,,,,,,0,0,,0.0,,
TRAIN,5hcafebs,155,9,10,10,1080,1920,1,9.742432179479496e-29,-5.0625,0.00628990214318037,0,0,0.0,2459,0.0,,,,,,0,0,,0.0,,
TRAIN,5hcafebs,156,0,1,10,1080,1920,1,2.1693674893577825e-29,-6.34375,0.0017546144081279635,0,0,0.0,806,0.0,,,,,,0,0,,0.0,,
TRAIN,5hcafebs,156,1,2,10,1080,1920,1,1.601387637598654e-28,-6.34375,0.0017546144081279635,0,0,0.0,964,0.0,,,,,,0,0,,0.0,,
TRAIN,5hcafebs,156,2,3,10,1080,1920,1,2.3829910224916325e-26,-3.90625,0.01971912756562233,0,0,0.0,417,0.0,,,,,,0,0,,0.0,,
TRAIN,5hcafebs,156,3,4,10,1080,1920,1,2.0369322584118306e-23,-2.578125,0.07055959850549698,0,0,0.0,488,0.0,,,,,,0,0,,0.0,,
TRAIN,5hcafebs,156,4,5,10,1080,1920,1,2.1693674893577825e-29,-6.25,0.0019267346942797303,0,0,0.0,1811,0.0,,,,,,0,0,,0.0,,
TRAIN,5hcafebs,156,5,6,10,1080,1920,1,1.1864468014524018e-27,-4.53125,0.01065251138061285,0,0,0.0,939,0.0,,,,,,0,0,,0.0,,
TRAIN,5hcafebs,156,6,7,10,1080,1920,1,0.68359375,4.8125,0.9919379353523254,1,408,0.00019675925925925926,802,0.5087281795511222,0.0,1019.3063725490196,762.9044117647059,982.9464285714286,760.1875,0,0,0.0,0.0,1,0.18647117912769318
TRAIN,5hcafebs,156,7,8,10,1080,1920,1,0.62890625,5.34375,0.9952448010444641,1,782,0.0003771219135802469,2066,0.37850919651500486,0.0,1058.957800511509,763.6150895140665,1023.5341488277268,760.1396534148828,0,0,0.0,0.0,1,0.28176605701446533
TRAIN,5hcafebs,156,8,9,10,1080,1920,1,5.301145283085199e-27,-3.609375,0.026355354115366936,0,0,0.0,1034,0.0,,,,,,0,0,,0.0,,
TRAIN,5hcafebs,156,9,10,10,1080,1920,1,1.5209238252661108e-27,-4.375,0.012431650422513485,0,0,0.0,2459,0.0,,,,,,0,0,,0.0,,
TRAIN,5hcafebs,157,0,1,10,1080,1920,1,8.734267942607043e-27,-5.875,0.0028009270317852497,0,0,0.0,806,0.0,,,,,,0,0,,0.0,,
TRAIN,5hcafebs,157,1,2,10,1080,1920,1,1.857925203976527e-26,-5.5625,0.0038244836032390594,0,0,0.0,964,0.0,,,,,,0,0,,0.0,,
TRAIN,5hcafebs,157,2,3,10,1080,1920,1,8.320273739547056e-26,-3.15625,0.04084571450948715,0,0,0.0,417,0.0,,,,,,0,0,,0.0,,
TRAIN,5hcafebs,157,3,4,10,1080,1920,1,9.994988777600744e-20,-1.5078125,0.18126320838928223,0,0,0.0,488,0.0,,,,,,0,0,,0.0,,
TRAIN,5hcafebs,157,4,5,10,1080,1920,1,3.218552493301728e-27,-5.75,0.003172682598233223,0,0,0.0,1811,0.0,,,,,,0,0,,0.0,,
TRAIN,5hcafebs,157,5,6,10,1080,1920,1,8.734267942607043e-27,-4.65625,0.009412589482963085,0,0,0.0,939,0.0,,,,,,0,0,,0.0,,
TRAIN,5hcafebs,157,6,7,10,1080,1920,1,0.68359375,5.46875,0.9958011507987976,1,345,0.0001663773148148148,802,0.43017456359102246,0.028688524590163935,1040.9971014492753,761.6811594202899,1019.3063725490196,762.9044117647059,0,0,0.0,0.0,1,0.21078991889953613
TRAIN,5hcafebs,157,7,8,10,1080,1920,1,0.64453125,5.5625,0.9961755275726318,1,752,0.00036265432098765433,2066,0.3639883833494676,0.0,1081.1156914893618,763.8164893617021,1058.957800511509,763.6150895140665,0,0,0.0,0.0,1,0.3034180700778961
TRAIN,5hcafebs,157,8,9,10,1080,1920,1,3.715850407953054e-25,-3.421875,0.031618766486644745,0,0,0.0,1034,0.0,,,,,,0,0,,0.0,,
TRAIN,5hcafebs,157,9,10,10,1080,1920,1,5.301145283085199e-27,-4.65625,0.009412589482963085,0,0,0.0,2459,0.0,,,,,,0,0,,0.0,,
TRAIN,5hcafebs,158,0,1,10,1080,1920,1,9.213895372981418e-28,-6.09375,0.002251847181469202,0,0,0.0,806,0.0,,,,,,0,0,,0.0,,
TRAIN,5hcafebs,158,1,2,10,1080,1920,1,6.815758221109542e-27,-6.125,0.002182716503739357,0,0,0.0,964,0.0,,,,,,0,0,,0.0,,
TRAIN,5hcafebs,158,2,3,10,1080,1920,1,2.8919009696678116e-25,-3.890625,0.020023440942168236,0,0,0.0,417,0.0,,,,,,0,0,,0.0,,
TRAIN,5hcafebs,158,3,4,10,1080,1920,1,1.7364175418713157e-20,-1.7109375,0.15304215252399445,0,0,0.0,488,0.0,,,,,,0,0,,0.0,,
TRAIN,5hcafebs,158,4,5,10,1080,1920,1,8.734267942607043e-27,-6.25,0.0019267346942797303,0,0,0.0,1811,0.0,,,,,,0,0,,0.0,,
TRAIN,5hcafebs,158,5,6,10,1080,1920,1,1.9563750449481093e-27,-4.15625,0.015424552373588085,0,0,0.0,939,0.0,,,,,,0,0,,0.0,,
TRAIN,5hcafebs,158,6,7,10,1080,1920,1,0.70703125,5.71875,0.9967268705368042,1,323,0.00015576774691358024,802,0.4027431421446384,0.047021943573667714,1058.996904024768,758.5727554179566,1040.9971014492753,761.6811594202899,0,0,0.0,0.0,1,0.24550583958625793
TRAIN,5hcafebs,158,7,8,10,1080,1920,1,0.6953125,5.6875,0.9966233968734741,1,640,0.00030864197530864197,2066,0.30977734753146174,0.003604902667627974,1099.7484375,760.725,1081.1156914893618,763.8164893617021,0,0,0.0,0.0,1,0.3577650487422943
TRAIN,5hcafebs,158,8,9,10,1080,1920,1,1.760989975942969e-25,-3.28125,0.03622005507349968,0,0,0.0,1034,0.0,,,,,,0,0,,0.0,,
TRAIN,5hcafebs,158,9,10,10,1080,1920,1,1.125862283931428e-26,-4.3125,0.013222821988165379,0,0,0.0,2459,0.0,,,,,,0,0,,0.0,,
TRAIN,5hcafebs,159,0,1,10,1080,1920,1,1.125862283931428e-26,-6.0625,0.002323162741959095,0,0,0.0,806,0.0,,,,,,0,0,,0.0,,
TRAIN,5hcafebs,159,1,2,10,1080,1920,1,8.734267942607043e-27,-6.46875,0.0015487611526623368,0,0,0.0,964,0.0,,,,,,0,0,,0.0,,
TRAIN,5hcafebs,159,2,3,10,1080,1920,1,1.857925203976527e-26,-3.34375,0.034100424498319626,0,0,0.0,417,0.0,,,,,,0,0,,0.0,,
TRAIN,5hcafebs,159,3,4,10,1080,1920,1,8.66885281955573e-22,-1.7421875,0.1490352898836136,0,0,0.0,488,0.0,,,,,,0,0,,0.0,,
TRAIN,5hcafebs,159,4,5,10,1080,1920,1,3.218552493301728e-27,-6.09375,0.002251847181469202,0,0,0.0,1811,0.0,,,,,,0,0,,0.0,,
TRAIN,5hcafebs,159,5,6,10,1080,1920,1,8.734267942607043e-27,-4.0,0.01798621006309986,0,0,0.0,939,0.0,,,,,,0,0,,0.0,,
TRAIN,5hcafebs,159,6,7,10,1080,1920,1,0.66015625,5.71875,0.9967268705368042,1,318,0.00015335648148148148,802,0.39650872817955113,0.0,1085.4528301886792,757.5911949685535,1058.996904024768,758.5727554179566,0,0,0.0,0.0,1,0.21985048055648804
TRAIN,5hcafebs,159,7,8,10,1080,1920,1,0.703125,5.6875,0.9966233968734741,1,696,0.0003356481481481481,2066,0.33688286544046464,0.0,1124.1522988505747,760.4209770114943,1099.7484375,760.725,0,0,0.0,0.0,1,0.2826284170150757
TRAIN,5hcafebs,159,8,9,10,1080,1920,1,6.462348535570529e-26,-3.84375,0.020964240655303,0,0,0.0,1034,0.0,,,,,,0,0,,0.0,,
TRAIN,5hcafebs,159,9,10,10,1080,1920,1,5.816113682013476e-24,-2.6875,0.06371499598026276,0,0,0.0,2459,0.0,,,,,,0,0,,0.0,,
TRAIN,5hcafebs,160,0,1,10,1080,1920,1,2.6505726415425997e-28,-6.09375,0.002251847181469202,0,0,0.0,806,0.0,,,,,,0,0,,0.0,,
TRAIN,5hcafebs,160,1,2,10,1080,1920,1,5.301145283085199e-27,-6.03125,0.0023967307060956955,0,0,0.0,964,0.0,,,,,,0,0,,0.0,,
TRAIN,5hcafebs,160,2,3,10,1080,1920,1,3.715850407953054e-25,-3.515625,0.028870904818177223,0,0,0.0,417,0.0,,,,,,0,0,,0.0,,
TRAIN,5hcafebs,160,3,4,10,1080,1920,1,3.1763735522036263e-22,-2.25,0.09534945338964462,0,0,0.0,488,0.0,,,,,,0,0,,0.0,,
TRAIN,5hcafebs,160,4,5,10,1080,1920,1,2.3829910224916325e-26,-5.5625,0.0038244836032390594,0,0,0.0,1811,0.0,,,,,,0,0,,0.0,,
TRAIN,5hcafebs,160,5,6,10,1080,1920,1,1.857925203976527e-26,-4.15625,0.015424552373588085,0,0,0.0,939,0.0,,,,,,0,0,,0.0,,
TRAIN,5hcafebs,160,6,7,10,1080,1920,1,0.67578125,5.3125,0.9950946569442749,1,475,0.0002290702160493827,802,0.5922693266832918,0.0,1114.56,759.6042105263158,1085.4528301886792,757.5911949685535,0,0,0.0,0.0,1,0.17273390293121338
TRAIN,5hcafebs,160,7,8,10,1080,1920,1,0.5,6.5625,0.9985895752906799,1,718,0.0003462577160493827,2066,0.3475314617618587,0.0,1152.7451253481895,761.5403899721448,1124.1522988505747,760.4209770114943,0,0,0.0,0.0,1,0.3359510898590088
TRAIN,5hcafebs,160,8,9,10,1080,1920,1,1.857925203976527e-26,-3.953125,0.018833130598068237,0,0,0.0,1034,0.0,,,,,,0,0,,0.0,,
TRAIN,5hcafebs,160,9,10,10,1080,1920,1,2.8919009696678116e-25,-3.25,0.037326887249946594,0,0,0.0,2459,0.0,,,,,,0,0,,0.0,,
TRAIN,5hcafebs,161,0,1,10,1080,1920,1,2.5117331222237016e-27,-6.21875,0.001987774157896638,0,0,0.0,806,0.0,,,,,,0,0,,0.0,,
TRAIN,5hcafebs,161,1,2,10,1080,1920,1,9.213895372981418e-28,-6.90625,0.0010005044750869274,0,0,0.0,964,0.0,,,,,,0,0,,0.0,,
TRAIN,5hcafebs,161,2,3,10,1080,1920,1,2.5117331222237016e-27,-4.8125,0.008061991073191166,0,0,0.0,417,0.0,,,,,,0,0,,0.0,,
TRAIN,5hcafebs,161,3,4,10,1080,1920,1,3.715850407953054e-25,-3.078125,0.04401864856481552,0,0,0.0,488,0.0,,,,,,0,0,,0.0,,
TRAIN,5hcafebs,161,4,5,10,1080,1920,1,6.815758221109542e-27,-6.1875,0.0020507434383034706,0,0,0.0,1811,0.0,,,,,,0,0,,0.0,,
TRAIN,5hcafebs,161,5,6,10,1080,1920,1,8.734267942607043e-27,-5.125,0.0059110685251653194,0,0,0.0,939,0.0,,,,,,0,0,,0.0,,
TRAIN,5hcafebs,161,6,7,10,1080,1920,1,0.70703125,6.125,0.9978172779083252,1,323,0.00015576774691358024,802,0.4027431421446384,0.07258064516129033,1134.5232198142414,760.1021671826626,1114.56,759.6042105263158,0,0,0.0,0.0,1,0.29170092940330505
TRAIN,5hcafebs,161,7,8,10,1080,1920,1,0.48046875,6.125,0.9978172779083252,1,364,0.00017554012345679014,2066,0.17618586640851888,0.0,1174.7884615384614,753.4917582417582,1152.7451253481895,761.5403899721448,0,0,0.0,0.0,1,0.3566652834415436
TRAIN,5hcafebs,161,8,9,10,1080,1920,1,5.0487097934144756e-26,-4.03125,0.017442485317587852,0,0,0.0,1034,0.0,,,,,,0,0,,0.0,,
TRAIN,5hcafebs,161,9,10,10,1080,1920,1,4.13994203059987e-27,-4.125,0.01590639166533947,0,0,0.0,2459,0.0,,,,,,0,0,,0.0,,
TRAIN,5hcafebs,162,0,1,10,1080,1920,1,2.066815571679051e-28,-6.15625,0.002115703420713544,0,0,0.0,806,0.0,,,,,,0,0,,0.0,,
TRAIN,5hcafebs,162,1,2,10,1080,1920,1,2.6505726415425997e-28,-6.625,0.0013250223128125072,0,0,0.0,964,0.0,,,,,,0,0,,0.0,,
TRAIN,5hcafebs,162,2,3,10,1080,1920,1,3.218552493301728e-27,-4.28125,0.013636835850775242,0,0,0.0,417,0.0,,,,,,0,0,,0.0,,
TRAIN,5hcafebs,162,3,4,10,1080,1920,1,4.13994203059987e-27,-2.984375,0.048136770725250244,0,0,0.0,488,0.0,,,,,,0,0,,0.0,,
TRAIN,5hcafebs,162,4,5,10,1080,1920,1,7.194411455615628e-28,-6.09375,0.002251847181469202,0,0,0.0,1811,0.0,,,,,,0,0,,0.0,,
TRAIN,5hcafebs,162,5,6,10,1080,1920,1,7.194411455615628e-28,-5.125,0.0059110685251653194,0,0,0.0,939,0.0,,,,,,0,0,,0.0,,
TRAIN,5hcafebs,162,6,7,10,1080,1920,1,0.74609375,4.84375,0.9921841025352478,1,335,0.0001615547839506173,802,0.4177057356608479,0.04113924050632911,1157.6358208955223,766.844776119403,1134.5232198142414,760.1021671826626,0,0,0.0,0.0,1,0.21282295882701874
TRAIN,5hcafebs,162,7,8,10,1080,1920,1,0.357421875,6.125,0.9978172779083252,1,206,9.934413580246914e-05,2066,0.09970958373668926,0.0,1206.4660194174758,754.6213592233009,1174.7884615384614,753.4917582417582,0,0,0.0,0.0,1,0.40562981367111206
TRAIN,5hcafebs,162,8,9,10,1080,1920,1,1.9563750449481093e-27,-4.4375,0.011687257327139378,0,0,0.0,1034,0.0,,,,,,0,0,,0.0,,
TRAIN,5hcafebs,162,9,10,10,1080,1920,1,1.601387637598654e-28,-4.59375,0.010013571009039879,0,0,0.0,2459,0.0,,,,,,0,0,,0.0,,
TRAIN,5hcafebs,163,0,1,10,1080,1920,1,9.742432179479496e-29,-6.34375,0.0017546144081279635,0,0,0.0,806,0.0,,,,,,0,0,,0.0,8,
TRAIN,5hcafebs,163,1,2,10,1080,1920,1,3.5695955961250784e-29,-6.53125,0.0014550630003213882,0,0,0.0,964,0.0,,,,,,0,0,,0.0,8,
TRAIN,5hcafebs,163,2,3,10,1080,1920,1,2.4035605705952703e-31,-4.15625,0.015424552373588085,0,0,0.0,417,0.0,,,,,,0,0,,0.0,8,
TRAIN,5hcafebs,163,3,4,10,1080,1920,1,1.5209238252661108e-27,-2.53125,0.07369627058506012,0,0,0.0,488,0.0,,,,,,0,0,,0.0,8,
TRAIN,5hcafebs,163,4,5,10,1080,1920,1,9.742432179479496e-29,-5.8125,0.0029810327105224133,0,0,0.0,1811,0.0,,,,,,0,0,,0.0,8,
TRAIN,5hcafebs,163,5,6,10,1080,1920,1,1.078520768856852e-30,-4.84375,0.007815888151526451,0,0,0.0,939,0.0,,,,,,0,0,,0.0,8,
TRAIN,5hcafebs,163,6,7,10,1080,1920,1,0.7421875,5.53125,0.9960545301437378,1,381,0.00018373842592592593,802,0.47506234413965087,0.0,1191.018372703412,774.9186351706037,1157.6358208955223,766.844776119403,0,0,0.0,0.0,1,0.19800172746181488
TRAIN,5hcafebs,163,7,8,10,1080,1920,1,0.50390625,7.71875,0.999555766582489,1,296,0.00014274691358024693,2066,0.14327202323330107,0.0,1241.3682432432433,768.3344594594595,1206.4660194174758,754.6213592233009,1,1137,0.0,0.0,1,0.44176140427589417
TRAIN,5hcafebs,163,8,9,10,1080,1920,1,3.5695955961250784e-29,-4.5625,0.010328153148293495,0,0,0.0,1034,0.0,,,,,,0,0,,0.0,8,
TRAIN,5hcafebs,163,9,10,10,1080,1920,1,2.9335764912906377e-30,-5.125,0.0059110685251653194,0,0,0.0,2459,0.0,,,,,,0,0,,0.0,8,
TRAIN,5hcafebs,164,0,1,10,1080,1920,1,2.9335764912906377e-30,-6.40625,0.0016484829830005765,0,0,0.0,806,0.0,,,,,,0,0,,0.0,4,
TRAIN,5hcafebs,164,1,2,10,1080,1920,1,8.859277744181285e-32,-5.34375,0.004755199886858463,0,0,0.0,964,0.0,,,,,,0,0,,0.0,4,
TRAIN,5hcafebs,164,2,3,10,1080,1920,1,5.916456789157589e-29,-2.21875,0.09807931631803513,0,0,0.0,417,0.0,,,,,,0,0,,0.0,4,
TRAIN,5hcafebs,164,3,4,10,1080,1920,1,0.76953125,0.8984375,0.7106282711029053,1,854,0.0004118441358024691,488,1.75,0.0,19.24590163934426,567.135831381733,,,1,524,0.59675550405562,0.0,1,-0.08586466312408447
TRAIN,5hcafebs,164,4,5,10,1080,1920,1,4.52364397489937e-24,-2.5625,0.07159119844436646,0,0,0.0,1811,0.0,,,,,,0,0,,0.0,4,
TRAIN,5hcafebs,164,5,6,10,1080,1920,1,1.3213420162451948e-29,-3.828125,0.021287351846694946,0,0,0.0,939,0.0,,,,,,0,0,,0.0,4,
TRAIN,5hcafebs,164,6,7,10,1080,1920,1,0.76171875,4.75,0.9914224743843079,1,346,0.00016685956790123458,802,0.4314214463840399,0.0,1237.0231213872833,781.0924855491329,1191.018372703412,774.9186351706037,0,0,0.0,0.0,1,0.34821489453315735
TRAIN,5hcafebs,164,7,8,10,1080,1920,1,0.60546875,7.78125,0.9995827078819275,1,316,0.00015239197530864197,2066,0.15295256534365925,0.0,1287.8006329113923,774.2373417721519,1241.3682432432433,768.3344594594595,1,3531,0.0,0.0,1,0.37642723321914673
TRAIN,5hcafebs,164,8,9,10,1080,1920,1,9.742432179479496e-29,-4.03125,0.017442485317587852,0,0,0.0,1034,0.0,,,,,,0,0,,0.0,4,
TRAIN,5hcafebs,164,9,10,10,1080,1920,1,1.078520768856852e-30,-5.25,0.005220125429332256,0,0,0.0,2459,0.0,,,,,,0,0,,0.0,4,
TRAIN,5hcafebs,165,0,1,10,1080,1920,1,1.4637067577342992e-31,-6.1875,0.0020507434383034706,0,0,0.0,806,0.0,,,,,,0,0,,0.0,4,
TRAIN,5hcafebs,165,1,2,10,1080,1920,1,6.5635692504717e-31,-6.46875,0.0015487611526623368,0,0,0.0,964,0.0,,,,,,0,0,,0.0,4,
TRAIN,5hcafebs,165,2,3,10,1080,1920,1,1.0662875083691372e-25,-2.28125,0.09268777817487717,0,0,0.0,417,0.0,,,,,,0,0,,0.0,4,
TRAIN,5hcafebs,165,3,4,10,1080,1920,1,0.71484375,2.46875,0.9219217896461487,1,708,0.0003414351851851852,488,1.4508196721311475,0.0,82.17937853107344,563.117231638418,19.24590163934426,567.135831381733,1,658,0.6905940594059405,0.0,1,-0.2672565281391144
TRAIN,5hcafebs,165,4,5,10,1080,1920,1,2.6505726415425997e-28,-3.34375,0.034100424498319626,0,0,0.0,1811,0.0,,,,,,0,0,,0.0,4,
TRAIN,5hcafebs,165,5,6,10,1080,1920,1,4.831773044478697e-30,-4.78125,0.008315778337419033,0,0,0.0,939,0.0,,,,,,0,0,,0.0,4,
TRAIN,5hcafebs,165,6,7,10,1080,1920,1,0.765625,5.1875,0.9944451451301575,1,352,0.00016975308641975308,802,0.4389027431421446,0.0,1287.0994318181818,782.8892045454545,1237.0231213872833,781.0924855491329,0,0,0.0,0.0,1,0.23619699478149414
TRAIN,5hcafebs,165,7,8,10,1080,1920,1,0.671875,8.5625,0.9998089671134949,1,420,0.0002025462962962963,2066,0.20329138431752178,0.0,1336.3333333333333,777.1309523809524,1287.8006329113923,774.2373417721519,1,3323,0.0,0.0,1,0.35470113158226013
TRAIN,5hcafebs,165,8,9,10,1080,1920,1,5.916456789157589e-29,-4.21875,0.014503579586744308,0,0,0.0,1034,0.0,,,,,,0,0,,0.0,4,
TRAIN,5hcafebs,165,9,10,10,1080,1920,1,7.987216665362745e-30,-5.28125,0.005060331895947456,0,0,0.0,2459,0.0,,,,,,0,0,,0.0,4,
TRAIN,5hcafebs,166,0,1,10,1080,1920,1,7.194411455615628e-28,-5.0625,0.00628990214318037,0,0,0.0,806,0.0,,,,,,0,0,,0.0,3,
TRAIN,5hcafebs,166,1,2,10,1080,1920,1,2.066815571679051e-28,-5.9375,0.0026316740550100803,0,0,0.0,964,0.0,,,,,,0,0,,0.0,3,
TRAIN,5hcafebs,166,2,3,10,1080,1920,1,0.51953125,1.3984375,0.8019358515739441,1,363,0.00017505787037037037,417,0.8705035971223022,0.0,43.29201101928375,595.4269972451791,,,1,710,0.38095238095238093,0.0,1,-0.1578207015991211
TRAIN,5hcafebs,166,3,4,10,1080,1920,1,0.71484375,3.265625,0.963230550289154,1,641,0.00030912422839506174,488,1.3135245901639345,0.0,140.32605304212169,558.3088923556942,82.17937853107344,563.117231638418,1,663,0.6760925449871465,0.0,1,-0.13842102885246277
TRAIN,5hcafebs,166,4,5,10,1080,1920,1,2.066815571679051e-28,-3.75,0.022977370768785477,0,0,0.0,1811,0.0,,,,,,0,0,,0.0,3,
TRAIN,5hcafebs,166,5,6,10,1080,1920,1,2.9335764912906377e-30,-4.5625,0.010328153148293495,0,0,0.0,939,0.0,,,,,,0,0,,0.0,3,
TRAIN,5hcafebs,166,6,7,10,1080,1920,1,0.8203125,5.03125,0.9935117363929749,1,406,0.00019579475308641975,802,0.5062344139650873,0.0,1334.9384236453202,784.4950738916256,1287.0994318181818,782.8892045454545,0,0,0.0,0.0,1,0.21645018458366394
TRAIN,5hcafebs,166,7,8,10,1080,1920,1,0.73046875,8.3125,0.9997546076774597,1,555,0.00026765046296296297,2066,0.2686350435624395,0.0,1384.5225225225224,781.1081081081081,1336.3333333333333,777.1309523809524,1,3068,0.0,0.0,1,0.3270150423049927
TRAIN,5hcafebs,166,8,9,10,1080,1920,1,9.742432179479496e-29,-4.3125,0.013222821988165379,0,0,0.0,1034,0.0,,,,,,0,0,,0.0,3,
TRAIN,5hcafebs,166,9,10,10,1080,1920,1,4.831773044478697e-30,-5.0625,0.00628990214318037,0,0,0.0,2459,0.0,,,,,,0,0,,0.0,3,
TRAIN,5hcafebs,167,0,1,10,1080,1920,1,3.5695955961250784e-29,-5.4375,0.004331501666456461,0,0,0.0,806,0.0,,,,,,0,0,,0.0,3,
TRAIN,5hcafebs,167,1,2,10,1080,1920,1,1.787262988391355e-30,-6.125,0.002182716503739357,0,0,0.0,964,0.0,,,,,,0,0,,0.0,3,
TRAIN,5hcafebs,167,2,3,10,1080,1920,1,0.4921875,2.453125,0.9207897186279297,1,372,0.00017939814814814815,417,0.8920863309352518,0.0,86.14247311827957,589.1720430107526,43.29201101928375,595.4269972451791,1,552,0.4,0.0,1,-0.17418383061885834
TRAIN,5hcafebs,167,3,4,10,1080,1920,1,0.640625,2.984375,0.9518632292747498,1,615,0.00029658564814814814,488,1.2602459016393444,0.0,182.97723577235772,557.3691056910569,140.32605304212169,558.3088923556942,1,606,0.7467811158798283,0.0,1,-0.0914556086063385
TRAIN,5hcafebs,167,4,5,10,1080,1920,1,3.5695955961250784e-29,-4.34375,0.012821214273571968,0,0,0.0,1811,0.0,,,,,,0,0,,0.0,3,
TRAIN,5hcafebs,167,5,6,10,1080,1920,1,5.916456789157589e-29,-4.25,0.014063628390431404,0,0,0.0,939,0.0,,,,,,0,0,,0.0,3,
TRAIN,5hcafebs,167,6,7,10,1080,1920,1,0.79296875,5.09375,0.9939024448394775,1,393,0.00018952546296296295,802,0.49002493765586036,0.0,1369.9541984732825,788.7175572519084,1334.9384236453202,784.4950738916256,1,497,0.0,0.0,1,0.21573559939861298
TRAIN,5hcafebs,167,7,8,10,1080,1920,1,0.75390625,8.6875,0.9998313188552856,1,955,0.0004605516975308642,2066,0.46224588576960307,0.0,1416.3581151832461,791.8094240837696,1384.5225225225224,781.1081081081081,1,2730,0.0,0.0,1,0.36096522212028503
TRAIN,5hcafebs,167,8,9,10,1080,1920,1,1.1864468014524018e-27,-4.09375,0.01640303246676922,0,0,0.0,1034,0.0,,,,,,0,0,,0.0,3,
TRAIN,5hcafebs,167,9,10,10,1080,1920,1,3.3921018924503508e-28,-4.71875,0.008847354911267757,0,0,0.0,2459,0.0,,,,,,1,712,0.0,0.0,3,
TRAIN,5hcafebs,168,0,1,10,1080,1920,1,9.742432179479496e-29,-5.5,0.00407013762742281,0,0,0.0,806,0.0,,,,,,0,0,,0.0,3,
TRAIN,5hcafebs,168,1,2,10,1080,1920,1,5.916456789157589e-29,-5.125,0.0059110685251653194,0,0,0.0,964,0.0,,,,,,0,0,,0.0,3,
TRAIN,5hcafebs,168,2,3,10,1080,1920,1,0.57421875,3.0,0.9525741338729858,1,437,0.0002107445987654321,417,1.0479616306954436,0.0,129.60183066361557,591.771167048055,86.14247311827957,589.1720430107526,1,522,0.5492730210016155,0.0,1,-0.10181286185979843
TRAIN,5hcafebs,168,3,4,10,1080,1920,1,0.6953125,3.3125,0.9648551344871521,1,617,0.0002975501543209877,488,1.264344262295082,0.0,224.47325769854132,554.8103727714749,182.97723577235772,557.3691056910569,1,600,0.6468200270635994,0.0,1,-0.15646006166934967
TRAIN,5hcafebs,168,4,5,10,1080,1920,1,9.742432179479496e-29,-4.65625,0.009412589482963085,0,0,0.0,1811,0.0,,,,,,0,0,,0.0,3,
TRAIN,5hcafebs,168,5,6,10,1080,1920,1,1.9563750449481093e-27,-3.296875,0.035678550601005554,0,0,0.0,939,0.0,,,,,,0,0,,0.0,3,
TRAIN,5hcafebs,168,6,7,10,1080,1920,1,0.796875,4.78125,0.9916841983795166,1,383,0.00018470293209876543,802,0.4775561097256858,0.0,1404.7519582245432,795.6292428198434,1369.9541984732825,788.7175572519084,1,543,0.0,0.0,1,0.2664192020893097
TRAIN,5hcafebs,168,7,8,10,1080,1920,1,0.74609375,8.8125,0.9998511075973511,1,938,0.0004523533950617284,2066,0.45401742497579867,0.0,1451.9381663113006,800.001066098081,1416.3581151832461,791.8094240837696,1,2805,0.0,0.0,1,0.34689244627952576
TRAIN,5hcafebs,168,8,9,10,1080,1920,1,1.44393100091654e-26,-3.734375,0.023330770432949066,0,0,0.0,1034,0.0,,,,,,0,0,,0.0,3,
TRAIN,5hcafebs,168,9,10,10,1080,1920,1,4.13994203059987e-27,-4.125,0.01590639166533947,0,0,0.0,2459,0.0,,,,,,1,871,0.0,0.0,3,
TRAIN,5hcafebs,169,0,1,10,1080,1920,1,1.3213420162451948e-29,-5.96875,0.0025509123224765062,0,0,0.0,806,0.0,,,,,,0,0,,0.0,3,
TRAIN,5hcafebs,169,1,2,10,1080,1920,1,4.831773044478697e-30,-5.8125,0.0029810327105224133,0,0,0.0,964,0.0,,,,,,0,0,,0.0,3,
TRAIN,5hcafebs,169,2,3,10,1080,1920,1,0.55859375,3.40625,0.9678993225097656,1,430,0.00020736882716049384,417,1.0311750599520384,0.0,163.39767441860465,587.2837209302326,129.60183066361557,591.771167048055,1,584,0.5624036979969184,0.0,1,-0.09586960822343826
TRAIN,5hcafebs,169,3,4,10,1080,1920,1,0.734375,3.53125,0.971563994884491,1,689,0.00033227237654320985,488,1.4118852459016393,0.0,258.77793904209,554.4281567489114,224.47325769854132,554.8103727714749,1,546,0.6292875989445911,0.0,1,-0.09033948928117752
TRAIN,5hcafebs,169,4,5,10,1080,1920,1,2.9335764912906377e-30,-4.84375,0.007815888151526451,0,0,0.0,1811,0.0,,,,,,0,0,,0.0,3,
TRAIN,5hcafebs,169,5,6,10,1080,1920,1,6.462348535570529e-26,-2.296875,0.09138210862874985,0,0,0.0,939,0.0,,,,,,0,0,,0.0,3,
TRAIN,5hcafebs,169,6,7,10,1080,1920,1,0.7890625,5.25,0.9947799444198608,1,387,0.00018663194444444445,802,0.4825436408977556,0.0013003901170351106,1433.84496124031,804.3152454780362,1404.7519582245432,795.6292428198434,1,598,0.0,0.0,1,0.16247612237930298
TRAIN,5hcafebs,169,7,8,10,1080,1920,1,0.77734375,8.375,0.9997695088386536,1,1014,0.0004890046296296296,2066,0.49080348499515974,0.0,1481.51775147929,808.2968441814596,1451.9381663113006,800.001066098081,1,2987,0.0,0.0,1,0.3056715726852417
TRAIN,5hcafebs,169,8,9,10,1080,1920,1,1.0662875083691372e-25,-4.21875,0.014503579586744308,0,0,0.0,1034,0.0,,,,,,0,0,,0.0,3,
TRAIN,5hcafebs,169,9,10,10,1080,1920,1,8.320273739547056e-26,-3.828125,0.021287351846694946,0,0,0.0,2459,0.0,,,,,,1,744,0.0,0.0,3,
TRAIN,5hcafebs,170,0,1,10,1080,1920,1,7.987216665362745e-30,-6.21875,0.001987774157896638,0,0,0.0,806,0.0,,,,,,0,0,,0.0,3,
TRAIN,5hcafebs,170,1,2,10,1080,1920,1,9.742432179479496e-29,-3.609375,0.026355354115366936,0,0,0.0,964,0.0,,,,,,0,0,,0.0,3,
TRAIN,5hcafebs,170,2,3,10,1080,1920,1,0.5390625,3.15625,0.9591543078422546,1,394,0.00019000771604938272,417,0.9448441247002398,0.0,200.48730964467006,587.0786802030457,163.39767441860465,587.2837209302326,1,561,0.5182829888712241,0.0,1,-0.07908184081315994
TRAIN,5hcafebs,170,3,4,10,1080,1920,1,0.703125,3.21875,0.961533784866333,1,547,0.00026379243827160493,488,1.1209016393442623,0.0,294.0237659963437,554.0694698354662,258.77793904209,554.4281567489114,1,549,0.6631259484066768,0.0,1,-0.13578864932060242
TRAIN,5hcafebs,170,4,5,10,1080,1920,1,4.831773044478697e-30,-4.71875,0.008847354911267757,0,0,0.0,1811,0.0,,,,,,0,0,,0.0,3,
TRAIN,5hcafebs,170,5,6,10,1080,1920,1,1.2197274440461925e-18,-1.8125,0.14033624529838562,0,0,0.0,939,0.0,,,,,,0,0,,0.0,3,
TRAIN,5hcafebs,170,6,7,10,1080,1920,1,0.8203125,5.375,0.9953904151916504,1,421,0.00020302854938271606,802,0.5249376558603491,0.0,1466.7244655581949,808.686460807601,1433.84496124031,804.3152454780362,1,605,0.0,0.0,1,0.20618553459644318
TRAIN,5hcafebs,170,7,8,10,1080,1920,1,0.76953125,7.65625,0.9995272159576416,1,1278,0.0006163194444444444,2066,0.6185866408518877,0.0008733624454148472,1512.3513302034428,815.2879499217528,1481.51775147929,808.2968441814596,1,3117,0.0,0.0,1,0.2557569444179535
TRAIN,5hcafebs,170,8,9,10,1080,1920,1,0.828125,0.333984375,0.5827285051345825,1,1096,0.0005285493827160494,1034,1.0599613152804641,0.0,10.092153284671532,1014.8576642335767,,,1,1093,0.8181063122923588,0.0,1,0.31929847598075867
TRAIN,5hcafebs,170,9,10,10,1080,1920,1,1.9563750449481093e-27,-4.125,0.01590639166533947,0,0,0.0,2459,0.0,,,,,,1,640,0.0,0.0,3,
TRAIN,5hcafebs,171,0,1,10,1080,1920,1,1.1988913903810543e-32,-6.46875,0.0015487611526623368,0,0,0.0,806,0.0,,,,,,0,0,,0.0,3,
TRAIN,5hcafebs,171,1,2,10,1080,1920,1,6.815758221109542e-27,-3.140625,0.04146226868033409,0,0,0.0,964,0.0,,,,,,0,0,,0.0,3,
TRAIN,5hcafebs,171,2,3,10,1080,1920,1,0.53125,3.5,0.970687747001648,1,406,0.00019579475308641975,417,0.973621103117506,0.0,243.51724137931035,585.8866995073892,200.48730964467006,587.0786802030457,1,504,0.4701130856219709,0.0,1,-0.06936201453208923
TRAIN,5hcafebs,171,3,4,10,1080,1920,1,0.73046875,3.515625,0.9711290597915649,1,683,0.00032937885802469135,488,1.3995901639344261,0.0,336.44802342606147,552.6515373352855,294.0237659963437,554.0694698354662,1,543,0.5538656527249683,0.0,1,-0.15458230674266815
TRAIN,5hcafebs,171,4,5,10,1080,1920,1,7.987216665362745e-30,-3.8125,0.02161533385515213,0,0,0.0,1811,0.0,,,,,,0,0,,0.0,3,
TRAIN,5hcafebs,171,5,6,10,1080,1920,1,0.8359375,3.140625,0.9585376977920532,1,1346,0.0006491126543209877,939,1.4334398296059638,0.0,13.643387815750371,833.091381872214,,,1,1058,0.7521865889212828,0.0,1,0.36956894397735596
TRAIN,5hcafebs,171,6,7,10,1080,1920,1,0.80078125,5.40625,0.9955315589904785,1,390,0.0001880787037037037,802,0.486284289276808,0.0,1505.3410256410257,811.4025641025642,1466.7244655581949,808.686460807601,1,650,0.0,0.0,1,0.2768810987472534
TRAIN,5hcafebs,171,7,8,10,1080,1920,1,0.7890625,7.75,0.9995694756507874,1,1124,0.0005420524691358025,2066,0.5440464666021297,0.0,1551.7455516014236,819.1779359430604,1512.3513302034428,815.2879499217528,1,2958,0.0,0.0,1,0.3169857859611511
TRAIN,5hcafebs,171,8,9,10,1080,1920,1,0.80078125,0.73046875,0.6749081611633301,1,1315,0.0006341628086419753,1034,1.2717601547388782,0.0,50.76577946768061,1012.0167300380228,10.092153284671532,1014.8576642335767,1,1431,0.7889250814332247,0.0,1,0.2786184251308441
TRAIN,5hcafebs,171,9,10,10,1080,1920,1,9.742432179479496e-29,-4.5625,0.010328153148293495,0,0,0.0,2459,0.0,,,,,,1,582,0.0,0.0,3,
TRAIN,5hcafebs,172,0,1,10,1080,1920,1,1.1988913903810543e-32,-5.0,0.006692850962281227,0,0,0.0,806,0.0,,,,,,0,0,,0.0,3,
TRAIN,5hcafebs,172,1,2,10,1080,1920,1,1.601387637598654e-28,-3.765625,0.02262919954955578,0,0,0.0,964,0.0,,,,,,0,0,,0.0,3,
TRAIN,5hcafebs,172,2,3,10,1080,1920,1,0.486328125,3.015625,0.9532750844955444,1,347,0.00016734182098765432,417,0.8321342925659473,0.0,292.8904899135447,583.7867435158502,243.51724137931035,585.8866995073892,1,578,0.3683431952662722,0.0,1,-0.05798635259270668
TRAIN,5hcafebs,172,3,4,10,1080,1920,1,0.69140625,3.09375,0.9566342234611511,1,558,0.0002690972222222222,488,1.1434426229508197,0.0,383.47491039426524,549.0645161290323,336.44802342606147,552.6515373352855,1,384,0.5621890547263682,0.0,1,-0.23911944031715393
TRAIN,5hcafebs,172,4,5,10,1080,1920,1,1.078520768856852e-30,-3.984375,0.018264278769493103,0,0,0.0,1811,0.0,,,,,,0,0,,0.0,3,
TRAIN,5hcafebs,172,5,6,10,1080,1920,1,0.7578125,3.5,0.970687747001648,1,1125,0.0005425347222222222,939,1.1980830670926517,0.0,67.72977777777778,824.5457777777777,13.643387815750371,833.091381872214,1,1024,0.8273809523809523,0.0,1,0.30332309007644653
TRAIN,5hcafebs,172,6,7,10,1080,1920,1,0.78125,5.75,0.9968273043632507,1,439,0.00021170910493827162,802,0.5473815461346634,0.0,1553.7767653758542,813.2072892938496,1505.3410256410257,811.4025641025642,1,451,0.0,0.0,1,0.25702762603759766
TRAIN,5hcafebs,172,7,8,10,1080,1920,1,0.76171875,7.53125,0.999464213848114,1,1260,0.0006076388888888889,2066,0.6098741529525653,0.0,1598.05,821.7166666666667,1551.7455516014236,819.1779359430604,1,3251,0.0,0.0,1,0.25865399837493896
TRAIN,5hcafebs,172,8,9,10,1080,1920,1,0.80078125,1.59375,0.8311430811882019,1,1364,0.0006577932098765432,1034,1.3191489361702127,0.0,103.07991202346041,1004.5263929618768,50.76577946768061,1012.0167300380228,1,1643,0.7595084844938561,0.0,1,0.3710353374481201
TRAIN,5hcafebs,172,9,10,10,1080,1920,1,2.7529604761530452e-24,-2.421875,0.08151976019144058,0,0,0.0,2459,0.0,,,,,,1,467,0.0,0.0,3,
TRAIN,5hcafebs,173,0,1,10,1080,1920,1,5.39260384428426e-32,-4.125,0.01590639166533947,0,0,0.0,806,0.0,,,,,,0,0,,0.0,3,
TRAIN,5hcafebs,173,1,2,10,1080,1920,1,1.0662875083691372e-25,-3.453125,0.030675802379846573,0,0,0.0,964,0.0,,,,,,0,0,,0.0,3,
TRAIN,5hcafebs,173,2,3,10,1080,1920,1,0.4765625,2.671875,0.9353464841842651,1,320,0.00015432098765432098,417,0.7673860911270983,0.0,344.471875,580.19375,292.8904899135447,583.7867435158502,1,477,0.4543795620437956,0.0,1,-0.047901347279548645
TRAIN,5hcafebs,173,3,4,10,1080,1920,1,0.72265625,3.34375,0.9658995866775513,1,576,0.0002777777777777778,488,1.180327868852459,0.0,434.35590277777777,546.7899305555555,383.47491039426524,549.0645161290323,1,465,0.6817447495961227,0.0,1,-0.14997117221355438
TRAIN,5hcafebs,173,4,5,10,1080,1920,1,3.5695955961250784e-29,-3.671875,0.024798160418868065,0,0,0.0,1811,0.0,,,,,,0,0,,0.0,3,
TRAIN,5hcafebs,173,5,6,10,1080,1920,1,0.8125,3.96875,0.9814534187316895,1,1443,0.0006958912037037037,939,1.536741214057508,0.0,125.81011781011782,822.8849618849619,67.72977777777778,824.5457777777777,1,954,0.6361774744027304,0.0,1,0.31053346395492554
TRAIN,5hcafebs,173,6,7,10,1080,1920,1,0.8203125,5.4375,0.9956685304641724,1,443,0.0002136381172839506,802,0.5523690773067331,0.0,1605.1512415349887,812.0451467268623,1553.7767653758542,813.2072892938496,1,458,0.0,0.0,1,0.15144672989845276
TRAIN,5hcafebs,173,7,8,10,1080,1920,1,0.80078125,6.5625,0.9985895752906799,1,1144,0.0005516975308641975,2066,0.5537270087124879,0.0,1651.1652097902097,819.7596153846154,1598.05,821.7166666666667,1,3482,0.0,0.0,1,0.26168301701545715
TRAIN,5hcafebs,173,8,9,10,1080,1920,1,0.8359375,2.546875,0.9273632764816284,1,1244,0.0005999228395061728,1034,1.2030947775628626,0.0,158.40032154340835,995.6543408360128,103.07991202346041,1004.5263929618768,1,1469,0.7966887417218543,0.0,1,0.3398846387863159
TRAIN,5hcafebs,173,9,10,10,1080,1920,1,0.8125,0.25,0.562176525592804,1,3722,0.001794945987654321,2459,1.513623424156161,0.0,49.23320795271359,998.434981192907,,,1,518,0.0,0.0,1,0.2500770688056946
TRAIN,5hcafebs,174,0,1,10,1080,1920,1,0.8984375,2.9375,0.949669361114502,1,672,0.00032407407407407406,806,0.8337468982630273,0.0,6.068452380952381,494.58035714285717,,,1,617,0.8493543758967002,0.0,2,0.43142378330230713
TRAIN,5hcafebs,174,1,2,10,1080,1920,1,6.462348535570529e-26,-2.6875,0.06371499598026276,0,0,0.0,964,0.0,,,,,,0,0,,0.0,1,
TRAIN,5hcafebs,174,2,3,10,1080,1920,1,0.50390625,3.0,0.9525741338729858,1,405,0.0001953125,417,0.9712230215827338,0.0,397.18518518518516,578.8641975308642,344.471875,580.19375,1,521,0.39039039039039036,0.0,1,-0.07061436027288437
TRAIN,5hcafebs,174,3,4,10,1080,1920,1,0.73046875,3.328125,0.9653811454772949,1,601,0.0002898341049382716,488,1.2315573770491803,0.0,487.44758735440934,544.8302828618969,434.35590277777777,546.7899305555555,1,398,0.5609375,0.0,1,-0.14423033595085144
TRAIN,5hcafebs,174,4,5,10,1080,1920,1,1.1988913903810543e-32,-4.375,0.012431650422513485,0,0,0.0,1811,0.0,,,,,,0,0,,0.0,1,
TRAIN,5hcafebs,174,5,6,10,1080,1920,1,0.796875,3.78125,0.9777138829231262,1,1378,0.0006645447530864197,939,1.4675186368477102,0.0,184.70391872278665,817.5108853410741,125.81011781011782,822.8849618849619,1,998,0.6875,0.0,1,0.26934945583343506
TRAIN,5hcafebs,174,6,7,10,1080,1920,1,0.82421875,5.4375,0.9956685304641724,1,445,0.00021460262345679012,802,0.5548628428927681,0.0,1659.8741573033708,817.4022471910113,1605.1512415349887,812.0451467268623,1,675,0.0,0.0,1,0.24968530237674713
TRAIN,5hcafebs,174,7,8,10,1080,1920,1,0.796875,6.46875,0.9984512329101562,1,1209,0.0005830439814814815,2066,0.585188770571152,0.0,1706.1943755169561,825.539288668321,1651.1652097902097,819.7596153846154,1,3050,0.0,0.0,1,0.3085212707519531
TRAIN,5hcafebs,174,8,9,10,1080,1920,1,0.82421875,2.953125,0.9504110217094421,1,1506,0.0007262731481481482,1034,1.4564796905222437,0.0,214.35258964143426,988.0092961487384,158.40032154340835,995.6543408360128,1,1489,0.8085748792270532,0.0,1,0.3930559754371643
TRAIN,5hcafebs,174,9,10,10,1080,1920,1,0.73828125,0.392578125,0.5969031453132629,1,3649,0.0017597415123456791,2459,1.483936559577064,0.0,108.60948204987668,991.7687037544533,49.23320795271359,998.434981192907,1,490,0.0,0.0,1,0.199294775724411
TRAIN,5hcafebs,175,0,1,10,1080,1920,1,0.8671875,4.96875,0.9930961728096008,1,1013,0.0004885223765432098,806,1.2568238213399503,0.0,55.352418558736424,497.04047384007896,6.068452380952381,494.58035714285717,1,1007,0.9110690633869442,0.0,2,0.39583301544189453
TRAIN,5hcafebs,175,1,2,10,1080,1920,1,1.2790197503539935e-19,-1.4609375,0.188323974609375,0,0,0.0,964,0.0,,,,,,0,0,,0.0,1,
TRAIN,5hcafebs,175,2,3,10,1080,1920,1,0.56640625,3.3125,0.9648551344871521,1,393,0.00018952546296296295,417,0.9424460431654677,0.0,444.5394402035623,580.9745547073792,397.18518518518516,578.8641975308642,1,487,0.5630550621669627,0.0,1,-0.18079960346221924
TRAIN,5hcafebs,175,3,4,10,1080,1920,1,0.7265625,3.296875,0.9643214344978333,1,531,0.0002560763888888889,488,1.0881147540983607,0.0,532.195856873823,548.4218455743879,487.44758735440934,544.8302828618969,1,510,0.7321131447587355,0.0,1,-0.12256504595279694
TRAIN,5hcafebs,175,4,5,10,1080,1920,1,2.0369322584118306e-23,-2.140625,0.10521054267883301,0,0,0.0,1811,0.0,,,,,,1,1972,0.0,0.0,1,
TRAIN,5hcafebs,175,5,6,10,1080,1920,1,0.80078125,4.125,0.9840936064720154,1,1400,0.0006751543209876543,939,1.490947816826411,0.0,234.68571428571428,817.87,184.70391872278665,817.5108853410741,1,937,0.6692857142857143,0.0,1,0.3009238541126251
TRAIN,5hcafebs,175,6,7,10,1080,1920,1,0.80859375,6.09375,0.9977481961250305,1,494,0.00023823302469135803,802,0.6159600997506235,0.0,1709.7186234817814,827.919028340081,1659.8741573033708,817.4022471910113,1,438,0.0,0.0,1,0.17720842361450195
TRAIN,5hcafebs,175,7,8,10,1080,1920,1,0.78125,6.625,0.9986749291419983,1,1117,0.0005386766975308642,2066,0.5406582768635043,0.0,1758.0680393912264,834.7224709042077,1706.1943755169561,825.539288668321,1,2090,0.0,0.0,1,0.3079529106616974
TRAIN,5hcafebs,175,8,9,10,1080,1920,1,0.83203125,3.15625,0.9591543078422546,1,1265,0.0006100501543209876,1034,1.2234042553191489,0.0,261.48379446640314,989.3486166007905,214.35258964143426,988.0092961487384,1,1322,0.8040446304044631,0.0,1,0.3357652723789215
TRAIN,5hcafebs,175,9,10,10,1080,1920,1,0.349609375,1.0703125,0.7446563243865967,1,3815,0.001839795524691358,2459,1.5514436762911752,0.0,158.07313237221493,991.6938401048493,108.60948204987668,991.7687037544533,1,283,0.0,0.0,1,0.24138015508651733
TRAIN,5hcafebs,176,0,1,10,1080,1920,1,0.87890625,5.5,0.9959298968315125,1,931,0.00044897762345679014,806,1.1550868486352357,0.0,97.5703544575725,493.6970998925886,55.352418558736424,497.04047384007896,1,1068,0.8560817084493965,0.0,2,0.3423149883747101
TRAIN,5hcafebs,176,1,2,10,1080,1920,1,7.283063041541027e-14,-1.1171875,0.2465333193540573,0,0,0.0,964,0.0,,,,,,0,0,,0.0,1,
TRAIN,5hcafebs,176,2,3,10,1080,1920,1,0.54296875,3.75,0.977022647857666,1,337,0.0001625192901234568,417,0.8081534772182254,0.0,478.93768545994067,579.026706231454,444.5394402035623,580.9745547073792,1,505,0.4295415959252971,0.0,1,-0.07682284712791443
TRAIN,5hcafebs,176,3,4,10,1080,1920,1,0.7265625,3.5,0.970687747001648,1,550,0.0002652391975308642,488,1.1270491803278688,0.0,566.0618181818181,546.6945454545455,532.195856873823,548.4218455743879,1,484,0.6950819672131148,0.0,1,-0.18400202691555023
TRAIN,5hcafebs,176,4,5,10,1080,1920,1,3.635980405647388e-15,-0.953125,0.2782568037509918,0,0,0.0,1811,0.0,,,,,,1,2054,0.0,0.0,1,
TRAIN,5hcafebs,176,5,6,10,1080,1920,1,0.81640625,3.8125,0.9783847332000732,1,1102,0.0005314429012345679,939,1.1735889243876465,0.0,272.53629764065334,809.7967332123412,234.68571428571428,817.87,1,928,0.7760279965004374,0.0,1,0.3142257332801819
TRAIN,5hcafebs,176,6,7,10,1080,1920,1,0.8046875,5.6875,0.9966233968734741,1,436,0.00021026234567901234,802,0.543640897755611,0.0,1747.4128440366972,833.440366972477,1709.7186234817814,827.919028340081,1,512,0.0,0.0,1,0.32081982493400574
TRAIN,5hcafebs,176,7,8,10,1080,1920,1,0.78515625,6.6875,0.9987550973892212,1,1240,0.0005979938271604939,2066,0.6001936108422071,0.0,1796.591129032258,842.3411290322581,1758.0680393912264,834.7224709042077,1,1876,0.0,0.0,1,0.30996060371398926
TRAIN,5hcafebs,176,8,9,10,1080,1920,1,0.8125,3.25,0.9626730680465698,1,1366,0.0006587577160493827,1034,1.321083172147002,0.0,297.3382137628111,982.1185944363104,261.48379446640314,989.3486166007905,1,1416,0.8230668414154653,0.0,1,0.31343019008636475
TRAIN,5hcafebs,176,9,10,10,1080,1920,1,0.7265625,1.0703125,0.7446563243865967,1,3504,0.0016898148148148148,2459,1.4249694997966653,0.04437785388127854,195.30993150684932,982.7716894977169,158.07313237221493,991.6938401048493,1,342,0.0,0.0,1,0.19779866933822632
TRAIN,5hcafebs,177,0,1,10,1080,1920,1,0.875,5.46875,0.9958011507987976,1,887,0.000427758487654321,806,1.1004962779156326,0.0,141.73844419391207,493.0281848928974,97.5703544575725,493.6970998925886,1,1014,0.8673870333988212,0.0,2,0.3300800025463104
TRAIN,5hcafebs,177,1,2,10,1080,1920,1,0.546875,0.9140625,0.7138307690620422,1,720,0.00034722222222222224,964,0.7468879668049793,0.0,71.99444444444444,602.8319444444444,,,1,477,0.2378490175801448,0.0,1,0.3287973403930664
TRAIN,5hcafebs,177,2,3,10,1080,1920,1,0.51171875,3.90625,0.9802808165550232,1,379,0.00018277391975308642,417,0.9088729016786571,0.0,516.5065963060686,578.9023746701847,478.93768545994067,579.026706231454,1,514,0.5238907849829352,0.0,1,-0.2091173380613327
TRAIN,5hcafebs,177,3,4,10,1080,1920,1,0.75,3.515625,0.9711290597915649,1,556,0.00026813271604938274,488,1.139344262295082,0.0,602.7751798561151,546.0269784172662,566.0618181818181,546.6945454545455,1,478,0.7062706270627063,0.0,1,-0.1511058211326599
TRAIN,5hcafebs,177,4,5,10,1080,1920,1,4.519051799434237e-12,-0.73828125,0.32338011264801025,0,0,0.0,1811,0.0,,,,,,1,2024,0.0,0.0,1,
TRAIN,5hcafebs,177,5,6,10,1080,1920,1,0.79296875,3.703125,0.9759464263916016,1,1098,0.0005295138888888889,939,1.1693290734824282,0.0,313.3943533697632,804.9972677595629,272.53629764065334,809.7967332123412,1,869,0.7800904977375566,0.0,1,0.21668128669261932
TRAIN,5hcafebs,177,6,7,10,1080,1920,1,0.82421875,5.6875,0.9966233968734741,1,509,0.00024546682098765434,802,0.6346633416458853,0.0,1791.1159135559922,839.8742632612966,1747.4128440366972,833.440366972477,1,484,0.0,0.0,1,0.19893872737884521
TRAIN,5hcafebs,177,7,8,10,1080,1920,1,0.796875,6.4375,0.9984021782875061,1,1162,0.0005603780864197531,2066,0.5624394966118103,0.0,1840.4974182444062,847.0163511187608,1796.591129032258,842.3411290322581,1,1666,0.0,0.0,1,0.3139795958995819
TRAIN,5hcafebs,177,8,9,10,1080,1920,1,0.81640625,3.59375,0.9732407331466675,1,1280,0.0006172839506172839,1034,1.2379110251450678,0.0,338.31796875,976.73671875,297.3382137628111,982.1185944363104,1,1355,0.8387997208653175,0.0,1,0.3444744646549225
TRAIN,5hcafebs,177,9,10,10,1080,1920,1,0.77734375,1.2265625,0.7732163667678833,1,3615,0.0017433449074074074,2459,1.4701098007320048,0.0067882901994060245,236.4929460580913,976.5706777316735,195.30993150684932,982.7716894977169,1,431,0.0,0.0,1,0.1844397932291031
TRAIN,5hcafebs,178,0,1,10,1080,1920,1,0.8671875,5.53125,0.9960545301437378,1,816,0.0003935185185185185,806,1.0124069478908189,0.0,186.25735294117646,496.0110294117647,141.73844419391207,493.0281848928974,1,938,0.8482613277133825,0.0,2,0.2962556779384613
TRAIN,5hcafebs,178,1,2,10,1080,1920,1,0.546875,1.765625,0.8539127111434937,1,1238,0.0005970293209876543,964,1.2842323651452283,0.0,111.83441033925686,608.5856219709208,71.99444444444444,602.8319444444444,1,730,0.5034377387318564,0.0,1,0.3344157934188843
TRAIN,5hcafebs,178,2,3,10,1080,1920,1,0.54296875,3.9375,0.9808759689331055,1,321,0.00015480324074074075,417,0.7697841726618705,0.0,555.9439252336449,583.5669781931464,516.5065963060686,578.9023746701847,1,473,0.4868913857677903,0.0,1,-0.03179330378770828
TRAIN,5hcafebs,178,3,4,10,1080,1920,1,0.470703125,2.09375,0.8902942538261414,1,463,0.00022328317901234567,488,0.9487704918032787,0.0,639.6047516198704,552.5161987041037,602.7751798561151,546.0269784172662,1,481,0.7009009009009008,0.0,1,-0.1686815470457077
TRAIN,5hcafebs,178,4,5,10,1080,1920,1,1.545430450278218e-13,-0.76171875,0.3182732164859772,0,0,0.0,1811,0.0,,,,,,1,1832,0.0,0.0,1,
TRAIN,5hcafebs,178,5,6,10,1080,1920,1,0.84765625,3.78125,0.9777138829231262,1,1109,0.0005348186728395062,939,1.1810436634717785,0.0,354.27051397655543,808.1226330027051,313.3943533697632,804.9972677595629,1,927,0.8097777777777778,0.0,1,0.28202515840530396
TRAIN,5hcafebs,178,6,7,10,1080,1920,1,0.8203125,5.6875,0.9966233968734741,1,559,0.000269579475308642,802,0.6970074812967582,0.0,1836.953488372093,849.8211091234347,1791.1159135559922,839.8742632612966,1,464,0.0,0.0,1,0.29604390263557434
TRAIN,5hcafebs,178,7,8,10,1080,1920,1,0.7890625,5.625,0.9964063763618469,1,1213,0.0005849729938271604,2066,0.5871248789932236,0.0,1887.4097279472383,857.315746084089,1840.4974182444062,847.0163511187608,1,1502,0.0,0.0,1,0.350661963224411
TRAIN,5hcafebs,178,8,9,10,1080,1920,1,0.8046875,3.625,0.9740425944328308,1,1245,0.0006004050925925926,1034,1.2040618955512572,0.0,378.8835341365462,977.0546184738956,338.31796875,976.73671875,1,1343,0.8740043446777698,0.0,1,0.2654109299182892
TRAIN,5hcafebs,178,9,10,10,1080,1920,1,0.71484375,1.5859375,0.8300437331199646,1,3404,0.0016415895061728395,2459,1.3843025620170801,0.009637514384349828,277.1888954171563,978.6468860164513,236.4929460580913,976.5706777316735,1,478,0.0,0.0,1,0.2670542597770691
TRAIN,5hcafebs,179,0,1,10,1080,1920,1,0.8671875,5.71875,0.9967268705368042,1,841,0.00040557484567901235,806,1.043424317617866,0.0,226.79310344827587,499.85969084423306,186.25735294117646,496.0110294117647,1,930,0.8981779206859593,0.0,2,0.33093100786209106
TRAIN,5hcafebs,179,1,2,10,1080,1920,1,0.57421875,2.28125,0.907312273979187,1,1091,0.0005261381172839507,964,1.1317427385892116,0.0,150.3116406966086,608.916590284143,111.83441033925686,608.5856219709208,1,864,0.6237541528239202,0.0,1,0.2812381684780121
TRAIN,5hcafebs,179,2,3,10,1080,1920,1,0.515625,4.1875,0.985042929649353,1,363,0.00017505787037037037,417,0.8705035971223022,0.0,588.6391184573002,586.6088154269972,555.9439252336449,583.5669781931464,1,446,0.39482758620689656,0.0,1,-0.10165074467658997
TRAIN,5hcafebs,179,3,4,10,1080,1920,1,0.7421875,3.515625,0.9711290597915649,1,541,0.00026089891975308643,488,1.1086065573770492,0.0,673.4195933456562,555.6894639556377,639.6047516198704,552.5161987041037,1,504,0.7244224422442245,0.0,1,-0.22248739004135132
TRAIN,5hcafebs,179,4,5,10,1080,1920,1,0.71484375,1.78125,0.8558511734008789,1,664,0.00032021604938271603,1811,0.36664826062948647,0.0,2.7394578313253013,933.9457831325301,,,1,1867,0.0,0.0,1,0.35391196608543396
TRAIN,5hcafebs,179,5,6,10,1080,1920,1,0.796875,3.9375,0.9808759689331055,1,1215,0.0005859375,939,1.293929712460064,0.0,391.3572016460905,810.1135802469136,354.27051397655543,808.1226330027051,1,923,0.7438825448613376,0.0,1,0.2579094469547272
TRAIN,5hcafebs,179,6,7,10,1080,1920,1,0.828125,4.40625,0.9879462122917175,1,461,0.00022231867283950616,802,0.5748129675810474,0.0,1878.225596529284,859.7939262472885,1836.953488372093,849.8211091234347,1,411,0.0,0.0,1,0.35043373703956604
TRAIN,5hcafebs,179,7,8,10,1080,1920,1,0.48828125,1.265625,0.7799928784370422,1,317,0.00015287422839506173,2066,0.15343659244917715,0.0,1916.397476340694,873.6876971608833,1887.4097279472383,857.315746084089,1,1581,0.0,0.0,1,0.3191911280155182
TRAIN,5hcafebs,179,8,9,10,1080,1920,1,0.80078125,3.75,0.977022647857666,1,1193,0.0005753279320987654,1034,1.1537717601547388,0.0,415.6387259010897,977.2062028499581,378.8835341365462,977.0546184738956,1,1320,0.8559822747415067,0.0,1,0.3283756971359253
TRAIN,5hcafebs,179,9,10,10,1080,1920,1,0.6640625,1.7734375,0.854884684085846,1,3737,0.0018021797839506172,2459,1.5197234648230988,0.022772844457175593,314.64169119614667,978.4653465346535,277.1888954171563,978.6468860164513,1,1223,0.0,0.0,1,0.2447599321603775
TRAIN,5hcafebs,180,0,1,10,1080,1920,1,0.875,5.6875,0.9966233968734741,1,821,0.0003959297839506173,806,1.0186104218362282,0.0,266.6881851400731,497.93300852618756,226.79310344827587,499.85969084423306,1,947,0.8551941238195173,0.0,2,0.3240930736064911
TRAIN,5hcafebs,180,1,2,10,1080,1920,1,0.59375,2.453125,0.9207897186279297,1,1074,0.0005179398148148148,964,1.1141078838174274,0.0,188.50372439478585,607.7858472998138,150.3116406966086,608.916590284143,1,607,0.5144144144144144,0.0,1,0.26973414421081543
TRAIN,5hcafebs,180,2,3,10,1080,1920,1,0.482421875,3.90625,0.9802808165550232,1,365,0.00017602237654320988,417,0.8752997601918465,0.0,623.9698630136986,587.4164383561643,588.6391184573002,586.6088154269972,1,474,0.4823321554770318,0.0,1,-0.10365461558103561
TRAIN,5hcafebs,180,3,4,10,1080,1920,1,0.7421875,4.6875,0.9908744096755981,1,580,0.0002797067901234568,488,1.1885245901639345,0.0,708.5120689655172,555.3068965517241,673.4195933456562,555.6894639556377,1,454,0.6840390879478827,0.0,1,-0.22959062457084656
TRAIN,5hcafebs,180,4,5,10,1080,1920,1,1.4722347259521484e-05,-0.384765625,0.40497803688049316,0,0,0.0,1811,0.0,0.0,,,2.7394578313253013,933.9457831325301,1,1896,0.0,0.0,1,
TRAIN,5hcafebs,180,5,6,10,1080,1920,1,0.80078125,3.859375,0.9793540239334106,1,1188,0.0005729166666666667,939,1.2651757188498403,0.0,427.02272727272725,807.0420875420875,391.3572016460905,810.1135802469136,1,905,0.7603027754415476,0.0,1,0.246410071849823
TRAIN,5hcafebs,180,6,7,10,1080,1920,1,0.81640625,4.46875,0.9886682629585266,1,267,0.00012876157407407408,802,0.3329177057356609,0.0,1911.4868913857679,864.6966292134831,1878.225596529284,859.7939262472885,1,400,0.0,0.0,1,0.3124445378780365
TRAIN,5hcafebs,180,7,8,10,1080,1920,1,2.1693674893577825e-29,-4.65625,0.009412589482963085,0,0,0.0,2066,0.0,0.0,,,1916.397476340694,873.6876971608833,1,1356,0.0,0.0,1,
TRAIN,5hcafebs,180,8,9,10,1080,1920,1,0.796875,3.921875,0.9805806875228882,1,1218,0.0005873842592592593,1034,1.1779497098646035,0.0,452.08620689655174,972.9014778325123,415.6387259010897,977.2062028499581,1,1122,0.7808219178082192,0.0,1,0.2570955157279968
TRAIN,5hcafebs,180,9,10,10,1080,1920,1,0.27734375,2.140625,0.894789457321167,1,3260,0.001572145061728395,2459,1.3257421716144775,0.024901127874615497,352.3812883435583,973.4092024539877,314.64169119614667,978.4653465346535,1,1281,0.0,0.0,1,0.23362207412719727
TRAIN,5hcafebs,181,0,1,10,1080,1920,1,0.8671875,5.84375,0.9971103668212891,1,823,0.0003968942901234568,806,1.021091811414392,0.0,314.55164034021874,498.8007290400972,266.6881851400731,497.93300852618756,1,990,0.8148148148148148,0.0,2,0.33739733695983887
TRAIN,5hcafebs,181,1,2,10,1080,1920,1,0.46484375,1.96875,0.8774768114089966,1,673,0.00032455632716049383,964,0.6981327800829875,0.0,233.15304606240713,608.038632986627,188.50372439478585,607.7858472998138,0,0,0.0,0.0,1,0.2874349057674408
TRAIN,5hcafebs,181,2,3,10,1080,1920,1,0.5,3.984375,0.9817357659339905,1,289,0.00013937114197530863,417,0.6930455635491607,0.0,669.0276816608997,583.3979238754325,623.9698630136986,587.4164383561643,1,420,0.4498977505112474,0.0,1,-0.12269163131713867
TRAIN,5hcafebs,181,3,4,10,1080,1920,1,0.71875,4.40625,0.9879462122917175,1,573,0.0002763310185185185,488,1.1741803278688525,0.0,748.9808027923211,555.0890052356021,708.5120689655172,555.3068965517241,1,433,0.6491803278688525,0.0,1,-0.24740369617938995
TRAIN,5hcafebs,181,4,5,10,1080,1920,1,7.66053886991358e-15,-1.265625,0.22000710666179657,0,0,0.0,1811,0.0,,,,,,1,1941,0.0,0.0,1,
TRAIN,5hcafebs,181,5,6,10,1080,1920,1,0.80078125,3.71875,0.9763104915618896,1,1193,0.0005753279320987654,939,1.2705005324813632,0.0,471.55490360435874,804.5247275775356,427.02272727272725,807.0420875420875,1,908,0.7464671654197839,0.0,1,0.22406040132045746
TRAIN,5hcafebs,181,6,7,10,1080,1920,1,1.3213420162451948e-29,-5.09375,0.0060975621454417706,0,0,0.0,802,0.0,0.0,,,1911.4868913857679,864.6966292134831,1,376,0.0,0.0,1,
TRAIN,5hcafebs,181,7,8,10,1080,1920,1,5.39260384428426e-32,-6.0625,0.002323162741959095,0,0,0.0,2066,0.0,,,,,,1,1005,0.0,0.0,1,
TRAIN,5hcafebs,181,8,9,10,1080,1920,1,0.78125,3.9375,0.9808759689331055,1,1001,0.00048273533950617283,1034,0.9680851063829787,0.0,496.5084915084915,972.3056943056943,452.08620689655174,972.9014778325123,1,1127,0.7897392767031118,0.0,1,0.3224838376045227
TRAIN,5hcafebs,181,9,10,10,1080,1920,1,0.46875,2.171875,0.8976953029632568,1,3340,0.0016107253086419754,2459,1.3582757218381456,0.0,398.28383233532935,967.1389221556886,352.3812883435583,973.4092024539877,1,1498,0.0,0.0,1,0.26504650712013245
TRAIN,5hcafebs,182,0,1,10,1080,1920,1,0.87890625,5.84375,0.9971103668212891,1,768,0.00037037037037037035,806,0.9528535980148883,0.0,365.4557291666667,498.4153645833333,314.55164034021874,498.8007290400972,1,930,0.8238453276047261,0.0,2,0.35668638348579407
TRAIN,5hcafebs,182,1,2,10,1080,1920,1,0.349609375,1.2890625,0.7839884757995605,1,377,0.0001818094135802469,964,0.39107883817427386,0.0,281.9787798408488,600.5358090185676,233.15304606240713,608.038632986627,0,0,0.0,0.0,1,0.21499113738536835
TRAIN,5hcafebs,182,2,3,10,1080,1920,1,0.50390625,4.28125,0.9863631129264832,1,318,0.00015335648148148148,417,0.762589928057554,0.0,712.0408805031446,587.9622641509434,669.0276816608997,583.3979238754325,1,456,0.44672897196261685,0.0,1,-0.13942286372184753
TRAIN,5hcafebs,182,3,4,10,1080,1920,1,0.7109375,4.5,0.9890130758285522,1,471,0.0002271412037037037,488,0.9651639344262295,0.0,793.2462845010616,559.0488322717622,748.9808027923211,555.0890052356021,1,468,0.7292817679558011,0.0,1,-0.20511597394943237
TRAIN,5hcafebs,182,4,5,10,1080,1920,1,3.864587821847745e-21,-2.046875,0.11436853557825089,0,0,0.0,1811,0.0,,,,,,1,1823,0.0,0.0,1,
TRAIN,5hcafebs,182,5,6,10,1080,1920,1,0.82421875,3.828125,0.9787126779556274,1,1298,0.0006259645061728395,939,1.382321618743344,0.0,517.7634822804314,805.2588597842835,471.55490360435874,804.5247275775356,1,907,0.6870696250956388,0.0,1,0.28558817505836487
TRAIN,5hcafebs,182,6,7,10,1080,1920,1,6.5635692504717e-31,-5.4375,0.004331501666456461,0,0,0.0,802,0.0,,,,,,1,310,0.0,0.0,1,
TRAIN,5hcafebs,182,7,8,10,1080,1920,1,3.2548216060144286e-32,-6.46875,0.0015487611526623368,0,0,0.0,2066,0.0,,,,,,1,590,0.0,0.0,1,
TRAIN,5hcafebs,182,8,9,10,1080,1920,1,0.75,3.9375,0.9808759689331055,1,1104,0.0005324074074074074,1034,1.067698259187621,0.0,541.2481884057971,965.8577898550725,496.5084915084915,972.3056943056943,1,1165,0.8628899835796388,0.0,1,0.22793476283550262
TRAIN,5hcafebs,182,9,10,10,1080,1920,1,0.69921875,2.109375,0.8918110132217407,1,3325,0.001603491512345679,2459,1.3521756811712078,0.0,445.6980451127819,965.4643609022556,398.28383233532935,967.1389221556886,1,1258,0.0006550218340611354,0.0,1,0.22607840597629547
TRAIN,5hcafebs,183,0,1,10,1080,1920,1,0.87109375,5.875,0.9971990585327148,1,789,0.00038049768518518516,806,0.9789081885856079,0.0,412.10392902408114,498.8466413181242,365.4557291666667,498.4153645833333,1,923,0.8388829215896885,0.0,2,0.3433776795864105
TRAIN,5hcafebs,183,1,2,10,1080,1920,1,0.345703125,1.3984375,0.8019358515739441,1,330,0.00015914351851851853,964,0.34232365145228216,0.0,328.1909090909091,594.5818181818182,281.9787798408488,600.5358090185676,0,0,0.0,0.0,1,0.27130481600761414
TRAIN,5hcafebs,183,2,3,10,1080,1920,1,0.490234375,4.3125,0.9867772459983826,1,364,0.00017554012345679014,417,0.8729016786570744,0.0,752.3846153846154,591.8461538461538,712.0408805031446,587.9622641509434,1,426,0.4468864468864469,0.0,1,-0.12220826745033264
TRAIN,5hcafebs,183,3,4,10,1080,1920,1,0.7265625,4.8125,0.9919379353523254,1,485,0.00023389274691358025,488,0.9938524590163934,0.0,834.3051546391753,562.579381443299,793.2462845010616,559.0488322717622,1,514,0.7313691507798961,0.0,1,-0.22135458886623383
TRAIN,5hcafebs,183,4,5,10,1080,1920,1,1.7364175418713157e-20,-1.890625,0.13117322325706482,0,0,0.0,1811,0.0,,,,,,1,1764,0.0,0.0,1,
TRAIN,5hcafebs,183,5,6,10,1080,1920,1,0.83203125,3.96875,0.9814534187316895,1,1377,0.0006640625,939,1.4664536741214058,0.0,559.0777051561365,806.5337690631808,517.7634822804314,805.2588597842835,1,888,0.6401158580738595,0.0,1,0.2542111575603485
TRAIN,5hcafebs,183,6,7,10,1080,1920,1,5.916456789157589e-29,-5.0625,0.00628990214318037,0,0,0.0,802,0.0,,,,,,1,234,0.0,0.0,1,
TRAIN,5hcafebs,183,7,8,10,1080,1920,1,8.859277744181285e-32,-6.5625,0.0014103584690019488,0,0,0.0,2066,0.0,,,,,,1,438,0.0,0.0,1,
TRAIN,5hcafebs,183,8,9,10,1080,1920,1,0.80078125,4.09375,0.9835969805717468,1,1074,0.0005179398148148148,1034,1.0386847195357833,0.0,579.8296089385475,968.0875232774674,541.2481884057971,965.8577898550725,1,1164,0.8033843674456084,0.0,1,0.27634894847869873
TRAIN,5hcafebs,183,9,10,10,1080,1920,1,0.64453125,2.4375,0.9196425676345825,1,3177,0.0015321180555555557,2459,1.2919886132574216,0.0018489984591679508,486.3578847969783,964.8709474346869,445.6980451127819,965.4643609022556,1,1124,0.0013969732246798604,0.0,1,0.229881152510643
TRAIN,5hcafebs,184,0,1,10,1080,1920,1,0.875,6.34375,0.998245358467102,1,707,0.0003409529320987654,806,0.8771712158808933,0.0,452.4328147100424,496.15275813295614,412.10392902408114,498.8466413181242,1,819,0.8541919805589308,0.0,2,0.3044617176055908
TRAIN,5hcafebs,184,1,2,10,1080,1920,1,0.0267333984375,0.177734375,0.5443170070648193,1,186,8.969907407407407e-05,964,0.19294605809128632,0.0,370.1720430107527,588.241935483871,328.1909090909091,594.5818181818182,0,0,0.0,0.0,1,0.17729072272777557
TRAIN,5hcafebs,184,2,3,10,1080,1920,1,0.51953125,4.71875,0.9911527037620544,1,345,0.0001663773148148148,417,0.8273381294964028,0.0,791.2260869565217,588.8347826086956,752.3846153846154,591.8461538461538,1,468,0.525328330206379,0.0,1,-0.19394899904727936
TRAIN,5hcafebs,184,3,4,10,1080,1920,1,0.74609375,4.96875,0.9930961728096008,1,511,0.0002464313271604938,488,1.0471311475409837,0.0,871.0410958904109,562.3131115459882,834.3051546391753,562.579381443299,1,482,0.7061855670103093,0.0,1,-0.2093176245689392
TRAIN,5hcafebs,184,4,5,10,1080,1920,1,4.255493527005605e-18,-1.5546875,0.17441026866436005,0,0,0.0,1811,0.0,,,,,,1,1634,0.0,0.0,1,
TRAIN,5hcafebs,184,5,6,10,1080,1920,1,0.796875,4.15625,0.9845753908157349,1,1375,0.0006630979938271605,939,1.4643237486687966,0.0,594.8683636363636,803.3825454545455,559.0777051561365,806.5337690631808,1,972,0.6897048236141109,0.0,1,0.30064767599105835
TRAIN,5hcafebs,184,6,7,10,1080,1920,1,3.218552493301728e-27,-4.25,0.014063628390431404,0,0,0.0,802,0.0,,,,,,1,154,0.0,0.0,1,
TRAIN,5hcafebs,184,7,8,10,1080,1920,1,2.9335764912906377e-30,-6.21875,0.001987774157896638,0,0,0.0,2066,0.0,,,,,,1,804,0.0,0.0,1,
TRAIN,5hcafebs,184,8,9,10,1080,1920,1,0.8125,4.21875,0.985496461391449,1,1033,0.000498167438271605,1034,0.9990328820116054,0.0,614.9990319457889,962.5353339787029,579.8296089385475,968.0875232774674,1,1120,0.8852889667250438,0.0,1,0.36450839042663574
TRAIN,5hcafebs,184,9,10,10,1080,1920,1,0.4609375,2.5625,0.9284088015556335,1,3405,0.0016420717592592594,2459,1.384709231394876,0.03004694835680751,521.3923641703377,959.6496328928047,486.3578847969783,964.8709474346869,1,1272,0.0,0.0,1,0.22903206944465637
TRAIN,5hcafebs,185,0,1,10,1080,1920,1,0.87109375,6.78125,0.9988664388656616,1,745,0.00035927854938271606,806,0.924317617866005,0.0,483.7046979865772,492.1382550335571,452.4328147100424,496.15275813295614,1,799,0.894478527607362,0.0,2,0.34797483682632446
TRAIN,5hcafebs,185,1,2,10,1080,1920,1,1.0654330253601074e-06,-0.1650390625,0.4588336646556854,0,0,0.0,964,0.0,0.0,,,370.1720430107527,588.241935483871,0,0,,0.0,1,
TRAIN,5hcafebs,185,2,3,10,1080,1920,1,0.55078125,5.15625,0.9942697286605835,1,356,0.0001716820987654321,417,0.8537170263788969,0.0,819.5056179775281,587.2162921348314,791.2260869565217,588.8347826086956,1,501,0.5610200364298725,0.0,1,-0.1583423912525177
TRAIN,5hcafebs,185,3,4,10,1080,1920,1,0.76171875,4.75,0.9914224743843079,1,517,0.0002493248456790123,488,1.0594262295081966,0.0,899.4970986460348,560.9980657640232,871.0410958904109,562.3131115459882,1,497,0.75736568457539,0.0,1,-0.2673783302307129
TRAIN,5hcafebs,185,4,5,10,1080,1920,1,4.6629367034256575e-15,-1.2265625,0.2267836332321167,0,0,0.0,1811,0.0,,,,,,1,1692,0.0,0.0,1,
TRAIN,5hcafebs,185,5,6,10,1080,1920,1,0.8203125,3.875,0.9796676635742188,1,1086,0.0005237268518518518,939,1.156549520766773,0.006955810147299509,622.4079189686925,796.3554327808472,594.8683636363636,803.3825454545455,1,913,0.8057813911472448,0.0,1,0.31306472420692444
TRAIN,5hcafebs,185,6,7,10,1080,1920,1,5.585135208964764e-28,-5.0625,0.00628990214318037,0,0,0.0,802,0.0,,,,,,1,183,0.0,0.0,1,
TRAIN,5hcafebs,185,7,8,10,1080,1920,1,2.9335764912906377e-30,-6.03125,0.0023967307060956955,0,0,0.0,2066,0.0,,,,,,1,913,0.0,0.0,1,
TRAIN,5hcafebs,185,8,9,10,1080,1920,1,0.8203125,4.40625,0.9879462122917175,1,1189,0.0005733989197530864,1034,1.1499032882011606,0.0022552999548940008,642.582842724979,958.8679562657695,614.9990319457889,962.5353339787029,1,1163,0.8134155744024673,0.0,1,0.301261842250824
TRAIN,5hcafebs,185,9,10,10,1080,1920,1,0.2734375,2.984375,0.9518632292747498,1,3223,0.0015543016975308641,2459,1.3106954046360308,0.08977310095363367,551.4849519081602,954.5479367049332,521.3923641703377,959.6496328928047,1,1345,0.0024138687733157777,0.0,1,0.2631394863128662
TRAIN,5hcafebs,186,0,1,10,1080,1920,1,0.8671875,6.3125,0.9981897473335266,1,682,0.0003288966049382716,806,0.8461538461538461,0.0,508.52199413489734,489.16129032258067,483.7046979865772,492.1382550335571,1,780,0.8553299492385786,0.0,2,0.33188703656196594
TRAIN,5hcafebs,186,1,2,10,1080,1920,1,1.2656542480726785e-14,-0.8515625,0.2991051971912384,0,0,0.0,964,0.0,,,,,,0,0,,0.0,1,
TRAIN,5hcafebs,186,2,3,10,1080,1920,1,0.55078125,6.15625,0.9978843331336975,1,376,0.00018132716049382717,417,0.9016786570743405,0.0,841.7340425531914,585.1382978723404,819.5056179775281,587.2162921348314,1,505,0.551056338028169,0.0,1,-0.15674147009849548
TRAIN,5hcafebs,186,3,4,10,1080,1920,1,0.77734375,5.09375,0.9939024448394775,1,602,0.00029031635802469137,488,1.2336065573770492,0.0,923.156146179402,556.875415282392,899.4970986460348,560.9980657640232,1,516,0.7333333333333333,0.0,1,-0.23859727382659912
TRAIN,5hcafebs,186,4,5,10,1080,1920,1,1.1059455573558807e-09,-0.32421875,0.4196479320526123,0,0,0.0,1811,0.0,,,,,,1,1595,0.0,0.0,1,
TRAIN,5hcafebs,186,5,6,10,1080,1920,1,0.82421875,4.59375,0.9899863600730896,1,1186,0.0005719521604938271,939,1.263045793397231,0.045078196872125116,645.2141652613828,794.2318718381113,622.4079189686925,796.3554327808472,1,945,0.7743547044129891,0.0,1,0.33283355832099915
TRAIN,5hcafebs,186,6,7,10,1080,1920,1,8.859277744181285e-32,-5.125,0.0059110685251653194,0,0,0.0,802,0.0,,,,,,1,187,0.0,0.0,1,
TRAIN,5hcafebs,186,7,8,10,1080,1920,1,6.815758221109542e-27,-6.1875,0.0020507434383034706,0,0,0.0,2066,0.0,,,,,,1,642,0.0,0.0,1,
TRAIN,5hcafebs,186,8,9,10,1080,1920,1,0.8046875,5.3125,0.9950946569442749,1,1109,0.0005348186728395062,1034,1.0725338491295937,0.0693345742205677,664.8512173128945,956.4589720468891,642.582842724979,958.8679562657695,1,1152,0.8073541167066347,0.0,1,0.28097662329673767
TRAIN,5hcafebs,186,9,10,10,1080,1920,1,0.1611328125,3.84375,0.9790357351303101,1,1414,0.0006819058641975308,2459,0.5750305002033347,0.002161227577263886,831.6195190947666,838.6937765205092,551.4849519081602,954.5479367049332,1,1544,0.7513321492007105,0.0,1,0.3525771200656891
TRAIN,5hcafebs,187,0,1,10,1080,1920,1,0.8671875,6.375,0.9982993006706238,1,710,0.0003423996913580247,806,0.8808933002481389,0.0,528.3408450704226,485.0605633802817,508.52199413489734,489.16129032258067,1,823,0.8381294964028777,0.0,2,0.3801155090332031
TRAIN,5hcafebs,187,1,2,10,1080,1920,1,3.0547380447387695e-07,-0.353515625,0.4125301241874695,0,0,0.0,964,0.0,,,,,,0,0,,0.0,1,
TRAIN,5hcafebs,187,2,3,10,1080,1920,1,0.51171875,5.5,0.9959298968315125,1,380,0.00018325617283950618,417,0.9112709832134293,0.0,859.3473684210526,579.8921052631579,841.7340425531914,585.1382978723404,1,449,0.5466417910447762,0.0,1,-0.14973211288452148
TRAIN,5hcafebs,187,3,4,10,1080,1920,1,0.73828125,5.25,0.9947799444198608,1,508,0.00024498456790123457,488,1.040983606557377,0.0,940.1870078740158,552.3976377952756,923.156146179402,556.875415282392,1,479,0.7017241379310345,0.0,1,-0.2413347363471985
TRAIN,5hcafebs,187,4,5,10,1080,1920,1,0.4453125,0.73046875,0.6749081611633301,1,1253,0.0006042631172839506,1811,0.6918829376035339,0.0,130.1923383878691,717.1452513966481,,,1,1665,0.0,0.0,1,0.2585437297821045
TRAIN,5hcafebs,187,5,6,10,1080,1920,1,0.828125,4.6875,0.9908744096755981,1,1383,0.0006669560185185185,939,1.4728434504792332,0.10399656209712076,664.3687635574837,791.9602313810557,645.2141652613828,794.2318718381113,1,920,0.6544540229885057,0.0,1,0.2580451965332031
TRAIN,5hcafebs,187,6,7,10,1080,1920,1,1.2197274440461925e-18,-2.765625,0.05921025574207306,0,0,0.0,802,0.0,,,,,,1,201,0.0,0.0,1,
TRAIN,5hcafebs,187,7,8,10,1080,1920,1,3.917798799689633e-26,-5.65625,0.0034834241960197687,0,0,0.0,2066,0.0,,,,,,1,619,0.0,0.0,1,
TRAIN,5hcafebs,187,8,9,10,1080,1920,1,0.796875,6.1875,0.9979493021965027,1,925,0.0004460841049382716,1034,0.8945841392649904,0.07904509283819629,685.7372972972973,950.6572972972973,664.8512173128945,956.4589720468891,1,1216,0.7182985553772071,0.0,1,0.3310367465019226
TRAIN,5hcafebs,187,9,10,10,1080,1920,1,0.703125,5.15625,0.9942697286605835,1,1545,0.0007450810185185185,2459,0.6283041886945913,0.1770087509944312,850.2349514563107,830.6763754045307,831.6195190947666,838.6937765205092,1,1603,0.7927107061503417,0.0,1,0.3238649070262909
TRAIN,5hcafebs,188,0,1,10,1080,1920,1,0.85546875,6.625,0.9986749291419983,1,694,0.00033468364197530864,806,0.8610421836228288,0.19489361702127658,538.6311239193084,481.02737752161386,528.3408450704226,485.0605633802817,1,751,0.8501920614596671,0.0,2,0.3624933958053589
TRAIN,5hcafebs,188,1,2,10,1080,1920,1,1.7848833522293717e-11,-0.65625,0.3415825068950653,0,0,0.0,964,0.0,,,,,,0,0,,0.0,1,
TRAIN,5hcafebs,188,2,3,10,1080,1920,1,0.54296875,5.40625,0.9955315589904785,1,334,0.00016107253086419752,417,0.8009592326139089,0.031791907514450865,871.6946107784431,573.5838323353294,859.3473684210526,579.8921052631579,1,449,0.562874251497006,0.0,1,-0.11672388017177582
TRAIN,5hcafebs,188,3,4,10,1080,1920,1,0.76953125,5.03125,0.9935117363929749,1,527,0.0002541473765432099,488,1.0799180327868851,0.04969574036511156,951.8159392789374,547.6299810246679,940.1870078740158,552.3976377952756,1,505,0.7403035413153457,0.0,1,-0.21289017796516418
TRAIN,5hcafebs,188,4,5,10,1080,1920,1,0.177734375,0.75,0.6791787147521973,1,2548,0.0012287808641975309,1811,1.4069574820541138,0.48534583821805394,129.1789638932496,724.8194662480377,130.1923383878691,717.1452513966481,1,1554,0.0004878048780487805,0.0,1,0.26234111189842224
TRAIN,5hcafebs,188,5,6,10,1080,1920,1,0.80859375,4.53125,0.9893474578857422,1,1131,0.0005454282407407407,939,1.2044728434504792,0.3039419087136929,675.5207780725023,782.6702033598585,664.3687635574837,791.9602313810557,1,982,0.8152920962199313,0.0,1,0.3657626509666443
TRAIN,5hcafebs,188,6,7,10,1080,1920,1,2.6505726415425997e-28,-4.3125,0.013222821988165379,0,0,0.0,802,0.0,,,,,,1,192,0.0,0.0,1,
TRAIN,5hcafebs,188,7,8,10,1080,1920,1,9.742432179479496e-29,-5.6875,0.0033766122069209814,0,0,0.0,2066,0.0,,,,,,1,669,0.0,0.0,1,
TRAIN,5hcafebs,188,8,9,10,1080,1920,1,0.796875,7.03125,0.9991169571876526,1,1031,0.0004972029320987654,1034,0.9970986460348162,0.3225152129817444,696.8341416100873,944.0271580989331,685.7372972972973,950.6572972972973,1,1127,0.8272650296359018,0.0,1,0.29248008131980896
TRAIN,5hcafebs,188,9,10,10,1080,1920,1,0.71484375,5.1875,0.9944451451301575,1,1431,0.0006901041666666667,2459,0.5819438796258641,0.44536182612918895,859.3417190775681,824.8085255066387,850.2349514563107,830.6763754045307,1,1506,0.8073846153846154,0.0,1,0.31926313042640686
TRAIN,5hcafebs,189,0,1,10,1080,1920,1,0.87109375,6.78125,0.9988664388656616,1,741,0.00035734953703703704,806,0.9193548387096774,0.29981884057971014,545.8947368421053,472.0404858299595,538.6311239193084,481.02737752161386,1,803,0.8715151515151515,0.0,2,0.38550856709480286
TRAIN,5hcafebs,189,1,2,10,1080,1920,1,1.7848833522293717e-11,-0.6875,0.3345894515514374,0,0,0.0,964,0.0,,,,,,0,0,,0.0,1,
TRAIN,5hcafebs,189,2,3,10,1080,1920,1,0.455078125,5.1875,0.9944451451301575,1,457,0.00022038966049382717,417,1.0959232613908874,0.18590704647676162,880.1838074398249,568.9212253829322,871.6946107784431,573.5838323353294,1,493,0.4890282131661442,0.0,1,-0.11422291398048401
TRAIN,5hcafebs,189,3,4,10,1080,1920,1,0.74609375,4.90625,0.9926542043685913,1,404,0.00019483024691358024,488,0.8278688524590164,0.2154046997389034,959.0866336633663,540.1633663366337,951.8159392789374,547.6299810246679,1,479,0.6597744360902256,0.0,1,-0.21962842345237732
TRAIN,5hcafebs,189,4,5,10,1080,1920,1,0.07568359375,1.2890625,0.7839884757995605,1,1005,0.00048466435185185185,1811,0.5549420209828824,0.000563221627710504,500.17512437810944,819.2537313432836,129.1789638932496,724.8194662480377,1,1527,0.5373406193078324,0.0,1,0.20592859387397766
TRAIN,5hcafebs,189,5,6,10,1080,1920,1,0.83984375,5.09375,0.9939024448394775,1,1262,0.0006086033950617284,939,1.3439829605963791,0.46540110226576853,683.0974643423137,775.8137876386688,675.5207780725023,782.6702033598585,1,1056,0.8095238095238095,0.0,1,0.29265570640563965
TRAIN,5hcafebs,189,6,7,10,1080,1920,1,4.0332320816460765e-17,-1.7734375,0.14511536061763763,0,0,0.0,802,0.0,,,,,,1,146,0.0,0.0,1,
TRAIN,5hcafebs,189,7,8,10,1080,1920,1,3.917798799689633e-26,-4.09375,0.01640303246676922,0,0,0.0,2066,0.0,,,,,,1,637,0.0,0.0,1,
TRAIN,5hcafebs,189,8,9,10,1080,1920,1,0.7890625,7.375,0.999373733997345,1,881,0.0004248649691358025,1034,0.8520309477756286,0.31048663468128856,707.4903518728718,935.5539160045403,696.8341416100873,944.0271580989331,1,1111,0.7321739130434782,0.0,1,0.3230820298194885
TRAIN,5hcafebs,189,9,10,10,1080,1920,1,0.5859375,6.375,0.9982993006706238,1,1329,0.0006409143518518518,2459,0.5404636030906873,0.422680412371134,864.5620767494356,809.7885628291949,859.3417190775681,824.8085255066387,1,1233,0.7693370165745856,0.0,1,0.2955322861671448
