split,video,frame_idx,obj_idx,object_id,n_objects,frame_height,frame_width,baseline_memory_encoded,mask_conf_iou_head,occ_score_logit,occ_score_prob,pointer_valid,pred_area_px,area_norm,frame0_anchor_area_px,area_ratio_anchor,temporal_iou_prev,centroid_x_px,centroid_y_px,prev_centroid_x_px,prev_centroid_y_px,target_visible,target_gt_area_px,target_iou,max_other_iou,max_other_object_id,ptr_sim_anchor_fp32
TRAIN,7744dc51,1,0,1,7,720,1280,1,0.76171875,10.1875,0.999962329864502,1,1074,0.0011653645833333334,1053,1.01994301994302,0.5697416974169742,305.1098696461825,238.5614525139665,307.4976258309592,230.10256410256412,1,969,0.770363951473137,0.0,2,0.4053061008453369
TRAIN,7744dc51,1,1,2,7,720,1280,1,0.80078125,10.0,0.9999545812606812,1,2200,0.002387152777777778,2270,0.9691629955947136,0.39035769828926903,483.46181818181816,217.9318181818182,489.9167400881057,208.03876651982378,1,2263,0.7112730061349694,0.0,1,0.4638731777667999
TRAIN,7744dc51,1,2,3,7,720,1280,1,0.89453125,9.8125,0.9999452829360962,1,1663,0.001804470486111111,1623,1.0246457178065311,0.6421789105447276,558.3427540589297,209.13650030066145,556.1589648798521,201.26555760936537,1,1609,0.8351093662366798,0.010067114093959731,4,0.2875831723213196
TRAIN,7744dc51,1,3,4,7,720,1280,1,0.8828125,10.125,0.9999599456787109,1,3041,0.0032996961805555557,3087,0.985098801425332,0.6306546035125067,598.6688589279842,224.6139427819796,597.3317136378361,216.96047942986718,1,2852,0.861339229311434,0.01285123066869963,3,0.2135053426027298
TRAIN,7744dc51,1,4,5,7,720,1280,1,0.86328125,9.0625,0.9998840093612671,1,1040,0.0011284722222222221,1057,0.9839167455061495,0.4788434414668547,677.5951923076923,182.7221153846154,678.1882686849574,174.42573320719015,1,1056,0.9019963702359347,0.01037037037037037,6,0.32918569445610046
TRAIN,7744dc51,1,5,6,7,720,1280,1,0.83203125,10.375,0.9999687671661377,1,1040,0.0011284722222222221,801,1.2983770287141074,0.4032012195121951,690.2076923076924,210.60288461538462,691.1385767790263,201.34456928838952,1,1006,0.7532133676092545,0.0067243035542747355,5,0.41111376881599426
TRAIN,7744dc51,1,6,7,7,720,1280,1,0.80078125,10.3125,0.9999667406082153,1,732,0.0007942708333333334,907,0.8070562293274531,0.6422845691382766,724.9180327868852,224.86885245901638,723.0551267916208,220.045203969129,1,999,0.7054187192118226,0.005205320994794679,6,0.31177520751953125
TRAIN,7744dc51,2,0,1,7,720,1280,1,0.79296875,9.5625,0.999929666519165,1,1089,0.001181640625,1053,1.0341880341880343,0.5221674876847291,311.6914600550964,244.77502295684113,305.1098696461825,238.5614525139665,1,1140,0.7523584905660378,0.0,2,0.461431622505188
TRAIN,7744dc51,2,1,2,7,720,1280,1,0.796875,10.6875,0.9999772310256958,1,1903,0.002064887152777778,2270,0.8383259911894273,0.5958770906262155,478.71308460325804,223.60325801366264,483.46181818181816,217.9318181818182,1,2103,0.7485814054997818,0.0,1,0.5039363503456116
TRAIN,7744dc51,2,2,3,7,720,1280,1,0.86328125,10.625,0.9999756813049316,1,1683,0.001826171875,1623,1.0369685767097967,0.5426463808206546,564.620320855615,214.98039215686273,558.3427540589297,209.13650030066145,1,1714,0.8224248927038627,0.0019288469781397343,4,0.38881975412368774
TRAIN,7744dc51,2,3,4,7,720,1280,1,0.87890625,10.5625,0.9999741315841675,1,3012,0.0032682291666666667,3087,0.9757045675413022,0.56287115930803,603.5318725099602,231.74003984063745,598.6688589279842,224.6139427819796,1,2992,0.8227079538554949,0.012425021422450729,3,0.30153176188468933
TRAIN,7744dc51,2,4,5,7,720,1280,1,0.8515625,9.0625,0.9998840093612671,1,994,0.0010785590277777777,1057,0.9403973509933775,0.5903049257232212,682.0985915492957,189.48792756539234,677.5951923076923,182.7221153846154,1,893,0.8320388349514564,0.01996007984031936,6,0.39007827639579773
TRAIN,7744dc51,2,5,6,7,720,1280,1,0.796875,10.375,0.9999687671661377,1,825,0.0008951822916666666,801,1.0299625468164795,0.5738396624472574,691.8957575757576,216.23636363636365,690.2076923076924,210.60288461538462,1,1050,0.6053082191780822,0.0,1,0.4095974266529083
TRAIN,7744dc51,2,6,7,7,720,1280,1,0.796875,10.75,0.9999785423278809,1,758,0.0008224826388888889,907,0.8357221609702316,0.37327188940092165,731.2506596306068,232.86807387862797,724.9180327868852,224.86885245901638,1,1024,0.7250726040658277,0.0,1,0.3186084032058716
TRAIN,7744dc51,3,0,1,7,720,1280,1,0.78515625,11.25,0.999987006187439,1,1215,0.001318359375,1053,1.1538461538461537,0.6168421052631579,312.0641975308642,252.5761316872428,311.6914600550964,244.77502295684113,1,1219,0.8780864197530864,0.0,2,0.42851242423057556
TRAIN,7744dc51,3,1,2,7,720,1280,1,0.77734375,10.625,0.9999756813049316,1,1591,0.001726345486111111,2270,0.7008810572687225,0.45280665280665283,470.9585166561911,231.23192960402264,478.71308460325804,223.60325801366264,1,2118,0.7396810506566605,0.0,1,0.4430452585220337
TRAIN,7744dc51,3,2,3,7,720,1280,1,0.875,10.6875,0.9999772310256958,1,1368,0.001484375,1623,0.8428835489833642,0.543247344461305,566.4422514619883,227.24269005847952,564.620320855615,214.98039215686273,1,1512,0.8461538461538461,0.003865149237706678,4,0.3025689721107483
TRAIN,7744dc51,3,3,4,7,720,1280,1,0.87109375,10.6875,0.9999772310256958,1,3068,0.0033289930555555555,3087,0.9938451571104633,0.5625803135440761,606.2206649282921,241.32040417209907,603.5318725099602,231.74003984063745,1,3307,0.8350604490500864,0.009477628388803174,3,0.26161783933639526
TRAIN,7744dc51,3,4,5,7,720,1280,1,0.84375,10.1875,0.999962329864502,1,1058,0.0011480034722222221,1057,1.0009460737937559,0.4584221748400853,682.6086956521739,199.9224952741021,682.0985915492957,189.48792756539234,1,1105,0.887434554973822,0.008149568552253116,6,0.42628955841064453
TRAIN,7744dc51,3,5,6,7,720,1280,1,0.80859375,10.1875,0.999962329864502,1,872,0.0009461805555555556,801,1.0886392009987516,0.26358897989575575,690.0103211009174,228.5355504587156,691.8957575757576,216.23636363636365,1,1045,0.7849162011173184,0.0005060728744939271,5,0.4573792815208435
TRAIN,7744dc51,3,6,7,7,720,1280,1,0.82421875,10.9375,0.9999822378158569,1,791,0.0008582899305555556,907,0.8721058434399118,0.49229287090558765,732.936788874842,242.73957016434892,731.2506596306068,232.86807387862797,1,919,0.8191489361702128,0.0,1,0.40766221284866333
TRAIN,7744dc51,4,0,1,7,720,1280,1,0.82421875,10.1875,0.999962329864502,1,1289,0.001398654513888889,1053,1.2241215574548907,0.6794097920858484,315.3591931730023,258.7788983708301,312.0641975308642,252.5761316872428,1,1403,0.8263229308005428,0.0,2,0.3915030062198639
TRAIN,7744dc51,4,1,2,7,720,1280,1,0.796875,11.0,0.9999833106994629,1,1908,0.0020703125,2270,0.8405286343612335,0.6427230046948357,469.979035639413,236.62211740041928,470.9585166561911,231.23192960402264,1,1856,0.8698460009935419,0.0,1,0.48269033432006836
TRAIN,7744dc51,4,2,3,7,720,1280,1,0.86328125,11.4375,0.9999892711639404,1,1601,0.0017371961805555556,1623,0.9864448552064079,0.7132140796306982,569.1511555277951,231.80824484697064,566.4422514619883,227.24269005847952,1,1685,0.8659852356615559,0.004548408057179987,4,0.40092936158180237
TRAIN,7744dc51,4,3,4,7,720,1280,1,0.8671875,11.1875,0.9999861717224121,1,3189,0.0034602864583333334,3087,1.033041788143829,0.6707610146862484,608.9937284415178,247.18814675446848,606.2206649282921,241.32040417209907,1,3037,0.8311764705882353,0.010364842454394693,3,0.2870778739452362
TRAIN,7744dc51,4,4,5,7,720,1280,1,0.82421875,10.3125,0.9999667406082153,1,1054,0.0011436631944444445,1057,0.9971617786187322,0.7087378640776699,682.0967741935484,203.07210626185957,682.6086956521739,199.9224952741021,1,1079,0.8743409490333919,0.0027359781121751026,6,0.44868147373199463
TRAIN,7744dc51,4,5,6,7,720,1280,1,0.828125,10.0,0.9999545812606812,1,1124,0.0012196180555555556,801,1.4032459425717854,0.6267318663406682,687.4421708185054,233.41637010676158,690.0103211009174,228.5355504587156,1,1145,0.7810047095761381,0.008237986270022883,5,0.35516735911369324
TRAIN,7744dc51,4,6,7,7,720,1280,1,0.828125,10.4375,0.9999706745147705,1,833,0.0009038628472222222,907,0.918412348401323,0.5378787878787878,736.594237695078,249.6014405762305,732.936788874842,242.73957016434892,1,912,0.8139293139293139,0.0,1,0.3402176797389984
TRAIN,7744dc51,5,0,1,7,720,1280,1,0.8046875,10.6875,0.9999772310256958,1,1238,0.0013433159722222223,1053,1.1756885090218423,0.7487889273356402,319.00726978998387,258.03392568659126,315.3591931730023,258.7788983708301,1,1323,0.7984550561797753,0.0,2,0.311958909034729
TRAIN,7744dc51,5,1,2,7,720,1280,1,0.78125,11.0625,0.9999842643737793,1,1720,0.0018663194444444445,2270,0.7577092511013216,0.7898371978293044,466.32848837209303,238.11337209302326,469.979035639413,236.62211740041928,1,1864,0.8313745528870721,0.0,1,0.40330982208251953
TRAIN,7744dc51,5,2,3,7,720,1280,1,0.859375,11.25,0.999987006187439,1,1957,0.002123480902777778,1623,1.205791743684535,0.7701492537313432,569.5344915687276,231.9034236075626,569.1511555277951,231.80824484697064,1,1667,0.8110944527736131,0.01393188854489164,4,0.30439701676368713
TRAIN,7744dc51,5,3,4,7,720,1280,1,0.86328125,11.25,0.999987006187439,1,3205,0.0034776475694444442,3087,1.0382248137350178,0.785036292573981,613.1357254290172,247.97410296411857,608.9937284415178,247.18814675446848,1,3283,0.8574291440022903,0.002675447622967689,3,0.2685026228427887
TRAIN,7744dc51,5,4,5,7,720,1280,1,0.80859375,11.0625,0.9999842643737793,1,1123,0.0012185329861111112,1057,1.0624408703878903,0.8783433994823123,683.3357079252004,202.57435440783615,682.0967741935484,203.07210626185957,1,1343,0.7882523567802756,0.005160778086542279,6,0.40226486325263977
TRAIN,7744dc51,5,5,6,7,720,1280,1,0.8203125,9.75,0.9999417066574097,1,1263,0.0013704427083333333,801,1.5767790262172285,0.6657362177250523,681.8527315914489,236.51068883610452,687.4421708185054,233.41637010676158,1,1409,0.762532981530343,0.01836654943337241,5,0.40968573093414307
TRAIN,7744dc51,5,6,7,7,720,1280,1,0.84375,10.75,0.9999785423278809,1,936,0.001015625,907,1.031973539140022,0.6244260789715336,741.1987179487179,248.92735042735043,736.594237695078,249.6014405762305,1,903,0.8919753086419753,0.0,1,0.2976280450820923
TRAIN,7744dc51,6,0,1,7,720,1280,1,0.75390625,11.3125,0.9999877214431763,1,1104,0.0011979166666666666,1053,1.0484330484330484,0.4151057401812689,330.6231884057971,261.50452898550725,319.00726978998387,258.03392568659126,1,1238,0.7837014470677837,0.0,2,0.3916168212890625
TRAIN,7744dc51,6,1,2,7,720,1280,1,0.7109375,10.875,0.9999810457229614,1,1786,0.0019379340277777778,2270,0.786784140969163,0.627669452181987,471.20660694288915,241.58846584546473,466.32848837209303,238.11337209302326,1,2409,0.7192622950819673,0.0,1,0.3821614384651184
TRAIN,7744dc51,6,2,3,7,720,1280,1,0.87890625,11.0625,0.9999842643737793,1,2043,0.002216796875,1623,1.2587800369685767,0.5467904098994586,579.3108174253549,234.05726872246697,569.5344915687276,231.9034236075626,1,2162,0.8755575379125781,0.006937145259617406,4,0.3679298758506775
TRAIN,7744dc51,6,3,4,7,720,1280,1,0.87109375,10.75,0.9999785423278809,1,2902,0.0031488715277777778,3087,0.9400712666018789,0.5286608260325407,627.0513439007581,248.73225361819433,613.1357254290172,247.97410296411857,1,2747,0.8905622489959839,0.0037661050545094153,3,0.3547745645046234
TRAIN,7744dc51,6,4,5,7,720,1280,1,0.78125,10.0,0.9999545812606812,1,1305,0.001416015625,1057,1.2346263008514664,0.4400948991696323,695.6176245210728,206.82988505747127,683.3357079252004,202.57435440783615,1,1263,0.8635703918722787,0.0023961661341853034,6,0.45013174414634705
TRAIN,7744dc51,6,5,6,7,720,1280,1,0.76953125,8.6875,0.9998313188552856,1,1422,0.00154296875,801,1.7752808988764044,0.7156549520766773,682.5928270042194,235.14345991561183,681.8527315914489,236.51068883610452,1,1205,0.8243055555555555,0.015506807866868382,5,0.4571067690849304
TRAIN,7744dc51,6,6,7,7,720,1280,1,0.859375,10.0,0.9999545812606812,1,862,0.0009353298611111111,907,0.9503858875413451,0.23319615912208505,753.622969837587,250.5754060324826,741.1987179487179,248.92735042735043,1,922,0.814852492370295,0.0,1,0.4075404107570648
TRAIN,7744dc51,7,0,1,7,720,1280,1,0.765625,10.875,0.9999810457229614,1,1330,0.0014431423611111112,1053,1.2630579297245963,0.6002629848783695,334.6353383458647,262.98796992481203,330.6231884057971,261.50452898550725,1,1195,0.7997148966500356,0.0,2,0.3195841312408447
TRAIN,7744dc51,7,1,2,7,720,1280,1,0.73046875,11.0625,0.9999842643737793,1,1680,0.0018229166666666667,2270,0.7400881057268722,0.5950299125632765,475.7595238095238,245.41904761904763,471.20660694288915,241.58846584546473,1,1704,0.7971322357939459,0.0,1,0.4691425561904907
TRAIN,7744dc51,7,2,3,7,720,1280,1,0.85546875,11.3125,0.9999877214431763,1,2081,0.002258029513888889,1623,1.2821934688847814,0.5873749037721324,588.022585295531,237.17779913503122,579.3108174253549,234.05726872246697,1,2641,0.7731881336838152,0.0,1,0.3564957082271576
TRAIN,7744dc51,7,3,4,7,720,1280,1,0.84765625,10.375,0.9999687671661377,1,3001,0.0032562934027777777,3087,0.9721412374473599,0.5428646105593309,636.7514161946018,252.75041652782406,627.0513439007581,248.73225361819433,1,2759,0.8147448015122873,0.024328249818445898,3,0.3205890357494354
TRAIN,7744dc51,7,4,5,7,720,1280,1,0.78515625,9.9375,0.9999517202377319,1,1362,0.0014778645833333334,1057,1.2885525070955535,0.5318782309017805,702.0396475770925,214.2129221732746,695.6176245210728,206.82988505747127,1,1417,0.8726415094339622,0.0,1,0.4669041037559509
TRAIN,7744dc51,7,5,6,7,720,1280,1,0.8046875,8.0625,0.9996849298477173,1,1083,0.0011751302083333334,801,1.352059925093633,0.5396435156730178,685.7950138504156,243.37488457987072,682.5928270042194,235.14345991561183,1,1165,0.867109634551495,0.006286013619696176,4,0.43767568469047546
TRAIN,7744dc51,7,6,7,7,720,1280,1,0.828125,10.5,0.9999724626541138,1,863,0.0009364149305555556,907,0.9514884233737596,0.31478658536585363,763.4310544611819,253.69061413673234,753.622969837587,250.5754060324826,1,925,0.8644421272158499,0.0,1,0.2977936565876007
TRAIN,7744dc51,8,0,1,7,720,1280,1,0.796875,11.1875,0.9999861717224121,1,1204,0.001306423611111111,1053,1.1433998100664768,0.40934371523915464,347.843853820598,266.531561461794,334.6353383458647,262.98796992481203,1,1251,0.81047197640118,0.0,2,0.3607271611690521
TRAIN,7744dc51,8,1,2,7,720,1280,1,0.734375,10.1875,0.999962329864502,1,1556,0.0016883680555555556,2270,0.6854625550660793,0.5678294573643411,484.4042416452442,245.77185089974293,475.7595238095238,245.41904761904763,1,1521,0.8131997642899234,0.0,1,0.42729857563972473
TRAIN,7744dc51,8,2,3,7,720,1280,1,0.859375,11.125,0.9999852180480957,1,2310,0.002506510416666667,1623,1.423290203327172,0.49659168370824813,600.5766233766234,239.44805194805195,588.022585295531,237.17779913503122,1,2524,0.8394216133942162,0.003580664412174259,4,0.37309446930885315
TRAIN,7744dc51,8,3,4,7,720,1280,1,0.83203125,10.5625,0.9999741315841675,1,2839,0.003080512152777778,3087,0.9196631033365728,0.524008350730689,650.1792884818598,254.25537160972172,636.7514161946018,252.75041652782406,1,2735,0.8512122218532049,0.01685844260101686,6,0.3569563627243042
TRAIN,7744dc51,8,4,5,7,720,1280,1,0.8046875,10.4375,0.9999706745147705,1,1521,0.001650390625,1057,1.4389782403027436,0.5270127118644068,711.7810650887574,214.75147928994082,702.0396475770925,214.2129221732746,1,1653,0.8315060588574726,0.004858299595141701,6,0.427030473947525
TRAIN,7744dc51,8,5,6,7,720,1280,1,0.78515625,8.0,0.9996646642684937,1,865,0.0009385850694444445,801,1.079900124843945,0.6072607260726073,691.6023121387283,240.07514450867052,685.7950138504156,243.37488457987072,1,961,0.7710960232783706,0.0031872509960159364,5,0.41077423095703125
TRAIN,7744dc51,8,6,7,7,720,1280,1,0.84375,9.625,0.9999339580535889,1,918,0.00099609375,907,1.0121278941565601,0.22069910897875258,776.4934640522875,253.9041394335512,763.4310544611819,253.69061413673234,1,1010,0.8467432950191571,0.0,1,0.2773299813270569
TRAIN,7744dc51,9,0,1,7,720,1280,1,0.78515625,11.25,0.999987006187439,1,1158,0.0012565104166666666,1053,1.0997150997150997,0.8113496932515337,348.5552677029361,264.48272884283244,347.843853820598,266.531561461794,1,1187,0.7765151515151515,0.0,2,0.34129488468170166
TRAIN,7744dc51,9,1,2,7,720,1280,1,0.734375,9.875,0.9999485015869141,1,1472,0.0015972222222222223,2270,0.6484581497797357,0.8034544371649791,485.7540760869565,244.7758152173913,484.4042416452442,245.77185089974293,1,1627,0.7668187001140251,0.0,1,0.3902301490306854
TRAIN,7744dc51,9,2,3,7,720,1280,1,0.83984375,10.8125,0.9999798536300659,1,2303,0.0024989149305555554,1623,1.418977202711029,0.819006309148265,597.7590099869735,236.7151541467651,600.5766233766234,239.44805194805195,1,2291,0.8398077693231878,0.0027724461505651524,4,0.33184996247291565
TRAIN,7744dc51,9,3,4,7,720,1280,1,0.83203125,11.3125,0.9999877214431763,1,2585,0.002804904513888889,3087,0.8373825720764496,0.7312480051069262,651.4073500967118,249.17292069632495,650.1792884818598,254.25537160972172,1,2399,0.7928057553956834,0.09153605015673981,6,0.4275798499584198
TRAIN,7744dc51,9,4,5,7,720,1280,1,0.8125,10.125,0.9999599456787109,1,1755,0.001904296875,1057,1.6603595080416274,0.7027027027027027,708.5811965811965,213.57777777777778,711.7810650887574,214.75147928994082,1,1788,0.8936397648316409,0.00340522133938706,6,0.39590898156166077
TRAIN,7744dc51,9,5,6,7,720,1280,1,0.72265625,6.75,0.9988304972648621,1,672,0.0007291666666666667,801,0.8389513108614233,0.4864603481624758,685.9657738095239,238.08333333333334,691.6023121387283,240.07514450867052,1,897,0.5086538461538461,0.01453584407003634,4,0.40380722284317017
TRAIN,7744dc51,9,6,7,7,720,1280,1,0.83203125,10.8125,0.9999798536300659,1,875,0.0009494357638888889,907,0.9647188533627343,0.7630285152409046,777.4502857142858,249.24685714285715,776.4934640522875,253.9041394335512,1,1206,0.6714859437751004,0.0,1,0.24588996171951294
TRAIN,7744dc51,10,0,1,7,720,1280,1,0.78515625,10.625,0.9999756813049316,1,1177,0.001277126736111111,1053,1.117758784425451,0.6908037653874004,351.2446898895497,260.3814783347494,348.5552677029361,264.48272884283244,1,1117,0.8020424194815396,0.0,2,0.3167070746421814
TRAIN,7744dc51,10,1,2,7,720,1280,1,0.74609375,10.8125,0.9999798536300659,1,1611,0.001748046875,2270,0.7096916299559471,0.7108768035516093,488.8311607697083,245.01862197392924,485.7540760869565,244.7758152173913,1,1236,0.7254545454545455,0.0,1,0.37167614698410034
TRAIN,7744dc51,10,2,3,7,720,1280,1,0.85546875,11.0625,0.9999842643737793,1,2407,0.002611762152777778,1623,1.48305606900801,0.7847669571807503,598.1217282924803,233.51848774407978,597.7590099869735,236.7151541467651,1,2104,0.8285366842318606,0.0,1,0.3937346041202545
TRAIN,7744dc51,10,3,4,7,720,1280,1,0.8046875,11.25,0.999987006187439,1,2562,0.0027799479166666667,3087,0.8299319727891157,0.5984472049689441,662.0011709601873,241.3528493364559,651.4073500967118,249.17292069632495,1,2392,0.8772262220538083,0.04801746089487086,6,0.3861585855484009
TRAIN,7744dc51,10,4,5,7,720,1280,1,0.828125,10.1875,0.999962329864502,1,1750,0.0018988715277777778,1057,1.6556291390728477,0.7702020202020202,707.0342857142857,209.6262857142857,708.5811965811965,213.57777777777778,1,1800,0.9065520945220193,0.00583373845405931,6,0.45093050599098206
TRAIN,7744dc51,10,5,6,7,720,1280,1,0.55078125,4.96875,0.9930961728096008,1,599,0.0006499565972222222,801,0.7478152309612984,0.4153674832962138,679.6727879799666,227.8380634390651,685.9657738095239,238.08333333333334,1,319,0.13333333333333333,0.17988165680473372,4,0.36159375309944153
TRAIN,7744dc51,10,6,7,7,720,1280,1,0.828125,10.6875,0.9999772310256958,1,853,0.0009255642361111112,907,0.9404630650496141,0.6647398843930635,780.5615474794841,244.2250879249707,777.4502857142858,249.24685714285715,1,920,0.8682824025289779,0.0,1,0.2918620705604553
TRAIN,7744dc51,11,0,1,7,720,1280,1,0.75390625,11.0625,0.9999842643737793,1,1211,0.0013140190972222223,1053,1.1500474833808167,0.56282722513089,352.09165978530143,270.494632535095,351.2446898895497,260.3814783347494,1,1106,0.8031128404669261,0.0,2,0.34666702151298523
TRAIN,7744dc51,11,1,2,7,720,1280,1,0.7734375,10.1875,0.999962329864502,1,1374,0.0014908854166666666,2270,0.6052863436123348,0.8123861566484517,489.94323144104806,246.65647743813682,488.8311607697083,245.01862197392924,1,1122,0.7381615598885793,0.0,1,0.3857203722000122
TRAIN,7744dc51,11,2,3,7,720,1280,1,0.80078125,10.4375,0.9999706745147705,1,2490,0.0027018229166666666,1623,1.534195933456562,0.6161716171617162,593.0092369477911,239.7160642570281,598.1217282924803,233.51848774407978,1,2264,0.689410092395167,0.0,1,0.4425112009048462
TRAIN,7744dc51,11,3,4,7,720,1280,1,0.8203125,10.875,0.9999810457229614,1,2104,0.002282986111111111,3087,0.6815678652413346,0.6314685314685314,666.1444866920152,246.6425855513308,662.0011709601873,241.3528493364559,1,1758,0.7256478999106345,0.18872017353579176,6,0.46521681547164917
TRAIN,7744dc51,11,4,5,7,720,1280,1,0.85546875,10.0625,0.9999573230743408,1,1858,0.0020160590277777776,1057,1.7578051087984863,0.6497485139460448,703.6689989235738,214.59095801937568,707.0342857142857,209.6262857142857,1,1896,0.8667329686723023,0.012175324675324676,6,0.4818130135536194
TRAIN,7744dc51,11,5,6,7,720,1280,1,0.4609375,4.5,0.9890130758285522,1,188,0.00020399305555555557,801,0.23470661672908863,0.0,650.6702127659574,228.31382978723406,679.6727879799666,227.8380634390651,1,636,0.19767441860465115,0.0,1,0.34927189350128174
TRAIN,7744dc51,11,6,7,7,720,1280,1,0.828125,10.3125,0.9999667406082153,1,879,0.0009537760416666667,907,0.9691289966923925,0.6653846153846154,782.1695108077361,250.452787258248,780.5615474794841,244.2250879249707,1,947,0.8651685393258427,0.0,1,0.2999761998653412
TRAIN,7744dc51,12,0,1,7,720,1280,1,0.80078125,9.625,0.9999339580535889,1,1072,0.0011631944444444443,1053,1.0180436847103513,0.39037758830694275,360.8731343283582,263.00373134328356,352.09165978530143,270.494632535095,1,795,0.695731153496821,0.0,2,0.38134321570396423
TRAIN,7744dc51,12,1,2,7,720,1280,1,0.68359375,9.5625,0.999929666519165,1,1112,0.0012065972222222222,2270,0.48986784140969164,0.5345679012345679,495.51258992805754,239.96223021582733,489.94323144104806,246.65647743813682,1,1433,0.6843150231634679,0.0,1,0.39169880747795105
TRAIN,7744dc51,12,2,3,7,720,1280,1,0.69921875,10.8125,0.9999798536300659,1,2595,0.0028157552083333333,1623,1.5988909426987061,0.635574139594725,597.2955684007707,235.89633911368014,593.0092369477911,239.7160642570281,1,2662,0.6235330450895614,0.0,1,0.38571733236312866
TRAIN,7744dc51,12,3,4,7,720,1280,1,0.79296875,10.625,0.9999756813049316,1,2197,0.0023838975694444446,3087,0.7116942014901199,0.583578792341679,674.5862539827037,240.9435593991807,666.1444866920152,246.6425855513308,1,1810,0.7346320346320346,0.12449145646867373,6,0.33660146594047546
TRAIN,7744dc51,12,4,5,7,720,1280,1,0.81640625,10.0625,0.9999573230743408,1,1853,0.0020106336805555554,1057,1.7530747398297066,0.597503228583728,707.3988127361037,209.12628170534268,703.6689989235738,214.59095801937568,1,2281,0.8036649214659686,0.002070393374741201,6,0.29464253783226013
TRAIN,7744dc51,12,5,6,7,720,1280,1,0.69140625,6.15625,0.9978843331336975,1,354,0.0003841145833333333,801,0.4419475655430712,0.5310734463276836,651.8474576271186,228.05084745762713,650.6702127659574,228.31382978723406,1,567,0.33285094066570187,0.02462121212121212,4,0.3297966718673706
TRAIN,7744dc51,12,6,7,7,720,1280,1,0.8203125,9.3125,0.9999097585678101,1,768,0.0008333333333333334,907,0.8467475192943771,0.366804979253112,790.6145833333334,243.03385416666666,782.1695108077361,250.452787258248,1,725,0.768957345971564,0.0,1,0.28724437952041626
TRAIN,7744dc51,13,0,1,7,720,1280,1,0.80078125,12.0625,0.9999942779541016,1,1063,0.0011534288194444443,1053,1.0094966761633428,0.41766268260292166,351.96801505174034,256.4666039510818,360.8731343283582,263.00373134328356,1,627,0.5750232991612302,0.0,2,0.40265393257141113
TRAIN,7744dc51,13,1,2,7,720,1280,1,0.69921875,10.3125,0.9999667406082153,1,1022,0.0011089409722222223,2270,0.4502202643171806,0.34298300818124605,484.11154598825834,232.4921722113503,495.51258992805754,239.96223021582733,1,897,0.7752081406105458,0.0,1,0.36465543508529663
TRAIN,7744dc51,13,2,3,7,720,1280,1,0.7421875,9.9375,0.9999517202377319,1,2790,0.00302734375,1623,1.7190388170055453,0.5372537824721667,586.4336917562724,228.49139784946237,597.2955684007707,235.89633911368014,1,3152,0.6904694167852062,0.0,1,0.3787664473056793
TRAIN,7744dc51,13,3,4,7,720,1280,1,0.7734375,11.4375,0.9999892711639404,1,2088,0.002265625,3087,0.6763848396501457,0.591162272558485,668.9703065134099,234.03256704980842,674.5862539827037,240.9435593991807,1,1789,0.7254116599910992,0.12809079854073774,6,0.3768629729747772
TRAIN,7744dc51,13,4,5,7,720,1280,1,0.81640625,10.625,0.9999756813049316,1,1770,0.0019205729166666666,1057,1.6745506149479659,0.44630738522954094,695.5073446327683,200.90847457627117,707.3988127361037,209.12628170534268,1,1858,0.8397565922920892,0.009832036050798854,6,0.38353410363197327
TRAIN,7744dc51,13,5,6,7,720,1280,1,0.703125,7.40625,0.9993928670883179,1,579,0.0006282552083333333,801,0.7228464419475655,0.2922437673130194,646.9326424870467,221.6580310880829,651.8474576271186,228.05084745762713,1,695,0.33124346917450365,0.0136986301369863,4,0.466862291097641
TRAIN,7744dc51,13,6,7,7,720,1280,1,0.81640625,10.25,0.9999645948410034,1,831,0.0009016927083333333,907,0.9162072767364939,0.3325,783.0649819494585,234.85679903730446,790.6145833333334,243.03385416666666,1,749,0.8287037037037037,0.0,1,0.3134309947490692
TRAIN,7744dc51,14,0,1,7,720,1280,1,0.76953125,11.5625,0.9999904632568359,1,1120,0.0012152777777777778,1053,1.063627730294397,0.5992673992673992,353.78482142857143,247.7357142857143,351.96801505174034,256.4666039510818,1,1351,0.6595030221625252,0.0,2,0.310646116733551
TRAIN,7744dc51,14,1,2,7,720,1280,1,0.73046875,10.125,0.9999599456787109,1,1301,0.0014116753472222222,2270,0.5731277533039647,0.525279054497702,487.9077632590315,222.1053036126057,484.11154598825834,232.4921722113503,1,994,0.7050520059435365,0.0,1,0.3647416830062866
TRAIN,7744dc51,14,2,3,7,720,1280,1,0.73828125,9.875,0.9999485015869141,1,2855,0.0030978732638888887,1623,1.7590881084411583,0.6258640552995391,588.0497373029772,220.51278458844132,586.4336917562724,228.49139784946237,1,3061,0.7617629541393687,0.0,1,0.33694034814834595
TRAIN,7744dc51,14,3,4,7,720,1280,1,0.7890625,10.5625,0.9999741315841675,1,2007,0.002177734375,3087,0.6501457725947521,0.6224247226624405,673.6163428001993,225.56601893373193,668.9703065134099,234.03256704980842,1,2181,0.841688654353562,0.009174311926605505,6,0.33664411306381226
TRAIN,7744dc51,14,4,5,7,720,1280,1,0.83203125,9.8125,0.9999452829360962,1,1792,0.0019444444444444444,1057,1.695364238410596,0.5643390425999122,692.4280133928571,193.60323660714286,695.5073446327683,200.90847457627117,1,1705,0.8861920172599784,0.008887760284408328,4,0.37651577591896057
TRAIN,7744dc51,14,5,6,7,720,1280,1,0.7734375,7.84375,0.9996079802513123,1,814,0.0008832465277777778,801,1.0162297128589264,0.4725158562367865,648.487714987715,213.75552825552825,646.9326424870467,221.6580310880829,1,523,0.4724669603524229,0.048669467787114847,4,0.5027058720588684
TRAIN,7744dc51,14,6,7,7,720,1280,1,0.828125,9.875,0.9999485015869141,1,886,0.0009613715277777778,907,0.9768467475192943,0.6091846298031866,784.941309255079,227.56772009029345,783.0649819494585,234.85679903730446,1,833,0.8444206008583691,0.0,1,0.32871878147125244
TRAIN,7744dc51,15,0,1,7,720,1280,1,0.78125,11.8125,0.9999926090240479,1,1118,0.0012131076388888888,1053,1.0617283950617284,0.8004827031375704,352.5509838998211,250.93291592128801,353.78482142857143,247.7357142857143,1,1820,0.559447983014862,0.0,2,0.3155604898929596
TRAIN,7744dc51,15,1,2,7,720,1280,1,0.703125,10.0,0.9999545812606812,1,1138,0.0012348090277777778,2270,0.5013215859030837,0.5765998707175177,481.2970123022847,226.7970123022847,487.9077632590315,222.1053036126057,1,1002,0.6550657385924207,0.0,1,0.39338645339012146
TRAIN,7744dc51,15,2,3,7,720,1280,1,0.73046875,10.4375,0.9999706745147705,1,2811,0.0030501302083333335,1623,1.731977818853974,0.7656590838267373,586.4443258626824,224.7573817146923,588.0497373029772,220.51278458844132,1,2955,0.6786026200873363,0.0,1,0.3370487093925476
TRAIN,7744dc51,15,3,4,7,720,1280,1,0.8203125,11.125,0.9999852180480957,1,2120,0.0023003472222222223,3087,0.6867508908325235,0.7231732776617954,673.4094339622642,232.07924528301888,673.6163428001993,225.56601893373193,1,1828,0.8371335504885994,0.0075932651039947174,6,0.2772456407546997
TRAIN,7744dc51,15,4,5,7,720,1280,1,0.80859375,9.625,0.9999339580535889,1,1735,0.0018825954861111111,1057,1.641438032166509,0.5435448577680525,683.6628242074928,195.56023054755042,692.4280133928571,193.60323660714286,1,1740,0.8513585508790623,0.014840182648401826,6,0.37706258893013
TRAIN,7744dc51,15,5,6,7,720,1280,1,0.7890625,8.0625,0.9996849298477173,1,764,0.0008289930555555556,801,0.9538077403245943,0.4424131627056673,644.1164921465969,222.01570680628274,648.487714987715,213.75552825552825,1,932,0.5376246600181324,0.001932740626207963,4,0.2674311697483063
TRAIN,7744dc51,15,6,7,7,720,1280,1,0.81640625,9.75,0.9999417066574097,1,822,0.0008919270833333333,907,0.906284454244763,0.7428571428571429,783.0024330900243,231.59245742092457,784.941309255079,227.56772009029345,1,848,0.8764044943820225,0.0,1,0.29339364171028137
TRAIN,7744dc51,16,0,1,7,720,1280,1,0.78515625,10.75,0.9999785423278809,1,1180,0.0012803819444444444,1053,1.120607787274454,0.7422289613343442,355.4228813559322,248.9635593220339,352.5509838998211,250.93291592128801,1,1163,0.7278761061946902,0.0,2,0.31727856397628784
TRAIN,7744dc51,16,1,2,7,720,1280,1,0.68359375,10.1875,0.999962329864502,1,1099,0.0011924913194444444,2270,0.4841409691629956,0.6436443791329904,476.0555050045496,220.87261146496814,481.2970123022847,226.7970123022847,1,754,0.6127067014795474,0.0,1,0.4077140986919403
TRAIN,7744dc51,16,2,3,7,720,1280,1,0.734375,10.4375,0.9999706745147705,1,2791,0.0030284288194444443,1623,1.7196549599507085,0.8001285347043702,585.041920458617,221.75241848799715,586.4443258626824,224.7573817146923,1,2727,0.6359324043877853,0.0,1,0.3054783046245575
TRAIN,7744dc51,16,3,4,7,720,1280,1,0.8203125,10.9375,0.9999822378158569,1,2128,0.002309027777777778,3087,0.6893424036281179,0.7597348798674399,676.4567669172932,227.62546992481202,673.4094339622642,232.07924528301888,1,2224,0.863013698630137,0.0008253094910591472,5,0.3089330196380615
TRAIN,7744dc51,16,4,5,7,720,1280,1,0.76953125,10.4375,0.9999706745147705,1,1691,0.0018348524305555555,1057,1.5998107852412489,0.5737253100597152,674.9934949733886,190.7397989355411,683.6628242074928,195.56023054755042,1,1510,0.805414551607445,0.02972119936875329,4,0.43742507696151733
TRAIN,7744dc51,16,5,6,7,720,1280,1,0.7734375,7.96875,0.9996540546417236,1,937,0.0010167100694444444,801,1.1697877652933832,0.7321792260692465,642.5624332977588,221.2881536819637,644.1164921465969,222.01570680628274,1,819,0.6036529680365297,0.015745501285347043,4,0.3459554612636566
TRAIN,7744dc51,16,6,7,7,720,1280,1,0.8203125,9.8125,0.9999452829360962,1,840,0.0009114583333333333,907,0.9261300992282249,0.6993865030674846,785.4261904761905,227.22619047619048,783.0024330900243,231.59245742092457,1,884,0.8224101479915433,0.0,1,0.30794557929039
TRAIN,7744dc51,17,0,1,7,720,1280,1,0.7890625,10.6875,0.9999772310256958,1,1231,0.001335720486111111,1053,1.1690408357075024,0.7624269005847953,357.6051990251828,247.45247766043866,355.4228813559322,248.9635593220339,1,1010,0.7278334618350039,0.0,2,0.3379358649253845
TRAIN,7744dc51,17,1,2,7,720,1280,1,0.6953125,10.75,0.9999785423278809,1,1097,0.0011903211805555556,2270,0.48325991189427314,0.7373417721518988,471.0328167730173,220.42388331814038,476.0555050045496,220.87261146496814,1,1077,0.8222967309304275,0.0,1,0.386461466550827
TRAIN,7744dc51,17,2,3,7,720,1280,1,0.70703125,10.5,0.9999724626541138,1,2661,0.0028873697916666666,1623,1.6395563770794825,0.8519021739130435,585.8068395340098,220.01428034573468,585.041920458617,221.75241848799715,1,2292,0.6710526315789473,0.0,1,0.30970048904418945
TRAIN,7744dc51,17,3,4,7,720,1280,1,0.8203125,10.5625,0.9999741315841675,1,2175,0.0023600260416666665,3087,0.7045675413022352,0.8365343576611183,675.9218390804598,225.46068965517242,676.4567669172932,227.62546992481202,1,1922,0.8496613995485327,0.022591534666320436,5,0.28117668628692627
TRAIN,7744dc51,17,4,5,7,720,1280,1,0.7890625,10.5,0.9999724626541138,1,1679,0.0018218315972222223,1057,1.5884578997161778,0.6303821964199323,664.5717689100655,187.58010720667065,674.9934949733886,190.7397989355411,1,1763,0.8605405405405405,0.00530429927414852,4,0.3926254212856293
TRAIN,7744dc51,17,5,6,7,720,1280,1,0.796875,7.875,0.9996199607849121,1,735,0.0007975260416666667,801,0.9176029962546817,0.76,641.2176870748299,220.46666666666667,642.5624332977588,221.2881536819637,1,551,0.6014943960149439,0.0007532956685499058,4,0.3003239333629608
TRAIN,7744dc51,17,6,7,7,720,1280,1,0.77734375,10.4375,0.9999706745147705,1,760,0.0008246527777777778,907,0.8379272326350606,0.7543859649122807,786.4421052631579,223.45394736842104,785.4261904761905,227.22619047619048,1,902,0.7662061636556854,0.0,1,0.40476664900779724
TRAIN,7744dc51,18,0,1,7,720,1280,1,0.80078125,10.5,0.9999724626541138,1,1197,0.001298828125,1053,1.1367521367521367,0.8953942232630757,357.7142857142857,246.33500417710945,357.6051990251828,247.45247766043866,1,1732,0.5090159711488923,0.0,2,0.3403577208518982
TRAIN,7744dc51,18,1,2,7,720,1280,1,0.69921875,8.25,0.9997387528419495,1,1203,0.0013053385416666667,2270,0.5299559471365639,0.6106442577030813,470.53865336658356,217.76807980049875,471.0328167730173,220.42388331814038,1,1179,0.7882882882882883,0.0,1,0.3840610980987549
TRAIN,7744dc51,18,2,3,7,720,1280,1,0.71875,10.3125,0.9999667406082153,1,2620,0.0028428819444444443,1623,1.614294516327788,0.8241796200345423,590.2171755725191,219.931679389313,585.8068395340098,220.01428034573468,1,2190,0.6450068399452804,0.0,1,0.33549922704696655
TRAIN,7744dc51,18,3,4,7,720,1280,1,0.8203125,11.125,0.9999852180480957,1,2107,0.0022862413194444445,3087,0.6825396825396826,0.8921785240830755,677.6483151400095,224.26672994779307,675.9218390804598,225.46068965517242,1,1995,0.8337058560572195,0.01912110030191211,6,0.2513933479785919
TRAIN,7744dc51,18,4,5,7,720,1280,1,0.82421875,10.4375,0.9999706745147705,1,1776,0.0019270833333333334,1057,1.6802270577105014,0.7855297157622739,661.3181306306307,187.93637387387386,664.5717689100655,187.58010720667065,1,1738,0.8701436934539649,0.02693474962063733,6,0.35500577092170715
TRAIN,7744dc51,18,5,6,7,720,1280,1,0.80078125,7.75,0.9995694756507874,1,727,0.0007888454861111111,801,0.9076154806491885,0.7,644.181568088033,218.42916093535075,641.2176870748299,220.46666666666667,1,931,0.7471022128556375,0.0029476787030213707,4,0.337322860956192
TRAIN,7744dc51,18,6,7,7,720,1280,1,0.76171875,9.875,0.9999485015869141,1,918,0.00099609375,907,1.0121278941565601,0.6898288016112789,787.5185185185185,224.89651416122004,786.4421052631579,223.45394736842104,1,599,0.5835073068893528,0.0,1,0.3260117173194885
TRAIN,7744dc51,19,0,1,7,720,1280,1,0.8046875,10.5625,0.9999741315841675,1,1372,0.0014887152777777778,1053,1.3029439696106362,0.4671616219303255,347.8972303206997,248.3615160349854,357.7142857142857,246.33500417710945,1,1399,0.8314606741573034,0.0,2,0.4274322986602783
TRAIN,7744dc51,19,1,2,7,720,1280,1,0.6796875,9.5625,0.999929666519165,1,1083,0.0011751302083333334,2270,0.47709251101321587,0.3145485911443358,459.75807940904895,219.74699907663896,470.53865336658356,217.76807980049875,1,1304,0.7512839325018342,0.0,1,0.37195318937301636
TRAIN,7744dc51,19,2,3,7,720,1280,1,0.7109375,10.25,0.9999645948410034,1,2603,0.002824435763888889,1623,1.6038200862600123,0.7705084745762711,583.9500576258164,220.55013446023818,590.2171755725191,219.931679389313,1,2689,0.6124314442413162,0.0,1,0.34443363547325134
TRAIN,7744dc51,19,3,4,7,720,1280,1,0.8125,10.9375,0.9999822378158569,1,2076,0.0022526041666666666,3087,0.6724975704567542,0.6990251827782291,670.6512524084778,225.98362235067438,677.6483151400095,224.26672994779307,1,1823,0.8270852858481724,0.02385752688172043,6,0.32643944025039673
TRAIN,7744dc51,19,4,5,7,720,1280,1,0.828125,10.4375,0.9999706745147705,1,1627,0.001765407986111111,1057,1.5392620624408704,0.588702147525677,652.2581438229871,188.79840196681008,661.3181306306307,187.93637387387386,1,1772,0.852316076294278,0.0034904013961605585,4,0.41334986686706543
TRAIN,7744dc51,19,5,6,7,720,1280,1,0.796875,7.53125,0.999464213848114,1,688,0.0007465277777777778,801,0.8589263420724095,0.5085287846481876,637.9898255813954,221.37209302325581,644.181568088033,218.42916093535075,1,971,0.6774519716885743,0.0036719706242350062,5,0.324422150850296
TRAIN,7744dc51,19,6,7,7,720,1280,1,0.72265625,10.5,0.9999724626541138,1,880,0.0009548611111111111,907,0.9702315325248071,0.5953859804791481,781.2738636363637,225.425,787.5185185185185,224.89651416122004,1,1144,0.7313943541488451,0.0,1,0.3429182171821594
TRAIN,7744dc51,20,0,1,7,720,1280,1,0.7890625,10.0625,0.9999573230743408,1,1604,0.0017404513888888888,1053,1.52326685660019,0.4857713429855217,335.6259351620948,241.01184538653368,347.8972303206997,248.3615160349854,1,1859,0.7850515463917526,0.0,2,0.4540390968322754
TRAIN,7744dc51,20,1,2,7,720,1280,1,0.57421875,9.0625,0.9998840093612671,1,1028,0.001115451388888889,2270,0.452863436123348,0.2747584541062802,439.7023346303502,216.46498054474708,459.75807940904895,219.74699907663896,1,1244,0.6033874382498235,0.0,1,0.3750127851963043
TRAIN,7744dc51,20,2,3,7,720,1280,1,0.7265625,10.5625,0.9999741315841675,1,2521,0.0027354600694444444,1623,1.5532963647566236,0.6470588235294118,580.8389527965094,214.72074573581912,583.9500576258164,220.55013446023818,1,2450,0.6134371957156767,0.0,1,0.35836148262023926
TRAIN,7744dc51,20,3,4,7,720,1280,1,0.828125,10.875,0.9999810457229614,1,1911,0.0020735677083333335,3087,0.6190476190476191,0.5815152717175724,665.462061747776,219.67451596023025,670.6512524084778,225.98362235067438,1,1836,0.8744372186093047,0.0008246289169873557,5,0.3417295515537262
TRAIN,7744dc51,20,4,5,7,720,1280,1,0.84765625,9.6875,0.999937891960144,1,1721,0.001867404513888889,1057,1.6281929990539261,0.5421464762782128,644.9198140615921,184.2882045322487,652.2581438229871,188.79840196681008,1,1730,0.8115485564304462,0.016285714285714285,4,0.3448173403739929
TRAIN,7744dc51,20,5,6,7,720,1280,1,0.78125,7.34375,0.99935382604599,1,734,0.0007964409722222223,801,0.916354556803995,0.49369747899159666,632.9891008174387,215.2356948228883,637.9898255813954,221.37209302325581,1,706,0.7496962332928311,0.015245158632056036,5,0.3145940899848938
TRAIN,7744dc51,20,6,7,7,720,1280,1,0.859375,9.5625,0.999929666519165,1,1375,0.001491970486111111,907,1.515986769570011,0.4227129337539432,769.3301818181818,222.36727272727273,781.2738636363637,225.425,1,1270,0.8825622775800712,0.0,1,0.3752400577068329
TRAIN,7744dc51,21,0,1,7,720,1280,1,0.79296875,11.1875,0.9999861717224121,1,1705,0.0018500434027777777,1053,1.6191832858499524,0.6848268839103869,328.4158357771261,237.7190615835777,335.6259351620948,241.01184538653368,1,1619,0.8016260162601626,0.0,2,0.4037322700023651
TRAIN,7744dc51,21,1,2,7,720,1280,1,0.625,10.375,0.9999687671661377,1,1169,0.0012684461805555556,2270,0.5149779735682819,0.3445532435740514,428.90846877673226,212.44910179640718,439.7023346303502,216.46498054474708,1,1549,0.6334134615384616,0.0,1,0.40050873160362244
TRAIN,7744dc51,21,2,3,7,720,1280,1,0.6875,9.6875,0.999937891960144,1,2610,0.00283203125,1623,1.6081330868761552,0.7287735849056604,579.5842911877395,210.06973180076628,580.8389527965094,214.72074573581912,1,2682,0.6002419110976716,0.0,1,0.3342180848121643
TRAIN,7744dc51,21,3,4,7,720,1280,1,0.8203125,11.1875,0.9999861717224121,1,2050,0.002224392361111111,3087,0.6640751538710722,0.7036559139784946,667.180975609756,214.85658536585365,665.462061747776,219.67451596023025,1,1859,0.8517290383704406,0.00857734398107069,5,0.3819161057472229
TRAIN,7744dc51,21,4,5,7,720,1280,1,0.85546875,10.125,0.9999599456787109,1,1744,0.0018923611111111112,1057,1.6499526963103122,0.6359773371104815,640.5745412844037,179.6072247706422,644.9198140615921,184.2882045322487,1,1360,0.7546636517806671,0.04675081813931744,6,0.3571811020374298
TRAIN,7744dc51,21,5,6,7,720,1280,1,0.734375,8.4375,0.999783456325531,1,736,0.0007986111111111112,801,0.9188514357053683,0.6742596810933941,633.4021739130435,211.42798913043478,632.9891008174387,215.2356948228883,1,495,0.4133180252583238,0.01406799531066823,4,0.38786381483078003
TRAIN,7744dc51,21,6,7,7,720,1280,1,0.87109375,7.90625,0.9996316432952881,1,1559,0.001691623263888889,907,1.7188533627342888,0.602403058438012,765.5522771007056,217.00513149454778,769.3301818181818,222.36727272727273,1,1475,0.8579301898346602,0.0,1,0.31673765182495117
TRAIN,7744dc51,22,0,1,7,720,1280,1,0.8203125,10.0,0.9999545812606812,1,2211,0.0023990885416666666,1053,2.0997150997150995,0.7273930304367004,329.2003618272275,235.83446404341927,328.4158357771261,237.7190615835777,1,1929,0.8015665796344648,0.0,2,0.371588796377182
TRAIN,7744dc51,22,1,2,7,720,1280,1,0.75390625,10.3125,0.9999667406082153,1,1548,0.0016796875,2270,0.6819383259911894,0.5687066974595842,428.9580103359173,213.6640826873385,428.90846877673226,212.44910179640718,1,1413,0.801094890510949,0.0,1,0.369398295879364
TRAIN,7744dc51,22,2,3,7,720,1280,1,0.71484375,9.8125,0.9999452829360962,1,2744,0.0029774305555555556,1623,1.6906962415280344,0.6627329192546584,586.0040087463557,206.26020408163265,579.5842911877395,210.06973180076628,1,2296,0.640625,0.0,1,0.35572609305381775
TRAIN,7744dc51,22,3,4,7,720,1280,1,0.8203125,11.3125,0.9999877214431763,1,2293,0.002488064236111111,3087,0.742792355037253,0.6538461538461539,670.9546445704317,211.3807239424335,667.180975609756,214.85658536585365,1,1735,0.755119825708061,0.043963254593175856,6,0.3515658378601074
TRAIN,7744dc51,22,4,5,7,720,1280,1,0.83203125,10.4375,0.9999706745147705,1,1685,0.001828342013888889,1057,1.5941343424787133,0.6808823529411765,643.1827893175074,175.4759643916914,640.5745412844037,179.6072247706422,1,1716,0.8245708154506438,0.009411764705882352,6,0.3767041265964508
TRAIN,7744dc51,22,5,6,7,720,1280,1,0.75390625,7.625,0.9995121955871582,1,647,0.0007020399305555556,801,0.8077403245942572,0.4604012671594509,641.3693972179288,205.21329211746522,633.4021739130435,211.42798913043478,1,889,0.6916299559471366,0.00767590618336887,5,0.4249219000339508
TRAIN,7744dc51,22,6,7,7,720,1280,1,0.8671875,9.25,0.9999039173126221,1,1687,0.0018305121527777777,907,1.8599779492833517,0.721102863202545,766.474807350326,212.95020746887965,765.5522771007056,217.00513149454778,1,1724,0.8669950738916257,0.0,1,0.37730172276496887
TRAIN,7744dc51,23,0,1,7,720,1280,1,0.828125,9.4375,0.9999203681945801,1,2190,0.002376302083333333,1053,2.07977207977208,0.6312083024462565,321.4716894977169,230.4041095890411,329.2003618272275,235.83446404341927,1,2377,0.8238817891373802,0.0,2,0.43139615654945374
TRAIN,7744dc51,23,1,2,7,720,1280,1,0.80859375,10.375,0.9999687671661377,1,1710,0.00185546875,2270,0.7533039647577092,0.6733436055469953,423.99941520467837,210.00877192982455,428.9580103359173,213.6640826873385,1,1847,0.8691539674198634,0.0,1,0.3255023658275604
TRAIN,7744dc51,23,2,3,7,720,1280,1,0.65625,9.6875,0.999937891960144,1,2932,0.003181423611111111,1623,1.8065311152187307,0.7127338563669282,583.2343110504775,201.90143246930424,586.0040087463557,206.26020408163265,1,2679,0.6839735894357744,0.0,1,0.3147100508213043
TRAIN,7744dc51,23,3,4,7,720,1280,1,0.8203125,11.1875,0.9999861717224121,1,2306,0.002502170138888889,3087,0.747003563330094,0.8432865731462926,672.5672159583695,208.3551604509974,670.9546445704317,211.3807239424335,1,1763,0.7561501942166595,0.01951058201058201,6,0.27916932106018066
TRAIN,7744dc51,23,4,5,7,720,1280,1,0.80078125,10.8125,0.9999798536300659,1,1431,0.001552734375,1057,1.3538315988647114,0.6237623762376238,637.6491963661775,172.63591893780574,643.1827893175074,175.4759643916914,1,1061,0.6987048398091343,0.011915673693858845,6,0.43897050619125366
TRAIN,7744dc51,23,5,6,7,720,1280,1,0.78125,8.4375,0.999783456325531,1,772,0.0008376736111111111,801,0.9637952559300874,0.7475369458128078,640.1722797927462,202.3419689119171,641.3693972179288,205.21329211746522,1,777,0.818075117370892,0.0038335158817086527,5,0.3298426866531372
TRAIN,7744dc51,23,6,7,7,720,1280,1,0.8984375,8.9375,0.999868631362915,1,1725,0.0018717447916666667,907,1.9018743109151048,0.5981264637002341,758.2127536231884,209.31652173913042,766.474807350326,212.95020746887965,1,1508,0.8173130972456436,0.0,1,0.41371622681617737
TRAIN,7744dc51,24,0,1,7,720,1280,1,0.828125,9.4375,0.9999203681945801,1,2544,0.0027604166666666667,1053,2.415954415954416,0.7572383073496659,315.498820754717,232.688286163522,321.4716894977169,230.4041095890411,1,2799,0.8216842823048074,0.0,2,0.36205214262008667
TRAIN,7744dc51,24,1,2,7,720,1280,1,0.79296875,10.4375,0.9999706745147705,1,2157,0.0023404947916666665,2270,0.9502202643171807,0.7201957295373665,420.7695873898934,212.19796012980993,423.99941520467837,210.00877192982455,1,2020,0.871415770609319,0.0,1,0.3100222051143646
TRAIN,7744dc51,24,2,3,7,720,1280,1,0.63671875,9.8125,0.9999452829360962,1,1786,0.0019379340277777778,1623,1.1004313000616144,0.5890872347591781,593.0145576707727,200.87122060470324,583.2343110504775,201.90143246930424,1,2355,0.5365491651205937,0.0023006134969325155,6,0.3489712178707123
TRAIN,7744dc51,24,3,4,7,720,1280,1,0.80859375,11.0625,0.9999842643737793,1,1953,0.002119140625,3087,0.6326530612244898,0.8061916878710772,673.7813620071685,207.77777777777777,672.5672159583695,208.3551604509974,1,1659,0.7766847024102311,0.021675238795003673,6,0.30917060375213623
TRAIN,7744dc51,24,4,5,7,720,1280,1,0.83203125,9.6875,0.999937891960144,1,1150,0.001247829861111111,1057,1.0879848628192998,0.6141338336460288,630.7765217391304,174.32347826086956,637.6491963661775,172.63591893780574,1,689,0.5427852348993288,0.01748971193415638,6,0.3889271914958954
TRAIN,7744dc51,24,5,6,7,720,1280,1,0.765625,9.3125,0.9999097585678101,1,1205,0.0013075086805555555,801,1.5043695380774031,0.5603788476716653,633.7917012448132,206.9792531120332,640.1722797927462,202.3419689119171,1,828,0.491562729273661,0.008095740936290039,4,0.43440237641334534
TRAIN,7744dc51,24,6,7,7,720,1280,1,0.875,8.3125,0.9997546076774597,1,1804,0.0019574652777777776,907,1.9889746416758545,0.6877092300334768,751.5038802660754,212.22727272727272,758.2127536231884,209.31652173913042,1,1903,0.9029774127310062,0.0,1,0.3618738651275635
TRAIN,7744dc51,25,0,1,7,720,1280,1,0.828125,9.8125,0.9999452829360962,1,2678,0.0029058159722222224,1053,2.54320987654321,0.7325812873258128,309.5026138909634,230.20014936519792,315.498820754717,232.688286163522,1,2593,0.7270642201834863,0.0,2,0.38250064849853516
TRAIN,7744dc51,25,1,2,7,720,1280,1,0.81640625,11.5,0.9999898672103882,1,2641,0.0028656684027777777,2270,1.1634361233480177,0.7956586826347305,419.9204846648997,215.08027262400606,420.7695873898934,212.19796012980993,1,2274,0.8251021165985889,0.0,1,0.3972574770450592
TRAIN,7744dc51,25,2,3,7,720,1280,1,0.69921875,10.125,0.9999599456787109,1,2318,0.002515190972222222,1623,1.428219346888478,0.6723716381418093,589.0983606557377,199.5629853321829,593.0145576707727,200.87122060470324,1,1896,0.6108562691131498,0.0,1,0.37080106139183044
TRAIN,7744dc51,25,3,4,7,720,1280,1,0.8125,11.25,0.999987006187439,1,1906,0.0020681423611111113,3087,0.6174279235503726,0.733602875112309,678.409758656873,204.90241343126968,673.7813620071685,207.77777777777777,1,1808,0.8757575757575757,0.0,1,0.3630354404449463
TRAIN,7744dc51,25,4,5,7,720,1280,1,0.84375,9.625,0.9999339580535889,1,1127,0.0012228732638888888,1057,1.0662251655629138,0.6992537313432836,633.0958296362023,171.96716947648625,630.7765217391304,174.32347826086956,1,745,0.579746835443038,0.008431703204047217,6,0.40446075797080994
TRAIN,7744dc51,25,5,6,7,720,1280,1,0.78125,8.4375,0.999783456325531,1,1189,0.0012901475694444445,801,1.484394506866417,0.821917808219178,635.623212783852,204.96131202691336,633.7917012448132,206.9792531120332,1,667,0.505271695052717,0.018967334035827187,5,0.3925989866256714
TRAIN,7744dc51,25,6,7,7,720,1280,1,0.88671875,8.1875,0.9997219443321228,1,1921,0.002084418402777778,907,2.1179713340683572,0.8224070450097848,750.4612181155649,210.00208224882874,751.5038802660754,212.22727272727272,1,2002,0.9015996122152206,0.0,1,0.3657636046409607
TRAIN,7744dc51,26,0,1,7,720,1280,1,0.84375,10.25,0.9999645948410034,1,2793,0.0030305989583333335,1053,2.6524216524216526,0.853319783197832,309.10060866451846,230.96527031865378,309.5026138909634,230.20014936519792,1,3024,0.8217976824303164,0.0,2,0.3861875534057617
TRAIN,7744dc51,26,1,2,7,720,1280,1,0.8203125,11.75,0.9999921321868896,1,2348,0.0025477430555555557,2270,1.0343612334801762,0.7697765164952111,419.320272572402,208.94378194207837,419.9204846648997,215.08027262400606,1,2726,0.7922995407983044,0.0,1,0.45910346508026123
TRAIN,7744dc51,26,2,3,7,720,1280,1,0.6796875,10.0625,0.9999573230743408,1,2386,0.0025889756944444445,1623,1.4701170671595811,0.7086814384308028,596.0616093880973,198.18860016764458,589.0983606557377,199.5629853321829,1,1919,0.6063432835820896,0.012206874397687119,6,0.31916043162345886
TRAIN,7744dc51,26,3,4,7,720,1280,1,0.8203125,12.3125,0.9999954700469971,1,1900,0.0020616319444444445,3087,0.6154842889536767,0.6285836542575952,685.3847368421052,203.68684210526317,678.409758656873,204.90241343126968,1,1839,0.8565044687189672,0.0,1,0.31059423089027405
TRAIN,7744dc51,26,4,5,7,720,1280,1,0.80078125,10.4375,0.9999706745147705,1,1006,0.001091579861111111,1057,0.9517502365184485,0.609811320754717,638.8290258449305,171.21669980119285,633.0958296362023,171.96716947648625,1,874,0.8199419167473379,0.005845942228335626,3,0.38025885820388794
TRAIN,7744dc51,26,5,6,7,720,1280,1,0.80859375,8.9375,0.999868631362915,1,1098,0.00119140625,801,1.3707865168539326,0.5816044260027663,643.4635701275046,201.52367941712205,635.623212783852,204.96131202691336,1,765,0.5761421319796954,0.015447991761071062,5,0.3728641867637634
TRAIN,7744dc51,26,6,7,7,720,1280,1,0.890625,7.75,0.9995694756507874,1,1916,0.0020789930555555557,907,2.1124586549062845,0.868062317429406,751.1294363256785,209.20876826722338,750.4612181155649,210.00208224882874,1,1689,0.8698132780082988,0.0,1,0.4357264041900635
TRAIN,7744dc51,27,0,1,7,720,1280,1,0.8359375,10.625,0.9999756813049316,1,3078,0.00333984375,1053,2.923076923076923,0.6413195415152362,301.9051332033788,236.55945419103313,309.10060866451846,230.96527031865378,1,2606,0.7526981190255936,0.0,2,0.40529873967170715
TRAIN,7744dc51,27,1,2,7,720,1280,1,0.84765625,11.3125,0.9999877214431763,1,2546,0.0027625868055555555,2270,1.1215859030837005,0.8005886681383371,419.795758051846,212.12961508248233,419.320272572402,208.94378194207837,1,2719,0.7468480424684805,0.0,1,0.3528901934623718
TRAIN,7744dc51,27,2,3,7,720,1280,1,0.66796875,9.9375,0.9999517202377319,1,2406,0.0026106770833333333,1623,1.4824399260628467,0.7774480712166172,596.5527847049044,202.92518703241896,596.0616093880973,198.18860016764458,1,1620,0.611689351481185,0.0002981514609421586,6,0.31951195001602173
TRAIN,7744dc51,27,3,4,7,720,1280,1,0.8046875,11.875,0.999993085861206,1,1812,0.001966145833333333,3087,0.586977648202138,0.6872727272727273,689.2698675496689,208.4332229580574,685.3847368421052,203.68684210526317,1,1445,0.7251059322033898,0.013337199188170484,7,0.3723392188549042
TRAIN,7744dc51,27,4,5,7,720,1280,1,0.80078125,10.375,0.9999687671661377,1,1039,0.0011273871527777777,1057,0.9829706717123936,0.6639544344995931,641.2078922040423,175.5822906641001,638.8290258449305,171.21669980119285,1,946,0.7458223394898856,0.008113590263691683,6,0.3673713505268097
TRAIN,7744dc51,27,5,6,7,720,1280,1,0.76171875,8.8125,0.9998511075973511,1,1232,0.0013368055555555555,801,1.5380774032459426,0.6774658027357812,641.2045454545455,207.23457792207793,643.4635701275046,201.52367941712205,1,949,0.70390625,0.0634765625,5,0.4216485321521759
TRAIN,7744dc51,27,6,7,7,720,1280,1,0.83203125,8.0,0.9996646642684937,1,1964,0.002131076388888889,907,2.165380374862183,0.6581196581196581,748.1720977596741,214.71181262729124,751.1294363256785,209.20876826722338,1,1683,0.7712481787275376,0.0,1,0.3656986653804779
TRAIN,7744dc51,28,0,1,7,720,1280,1,0.84375,11.25,0.999987006187439,1,2807,0.0030457899305555555,1053,2.6657169990503324,0.5405759162303665,288.3017456359102,241.45172782329888,301.9051332033788,236.55945419103313,1,3099,0.7603576751117734,0.0,2,0.36322060227394104
TRAIN,7744dc51,28,1,2,7,720,1280,1,0.84375,12.1875,0.9999948740005493,1,2509,0.0027224392361111112,2270,1.1052863436123348,0.4946777054997043,410.95934635312875,222.6476683937824,419.795758051846,212.12961508248233,1,3027,0.7789203084832905,0.0,1,0.357664555311203
TRAIN,7744dc51,28,2,3,7,720,1280,1,0.71484375,9.625,0.9999339580535889,1,2333,0.002531467013888889,1623,1.4374614910659274,0.6307639366827253,593.8529789969996,211.68666952421773,596.5527847049044,202.92518703241896,1,1600,0.6238645747316267,0.005785363031530229,6,0.33677107095718384
TRAIN,7744dc51,28,3,4,7,720,1280,1,0.78125,11.75,0.9999921321868896,1,1624,0.0017621527777777778,3087,0.5260770975056689,0.6892822025565388,689.3633004926108,213.23091133004925,689.2698675496689,208.4332229580574,1,1905,0.72820763956905,0.023496240601503758,7,0.36895233392715454
TRAIN,7744dc51,28,4,5,7,720,1280,1,0.82421875,10.1875,0.999962329864502,1,1019,0.001105685763888889,1057,0.9640491958372753,0.5638297872340425,638.4887144259078,183.63886162904808,641.2078922040423,175.5822906641001,1,1041,0.8744313011828936,0.005578800557880056,6,0.4436485171318054
TRAIN,7744dc51,28,5,6,7,720,1280,1,0.75390625,8.8125,0.9998511075973511,1,1166,0.0012651909722222222,801,1.4556803995006242,0.47116564417177914,636.5351629502572,217.43653516295026,641.2045454545455,207.23457792207793,1,1144,0.7073170731707317,0.017050691244239632,5,0.44466009736061096
TRAIN,7744dc51,28,6,7,7,720,1280,1,0.85546875,8.5625,0.9998089671134949,1,1649,0.0017892795138888889,907,1.8180815876515988,0.4746938775510204,743.0139478471801,222.50818677986658,748.1720977596741,214.71181262729124,1,1643,0.7979246313489896,0.0,1,0.4110368490219116
TRAIN,7744dc51,29,0,1,7,720,1280,1,0.83203125,11.8125,0.9999926090240479,1,2939,0.0031890190972222224,1053,2.791073124406458,0.6407766990291263,278.83599863899286,245.2813882272882,288.3017456359102,241.45172782329888,1,2838,0.8041848844472205,0.0,2,0.299780935049057
TRAIN,7744dc51,29,1,2,7,720,1280,1,0.828125,12.375,0.9999958276748657,1,2799,0.003037109375,2270,1.2330396475770926,0.5930372148859544,402.91639871382637,227.7056091461236,410.95934635312875,222.6476683937824,1,3063,0.8075855689176689,0.0,1,0.31180742383003235
TRAIN,7744dc51,29,2,3,7,720,1280,1,0.671875,10.125,0.9999599456787109,1,2211,0.0023990885416666666,1623,1.3622920517560073,0.8060413354531002,590.2709181365898,214.01944821347806,593.8529789969996,211.68666952421773,1,1665,0.6395939086294417,0.005612998522895126,6,0.3597366213798523
TRAIN,7744dc51,29,3,4,7,720,1280,1,0.7734375,12.25,0.999995231628418,1,1458,0.00158203125,3087,0.47230320699708456,0.7845975680370585,686.5150891632373,213.93827160493828,689.3633004926108,213.23091133004925,1,1630,0.6929824561403509,0.008360596146855689,7,0.30378493666648865
TRAIN,7744dc51,29,4,5,7,720,1280,1,0.8046875,11.125,0.9999852180480957,1,1049,0.0011382378472222221,1057,0.9924314096499527,0.7873811581676751,636.6644423260248,186.42230695900858,638.4887144259078,183.63886162904808,1,840,0.7787193973634652,0.03556581986143187,6,0.37884318828582764
TRAIN,7744dc51,29,5,6,7,720,1280,1,0.71875,8.875,0.9998601675033569,1,1008,0.00109375,801,1.2584269662921348,0.5915080527086384,629.8531746031746,218.38392857142858,636.5351629502572,217.43653516295026,1,1193,0.6878834355828221,0.007538635506973238,3,0.37930065393447876
TRAIN,7744dc51,29,6,7,7,720,1280,1,0.85546875,9.1875,0.9998977184295654,1,1522,0.0016514756944444443,907,1.6780595369349505,0.583916083916084,732.5210249671485,224.0676741130092,743.0139478471801,222.50818677986658,1,1316,0.811104020421187,0.0,1,0.3309495747089386
TRAIN,7744dc51,30,0,1,7,720,1280,1,0.80859375,11.5625,0.9999904632568359,1,3501,0.003798828125,1053,3.324786324786325,0.5757279177881086,259.4487289345901,244.27020851185375,278.83599863899286,245.2813882272882,1,3004,0.7744135297326786,0.0,2,0.3424501419067383
TRAIN,7744dc51,30,1,2,7,720,1280,1,0.8359375,12.375,0.9999958276748657,1,3177,0.003447265625,2270,1.3995594713656387,0.5394126738794436,387.7434686811457,229.44287063267234,402.91639871382637,227.7056091461236,1,3026,0.8533014639976098,0.0,1,0.35149163007736206
TRAIN,7744dc51,30,2,3,7,720,1280,1,0.6875,9.9375,0.9999517202377319,1,2234,0.0024240451388888888,1623,1.3764633394947627,0.6920441568328892,583.7076991942704,212.34780662488808,590.2709181365898,214.01944821347806,1,1732,0.5775656324582339,0.0,1,0.3570704162120819
TRAIN,7744dc51,30,3,4,7,720,1280,1,0.76953125,11.5,0.9999898672103882,1,1441,0.0015635850694444445,3087,0.4667962423064464,0.5273972602739726,678.2262317834837,213.35114503816794,686.5150891632373,213.93827160493828,1,698,0.29088714544357275,0.2401129943502825,7,0.327594518661499
TRAIN,7744dc51,30,4,5,7,720,1280,1,0.74609375,10.8125,0.9999798536300659,1,873,0.000947265625,1057,0.825922421948912,0.609715242881072,634.2508591065292,187.46735395189003,636.6644423260248,186.42230695900858,1,1182,0.581986143187067,0.0,1,0.4485936760902405
TRAIN,7744dc51,30,5,6,7,720,1280,1,0.7265625,8.5,0.9997965693473816,1,1101,0.0011946614583333334,801,1.3745318352059925,0.5715350223546944,623.227974568574,218.9291553133515,629.8531746031746,218.38392857142858,1,863,0.5367762128325508,0.13582089552238805,5,0.42005231976509094
TRAIN,7744dc51,30,6,7,7,720,1280,1,0.80859375,7.90625,0.9996316432952881,1,1568,0.0017013888888888888,907,1.72877618522602,0.52894606630381,719.3112244897959,224.15880102040816,732.5210249671485,224.0676741130092,1,2071,0.6281879194630873,0.0,1,0.3559199869632721
TRAIN,7744dc51,31,0,1,7,720,1280,1,0.84375,12.1875,0.9999948740005493,1,2716,0.0029470486111111112,1053,2.5792972459639127,0.5419146825396826,239.40095729013254,244.33873343151694,259.4487289345901,244.27020851185375,1,2892,0.7486747739320238,0.0,2,0.3806551992893219
TRAIN,7744dc51,31,1,2,7,720,1280,1,0.87109375,12.5,0.9999963045120239,1,3590,0.0038953993055555556,2270,1.5814977973568283,0.5682502896871379,378.225069637883,234.4033426183844,387.7434686811457,229.44287063267234,1,3196,0.8642857142857143,0.0,1,0.36688143014907837
TRAIN,7744dc51,31,2,3,7,720,1280,1,0.7109375,10.0625,0.9999573230743408,1,2256,0.002447916666666667,1623,1.390018484288355,0.7104761904761905,578.7406914893617,215.4366134751773,583.7076991942704,212.34780662488808,1,1678,0.6826347305389222,0.0003367003367003367,6,0.3396090269088745
TRAIN,7744dc51,31,3,4,7,720,1280,1,0.76171875,11.75,0.9999921321868896,1,1575,0.001708984375,3087,0.5102040816326531,0.5667532467532468,670.2895238095238,215.96571428571428,678.2262317834837,213.35114503816794,1,1373,0.5986984815618221,0.11003123915307185,7,0.2752813398838043
TRAIN,7744dc51,31,4,5,7,720,1280,1,0.8359375,11.625,0.9999910593032837,1,1209,0.0013118489583333333,1057,1.1438032166508987,0.5832699619771863,632.2803970223325,192.575682382134,634.2508591065292,187.46735395189003,1,1064,0.8011093502377179,0.0005200208008320333,6,0.47364458441734314
TRAIN,7744dc51,31,5,6,7,720,1280,1,0.76171875,7.59375,0.9994966983795166,1,825,0.0008951822916666666,801,1.0299625468164795,0.5011691348402182,615.7345454545455,221.9878787878788,623.227974568574,218.9291553133515,1,715,0.8181818181818182,0.013955984970477724,5,0.44396352767944336
TRAIN,7744dc51,31,6,7,7,720,1280,1,0.8046875,7.6875,0.9995417594909668,1,1309,0.0014203559027777778,907,1.4432194046306506,0.5992217898832685,712.4117647058823,225.78838808250572,719.3112244897959,224.15880102040816,1,1623,0.6821572002294893,0.0,1,0.3724501132965088
TRAIN,7744dc51,32,0,1,7,720,1280,1,0.8515625,11.125,0.9999852180480957,1,2945,0.003195529513888889,1053,2.7967711301044633,0.5189160182452375,221.769779286927,248.28964346349744,239.40095729013254,244.33873343151694,1,2982,0.772958420580317,0.0,2,0.33943161368370056
TRAIN,7744dc51,32,1,2,7,720,1280,1,0.8359375,12.0,0.9999938011169434,1,3626,0.003934461805555556,2270,1.5973568281938326,0.47990155865463496,360.7865416436845,237.09790402647545,378.225069637883,234.4033426183844,1,3352,0.8524024422617468,0.0,1,0.31384027004241943
TRAIN,7744dc51,32,2,3,7,720,1280,1,0.69140625,9.8125,0.9999452829360962,1,2344,0.0025434027777777777,1623,1.4442390634627233,0.639344262295082,569.8651877133105,215.29778156996588,578.7406914893617,215.4366134751773,1,1882,0.7060960839725474,0.012172854534388313,6,0.295317679643631
TRAIN,7744dc51,32,3,4,7,720,1280,1,0.8046875,11.1875,0.9999861717224121,1,1987,0.002156032986111111,3087,0.6436669906057662,0.49915824915824913,657.9813789632612,219.45596376446906,670.2895238095238,215.96571428571428,1,1900,0.8095903165735568,0.01469583048530417,6,0.292583703994751
TRAIN,7744dc51,32,4,5,7,720,1280,1,0.83203125,10.0,0.9999545812606812,1,1304,0.0014149305555555556,1057,1.2336802270577105,0.5464615384615384,625.3964723926381,193.69401840490798,632.2803970223325,192.575682382134,1,1200,0.8118668596237337,0.0088261253309797,6,0.36047476530075073
TRAIN,7744dc51,32,5,6,7,720,1280,1,0.75390625,7.96875,0.9996540546417236,1,821,0.0008908420138888889,801,1.024968789013733,0.4300608166811468,606.3349573690621,222.20462850182705,615.7345454545455,221.9878787878788,1,982,0.7025495750708215,0.01659959758551308,5,0.3635467290878296
TRAIN,7744dc51,32,6,7,7,720,1280,1,0.8203125,8.0625,0.9996849298477173,1,1225,0.0013292100694444445,907,1.350606394707828,0.5200959808038392,701.2351020408163,228.46448979591835,712.4117647058823,225.78838808250572,1,1170,0.8813825608798115,0.0006404098623118795,4,0.3183463513851166
TRAIN,7744dc51,33,0,1,7,720,1280,1,0.82421875,12.1875,0.9999948740005493,1,3195,0.003466796875,1053,3.034188034188034,0.6039707419017764,203.82347417840376,249.26760563380282,221.769779286927,248.28964346349744,1,3653,0.8280832888414309,0.0,2,0.30570346117019653
TRAIN,7744dc51,33,1,2,7,720,1280,1,0.83984375,12.5625,0.999996542930603,1,3586,0.0038910590277777776,2270,1.5797356828193834,0.5959283027218412,350.17373117679864,234.62799776910205,360.7865416436845,237.09790402647545,1,3581,0.8381636317004361,0.0,1,0.3516101539134979
TRAIN,7744dc51,33,2,3,7,720,1280,1,0.6875,10.1875,0.999962329864502,1,2345,0.0025444878472222223,1623,1.4448552064078866,0.682454251883746,563.5526652452025,215.44349680170575,569.8651877133105,215.29778156996588,1,1183,0.42200725513905685,0.018009168303863784,6,0.29741376638412476
TRAIN,7744dc51,33,3,4,7,720,1280,1,0.82421875,10.4375,0.9999706745147705,1,2144,0.0023263888888888887,3087,0.6945254292193068,0.805506993006993,653.9930037313433,220.7089552238806,657.9813789632612,219.45596376446906,1,2036,0.8685739830129638,0.0400775694893342,7,0.3144315779209137
TRAIN,7744dc51,33,4,5,7,720,1280,1,0.82421875,9.375,0.9999151229858398,1,1297,0.0014073350694444443,1057,1.227057710501419,0.8278285312719607,623.6769468003084,194.30994602929837,625.3964723926381,193.69401840490798,1,1083,0.798941798941799,0.0048756704046806435,6,0.309488981962204
TRAIN,7744dc51,33,5,6,7,720,1280,1,0.75390625,7.34375,0.99935382604599,1,665,0.0007215711805555556,801,0.8302122347066168,0.6134636264929425,601.4586466165414,221.6436090225564,606.3349573690621,222.20462850182705,1,764,0.7997481108312342,0.0010834236186348862,3,0.37724602222442627
TRAIN,7744dc51,33,6,7,7,720,1280,1,0.8046875,7.375,0.999373733997345,1,976,0.0010590277777777779,907,1.076074972436604,0.631578947368421,694.5235655737705,226.9969262295082,701.2351020408163,228.46448979591835,1,1074,0.7521367521367521,0.004334778259419807,4,0.34765148162841797
TRAIN,7744dc51,34,0,1,7,720,1280,1,0.80859375,12.125,0.9999946355819702,1,3161,0.003429904513888889,1053,3.0018993352326686,0.6573663624511082,192.1176842771275,246.41948750395446,203.82347417840376,249.26760563380282,1,3052,0.8066298342541437,0.0,2,0.4036339521408081
TRAIN,7744dc51,34,1,2,7,720,1280,1,0.80859375,11.625,0.9999910593032837,1,3478,0.003773871527777778,2270,1.53215859030837,0.6723484848484849,341.44997124784356,229.18372627947096,350.17373117679864,234.62799776910205,1,3336,0.8272995441137034,0.0,1,0.35946300625801086
TRAIN,7744dc51,34,2,3,7,720,1280,1,0.640625,10.3125,0.9999667406082153,1,2237,0.002427300347222222,1623,1.3783117683302526,0.695780903034789,562.3348234242288,211.21770227983907,563.5526652452025,215.44349680170575,1,1117,0.4913294797687861,0.03844809507165327,6,0.41616857051849365
TRAIN,7744dc51,34,3,4,7,720,1280,1,0.828125,10.0625,0.9999573230743408,1,2243,0.002433810763888889,3087,0.7265954000647878,0.8747863247863248,655.2666072224699,218.77708426214892,653.9930037313433,220.7089552238806,1,1993,0.8726790450928382,0.023858214042263123,7,0.3425084948539734
TRAIN,7744dc51,34,4,5,7,720,1280,1,0.8125,10.375,0.9999687671661377,1,1391,0.0015093315972222222,1057,1.3159886471144748,0.8983050847457628,622.9683680805176,193.31847591660676,623.6769468003084,194.30994602929837,1,1019,0.7313218390804598,0.059322033898305086,6,0.3878248929977417
TRAIN,7744dc51,34,5,6,7,720,1280,1,0.59375,4.59375,0.9899863600730896,1,664,0.0007204861111111111,801,0.8289637952559301,0.6266829865361077,597.4638554216867,220.45030120481928,601.4586466165414,221.6436090225564,1,734,0.19794344473007713,0.0,1,0.35692712664604187
TRAIN,7744dc51,34,6,7,7,720,1280,1,0.7578125,5.75,0.9968273043632507,1,856,0.0009288194444444445,907,0.9437706725468578,0.5944299390774587,691.6285046728972,224.0070093457944,694.5235655737705,226.9969262295082,1,761,0.7966666666666666,0.00035112359550561797,4,0.37692397832870483
TRAIN,7744dc51,35,0,1,7,720,1280,1,0.8203125,11.0,0.9999833106994629,1,2513,0.002726779513888889,1053,2.386514719848053,0.6513387660069848,180.325109430959,243.9793076004775,192.1176842771275,246.41948750395446,1,2976,0.7815644271340474,0.0,2,0.3896813690662384
TRAIN,7744dc51,35,1,2,7,720,1280,1,0.84765625,12.8125,0.9999972581863403,1,3628,0.003936631944444445,2270,1.598237885462555,0.7180851063829787,334.5769018743109,229.0234288864388,341.44997124784356,229.18372627947096,1,3877,0.8430746561886051,0.0,1,0.33104488253593445
TRAIN,7744dc51,35,2,3,7,720,1280,1,0.67578125,10.0,0.9999545812606812,1,2789,0.0030262586805555555,1623,1.718422674060382,0.6968264686022958,570.7465041233417,211.95518106848334,562.3348234242288,211.21770227983907,1,1424,0.4393577041339255,0.06276841757515692,6,0.3563190996646881
TRAIN,7744dc51,35,3,4,7,720,1280,1,0.8203125,10.25,0.9999645948410034,1,2342,0.002541232638888889,3087,0.7586653709102689,0.8783285538713642,656.7587532023911,218.30999146029035,655.2666072224699,218.77708426214892,1,1847,0.7825531914893618,0.13029661016949154,7,0.33011889457702637
TRAIN,7744dc51,35,4,5,7,720,1280,1,0.81640625,10.5625,0.9999741315841675,1,1494,0.00162109375,1057,1.413434247871334,0.8612903225806452,622.8714859437752,194.51004016064257,622.9683680805176,193.31847591660676,1,1276,0.840531561461794,0.030010718113612004,6,0.4594014585018158
TRAIN,7744dc51,35,5,6,7,720,1280,1,0.50390625,2.0625,0.8872045874595642,1,477,0.000517578125,801,0.5955056179775281,0.6953937592867756,599.0524109014675,219.56394129979034,597.4638554216867,220.45030120481928,1,428,0.17838541666666666,0.0,1,0.23195399343967438
TRAIN,7744dc51,35,6,7,7,720,1280,1,0.68359375,4.5625,0.9896718263626099,1,549,0.000595703125,907,0.6052921719955898,0.5255157437567861,688.3861566484517,220.86885245901638,691.6285046728972,224.0070093457944,1,859,0.4352701325178389,0.008417508417508417,4,0.37111106514930725
TRAIN,7744dc51,36,0,1,7,720,1280,1,0.8046875,9.9375,0.9999517202377319,1,2899,0.0031456163194444444,1053,2.753086419753086,0.3496259351620948,163.80441531562607,254.5991721283201,180.325109430959,243.9793076004775,1,2990,0.775934861278649,0.0,2,0.4389135241508484
TRAIN,7744dc51,36,1,2,7,720,1280,1,0.84375,11.5,0.9999898672103882,1,3678,0.003990885416666667,2270,1.6202643171806168,0.510752688172043,323.557911908646,237.60549211528004,334.5769018743109,229.0234288864388,1,2966,0.7807558295363174,0.0,1,0.39305201172828674
TRAIN,7744dc51,36,2,3,7,720,1280,1,0.625,9.875,0.9999485015869141,1,2362,0.0025629340277777777,1623,1.4553296364756623,0.6696920583468395,568.5660457239627,215.14309906858594,570.7465041233417,211.95518106848334,1,1757,0.35627263747118865,0.14380992080033347,6,0.36661404371261597
TRAIN,7744dc51,36,3,4,7,720,1280,1,0.8046875,10.0625,0.9999573230743408,1,2853,0.003095703125,3087,0.924198250728863,0.7038373237126927,656.863652295829,224.9491763056432,656.7587532023911,218.30999146029035,1,1692,0.5919439579684763,0.2065972222222222,7,0.3102632462978363
TRAIN,7744dc51,36,4,5,7,720,1280,1,0.7890625,10.0625,0.9999573230743408,1,1555,0.0016872829861111112,1057,1.4711447492904446,0.6579662860250136,618.7485530546624,198.5363344051447,622.8714859437752,194.51004016064257,1,1117,0.7183279742765273,0.0,1,0.33834680914878845
TRAIN,7744dc51,36,5,6,7,720,1280,1,0.0003681182861328125,-0.09033203125,0.4774323105812073,0,0,0.0,801,0.0,0.0,,,599.0524109014675,219.56394129979034,1,382,0.0,0.0,1,
TRAIN,7744dc51,36,6,7,7,720,1280,1,0.478515625,2.125,0.8933094143867493,1,339,0.00036783854166666665,907,0.3737596471885336,0.472636815920398,684.9616519174041,227.2094395280236,688.3861566484517,220.86885245901638,1,622,0.11874272409778813,0.0,1,0.22014138102531433
TRAIN,7744dc51,37,0,1,7,720,1280,1,0.80859375,9.9375,0.9999517202377319,1,2993,0.003247612847222222,1053,2.842355175688509,0.39290780141843973,148.3307718008687,264.33210825258936,163.80441531562607,254.5991721283201,1,3033,0.7604440549225825,0.0,2,0.38621556758880615
TRAIN,7744dc51,37,1,2,7,720,1280,1,0.83203125,12.0625,0.9999942779541016,1,3479,0.003774956597222222,2270,1.5325991189427313,0.5946969696969697,317.43173325668295,245.73124461052026,323.557911908646,237.60549211528004,1,3295,0.846782988004362,0.0,1,0.3781173527240753
TRAIN,7744dc51,37,2,3,7,720,1280,1,0.65625,9.6875,0.999937891960144,1,2262,0.002454427083333333,1623,1.3937153419593347,0.5803144224196856,564.5110521662245,223.1083112290009,568.5660457239627,215.14309906858594,1,2212,0.48934753661784286,0.0728424386381631,6,0.3122985064983368
TRAIN,7744dc51,37,3,4,7,720,1280,1,0.82421875,10.0625,0.9999573230743408,1,3024,0.00328125,3087,0.9795918367346939,0.6825078728886345,654.5949074074074,232.76421957671957,656.863652295829,224.9491763056432,1,2107,0.6867192636423406,0.14489990467111535,7,0.3173275589942932
TRAIN,7744dc51,37,4,5,7,720,1280,1,0.83203125,9.1875,0.9998977184295654,1,1558,0.0016905381944444444,1057,1.4739829706717125,0.7038861521620142,618.0661103979461,204.7997432605905,618.7485530546624,198.5363344051447,1,1182,0.7485641352903637,0.0,1,0.3127194046974182
TRAIN,7744dc51,37,5,6,7,720,1280,1,1.0972125985553305e-16,-1.3359375,0.20817892253398895,0,0,0.0,801,0.0,,,,,,1,448,0.0,0.0,1,
TRAIN,7744dc51,37,6,7,7,720,1280,1,0.45703125,1.5703125,0.8278281688690186,1,351,0.000380859375,907,0.3869900771775083,0.41975308641975306,682.039886039886,234.28774928774928,684.9616519174041,227.2094395280236,1,579,0.5951972555746141,0.0008143322475570033,4,0.25082337856292725
TRAIN,7744dc51,38,0,1,7,720,1280,1,0.85546875,10.5625,0.9999741315841675,1,2874,0.0031184895833333334,1053,2.7293447293447293,0.5754564983888292,129.36221294363256,266.01391788448154,148.3307718008687,264.33210825258936,1,3064,0.7693682955899881,0.0,2,0.37047237157821655
TRAIN,7744dc51,38,1,2,7,720,1280,1,0.84765625,12.875,0.9999974966049194,1,3678,0.003990885416666667,2270,1.6202643171806168,0.6655806376541773,310.07775965198476,251.39586731919522,317.43173325668295,245.73124461052026,1,3466,0.7613412228796844,0.0,1,0.33575624227523804
TRAIN,7744dc51,38,2,3,7,720,1280,1,0.703125,10.6875,0.9999772310256958,1,3250,0.0035264756944444445,1623,2.0024645717806533,0.49701249321021185,544.8864615384615,224.17753846153846,564.5110521662245,223.1083112290009,1,2967,0.7004923413566739,0.03932244404113733,6,0.3302757441997528
TRAIN,7744dc51,38,3,4,7,720,1280,1,0.828125,10.5625,0.9999741315841675,1,3095,0.0033582899305555558,3087,1.0025915127955944,0.8850893407270487,653.5618739903069,235.20064620355413,654.5949074074074,232.76421957671957,1,2102,0.6748308088946181,0.12140575079872204,7,0.32370927929878235
TRAIN,7744dc51,38,4,5,7,720,1280,1,0.84375,10.125,0.9999599456787109,1,1683,0.001826171875,1057,1.5922421948912016,0.8259154929577465,619.1586452762923,207.9982174688057,618.0661103979461,204.7997432605905,1,1362,0.7703488372093024,0.0,1,0.3353477716445923
TRAIN,7744dc51,38,5,6,7,720,1280,1,5.227781471335135e-22,-2.046875,0.11436853557825089,0,0,0.0,801,0.0,,,,,,1,186,0.0,0.0,1,
TRAIN,7744dc51,38,6,7,7,720,1280,1,0.4765625,1.5234375,0.8210441470146179,1,314,0.0003407118055555556,907,0.3461962513781698,0.7183462532299741,681.3089171974523,237.01273885350318,682.039886039886,234.28774928774928,1,415,0.6993006993006993,0.0012432656444260257,4,0.23584534227848053
TRAIN,7744dc51,39,0,1,7,720,1280,1,0.8359375,10.1875,0.999962329864502,1,2677,0.0029047309027777778,1053,2.5422602089268755,0.5385254988913526,121.32797908106089,273.18266716473664,129.36221294363256,266.01391788448154,1,2772,0.7560425394779245,0.0,2,0.3014124631881714
TRAIN,7744dc51,39,1,2,7,720,1280,1,0.82421875,11.0625,0.9999842643737793,1,3639,0.003948567708333333,2270,1.6030837004405287,0.674370709382151,309.7287716405606,259.47897774113767,310.07775965198476,251.39586731919522,1,3220,0.7848035389018996,0.0,1,0.28877925872802734
TRAIN,7744dc51,39,2,3,7,720,1280,1,0.64453125,9.8125,0.9999452829360962,1,3264,0.0035416666666666665,1623,2.011090573012939,0.5856864654333008,541.9448529411765,229.46446078431373,544.8864615384615,224.17753846153846,1,3206,0.6014851485148515,0.0,1,0.3100460469722748
TRAIN,7744dc51,39,3,4,7,720,1280,1,0.84765625,10.1875,0.999962329864502,1,2992,0.003246527777777778,3087,0.9692257855523162,0.6455798864557989,657.1139705882352,241.77540106951872,653.5618739903069,235.20064620355413,1,2455,0.7713821138211382,0.0030856871587942084,5,0.2970561683177948
TRAIN,7744dc51,39,4,5,7,720,1280,1,0.83984375,8.6875,0.9998313188552856,1,1515,0.0016438802083333333,1057,1.433301797540208,0.6587136929460581,622.0541254125412,215.7095709570957,619.1586452762923,207.9982174688057,1,1234,0.7885491216655823,0.0,1,0.37939950823783875
TRAIN,7744dc51,39,5,6,7,720,1280,1,3.715850407953054e-25,-2.703125,0.06278920918703079,0,0,0.0,801,0.0,,,,,,0,0,,0.0,1,
TRAIN,7744dc51,39,6,7,7,720,1280,1,0.255859375,0.6015625,0.6460136771202087,1,405,0.000439453125,907,0.44652701212789414,0.3669201520912547,684.2814814814815,244.80246913580248,681.3089171974523,237.01273885350318,0,0,0.0,0.049926578560939794,4,0.2598823010921478
TRAIN,7744dc51,40,0,1,7,720,1280,1,0.828125,10.0,0.9999545812606812,1,2799,0.003037109375,1053,2.658119658119658,0.39551478083588176,119.21257591997141,285.7695605573419,121.32797908106089,273.18266716473664,1,2775,0.718249075215783,0.0,2,0.32227569818496704
TRAIN,7744dc51,40,1,2,7,720,1280,1,0.83203125,11.125,0.9999852180480957,1,3849,0.004176432291666666,2270,1.6955947136563876,0.5760892443696064,307.711093790595,272.72070667705896,309.7287716405606,259.47897774113767,1,3469,0.7775078940976439,0.0,1,0.38491615653038025
TRAIN,7744dc51,40,2,3,7,720,1280,1,0.49609375,10.3125,0.9999667406082153,1,1224,0.001328125,1623,0.7541589648798521,0.16269430051813472,578.7377450980392,244.58251633986927,541.9448529411765,229.46446078431373,1,3012,0.23642732049036777,0.0,1,0.34528276324272156
TRAIN,7744dc51,40,3,4,7,720,1280,1,0.81640625,11.0,0.9999833106994629,1,3152,0.003420138888888889,3087,1.0210560414642047,0.4291695743196092,663.0529822335026,256.6170685279188,657.1139705882352,241.77540106951872,1,2849,0.7639623750734862,0.0,1,0.3341047167778015
TRAIN,7744dc51,40,4,5,7,720,1280,1,0.8125,9.9375,0.9999517202377319,1,1584,0.00171875,1057,1.4985808893093662,0.5094982951777886,626.147095959596,228.15088383838383,622.0541254125412,215.7095709570957,1,1312,0.8111319574734209,0.0,1,0.30019617080688477
TRAIN,7744dc51,40,5,6,7,720,1280,1,8.205631676526035e-21,-1.890625,0.13117322325706482,0,0,0.0,801,0.0,,,,,,0,0,,0.0,1,
TRAIN,7744dc51,40,6,7,7,720,1280,1,0.0033721923828125,0.072265625,0.5180585384368896,1,502,0.0005447048611111111,907,0.5534729878721059,0.24076607387140903,687.6215139442231,252.86454183266932,684.2814814814815,244.80246913580248,0,0,0.0,0.1579129232895646,4,0.2772412598133087
TRAIN,7744dc51,41,0,1,7,720,1280,1,0.828125,10.0,0.9999545812606812,1,2471,0.0026812065972222224,1053,2.3466286799620133,0.24792801326071512,113.39012545528126,302.55726426547955,119.21257591997141,285.7695605573419,1,2655,0.7429445766746005,0.0,2,0.36716848611831665
TRAIN,7744dc51,41,1,2,7,720,1280,1,0.84375,12.0625,0.9999942779541016,1,3820,0.004144965277777778,2270,1.6828193832599119,0.48681659557968204,301.7908376963351,288.84895287958113,307.711093790595,272.72070667705896,1,3251,0.8318652849740933,0.0,1,0.4204505980014801
TRAIN,7744dc51,41,2,3,7,720,1280,1,0.50390625,9.25,0.9999039173126221,1,1589,0.0017241753472222222,1623,0.9790511398644486,0.24084693427437143,577.1655129011957,262.08432976714914,578.7377450980392,244.58251633986927,1,2655,0.2998468606431853,0.0,1,0.3322032690048218
TRAIN,7744dc51,41,3,4,7,720,1280,1,0.8203125,10.625,0.9999756813049316,1,3223,0.0034971788194444442,3087,1.0440557175251053,0.43516434038721297,664.0037232392182,272.1768538628607,663.0529822335026,256.6170685279188,1,2676,0.785411622276029,0.0,1,0.332442045211792
TRAIN,7744dc51,41,4,5,7,720,1280,1,0.8046875,9.1875,0.9998977184295654,1,1564,0.0016970486111111112,1057,1.4796594134342478,0.4374429223744292,628.0300511508951,242.63427109974424,626.147095959596,228.15088383838383,1,1382,0.807361963190184,0.0011806375442739079,4,0.3941459357738495
TRAIN,7744dc51,41,5,6,7,720,1280,1,3.841705620288849e-09,-0.70703125,0.3302551507949829,0,0,0.0,801,0.0,,,,,,0,0,,0.0,1,
TRAIN,7744dc51,41,6,7,7,720,1280,1,0.1640625,0.2216796875,0.555194079875946,1,327,0.00035481770833333334,907,0.360529217199559,0.06555269922879177,674.217125382263,243.71559633027522,687.6215139442231,252.86454183266932,0,0,0.0,0.10934613963797563,4,0.3105177879333496
TRAIN,7744dc51,42,0,1,7,720,1280,1,0.828125,9.8125,0.9999452829360962,1,2650,0.002875434027777778,1053,2.51661918328585,0.4834878331402086,98.05735849056603,307.36830188679244,113.39012545528126,302.55726426547955,1,2662,0.7490945011524531,0.0,2,0.33034175634384155
TRAIN,7744dc51,42,1,2,7,720,1280,1,0.84375,11.6875,0.9999916553497314,1,3675,0.003987630208333333,2270,1.618942731277533,0.5116982654296087,289.3240816326531,292.93551020408165,301.7908376963351,288.84895287958113,1,3350,0.8342036553524804,0.0,1,0.3418894112110138
TRAIN,7744dc51,42,2,3,7,720,1280,1,0.47265625,8.375,0.9997695088386536,1,1544,0.0016753472222222222,1623,0.9513247073321011,0.503358925143954,566.4417098445596,267.42940414507774,577.1655129011957,262.08432976714914,1,2458,0.29892891918208375,0.0,1,0.36649090051651
TRAIN,7744dc51,42,3,4,7,720,1280,1,0.79296875,11.4375,0.9999892711639404,1,3296,0.003576388888888889,3087,1.0677032717849044,0.81133648235621,661.1453276699029,274.97208737864077,664.0037232392182,272.1768538628607,1,2576,0.7517899761336515,0.0038354996803750267,5,0.27326080203056335
TRAIN,7744dc51,42,4,5,7,720,1280,1,0.80859375,9.6875,0.999937891960144,1,1895,0.0020562065972222223,1057,1.792809839167455,0.523117569352708,618.778364116095,246.5730870712401,628.0300511508951,242.63427109974424,1,1415,0.7266562336984872,0.0015681003584229391,4,0.3432255983352661
TRAIN,7744dc51,42,5,6,7,720,1280,1,6.07222318649292e-07,-0.390625,0.403566837310791,0,0,0.0,801,0.0,,,,,,0,0,,0.0,1,
TRAIN,7744dc51,42,6,7,7,720,1280,1,0.2177734375,0.345703125,0.5855752229690552,1,383,0.00041558159722222224,907,0.422271223814774,0.48846960167714887,670.4882506527415,246.8851174934726,674.217125382263,243.71559633027522,0,0,0.0,0.12381314090391189,4,0.30023103952407837
TRAIN,7744dc51,43,0,1,7,720,1280,1,0.8203125,9.1875,0.9998977184295654,1,2820,0.0030598958333333333,1053,2.678062678062678,0.45362742492692,79.67411347517731,298.8159574468085,98.05735849056603,307.36830188679244,1,2970,0.7324955116696589,0.0,2,0.3306565284729004
TRAIN,7744dc51,43,1,2,7,720,1280,1,0.83984375,12.0,0.9999938011169434,1,3714,0.004029947916666667,2270,1.6361233480176212,0.5536164844407064,279.1895530425417,283.19655358104467,289.3240816326531,292.93551020408165,1,3530,0.8409148665819568,0.0,1,0.3497086465358734
TRAIN,7744dc51,43,2,3,7,720,1280,1,0.4453125,8.0625,0.9996849298477173,1,978,0.0010611979166666667,1623,0.6025878003696857,0.2718103883005547,557.217791411043,257.5419222903885,566.4417098445596,267.42940414507774,1,2877,0.1545372866127583,0.0,1,0.3262951970100403
TRAIN,7744dc51,43,3,4,7,720,1280,1,0.8203125,11.0,0.9999833106994629,1,3296,0.003576388888888889,3087,1.0677032717849044,0.6418430884184309,655.1180218446602,268.37924757281553,661.1453276699029,274.97208737864077,1,2660,0.7595273264401773,0.0025390625,5,0.29092419147491455
TRAIN,7744dc51,43,4,5,7,720,1280,1,0.8203125,10.1875,0.999962329864502,1,2000,0.002170138888888889,1057,1.8921475875118259,0.6055234954657873,612.082,238.987,618.778364116095,246.5730870712401,1,1837,0.8845776031434185,0.00042936882782310007,4,0.3373183310031891
TRAIN,7744dc51,43,5,6,7,720,1280,1,0.13671875,0.189453125,0.5472221374511719,1,74,8.029513888888889e-05,801,0.09238451935081149,0.0,573.6351351351351,237.5,,,0,0,0.0,0.022876949740034663,3,0.3168011009693146
TRAIN,7744dc51,43,6,7,7,720,1280,1,0.171875,1.171875,0.7634837031364441,1,574,0.0006228298611111111,907,0.6328555678059536,0.27770360480640854,662.3083623693379,244.93554006968643,670.4882506527415,246.8851174934726,0,0,0.0,0.17258883248730963,4,0.297812819480896
TRAIN,7744dc51,44,0,1,7,720,1280,1,0.8359375,8.9375,0.999868631362915,1,2837,0.0030783420138888887,1053,2.6942070275403607,0.42817470335773794,67.80578075431794,309.31512160733166,79.67411347517731,298.8159574468085,1,2775,0.766446333018571,0.0,2,0.3750511109828949
TRAIN,7744dc51,44,1,2,7,720,1280,1,0.8515625,11.25,0.999987006187439,1,4481,0.004862196180555556,2270,1.9740088105726872,0.5441869229319767,275.27092166927025,294.3648739120732,279.1895530425417,283.19655358104467,1,3685,0.7783101045296167,0.0,1,0.31310632824897766
TRAIN,7744dc51,44,2,3,7,720,1280,1,0.447265625,7.125,0.9991958737373352,1,1614,0.0017513020833333332,1623,0.9944547134935305,0.3110773899848255,541.8116480793061,266.70322180916975,557.217791411043,257.5419222903885,1,1629,0.20333951762523192,0.0,1,0.32700127363204956
TRAIN,7744dc51,44,3,4,7,720,1280,1,0.80859375,11.0,0.9999833106994629,1,3069,0.003330078125,3087,0.9941690962099126,0.6138438133874239,664.4600847181492,273.891495601173,655.1180218446602,268.37924757281553,1,2197,0.6198092894494002,0.13292167695807605,7,0.31479865312576294
TRAIN,7744dc51,44,4,5,7,720,1280,1,0.80078125,9.75,0.9999417066574097,1,2538,0.00275390625,1057,2.4011352885525072,0.5615966964900206,611.5543735224586,250.4649330181245,612.082,238.987,1,2063,0.770977675134719,0.0004225649693640397,4,0.3579472005367279
TRAIN,7744dc51,44,5,6,7,720,1280,1,1.1399388313293457e-06,-0.10400390625,0.47402241826057434,0,0,0.0,801,0.0,0.0,,,573.6351351351351,237.5,0,0,,0.0,1,
TRAIN,7744dc51,44,6,7,7,720,1280,1,0.2265625,2.203125,0.9005298018455505,1,425,0.0004611545138888889,907,0.4685777287761852,0.28737113402061853,665.435294117647,247.8470588235294,662.3083623693379,244.93554006968643,1,417,0.0011890606420927466,0.16017699115044248,4,0.33657312393188477
TRAIN,7744dc51,45,0,1,7,720,1280,1,0.83203125,9.375,0.9999151229858398,1,2827,0.0030674913194444443,1053,2.684710351377018,0.8395582981487496,67.0926777502653,311.2836929607358,67.80578075431794,309.31512160733166,1,2588,0.7713444553483808,0.0,2,0.32300999760627747
TRAIN,7744dc51,45,1,2,7,720,1280,1,0.8515625,11.25,0.999987006187439,1,5157,0.005595703125,2270,2.271806167400881,0.6953386103781882,271.0777583866589,297.45607911576496,275.27092166927025,294.3648739120732,1,5044,0.7781070245773052,0.0,1,0.32515183091163635
TRAIN,7744dc51,45,2,3,7,720,1280,1,0.46484375,7.5,0.9994471669197083,1,1019,0.001105685763888889,1623,0.6278496611213802,0.5794841031793642,547.0127576054956,265.3169774288518,541.8116480793061,266.70322180916975,1,3068,0.2251199040767386,0.0,1,0.2939114570617676
TRAIN,7744dc51,45,3,4,7,720,1280,1,0.77734375,10.875,0.9999810457229614,1,2935,0.0031846788194444444,3087,0.9507612568837058,0.6936530324400564,672.4490630323679,271.4456558773424,664.4600847181492,273.891495601173,1,1910,0.6032428855062872,0.26200873362445415,7,0.33447265625
TRAIN,7744dc51,45,4,5,7,720,1280,1,0.796875,9.375,0.9999151229858398,1,2532,0.0027473958333333335,1057,2.3954588457899715,0.7820738137082601,615.4699842022117,249.9739336492891,611.5543735224586,250.4649330181245,1,2250,0.8052095130237825,0.00022517451024544022,4,0.40237125754356384
TRAIN,7744dc51,45,5,6,7,720,1280,1,0.30078125,0.306640625,0.5760650634765625,1,516,0.0005598958333333334,801,0.6441947565543071,0.0,590.9089147286821,234.76356589147287,,,0,0,0.0,0.1927554980595084,5,0.35502389073371887
TRAIN,7744dc51,45,6,7,7,720,1280,1,0.58984375,3.28125,0.9637799859046936,1,684,0.0007421875,907,0.7541345093715546,0.0009025270758122744,694.9415204678363,278.12134502923976,665.435294117647,247.8470588235294,1,1111,0.4896265560165975,0.0003856536829926726,4,0.41925644874572754
TRAIN,7744dc51,46,0,1,7,720,1280,1,0.80859375,9.125,0.9998910427093506,1,2765,0.003000217013888889,1053,2.6258309591642925,0.6529707360331067,56.24520795660036,308.2737793851718,67.0926777502653,311.2836929607358,1,2458,0.7085377821393523,0.0,2,0.3410089313983917
TRAIN,7744dc51,46,1,2,7,720,1280,1,0.8359375,11.75,0.9999921321868896,1,5530,0.006000434027777778,2270,2.436123348017621,0.6880429631969673,259.17920433996386,295.94575045207955,271.0777583866589,297.45607911576496,1,5417,0.8287671232876712,0.0,1,0.37118715047836304
TRAIN,7744dc51,46,2,3,7,720,1280,1,0.453125,7.21875,0.9992678761482239,1,1595,0.0017306857638888888,1623,0.9827479975354282,0.3721784776902887,528.2495297805642,263.1034482758621,547.0127576054956,265.3169774288518,1,2016,0.3102322206095791,0.0,1,0.3184962272644043
TRAIN,7744dc51,46,3,4,7,720,1280,1,0.74609375,10.9375,0.9999822378158569,1,2020,0.002191840277777778,3087,0.6543569808875931,0.5912010276172126,662.680198019802,265.1282178217822,672.4490630323679,271.4456558773424,1,1729,0.7826913932477413,0.013929928239763613,7,0.3009260892868042
TRAIN,7744dc51,46,4,5,7,720,1280,1,0.77734375,9.5,0.9999251365661621,1,2143,0.0023253038194444445,1057,2.0274361400189216,0.7080745341614907,612.3173121791881,247.66495566962203,615.4699842022117,249.9739336492891,1,1599,0.7180899908172635,0.0,1,0.3579537272453308
TRAIN,7744dc51,46,5,6,7,720,1280,1,0.6015625,1.1171875,0.7534666657447815,1,391,0.0004242621527777778,801,0.48813982521847693,0.6703499079189686,590.6189258312021,233.87979539641944,590.9089147286821,234.76356589147287,0,0,0.0,0.1339031339031339,5,0.3487023711204529
TRAIN,7744dc51,46,6,7,7,720,1280,1,0.66796875,4.46875,0.9886682629585266,1,606,0.0006575520833333333,907,0.6681367144432194,0.7744154057771664,693.7491749174917,276.0561056105611,694.9415204678363,278.12134502923976,1,382,0.5246913580246914,0.0,1,0.4404231309890747
TRAIN,7744dc51,47,0,1,7,720,1280,1,0.80078125,9.5625,0.999929666519165,1,3228,0.0035026041666666665,1053,3.0655270655270654,0.6410186199342826,46.82930607187113,304.99411400247834,56.24520795660036,308.2737793851718,1,2592,0.7213842058562555,0.0,2,0.3680790960788727
TRAIN,7744dc51,47,1,2,7,720,1280,1,0.8515625,11.3125,0.9999877214431763,1,5900,0.006401909722222222,2270,2.5991189427312777,0.5619021590598524,246.4842372881356,292.47016949152544,259.17920433996386,295.94575045207955,1,5485,0.8777832756061356,0.0,1,0.3662390112876892
TRAIN,7744dc51,47,2,3,7,720,1280,1,0.34375,7.21875,0.9992678761482239,1,1656,0.001796875,1623,1.0203327171903882,0.6142005958291956,521.5537439613527,261.54227053140096,528.2495297805642,263.1034482758621,1,2655,0.23950546290971822,0.0,1,0.20513930916786194
TRAIN,7744dc51,47,3,4,7,720,1280,1,0.8203125,10.625,0.9999756813049316,1,2261,0.002453342013888889,3087,0.7324263038548753,0.6841070023603462,659.2485625829279,260.66961521450685,662.680198019802,265.1282178217822,1,1829,0.7821350762527233,0.0629652605459057,7,0.36772069334983826
TRAIN,7744dc51,47,4,5,7,720,1280,1,0.77734375,10.0,0.9999545812606812,1,2058,0.0022330729166666666,1057,1.9470198675496688,0.6723726114649682,608.2725947521866,241.03449951409135,612.3173121791881,247.66495566962203,1,2188,0.812206572769953,0.0,1,0.3448152244091034
TRAIN,7744dc51,47,5,6,7,720,1280,1,0.59375,1.3125,0.7879312038421631,1,541,0.0005870225694444445,801,0.6754057428214731,0.6068965517241379,591.0425138632163,230.04621072088725,590.6189258312021,233.87979539641944,0,0,0.0,0.2123500666370502,5,0.28211474418640137
TRAIN,7744dc51,47,6,7,7,720,1280,1,0.734375,5.9375,0.997368335723877,1,890,0.0009657118055555556,907,0.9812568908489526,0.5157041540020263,692.1831460674157,270.6921348314607,693.7491749174917,276.0561056105611,1,1166,0.667477696674777,0.0,1,0.3871682286262512
TRAIN,7744dc51,48,0,1,7,720,1280,1,0.8125,9.25,0.9999039173126221,1,3148,0.003415798611111111,1053,2.989553656220323,0.780508237922368,42.572109275730625,304.3040025412961,46.82930607187113,304.99411400247834,1,2839,0.7343568945538818,0.0,2,0.35877934098243713
TRAIN,7744dc51,48,1,2,7,720,1280,1,0.8515625,12.5,0.9999963045120239,1,6175,0.006700303819444444,2270,2.7202643171806167,0.7130089374379345,237.52631578947367,292.51044534412955,246.4842372881356,292.47016949152544,1,5614,0.8739469082816722,0.0,1,0.3747395873069763
TRAIN,7744dc51,48,2,3,7,720,1280,1,0.375,5.8125,0.9970190525054932,1,2421,0.002626953125,1623,1.4916820702402958,0.524682124158564,509.68897149938044,263.18298223874433,521.5537439613527,261.54227053140096,1,2260,0.33210017074558906,0.0,1,0.28639286756515503
TRAIN,7744dc51,48,3,4,7,720,1280,1,0.80859375,10.0625,0.9999573230743408,1,2428,0.002634548611111111,3087,0.786524133462909,0.7924311926605505,662.7479406919275,261.1013179571664,659.2485625829279,260.66961521450685,1,1851,0.7594572368421053,0.007558330594807755,7,0.3309684991836548
TRAIN,7744dc51,48,4,5,7,720,1280,1,0.71484375,9.1875,0.9998977184295654,1,1913,0.0020757378472222223,1057,1.8098391674550616,0.7563025210084033,613.6084683742812,241.9722948248824,608.2725947521866,241.03449951409135,1,1959,0.5953852492789452,0.0,1,0.4000667631626129
TRAIN,7744dc51,48,5,6,7,720,1280,1,0.0255126953125,0.11572265625,0.5288984179496765,1,196,0.0002126736111111111,801,0.24469413233458176,0.22425249169435216,601.530612244898,228.0,591.0425138632163,230.04621072088725,0,0,0.0,0.0916919959473151,5,0.27384108304977417
TRAIN,7744dc51,48,6,7,7,720,1280,1,0.640625,5.90625,0.997285008430481,1,766,0.0008311631944444445,907,0.844542447629548,0.45135845749342685,699.6853785900784,267.1148825065274,692.1831460674157,270.6921348314607,1,638,0.7772151898734178,0.0,1,0.30984723567962646
TRAIN,7744dc51,49,0,1,7,720,1280,1,0.7890625,9.6875,0.999937891960144,1,3004,0.003259548611111111,1053,2.852801519468186,0.6980402980955009,53.077896138482025,305.323568575233,42.572109275730625,304.3040025412961,1,2752,0.729047762090718,0.0,2,0.38297486305236816
TRAIN,7744dc51,49,1,2,7,720,1280,1,0.85546875,12.5625,0.999996542930603,1,6232,0.0067621527777777775,2270,2.745374449339207,0.7134373705289324,241.02278562259306,296.06258023106545,237.52631578947367,292.51044534412955,1,5757,0.8547339108910891,0.0,1,0.36752238869667053
TRAIN,7744dc51,49,2,3,7,720,1280,1,0.421875,5.125,0.9940890073776245,1,2023,0.002195095486111111,1623,1.246457178065311,0.5340006903693476,525.7083539298072,265.8615916955017,509.68897149938044,263.18298223874433,1,2543,0.24448078495502862,0.14599906410856342,6,0.24327820539474487
TRAIN,7744dc51,49,3,4,7,720,1280,1,0.828125,10.25,0.9999645948410034,1,2455,0.002663845486111111,3087,0.7952704891480402,0.4286132241076653,678.5103869653768,263.2977596741344,662.7479406919275,261.1013179571664,1,1871,0.751417004048583,0.004775549188156638,7,0.3780863285064697
TRAIN,7744dc51,49,4,5,7,720,1280,1,0.75,9.0625,0.9998840093612671,1,2199,0.0023860677083333334,1057,2.0804162724692525,0.537771129394166,615.0609367894498,242.3369713506139,613.6084683742812,241.9722948248824,1,1614,0.6260127931769722,0.0,1,0.4182422459125519
TRAIN,7744dc51,49,5,6,7,720,1280,1,0.12255859375,0.4375,0.6076632142066956,1,465,0.0005045572916666667,801,0.5805243445692884,0.05929487179487179,584.2860215053763,230.40860215053763,601.530612244898,228.0,1,426,0.0,0.2375,5,0.3112105131149292
TRAIN,7744dc51,49,6,7,7,720,1280,1,0.72265625,5.46875,0.9958011507987976,1,874,0.0009483506944444445,907,0.9636163175303197,0.20854826823876196,714.3924485125858,272.312356979405,699.6853785900784,267.1148825065274,1,701,0.7345814977973568,0.0,1,0.3123863637447357
TRAIN,7744dc51,50,0,1,7,720,1280,1,0.79296875,10.1875,0.999962329864502,1,3005,0.0032606336805555557,1053,2.8537511870845202,0.6019728072513997,55.186356073211314,313.0016638935108,53.077896138482025,305.323568575233,1,2650,0.783349101229896,0.0,2,0.4581682085990906
TRAIN,7744dc51,50,1,2,7,720,1280,1,0.875,12.5,0.9999963045120239,1,6405,0.006949869791666666,2270,2.8215859030837005,0.7193197278911565,239.47447306791568,302.35425448868074,241.02278562259306,296.06258023106545,1,5588,0.8428088506453596,0.0,1,0.30267050862312317
TRAIN,7744dc51,50,2,3,7,720,1280,1,0.353515625,5.75,0.9968273043632507,1,1858,0.0020160590277777776,1623,1.1447935921133703,0.5189823874755382,539.0392895586652,268.3724434876211,525.7083539298072,265.8615916955017,1,2568,0.17869507323568576,0.22901554404145077,6,0.24199680984020233
TRAIN,7744dc51,50,3,4,7,720,1280,1,0.82421875,10.625,0.9999756813049316,1,2524,0.002738715277777778,3087,0.8176222870100421,0.4622613803230543,691.1830427892235,267.27099841521397,678.5103869653768,263.2977596741344,1,2302,0.8611646741226379,0.030599755201958383,7,0.31549182534217834
TRAIN,7744dc51,50,4,5,7,720,1280,1,0.75,9.5,0.9999251365661621,1,2296,0.0024913194444444444,1057,2.172185430463576,0.47522152937315393,621.5195993031359,245.8584494773519,615.0609367894498,242.3369713506139,1,1991,0.7196149217809867,0.0,1,0.3357558250427246
TRAIN,7744dc51,50,5,6,7,720,1280,1,0.388671875,0.7265625,0.6740504503250122,1,639,0.000693359375,801,0.797752808988764,0.4739652870493992,586.0422535211268,236.82942097026603,584.2860215053763,230.40860215053763,1,514,0.0,0.24173748819641172,5,0.25556543469429016
TRAIN,7744dc51,50,6,7,7,720,1280,1,0.703125,4.78125,0.9916841983795166,1,794,0.0008615451388888889,907,0.8754134509371555,0.2383073496659243,727.5453400503778,275.0566750629723,714.3924485125858,272.312356979405,1,844,0.7765726681127982,0.0,1,0.31706809997558594
TRAIN,7744dc51,51,0,1,7,720,1280,1,0.80859375,10.75,0.9999785423278809,1,2854,0.0030967881944444445,1053,2.7103513770180436,0.801660516605166,58.509110021023126,314.6779957953749,55.186356073211314,313.0016638935108,1,2539,0.750974025974026,0.0,2,0.33170855045318604
TRAIN,7744dc51,51,1,2,7,720,1280,1,0.859375,12.4375,0.9999960660934448,1,6154,0.0066775173611111115,2270,2.711013215859031,0.7854705715098095,231.25755606109848,302.3509912252194,239.47447306791568,302.35425448868074,1,5940,0.8153707595316722,0.0,1,0.338840126991272
TRAIN,7744dc51,51,2,3,7,720,1280,1,0.66796875,6.0625,0.9976769089698792,1,2555,0.0027723524305555557,1623,1.574245224892175,0.09368029739776952,476.02270058708416,263.89471624266145,539.0392895586652,268.3724434876211,1,2731,0.6269621421975993,0.0,1,0.3239747881889343
TRAIN,7744dc51,51,3,4,7,720,1280,1,0.8515625,9.9375,0.9999517202377319,1,2561,0.002778862847222222,3087,0.8296080336896663,0.6440349175557711,698.8969152674737,268.28387348691916,691.1830427892235,267.27099841521397,1,2182,0.840512223515716,0.004626951995373048,7,0.2543468475341797
TRAIN,7744dc51,51,4,5,7,720,1280,1,0.7578125,8.625,0.9998205304145813,1,2616,0.0028385416666666667,1057,2.474929044465468,0.7480427046263345,621.4533639143731,247.0244648318043,621.5195993031359,245.8584494773519,1,2035,0.6949708454810496,0.0,1,0.31424281001091003
TRAIN,7744dc51,51,5,6,7,720,1280,1,0.69921875,1.75,0.851952850818634,1,670,0.0007269965277777778,801,0.83645443196005,0.7337748344370861,588.3746268656716,238.9641791044776,586.0422535211268,236.82942097026603,1,606,0.0,0.24942263279445728,5,0.3387099504470825
TRAIN,7744dc51,51,6,7,7,720,1280,1,0.703125,5.25,0.9947799444198608,1,933,0.0010123697916666666,907,1.0286659316427784,0.47606837606837604,735.540192926045,276.3461950696677,727.5453400503778,275.0566750629723,1,913,0.7076780758556892,0.0009640102827763496,4,0.20333760976791382
TRAIN,7744dc51,52,0,1,7,720,1280,1,0.8359375,9.5,0.9999251365661621,1,3164,0.0034331597222222224,1053,3.0047483380816713,0.7783687943262412,58.83185840707964,314.0091656131479,58.509110021023126,314.6779957953749,1,2778,0.7658246656760773,0.0,2,0.34954699873924255
TRAIN,7744dc51,52,1,2,7,720,1280,1,0.8671875,13.0625,0.9999978542327881,1,6733,0.007305772569444444,2270,2.9660792951541852,0.8087017543859649,228.96465171543144,302.2388237041438,231.25755606109848,302.3509912252194,1,6131,0.8345693097547062,0.0,1,0.3052188456058502
TRAIN,7744dc51,52,2,3,7,720,1280,1,0.73828125,6.46875,0.9984512329101562,1,2869,0.003113064236111111,1623,1.7677141096734443,0.608540925266904,470.41896131056114,263.34088532589755,476.02270058708416,263.89471624266145,1,3459,0.6816369917618921,0.0,1,0.2837216258049011
TRAIN,7744dc51,52,3,4,7,720,1280,1,0.85546875,10.375,0.9999687671661377,1,2554,0.002771267361111111,3087,0.8273404599935212,0.6639557579700716,706.8880187940485,267.19185591229444,698.8969152674737,268.28387348691916,1,2122,0.8237129485179407,0.02011661807580175,7,0.31599101424217224
TRAIN,7744dc51,52,4,5,7,720,1280,1,0.76953125,9.0625,0.9998840093612671,1,2987,0.0032411024305555557,1057,2.825922421948912,0.7176578786020846,626.6903247405423,246.89521258788082,621.4533639143731,247.0244648318043,1,1948,0.6324842871319881,0.0,1,0.3343624770641327
TRAIN,7744dc51,52,5,6,7,720,1280,1,0.71875,2.4375,0.9196425676345825,1,909,0.000986328125,801,1.1348314606741574,0.558736426456071,596.4609460946094,241.8052805280528,588.3746268656716,238.9641791044776,1,859,0.0,0.25197195442594217,5,0.3389999270439148
TRAIN,7744dc51,52,6,7,7,720,1280,1,0.7890625,5.34375,0.9952448010444641,1,929,0.0010080295138888888,907,1.0242557883131203,0.44229279628195195,744.983853606028,276.05705059203444,735.540192926045,276.3461950696677,1,945,0.8336594911937377,0.0,1,0.26563289761543274
TRAIN,7744dc51,53,0,1,7,720,1280,1,0.81640625,9.625,0.9999339580535889,1,3364,0.003650173611111111,1053,3.194681861348528,0.5677233429394812,69.6718192627824,312.49554102259214,58.83185840707964,314.0091656131479,1,2900,0.7351800554016621,0.0,2,0.32408618927001953
TRAIN,7744dc51,53,1,2,7,720,1280,1,0.8515625,12.875,0.9999974966049194,1,7012,0.007608506944444445,2270,3.0889867841409693,0.6776516538508482,234.1058185966914,298.7692527096406,228.96465171543144,302.2388237041438,1,6318,0.8424326192121631,0.0,1,0.32705479860305786
TRAIN,7744dc51,53,2,3,7,720,1280,1,0.80078125,5.5625,0.9961755275726318,1,3164,0.0034331597222222224,1623,1.9494762784966113,0.43369771863117873,482.15802781289506,261.96744627054363,470.41896131056114,263.34088532589755,1,3886,0.7012548262548263,0.0,1,0.30924373865127563
TRAIN,7744dc51,53,3,4,7,720,1280,1,0.8515625,9.75,0.9999417066574097,1,2457,0.002666015625,3087,0.7959183673469388,0.42398408638817847,726.03256003256,263.85429385429387,706.8880187940485,267.19185591229444,1,2091,0.8442822384428224,0.0014889815366289458,7,0.28133857250213623
TRAIN,7744dc51,53,4,5,7,720,1280,1,0.77734375,9.4375,0.9999203681945801,1,3243,0.0035188802083333335,1057,3.0681173131504256,0.576417004048583,639.2534690101758,245.59296947271045,626.6903247405423,246.89521258788082,1,2512,0.7235699311171009,0.0,1,0.3433680236339569
TRAIN,7744dc51,53,5,6,7,720,1280,1,0.5234375,2.296875,0.9086179733276367,1,1205,0.0013075086805555555,801,1.5043695380774031,0.43322033898305085,610.7369294605809,240.7609958506224,596.4609460946094,241.8052805280528,1,239,0.0,0.3916136278547361,5,0.2120274007320404
TRAIN,7744dc51,53,6,7,7,720,1280,1,0.78515625,5.59375,0.996292769908905,1,921,0.0009993489583333334,907,1.0154355016538037,0.16940581542351454,761.957654723127,273.4918566775244,744.983853606028,276.05705059203444,1,906,0.808910891089109,0.0,1,0.30428048968315125
TRAIN,7744dc51,54,0,1,7,720,1280,1,0.7890625,9.0625,0.9998840093612671,1,3011,0.003267144097222222,1053,2.859449192782526,0.48462971588262693,71.77748256393225,300.5147791431418,69.6718192627824,312.49554102259214,1,2875,0.8099630996309963,0.0,2,0.4190801680088043
TRAIN,7744dc51,54,1,2,7,720,1280,1,0.80859375,12.5625,0.999996542930603,1,6706,0.007276475694444445,2270,2.9541850220264316,0.648599927893282,234.65657620041753,292.2599164926931,234.1058185966914,298.7692527096406,1,6061,0.8014674756596585,0.0,1,0.4089127779006958
TRAIN,7744dc51,54,2,3,7,720,1280,1,0.78515625,5.15625,0.9942697286605835,1,3430,0.0037217881944444442,1623,2.113370301910043,0.5737470167064439,490.38833819241984,256.6457725947522,482.15802781289506,261.96744627054363,1,3468,0.7958864878937777,0.00025906735751295336,6,0.3040449023246765
TRAIN,7744dc51,54,3,4,7,720,1280,1,0.85546875,9.4375,0.9999203681945801,1,2698,0.002927517361111111,3087,0.873987690314221,0.6009316770186336,736.3795404002965,258.01408450704224,726.03256003256,263.85429385429387,1,2099,0.7773249351611708,0.0038324664659184233,7,0.2849777936935425
TRAIN,7744dc51,54,4,5,7,720,1280,1,0.78125,9.0625,0.9998840093612671,1,3638,0.003947482638888889,1057,3.4418164616840112,0.6255610678006143,643.3457943925233,240.03188565145683,639.2534690101758,245.59296947271045,1,2725,0.7164823307256541,0.0,1,0.4314696490764618
TRAIN,7744dc51,54,5,6,7,720,1280,1,0.326171875,1.578125,0.8289388418197632,1,1426,0.0015473090277777779,801,1.780274656679151,0.48812217194570134,617.9424964936886,234.60518934081347,610.7369294605809,240.7609958506224,1,431,0.0,0.4621345544205706,5,0.18643887341022491
TRAIN,7744dc51,54,6,7,7,720,1280,1,0.76171875,5.6875,0.9966233968734741,1,891,0.000966796875,907,0.9823594266813671,0.2769556025369979,773.2177328843995,265.62177328843995,761.957654723127,273.4918566775244,1,969,0.7366946778711485,0.0,1,0.22917839884757996
TRAIN,7744dc51,55,0,1,7,720,1280,1,0.80859375,9.8125,0.9999452829360962,1,3076,0.003337673611111111,1053,2.9211775878442543,0.7992905704995567,77.05624187256177,301.4515604681404,71.77748256393225,300.5147791431418,1,2685,0.7628518971848225,0.0,2,0.32503649592399597
TRAIN,7744dc51,55,1,2,7,720,1280,1,0.83984375,12.75,0.9999971389770508,1,6391,0.006934678819444444,2270,2.8154185022026432,0.7620072648997713,232.58504146455954,289.2511344077609,234.65657620041753,292.2599164926931,1,6078,0.8010977899754441,0.0,1,0.33716636896133423
TRAIN,7744dc51,55,2,3,7,720,1280,1,0.77734375,5.40625,0.9955315589904785,1,3868,0.0041970486111111115,1623,2.383240911891559,0.6153165117308543,498.6393485005171,254.729576008273,490.38833819241984,256.6457725947522,1,4074,0.8144848069453964,0.0,1,0.3328642249107361
TRAIN,7744dc51,55,3,4,7,720,1280,1,0.859375,9.75,0.9999417066574097,1,2554,0.002771267361111111,3087,0.8273404599935212,0.5556872037914692,748.5814408770556,255.58927173061863,736.3795404002965,258.01408450704224,1,2194,0.8324971053647241,0.006363636363636364,7,0.3289598822593689
TRAIN,7744dc51,55,4,5,7,720,1280,1,0.78125,8.6875,0.9998313188552856,1,3642,0.003951822916666667,1057,3.445600756859035,0.720226843100189,650.1361889071939,237.52031850631522,643.3457943925233,240.03188565145683,1,2549,0.6597855227882038,0.0,1,0.33733516931533813
TRAIN,7744dc51,55,5,6,7,720,1280,1,0.466796875,2.140625,0.894789457321167,1,640,0.0006944444444444445,801,0.7990012484394506,0.3997289972899729,608.1859375,229.3203125,617.9424964936886,234.60518934081347,1,388,0.0,0.2029422859298378,5,0.2039717137813568
TRAIN,7744dc51,55,6,7,7,720,1280,1,0.765625,5.84375,0.9971103668212891,1,888,0.0009635416666666667,907,0.9790518191841234,0.32169390787518576,784.7286036036036,264.6689189189189,773.2177328843995,265.62177328843995,1,767,0.6939611054247697,0.0091683038637852,4,0.2011164277791977
TRAIN,7744dc51,56,0,1,7,720,1280,1,0.80078125,11.6875,0.9999916553497314,1,2987,0.0032411024305555557,1053,2.836657169990503,0.7452504317789291,72.91061265483764,299.128557080683,77.05624187256177,301.4515604681404,1,3013,0.7296050735082156,0.0,2,0.3892325758934021
TRAIN,7744dc51,56,1,2,7,720,1280,1,0.828125,13.0625,0.9999978542327881,1,6027,0.006539713541666666,2270,2.655066079295154,0.7901109989909183,228.94956031192964,285.62269785963167,232.58504146455954,289.2511344077609,1,5898,0.8164508758568164,0.0,1,0.33409184217453003
TRAIN,7744dc51,56,2,3,7,720,1280,1,0.80859375,5.28125,0.9949396848678589,1,4584,0.004973958333333334,1623,2.824399260628466,0.665746945210879,505.65750436300175,252.00698080279233,498.6393485005171,254.729576008273,1,4641,0.8427886536156612,0.0,1,0.30514073371887207
TRAIN,7744dc51,56,3,4,7,720,1280,1,0.859375,9.875,0.9999485015869141,1,2499,0.002711588541666667,3087,0.8095238095238095,0.7520804438280166,754.6274509803922,252.50580232092838,748.5814408770556,255.58927173061863,1,2339,0.88984375,0.005472788081483734,7,0.31139805912971497
TRAIN,7744dc51,56,4,5,7,720,1280,1,0.78125,8.3125,0.9997546076774597,1,3631,0.003939887152777778,1057,3.43519394512772,0.8807861391259374,649.7661801156706,235.11016248967226,650.1361889071939,237.52031850631522,1,2893,0.7378795950985615,0.00024195499637067505,6,0.38441407680511475
TRAIN,7744dc51,56,5,6,7,720,1280,1,0.6640625,2.375,0.9149009585380554,1,893,0.0009689670138888889,801,1.114856429463171,0.6846153846153846,612.7715565509518,230.75363941769317,608.1859375,229.3203125,1,503,0.0014347202295552368,0.22882181110029212,5,0.1835944950580597
TRAIN,7744dc51,56,6,7,7,720,1280,1,0.76171875,5.84375,0.9971103668212891,1,1051,0.0011404079861111111,907,1.1587651598676958,0.5136612021857924,791.6584205518553,262.6869647954329,784.7286036036036,264.6689189189189,1,808,0.7293023255813953,0.006233303650934996,4,0.21078580617904663
TRAIN,7744dc51,57,0,1,7,720,1280,1,0.8046875,9.875,0.9999485015869141,1,2836,0.0030772569444444445,1053,2.6932573599240266,0.5360063307834344,58.09520451339915,301.06840620592385,72.91061265483764,299.128557080683,1,2575,0.7460471119716038,0.0,2,0.3676496148109436
TRAIN,7744dc51,57,1,2,7,720,1280,1,0.83203125,12.25,0.999995231628418,1,6126,0.006647135416666667,2270,2.6986784140969164,0.670285871357889,217.3692458374143,288.33937316356514,228.94956031192964,285.62269785963167,1,5923,0.8328262853665956,0.0,1,0.3391439914703369
TRAIN,7744dc51,57,2,3,7,720,1280,1,0.81640625,5.46875,0.9958011507987976,1,5127,0.005563151041666666,1623,3.1589648798521255,0.6293624161073825,495.40569533840454,256.3799492880827,505.65750436300175,252.00698080279233,1,4856,0.8673774784885896,0.0,1,0.3251567780971527
TRAIN,7744dc51,57,3,4,7,720,1280,1,0.84375,9.375,0.9999151229858398,1,2550,0.0027669270833333335,3087,0.826044703595724,0.9256292906178489,754.1125490196079,252.79019607843136,754.6274509803922,252.50580232092838,1,2044,0.7854644383987563,0.007044320516583505,7,0.24375207722187042
TRAIN,7744dc51,57,4,5,7,720,1280,1,0.77734375,9.125,0.9998910427093506,1,3360,0.0036458333333333334,1057,3.1788079470198674,0.7473131717070732,644.1154761904762,236.81577380952382,649.7661801156706,235.11016248967226,1,1934,0.568127962085308,0.004829689883070666,6,0.35288748145103455
TRAIN,7744dc51,57,5,6,7,720,1280,1,0.4375,2.171875,0.8976953029632568,1,1734,0.0018815104166666667,801,2.1647940074906367,0.33689567430025447,625.576124567474,234.24971164936562,612.7715565509518,230.75363941769317,1,593,0.009106678230702514,0.6230088495575221,5,0.12620601058006287
TRAIN,7744dc51,57,6,7,7,720,1280,1,0.77734375,5.8125,0.9970190525054932,1,966,0.0010481770833333333,907,1.0650496141124586,0.8025022341376229,789.4689440993789,261.8209109730849,791.6584205518553,262.6869647954329,1,881,0.8090107737512243,0.02172437202987101,4,0.22510075569152832
TRAIN,7744dc51,58,0,1,7,720,1280,1,0.8125,9.0,0.9998766183853149,1,3329,0.0036121961805555556,1053,3.161443494776828,0.6899671052631579,50.43466506458396,303.1537999399219,58.09520451339915,301.06840620592385,1,2687,0.7585501315404852,0.0,2,0.3389168679714203
TRAIN,7744dc51,58,1,2,7,720,1280,1,0.8359375,12.375,0.9999958276748657,1,5455,0.005919053819444444,2270,2.4030837004405288,0.6827956989247311,201.88872593950504,288.94115490375805,217.3692458374143,288.33937316356514,1,5271,0.8191994572591588,0.0,1,0.39164748787879944
TRAIN,7744dc51,58,2,3,7,720,1280,1,0.796875,5.1875,0.9944451451301575,1,5678,0.006161024305555556,1623,3.498459642637092,0.635386711064023,482.5065163790067,255.80116238112012,495.40569533840454,256.3799492880827,1,5711,0.8741155175250946,0.0,1,0.25863850116729736
TRAIN,7744dc51,58,3,4,7,720,1280,1,0.84375,9.875,0.9999485015869141,1,2570,0.0027886284722222223,3087,0.8325234855847101,0.8351254480286738,750.6735408560311,253.05330739299612,754.1125490196079,252.79019607843136,1,1915,0.7397207137315749,0.023920472196334266,7,0.2788640260696411
TRAIN,7744dc51,58,4,5,7,720,1280,1,0.7578125,8.875,0.9998601675033569,1,2724,0.002955729166666667,1057,2.577105014191107,0.6040073820195097,627.7022760646108,237.44530102790014,644.1154761904762,236.81577380952382,1,2267,0.8275357012083486,0.008398133748055987,6,0.35869207978248596
TRAIN,7744dc51,58,5,6,7,720,1280,1,0.6953125,1.75,0.851952850818634,1,2433,0.002639973958333333,801,3.0374531835205993,0.6654676258992805,625.5922729140979,237.07644882860666,625.576124567474,234.24971164936562,1,518,0.005108991825613079,0.8496654860291224,5,0.17632590234279633
TRAIN,7744dc51,58,6,7,7,720,1280,1,0.76953125,5.84375,0.9971103668212891,1,895,0.0009711371527777778,907,0.9867695700110254,0.6469026548672566,784.7016759776536,261.5072625698324,789.4689440993789,261.8209109730849,1,726,0.7281449893390192,0.000355998576005696,4,0.33710211515426636
TRAIN,7744dc51,59,0,1,7,720,1280,1,0.8046875,9.25,0.9999039173126221,1,3054,0.0033138020833333335,1053,2.9002849002849005,0.5760493827160493,40.59495743287492,306.4410609037328,50.43466506458396,303.1537999399219,1,2678,0.74862721171446,0.0,2,0.34764236211776733
TRAIN,7744dc51,59,1,2,7,720,1280,1,0.80078125,11.8125,0.9999926090240479,1,5978,0.006486545138888889,2270,2.633480176211454,0.6346868744638261,189.6391769822683,295.9310806289729,201.88872593950504,288.94115490375805,1,5119,0.7872443227572878,0.0,1,0.38502031564712524
TRAIN,7744dc51,59,2,3,7,720,1280,1,0.87109375,4.6875,0.9908744096755981,1,6575,0.007134331597222222,1623,4.051139864448552,0.6702562704471101,469.0845627376426,261.01505703422055,482.5065163790067,255.80116238112012,1,6291,0.8798947983635301,0.0,1,0.27312806248664856
TRAIN,7744dc51,59,3,4,7,720,1280,1,0.85546875,9.3125,0.9999097585678101,1,2565,0.002783203125,3087,0.8309037900874635,0.7805131761442441,747.8740740740741,255.64756335282652,750.6735408560311,253.05330739299612,1,2134,0.8213178294573643,0.027936507936507936,7,0.2908101975917816
TRAIN,7744dc51,59,4,5,7,720,1280,1,0.8046875,9.1875,0.9998977184295654,1,3016,0.0032725694444444443,1057,2.8533585619678337,0.6256018125177004,620.3759946949602,242.9290450928382,627.7022760646108,237.44530102790014,1,2115,0.6984442237669646,0.018305926155755506,6,0.36828070878982544
TRAIN,7744dc51,59,5,6,7,720,1280,1,0.74609375,1.578125,0.8289388418197632,1,2966,0.0032183159722222222,801,3.7028714107365794,0.6030285035629454,620.4625758597438,242.78792987188132,625.5922729140979,237.07644882860666,1,266,0.01,0.7096231493943472,5,0.17617090046405792
TRAIN,7744dc51,59,6,7,7,720,1280,1,0.75390625,6.15625,0.9978843331336975,1,775,0.0008409288194444445,907,0.8544652701212789,0.698880976602238,781.9651612903226,263.39870967741933,784.7016759776536,261.5072625698324,1,673,0.6817653890824622,0.002757669769045157,4,0.2813829779624939
TRAIN,7744dc51,60,0,1,7,720,1280,1,0.80859375,10.0,0.9999545812606812,1,2647,0.0028721788194444446,1053,2.5137701804368473,0.722356495468278,34.4869663770306,305.753683415187,40.59495743287492,306.4410609037328,1,2629,0.7633689839572193,0.0,2,0.3435269594192505
TRAIN,7744dc51,60,1,2,7,720,1280,1,0.81640625,12.8125,0.9999972581863403,1,5133,0.005569661458333333,2270,2.2612334801762115,0.709647638098169,177.75004870446134,293.84180790960454,189.6391769822683,295.9310806289729,1,5004,0.7623435326842837,0.0,1,0.3828744888305664
TRAIN,7744dc51,60,2,3,7,720,1280,1,0.83203125,5.375,0.9953904151916504,1,6838,0.007419704861111111,1623,4.213185459026494,0.7347387480600104,459.26528224627083,260.01974261479967,469.0845627376426,261.01505703422055,1,6763,0.8798894263994471,0.0,1,0.30359724164009094
TRAIN,7744dc51,60,3,4,7,720,1280,1,0.8359375,9.75,0.9999417066574097,1,2497,0.0027094184027777776,3087,0.8088759313249109,0.9159727479182438,747.5294353223869,255.48738486183422,747.8740740740741,255.64756335282652,1,2014,0.8036785285885646,0.0007062146892655367,7,0.2898525297641754
TRAIN,7744dc51,60,4,5,7,720,1280,1,0.8203125,9.5625,0.999929666519165,1,3102,0.0033658854166666668,1057,2.934720908230842,0.8057851239669421,617.7749838813669,241.22727272727272,620.3759946949602,242.9290450928382,1,2604,0.8068397720075997,0.0017172295363480253,6,0.38879629969596863
TRAIN,7744dc51,60,5,6,7,720,1280,1,0.76171875,2.125,0.8933094143867493,1,3060,0.0033203125,801,3.8202247191011236,0.8205438066465257,617.018954248366,241.59869281045752,620.4625758597438,242.78792987188132,1,398,0.002028397565922921,0.8177150192554558,5,0.19329814612865448
TRAIN,7744dc51,60,6,7,7,720,1280,1,0.73828125,5.09375,0.9939024448394775,1,909,0.000986328125,907,1.0022050716648292,0.7933972310969116,781.1243124312431,261.8283828382838,781.9651612903226,263.39870967741933,1,337,0.35434782608695653,0.014226231783483692,4,0.2849602997303009
TRAIN,7744dc51,61,0,1,7,720,1280,1,0.78125,9.1875,0.9998977184295654,1,2551,0.0027680121527777777,1053,2.422602089268756,0.7229035465694399,31.952567620540965,303.31007448059586,34.4869663770306,305.753683415187,1,2231,0.7232432432432433,0.0,2,0.3777763247489929
TRAIN,7744dc51,61,1,2,7,720,1280,1,0.79296875,11.875,0.999993085861206,1,5462,0.005926649305555556,2270,2.406167400881057,0.722484148918875,174.16239472720616,292.1045404613695,177.75004870446134,293.84180790960454,1,6192,0.7598912715191785,0.0,1,0.3299765884876251
TRAIN,7744dc51,61,2,3,7,720,1280,1,0.85546875,5.875,0.9971990585327148,1,7034,0.007632378472222222,1623,4.333949476278496,0.7191721402899988,448.23642308785895,258.0361103212966,459.26528224627083,260.01974261479967,1,7281,0.8497221863289831,0.0,1,0.3090824484825134
TRAIN,7744dc51,61,3,4,7,720,1280,1,0.8359375,10.5,0.9999724626541138,1,2396,0.002599826388888889,3087,0.7761580822805313,0.754392255288634,748.0058430717863,251.12562604340567,747.5294353223869,255.48738486183422,1,1991,0.8135593220338984,0.007191521574564724,7,0.3500092029571533
TRAIN,7744dc51,61,4,5,7,720,1280,1,0.84375,9.75,0.9999417066574097,1,3162,0.003430989583333333,1057,2.9914853358561966,0.788692175899486,618.1312460468058,237.58633776091082,617.7749838813669,241.22727272727272,1,2663,0.8197438300531084,0.0,1,0.31378307938575745
TRAIN,7744dc51,61,5,6,7,720,1280,1,0.7890625,2.34375,0.9124361872673035,1,3143,0.003410373263888889,801,3.923845193508115,0.7979710144927536,617.1514476614699,238.01018135539294,617.018954248366,241.59869281045752,0,0,0.0,0.814375,5,0.20026572048664093
TRAIN,7744dc51,61,6,7,7,720,1280,1,0.6875,5.09375,0.9939024448394775,1,862,0.0009353298611111111,907,0.9503858875413451,0.7261208576998051,781.7993039443155,257.5951276102088,781.1243124312431,261.8283828382838,1,265,0.2821387940841866,0.0038705137227304713,4,0.3134305775165558
TRAIN,7744dc51,62,0,1,7,720,1280,1,0.77734375,8.75,0.999841570854187,1,2445,0.0026529947916666668,1053,2.321937321937322,0.5961661341853035,27.36237218813906,309.7104294478528,31.952567620540965,303.31007448059586,1,2478,0.7507112375533428,0.0,2,0.44135868549346924
TRAIN,7744dc51,62,1,2,7,720,1280,1,0.8125,12.125,0.9999946355819702,1,4739,0.005142144097222222,2270,2.0876651982378855,0.7013008672448299,169.93099810086517,294.3992403460646,174.16239472720616,292.1045404613695,1,4142,0.8172703089830161,0.0,1,0.38394269347190857
TRAIN,7744dc51,62,2,3,7,720,1280,1,0.859375,5.59375,0.996292769908905,1,7202,0.00781467013888889,1623,4.437461491065927,0.6522748375116063,440.38031102471535,264.6696750902527,448.23642308785895,258.0361103212966,1,6938,0.875829132395861,0.0,1,0.34871265292167664
TRAIN,7744dc51,62,3,4,7,720,1280,1,0.828125,9.8125,0.9999452829360962,1,2536,0.002751736111111111,3087,0.8215095562034338,0.6930998970133883,753.0354889589905,254.66522082018926,748.0058430717863,251.12562604340567,1,2172,0.8405003909304144,0.04417539267015707,7,0.37369638681411743
TRAIN,7744dc51,62,4,5,7,720,1280,1,0.8125,9.375,0.9999151229858398,1,2978,0.0032313368055555554,1057,2.8174077578051087,0.7735413056036973,618.67360644728,241.65245130960375,618.1312460468058,237.58633776091082,1,2617,0.8538767395626242,0.0,1,0.334157794713974
TRAIN,7744dc51,62,5,6,7,720,1280,1,0.73828125,2.34375,0.9124361872673035,1,3055,0.0033148871527777777,801,3.8139825218476906,0.7638019351166762,618.4873977086743,242.2618657937807,617.1514476614699,238.01018135539294,0,0,0.0,0.8332255979314803,5,0.17881835997104645
TRAIN,7744dc51,62,6,7,7,720,1280,1,0.6953125,4.6875,0.9908744096755981,1,709,0.0007693142361111111,907,0.7816979051819184,0.6381647549530761,784.1748942172073,261.2355430183357,781.7993039443155,257.5951276102088,1,655,0.5189309576837416,0.050692924872355945,4,0.3098938465118408
TRAIN,7744dc51,63,0,1,7,720,1280,1,0.765625,8.25,0.9997387528419495,1,2040,0.0022135416666666666,1053,1.9373219373219372,0.7685331230283912,26.13921568627451,309.73823529411766,27.36237218813906,309.7104294478528,1,1770,0.6925810750777432,0.0,2,0.4061860740184784
TRAIN,7744dc51,63,1,2,7,720,1280,1,0.81640625,11.9375,0.9999934434890747,1,5052,0.005481770833333333,2270,2.2255506607929516,0.6971745536488126,161.53582739509105,294.27870150435473,169.93099810086517,294.3992403460646,1,4187,0.7967716841695838,0.0,1,0.37958824634552
TRAIN,7744dc51,63,2,3,7,720,1280,1,0.875,5.5,0.9959298968315125,1,7409,0.00803927951388889,1623,4.5650030807147255,0.625250278086763,421.7681198542313,263.4597111621001,440.38031102471535,264.6696750902527,1,8000,0.8522658973434307,0.0,1,0.31562137603759766
TRAIN,7744dc51,63,3,4,7,720,1280,1,0.7734375,10.625,0.9999756813049316,1,2564,0.0027821180555555555,3087,0.8305798509880142,0.7647058823529411,748.3970358814353,253.38182527301092,753.0354889589905,254.66522082018926,1,2056,0.7776067718353212,0.1077726975832789,7,0.30045679211616516
TRAIN,7744dc51,63,4,5,7,720,1280,1,0.8203125,9.4375,0.9999203681945801,1,3180,0.0034505208333333332,1057,3.0085146641438034,0.83492252681764,616.4116352201257,240.5940251572327,618.67360644728,241.65245130960375,1,2316,0.721265267773254,0.0,1,0.3635900914669037
TRAIN,7744dc51,63,5,6,7,720,1280,1,0.77734375,2.65625,0.9343951344490051,1,2986,0.003240017361111111,801,3.727840199750312,0.8256270776669689,615.8559946416611,240.55760214333557,618.4873977086743,242.2618657937807,0,0,0.0,0.7498349834983499,5,0.19490265846252441
TRAIN,7744dc51,63,6,7,7,720,1280,1,0.7109375,4.1875,0.985042929649353,1,737,0.0007996961805555556,907,0.8125689084895259,0.7255369928400954,782.7028493894165,259.12211668928086,784.1748942172073,261.2355430183357,1,828,0.4722483537158984,0.005037783375314861,4,0.2701733112335205
TRAIN,7744dc51,64,0,1,7,720,1280,1,0.75390625,7.5,0.9994471669197083,1,1263,0.0013704427083333333,1053,1.1994301994301995,0.5186206896551724,16.71575613618369,314.3016627078385,26.13921568627451,309.73823529411766,1,1476,0.711875,0.0,2,0.36789077520370483
TRAIN,7744dc51,64,1,2,7,720,1280,1,0.80859375,11.375,0.9999885559082031,1,5211,0.005654296875,2270,2.2955947136563877,0.7430366847826086,154.55497985031664,297.72097486087125,161.53582739509105,294.27870150435473,1,3997,0.7565814574589851,0.0,1,0.3624739348888397
TRAIN,7744dc51,64,2,3,7,720,1280,1,0.84765625,5.6875,0.9966233968734741,1,7595,0.008241102430555555,1623,4.679605668515095,0.6672963662629181,407.16063199473336,266.84331797235023,421.7681198542313,263.4597111621001,1,7409,0.8505180069067587,0.0,1,0.32564738392829895
TRAIN,7744dc51,64,3,4,7,720,1280,1,0.74609375,10.5,0.9999724626541138,1,2500,0.002712673611111111,3087,0.8098477486232588,0.8014941302027748,750.8348,256.6788,748.3970358814353,253.38182527301092,1,1693,0.675189772273272,0.15395189003436427,7,0.28717249631881714
TRAIN,7744dc51,64,4,5,7,720,1280,1,0.828125,9.0625,0.9998840093612671,1,2739,0.0029720052083333334,1057,2.5912961210974457,0.7985414767547858,614.6235852500913,242.86929536327128,616.4116352201257,240.5940251572327,1,2161,0.778584392014519,0.0,1,0.3717556893825531
TRAIN,7744dc51,64,5,6,7,720,1280,1,0.73828125,2.765625,0.9407896995544434,1,2801,0.0030392795138888887,801,3.4968789013732833,0.7828096118299446,613.4077115315959,243.54337736522672,615.8559946416611,240.55760214333557,0,0,0.0,0.7664649341402634,5,0.19649535417556763
TRAIN,7744dc51,64,6,7,7,720,1280,1,0.47265625,1.5703125,0.8278281688690186,1,538,0.0005837673611111111,907,0.5931642778390298,0.3709677419354839,776.4758364312268,265.1561338289963,782.7028493894165,259.12211668928086,1,858,0.38492063492063494,0.0022461814914645105,4,0.23607435822486877
TRAIN,7744dc51,65,0,1,7,720,1280,1,0.8359375,6.59375,0.9986329674720764,1,1297,0.0014073350694444443,1053,1.2317188983855651,0.8040873854827343,15.373939861218195,314.1696222050887,16.71575613618369,314.3016627078385,1,1126,0.7245551601423488,0.0,2,0.4367936849594116
TRAIN,7744dc51,65,1,2,7,720,1280,1,0.81640625,11.625,0.9999910593032837,1,5411,0.005871310763888889,2270,2.383700440528634,0.8608969866853539,155.17667713916097,298.93106634633153,154.55497985031664,297.72097486087125,1,4493,0.7883712531599856,0.0,1,0.3914431929588318
TRAIN,7744dc51,65,2,3,7,720,1280,1,0.86328125,6.1875,0.9979493021965027,1,6840,0.007421875,1623,4.214417744916821,0.7219372539663604,398.53976608187133,266.27207602339183,407.16063199473336,266.84331797235023,1,7032,0.8575254418853776,0.0,1,0.331809401512146
TRAIN,7744dc51,65,3,4,7,720,1280,1,0.78515625,9.5625,0.999929666519165,1,2351,0.0025509982638888887,3087,0.7615808228053126,0.8381962864721485,752.2620161633348,256.0114844746916,750.8348,256.6788,1,1963,0.8072894847088395,0.02089864158829676,7,0.3153339624404907
TRAIN,7744dc51,65,4,5,7,720,1280,1,0.81640625,9.5625,0.999929666519165,1,2884,0.0031293402777777778,1057,2.728476821192053,0.8831212324179505,613.6022884882108,243.90291262135923,614.6235852500913,242.86929536327128,1,2188,0.7352035579883681,0.0,1,0.40137213468551636
TRAIN,7744dc51,65,5,6,7,720,1280,1,0.65625,2.890625,0.9473810195922852,1,2682,0.00291015625,801,3.348314606741573,0.8700545702592087,613.228187919463,244.086129753915,613.4077115315959,243.54337736522672,0,0,0.0,0.7793204238217026,5,0.19231007993221283
TRAIN,7744dc51,65,6,7,7,720,1280,1,0.59375,0.72265625,0.6731916666030884,1,600,0.0006510416666666666,907,0.6615214994487321,0.0,711.1083333333333,260.0366666666667,776.4758364312268,265.1561338289963,1,580,0.7076700434153401,0.016660055533518445,4,0.2797566056251526
TRAIN,7744dc51,66,0,1,7,720,1280,1,0.76953125,5.5625,0.9961755275726318,1,805,0.0008734809027777778,1053,0.7644824311490979,0.610727969348659,11.294409937888199,314.04347826086956,15.373939861218195,314.1696222050887,1,869,0.7621052631578947,0.0,2,0.46329256892204285
TRAIN,7744dc51,66,1,2,7,720,1280,1,0.7890625,11.125,0.9999852180480957,1,5378,0.005835503472222222,2270,2.3691629955947135,0.811146550276985,150.74544440312383,300.47712904425435,155.17667713916097,298.93106634633153,1,4407,0.7598920863309353,0.0,1,0.3057478070259094
TRAIN,7744dc51,66,2,3,7,720,1280,1,0.87109375,6.40625,0.9983515739440918,1,7341,0.007965494791666666,1623,4.523105360443623,0.6266345492085341,381.96240294237845,268.4638332652227,398.53976608187133,266.27207602339183,1,6732,0.8551278671236489,0.0,1,0.3722899854183197
TRAIN,7744dc51,66,3,4,7,720,1280,1,0.796875,9.9375,0.9999517202377319,1,3237,0.0035123697916666667,3087,1.0485908649173956,0.6953883495145631,741.8427556379363,256.1368551127587,752.2620161633348,256.0114844746916,1,1882,0.5736243467568398,0.20924787825577992,7,0.32766324281692505
TRAIN,7744dc51,66,4,5,7,720,1280,1,0.82421875,9.0625,0.9998840093612671,1,2464,0.002673611111111111,1057,2.3311258278145695,0.7638522427440633,609.1594967532468,242.5056818181818,613.6022884882108,243.90291262135923,1,2369,0.782736997417927,0.0,1,0.37035271525382996
TRAIN,7744dc51,66,5,6,7,720,1280,1,0.74609375,2.90625,0.9481545686721802,1,2499,0.002711588541666667,801,3.1198501872659175,0.7865517241379311,608.1576630652261,243.20608243297318,613.228187919463,244.086129753915,0,0,0.0,0.8056379821958457,5,0.1640627533197403
TRAIN,7744dc51,66,6,7,7,720,1280,1,0.4609375,0.921875,0.7154240012168884,1,587,0.0006369357638888889,907,0.6471885336273429,0.601889338731444,705.6916524701874,259.3679727427598,711.1083333333333,260.0366666666667,1,895,0.4849699398797595,0.0,1,0.2758854925632477
TRAIN,7744dc51,67,0,1,7,720,1280,1,0.640625,5.625,0.9964063763618469,1,630,0.00068359375,1053,0.5982905982905983,0.6456422018348624,11.739682539682539,312.53809523809525,11.294409937888199,314.04347826086956,1,576,0.6363636363636364,0.0,2,0.4889039993286133
TRAIN,7744dc51,67,1,2,7,720,1280,1,0.79296875,11.5625,0.9999904632568359,1,4677,0.005074869791666666,2270,2.060352422907489,0.6694338369583264,149.8811203763096,299.57280307889675,150.74544440312383,300.47712904425435,1,3966,0.807780798996026,0.0,1,0.3949041962623596
TRAIN,7744dc51,67,2,3,7,720,1280,1,0.875,7.46875,0.9994296431541443,1,7201,0.007813585069444445,1623,4.436845348120764,0.764591675767504,377.41966393556453,266.52034439661156,381.96240294237845,268.4638332652227,1,6682,0.8434470853804276,0.0,1,0.39628756046295166
TRAIN,7744dc51,67,3,4,7,720,1280,1,0.765625,10.125,0.9999599456787109,1,2004,0.0021744791666666666,3087,0.6491739552964043,0.3803002370292336,765.5279441117765,247.45009980039922,741.8427556379363,256.1368551127587,1,2042,0.7387193811774817,0.001015916017609211,7,0.3704249858856201
TRAIN,7744dc51,67,4,5,7,720,1280,1,0.78125,9.4375,0.9999203681945801,1,2284,0.0024782986111111112,1057,2.160832544938505,0.7334793720335889,611.4373905429072,239.4877408056042,609.1594967532468,242.5056818181818,1,2076,0.8785006462731582,0.0,1,0.4250187575817108
TRAIN,7744dc51,67,5,6,7,720,1280,1,0.73828125,3.03125,0.9539660811424255,1,2343,0.0025423177083333335,801,2.9250936329588013,0.7398490837226015,610.4272300469484,240.247119078105,608.1576630652261,243.20608243297318,0,0,0.0,0.8621997471554994,5,0.21123731136322021
TRAIN,7744dc51,67,6,7,7,720,1280,1,0.65234375,2.84375,0.9449946880340576,1,1134,0.00123046875,907,1.2502756339581036,0.45847457627118643,714.3386243386243,258.37566137566137,705.6916524701874,259.3679727427598,1,952,0.6595067621320605,0.014372404982433726,4,0.35135719180107117
TRAIN,7744dc51,68,0,1,7,720,1280,1,0.67578125,6.6875,0.9987550973892212,1,602,0.0006532118055555555,1053,0.5716999050332384,0.7401129943502824,9.704318936877076,309.22093023255815,11.739682539682539,312.53809523809525,1,325,0.5398671096345515,0.0,2,0.5267384052276611
TRAIN,7744dc51,68,1,2,7,720,1280,1,0.7734375,11.375,0.9999885559082031,1,5365,0.005821397569444445,2270,2.3634361233480177,0.7537548026545582,148.92339235787512,295.47604846225533,149.8811203763096,299.57280307889675,1,3972,0.7119545287862119,0.0,1,0.3274126350879669
TRAIN,7744dc51,68,2,3,7,720,1280,1,0.890625,7.84375,0.9996079802513123,1,6800,0.007378472222222222,1623,4.18977202711029,0.6671826625386997,370.1472058823529,259.30426470588236,377.41966393556453,266.52034439661156,1,6790,0.8624092092640812,0.0,1,0.389010488986969
TRAIN,7744dc51,68,3,4,7,720,1280,1,0.7578125,9.625,0.9999339580535889,1,2038,0.002211371527777778,3087,0.6601878846776806,0.6806652806652806,769.3218842001962,242.62414131501473,765.5279441117765,247.45009980039922,1,1983,0.7752759381898455,0.0011806375442739079,7,0.32352790236473083
TRAIN,7744dc51,68,4,5,7,720,1280,1,0.77734375,8.5625,0.9998089671134949,1,2206,0.0023936631944444444,1057,2.087038789025544,0.6543846720707442,605.2470534904805,234.70036264732548,611.4373905429072,239.4877408056042,1,1889,0.7285774588433939,0.0,1,0.3631441295146942
TRAIN,7744dc51,68,5,6,7,720,1280,1,0.71484375,3.015625,0.9532750844955444,1,2260,0.0024522569444444444,801,2.82147315855181,0.6793141189346954,604.0942477876106,236.78097345132744,610.4272300469484,240.247119078105,0,0,0.0,0.7330827067669173,5,0.16423054039478302
TRAIN,7744dc51,68,6,7,7,720,1280,1,0.6875,4.4375,0.9883127808570862,1,1450,0.0015733506944444445,907,1.5986769570011026,0.5191064079952968,710.6193103448276,252.1855172413793,714.3386243386243,258.37566137566137,1,1354,0.6850961538461539,0.010895170789163721,4,0.455078661441803
TRAIN,7744dc51,69,0,1,7,720,1280,1,0.68359375,0.5625,0.637030839920044,1,366,0.0003971354166666667,1053,0.3475783475783476,0.32421340629274964,2.9672131147540983,313.0163934426229,9.704318936877076,309.22093023255815,0,0,0.0,0.0,2,0.31764933466911316
TRAIN,7744dc51,69,1,2,7,720,1280,1,0.76171875,11.5,0.9999898672103882,1,4744,0.005147569444444444,2270,2.0898678414096916,0.7888869226685542,147.66505059021924,293.44456155143337,148.92339235787512,295.47604846225533,1,4127,0.8008526187576127,0.0,1,0.3392431139945984
TRAIN,7744dc51,69,2,3,7,720,1280,1,0.875,8.375,0.9997695088386536,1,6380,0.006922743055555555,1623,3.9309919901417127,0.7658092175777064,360.8459247648903,259.0879310344828,370.1472058823529,259.30426470588236,1,6304,0.8603696098562629,0.0,1,0.4032559096813202
TRAIN,7744dc51,69,3,4,7,720,1280,1,0.78515625,9.625,0.9999339580535889,1,1808,0.0019618055555555556,3087,0.5856818918043408,0.7002652519893899,775.3152654867257,239.19579646017698,769.3218842001962,242.62414131501473,1,2188,0.6263736263736264,0.0,1,0.28396469354629517
TRAIN,7744dc51,69,4,5,7,720,1280,1,0.796875,9.125,0.9998910427093506,1,2732,0.002964409722222222,1057,2.584673604541154,0.6910958904109589,596.9593704245974,232.43814055636895,605.2470534904805,234.70036264732548,1,2127,0.6824792243767313,0.0,1,0.2896043062210083
TRAIN,7744dc51,69,5,6,7,720,1280,1,0.6328125,3.484375,0.9702399373054504,1,1999,0.0021690538194444444,801,2.495630461922597,0.7263883259019052,610.8039019509755,236.84292146073037,604.0942477876106,236.78097345132744,0,0,0.0,0.48953068592057764,5,0.19647066295146942
TRAIN,7744dc51,69,6,7,7,720,1280,1,0.67578125,5.78125,0.9969245791435242,1,1342,0.0014561631944444444,907,1.4796030871003307,0.6982968369829684,704.2287630402385,249.70864381520119,710.6193103448276,252.1855172413793,1,986,0.5912508544087491,0.006271379703534778,4,0.3881278932094574
TRAIN,7744dc51,70,0,1,7,720,1280,1,0.703125,3.265625,0.963230550289154,1,475,0.0005154079861111111,1053,0.45109211775878444,0.734020618556701,3.7936842105263158,315.6063157894737,2.9672131147540983,313.0163934426229,0,0,0.0,0.0,2,0.35036125779151917
TRAIN,7744dc51,70,1,2,7,720,1280,1,0.7734375,11.3125,0.9999877214431763,1,4636,0.005030381944444444,2270,2.0422907488986786,0.7578710644677661,149.01143226919757,289.1227351164797,147.66505059021924,293.44456155143337,1,3723,0.7052223582211342,0.0,1,0.38315457105636597
TRAIN,7744dc51,70,2,3,7,720,1280,1,0.8671875,8.5625,0.9998089671134949,1,5974,0.006482204861111111,1623,3.680837954405422,0.7558271745309835,353.58202209574824,260.5629394040844,360.8459247648903,259.0879310344828,1,5765,0.8216945996275605,0.0,1,0.434236615896225
TRAIN,7744dc51,70,3,4,7,720,1280,1,0.78125,9.4375,0.9999203681945801,1,1961,0.0021278211805555555,3087,0.6352445740200843,0.7728127939793038,777.9627740948496,240.9377868434472,775.3152654867257,239.19579646017698,1,2262,0.7264922322158627,0.0,1,0.31259986758232117
TRAIN,7744dc51,70,4,5,7,720,1280,1,0.65625,9.0625,0.9998840093612671,1,2460,0.0026692708333333334,1057,2.327341532639546,0.7714090754008871,596.2987804878048,233.140243902439,596.9593704245974,232.43814055636895,1,2031,0.7319706903200925,0.0,1,0.2913718819618225
TRAIN,7744dc51,70,5,6,7,720,1280,1,0.44140625,3.90625,0.9802808165550232,1,1953,0.002119140625,801,2.438202247191011,0.6605042016806723,605.7091653865847,234.49769585253455,610.8039019509755,236.84292146073037,0,0,0.0,0.5936,5,0.20144790410995483
TRAIN,7744dc51,70,6,7,7,720,1280,1,0.59765625,5.625,0.9964063763618469,1,1549,0.0016807725694444444,907,1.7078280044101433,0.6557846506300115,697.8424790187217,248.60426081342803,704.2287630402385,249.70864381520119,1,618,0.34847542003733667,0.0,1,0.2815684676170349
TRAIN,7744dc51,71,0,1,7,720,1280,1,0.78125,4.84375,0.9921841025352478,1,778,0.0008441840277777778,1053,0.7388414055080722,0.5982142857142857,6.410025706940874,314.94087403598974,3.7936842105263158,315.6063157894737,1,448,0.48426150121065376,0.0,2,0.3909110426902771
TRAIN,7744dc51,71,1,2,7,720,1280,1,0.79296875,10.75,0.9999785423278809,1,4245,0.004606119791666667,2270,1.8700440528634361,0.6446296296296297,156.36537102473497,293.74935217903413,149.01143226919757,289.1227351164797,1,3002,0.6999765423410743,0.0,1,0.35714906454086304
TRAIN,7744dc51,71,2,3,7,720,1280,1,0.87890625,8.375,0.9997695088386536,1,5511,0.005979817708333333,1623,3.3955637707948245,0.7808962629865095,350.0430048992923,263.03610959898384,353.58202209574824,260.5629394040844,1,5935,0.7873204247345409,0.0,1,0.3669719398021698
TRAIN,7744dc51,71,3,4,7,720,1280,1,0.8515625,8.875,0.9998601675033569,1,2318,0.002515190972222222,3087,0.7508908325234855,0.6056285178236398,783.0176876617774,244.6669542709232,777.9627740948496,240.9377868434472,1,1958,0.8065061258977608,0.0,1,0.25662216544151306
TRAIN,7744dc51,71,4,5,7,720,1280,1,0.703125,9.1875,0.9998977184295654,1,1444,0.0015668402777777777,1057,1.3661305581835383,0.5073359073359074,617.606648199446,233.99168975069253,596.2987804878048,233.140243902439,1,2171,0.37348024316109424,0.0,1,0.3384535014629364
TRAIN,7744dc51,71,5,6,7,720,1280,1,0.54296875,4.25,0.9859364032745361,1,1332,0.0014453125,801,1.6629213483146068,0.08094768015794669,561.4271771771772,233.37387387387386,605.7091653865847,234.49769585253455,1,185,0.0,0.46937919463087246,5,0.1624697595834732
TRAIN,7744dc51,71,6,7,7,720,1280,1,0.66015625,5.5625,0.9961755275726318,1,1405,0.0015245225694444444,907,1.5490628445424477,0.7468953282081608,697.5879003558719,247.98932384341637,697.8424790187217,248.60426081342803,1,882,0.6060393258426966,0.0,1,0.34224584698677063
TRAIN,7744dc51,72,0,1,7,720,1280,1,0.7421875,5.96875,0.9974491000175476,1,696,0.0007552083333333333,1053,0.6609686609686609,0.6617812852311161,7.790229885057471,318.5028735632184,6.410025706940874,314.94087403598974,1,529,0.6420911528150134,0.0,2,0.38241222500801086
TRAIN,7744dc51,72,1,2,7,720,1280,1,0.78515625,11.5625,0.9999904632568359,1,3344,0.003628472222222222,2270,1.4731277533039648,0.6243578767123288,162.8409090909091,300.813995215311,156.36537102473497,293.74935217903413,1,2874,0.7816618911174785,0.0,1,0.3422574996948242
TRAIN,7744dc51,72,2,3,7,720,1280,1,0.86328125,8.3125,0.9997546076774597,1,5198,0.005640190972222223,1623,3.2027110289587184,0.702543720190779,342.6721816083109,266.032127741439,350.0430048992923,263.03610959898384,1,5318,0.8241110147441457,0.0,1,0.37420228123664856
TRAIN,7744dc51,72,3,4,7,720,1280,1,0.7890625,8.5,0.9997965693473816,1,1914,0.0020768229166666665,3087,0.620019436345967,0.6060721062618596,792.5219435736677,243.76227795193313,783.0176876617774,244.6669542709232,1,1902,0.6584093872229465,0.0,1,0.29894453287124634
TRAIN,7744dc51,72,4,5,7,720,1280,1,0.6015625,8.6875,0.9998313188552856,1,1830,0.0019856770833333332,1057,1.7313150425733208,0.5143385753931545,602.6409836065574,235.20218579234972,617.606648199446,233.99168975069253,1,1787,0.6018600531443755,0.0008130081300813008,6,0.36315077543258667
TRAIN,7744dc51,72,5,6,7,720,1280,1,0.4375,4.65625,0.9905874133110046,1,1079,0.0011707899305555556,801,1.3470661672908864,0.6202956989247311,565.7488415199258,234.2863762743281,561.4271771771772,233.37387387387386,1,632,0.013625592417061612,0.4826694257630626,5,0.2328042834997177
TRAIN,7744dc51,72,6,7,7,720,1280,1,0.478515625,5.03125,0.9935117363929749,1,838,0.0009092881944444444,907,0.9239250275633958,0.24059734513274336,702.0775656324582,258.0417661097852,697.5879003558719,247.98932384341637,1,1340,0.3176043557168784,0.0,1,0.3341476023197174
TRAIN,7744dc51,73,0,1,7,720,1280,1,0.640625,4.875,0.9924227595329285,1,842,0.0009136284722222223,1053,0.7996201329534662,0.583934088568486,9.31710213776722,328.79453681710214,7.790229885057471,318.5028735632184,1,457,0.513986013986014,0.0,2,0.39142391085624695
TRAIN,7744dc51,73,1,2,7,720,1280,1,0.76171875,10.8125,0.9999798536300659,1,3025,0.0032823350694444445,2270,1.3325991189427313,0.6907353331563578,169.08198347107438,304.6125619834711,162.8409090909091,300.813995215311,1,2718,0.758420085731782,0.0,1,0.3737407624721527
TRAIN,7744dc51,73,2,3,7,720,1280,1,0.875,8.875,0.9998601675033569,1,5633,0.006112196180555555,1623,3.4707332101047443,0.735459061047909,339.60997692171134,271.6169004083082,342.6721816083109,266.032127741439,1,5231,0.8724577731816615,0.0,1,0.32736736536026
TRAIN,7744dc51,73,3,4,7,720,1280,1,0.74609375,8.8125,0.9998511075973511,1,1609,0.001745876736111111,3087,0.5212180110139294,0.6986499517839923,797.4599129894344,243.95214418893724,792.5219435736677,243.76227795193313,1,1969,0.7243373493975903,0.0,1,0.26979196071624756
TRAIN,7744dc51,73,4,5,7,720,1280,1,0.73828125,7.71875,0.999555766582489,1,2086,0.002263454861111111,1057,1.9735099337748345,0.336518771331058,579.3672099712368,235.68216682646212,602.6409836065574,235.20218579234972,1,1675,0.7648991083998123,0.0,1,0.43086421489715576
TRAIN,7744dc51,73,5,6,7,720,1280,1,0.53125,4.5625,0.9896718263626099,1,1573,0.0017068142361111112,801,1.9637952559300873,0.5795116140559857,570.5193897012078,237.01907183725365,565.7488415199258,234.2863762743281,1,1221,0.0,0.7167019027484144,5,0.22309976816177368
TRAIN,7744dc51,73,6,7,7,720,1280,1,0.61328125,5.03125,0.9935117363929749,1,1004,0.0010894097222222223,907,1.1069459757442117,0.23541247484909456,677.3157370517928,260.7061752988048,702.0775656324582,258.0417661097852,1,1548,0.4296918767507003,0.0,1,0.28361645340919495
TRAIN,7744dc51,74,0,1,7,720,1280,1,0.431640625,3.4375,0.9688562154769897,1,517,0.0005609809027777778,1053,0.49097815764482433,0.5252525252525253,4.95357833655706,329.52998065764024,9.31710213776722,328.79453681710214,1,212,0.25257731958762886,0.0,2,0.3452267646789551
TRAIN,7744dc51,74,1,2,7,720,1280,1,0.765625,10.4375,0.9999706745147705,1,3629,0.003937717013888889,2270,1.5986784140969164,0.7427972760607648,170.96527969137503,306.9220170845963,169.08198347107438,304.6125619834711,1,2746,0.686061888389315,0.0,1,0.3346129059791565
TRAIN,7744dc51,74,2,3,7,720,1280,1,0.86328125,9.5625,0.999929666519165,1,5327,0.005780164930555555,1623,3.282193468884781,0.7821138211382114,338.2611225830674,273.4546649145861,339.60997692171134,271.6169004083082,1,5235,0.8641016590187081,0.0,1,0.25451013445854187
TRAIN,7744dc51,74,3,4,7,720,1280,1,0.7890625,8.9375,0.999868631362915,1,2013,0.002184244791666667,3087,0.652089407191448,0.6478616924476797,798.5007451564828,250.37903626428218,797.4599129894344,243.95214418893724,1,1602,0.7922657411998016,0.0,1,0.2162097841501236
TRAIN,7744dc51,74,4,5,7,720,1280,1,0.78515625,7.8125,0.999595582485199,1,1860,0.002018229166666667,1057,1.759697256385998,0.7201394943330427,576.9327956989247,237.68225806451613,579.3672099712368,235.68216682646212,1,1548,0.7759249609171444,0.00032206119162640903,6,0.4044445753097534
TRAIN,7744dc51,74,5,6,7,720,1280,1,0.54296875,4.90625,0.9926542043685913,1,1626,0.0017643229166666666,801,2.0299625468164795,0.756727073036793,573.4729397293972,238.04858548585486,570.5193897012078,237.01907183725365,1,1246,0.00034831069313827936,0.7545605306799337,5,0.21244290471076965
TRAIN,7744dc51,74,6,7,7,720,1280,1,0.49609375,4.90625,0.9926542043685913,1,711,0.000771484375,907,0.7839029768467475,0.42441860465116277,685.2320675105485,263.3544303797468,677.3157370517928,260.7061752988048,1,391,0.23404255319148937,0.0,1,0.29836228489875793
TRAIN,7744dc51,75,0,1,7,720,1280,1,0.671875,3.953125,0.9811668992042542,1,467,0.0005067274305555555,1053,0.44349477682811017,0.6791808873720137,4.06423982869379,322.5524625267666,4.95357833655706,329.52998065764024,1,249,0.43775100401606426,0.0,2,0.4319123923778534
TRAIN,7744dc51,75,1,2,7,720,1280,1,0.78515625,10.875,0.9999810457229614,1,3531,0.0038313802083333333,2270,1.5555066079295155,0.5663968497046599,179.76408949306145,305.2752761257434,170.96527969137503,306.9220170845963,1,2653,0.6329548455241616,0.0,1,0.3441246747970581
TRAIN,7744dc51,75,2,3,7,720,1280,1,0.87109375,9.3125,0.9999097585678101,1,5222,0.005666232638888889,1623,3.2174984596426373,0.7900899372136433,340.7227116047491,271.32688625047876,338.2611225830674,273.4546649145861,1,5271,0.8578257790368272,0.0,1,0.2764188349246979
TRAIN,7744dc51,75,3,4,7,720,1280,1,0.84765625,7.8125,0.999595582485199,1,1970,0.0021375868055555558,3087,0.638160025915128,0.6060483870967742,807.1218274111675,248.18984771573605,798.5007451564828,250.37903626428218,1,1726,0.8676099039919151,0.0,1,0.2570902407169342
TRAIN,7744dc51,75,4,5,7,720,1280,1,0.80859375,6.6875,0.9987550973892212,1,1748,0.001896701388888889,1057,1.653736991485336,0.5929359823399558,577.8409610983982,234.90446224256294,576.9327956989247,237.68225806451613,1,1608,0.7616797900262468,0.0,1,0.3564348518848419
TRAIN,7744dc51,75,5,6,7,720,1280,1,0.51953125,4.71875,0.9911527037620544,1,1544,0.0016753472222222222,801,1.9275905118601748,0.6390899689762151,577.2059585492228,235.73056994818654,573.4729397293972,238.04858548585486,1,2110,0.0,0.7589285714285714,5,0.1791875958442688
TRAIN,7744dc51,75,6,7,7,720,1280,1,0.65625,4.78125,0.9916841983795166,1,1427,0.0015483940972222223,907,1.5733186328555677,0.4603825136612022,672.489138051857,261.510161177295,685.2320675105485,263.3544303797468,1,797,0.5509065550906556,0.0,1,0.31465017795562744
TRAIN,7744dc51,76,0,1,7,720,1280,1,0.80078125,4.90625,0.9926542043685913,1,747,0.000810546875,1053,0.7094017094017094,0.6143617021276596,6.123159303882195,325.0240963855422,4.06423982869379,322.5524625267666,1,420,0.556,0.0,2,0.4211331605911255
TRAIN,7744dc51,76,1,2,7,720,1280,1,0.78515625,10.375,0.9999687671661377,1,3151,0.0034190538194444446,2270,1.3881057268722468,0.5169125993189557,189.43287845128532,304.4398603617899,179.76408949306145,305.2752761257434,1,2963,0.7389078498293515,0.0,1,0.31928515434265137
TRAIN,7744dc51,76,2,3,7,720,1280,1,0.86328125,9.9375,0.9999517202377319,1,4865,0.0052788628472222225,1623,2.9975354282193467,0.7460619698805608,341.927852004111,270.42384378211716,340.7227116047491,271.32688625047876,1,5258,0.8523330283623056,0.0,1,0.277568519115448
TRAIN,7744dc51,76,3,4,7,720,1280,1,0.83984375,7.6875,0.9995417594909668,1,2044,0.0022178819444444446,3087,0.6621315192743764,0.5320610687022901,817.4745596868885,247.7950097847358,807.1218274111675,248.18984771573605,1,1673,0.8167155425219942,0.0,1,0.23561310768127441
TRAIN,7744dc51,76,4,5,7,720,1280,1,0.80078125,6.21875,0.9980121850967407,1,1799,0.0019520399305555556,1057,1.7019867549668874,0.7160135462022255,586.2534741523068,234.93162868260146,577.8409610983982,234.90446224256294,1,1296,0.6958904109589041,0.0024021138601969735,6,0.34326618909835815
TRAIN,7744dc51,76,5,6,7,720,1280,1,0.4609375,4.59375,0.9899863600730896,1,1631,0.0017697482638888888,801,2.0362047440699125,0.7162162162162162,585.5953402820355,235.18516247700796,577.2059585492228,235.73056994818654,1,2374,0.002754131196795193,0.7485065710872163,5,0.1845923364162445
TRAIN,7744dc51,76,6,7,7,720,1280,1,0.67578125,4.625,0.9902915358543396,1,1136,0.0012326388888888888,907,1.2524807056229328,0.6839684625492772,670.0906690140845,260.53257042253523,672.489138051857,261.510161177295,1,482,0.4131004366812227,0.0,1,0.3357073664665222
TRAIN,7744dc51,77,0,1,7,720,1280,1,0.703125,5.28125,0.9949396848678589,1,754,0.0008181423611111111,1053,0.7160493827160493,0.8599752168525403,6.254641909814324,322.5610079575597,6.123159303882195,325.0240963855422,1,297,0.3920529801324503,0.0,2,0.403521865606308
TRAIN,7744dc51,77,1,2,7,720,1280,1,0.79296875,10.4375,0.9999706745147705,1,3022,0.003279079861111111,2270,1.3312775330396476,0.6688294133549608,193.92389146260754,303.5360688285903,189.43287845128532,304.4398603617899,1,2932,0.7584170112226817,0.0,1,0.3519012928009033
TRAIN,7744dc51,77,2,3,7,720,1280,1,0.859375,9.9375,0.9999517202377319,1,4859,0.005272352430555556,1623,2.9938385705483674,0.777046783625731,338.28524387734103,267.82815394114016,341.927852004111,270.42384378211716,1,4790,0.816111424807077,0.0,1,0.32665637135505676
TRAIN,7744dc51,77,3,4,7,720,1280,1,0.84375,6.90625,0.9989995360374451,1,2003,0.0021733940972222224,3087,0.6488500161969549,0.7243289305496379,821.8946580129806,244.85072391412882,817.4745596868885,247.7950097847358,1,1406,0.6960199004975124,0.0,1,0.28827184438705444
TRAIN,7744dc51,77,4,5,7,720,1280,1,0.74609375,5.5625,0.9961755275726318,1,2304,0.0025,1057,2.1797540208136237,0.7031963470319634,589.7595486111111,236.52126736111111,586.2534741523068,234.93162868260146,1,1876,0.7901498929336188,0.0155053974484789,6,0.38736769556999207
TRAIN,7744dc51,77,5,6,7,720,1280,1,0.359375,3.953125,0.9811668992042542,1,2121,0.0023014322916666665,801,2.647940074906367,0.7187356848373797,589.5247524752475,236.2008486562942,585.5953402820355,235.18516247700796,1,2870,0.008690379951495554,0.8251141552511415,5,0.2130134403705597
TRAIN,7744dc51,77,6,7,7,720,1280,1,0.71484375,4.0625,0.9830850958824158,1,1107,0.001201171875,907,1.2205071664829108,0.6814092953523239,667.6919602529358,260.2800361336947,670.0906690140845,260.53257042253523,1,410,0.37037037037037035,0.0,1,0.3783872425556183
TRAIN,7744dc51,78,0,1,7,720,1280,1,6.635317295611287e-17,-1.7109375,0.15304215252399445,0,0,0.0,1053,0.0,0.0,,,6.254641909814324,322.5610079575597,0,0,,0.0,2,
TRAIN,7744dc51,78,1,2,7,720,1280,1,0.765625,10.5625,0.9999741315841675,1,2960,0.0032118055555555554,2270,1.303964757709251,0.5144303797468355,185.87939189189188,306.11554054054056,193.92389146260754,303.5360688285903,1,2560,0.8181818181818182,0.0,1,0.3579804301261902
TRAIN,7744dc51,78,2,3,7,720,1280,1,0.859375,10.8125,0.9999798536300659,1,5204,0.005646701388888889,1623,3.206407886629698,0.5698907956318253,323.34877017678707,270.2154112221368,338.28524387734103,267.82815394114016,1,5294,0.8427242408285063,0.0,1,0.27828121185302734
TRAIN,7744dc51,78,3,4,7,720,1280,1,0.87109375,6.96875,0.9990600943565369,1,2094,0.0022721354166666667,3087,0.6783284742468416,0.67156262749898,815.8892072588347,246.95081184336198,821.8946580129806,244.85072391412882,1,1539,0.7308242020009529,0.0,1,0.26484495401382446
TRAIN,7744dc51,78,4,5,7,720,1280,1,0.81640625,6.84375,0.9989350438117981,1,2890,0.0031358506944444446,1057,2.7341532639545885,0.5307987032124963,579.4636678200692,241.15432525951556,589.7595486111111,236.52126736111111,1,2179,0.7212224108658744,0.0,1,0.31490278244018555
TRAIN,7744dc51,78,5,6,7,720,1280,1,0.60546875,4.96875,0.9930961728096008,1,2400,0.0026041666666666665,801,2.9962546816479403,0.46642880311385015,578.24,242.38916666666665,589.5247524752475,236.2008486562942,1,2530,0.0,0.7169103862017248,5,0.14850233495235443
TRAIN,7744dc51,78,6,7,7,720,1280,1,0.69140625,3.6875,0.9755768775939941,1,1092,0.0011848958333333334,907,1.2039691289966923,0.5842939481268011,658.8717948717949,261.49175824175825,667.6919602529358,260.2800361336947,1,383,0.3372620126926564,0.0,1,0.35899507999420166
TRAIN,7744dc51,79,0,1,7,720,1280,1,1.1117307432712692e-21,-2.546875,0.07263670116662979,0,0,0.0,1053,0.0,,,,,,0,0,,0.0,2,
TRAIN,7744dc51,79,1,2,7,720,1280,1,0.796875,10.25,0.9999645948410034,1,2939,0.0031890190972222224,2270,1.2947136563876651,0.7243496053785443,182.7141884994896,300.9591697856414,185.87939189189188,306.11554054054056,1,2918,0.7652200120554551,0.0,1,0.3466411828994751
TRAIN,7744dc51,79,2,3,7,720,1280,1,0.8515625,10.5,0.9999724626541138,1,4768,0.0051736111111111115,1623,2.937769562538509,0.5424593967517402,306.1224832214765,262.7147651006711,323.34877017678707,270.2154112221368,1,5119,0.7885311143270622,0.0,1,0.34305983781814575
TRAIN,7744dc51,79,3,4,7,720,1280,1,0.85546875,6.875,0.9989677667617798,1,2027,0.002199435763888889,3087,0.6566245545837383,0.6418326693227092,810.7755303404045,240.14553527380366,815.8892072588347,246.95081184336198,1,1595,0.7807276302851525,0.0,1,0.29318079352378845
TRAIN,7744dc51,79,4,5,7,720,1280,1,0.796875,7.65625,0.9995272159576416,1,3166,0.0034353298611111112,1057,2.9952696310312206,0.5223730517848165,569.2713202779532,237.62760581174985,579.4636678200692,241.15432525951556,1,2757,0.7781447012909036,0.0,1,0.341354101896286
TRAIN,7744dc51,79,5,6,7,720,1280,1,0.50390625,5.25,0.9947799444198608,1,2604,0.0028255208333333335,801,3.250936329588015,0.5335580753907447,566.781490015361,239.63671274961598,578.24,242.38916666666665,1,3560,0.0,0.7260141661300709,5,0.1540321260690689
TRAIN,7744dc51,79,6,7,7,720,1280,1,0.66015625,4.34375,0.9871788024902344,1,964,0.0010460069444444445,907,1.0628445424476296,0.4623044096728307,649.649377593361,256.0508298755187,658.8717948717949,261.49175824175825,1,443,0.30277777777777776,0.0,1,0.34755784273147583
TRAIN,7744dc51,80,0,1,7,720,1280,1,9.742432179479496e-29,-4.34375,0.012821214273571968,0,0,0.0,1053,0.0,,,,,,0,0,,0.0,2,
TRAIN,7744dc51,80,1,2,7,720,1280,1,0.76171875,11.125,0.9999852180480957,1,3052,0.0033116319444444443,2270,1.3444933920704847,0.5302681992337165,189.82175622542596,292.9859108781127,182.7141884994896,300.9591697856414,1,3000,0.7852507374631268,0.0,1,0.319578617811203
TRAIN,7744dc51,80,2,3,7,720,1280,1,0.890625,11.0625,0.9999842643737793,1,4980,0.005403645833333333,1623,3.068391866913124,0.7033024637427923,302.7897590361446,255.055421686747,306.1224832214765,262.7147651006711,1,5265,0.8184238551650692,0.0,1,0.3060121536254883
TRAIN,7744dc51,80,3,4,7,720,1280,1,0.87109375,6.65625,0.9987157583236694,1,2085,0.002262369791666667,3087,0.6754130223517979,0.6408619313647247,815.6561151079137,232.10551558752996,810.7755303404045,240.14553527380366,1,1544,0.7371948300622307,0.0,1,0.26701217889785767
TRAIN,7744dc51,80,4,5,7,720,1280,1,0.80859375,6.65625,0.9987157583236694,1,3210,0.003483072916666667,1057,3.0368968779564804,0.696195796754456,570.3445482866043,231.6006230529595,569.2713202779532,237.62760581174985,1,3042,0.8442477876106195,0.008869741510390269,7,0.3376320004463196
TRAIN,7744dc51,80,5,6,7,720,1280,1,0.640625,4.78125,0.9916841983795166,1,2783,0.003019748263888889,801,3.4744069912609237,0.656519065190652,569.3736974487963,233.32482932087674,566.781490015361,239.63671274961598,1,3188,0.0,0.8090062111801242,5,0.16355817019939423
TRAIN,7744dc51,80,6,7,7,720,1280,1,0.46484375,3.5625,0.9724147915840149,1,807,0.0008756510416666666,907,0.8897464167585446,0.22645429362880887,640.3469640644362,245.54399008674102,649.649377593361,256.0508298755187,1,771,0.31609674728940784,0.0,1,0.2996830642223358
TRAIN,7744dc51,81,0,1,7,720,1280,1,1.4637067577342992e-31,-4.71875,0.008847354911267757,0,0,0.0,1053,0.0,,,,,,0,0,,0.0,2,
TRAIN,7744dc51,81,1,2,7,720,1280,1,0.78515625,10.1875,0.999962329864502,1,3373,0.003659939236111111,2270,1.4859030837004406,0.6398672792240939,195.10584049807292,294.2941002075304,189.82175622542596,292.9859108781127,1,3165,0.7981298129812981,0.0,1,0.3826149106025696
TRAIN,7744dc51,81,2,3,7,720,1280,1,0.87109375,11.5,0.9999898672103882,1,4669,0.005066189236111111,1623,2.8767714109673443,0.8368551304016753,300.87427714714073,255.80766759477405,302.7897590361446,255.055421686747,1,5056,0.8126747437092264,0.0,1,0.26555827260017395
TRAIN,7744dc51,81,3,4,7,720,1280,1,0.87109375,7.25,0.9992903470993042,1,2082,0.0022591145833333335,3087,0.67444120505345,0.7493702770780857,820.5321805955812,233.2065321805956,815.6561151079137,232.10551558752996,1,1737,0.8334133461353816,0.0,1,0.24213255941867828
TRAIN,7744dc51,81,4,5,7,720,1280,1,0.7890625,7.4375,0.9994115829467773,1,3192,0.003463541666666667,1057,3.019867549668874,0.7704646017699115,566.7716165413534,231.40225563909775,570.3445482866043,231.6006230529595,1,2883,0.8150582611293696,0.0009713453132588635,7,0.3186286389827728
TRAIN,7744dc51,81,5,6,7,720,1280,1,0.67578125,5.1875,0.9944451451301575,1,2580,0.0027994791666666667,801,3.2209737827715355,0.7406686140863356,563.9755813953489,233.40813953488373,569.3736974487963,233.32482932087674,1,2372,0.0,0.7526467757459095,5,0.18446604907512665
TRAIN,7744dc51,81,6,7,7,720,1280,1,0.46484375,4.65625,0.9905874133110046,1,1066,0.0011566840277777777,907,1.175303197353914,0.404047976011994,624.8864915572233,244.390243902439,640.3469640644362,245.54399008674102,1,930,0.6815501263689975,0.011008704557091653,5,0.32479017972946167
TRAIN,7744dc51,82,0,1,7,720,1280,1,1.078520768856852e-30,-4.40625,0.0120537793263793,0,0,0.0,1053,0.0,,,,,,0,0,,0.0,2,
TRAIN,7744dc51,82,1,2,7,720,1280,1,0.78515625,10.75,0.9999785423278809,1,3203,0.0034754774305555554,2270,1.411013215859031,0.6887519260400616,190.73025288791757,294.91882610053074,195.10584049807292,294.2941002075304,1,3071,0.7849217638691323,0.0,1,0.3599386215209961
TRAIN,7744dc51,82,2,3,7,720,1280,1,0.859375,11.25,0.999987006187439,1,4528,0.004913194444444445,1623,2.789895255699322,0.6249116607773851,290.85468197879857,257.848277385159,300.87427714714073,255.80766759477405,1,4283,0.7904897378581589,0.0,1,0.27588924765586853
TRAIN,7744dc51,82,3,4,7,720,1280,1,0.86328125,6.625,0.9986749291419983,1,2062,0.0022374131944444446,3087,0.6679624230644639,0.7441077441077442,815.9704170708051,234.766731328807,820.5321805955812,233.2065321805956,1,1642,0.7963142580019399,0.0,1,0.2746800184249878
TRAIN,7744dc51,82,4,5,7,720,1280,1,0.82421875,6.84375,0.9989350438117981,1,2988,0.0032421875,1057,2.826868495742668,0.5523737754333082,555.8791834002677,231.1670013386881,566.7716165413534,231.40225563909775,1,2770,0.8355116353203698,0.0018944519621109607,7,0.3233359754085541
TRAIN,7744dc51,82,5,6,7,720,1280,1,0.67578125,5.03125,0.9935117363929749,1,2735,0.0029676649305555554,801,3.414481897627965,0.5185714285714286,552.2413162705667,234.10347349177331,563.9755813953489,233.40813953488373,1,2834,0.0,0.7476190476190476,5,0.19831117987632751
TRAIN,7744dc51,82,6,7,7,720,1280,1,0.53515625,4.8125,0.9919379353523254,1,1164,0.0012630208333333332,907,1.2833517089305402,0.35069654754694124,603.5077319587629,246.64776632302406,624.8864915572233,244.390243902439,1,714,0.5157384987893463,0.0030596634370219276,5,0.34282323718070984
TRAIN,7744dc51,83,0,1,7,720,1280,1,1.787262988391355e-30,-4.40625,0.0120537793263793,0,0,0.0,1053,0.0,,,,,,0,0,,0.0,2,
TRAIN,7744dc51,83,1,2,7,720,1280,1,0.78125,10.375,0.9999687671661377,1,2601,0.002822265625,2270,1.1458149779735682,0.620323841429369,189.85274894271433,296.65282583621683,190.73025288791757,294.91882610053074,1,3130,0.6327635327635328,0.0,1,0.3891183137893677
TRAIN,7744dc51,83,2,3,7,720,1280,1,0.8359375,11.625,0.9999910593032837,1,4695,0.005094401041666667,1623,2.8927911275415896,0.6381882770870337,280.4632587859425,257.43684771033014,290.85468197879857,257.848277385159,1,4386,0.8220304975922953,0.0,1,0.2471286803483963
TRAIN,7744dc51,83,3,4,7,720,1280,1,0.875,6.46875,0.9984512329101562,1,2010,0.0021809895833333334,3087,0.6511175898931001,0.7166947723440135,810.881592039801,233.45920398009952,815.9704170708051,234.766731328807,1,1541,0.7666666666666667,0.0,1,0.2712825536727905
TRAIN,7744dc51,83,4,5,7,720,1280,1,0.80859375,7.125,0.9991958737373352,1,3474,0.00376953125,1057,3.2866603595080415,0.5215446197315752,542.6375935521013,231.96660909614278,555.8791834002677,231.1670013386881,1,3179,0.8157751091703057,0.007417709782104775,7,0.3188460171222687
TRAIN,7744dc51,83,5,6,7,720,1280,1,0.640625,5.125,0.9940890073776245,1,3003,0.0032584635416666665,801,3.749063670411985,0.49232769830949286,539.0319680319681,233.000333000333,552.2413162705667,234.10347349177331,1,2493,0.0,0.7754164273406089,5,0.1989334672689438
TRAIN,7744dc51,83,6,7,7,720,1280,1,0.53515625,5.625,0.9964063763618469,1,1396,0.0015147569444444444,907,1.5391400220507165,0.42618384401114207,587.3574498567335,249.60530085959886,603.5077319587629,246.64776632302406,1,872,0.6188436830835118,0.026014801525005606,5,0.321351021528244
TRAIN,7744dc51,84,0,1,7,720,1280,1,6.139231108792002e-25,-3.6875,0.024423090741038322,0,0,0.0,1053,0.0,,,,,,0,0,,0.0,2,
TRAIN,7744dc51,84,1,2,7,720,1280,1,0.78125,9.75,0.9999417066574097,1,3391,0.0036794704861111112,2270,1.4938325991189427,0.7139588100686499,188.111766440578,300.7870834562076,189.85274894271433,296.65282583621683,1,2973,0.7731958762886598,0.0,1,0.3407187759876251
TRAIN,7744dc51,84,2,3,7,720,1280,1,0.8203125,11.0,0.9999833106994629,1,4633,0.005027126736111111,1623,2.8545902649414665,0.7099908340971586,271.90761925318367,259.5972372113102,280.4632587859425,257.43684771033014,1,4204,0.697790585975024,0.0,1,0.2704891860485077
TRAIN,7744dc51,84,3,4,7,720,1280,1,0.87890625,6.21875,0.9980121850967407,1,2088,0.002265625,3087,0.6763848396501457,0.906046511627907,810.3132183908046,234.6427203065134,810.881592039801,233.45920398009952,1,1493,0.7142173288654858,0.0,1,0.2670948803424835
TRAIN,7744dc51,84,4,5,7,720,1280,1,0.8203125,6.1875,0.9979493021965027,1,4329,0.004697265625,1057,4.095553453169347,0.5562425209413642,528.7322707322708,235.05636405636406,542.6375935521013,231.96660909614278,1,3696,0.7908948895335862,0.0249557869915504,7,0.272011935710907
TRAIN,7744dc51,84,5,6,7,720,1280,1,0.6640625,4.53125,0.9893474578857422,1,3868,0.0041970486111111115,801,4.82896379525593,0.5333630885962954,526.1261633919338,236.54653567735264,539.0319680319681,233.000333000333,1,2427,0.0,0.7928419056648495,5,0.22310829162597656
TRAIN,7744dc51,84,6,7,7,720,1280,1,0.54296875,5.25,0.9947799444198608,1,1760,0.0019097222222222222,907,1.9404630650496142,0.6192919445869677,582.8392045454545,255.90511363636364,587.3574498567335,249.60530085959886,1,887,0.35535074244751663,0.0,1,0.2984054386615753
TRAIN,7744dc51,85,0,1,7,720,1280,1,3.218552493301728e-27,-4.28125,0.013636835850775242,0,0,0.0,1053,0.0,,,,,,0,0,,0.0,2,
TRAIN,7744dc51,85,1,2,7,720,1280,1,0.79296875,10.125,0.9999599456787109,1,3808,0.004131944444444444,2270,1.6775330396475772,0.7890159045725647,187.9655987394958,300.3492647058824,188.111766440578,300.7870834562076,1,2819,0.6334730096130146,0.0,1,0.32142823934555054
TRAIN,7744dc51,85,2,3,7,720,1280,1,0.8515625,10.75,0.9999785423278809,1,4068,0.0044140625,1623,2.5064695009242146,0.7044074436826641,263.76892822025565,261.91150442477874,271.90761925318367,259.5972372113102,1,3642,0.7905248490478403,0.0,1,0.2715820074081421
TRAIN,7744dc51,85,3,4,7,720,1280,1,0.90234375,6.875,0.9989677667617798,1,1983,0.002151692708333333,3087,0.6423712342079689,0.8606032906764168,812.1633888048411,235.98638426626323,810.3132183908046,234.6427203065134,1,1596,0.7886056971514243,0.0,1,0.2561197876930237
TRAIN,7744dc51,85,4,5,7,720,1280,1,0.82421875,6.96875,0.9990600943565369,1,4653,0.005048828125,1057,4.402081362346263,0.7539543057996485,522.4410058027079,235.11326026219643,528.7322707322708,235.05636405636406,1,4416,0.7803297997644287,0.022800256904303148,7,0.3167077600955963
TRAIN,7744dc51,85,5,6,7,720,1280,1,0.65625,4.8125,0.9919379353523254,1,4110,0.0044596354166666664,801,5.131086142322097,0.7484111330265176,519.9041362530413,235.89829683698298,526.1261633919338,236.54653567735264,1,2495,0.0,0.7859237536656891,5,0.19457532465457916
TRAIN,7744dc51,85,6,7,7,720,1280,1,0.63671875,6.0625,0.9976769089698792,1,1560,0.0016927083333333334,907,1.7199558985667034,0.5946205571565802,577.4961538461539,258.21089743589744,582.8392045454545,255.90511363636364,1,1717,0.6142857142857143,0.006568974229408792,5,0.32656624913215637
TRAIN,7744dc51,86,0,1,7,720,1280,1,1.3732490638087374e-25,-3.84375,0.020964240655303,0,0,0.0,1053,0.0,,,,,,0,0,,0.0,2,
TRAIN,7744dc51,86,1,2,7,720,1280,1,0.84765625,9.3125,0.9999097585678101,1,3969,0.004306640625,2270,1.7484581497797358,0.7977346278317152,189.25296044343662,294.4263038548753,187.9655987394958,300.3492647058824,1,3211,0.7533577533577533,0.0,1,0.31988275051116943
TRAIN,7744dc51,86,2,3,7,720,1280,1,0.85546875,11.125,0.9999852180480957,1,4406,0.004780815972222222,1623,2.7147258163894024,0.6355915846361706,257.7280980481162,257.4929641398094,263.76892822025565,261.91150442477874,1,4001,0.8102928509905254,0.0,1,0.34217968583106995
TRAIN,7744dc51,86,3,4,7,720,1280,1,0.88671875,6.71875,0.998793363571167,1,2065,0.0022406684027777776,3087,0.6689342403628118,0.7584708948740226,814.7007263922518,230.25714285714287,812.1633888048411,235.98638426626323,1,1774,0.8456730769230769,0.0,1,0.26294195652008057
TRAIN,7744dc51,86,4,5,7,720,1280,1,0.84375,6.71875,0.998793363571167,1,4560,0.0049479166666666664,1057,4.314096499526963,0.6217215279000176,511.26359649122804,231.92236842105262,522.4410058027079,235.11326026219643,1,3950,0.8222698072805139,0.023531197813875818,7,0.3506668508052826
TRAIN,7744dc51,86,5,6,7,720,1280,1,0.71875,5.0,0.9933071732521057,1,4410,0.00478515625,801,5.50561797752809,0.626885621539049,508.93310657596373,233.03673469387755,519.9041362530413,235.89829683698298,1,2378,0.0,0.7970765262252795,5,0.2077367603778839
TRAIN,7744dc51,86,6,7,7,720,1280,1,0.765625,5.65625,0.9965165853500366,1,2066,0.0022417534722222222,907,2.2778390297684674,0.465642683912692,566.8388189738625,251.5329138431752,577.4961538461539,258.21089743589744,1,2182,0.7474290415466887,0.004843828294638383,5,0.35625505447387695
TRAIN,7744dc51,87,0,1,7,720,1280,1,2.3829910224916325e-26,-3.890625,0.020023440942168236,0,0,0.0,1053,0.0,,,,,,0,0,,0.0,2,
TRAIN,7744dc51,87,1,2,7,720,1280,1,0.84765625,9.5,0.9999251365661621,1,4149,0.004501953125,2270,1.8277533039647578,0.511731843575419,176.99542058327307,295.3873222463244,189.25296044343662,294.4263038548753,1,3408,0.7702037947997189,0.0,1,0.2797807455062866
TRAIN,7744dc51,87,2,3,7,720,1280,1,0.86328125,10.8125,0.9999798536300659,1,4518,0.00490234375,1623,2.7837338262476896,0.46391076115485563,239.86365648517042,258.1620185922975,257.7280980481162,257.4929641398094,1,4436,0.8386036960985627,0.0018436011676140728,6,0.3133060038089752
TRAIN,7744dc51,87,3,4,7,720,1280,1,0.890625,6.875,0.9989677667617798,1,2108,0.002287326388888889,3087,0.6828636216391318,0.5729362985299661,806.079696394687,227.31546489563567,814.7007263922518,230.25714285714287,1,1504,0.713472485768501,0.0,1,0.24076226353645325
TRAIN,7744dc51,87,4,5,7,720,1280,1,0.8359375,6.0625,0.9976769089698792,1,4940,0.005360243055555556,1057,4.67360454115421,0.4944156048450527,489.8091093117409,230.41923076923078,511.26359649122804,231.92236842105262,1,4308,0.8251430826919282,0.03289094056549336,7,0.32733944058418274
TRAIN,7744dc51,87,5,6,7,720,1280,1,0.76171875,4.59375,0.9899863600730896,1,4397,0.004771050347222222,801,5.489388264669164,0.45402014198448076,485.9294973845804,230.30247896292926,508.93310657596373,233.03673469387755,1,2003,0.0,0.850946204550287,5,0.2154754251241684
TRAIN,7744dc51,87,6,7,7,720,1280,1,0.76171875,5.53125,0.9960545301437378,1,2184,0.0023697916666666667,907,2.4079382579933846,0.42521797451374915,545.4619963369963,250.0732600732601,566.8388189738625,251.5329138431752,1,2220,0.7968176254589964,0.0037105751391465678,5,0.32175108790397644
TRAIN,7744dc51,88,0,1,7,720,1280,1,8.734267942607043e-27,-3.40625,0.03210070729255676,0,0,0.0,1053,0.0,,,,,,0,0,,0.0,2,
TRAIN,7744dc51,88,1,2,7,720,1280,1,0.828125,8.9375,0.999868631362915,1,4500,0.0048828125,2270,1.9823788546255507,0.631578947368421,168.42177777777778,291.45444444444445,176.99542058327307,295.3873222463244,1,4107,0.8116186066091349,0.0,1,0.3287411630153656
TRAIN,7744dc51,88,2,3,7,720,1280,1,0.84765625,10.875,0.9999810457229614,1,5119,0.005554470486111111,1623,3.1540357362908193,0.6221174886382764,230.38855245165072,255.1344012502442,239.86365648517042,258.1620185922975,1,4725,0.8233006112243008,0.0057117750439367315,6,0.3365408182144165
TRAIN,7744dc51,88,3,4,7,720,1280,1,0.90625,7.125,0.9991958737373352,1,2058,0.0022330729166666666,3087,0.6666666666666666,0.6637380191693291,802.2298347910593,220.2463556851312,806.079696394687,227.31546489563567,1,1624,0.7891156462585034,0.0,1,0.26921090483665466
TRAIN,7744dc51,88,4,5,7,720,1280,1,0.83984375,6.25,0.9980732202529907,1,4946,0.005366753472222222,1057,4.679280983916746,0.48127060233742885,466.25050545895675,224.8394662353417,489.8091093117409,230.41923076923078,1,4253,0.7858668219763153,0.03907440764860746,7,0.309330552816391
TRAIN,7744dc51,88,5,6,7,720,1280,1,0.7578125,4.6875,0.9908744096755981,1,4332,0.0047005208333333335,801,5.408239700374532,0.47200674536256326,463.48337950138506,223.95221606648198,485.9294973845804,230.30247896292926,1,1748,0.0,0.81731583403895,5,0.20995493233203888
TRAIN,7744dc51,88,6,7,7,720,1280,1,0.765625,6.03125,0.9976032376289368,1,2477,0.002687717013888889,907,2.730981256890849,0.4064574532287266,526.7932983447719,245.84093661687524,545.4619963369963,250.0732600732601,1,2553,0.7581265291855994,0.00703276971420021,5,0.3655678927898407
TRAIN,7744dc51,89,0,1,7,720,1280,1,2.0369322584118306e-23,-2.328125,0.08882029354572296,0,0,0.0,1053,0.0,,,,,,0,0,,0.0,2,
TRAIN,7744dc51,89,1,2,7,720,1280,1,0.84765625,8.75,0.999841570854187,1,5199,0.005641276041666666,2270,2.2903083700440527,0.6251675603217158,159.6355068282362,290.9809578765147,168.42177777777778,291.45444444444445,1,4258,0.8099521531100479,0.0,1,0.34748855233192444
TRAIN,7744dc51,89,2,3,7,720,1280,1,0.81640625,10.625,0.9999756813049316,1,5004,0.0054296875,1623,3.0831792975970425,0.7339842411784858,223.26398880895283,255.10911270983215,230.38855245165072,255.1344012502442,1,4590,0.7418300653594772,0.012676743052169674,6,0.34219202399253845
TRAIN,7744dc51,89,3,4,7,720,1280,1,0.90625,7.1875,0.9992445707321167,1,2025,0.002197265625,3087,0.6559766763848397,0.7330220713073005,797.9185185185186,217.21876543209876,802.2298347910593,220.2463556851312,1,1441,0.711604938271605,0.0,1,0.25697609782218933
TRAIN,7744dc51,89,4,5,7,720,1280,1,0.84375,6.5,0.998498797416687,1,4624,0.005017361111111111,1057,4.3746452223273415,0.4848719937936385,445.2156141868512,219.5250865051903,466.25050545895675,224.8394662353417,1,4109,0.753966659971882,0.0361299052774019,7,0.3703310489654541
TRAIN,7744dc51,89,5,6,7,720,1280,1,0.75390625,4.59375,0.9899863600730896,1,4434,0.004811197916666667,801,5.535580524344569,0.5171339563862928,443.02480829950383,220.2167343256653,463.48337950138506,223.95221606648198,1,1227,0.0,0.7746157041960947,5,0.1757287085056305
TRAIN,7744dc51,89,6,7,7,720,1280,1,0.76953125,6.40625,0.9983515739440918,1,2892,0.0031380208333333334,907,3.188533627342889,0.4725726823916621,504.46922544951593,246.09681881051176,526.7932983447719,245.84093661687524,1,3033,0.7030755964357575,0.0,1,0.3786786198616028
TRAIN,7744dc51,90,0,1,7,720,1280,1,3.144186300207963e-17,-1.8125,0.14033624529838562,0,0,0.0,1053,0.0,,,,,,0,0,,0.0,2,
TRAIN,7744dc51,90,1,2,7,720,1280,1,0.82421875,9.4375,0.9999203681945801,1,5515,0.0059841579861111115,2270,2.4295154185022025,0.6290101870153565,150.67561196736173,280.63517679057117,159.6355068282362,290.9809578765147,1,4693,0.7663955701678491,0.0,1,0.3278970420360565
TRAIN,7744dc51,90,2,3,7,720,1280,1,0.8359375,10.4375,0.9999706745147705,1,3926,0.004259982638888889,1623,2.418977202711029,0.6488183161004432,219.88206826286296,246.3209373408049,223.26398880895283,255.10911270983215,1,3993,0.8515314472761282,0.008758812219611195,6,0.36362558603286743
TRAIN,7744dc51,90,3,4,7,720,1280,1,0.90234375,6.53125,0.9985449314117432,1,1997,0.0021668836805555556,3087,0.6469063816002592,0.7494562853414528,797.5658487731597,210.69153730595895,797.9185185185186,217.21876543209876,1,1557,0.7699203187250996,0.0,1,0.21924342215061188
TRAIN,7744dc51,90,4,5,7,720,1280,1,0.8671875,6.40625,0.9983515739440918,1,5433,0.005895182291666667,1057,5.140018921475875,0.5408303968132373,426.7375299098104,218.65617522547396,445.2156141868512,219.5250865051903,1,4468,0.7868615773326114,0.0497223298463128,7,0.3452596664428711
TRAIN,7744dc51,90,5,6,7,720,1280,1,0.7890625,4.71875,0.9911527037620544,1,5002,0.005427517361111111,801,6.2446941323345815,0.5570957095709571,424.87105157936827,218.3952419032387,443.02480829950383,220.2167343256653,1,796,0.0,0.7976461655277145,5,0.21401406824588776
TRAIN,7744dc51,90,6,7,7,720,1280,1,0.76171875,6.375,0.9982993006706238,1,2387,0.0025900607638888887,907,2.631753031973539,0.4283008658008658,482.3594470046083,239.7004608294931,504.46922544951593,246.09681881051176,1,2695,0.6872509960159362,0.011957484499557131,5,0.348757266998291
TRAIN,7744dc51,91,0,1,7,720,1280,1,3.097966327914037e-12,-0.84375,0.3007456064224243,0,0,0.0,1053,0.0,,,,,,0,0,,0.0,2,
TRAIN,7744dc51,91,1,2,7,720,1280,1,0.8203125,9.875,0.9999485015869141,1,4615,0.0050075954861111115,2270,2.0330396475770924,0.7441460055096418,147.64268689057423,280.3993499458288,150.67561196736173,280.63517679057117,1,4433,0.8252975590074642,0.00878533231474408,6,0.3924592137336731
TRAIN,7744dc51,91,2,3,7,720,1280,1,0.8515625,11.0625,0.9999842643737793,1,3777,0.004098307291666666,1623,2.3271719038817005,0.8371094681612211,218.94598888006354,247.71803018268466,219.88206826286296,246.3209373408049,1,3341,0.8121181262729125,0.015539305301645339,6,0.3403380513191223
TRAIN,7744dc51,91,3,4,7,720,1280,1,0.9140625,6.625,0.9986749291419983,1,2061,0.002236328125,3087,0.6676384839650146,0.7892416225749559,801.3595342066958,209.85735080058225,797.5658487731597,210.69153730595895,1,1717,0.8137301968314931,0.0,1,0.23370446264743805
TRAIN,7744dc51,91,4,5,7,720,1280,1,0.8515625,6.46875,0.9984512329101562,1,4822,0.005232204861111111,1057,4.561967833491012,0.5507334039014063,407.4066777270842,218.0145167980091,426.7375299098104,218.65617522547396,1,4420,0.8554507127082915,0.011650739625605446,7,0.34222638607025146
TRAIN,7744dc51,91,5,6,7,720,1280,1,0.75,4.5,0.9890130758285522,1,4791,0.005198567708333333,801,5.9812734082397006,0.5628790296840089,405.97203089125446,218.94447923189313,424.87105157936827,218.3952419032387,1,667,0.0,0.8348605577689243,5,0.20542819797992706
TRAIN,7744dc51,91,6,7,7,720,1280,1,0.78125,6.625,0.9986749291419983,1,2501,0.0027137586805555556,907,2.7574421168687984,0.6105436573311367,467.8640543782487,240.45501799280288,482.3594470046083,239.7004608294931,1,2906,0.7687275106313379,0.004645086369574684,5,0.32937300205230713
TRAIN,7744dc51,92,0,1,7,720,1280,1,3.864587821847745e-21,-1.3671875,0.2030746340751648,0,0,0.0,1053,0.0,,,,,,0,0,,0.0,2,
TRAIN,7744dc51,92,1,2,7,720,1280,1,0.8515625,10.375,0.9999687671661377,1,4845,0.005257161458333334,2270,2.1343612334801763,0.7735283089613798,146.15686274509804,272.7095975232198,147.64268689057423,280.3993499458288,1,4915,0.852343898272917,0.004047838086476541,6,0.3344728946685791
TRAIN,7744dc51,92,2,3,7,720,1280,1,0.84765625,10.3125,0.9999667406082153,1,3997,0.004337022569444444,1623,2.4627233518176217,0.7356552801964724,218.57142857142858,239.6094570928196,218.94598888006354,247.71803018268466,1,3810,0.779576020059266,0.04678628208039973,6,0.3407193422317505
TRAIN,7744dc51,92,3,4,7,720,1280,1,0.9140625,6.375,0.9982993006706238,1,1950,0.0021158854166666665,3087,0.6316812439261419,0.6995762711864407,805.5948717948718,203.66820512820513,801.3595342066958,209.85735080058225,1,1337,0.6770408163265306,0.0,1,0.21826450526714325
TRAIN,7744dc51,92,4,5,7,720,1280,1,0.84375,6.5625,0.9985895752906799,1,4962,0.005384114583333334,1057,4.69441816461684,0.5742558326629124,391.93268843208386,213.95384925433294,407.4066777270842,218.0145167980091,1,4340,0.76709726443769,0.02616624818289943,7,0.3063223659992218
TRAIN,7744dc51,92,5,6,7,720,1280,1,0.78515625,4.09375,0.9835969805717468,1,4436,0.004813368055555556,801,5.538077403245943,0.55179952909519,391.191388638413,212.42425608656447,405.97203089125446,218.94447923189313,1,612,0.0,0.7801217038539554,5,0.18010006844997406
TRAIN,7744dc51,92,6,7,7,720,1280,1,0.78125,5.84375,0.9971103668212891,1,3104,0.0033680555555555556,907,3.422271223814774,0.4619196661450183,446.23389175257734,236.2583762886598,467.8640543782487,240.45501799280288,1,2803,0.7749399038461539,0.009629730096297301,5,0.2760487496852875
TRAIN,7744dc51,93,0,1,7,720,1280,1,8.543513119185775e-17,-1.0390625,0.2613309323787689,0,0,0.0,1053,0.0,,,,,,0,0,,0.0,2,
TRAIN,7744dc51,93,1,2,7,720,1280,1,0.859375,9.8125,0.9999452829360962,1,4938,0.005358072916666666,2270,2.175330396475771,0.8160386114720624,145.0577156743621,280.1666666666667,146.15686274509804,272.7095975232198,1,4618,0.7962406015037594,0.0014803849000740192,6,0.3079899251461029
TRAIN,7744dc51,93,2,3,7,720,1280,1,0.84375,11.0,0.9999833106994629,1,4729,0.005131293402777778,1623,2.913739987677141,0.7717766497461929,214.40875449355045,244.7403256502432,218.57142857142858,239.6094570928196,1,5125,0.7480929572467625,0.000576923076923077,6,0.27151697874069214
TRAIN,7744dc51,93,3,4,7,720,1280,1,0.90625,6.0625,0.9976769089698792,1,2062,0.0022374131944444446,3087,0.6679624230644639,0.8420569329660239,808.3147429679923,204.19835111542193,805.5948717948718,203.66820512820513,1,1409,0.6792452830188679,0.0,1,0.2262701690196991
TRAIN,7744dc51,93,4,5,7,720,1280,1,0.84765625,6.9375,0.9990302324295044,1,5604,0.006080729166666667,1057,5.3017975402081365,0.5572586588061901,371.95182012847965,218.61384725196288,391.93268843208386,213.95384925433294,1,4457,0.7221841834988018,0.05441558441558442,7,0.29415369033813477
TRAIN,7744dc51,93,5,6,7,720,1280,1,0.7734375,4.5,0.9890130758285522,1,5008,0.005434027777777778,801,6.252184769038702,0.5338638947539386,370.6976837060703,216.69688498402556,391.191388638413,212.42425608656447,1,474,0.0,0.7665173572228443,5,0.18170814216136932
TRAIN,7744dc51,93,6,7,7,720,1280,1,0.7578125,6.21875,0.9980121850967407,1,2891,0.0031369357638888888,907,3.187431091510474,0.5543168265491315,428.09373919059146,236.5392597717053,446.23389175257734,236.2583762886598,1,2515,0.7534868634446967,0.0035509423654739142,5,0.3156372606754303
TRAIN,7744dc51,94,0,1,7,720,1280,1,1.3869794202037156e-11,-0.490234375,0.37983831763267517,0,0,0.0,1053,0.0,,,,,,0,0,,0.0,2,
TRAIN,7744dc51,94,1,2,7,720,1280,1,0.80859375,10.75,0.9999785423278809,1,5577,0.006051432291666666,2270,2.456828193832599,0.5125143843498274,156.86802940649093,279.09126770665233,145.0577156743621,280.1666666666667,1,4009,0.6999467990778507,0.027395140071196408,6,0.43193501234054565
TRAIN,7744dc51,94,2,3,7,720,1280,1,0.8203125,11.1875,0.9999861717224121,1,4757,0.0051616753472222224,1623,2.9309919901417127,0.4620838471023428,231.45028379230607,239.4181206642842,214.40875449355045,244.7403256502432,1,4366,0.7849735863823126,0.0015493200206576003,6,0.38021647930145264
TRAIN,7744dc51,94,3,4,7,720,1280,1,0.89453125,5.71875,0.9967268705368042,1,2013,0.002184244791666667,3087,0.652089407191448,0.2718476903870162,826.5568802781918,196.77496274217586,808.3147429679923,204.19835111542193,1,1609,0.7939574046557701,0.0,1,0.26810309290885925
TRAIN,7744dc51,94,4,5,7,720,1280,1,0.87890625,7.0,0.9990890026092529,1,4561,0.004949001736111111,1057,4.315042573320719,0.5619237861094039,369.4060513045385,208.24336768252576,371.95182012847965,218.61384725196288,1,4324,0.8154883530854107,0.0013211978860833823,7,0.4228401184082031
TRAIN,7744dc51,94,5,6,7,720,1280,1,0.83203125,4.625,0.9902915358543396,1,4485,0.004866536458333333,801,5.599250936329588,0.5750788120126099,367.9964325529543,208.60133779264214,370.6976837060703,216.69688498402556,1,1061,0.0,0.8073450964300369,5,0.25963619351387024
TRAIN,7744dc51,94,6,7,7,720,1280,1,0.796875,7.53125,0.999464213848114,1,2385,0.002587890625,907,2.62954796030871,0.5283893395133256,425.7270440251572,228.91236897274632,428.09373919059146,236.5392597717053,1,2260,0.7449286250939143,0.019604863221884497,5,0.33088499307632446
TRAIN,7744dc51,95,0,1,7,720,1280,1,2.540190280342358e-13,-1.1328125,0.2436424344778061,0,0,0.0,1053,0.0,,,,,,0,0,,0.0,2,
TRAIN,7744dc51,95,1,2,7,720,1280,1,0.83203125,11.0,0.9999833106994629,1,6250,0.006781684027777778,2270,2.753303964757709,0.46828057107386717,168.07488,269.6688,156.86802940649093,279.09126770665233,1,4621,0.7095455260261048,0.10134747706422019,6,0.34917986392974854
TRAIN,7744dc51,95,2,3,7,720,1280,1,0.828125,11.125,0.9999852180480957,1,4628,0.005021701388888889,1623,2.85150955021565,0.4992012779552716,245.26058772687986,235.0166378565255,231.45028379230607,239.4181206642842,1,4277,0.7753189792663477,0.0,1,0.3886690139770508
TRAIN,7744dc51,95,3,4,7,720,1280,1,0.89453125,5.84375,0.9971103668212891,1,1887,0.0020475260416666667,3087,0.6112730806608357,0.3220338983050847,842.389507154213,194.25543190249073,826.5568802781918,196.77496274217586,1,1476,0.7821939586645469,0.0,1,0.25158220529556274
TRAIN,7744dc51,95,4,5,7,720,1280,1,0.87890625,6.875,0.9989677667617798,1,5021,0.0054481336805555555,1057,4.750236518448439,0.6766404199475066,364.55825532762395,205.19757020513842,369.4060513045385,208.24336768252576,1,4380,0.7477226250232385,0.0010751243112484881,7,0.3304292857646942
TRAIN,7744dc51,95,5,6,7,720,1280,1,0.87109375,4.125,0.9840936064720154,1,4648,0.005043402777777778,801,5.802746566791511,0.6730170360871954,362.49246987951807,204.70697074010326,367.9964325529543,208.60133779264214,1,1433,0.0,0.7381594147092799,5,0.21861271560192108
TRAIN,7744dc51,95,6,7,7,720,1280,1,0.82421875,6.6875,0.9987550973892212,1,2571,0.0027897135416666665,907,2.834619625137817,0.8015267175572519,422.9576040451186,229.81641384675223,425.7270440251572,228.91236897274632,1,2428,0.7809048806555041,0.010907504363001745,5,0.3789176940917969
TRAIN,7744dc51,96,0,1,7,720,1280,1,9.049472282640636e-11,-0.66796875,0.33895185589790344,0,0,0.0,1053,0.0,,,,,,0,0,,0.0,2,
TRAIN,7744dc51,96,1,2,7,720,1280,1,0.859375,10.75,0.9999785423278809,1,5869,0.006368272569444444,2270,2.5854625550660795,0.4342011834319527,190.48355767592435,274.317600954166,168.07488,269.6688,1,4782,0.7973337833277084,0.045673427695899604,6,0.41857123374938965
TRAIN,7744dc51,96,2,3,7,720,1280,1,0.80859375,10.0625,0.9999573230743408,1,4583,0.004972873263888889,1623,2.8237831176833024,0.26437886067261496,276.79031202269255,237.41348461706306,245.26058772687986,235.0166378565255,1,4434,0.8504001641699158,0.0,1,0.38767921924591064
TRAIN,7744dc51,96,3,4,7,720,1280,1,0.88671875,6.0625,0.9976769089698792,1,2114,0.0022938368055555555,3087,0.6848072562358276,0.0866376969038566,872.7369914853358,195.46215704824976,842.389507154213,194.25543190249073,1,1351,0.625234521575985,0.0,1,0.2758530080318451
TRAIN,7744dc51,96,4,5,7,720,1280,1,0.82421875,7.125,0.9991958737373352,1,4936,0.005355902777777778,1057,4.669820245979186,0.5301982480405717,366.9256482982172,213.137358184765,364.55825532762395,205.19757020513842,1,4457,0.8178827172440488,0.0022462295432666597,3,0.4129899740219116
TRAIN,7744dc51,96,5,6,7,720,1280,1,0.7421875,4.5,0.9890130758285522,1,4540,0.004926215277777778,801,5.667915106117353,0.5423871076044989,363.96982378854625,212.53810572687226,362.49246987951807,204.70697074010326,1,1297,0.0,0.7911606609595859,5,0.22583945095539093
TRAIN,7744dc51,96,6,7,7,720,1280,1,0.78125,6.4375,0.9984021782875061,1,3102,0.0033658854166666668,907,3.420066152149945,0.5233619763694952,434.0615731785945,231.65699548678273,422.9576040451186,229.81641384675223,1,2709,0.7863510605594836,0.04032480044040738,5,0.3576112985610962
TRAIN,7744dc51,97,0,1,7,720,1280,1,8.149072527885437e-09,-0.6328125,0.34687307476997375,0,0,0.0,1053,0.0,,,,,,0,0,,0.0,2,
TRAIN,7744dc51,97,1,2,7,720,1280,1,0.83984375,11.5625,0.9999904632568359,1,5410,0.005870225694444444,2270,2.383259911894273,0.44066930642483076,209.61256931608133,276.6365988909427,190.48355767592435,274.317600954166,1,4328,0.7647698441464299,0.05442574981711778,6,0.2971091568470001
TRAIN,7744dc51,97,2,3,7,720,1280,1,0.85546875,10.9375,0.9999822378158569,1,4182,0.0045377604166666665,1623,2.5767097966728283,0.3721039448966813,298.33142037302724,243.8012912482066,276.79031202269255,237.41348461706306,1,3766,0.8084186575654152,0.0018319212273872224,5,0.3633277714252472
TRAIN,7744dc51,97,3,4,7,720,1280,1,0.88671875,5.59375,0.996292769908905,1,2131,0.0023122829861111113,3087,0.6903142209264658,0.18608549874266556,896.1726888784608,197.93242609103706,872.7369914853358,195.46215704824976,1,1738,0.7953596287703016,0.0,1,0.20916536450386047
TRAIN,7744dc51,97,4,5,7,720,1280,1,0.85546875,7.5625,0.999480664730072,1,4817,0.005226779513888889,1057,4.557237464522233,0.630118669563764,383.3749221507162,211.9400041519618,366.9256482982172,213.137358184765,1,4568,0.8086336481017538,0.0015037593984962407,7,0.3408796787261963
TRAIN,7744dc51,97,5,6,7,720,1280,1,0.80078125,4.34375,0.9871788024902344,1,4864,0.005277777777777778,801,6.072409488139825,0.6149750987463507,383.40049342105266,212.3879523026316,363.96982378854625,212.53810572687226,1,1797,0.0,0.808282208588957,5,0.19744308292865753
TRAIN,7744dc51,97,6,7,7,720,1280,1,0.828125,6.46875,0.9984512329101562,1,2440,0.0026475694444444446,907,2.6901874310915104,0.5668645744981623,439.41024590163937,238.3938524590164,434.0615731785945,231.65699548678273,1,2509,0.7487632508833922,0.010963646855164455,5,0.3541824519634247
TRAIN,7744dc51,98,0,1,7,720,1280,1,1.6916601452976465e-10,-0.69921875,0.3319854736328125,0,0,0.0,1053,0.0,,,,,,0,0,,0.0,2,
TRAIN,7744dc51,98,1,2,7,720,1280,1,0.859375,12.3125,0.9999954700469971,1,5677,0.006159939236111111,2270,2.5008810572687223,0.8080560991519896,208.90382244143032,283.6404791262991,209.61256931608133,276.6365988909427,1,4221,0.7371007371007371,0.008618438234525986,6,0.2742525339126587
TRAIN,7744dc51,98,2,3,7,720,1280,1,0.84765625,11.1875,0.9999861717224121,1,4692,0.005091145833333333,1623,2.8909426987061,0.7527157811574166,293.86295822676897,246.08802216538788,298.33142037302724,243.8012912482066,1,4135,0.7832323232323233,0.0027645692801061593,5,0.3556419014930725
TRAIN,7744dc51,98,3,4,7,720,1280,1,0.87890625,6.15625,0.9978843331336975,1,2105,0.0022840711805555557,3087,0.6818918043407839,0.9272065514103731,897.3387173396675,197.97434679334916,896.1726888784608,197.93242609103706,1,1414,0.6717339667458432,0.0,1,0.22852331399917603
TRAIN,7744dc51,98,4,5,7,720,1280,1,0.8671875,8.1875,0.9997219443321228,1,5107,0.0055414496527777775,1057,4.831598864711448,0.5709988918790565,367.37497552379085,216.23399255923243,383.3749221507162,211.9400041519618,1,4376,0.7685565087653861,0.032164395800759436,3,0.34675630927085876
TRAIN,7744dc51,98,5,6,7,720,1280,1,0.8515625,4.625,0.9902915358543396,1,4790,0.005197482638888889,801,5.980024968789014,0.5774509803921568,367.7885177453027,216.1240083507307,383.40049342105266,212.3879523026316,1,2047,0.0,0.795846394984326,5,0.19391584396362305
TRAIN,7744dc51,98,6,7,7,720,1280,1,0.79296875,6.84375,0.9989350438117981,1,2513,0.002726779513888889,907,2.770672546857773,0.44866920152091255,424.34699562276165,238.5308396339037,439.41024590163937,238.3938524590164,1,2409,0.7891675754271175,0.004520268299795859,5,0.332884281873703
TRAIN,7744dc51,99,0,1,7,720,1280,1,0.0008544921875,-0.1025390625,0.47438764572143555,0,0,0.0,1053,0.0,,,,,,0,0,,0.0,2,
TRAIN,7744dc51,99,1,2,7,720,1280,1,0.85546875,11.0625,0.9999842643737793,1,5495,0.005962456597222222,2270,2.420704845814978,0.6955531947184702,204.14212920837124,290.6666060054595,208.90382244143032,283.6404791262991,1,4179,0.7544432354007979,0.027688899827713512,6,0.3444466292858124
TRAIN,7744dc51,99,2,3,7,720,1280,1,0.84375,11.0,0.9999833106994629,1,4672,0.005069444444444444,1623,2.8786198398028344,0.6872072072072072,288.0672089041096,248.98052226027397,293.86295822676897,246.08802216538788,1,4302,0.8177030585375734,0.0030406227195329603,5,0.34487172961235046
TRAIN,7744dc51,99,3,4,7,720,1280,1,0.8984375,6.0625,0.9976769089698792,1,1995,0.0021647135416666668,3087,0.6462585034013606,0.7672413793103449,893.7062656641604,201.72882205513784,897.3387173396675,197.97434679334916,1,1345,0.6583912611717975,0.0,1,0.25669506192207336
TRAIN,7744dc51,99,4,5,7,720,1280,1,0.84375,8.375,0.9997695088386536,1,3907,0.0042393663194444445,1057,3.696310312204352,0.570656908869141,356.80650115177883,223.5666751983619,367.37497552379085,216.23399255923243,1,3575,0.8094316807738815,0.00971709717097171,3,0.29370853304862976
TRAIN,7744dc51,99,5,6,7,720,1280,1,0.80859375,4.5,0.9890130758285522,1,3858,0.004186197916666667,801,4.8164794007490634,0.5627032887603903,356.0292897874546,223.86029030585794,367.7885177453027,216.1240083507307,1,2856,0.0,0.8151404151404151,5,0.18047012388706207
TRAIN,7744dc51,99,6,7,7,720,1280,1,0.8046875,7.21875,0.9992678761482239,1,2370,0.0025716145833333333,907,2.6130099228224917,0.4015499425947187,400.5189873417722,242.50801687763712,424.34699562276165,238.5308396339037,1,2304,0.8322226577812623,0.008824028508399796,5,0.40177181363105774
TRAIN,7744dc51,100,0,1,7,720,1280,1,2.726912498474121e-06,-0.3828125,0.4054487347602844,0,0,0.0,1053,0.0,,,,,,0,0,,0.0,2,
TRAIN,7744dc51,100,1,2,7,720,1280,1,0.83203125,12.1875,0.9999948740005493,1,5143,0.0055805121527777776,2270,2.2656387665198237,0.6503257834315854,205.83453237410072,302.34337935057357,204.14212920837124,290.6666060054595,1,3851,0.728618104939458,0.0,1,0.3381973206996918
TRAIN,7744dc51,100,2,3,7,720,1280,1,0.83203125,11.0,0.9999833106994629,1,4628,0.005021701388888889,1623,2.85150955021565,0.6860043509789703,290.45700086430423,256.89369057908385,288.0672089041096,248.98052226027397,1,4053,0.7895279323850752,0.03207346286931062,5,0.3323032855987549
TRAIN,7744dc51,100,3,4,7,720,1280,1,0.890625,6.09375,0.9977481961250305,1,2122,0.002302517361111111,3087,0.687398769031422,0.5859013867488444,899.665409990575,209.47643732327992,893.7062656641604,201.72882205513784,1,1444,0.6671341748480598,0.0,1,0.19114340841770172
TRAIN,7744dc51,100,4,5,7,720,1280,1,0.80859375,8.25,0.9997387528419495,1,3157,0.003425564236111111,1057,2.986754966887417,0.6276497695852534,355.795375356351,229.78048780487805,356.80650115177883,223.5666751983619,1,3127,0.6450261780104712,0.004673737192162502,7,0.31934136152267456
TRAIN,7744dc51,100,5,6,7,720,1280,1,0.73046875,4.875,0.9924227595329285,1,3030,0.0032877604166666667,801,3.7827715355805243,0.6396096167579148,354.0059405940594,230.06171617161715,356.0292897874546,223.86029030585794,1,2794,0.0,0.6591215305847481,5,0.24075685441493988
TRAIN,7744dc51,100,6,7,7,720,1280,1,0.77734375,6.96875,0.9990600943565369,1,2247,0.0024381510416666666,907,2.4773980154355018,0.5093167701863354,392.8001780151313,248.70048954161103,400.5189873417722,242.50801687763712,1,2432,0.7689981096408317,0.032468780019212294,5,0.32940295338630676
TRAIN,7744dc51,101,0,1,7,720,1280,1,0.66015625,-0.052490234375,0.48688048124313354,0,0,0.0,1053,0.0,,,,,,0,0,,0.0,2,
TRAIN,7744dc51,101,1,2,7,720,1280,1,0.84375,12.625,0.9999966621398926,1,4799,0.005207248263888889,2270,2.1140969162995593,0.7254425546685179,206.8962283809127,303.31589914565535,205.83453237410072,302.34337935057357,1,3783,0.7510712099571516,0.0,1,0.35452696681022644
TRAIN,7744dc51,101,2,3,7,720,1280,1,0.83984375,11.5,0.9999898672103882,1,4763,0.005168185763888889,1623,2.9346888478126925,0.7390740740740741,294.73399118202815,259.5154314507663,290.45700086430423,256.89369057908385,1,4380,0.8708819316554123,0.004763849190145638,5,0.3139222264289856
TRAIN,7744dc51,101,3,4,7,720,1280,1,0.87890625,6.25,0.9980732202529907,1,2043,0.002216796875,3087,0.6618075801749271,0.6979209131675499,904.7601566324033,208.41018110621636,899.665409990575,209.47643732327992,1,1432,0.7009300048947626,0.0,1,0.21095798909664154
TRAIN,7744dc51,101,4,5,7,720,1280,1,0.82421875,8.0,0.9996646642684937,1,3078,0.00333984375,1057,2.9120151371807,0.5661893996483296,355.81936322287197,223.53703703703704,355.795375356351,229.78048780487805,1,2619,0.8236235595390525,0.013263525305410123,7,0.29282668232917786
TRAIN,7744dc51,101,5,6,7,720,1280,1,0.76171875,4.65625,0.9905874133110046,1,2812,0.0030512152777777777,801,3.5106117353308366,0.6040637012630423,352.1009957325747,225.2524893314367,354.0059405940594,230.06171617161715,1,2149,0.0,0.8298517520215634,5,0.2509229779243469
TRAIN,7744dc51,101,6,7,7,720,1280,1,0.72265625,6.1875,0.9979493021965027,1,1856,0.002013888888888889,907,2.0463065049614113,0.5258460394198586,387.10883620689657,252.24353448275863,392.8001780151313,248.70048954161103,1,2728,0.6400715563506261,0.000447127207690588,5,0.33285221457481384
