split,video,frame_idx,obj_idx,object_id,n_objects,baseline_memory_encoded,pointer_valid,pointer_is_no_obj_sentinel,object_score_logit,object_score_prob,self_anchor_cos_fp32,max_tracked_competitor_cos_fp32,competitor_object_id,identity_margin_fp32,distance_to_no_obj_ptr,max_abs_diff_to_no_obj_ptr,obj_ptr_l2_norm
TRAIN,7744dc51,1,0,1,7,1,1,0,10.1875,0.999962329864502,0.4053061008453369,0.3837098479270935,5,0.021596252918243408,11.970426559448242,1.9573757648468018,10.965968132019043
TRAIN,7744dc51,1,1,2,7,1,1,0,10.0,0.9999545812606812,0.4638731777667999,0.5077801942825317,1,-0.04390701651573181,10.769078254699707,1.8214083909988403,9.866192817687988
TRAIN,7744dc51,1,2,3,7,1,1,0,9.8125,0.9999452829360962,0.2875831723213196,0.3209637403488159,1,-0.03338056802749634,12.030413627624512,2.508408546447754,11.27034854888916
TRAIN,7744dc51,1,3,4,7,1,1,0,10.125,0.9999599456787109,0.2135053426027298,0.24454393982887268,1,-0.031038597226142883,12.716527938842773,2.539658546447754,12.041204452514648
TRAIN,7744dc51,1,4,5,7,1,1,0,9.0625,0.9998840093612671,0.32918569445610046,0.34695765376091003,1,-0.01777195930480957,12.13378620147705,2.227158546447754,11.220806121826172
TRAIN,7744dc51,1,5,6,7,1,1,0,10.375,0.9999687671661377,0.41111376881599426,0.44811663031578064,1,-0.03700286149978638,11.290506362915039,1.930283546447754,10.295547485351562
TRAIN,7744dc51,1,6,7,7,1,1,0,10.3125,0.9999667406082153,0.31177520751953125,0.3539603650569916,1,-0.04218515753746033,13.073237419128418,2.305283546447754,12.201630592346191
TRAIN,7744dc51,2,0,1,7,1,1,0,9.5625,0.999929666519165,0.461431622505188,0.45024776458740234,5,0.011183857917785645,11.820304870605469,2.078721046447754,10.670101165771484
TRAIN,7744dc51,2,1,2,7,1,1,0,10.6875,0.9999772310256958,0.5039363503456116,0.553373396396637,1,-0.04943704605102539,10.65129280090332,1.8604708909988403,9.643426895141602
TRAIN,7744dc51,2,2,3,7,1,1,0,10.625,0.9999756813049316,0.38881975412368774,0.4242323040962219,1,-0.03541254997253418,11.114554405212402,2.211533546447754,10.245528221130371
TRAIN,7744dc51,2,3,4,7,1,1,0,10.5625,0.9999741315841675,0.30153176188468933,0.33967462182044983,1,-0.0381428599357605,11.745464324951172,2.383408546447754,10.737462043762207
TRAIN,7744dc51,2,4,5,7,1,1,0,9.0625,0.9998840093612671,0.39007827639579773,0.4071143865585327,1,-0.017036110162734985,11.83958625793457,2.313096046447754,10.800125122070312
TRAIN,7744dc51,2,5,6,7,1,1,0,10.375,0.9999687671661377,0.4095974266529083,0.44802454113960266,1,-0.038427114486694336,11.244400978088379,2.016221046447754,10.186727523803711
TRAIN,7744dc51,2,6,7,7,1,1,0,10.75,0.9999785423278809,0.3186084032058716,0.3459048867225647,1,-0.027296483516693115,13.389327049255371,2.250596046447754,12.564804077148438
TRAIN,7744dc51,3,0,1,7,1,1,0,11.25,0.999987006187439,0.42851242423057556,0.4025031328201294,5,0.026009291410446167,10.783413887023926,2.031846046447754,9.742844581604004
TRAIN,7744dc51,3,1,2,7,1,1,0,10.625,0.9999756813049316,0.4430452585220337,0.49107322096824646,1,-0.04802796244621277,10.213824272155762,1.875596046447754,9.136299133300781
TRAIN,7744dc51,3,2,3,7,1,1,0,10.6875,0.9999772310256958,0.3025689721107483,0.339885950088501,1,-0.037316977977752686,10.203108787536621,2.188096046447754,9.385072708129883
TRAIN,7744dc51,3,3,4,7,1,1,0,10.6875,0.9999772310256958,0.26161783933639526,0.28906887769699097,1,-0.027451038360595703,10.27389907836914,2.078721046447754,9.523398399353027
TRAIN,7744dc51,3,4,5,7,1,1,0,10.1875,0.999962329864502,0.42628955841064453,0.4508049488067627,1,-0.024515390396118164,9.607327461242676,1.774033546447754,8.583383560180664
TRAIN,7744dc51,3,5,6,7,1,1,0,10.1875,0.999962329864502,0.4573792815208435,0.4970949590206146,1,-0.03971567749977112,9.973105430603027,1.727158546447754,8.771980285644531
TRAIN,7744dc51,3,6,7,7,1,1,0,10.9375,0.9999822378158569,0.40766221284866333,0.4300122559070587,1,-0.022350043058395386,10.423102378845215,1.883408546447754,9.300443649291992
TRAIN,7744dc51,4,0,1,7,1,1,0,10.1875,0.999962329864502,0.3915030062198639,0.3819282352924347,5,0.0095747709274292,11.195687294006348,2.391221046447754,10.20521354675293
TRAIN,7744dc51,4,1,2,7,1,1,0,11.0,0.9999833106994629,0.48269033432006836,0.522713840007782,1,-0.04002350568771362,10.624266624450684,1.914658546447754,9.502012252807617
TRAIN,7744dc51,4,2,3,7,1,1,0,11.4375,0.9999892711639404,0.40092936158180237,0.4390743374824524,1,-0.038144975900650024,9.70717716217041,1.828721046447754,8.84929370880127
TRAIN,7744dc51,4,3,4,7,1,1,0,11.1875,0.9999861717224121,0.2870778739452362,0.3113757073879242,1,-0.02429783344268799,10.013724327087402,2.070908546447754,9.085614204406738
TRAIN,7744dc51,4,4,5,7,1,1,0,10.3125,0.9999667406082153,0.44868147373199463,0.45497506856918335,1,-0.006293594837188721,10.025030136108398,1.820908546447754,8.924848556518555
TRAIN,7744dc51,4,5,6,7,1,1,0,10.0,0.9999545812606812,0.35516735911369324,0.3946615159511566,1,-0.03949415683746338,11.926101684570312,2.258408546447754,11.075323104858398
TRAIN,7744dc51,4,6,7,7,1,1,0,10.4375,0.9999706745147705,0.3402176797389984,0.37318533658981323,1,-0.03296765685081482,11.369379043579102,2.242783546447754,10.41170597076416
TRAIN,7744dc51,5,0,1,7,1,1,0,10.6875,0.9999772310256958,0.311958909034729,0.30626440048217773,5,0.0056945085525512695,11.33726692199707,2.305283546447754,10.514286041259766
TRAIN,7744dc51,5,1,2,7,1,1,0,11.0625,0.9999842643737793,0.40330982208251953,0.44398221373558044,1,-0.04067239165306091,9.867341995239258,1.711533546447754,8.680219650268555
TRAIN,7744dc51,5,2,3,7,1,1,0,11.25,0.999987006187439,0.30439701676368713,0.34069177508354187,1,-0.036294758319854736,11.29628849029541,2.422471046447754,10.524873733520508
TRAIN,7744dc51,5,3,4,7,1,1,0,11.25,0.999987006187439,0.2685026228427887,0.2858209013938904,1,-0.017318278551101685,12.19154167175293,2.3167507648468018,11.339116096496582
TRAIN,7744dc51,5,4,5,7,1,1,0,11.0625,0.9999842643737793,0.40226486325263977,0.42708897590637207,1,-0.0248241126537323,10.647892951965332,1.820908546447754,9.658432960510254
TRAIN,7744dc51,5,5,6,7,1,1,0,9.75,0.9999417066574097,0.40968573093414307,0.46590232849121094,1,-0.05621659755706787,11.029767990112305,1.906846046447754,10.075152397155762
TRAIN,7744dc51,5,6,7,7,1,1,0,10.75,0.9999785423278809,0.2976280450820923,0.33146587014198303,1,-0.03383782505989075,11.4590482711792,2.352158546447754,10.580533027648926
TRAIN,7744dc51,6,0,1,7,1,1,0,11.3125,0.9999877214431763,0.3916168212890625,0.3886878788471222,5,0.0029289424419403076,11.237691879272461,2.149033546447754,10.26159954071045
TRAIN,7744dc51,6,1,2,7,1,1,0,10.875,0.9999810457229614,0.3821614384651184,0.4071739912033081,1,-0.025012552738189697,9.87828254699707,1.711533546447754,8.878527641296387
TRAIN,7744dc51,6,2,3,7,1,1,0,11.0625,0.9999842643737793,0.3679298758506775,0.4066033363342285,1,-0.038673460483551025,10.024426460266113,2.211533546447754,9.051814079284668
TRAIN,7744dc51,6,3,4,7,1,1,0,10.75,0.9999785423278809,0.3547745645046234,0.386574923992157,5,-0.03180035948753357,9.351949691772461,1.7191596031188965,8.336199760437012
TRAIN,7744dc51,6,4,5,7,1,1,0,10.0,0.9999545812606812,0.45013174414634705,0.45565417408943176,1,-0.005522429943084717,11.486823081970215,1.9151583909988403,10.687671661376953
TRAIN,7744dc51,6,5,6,7,1,1,0,8.6875,0.9998313188552856,0.4571067690849304,0.5029460191726685,1,-0.04583925008773804,11.492400169372559,2.0395290851593018,10.405986785888672
TRAIN,7744dc51,6,6,7,7,1,1,0,10.0,0.9999545812606812,0.4075404107570648,0.4240889251232147,5,-0.016548514366149902,11.699516296386719,2.0394721031188965,10.689910888671875
TRAIN,7744dc51,7,0,1,7,1,1,0,10.875,0.9999810457229614,0.3195841312408447,0.3098752796649933,5,0.00970885157585144,11.144064903259277,2.180283546447754,10.351086616516113
TRAIN,7744dc51,7,1,2,7,1,1,0,11.0625,0.9999842643737793,0.4691425561904907,0.5115644931793213,1,-0.042421936988830566,9.252392768859863,1.4925971031188965,8.064257621765137
TRAIN,7744dc51,7,2,3,7,1,1,0,11.3125,0.9999877214431763,0.3564957082271576,0.391021728515625,1,-0.03452602028846741,10.489748001098633,2.211533546447754,9.569581031799316
TRAIN,7744dc51,7,3,4,7,1,1,0,10.375,0.9999687671661377,0.3205890357494354,0.3352925181388855,5,-0.014703482389450073,9.975075721740723,2.031846046447754,8.989860534667969
TRAIN,7744dc51,7,4,5,7,1,1,0,9.9375,0.9999517202377319,0.4669041037559509,0.4876539707183838,1,-0.02074986696243286,10.66088581085205,1.852158546447754,9.553873062133789
TRAIN,7744dc51,7,5,6,7,1,1,0,8.0625,0.9996849298477173,0.43767568469047546,0.4655950665473938,1,-0.027919381856918335,9.738706588745117,1.742783546447754,8.666390419006348
TRAIN,7744dc51,7,6,7,7,1,1,0,10.5,0.9999724626541138,0.2977936565876007,0.31329527497291565,1,-0.015501618385314941,12.470983505249023,2.422471046447754,11.63188648223877
TRAIN,7744dc51,8,0,1,7,1,1,0,11.1875,0.9999861717224121,0.3607271611690521,0.3588208556175232,5,0.0019063055515289307,11.237655639648438,2.297471046447754,10.334521293640137
TRAIN,7744dc51,8,1,2,7,1,1,0,10.1875,0.999962329864502,0.42729857563972473,0.4566681683063507,1,-0.029369592666625977,9.997681617736816,1.820908546447754,8.942808151245117
TRAIN,7744dc51,8,2,3,7,1,1,0,11.125,0.9999852180480957,0.37309446930885315,0.4028252363204956,1,-0.029730767011642456,10.407550811767578,2.086533546447754,9.521368980407715
TRAIN,7744dc51,8,3,4,7,1,1,0,10.5625,0.9999741315841675,0.3569563627243042,0.38611578941345215,1,-0.02915942668914795,9.084380149841309,1.774033546447754,8.037212371826172
TRAIN,7744dc51,8,4,5,7,1,1,0,10.4375,0.9999706745147705,0.427030473947525,0.43633681535720825,1,-0.009306341409683228,10.48660659790039,1.7709859609603882,9.661147117614746
TRAIN,7744dc51,8,5,6,7,1,1,0,8.0,0.9996646642684937,0.41077423095703125,0.4374380111694336,1,-0.026663780212402344,10.727678298950195,1.859971046447754,9.65817642211914
TRAIN,7744dc51,8,6,7,7,1,1,0,9.625,0.9999339580535889,0.2773299813270569,0.29032012820243835,1,-0.01299014687538147,12.561293601989746,2.602158546447754,11.712923049926758
TRAIN,7744dc51,9,0,1,7,1,1,0,11.25,0.999987006187439,0.34129488468170166,0.3204035758972168,5,0.020891308784484863,11.599985122680664,2.352158546447754,10.726930618286133
TRAIN,7744dc51,9,1,2,7,1,1,0,9.875,0.9999485015869141,0.3902301490306854,0.4208797812461853,1,-0.030649632215499878,10.508635520935059,1.922471046447754,9.527174949645996
TRAIN,7744dc51,9,2,3,7,1,1,0,10.8125,0.9999798536300659,0.33184996247291565,0.37460464239120483,1,-0.042754679918289185,10.275197982788086,2.125596046447754,9.451722145080566
TRAIN,7744dc51,9,3,4,7,1,1,0,11.3125,0.9999877214431763,0.4275798499584198,0.4869976043701172,1,-0.05941775441169739,11.091350555419922,1.8832790851593018,9.861802101135254
TRAIN,7744dc51,9,4,5,7,1,1,0,10.125,0.9999599456787109,0.39590898156166077,0.40442991256713867,1,-0.008520931005477905,10.60708999633789,1.8959859609603882,9.79626178741455
TRAIN,7744dc51,9,5,6,7,1,1,0,6.75,0.9988304972648621,0.40380722284317017,0.4605836272239685,1,-0.05677640438079834,12.82132339477539,2.043282985687256,12.052465438842773
TRAIN,7744dc51,9,6,7,7,1,1,0,10.8125,0.9999798536300659,0.24588996171951294,0.2771832048892975,1,-0.031293243169784546,12.729132652282715,2.539658546447754,11.947370529174805
TRAIN,7744dc51,10,0,1,7,1,1,0,10.625,0.9999756813049316,0.3167070746421814,0.3088737726211548,5,0.007833302021026611,12.054040908813477,2.422471046447754,11.142934799194336
TRAIN,7744dc51,10,1,2,7,1,1,0,10.8125,0.9999798536300659,0.37167614698410034,0.40514758229255676,1,-0.03347143530845642,11.038536071777344,2.031846046447754,10.097363471984863
TRAIN,7744dc51,10,2,3,7,1,1,0,11.0625,0.9999842643737793,0.3937346041202545,0.4434545636177063,1,-0.04971995949745178,9.46054458618164,1.899033546447754,8.440181732177734
TRAIN,7744dc51,10,3,4,7,1,1,0,11.25,0.999987006187439,0.3861585855484009,0.4106922149658203,5,-0.024533629417419434,10.696155548095703,1.8196808099746704,9.895000457763672
TRAIN,7744dc51,10,4,5,7,1,1,0,10.1875,0.999962329864502,0.45093050599098206,0.46996423602104187,1,-0.019033730030059814,10.401732444763184,1.883408546447754,9.337624549865723
TRAIN,7744dc51,10,5,6,7,1,1,0,4.96875,0.9930961728096008,0.36159375309944153,0.40965569019317627,1,-0.04806193709373474,10.770894050598145,1.8292208909988403,10.120284080505371
TRAIN,7744dc51,10,6,7,7,1,1,0,10.6875,0.9999772310256958,0.2918620705604553,0.3283018469810486,1,-0.03643977642059326,12.073420524597168,2.305283546447754,11.229531288146973
TRAIN,7744dc51,11,0,1,7,1,1,0,11.0625,0.9999842643737793,0.34666702151298523,0.333478718996048,5,0.013188302516937256,11.681912422180176,2.250596046447754,10.782837867736816
TRAIN,7744dc51,11,1,2,7,1,1,0,10.1875,0.999962329864502,0.3857203722000122,0.41258180141448975,1,-0.02686142921447754,10.918228149414062,1.922471046447754,9.881649017333984
TRAIN,7744dc51,11,2,3,7,1,1,0,10.4375,0.9999706745147705,0.4425112009048462,0.4924812316894531,1,-0.049970030784606934,9.826348304748535,1.703721046447754,8.859918594360352
TRAIN,7744dc51,11,3,4,7,1,1,0,10.875,0.9999810457229614,0.46521681547164917,0.49758750200271606,1,-0.032370686531066895,10.818459510803223,1.875596046447754,9.706531524658203
TRAIN,7744dc51,11,4,5,7,1,1,0,10.0625,0.9999573230743408,0.4818130135536194,0.5089104175567627,1,-0.02709740400314331,11.195170402526855,2.031846046447754,9.993557929992676
TRAIN,7744dc51,11,5,6,7,1,1,0,4.5,0.9890130758285522,0.34927189350128174,0.3973539173603058,1,-0.04808202385902405,11.946742057800293,2.1381733417510986,11.337974548339844
TRAIN,7744dc51,11,6,7,7,1,1,0,10.3125,0.9999667406082153,0.2999761998653412,0.3207615315914154,1,-0.02078533172607422,12.938552856445312,2.336533546447754,12.077851295471191
TRAIN,7744dc51,12,0,1,7,1,1,0,9.625,0.9999339580535889,0.38134321570396423,0.38590845465660095,5,-0.004565238952636719,11.803813934326172,2.1800971031188965,10.875375747680664
TRAIN,7744dc51,12,1,2,7,1,1,0,9.5625,0.999929666519165,0.39169880747795105,0.43258777260780334,1,-0.040888965129852295,10.215699195861816,1.820908546447754,9.19457721710205
TRAIN,7744dc51,12,2,3,7,1,1,0,10.8125,0.9999798536300659,0.38571733236312866,0.4136715233325958,1,-0.027954190969467163,9.670149803161621,1.664658546447754,8.818221092224121
TRAIN,7744dc51,12,3,4,7,1,1,0,10.625,0.9999756813049316,0.33660146594047546,0.3717484474182129,1,-0.03514698147773743,11.134692192077637,2.086533546447754,10.113008499145508
TRAIN,7744dc51,12,4,5,7,1,1,0,10.0625,0.9999573230743408,0.29464253783226013,0.3055388629436493,1,-0.01089632511138916,11.068516731262207,2.344346046447754,10.29514217376709
TRAIN,7744dc51,12,5,6,7,1,1,0,6.15625,0.9978843331336975,0.3297966718673706,0.34133604168891907,1,-0.011539369821548462,11.780567169189453,2.2319233417510986,11.127331733703613
TRAIN,7744dc51,12,6,7,7,1,1,0,9.3125,0.9999097585678101,0.28724437952041626,0.3026124835014343,5,-0.015368103981018066,12.234848022460938,2.242783546447754,11.324116706848145
TRAIN,7744dc51,13,0,1,7,1,1,0,12.0625,0.9999942779541016,0.40265393257141113,0.37029218673706055,5,0.032361745834350586,11.546581268310547,1.9144721031188965,10.649022102355957
TRAIN,7744dc51,13,1,2,7,1,1,0,10.3125,0.9999667406082153,0.36465543508529663,0.40276598930358887,1,-0.038110554218292236,10.865516662597656,1.867783546447754,9.844558715820312
TRAIN,7744dc51,13,2,3,7,1,1,0,9.9375,0.9999517202377319,0.3787664473056793,0.41922736167907715,1,-0.04046091437339783,9.207803726196289,1.586533546447754,8.335548400878906
TRAIN,7744dc51,13,3,4,7,1,1,0,11.4375,0.9999892711639404,0.3768629729747772,0.4076424837112427,1,-0.030779510736465454,11.103653907775879,1.961533546447754,9.988478660583496
TRAIN,7744dc51,13,4,5,7,1,1,0,10.625,0.9999756813049316,0.38353410363197327,0.41615113615989685,1,-0.032617032527923584,10.683907508850098,1.891221046447754,9.735867500305176
TRAIN,7744dc51,13,5,6,7,1,1,0,7.40625,0.9993928670883179,0.466862291097641,0.4977058470249176,1,-0.03084355592727661,9.80052375793457,1.5745331048965454,8.692716598510742
TRAIN,7744dc51,13,6,7,7,1,1,0,10.25,0.9999645948410034,0.3134309947490692,0.35082194209098816,1,-0.037390947341918945,12.303914070129395,2.2073757648468018,11.447471618652344
TRAIN,7744dc51,14,0,1,7,1,1,0,11.5625,0.9999904632568359,0.310646116733551,0.3059561550617218,5,0.004689961671829224,11.653613090515137,2.359971046447754,10.763275146484375
TRAIN,7744dc51,14,1,2,7,1,1,0,10.125,0.9999599456787109,0.3647416830062866,0.3914916515350342,1,-0.02674996852874756,11.287793159484863,2.266221046447754,10.303659439086914
TRAIN,7744dc51,14,2,3,7,1,1,0,9.875,0.9999485015869141,0.33694034814834595,0.3545006215572357,1,-0.01756027340888977,9.347529411315918,1.734971046447754,8.595666885375977
TRAIN,7744dc51,14,3,4,7,1,1,0,10.5625,0.9999741315841675,0.33664411306381226,0.3731505572795868,1,-0.036506444215774536,11.655815124511719,2.320908546447754,10.661888122558594
TRAIN,7744dc51,14,4,5,7,1,1,0,9.8125,0.9999452829360962,0.37651577591896057,0.39877253770828247,1,-0.0222567617893219,10.608905792236328,1.883408546447754,9.771882057189941
TRAIN,7744dc51,14,5,6,7,1,1,0,7.84375,0.9996079802513123,0.5027058720588684,0.5369070172309875,1,-0.03420114517211914,11.255427360534668,1.7667208909988403,10.076847076416016
TRAIN,7744dc51,14,6,7,7,1,1,0,9.875,0.9999485015869141,0.32871878147125244,0.35229045152664185,1,-0.023571670055389404,12.679981231689453,2.320908546447754,11.725855827331543
TRAIN,7744dc51,15,0,1,7,1,1,0,11.8125,0.9999926090240479,0.3155604898929596,0.302557110786438,5,0.013003379106521606,12.130315780639648,2.367783546447754,11.283087730407715
TRAIN,7744dc51,15,1,2,7,1,1,0,10.0,0.9999545812606812,0.39338645339012146,0.44080039858818054,1,-0.04741394519805908,10.835919380187988,1.8207221031188965,9.9789457321167
TRAIN,7744dc51,15,2,3,7,1,1,0,10.4375,0.9999706745147705,0.3370487093925476,0.3573262691497803,1,-0.020277559757232666,9.973130226135254,1.8480007648468018,9.184317588806152
TRAIN,7744dc51,15,3,4,7,1,1,0,11.125,0.9999852180480957,0.2772456407546997,0.31173115968704224,1,-0.03448551893234253,12.130017280578613,2.422471046447754,11.37643814086914
TRAIN,7744dc51,15,4,5,7,1,1,0,9.625,0.9999339580535889,0.37706258893013,0.40541088581085205,1,-0.028348296880722046,10.375993728637695,1.6850484609603882,9.647665023803711
TRAIN,7744dc51,15,5,6,7,1,1,0,8.0625,0.9996849298477173,0.2674311697483063,0.30372050404548645,1,-0.036289334297180176,12.581575393676758,2.711533546447754,11.757533073425293
TRAIN,7744dc51,15,6,7,7,1,1,0,9.75,0.9999417066574097,0.29339364171028137,0.3246784210205078,1,-0.03128477931022644,13.124281883239746,2.289658546447754,12.288033485412598
TRAIN,7744dc51,16,0,1,7,1,1,0,10.75,0.9999785423278809,0.31727856397628784,0.31484830379486084,5,0.002430260181427002,12.001442909240723,2.375596046447754,11.120586395263672
TRAIN,7744dc51,16,1,2,7,1,1,0,10.1875,0.999962329864502,0.4077140986919403,0.44950518012046814,1,-0.04179108142852783,10.000340461730957,1.672471046447754,9.020148277282715
TRAIN,7744dc51,16,2,3,7,1,1,0,10.4375,0.9999706745147705,0.3054783046245575,0.3249392509460449,1,-0.019460946321487427,10.0811185836792,1.8636257648468018,9.407307624816895
TRAIN,7744dc51,16,3,4,7,1,1,0,10.9375,0.9999822378158569,0.3089330196380615,0.32027357816696167,5,-0.011340558528900146,11.836791038513184,2.555283546447754,10.972136497497559
TRAIN,7744dc51,16,4,5,7,1,1,0,10.4375,0.9999706745147705,0.43742507696151733,0.4663793742656708,1,-0.028954297304153442,11.299241065979004,1.820908546447754,10.363537788391113
TRAIN,7744dc51,16,5,6,7,1,1,0,7.96875,0.9996540546417236,0.3459554612636566,0.3745676279067993,1,-0.0286121666431427,12.787492752075195,2.4194233417510986,12.034553527832031
TRAIN,7744dc51,16,6,7,7,1,1,0,9.8125,0.9999452829360962,0.30794557929039,0.3296070992946625,1,-0.02166152000427246,13.006134986877441,2.477158546447754,12.130859375
TRAIN,7744dc51,17,0,1,7,1,1,0,10.6875,0.9999772310256958,0.3379358649253845,0.3298667073249817,5,0.008069157600402832,11.84696102142334,2.352158546447754,10.976593971252441
TRAIN,7744dc51,17,1,2,7,1,1,0,10.75,0.9999785423278809,0.386461466550827,0.42517510056495667,1,-0.03871363401412964,10.108445167541504,1.789658546447754,9.278371810913086
TRAIN,7744dc51,17,2,3,7,1,1,0,10.5,0.9999724626541138,0.30970048904418945,0.3210574984550476,1,-0.011357009410858154,10.347203254699707,1.930283546447754,9.668089866638184
TRAIN,7744dc51,17,3,4,7,1,1,0,10.5625,0.9999741315841675,0.28117668628692627,0.31434687972068787,1,-0.0331701934337616,11.746747970581055,2.539658546447754,10.939606666564941
TRAIN,7744dc51,17,4,5,7,1,1,0,10.5,0.9999724626541138,0.3926254212856293,0.42154058814048767,1,-0.0289151668548584,11.82241153717041,2.391221046447754,10.913433074951172
TRAIN,7744dc51,17,5,6,7,1,1,0,7.875,0.9996199607849121,0.3003239333629608,0.32445138692855835,1,-0.024127453565597534,13.204018592834473,2.617783546447754,12.353716850280762
TRAIN,7744dc51,17,6,7,7,1,1,0,10.4375,0.9999706745147705,0.40476664900779724,0.43407946825027466,1,-0.029312819242477417,11.272007942199707,1.9300971031188965,10.42328929901123
TRAIN,7744dc51,18,0,1,7,1,1,0,10.5,0.9999724626541138,0.3403577208518982,0.327869176864624,5,0.01248854398727417,11.749098777770996,2.281846046447754,10.794698715209961
TRAIN,7744dc51,18,1,2,7,1,1,0,8.25,0.9997387528419495,0.3840610980987549,0.41451495885849,1,-0.030453860759735107,10.05225658416748,1.766221046447754,9.167780876159668
TRAIN,7744dc51,18,2,3,7,1,1,0,10.3125,0.9999667406082153,0.33549922704696655,0.3514684736728668,1,-0.01596924662590027,10.45962142944336,1.899033546447754,9.6891508102417
TRAIN,7744dc51,18,3,4,7,1,1,0,11.125,0.9999852180480957,0.2513933479785919,0.2763042151927948,1,-0.02491086721420288,12.155542373657227,2.570908546447754,11.36756706237793
TRAIN,7744dc51,18,4,5,7,1,1,0,10.4375,0.9999706745147705,0.35500577092170715,0.360970675945282,1,-0.005964905023574829,11.376716613769531,2.352158546447754,10.499560356140137
TRAIN,7744dc51,18,5,6,7,1,1,0,7.75,0.9995694756507874,0.337322860956192,0.34837350249290466,1,-0.011050641536712646,12.121216773986816,2.430283546447754,11.093191146850586
TRAIN,7744dc51,18,6,7,7,1,1,0,9.875,0.9999485015869141,0.3260117173194885,0.3533942699432373,1,-0.02738255262374878,11.020580291748047,1.961533546447754,10.240278244018555
TRAIN,7744dc51,19,0,1,7,1,1,0,10.5625,0.9999741315841675,0.4274322986602783,0.395797461271286,5,0.03163483738899231,10.913296699523926,2.000596046447754,9.893451690673828
TRAIN,7744dc51,19,1,2,7,1,1,0,9.5625,0.999929666519165,0.37195318937301636,0.41187408566474915,1,-0.03992089629173279,10.226129531860352,2.055283546447754,9.190114974975586
TRAIN,7744dc51,19,2,3,7,1,1,0,10.25,0.9999645948410034,0.34443363547325134,0.37134313583374023,1,-0.02690950036048889,9.56049919128418,1.899033546447754,8.748093605041504
TRAIN,7744dc51,19,3,4,7,1,1,0,10.9375,0.9999822378158569,0.32643944025039673,0.3667951822280884,1,-0.04035574197769165,10.87119197845459,2.305283546447754,9.953828811645508
TRAIN,7744dc51,19,4,5,7,1,1,0,10.4375,0.9999706745147705,0.41334986686706543,0.44040584564208984,1,-0.027055978775024414,11.564340591430664,2.344346046447754,10.530818939208984
TRAIN,7744dc51,19,5,6,7,1,1,0,7.53125,0.999464213848114,0.324422150850296,0.34870052337646484,1,-0.024278372526168823,12.794105529785156,2.305283546447754,11.81098461151123
TRAIN,7744dc51,19,6,7,7,1,1,0,10.5,0.9999724626541138,0.3429182171821594,0.3818887174129486,1,-0.038970500230789185,12.487943649291992,2.4037983417510986,11.822134017944336
TRAIN,7744dc51,20,0,1,7,1,1,0,10.0625,0.9999573230743408,0.4540390968322754,0.4179166853427887,5,0.036122411489486694,10.717853546142578,1.734971046447754,9.736430168151855
TRAIN,7744dc51,20,1,2,7,1,1,0,9.0625,0.9998840093612671,0.3750127851963043,0.4284319579601288,1,-0.05341917276382446,10.039216995239258,1.6057831048965454,9.199938774108887
TRAIN,7744dc51,20,2,3,7,1,1,0,10.5625,0.9999741315841675,0.35836148262023926,0.3903271555900574,1,-0.031965672969818115,9.193992614746094,1.875596046447754,8.22221851348877
TRAIN,7744dc51,20,3,4,7,1,1,0,10.875,0.9999810457229614,0.3417295515537262,0.3802291750907898,1,-0.0384996235370636,10.76345443725586,2.117783546447754,9.735248565673828
TRAIN,7744dc51,20,4,5,7,1,1,0,9.6875,0.999937891960144,0.3448173403739929,0.3550994396209717,1,-0.01028209924697876,11.717392921447754,2.274033546447754,10.826373100280762
TRAIN,7744dc51,20,5,6,7,1,1,0,7.34375,0.99935382604599,0.3145940899848938,0.3547656238079071,1,-0.040171533823013306,11.68313217163086,2.039658546447754,10.82007884979248
TRAIN,7744dc51,20,6,7,7,1,1,0,9.5625,0.999929666519165,0.3752400577068329,0.43417888879776,1,-0.058938831090927124,11.49913215637207,1.8526583909988403,10.685236930847168
TRAIN,7744dc51,21,0,1,7,1,1,0,11.1875,0.9999861717224121,0.4037322700023651,0.38815468549728394,5,0.015577584505081177,10.14313793182373,2.000596046447754,9.165267944335938
TRAIN,7744dc51,21,1,2,7,1,1,0,10.375,0.9999687671661377,0.40050873160362244,0.43791496753692627,1,-0.03740623593330383,9.412824630737305,1.625596046447754,8.451775550842285
TRAIN,7744dc51,21,2,3,7,1,1,0,9.6875,0.999937891960144,0.3342180848121643,0.3633441627025604,1,-0.029126077890396118,9.374227523803711,1.969346046447754,8.536995887756348
TRAIN,7744dc51,21,3,4,7,1,1,0,11.1875,0.9999861717224121,0.3819161057472229,0.40284645557403564,5,-0.020930349826812744,11.743876457214355,2.203721046447754,10.66165542602539
TRAIN,7744dc51,21,4,5,7,1,1,0,10.125,0.9999599456787109,0.3571811020374298,0.37195223569869995,1,-0.014771133661270142,10.258697509765625,1.859971046447754,9.336880683898926
TRAIN,7744dc51,21,5,6,7,1,1,0,8.4375,0.999783456325531,0.38786381483078003,0.40106430649757385,1,-0.013200491666793823,10.95566177368164,1.9457221031188965,10.076571464538574
TRAIN,7744dc51,21,6,7,7,1,1,0,7.90625,0.9996316432952881,0.31673765182495117,0.35026684403419495,1,-0.033529192209243774,11.57718276977539,2.1069233417510986,11.014206886291504
TRAIN,7744dc51,22,0,1,7,1,1,0,10.0,0.9999545812606812,0.371588796377182,0.35619181394577026,5,0.015396982431411743,10.637402534484863,2.172471046447754,9.74656867980957
TRAIN,7744dc51,22,1,2,7,1,1,0,10.3125,0.9999667406082153,0.369398295879364,0.4068506062030792,1,-0.03745231032371521,9.475557327270508,1.961533546447754,8.439133644104004
TRAIN,7744dc51,22,2,3,7,1,1,0,9.8125,0.9999452829360962,0.35572609305381775,0.3678390681743622,1,-0.012112975120544434,9.514148712158203,2.000596046447754,8.688370704650879
TRAIN,7744dc51,22,3,4,7,1,1,0,11.3125,0.9999877214431763,0.3515658378601074,0.3785178065299988,1,-0.026951968669891357,10.923112869262695,2.188096046447754,9.964489936828613
TRAIN,7744dc51,22,4,5,7,1,1,0,10.4375,0.9999706745147705,0.3767041265964508,0.39032337069511414,1,-0.01361924409866333,11.0532865524292,2.117783546447754,10.0322847366333
TRAIN,7744dc51,22,5,6,7,1,1,0,7.625,0.9995121955871582,0.4249219000339508,0.428439199924469,5,-0.0035172998905181885,11.372017860412598,2.0550971031188965,10.430817604064941
TRAIN,7744dc51,22,6,7,7,1,1,0,9.25,0.9999039173126221,0.37730172276496887,0.4114573895931244,1,-0.03415566682815552,11.496231079101562,2.1537983417510986,10.791202545166016
TRAIN,7744dc51,23,0,1,7,1,1,0,9.4375,0.9999203681945801,0.43139615654945374,0.3995562195777893,5,0.03183993697166443,10.538727760314941,1.938096046447754,9.565402030944824
TRAIN,7744dc51,23,1,2,7,1,1,0,10.375,0.9999687671661377,0.3255023658275604,0.36078834533691406,1,-0.03528597950935364,10.100129127502441,2.359971046447754,9.125381469726562
TRAIN,7744dc51,23,2,3,7,1,1,0,9.6875,0.999937891960144,0.3147100508213043,0.3253227472305298,1,-0.010612696409225464,9.855847358703613,1.797471046447754,9.210665702819824
TRAIN,7744dc51,23,3,4,7,1,1,0,11.1875,0.9999861717224121,0.27916932106018066,0.31316325068473816,1,-0.033993929624557495,10.990276336669922,2.266221046447754,10.172207832336426
TRAIN,7744dc51,23,4,5,7,1,1,0,10.8125,0.9999798536300659,0.43897050619125366,0.4616847038269043,1,-0.022714197635650635,10.868399620056152,1.7743337154388428,9.93186092376709
TRAIN,7744dc51,23,5,6,7,1,1,0,8.4375,0.999783456325531,0.3298426866531372,0.3639429807662964,1,-0.03410029411315918,11.616929054260254,2.195908546447754,10.664056777954102
TRAIN,7744dc51,23,6,7,7,1,1,0,8.9375,0.999868631362915,0.41371622681617737,0.45412778854370117,1,-0.040411561727523804,11.454216003417969,1.8539959192276,10.460290908813477
TRAIN,7744dc51,24,0,1,7,1,1,0,9.4375,0.9999203681945801,0.36205214262008667,0.3429008424282074,5,0.019151300191879272,11.075096130371094,2.359971046447754,10.199760437011719
TRAIN,7744dc51,24,1,2,7,1,1,0,10.4375,0.9999706745147705,0.3100222051143646,0.33236971497535706,1,-0.02234750986099243,10.63987922668457,2.422471046447754,9.761285781860352
TRAIN,7744dc51,24,2,3,7,1,1,0,9.8125,0.9999452829360962,0.3489712178707123,0.37504878640174866,1,-0.026077568531036377,9.383615493774414,1.750596046447754,8.469408988952637
TRAIN,7744dc51,24,3,4,7,1,1,0,11.0625,0.9999842643737793,0.30917060375213623,0.35064905881881714,1,-0.04147845506668091,11.210241317749023,2.094346046447754,10.306374549865723
TRAIN,7744dc51,24,4,5,7,1,1,0,9.6875,0.999937891960144,0.3889271914958954,0.409334659576416,1,-0.02040746808052063,10.516292572021484,2.172471046447754,9.47031021118164
TRAIN,7744dc51,24,5,6,7,1,1,0,9.3125,0.9999097585678101,0.43440237641334534,0.48990970849990845,1,-0.05550733208656311,11.079771995544434,1.8442165851593018,10.11375904083252
TRAIN,7744dc51,24,6,7,7,1,1,0,8.3125,0.9997546076774597,0.3618738651275635,0.3881029188632965,1,-0.026229053735733032,10.897758483886719,1.922471046447754,10.018662452697754
TRAIN,7744dc51,25,0,1,7,1,1,0,9.8125,0.9999452829360962,0.38250064849853516,0.36394163966178894,5,0.018559008836746216,11.128641128540039,2.461533546447754,10.1675386428833
TRAIN,7744dc51,25,1,2,7,1,1,0,11.5,0.9999898672103882,0.3972574770450592,0.43281877040863037,1,-0.03556129336357117,10.119366645812988,2.149033546447754,9.134505271911621
TRAIN,7744dc51,25,2,3,7,1,1,0,10.125,0.9999599456787109,0.37080106139183044,0.4039148986339569,1,-0.033113837242126465,9.513029098510742,1.938096046447754,8.523454666137695
TRAIN,7744dc51,25,3,4,7,1,1,0,11.25,0.999987006187439,0.3630354404449463,0.39392730593681335,1,-0.030891865491867065,10.537025451660156,2.055283546447754,9.55862808227539
TRAIN,7744dc51,25,4,5,7,1,1,0,9.625,0.9999339580535889,0.40446075797080994,0.4061882495880127,1,-0.0017274916172027588,11.023183822631836,2.344346046447754,9.871735572814941
TRAIN,7744dc51,25,5,6,7,1,1,0,8.4375,0.999783456325531,0.3925989866256714,0.42023709416389465,1,-0.027638107538223267,10.828811645507812,2.008408546447754,9.804362297058105
TRAIN,7744dc51,25,6,7,7,1,1,0,8.1875,0.9997219443321228,0.3657636046409607,0.3852943480014801,1,-0.01953074336051941,11.543038368225098,2.1069233417510986,10.76999282836914
TRAIN,7744dc51,26,0,1,7,1,1,0,10.25,0.9999645948410034,0.3861875534057617,0.36438611149787903,5,0.02180144190788269,10.492532730102539,2.289658546447754,9.504731178283691
TRAIN,7744dc51,26,1,2,7,1,1,0,11.75,0.9999921321868896,0.45910346508026123,0.503079354763031,1,-0.043975889682769775,9.52527141571045,1.820908546447754,8.411569595336914
TRAIN,7744dc51,26,2,3,7,1,1,0,10.0625,0.9999573230743408,0.31916043162345886,0.34299108386039734,1,-0.023830652236938477,10.910163879394531,2.133408546447754,10.096846580505371
TRAIN,7744dc51,26,3,4,7,1,1,0,12.3125,0.9999954700469971,0.31059423089027405,0.32733073830604553,1,-0.016736507415771484,10.673262596130371,2.258408546447754,9.767133712768555
TRAIN,7744dc51,26,4,5,7,1,1,0,10.4375,0.9999706745147705,0.38025885820388794,0.3825036883354187,1,-0.0022448301315307617,10.761902809143066,1.836533546447754,9.834117889404297
TRAIN,7744dc51,26,5,6,7,1,1,0,8.9375,0.999868631362915,0.3728641867637634,0.4104827046394348,1,-0.03761851787567139,10.861295700073242,2.016221046447754,9.881508827209473
TRAIN,7744dc51,26,6,7,7,1,1,0,7.75,0.9995694756507874,0.4357264041900635,0.46543654799461365,1,-0.02971014380455017,11.22239875793457,1.914658546447754,10.137933731079102
TRAIN,7744dc51,27,0,1,7,1,1,0,10.625,0.9999756813049316,0.40529873967170715,0.3852714002132416,5,0.020027339458465576,11.21910572052002,2.445908546447754,10.266222953796387
TRAIN,7744dc51,27,1,2,7,1,1,0,11.3125,0.9999877214431763,0.3528901934623718,0.3800581991672516,1,-0.02716800570487976,10.291342735290527,2.453721046447754,9.286184310913086
TRAIN,7744dc51,27,2,3,7,1,1,0,9.9375,0.9999517202377319,0.31951195001602173,0.3515709340572357,1,-0.03205898404121399,10.294095993041992,2.047471046447754,9.502020835876465
TRAIN,7744dc51,27,3,4,7,1,1,0,11.875,0.999993085861206,0.3723392188549042,0.4151431918144226,1,-0.04280397295951843,11.808853149414062,2.2113471031188965,10.768963813781738
TRAIN,7744dc51,27,4,5,7,1,1,0,10.375,0.9999687671661377,0.3673713505268097,0.381397545337677,1,-0.01402619481086731,10.51031494140625,1.7816596031188965,9.679253578186035
TRAIN,7744dc51,27,5,6,7,1,1,0,8.8125,0.9998511075973511,0.4216485321521759,0.4774238169193268,1,-0.05577528476715088,10.811413764953613,1.8207790851593018,9.806572914123535
TRAIN,7744dc51,27,6,7,7,1,1,0,8.0,0.9996646642684937,0.3656986653804779,0.4147877097129822,1,-0.04908904433250427,10.844718933105469,2.102158546447754,9.876132011413574
TRAIN,7744dc51,28,0,1,7,1,1,0,11.25,0.999987006187439,0.36322060227394104,0.3346279263496399,5,0.028592675924301147,10.747178077697754,2.024033546447754,9.939278602600098
TRAIN,7744dc51,28,1,2,7,1,1,0,12.1875,0.9999948740005493,0.357664555311203,0.4044508635997772,1,-0.04678630828857422,9.606865882873535,1.992783546447754,8.65945816040039
TRAIN,7744dc51,28,2,3,7,1,1,0,9.625,0.9999339580535889,0.33677107095718384,0.36604341864585876,1,-0.029272347688674927,9.679756164550781,1.984971046447754,8.78191089630127
TRAIN,7744dc51,28,3,4,7,1,1,0,11.75,0.9999921321868896,0.36895233392715454,0.42740416526794434,1,-0.058451831340789795,11.237804412841797,1.9066596031188965,10.081483840942383
TRAIN,7744dc51,28,4,5,7,1,1,0,10.1875,0.999962329864502,0.4436485171318054,0.46671149134635925,1,-0.023062974214553833,10.095231056213379,2.016221046447754,8.974052429199219
TRAIN,7744dc51,28,5,6,7,1,1,0,8.8125,0.9998511075973511,0.44466009736061096,0.48263534903526306,1,-0.0379752516746521,11.569317817687988,1.9145290851593018,10.319828987121582
TRAIN,7744dc51,28,6,7,7,1,1,0,8.5625,0.9998089671134949,0.4110368490219116,0.4508005678653717,1,-0.03976371884346008,11.349714279174805,1.867783546447754,10.282228469848633
TRAIN,7744dc51,29,0,1,7,1,1,0,11.8125,0.9999926090240479,0.299780935049057,0.28802672028541565,5,0.011754214763641357,12.142814636230469,2.602158546447754,11.2481050491333
TRAIN,7744dc51,29,1,2,7,1,1,0,12.375,0.9999958276748657,0.31180742383003235,0.3471831679344177,1,-0.035375744104385376,10.335749626159668,2.281846046447754,9.490555763244629
TRAIN,7744dc51,29,2,3,7,1,1,0,10.125,0.9999599456787109,0.3597366213798523,0.3902275264263153,1,-0.030490905046463013,9.355432510375977,1.906846046447754,8.429229736328125
TRAIN,7744dc51,29,3,4,7,1,1,0,12.25,0.999995231628418,0.30378493666648865,0.34941649436950684,1,-0.04563155770301819,11.78915786743164,2.133408546447754,10.868807792663574
TRAIN,7744dc51,29,4,5,7,1,1,0,11.125,0.9999852180480957,0.37884318828582764,0.39830994606018066,1,-0.019466757774353027,10.928449630737305,2.086533546447754,10.004578590393066
TRAIN,7744dc51,29,5,6,7,1,1,0,8.875,0.9998601675033569,0.37930065393447876,0.42309775948524475,1,-0.04379710555076599,11.296760559082031,1.9066596031188965,10.420174598693848
TRAIN,7744dc51,29,6,7,7,1,1,0,9.1875,0.9998977184295654,0.3309495747089386,0.3808489441871643,1,-0.04989936947822571,11.655179977416992,2.031846046447754,10.733076095581055
TRAIN,7744dc51,30,0,1,7,1,1,0,11.5625,0.9999904632568359,0.3424501419067383,0.32056140899658203,5,0.02188873291015625,10.94863510131836,2.117783546447754,10.166595458984375
TRAIN,7744dc51,30,1,2,7,1,1,0,12.375,0.9999958276748657,0.35149163007736206,0.3934168815612793,1,-0.041925251483917236,10.551895141601562,2.234971046447754,9.650676727294922
TRAIN,7744dc51,30,2,3,7,1,1,0,9.9375,0.9999517202377319,0.3570704162120819,0.39430469274520874,1,-0.03723427653312683,9.384293556213379,1.899033546447754,8.449372291564941
TRAIN,7744dc51,30,3,4,7,1,1,0,11.5,0.9999898672103882,0.327594518661499,0.3881565034389496,1,-0.06056198477745056,11.81126594543457,2.0863471031188965,10.795174598693848
TRAIN,7744dc51,30,4,5,7,1,1,0,10.8125,0.9999798536300659,0.4485936760902405,0.468700647354126,1,-0.020106971263885498,10.365002632141113,1.6260958909988403,9.396018028259277
TRAIN,7744dc51,30,5,6,7,1,1,0,8.5,0.9997965693473816,0.42005231976509094,0.4534590542316437,1,-0.033406734466552734,10.301948547363281,1.734971046447754,9.227241516113281
TRAIN,7744dc51,30,6,7,7,1,1,0,7.90625,0.9996316432952881,0.3559199869632721,0.41107654571533203,1,-0.055156558752059937,11.29909610748291,1.789658546447754,10.326797485351562
TRAIN,7744dc51,31,0,1,7,1,1,0,12.1875,0.9999948740005493,0.3806551992893219,0.34745460748672485,5,0.033200591802597046,10.256146430969238,1.953721046447754,9.457390785217285
TRAIN,7744dc51,31,1,2,7,1,1,0,12.5,0.9999963045120239,0.36688143014907837,0.39989084005355835,1,-0.03300940990447998,10.601081848144531,2.391221046447754,9.619168281555176
TRAIN,7744dc51,31,2,3,7,1,1,0,10.0625,0.9999573230743408,0.3396090269088745,0.36430639028549194,1,-0.02469736337661743,9.615598678588867,2.047471046447754,8.692641258239746
TRAIN,7744dc51,31,3,4,7,1,1,0,11.75,0.9999921321868896,0.2752813398838043,0.31048011779785156,1,-0.03519877791404724,11.2733154296875,2.2542507648468018,10.490447998046875
TRAIN,7744dc51,31,4,5,7,1,1,0,11.625,0.9999910593032837,0.47364458441734314,0.47627851366996765,1,-0.0026339292526245117,10.71437931060791,1.6743084192276,9.641846656799316
TRAIN,7744dc51,31,5,6,7,1,1,0,7.59375,0.9994966983795166,0.44396352767944336,0.49210578203201294,1,-0.04814225435256958,10.164496421813965,1.6097846031188965,9.173446655273438
TRAIN,7744dc51,31,6,7,7,1,1,0,7.6875,0.9995417594909668,0.3724501132965088,0.4277447462081909,1,-0.05529463291168213,10.937984466552734,1.688096046447754,9.964643478393555
TRAIN,7744dc51,32,0,1,7,1,1,0,11.125,0.9999852180480957,0.33943161368370056,0.3146098554134369,5,0.024821758270263672,12.021834373474121,2.359971046447754,11.121057510375977
TRAIN,7744dc51,32,1,2,7,1,1,0,12.0,0.9999938011169434,0.31384027004241943,0.3473025858402252,1,-0.033462315797805786,10.153489112854004,2.211533546447754,9.303618431091309
TRAIN,7744dc51,32,2,3,7,1,1,0,9.8125,0.9999452829360962,0.295317679643631,0.3236347734928131,1,-0.02831709384918213,9.988347053527832,2.000596046447754,9.195357322692871
TRAIN,7744dc51,32,3,4,7,1,1,0,11.1875,0.9999861717224121,0.292583703994751,0.3189617097377777,1,-0.026378005743026733,11.658392906188965,2.2542507648468018,11.063017845153809
TRAIN,7744dc51,32,4,5,7,1,1,0,10.0,0.9999545812606812,0.36047476530075073,0.3794040381908417,1,-0.018929272890090942,11.272103309631348,2.031846046447754,10.445801734924316
TRAIN,7744dc51,32,5,6,7,1,1,0,7.96875,0.9996540546417236,0.3635467290878296,0.3995670676231384,1,-0.03602033853530884,11.17191219329834,1.906846046447754,10.249886512756348
TRAIN,7744dc51,32,6,7,7,1,1,0,8.0625,0.9996849298477173,0.3183463513851166,0.38024187088012695,1,-0.061895519495010376,11.298748016357422,1.899033546447754,10.420907020568848
TRAIN,7744dc51,33,0,1,7,1,1,0,12.1875,0.9999948740005493,0.30570346117019653,0.28675734996795654,5,0.01894611120223999,11.41478443145752,2.367783546447754,10.59759521484375
TRAIN,7744dc51,33,1,2,7,1,1,0,12.5625,0.999996542930603,0.3516101539134979,0.38395413756370544,1,-0.03234398365020752,9.126941680908203,1.899033546447754,8.111288070678711
TRAIN,7744dc51,33,2,3,7,1,1,0,10.1875,0.999962329864502,0.29741376638412476,0.3206064701080322,1,-0.02319270372390747,10.46823501586914,1.8792507648468018,9.835121154785156
TRAIN,7744dc51,33,3,4,7,1,1,0,10.4375,0.9999706745147705,0.3144315779209137,0.3420258164405823,1,-0.02759423851966858,10.937087059020996,2.203721046447754,10.032257080078125
TRAIN,7744dc51,33,4,5,7,1,1,0,9.375,0.9999151229858398,0.309488981962204,0.3179559111595154,1,-0.008466929197311401,12.433427810668945,2.570908546447754,11.645807266235352
TRAIN,7744dc51,33,5,6,7,1,1,0,7.34375,0.99935382604599,0.37724602222442627,0.39770376682281494,1,-0.020457744598388672,11.400062561035156,1.8754096031188965,10.464879035949707
TRAIN,7744dc51,33,6,7,7,1,1,0,7.375,0.999373733997345,0.34765148162841797,0.4222399592399597,1,-0.07458847761154175,10.816008567810059,1.7504096031188965,9.974358558654785
TRAIN,7744dc51,34,0,1,7,1,1,0,12.125,0.9999946355819702,0.4036339521408081,0.3767259120941162,5,0.026908040046691895,10.971512794494629,1.906846046447754,10.09084701538086
TRAIN,7744dc51,34,1,2,7,1,1,0,11.625,0.9999910593032837,0.35946300625801086,0.4042818546295166,1,-0.04481884837150574,9.281476020812988,1.828721046447754,8.361934661865234
TRAIN,7744dc51,34,2,3,7,1,1,0,10.3125,0.9999667406082153,0.41616857051849365,0.45677149295806885,1,-0.040602922439575195,9.332637786865234,1.6489040851593018,8.296614646911621
TRAIN,7744dc51,34,3,4,7,1,1,0,10.0625,0.9999573230743408,0.3425084948539734,0.35747382044792175,1,-0.014965325593948364,10.758305549621582,2.328721046447754,9.703855514526367
TRAIN,7744dc51,34,4,5,7,1,1,0,10.375,0.9999687671661377,0.3878248929977417,0.4073522090911865,1,-0.019527316093444824,11.528037071228027,2.305283546447754,10.58356761932373
TRAIN,7744dc51,34,5,6,7,1,1,0,4.59375,0.9899863600730896,0.35692712664604187,0.40846845507621765,1,-0.05154132843017578,12.127850532531738,1.9769721031188965,11.41370677947998
TRAIN,7744dc51,34,6,7,7,1,1,0,5.75,0.9968273043632507,0.37692397832870483,0.4522693157196045,1,-0.07534533739089966,10.330850601196289,1.6800971031188965,9.329781532287598
TRAIN,7744dc51,35,0,1,7,1,1,0,11.0,0.9999833106994629,0.3896813690662384,0.354794442653656,5,0.0348869264125824,9.971912384033203,1.742783546447754,9.202705383300781
TRAIN,7744dc51,35,1,2,7,1,1,0,12.8125,0.9999972581863403,0.33104488253593445,0.36457502841949463,1,-0.03353014588356018,10.240650177001953,2.188096046447754,9.249406814575195
TRAIN,7744dc51,35,2,3,7,1,1,0,10.0,0.9999545812606812,0.3563190996646881,0.368543803691864,1,-0.012224704027175903,9.990097045898438,1.805283546447754,9.206806182861328
TRAIN,7744dc51,35,3,4,7,1,1,0,10.25,0.9999645948410034,0.33011889457702637,0.36618572473526,1,-0.03606683015823364,10.129562377929688,1.859971046447754,9.192362785339355
TRAIN,7744dc51,35,4,5,7,1,1,0,10.5625,0.9999741315841675,0.4594014585018158,0.4889962375164032,1,-0.029594779014587402,11.1989164352417,1.969346046447754,10.064727783203125
TRAIN,7744dc51,35,5,6,7,1,1,0,2.0625,0.8872045874595642,0.23195399343967438,0.26094889640808105,1,-0.028994902968406677,11.687531471252441,1.8882050514221191,11.22054386138916
TRAIN,7744dc51,35,6,7,7,1,1,0,4.5625,0.9896718263626099,0.37111106514930725,0.43108069896698,1,-0.05996963381767273,10.37287712097168,1.6566596031188965,9.466279983520508
TRAIN,7744dc51,36,0,1,7,1,1,0,9.9375,0.9999517202377319,0.4389135241508484,0.40698686242103577,5,0.03192666172981262,9.915984153747559,1.813096046447754,8.940265655517578
TRAIN,7744dc51,36,1,2,7,1,1,0,11.5,0.9999898672103882,0.39305201172828674,0.42985236644744873,1,-0.03680035471916199,9.423373222351074,1.899033546447754,8.420632362365723
TRAIN,7744dc51,36,2,3,7,1,1,0,9.875,0.9999485015869141,0.36661404371261597,0.3815767467021942,1,-0.014962702989578247,9.319803237915039,1.6087433099746704,8.484310150146484
TRAIN,7744dc51,36,3,4,7,1,1,0,10.0625,0.9999573230743408,0.3102632462978363,0.3449918329715729,1,-0.03472858667373657,10.436476707458496,1.953721046447754,9.655137062072754
TRAIN,7744dc51,36,4,5,7,1,1,0,10.0625,0.9999573230743408,0.33834680914878845,0.3640194237232208,1,-0.025672614574432373,10.629039764404297,1.992783546447754,9.77096939086914
TRAIN,7744dc51,36,5,6,7,1,0,1,-0.09033203125,0.4774323105812073,,,,,0.0,0.0,2.8216605186462402
TRAIN,7744dc51,36,6,7,7,1,1,0,2.125,0.8933094143867493,0.22014138102531433,0.26986610889434814,1,-0.049724727869033813,10.626896858215332,1.6928925514221191,10.129948616027832
TRAIN,7744dc51,37,0,1,7,1,1,0,9.9375,0.9999517202377319,0.38621556758880615,0.35943692922592163,5,0.02677863836288452,11.017868995666504,2.211533546447754,10.072084426879883
TRAIN,7744dc51,37,1,2,7,1,1,0,12.0625,0.9999942779541016,0.3781173527240753,0.4081427752971649,1,-0.0300254225730896,10.159729957580566,2.078721046447754,9.126638412475586
TRAIN,7744dc51,37,2,3,7,1,1,0,9.6875,0.999937891960144,0.3122985064983368,0.32815176248550415,1,-0.01585325598716736,10.943463325500488,2.1292507648468018,10.203174591064453
TRAIN,7744dc51,37,3,4,7,1,1,0,10.0625,0.9999573230743408,0.3173275589942932,0.3524544835090637,1,-0.03512692451477051,10.807528495788574,2.109971046447754,9.950723648071289
TRAIN,7744dc51,37,4,5,7,1,1,0,9.1875,0.9998977184295654,0.3127194046974182,0.3233964443206787,1,-0.010677039623260498,11.656112670898438,2.438096046447754,10.869468688964844
TRAIN,7744dc51,37,5,6,7,1,0,1,-1.3359375,0.20817892253398895,,,,,0.0,0.0,2.8216605186462402
TRAIN,7744dc51,37,6,7,7,1,1,0,1.5703125,0.8278281688690186,0.25082337856292725,0.31523847579956055,1,-0.0644150972366333,10.94640064239502,1.8491425514221191,10.407173156738281
TRAIN,7744dc51,38,0,1,7,1,1,0,10.5625,0.9999741315841675,0.37047237157821655,0.34945714473724365,5,0.0210152268409729,11.306866645812988,2.336533546447754,10.40213680267334
TRAIN,7744dc51,38,1,2,7,1,1,0,12.875,0.9999974966049194,0.33575624227523804,0.36468660831451416,1,-0.028930366039276123,10.302403450012207,2.320908546447754,9.36629867553711
TRAIN,7744dc51,38,2,3,7,1,1,0,10.6875,0.9999772310256958,0.3302757441997528,0.3505827784538269,1,-0.020307034254074097,10.218498229980469,2.0444233417510986,9.662097930908203
TRAIN,7744dc51,38,3,4,7,1,1,0,10.5625,0.9999741315841675,0.32370927929878235,0.36045658588409424,1,-0.03674730658531189,10.990686416625977,2.180283546447754,10.12470531463623
TRAIN,7744dc51,38,4,5,7,1,1,0,10.125,0.9999599456787109,0.3353477716445923,0.35233715176582336,1,-0.01698938012123108,10.987489700317383,2.086533546447754,10.20833683013916
TRAIN,7744dc51,38,5,6,7,1,0,1,-2.046875,0.11436853557825089,,,,,0.0,0.0,2.8216605186462402
TRAIN,7744dc51,38,6,7,7,1,1,0,1.5234375,0.8210441470146179,0.23584534227848053,0.2866761386394501,1,-0.05083079636096954,10.76797103881836,1.8022675514221191,10.280861854553223
TRAIN,7744dc51,39,0,1,7,1,1,0,10.1875,0.999962329864502,0.3014124631881714,0.29619812965393066,5,0.005214333534240723,13.101016998291016,2.774033546447754,12.208569526672363
TRAIN,7744dc51,39,1,2,7,1,1,0,11.0625,0.9999842643737793,0.28877925872802734,0.3153191804885864,1,-0.026539921760559082,9.791729927062988,2.141221046447754,8.962301254272461
TRAIN,7744dc51,39,2,3,7,1,1,0,9.8125,0.9999452829360962,0.3100460469722748,0.3189244270324707,6,-0.008878380060195923,11.473098754882812,2.5131733417510986,11.08802604675293
TRAIN,7744dc51,39,3,4,7,1,1,0,10.1875,0.999962329864502,0.2970561683177948,0.32595890760421753,1,-0.02890273928642273,11.01254653930664,2.266221046447754,10.207908630371094
TRAIN,7744dc51,39,4,5,7,1,1,0,8.6875,0.9998313188552856,0.37939950823783875,0.4025815725326538,1,-0.023182064294815063,10.618755340576172,2.094346046447754,9.705672264099121
TRAIN,7744dc51,39,5,6,7,1,0,1,-2.703125,0.06278920918703079,,,,,0.0,0.0,2.8216605186462402
TRAIN,7744dc51,39,6,7,7,1,1,0,0.6015625,0.6460136771202087,0.2598823010921478,0.29568830132484436,1,-0.03580600023269653,10.837849617004395,1.8803925514221191,10.716617584228516
TRAIN,7744dc51,40,0,1,7,1,1,0,10.0,0.9999545812606812,0.32227569818496704,0.31824660301208496,5,0.00402909517288208,12.127463340759277,2.586533546447754,11.181111335754395
TRAIN,7744dc51,40,1,2,7,1,1,0,11.125,0.9999852180480957,0.38491615653038025,0.4194476902484894,1,-0.03453153371810913,9.235393524169922,1.914658546447754,8.19201374053955
TRAIN,7744dc51,40,2,3,7,1,1,0,10.3125,0.9999667406082153,0.34528276324272156,0.3601430654525757,1,-0.014860302209854126,12.507828712463379,2.4662983417510986,12.021602630615234
TRAIN,7744dc51,40,3,4,7,1,1,0,11.0,0.9999833106994629,0.3341047167778015,0.37230026721954346,1,-0.03819555044174194,10.68622875213623,1.930283546447754,9.88370418548584
TRAIN,7744dc51,40,4,5,7,1,1,0,9.9375,0.9999517202377319,0.30019617080688477,0.30787336826324463,1,-0.007677197456359863,11.082281112670898,2.172471046447754,10.240025520324707
TRAIN,7744dc51,40,5,6,7,1,0,1,-1.890625,0.13117322325706482,,,,,0.0,0.0,2.8216605186462402
TRAIN,7744dc51,40,6,7,7,1,1,0,0.072265625,0.5180585384368896,0.2772412598133087,0.3178092837333679,1,-0.040568023920059204,10.418778419494629,1.8412984609603882,10.364653587341309
TRAIN,7744dc51,41,0,1,7,1,1,0,10.0,0.9999545812606812,0.36716848611831665,0.34151479601860046,5,0.025653690099716187,10.096057891845703,1.977158546447754,9.198168754577637
TRAIN,7744dc51,41,1,2,7,1,1,0,12.0625,0.9999942779541016,0.4204505980014801,0.4496772289276123,1,-0.029226630926132202,10.543893814086914,2.016221046447754,9.470708847045898
TRAIN,7744dc51,41,2,3,7,1,1,0,9.25,0.9999039173126221,0.3322032690048218,0.3594350516796112,1,-0.02723178267478943,11.241935729980469,1.8491109609603882,10.526022911071777
TRAIN,7744dc51,41,3,4,7,1,1,0,10.625,0.9999756813049316,0.332442045211792,0.36241137981414795,1,-0.029969334602355957,10.878504753112793,2.047471046447754,10.065964698791504
TRAIN,7744dc51,41,4,5,7,1,1,0,9.1875,0.9998977184295654,0.3941459357738495,0.4193422496318817,1,-0.025196313858032227,9.964055061340332,1.883408546447754,8.95332145690918
TRAIN,7744dc51,41,5,6,7,1,0,1,-0.70703125,0.3302551507949829,,,,,0.0,0.0,2.8216605186462402
TRAIN,7744dc51,41,6,7,7,1,1,0,0.2216796875,0.555194079875946,0.3105177879333496,0.35544100403785706,1,-0.044923216104507446,10.277390480041504,1.8334859609603882,10.044486045837402
TRAIN,7744dc51,42,0,1,7,1,1,0,9.8125,0.9999452829360962,0.33034175634384155,0.31114697456359863,5,0.01919478178024292,12.22298526763916,2.602158546447754,11.287261009216309
TRAIN,7744dc51,42,1,2,7,1,1,0,11.6875,0.9999916553497314,0.3418894112110138,0.38210156559944153,1,-0.040212154388427734,9.616033554077148,1.828721046447754,8.74048137664795
TRAIN,7744dc51,42,2,3,7,1,1,0,8.375,0.9997695088386536,0.36649090051651,0.40697181224823,1,-0.04048091173171997,10.593086242675781,1.8665558099746704,9.59895133972168
TRAIN,7744dc51,42,3,4,7,1,1,0,11.4375,0.9999892711639404,0.27326080203056335,0.3079206943511963,1,-0.034659892320632935,11.70561695098877,2.125596046447754,11.066890716552734
TRAIN,7744dc51,42,4,5,7,1,1,0,9.6875,0.999937891960144,0.3432255983352661,0.37660494446754456,1,-0.03337934613227844,10.575509071350098,1.945908546447754,9.776022911071777
TRAIN,7744dc51,42,5,6,7,1,0,1,-0.390625,0.403566837310791,,,,,0.0,0.0,2.8216605186462402
TRAIN,7744dc51,42,6,7,7,1,1,0,0.345703125,0.5855752229690552,0.30023103952407837,0.3397432565689087,1,-0.03951221704483032,9.303868293762207,1.7866109609603882,8.97016716003418
TRAIN,7744dc51,43,0,1,7,1,1,0,9.1875,0.9998977184295654,0.3306565284729004,0.31168627738952637,5,0.018970251083374023,11.244939804077148,2.227158546447754,10.397780418395996
TRAIN,7744dc51,43,1,2,7,1,1,0,12.0,0.9999938011169434,0.3497086465358734,0.38805872201919556,1,-0.038350075483322144,10.305384635925293,2.141221046447754,9.358399391174316
TRAIN,7744dc51,43,2,3,7,1,1,0,8.0625,0.9996849298477173,0.3262951970100403,0.3711640238761902,1,-0.0448688268661499,9.888934135437012,1.5991109609603882,9.138385772705078
TRAIN,7744dc51,43,3,4,7,1,1,0,11.0,0.9999833106994629,0.29092419147491455,0.328072190284729,1,-0.03714799880981445,11.329730033874512,1.992783546447754,10.57178020477295
TRAIN,7744dc51,43,4,5,7,1,1,0,10.1875,0.999962329864502,0.3373183310031891,0.3563985228538513,1,-0.01908019185066223,11.696364402770996,2.406846046447754,10.789737701416016
TRAIN,7744dc51,43,5,6,7,1,1,0,0.189453125,0.5472221374511719,0.3168011009693146,0.3495386838912964,1,-0.03273758292198181,10.462380409240723,1.9975484609603882,10.288132667541504
TRAIN,7744dc51,43,6,7,7,1,1,0,1.171875,0.7634837031364441,0.297812819480896,0.3096005916595459,1,-0.011787772178649902,9.704390525817871,1.9741109609603882,9.517921447753906
TRAIN,7744dc51,44,0,1,7,1,1,0,8.9375,0.999868631362915,0.3750511109828949,0.3417966961860657,5,0.033254414796829224,10.602153778076172,1.883408546447754,9.781538009643555
TRAIN,7744dc51,44,1,2,7,1,1,0,11.25,0.999987006187439,0.31310632824897766,0.3400437831878662,1,-0.02693745493888855,10.918112754821777,2.414658546447754,10.09154224395752
TRAIN,7744dc51,44,2,3,7,1,1,0,7.125,0.9991958737373352,0.32700127363204956,0.3722759485244751,1,-0.04527467489242554,10.438404083251953,1.6339083909988403,9.75987434387207
TRAIN,7744dc51,44,3,4,7,1,1,0,11.0,0.9999833106994629,0.31479865312576294,0.3602290451526642,1,-0.045430392026901245,10.903719902038574,1.938096046447754,10.061971664428711
TRAIN,7744dc51,44,4,5,7,1,1,0,9.75,0.9999417066574097,0.3579472005367279,0.3812611401081085,1,-0.023313939571380615,10.752723693847656,2.086533546447754,9.965835571289062
TRAIN,7744dc51,44,5,6,7,1,0,1,-0.10400390625,0.47402241826057434,,,,,0.0,0.0,2.8216605186462402
TRAIN,7744dc51,44,6,7,7,1,1,0,2.203125,0.9005298018455505,0.33657312393188477,0.34087663888931274,1,-0.0043035149574279785,10.569201469421387,2.0131733417510986,9.934741973876953
TRAIN,7744dc51,45,0,1,7,1,1,0,9.375,0.9999151229858398,0.32300999760627747,0.3138735592365265,5,0.009136438369750977,12.167771339416504,2.711533546447754,11.309946060180664
TRAIN,7744dc51,45,1,2,7,1,1,0,11.25,0.999987006187439,0.32515183091163635,0.3602004647254944,1,-0.03504863381385803,9.86009693145752,1.984971046447754,9.038076400756836
TRAIN,7744dc51,45,2,3,7,1,1,0,7.5,0.9994471669197083,0.2939114570617676,0.3287602663040161,1,-0.034848809242248535,11.206352233886719,2.1069233417510986,10.677587509155273
TRAIN,7744dc51,45,3,4,7,1,1,0,10.875,0.9999810457229614,0.33447265625,0.3896310031414032,1,-0.0551583468914032,11.52639389038086,1.9925971031188965,10.74853229522705
TRAIN,7744dc51,45,4,5,7,1,1,0,9.375,0.9999151229858398,0.40237125754356384,0.4190864861011505,1,-0.01671522855758667,10.035931587219238,1.922471046447754,9.125711441040039
TRAIN,7744dc51,45,5,6,7,1,1,0,0.306640625,0.5760650634765625,0.35502389073371887,0.3735450208187103,1,-0.018521130084991455,11.082132339477539,1.7979708909988403,10.798089981079102
TRAIN,7744dc51,45,6,7,7,1,1,0,3.28125,0.9637799859046936,0.41925644874572754,0.4241497218608856,5,-0.004893273115158081,11.358253479003906,1.9603058099746704,10.313497543334961
TRAIN,7744dc51,46,0,1,7,1,1,0,9.125,0.9998910427093506,0.3410089313983917,0.3264048397541046,5,0.01460409164428711,11.598913192749023,2.234971046447754,10.712815284729004
TRAIN,7744dc51,46,1,2,7,1,1,0,11.75,0.9999921321868896,0.37118715047836304,0.41046833992004395,1,-0.03928118944168091,9.855608940124512,2.008408546447754,8.9503173828125
TRAIN,7744dc51,46,2,3,7,1,1,0,7.21875,0.9992678761482239,0.3184962272644043,0.37462347745895386,1,-0.05612725019454956,12.151284217834473,1.9428609609603882,11.633557319641113
TRAIN,7744dc51,46,3,4,7,1,1,0,10.9375,0.9999822378158569,0.3009260892868042,0.3585333228111267,1,-0.05760723352432251,12.5408935546875,2.1537983417510986,11.919248580932617
TRAIN,7744dc51,46,4,5,7,1,1,0,9.5,0.9999251365661621,0.3579537272453308,0.38102710247039795,1,-0.02307337522506714,10.312108039855957,1.930283546447754,9.455307006835938
TRAIN,7744dc51,46,5,6,7,1,1,0,1.1171875,0.7534666657447815,0.3487023711204529,0.3761310577392578,1,-0.02742868661880493,11.326253890991211,1.7944234609603882,10.79570198059082
TRAIN,7744dc51,46,6,7,7,1,1,0,4.46875,0.9886682629585266,0.4404231309890747,0.4578227698802948,5,-0.017399638891220093,12.52326774597168,2.0057272911071777,11.391510963439941
TRAIN,7744dc51,47,0,1,7,1,1,0,9.5625,0.999929666519165,0.3680790960788727,0.3360227346420288,5,0.03205636143684387,10.657255172729492,2.047471046447754,9.897171020507812
TRAIN,7744dc51,47,1,2,7,1,1,0,11.3125,0.9999877214431763,0.3662390112876892,0.3993556797504425,1,-0.033116668462753296,10.109875679016113,2.125596046447754,9.151105880737305
TRAIN,7744dc51,47,2,3,7,1,1,0,7.21875,0.9992678761482239,0.20513930916786194,0.23403289914131165,1,-0.028893589973449707,12.0778169631958,2.1301705837249756,11.845043182373047
TRAIN,7744dc51,47,3,4,7,1,1,0,10.625,0.9999756813049316,0.36772069334983826,0.4194653332233429,1,-0.05174463987350464,12.202131271362305,2.1957221031188965,11.052107810974121
TRAIN,7744dc51,47,4,5,7,1,1,0,10.0,0.9999545812606812,0.3448152244091034,0.36607837677001953,1,-0.021263152360916138,10.829246520996094,2.094346046447754,9.972439765930176
TRAIN,7744dc51,47,5,6,7,1,1,0,1.3125,0.7879312038421631,0.28211474418640137,0.305228590965271,1,-0.02311384677886963,13.27414321899414,2.1694233417510986,12.775346755981445
TRAIN,7744dc51,47,6,7,7,1,1,0,5.9375,0.997368335723877,0.3871682286262512,0.41184601187705994,1,-0.024677783250808716,13.781693458557129,2.250596046447754,12.592239379882812
TRAIN,7744dc51,48,0,1,7,1,1,0,9.25,0.9999039173126221,0.35877934098243713,0.3376190960407257,5,0.021160244941711426,11.245579719543457,2.344346046447754,10.329946517944336
TRAIN,7744dc51,48,1,2,7,1,1,0,12.5,0.9999963045120239,0.3747395873069763,0.40222543478012085,1,-0.02748584747314453,10.500600814819336,2.149033546447754,9.477686882019043
TRAIN,7744dc51,48,2,3,7,1,1,0,5.8125,0.9970190525054932,0.28639286756515503,0.3186054527759552,1,-0.03221258521080017,12.274589538574219,2.3725483417510986,11.79104995727539
TRAIN,7744dc51,48,3,4,7,1,1,0,10.0625,0.9999573230743408,0.3309684991836548,0.34685152769088745,1,-0.015883028507232666,11.904539108276367,2.336533546447754,10.869277000427246
TRAIN,7744dc51,48,4,5,7,1,1,0,9.1875,0.9998977184295654,0.4000667631626129,0.4254695177078247,1,-0.025402754545211792,9.533686637878418,1.695908546447754,8.574688911437988
TRAIN,7744dc51,48,5,6,7,1,1,0,0.11572265625,0.5288984179496765,0.27384108304977417,0.3054633140563965,1,-0.031622231006622314,12.448272705078125,2.231955051422119,12.371346473693848
TRAIN,7744dc51,48,6,7,7,1,1,0,5.90625,0.997285008430481,0.30984723567962646,0.3396081030368805,1,-0.02976086735725403,11.965856552124023,2.2319233417510986,11.306601524353027
TRAIN,7744dc51,49,0,1,7,1,1,0,9.6875,0.999937891960144,0.38297486305236816,0.3751488924026489,5,0.007825970649719238,10.946749687194824,2.039658546447754,10.166570663452148
TRAIN,7744dc51,49,1,2,7,1,1,0,12.5625,0.999996542930603,0.36752238869667053,0.3928028643131256,1,-0.025280475616455078,10.302474975585938,2.266221046447754,9.276747703552246
TRAIN,7744dc51,49,2,3,7,1,1,0,5.125,0.9940890073776245,0.24327820539474487,0.2576969861984253,1,-0.01441878080368042,11.969084739685059,1.9837433099746704,11.550323486328125
TRAIN,7744dc51,49,3,4,7,1,1,0,10.25,0.9999645948410034,0.3780863285064697,0.3923967480659485,5,-0.01431041955947876,11.72662353515625,2.375596046447754,10.705549240112305
TRAIN,7744dc51,49,4,5,7,1,1,0,9.0625,0.9998840093612671,0.4182422459125519,0.44309425354003906,1,-0.024852007627487183,9.570502281188965,1.758408546447754,8.402900695800781
TRAIN,7744dc51,49,5,6,7,1,1,0,0.4375,0.6076632142066956,0.3112105131149292,0.32511866092681885,1,-0.013908147811889648,12.01720142364502,2.0287983417510986,11.829508781433105
TRAIN,7744dc51,49,6,7,7,1,1,0,5.46875,0.9958011507987976,0.3123863637447357,0.30854544043540955,5,0.003840923309326172,11.815783500671387,2.16343092918396,11.108823776245117
TRAIN,7744dc51,50,0,1,7,1,1,0,10.1875,0.999962329864502,0.4581682085990906,0.43184804916381836,5,0.026320159435272217,11.082634925842285,1.977158546447754,10.047707557678223
TRAIN,7744dc51,50,1,2,7,1,1,0,12.5,0.9999963045120239,0.30267050862312317,0.32938405871391296,1,-0.026713550090789795,10.6632080078125,2.297471046447754,9.744767189025879
TRAIN,7744dc51,50,2,3,7,1,1,0,5.75,0.9968273043632507,0.24199680984020233,0.2568790018558502,1,-0.014882192015647888,14.25078296661377,3.0912983417510986,14.136543273925781
TRAIN,7744dc51,50,3,4,7,1,1,0,10.625,0.9999756813049316,0.31549182534217834,0.3364882171154022,1,-0.020996391773223877,10.914291381835938,2.117783546447754,9.955282211303711
TRAIN,7744dc51,50,4,5,7,1,1,0,9.5,0.9999251365661621,0.3357558250427246,0.3539542853832245,1,-0.018198460340499878,9.731990814208984,1.875596046447754,8.815064430236816
TRAIN,7744dc51,50,5,6,7,1,1,0,0.7265625,0.6740504503250122,0.25556543469429016,0.27784377336502075,1,-0.02227833867073059,11.635688781738281,2.4506733417510986,11.74532699584961
TRAIN,7744dc51,50,6,7,7,1,1,0,4.78125,0.9916841983795166,0.31706809997558594,0.32140231132507324,5,-0.004334211349487305,11.999080657958984,2.16343092918396,11.253620147705078
TRAIN,7744dc51,51,0,1,7,1,1,0,10.75,0.9999785423278809,0.33170855045318604,0.3265219032764435,5,0.005186647176742554,12.170032501220703,2.524033546447754,11.366315841674805
TRAIN,7744dc51,51,1,2,7,1,1,0,12.4375,0.9999960660934448,0.338840126991272,0.3796443045139313,1,-0.0408041775226593,9.906041145324707,1.867783546447754,9.038780212402344
TRAIN,7744dc51,51,2,3,7,1,1,0,6.0625,0.9976769089698792,0.3239747881889343,0.3615502119064331,1,-0.03757542371749878,11.712730407714844,1.8682833909988403,11.143758773803711
TRAIN,7744dc51,51,3,4,7,1,1,0,9.9375,0.9999517202377319,0.2543468475341797,0.26086610555648804,1,-0.00651925802230835,12.198431968688965,2.508408546447754,11.37649917602539
TRAIN,7744dc51,51,4,5,7,1,1,0,8.625,0.9998205304145813,0.31424281001091003,0.3264503479003906,1,-0.01220753788948059,10.335811614990234,1.961533546447754,9.579456329345703
TRAIN,7744dc51,51,5,6,7,1,1,0,1.75,0.851952850818634,0.3387099504470825,0.35309943556785583,1,-0.014389485120773315,12.168715476989746,2.2787983417510986,11.695981979370117
TRAIN,7744dc51,51,6,7,7,1,1,0,5.25,0.9947799444198608,0.20333760976791382,0.22369465231895447,1,-0.02035704255104065,13.979952812194824,2.7787983417510986,13.4577054977417
TRAIN,7744dc51,52,0,1,7,1,1,0,9.5,0.9999251365661621,0.34954699873924255,0.3361075222492218,5,0.013439476490020752,13.589275360107422,2.867783546447754,12.702386856079102
TRAIN,7744dc51,52,1,2,7,1,1,0,13.0625,0.9999978542327881,0.3052188456058502,0.33081021904945374,1,-0.025591373443603516,11.043692588806152,2.492783546447754,10.149282455444336
TRAIN,7744dc51,52,2,3,7,1,1,0,6.46875,0.9984512329101562,0.2837216258049011,0.30413952469825745,1,-0.020417898893356323,12.094167709350586,2.2006733417510986,11.7075777053833
TRAIN,7744dc51,52,3,4,7,1,1,0,10.375,0.9999687671661377,0.31599101424217224,0.3429190516471863,1,-0.026928037405014038,10.848858833312988,2.016221046447754,9.849372863769531
TRAIN,7744dc51,52,4,5,7,1,1,0,9.0625,0.9998840093612671,0.3343624770641327,0.3503565490245819,1,-0.01599407196044922,9.761017799377441,1.6850484609603882,9.035663604736328
TRAIN,7744dc51,52,5,6,7,1,1,0,2.4375,0.9196425676345825,0.3389999270439148,0.36719560623168945,1,-0.028195679187774658,13.583045959472656,2.3100483417510986,12.972740173339844
TRAIN,7744dc51,52,6,7,7,1,1,0,5.34375,0.9952448010444641,0.26563289761543274,0.28911077976226807,1,-0.023477882146835327,13.602420806884766,2.61305570602417,12.911521911621094
TRAIN,7744dc51,53,0,1,7,1,1,0,9.625,0.9999339580535889,0.32408618927001953,0.31271055340766907,5,0.011375635862350464,12.151347160339355,2.570908546447754,11.342443466186523
TRAIN,7744dc51,53,1,2,7,1,1,0,12.875,0.9999974966049194,0.32705479860305786,0.3494322597980499,1,-0.022377461194992065,10.387473106384277,2.313096046447754,9.455042839050293
TRAIN,7744dc51,53,2,3,7,1,1,0,5.5625,0.9961755275726318,0.30924373865127563,0.32181817293167114,1,-0.012574434280395508,12.484436988830566,2.3446013927459717,12.116787910461426
TRAIN,7744dc51,53,3,4,7,1,1,0,9.75,0.9999417066574097,0.28133857250213623,0.30090075731277466,5,-0.019562184810638428,12.65589427947998,2.352158546447754,11.791248321533203
TRAIN,7744dc51,53,4,5,7,1,1,0,9.4375,0.9999203681945801,0.3433680236339569,0.3510522246360779,1,-0.007684201002120972,9.622774124145508,1.6694234609603882,8.980829238891602
TRAIN,7744dc51,53,5,6,7,1,1,0,2.296875,0.9086179733276367,0.2120274007320404,0.22113192081451416,1,-0.009104520082473755,13.38276195526123,2.4037983417510986,13.05135726928711
TRAIN,7744dc51,53,6,7,7,1,1,0,5.59375,0.996292769908905,0.30428048968315125,0.3082069456577301,5,-0.003926455974578857,13.71802043914795,2.5355007648468018,12.899613380432129
TRAIN,7744dc51,54,0,1,7,1,1,0,9.0625,0.9998840093612671,0.4190801680088043,0.40312594175338745,5,0.01595422625541687,10.280675888061523,1.789658546447754,9.322197914123535
TRAIN,7744dc51,54,1,2,7,1,1,0,12.5625,0.999996542930603,0.4089127779006958,0.45118796825408936,1,-0.042275190353393555,9.624881744384766,1.6723415851593018,8.66981029510498
TRAIN,7744dc51,54,2,3,7,1,1,0,5.15625,0.9942697286605835,0.3040449023246765,0.32151803374290466,1,-0.01747313141822815,13.920692443847656,2.6414763927459717,13.615928649902344
TRAIN,7744dc51,54,3,4,7,1,1,0,9.4375,0.9999203681945801,0.2849777936935425,0.314430832862854,1,-0.029453039169311523,11.31981372833252,2.0355007648468018,10.445406913757324
TRAIN,7744dc51,54,4,5,7,1,1,0,9.0625,0.9998840093612671,0.4314696490764618,0.4419619143009186,1,-0.010492265224456787,9.944408416748047,1.969346046447754,9.03939437866211
TRAIN,7744dc51,54,5,6,7,1,1,0,1.578125,0.8289388418197632,0.18643887341022491,0.2090001404285431,1,-0.022561267018318176,13.606197357177734,2.4662983417510986,13.383464813232422
TRAIN,7744dc51,54,6,7,7,1,1,0,5.6875,0.9966233968734741,0.22917839884757996,0.253503680229187,1,-0.024325281381607056,12.941027641296387,2.4886257648468018,12.316011428833008
TRAIN,7744dc51,55,0,1,7,1,1,0,9.8125,0.9999452829360962,0.32503649592399597,0.3007356524467468,5,0.024300843477249146,12.246700286865234,2.492783546447754,11.433736801147461
TRAIN,7744dc51,55,1,2,7,1,1,0,12.75,0.9999971389770508,0.33716636896133423,0.3677605092525482,1,-0.03059414029121399,10.587333679199219,2.281846046447754,9.654950141906738
TRAIN,7744dc51,55,2,3,7,1,1,0,5.40625,0.9955315589904785,0.3328642249107361,0.34274014830589294,1,-0.00987592339515686,13.71700668334961,2.5131733417510986,13.33411693572998
TRAIN,7744dc51,55,3,4,7,1,1,0,9.75,0.9999417066574097,0.3289598822593689,0.3425237536430359,5,-0.013563871383666992,11.39207935333252,2.195908546447754,10.455537796020508
TRAIN,7744dc51,55,4,5,7,1,1,0,8.6875,0.9998313188552856,0.33733516931533813,0.35356882214546204,1,-0.0162336528301239,10.187935829162598,1.852158546447754,9.454486846923828
TRAIN,7744dc51,55,5,6,7,1,1,0,2.140625,0.894789457321167,0.2039717137813568,0.2226746380329132,1,-0.018702924251556396,14.28387451171875,2.8100483417510986,14.050651550292969
TRAIN,7744dc51,55,6,7,7,1,1,0,5.84375,0.9971103668212891,0.2011164277791977,0.20728686451911926,1,-0.00617043673992157,13.692469596862793,2.6761257648468018,13.110586166381836
TRAIN,7744dc51,56,0,1,7,1,1,0,11.6875,0.9999916553497314,0.3892325758934021,0.3578261435031891,5,0.03140643239021301,10.581172943115234,1.781846046447754,9.683658599853516
TRAIN,7744dc51,56,1,2,7,1,1,0,13.0625,0.9999978542327881,0.33409184217453003,0.36885860562324524,1,-0.03476676344871521,10.295912742614746,2.094346046447754,9.334491729736328
TRAIN,7744dc51,56,2,3,7,1,1,0,5.28125,0.9949396848678589,0.30514073371887207,0.3184314966201782,1,-0.013290762901306152,13.82611083984375,2.6225483417510986,13.580767631530762
TRAIN,7744dc51,56,3,4,7,1,1,0,9.875,0.9999485015869141,0.31139805912971497,0.357965350151062,1,-0.046567291021347046,10.511645317077637,1.781846046447754,9.516925811767578
TRAIN,7744dc51,56,4,5,7,1,1,0,8.3125,0.9997546076774597,0.38441407680511475,0.41493338346481323,1,-0.030519306659698486,9.626460075378418,1.742783546447754,8.807665824890137
TRAIN,7744dc51,56,5,6,7,1,1,0,2.375,0.9149009585380554,0.1835944950580597,0.20065054297447205,1,-0.017056047916412354,15.243690490722656,2.9662983417510986,15.022701263427734
TRAIN,7744dc51,56,6,7,7,1,1,0,5.84375,0.9971103668212891,0.21078580617904663,0.24610090255737305,1,-0.035315096378326416,13.702702522277832,2.6069233417510986,13.122257232666016
TRAIN,7744dc51,57,0,1,7,1,1,0,9.875,0.9999485015869141,0.3676496148109436,0.3322223126888275,5,0.03542730212211609,11.18762493133545,2.180283546447754,10.44857120513916
TRAIN,7744dc51,57,1,2,7,1,1,0,12.25,0.999995231628418,0.3391439914703369,0.3764716684818268,1,-0.03732767701148987,9.596247673034668,1.945908546447754,8.663175582885742
TRAIN,7744dc51,57,2,3,7,1,1,0,5.46875,0.9958011507987976,0.3251567780971527,0.3450271487236023,1,-0.019870370626449585,13.621851921081543,2.4819233417510986,13.233673095703125
TRAIN,7744dc51,57,3,4,7,1,1,0,9.375,0.9999151229858398,0.24375207722187042,0.27813705801963806,1,-0.03438498079776764,11.933330535888672,2.0355007648468018,11.161139488220215
TRAIN,7744dc51,57,4,5,7,1,1,0,9.125,0.9998910427093506,0.35288748145103455,0.3761780560016632,1,-0.023290574550628662,10.11996841430664,1.945908546447754,9.330236434936523
TRAIN,7744dc51,57,5,6,7,1,1,0,2.171875,0.8976953029632568,0.12620601058006287,0.1509273648262024,1,-0.024721354246139526,14.441291809082031,2.9506733417510986,14.302423477172852
TRAIN,7744dc51,57,6,7,7,1,1,0,5.8125,0.9970190525054932,0.22510075569152832,0.27105575799942017,1,-0.045955002307891846,13.403571128845215,2.50368070602417,12.80374526977539
TRAIN,7744dc51,58,0,1,7,1,1,0,9.0,0.9998766183853149,0.3389168679714203,0.3302434980869293,5,0.008673369884490967,12.156691551208496,2.602158546447754,11.288101196289062
TRAIN,7744dc51,58,1,2,7,1,1,0,12.375,0.9999958276748657,0.39164748787879944,0.43597671389579773,1,-0.04432922601699829,9.505069732666016,1.883408546447754,8.460837364196777
TRAIN,7744dc51,58,2,3,7,1,1,0,5.1875,0.9944451451301575,0.25863850116729736,0.27969464659690857,1,-0.021056145429611206,13.088186264038086,2.5600483417510986,12.78014850616455
TRAIN,7744dc51,58,3,4,7,1,1,0,9.875,0.9999485015869141,0.2788640260696411,0.3155689239501953,1,-0.0367048978805542,10.968371391296387,1.9417507648468018,10.111010551452637
TRAIN,7744dc51,58,4,5,7,1,1,0,8.875,0.9998601675033569,0.35869207978248596,0.37587353587150574,1,-0.017181456089019775,10.520569801330566,2.141221046447754,9.623941421508789
TRAIN,7744dc51,58,5,6,7,1,1,0,1.75,0.851952850818634,0.17632590234279633,0.19726453721523285,1,-0.020938634872436523,13.85571002960205,2.6850483417510986,13.713923454284668
TRAIN,7744dc51,58,6,7,7,1,1,0,5.84375,0.9971103668212891,0.33710211515426636,0.377750426530838,1,-0.040648311376571655,11.72311019897461,1.8494772911071777,10.860937118530273
TRAIN,7744dc51,59,0,1,7,1,1,0,9.25,0.9999039173126221,0.34764236211776733,0.32627740502357483,5,0.021364957094192505,11.172779083251953,2.149033546447754,10.332680702209473
TRAIN,7744dc51,59,1,2,7,1,1,0,11.8125,0.9999926090240479,0.38502031564712524,0.41051340103149414,1,-0.025493085384368896,10.614562034606934,2.024033546447754,9.608759880065918
TRAIN,7744dc51,59,2,3,7,1,1,0,4.6875,0.9908744096755981,0.27312806248664856,0.30438724160194397,1,-0.03125917911529541,14.13439655303955,2.4227263927459717,13.774001121520996
TRAIN,7744dc51,59,3,4,7,1,1,0,9.3125,0.9999097585678101,0.2908101975917816,0.323643296957016,1,-0.032833099365234375,11.244937896728516,2.195908546447754,10.280534744262695
TRAIN,7744dc51,59,4,5,7,1,1,0,9.1875,0.9998977184295654,0.36828070878982544,0.39669376611709595,1,-0.028413057327270508,11.203750610351562,2.281846046447754,10.338661193847656
TRAIN,7744dc51,59,5,6,7,1,1,0,1.578125,0.8289388418197632,0.17617090046405792,0.21213290095329285,1,-0.035962000489234924,14.418903350830078,2.7944233417510986,14.385293960571289
TRAIN,7744dc51,59,6,7,7,1,1,0,6.15625,0.9978843331336975,0.2813829779624939,0.3239935636520386,1,-0.04261058568954468,12.850713729858398,2.3011257648468018,12.104392051696777
TRAIN,7744dc51,60,0,1,7,1,1,0,10.0,0.9999545812606812,0.3435269594192505,0.31874406337738037,5,0.024782896041870117,11.39065170288086,2.391221046447754,10.583942413330078
TRAIN,7744dc51,60,1,2,7,1,1,0,12.8125,0.9999972581863403,0.3828744888305664,0.4277629256248474,1,-0.044888436794281006,9.704520225524902,1.906846046447754,8.693076133728027
TRAIN,7744dc51,60,2,3,7,1,1,0,5.375,0.9953904151916504,0.30359724164009094,0.32744669914245605,1,-0.023849457502365112,13.770561218261719,2.4227263927459717,13.313796043395996
TRAIN,7744dc51,60,3,4,7,1,1,0,9.75,0.9999417066574097,0.2898525297641754,0.33734220266342163,1,-0.047489672899246216,11.152374267578125,1.8597846031188965,10.263184547424316
TRAIN,7744dc51,60,4,5,7,1,1,0,9.5625,0.999929666519165,0.38879629969596863,0.39855489134788513,1,-0.009758591651916504,10.900345802307129,2.289658546447754,9.907008171081543
TRAIN,7744dc51,60,5,6,7,1,1,0,2.125,0.8933094143867493,0.19329814612865448,0.22370800375938416,1,-0.030409857630729675,14.173637390136719,2.7944233417510986,14.019277572631836
TRAIN,7744dc51,60,6,7,7,1,1,0,5.09375,0.9939024448394775,0.2849602997303009,0.3241271376609802,1,-0.03916683793067932,11.77546501159668,2.0707221031188965,10.944379806518555
TRAIN,7744dc51,61,0,1,7,1,1,0,9.1875,0.9998977184295654,0.3777763247489929,0.3503357470035553,5,0.027440577745437622,10.125200271606445,1.906846046447754,9.270564079284668
TRAIN,7744dc51,61,1,2,7,1,1,0,11.875,0.999993085861206,0.3299765884876251,0.36265403032302856,1,-0.03267744183540344,10.24410629272461,2.180283546447754,9.373377799987793
TRAIN,7744dc51,61,2,3,7,1,1,0,5.875,0.9971990585327148,0.3090824484825134,0.3364250063896179,1,-0.027342557907104492,13.526517868041992,2.28493070602417,12.985173225402832
TRAIN,7744dc51,61,3,4,7,1,1,0,10.5,0.9999724626541138,0.3500092029571533,0.40688398480415344,1,-0.05687478184700012,10.617875099182129,1.7816596031188965,9.602058410644531
TRAIN,7744dc51,61,4,5,7,1,1,0,9.75,0.9999417066574097,0.31378307938575745,0.3279934525489807,1,-0.014210373163223267,11.672813415527344,2.477158546447754,10.830790519714355
TRAIN,7744dc51,61,5,6,7,1,1,0,2.34375,0.9124361872673035,0.20026572048664093,0.22567839920520782,1,-0.025412678718566895,14.423501968383789,2.8412983417510986,14.245777130126953
TRAIN,7744dc51,61,6,7,7,1,1,0,5.09375,0.9939024448394775,0.3134305775165558,0.3584851920604706,1,-0.045054614543914795,11.570886611938477,1.9925971031188965,10.734387397766113
TRAIN,7744dc51,62,0,1,7,1,1,0,8.75,0.999841570854187,0.44135868549346924,0.4071369171142578,5,0.034221768379211426,9.704282760620117,1.836533546447754,8.771615028381348
TRAIN,7744dc51,62,1,2,7,1,1,0,12.125,0.9999946355819702,0.38394269347190857,0.426237016916275,1,-0.042294323444366455,9.814023971557617,1.969346046447754,8.751996040344238
TRAIN,7744dc51,62,2,3,7,1,1,0,5.59375,0.996292769908905,0.34871265292167664,0.3750244975090027,1,-0.02631184458732605,12.244603157043457,1.992783546447754,11.614688873291016
TRAIN,7744dc51,62,3,4,7,1,1,0,9.8125,0.9999452829360962,0.37369638681411743,0.3904857039451599,5,-0.01678931713104248,11.083878517150879,2.00718092918396,10.074729919433594
TRAIN,7744dc51,62,4,5,7,1,1,0,9.375,0.9999151229858398,0.334157794713974,0.35578227043151855,1,-0.021624475717544556,11.024024963378906,2.258408546447754,10.217446327209473
TRAIN,7744dc51,62,5,6,7,1,1,0,2.34375,0.9124361872673035,0.17881835997104645,0.20412515103816986,1,-0.025306791067123413,14.385763168334961,2.8881733417510986,14.188081741333008
TRAIN,7744dc51,62,6,7,7,1,1,0,4.6875,0.9908744096755981,0.3098938465118408,0.35778549313545227,1,-0.04789164662361145,11.267884254455566,1.8754096031188965,10.457098960876465
TRAIN,7744dc51,63,0,1,7,1,1,0,8.25,0.9997387528419495,0.4061860740184784,0.37970665097236633,5,0.02647942304611206,10.048728942871094,1.836533546447754,9.22635269165039
TRAIN,7744dc51,63,1,2,7,1,1,0,11.9375,0.9999934434890747,0.37958824634552,0.4114041328430176,1,-0.03181588649749756,9.810643196105957,2.188096046447754,8.846345901489258
TRAIN,7744dc51,63,2,3,7,1,1,0,5.5,0.9959298968315125,0.31562137603759766,0.3431215286254883,1,-0.027500152587890625,12.275079727172852,2.00368070602417,11.702703475952148
TRAIN,7744dc51,63,3,4,7,1,1,0,10.625,0.9999756813049316,0.30045679211616516,0.34846460819244385,1,-0.048007816076278687,11.570080757141113,1.9584859609603882,10.896647453308105
TRAIN,7744dc51,63,4,5,7,1,1,0,9.4375,0.9999203681945801,0.3635900914669037,0.38124969601631165,1,-0.01765960454940796,10.668745994567871,2.219346046447754,9.814949989318848
TRAIN,7744dc51,63,5,6,7,1,1,0,2.65625,0.9343951344490051,0.19490265846252441,0.21678948402404785,1,-0.021886825561523438,14.19861125946045,2.9506733417510986,13.991303443908691
TRAIN,7744dc51,63,6,7,7,1,1,0,4.1875,0.985042929649353,0.2701733112335205,0.3095504939556122,1,-0.039377182722091675,11.297418594360352,1.8899933099746704,10.553268432617188
TRAIN,7744dc51,64,0,1,7,1,1,0,7.5,0.9994471669197083,0.36789077520370483,0.3325606882572174,5,0.03533008694648743,10.442986488342285,1.6459859609603882,9.73267936706543
TRAIN,7744dc51,64,1,2,7,1,1,0,11.375,0.9999885559082031,0.3624739348888397,0.4056250751018524,1,-0.043151140213012695,9.84055233001709,2.008408546447754,8.952455520629883
TRAIN,7744dc51,64,2,3,7,1,1,0,5.6875,0.9966233968734741,0.32564738392829895,0.35493913292884827,1,-0.029291749000549316,12.292189598083496,2.039658546447754,11.653020858764648
TRAIN,7744dc51,64,3,4,7,1,1,0,10.5,0.9999724626541138,0.28717249631881714,0.3185200095176697,1,-0.03134751319885254,12.852916717529297,2.5600483417510986,12.344335556030273
TRAIN,7744dc51,64,4,5,7,1,1,0,9.0625,0.9998840093612671,0.3717556893825531,0.392270028591156,1,-0.020514339208602905,10.406892776489258,1.852158546447754,9.462835311889648
TRAIN,7744dc51,64,5,6,7,1,1,0,2.765625,0.9407896995544434,0.19649535417556763,0.21491995453834534,1,-0.01842460036277771,14.170199394226074,2.9819233417510986,13.939580917358398
TRAIN,7744dc51,64,6,7,7,1,1,0,1.5703125,0.8278281688690186,0.23607435822486877,0.2973535358905792,1,-0.06127917766571045,10.765149116516113,1.6936192512512207,10.60992431640625
TRAIN,7744dc51,65,0,1,7,1,1,0,6.59375,0.9986329674720764,0.4367936849594116,0.40604469180107117,5,0.030748993158340454,11.532994270324707,2.078721046447754,10.621173858642578
TRAIN,7744dc51,65,1,2,7,1,1,0,11.625,0.9999910593032837,0.3914431929588318,0.42992711067199707,1,-0.03848391771316528,10.28919792175293,2.258408546447754,9.408071517944336
TRAIN,7744dc51,65,2,3,7,1,1,0,6.1875,0.9979493021965027,0.331809401512146,0.3612806797027588,1,-0.029471278190612793,11.586008071899414,1.9819234609603882,10.95235538482666
TRAIN,7744dc51,65,3,4,7,1,1,0,9.5625,0.999929666519165,0.3153339624404907,0.3405532240867615,1,-0.025219261646270752,12.526117324829102,2.2631733417510986,11.841694831848145
TRAIN,7744dc51,65,4,5,7,1,1,0,9.5625,0.999929666519165,0.40137213468551636,0.4292656481266022,1,-0.027893513441085815,10.015854835510254,1.5745331048965454,9.049858093261719
TRAIN,7744dc51,65,5,6,7,1,1,0,2.890625,0.9473810195922852,0.19231007993221283,0.21800823509693146,1,-0.025698155164718628,13.71030044555664,2.8412983417510986,13.450535774230957
TRAIN,7744dc51,65,6,7,7,1,1,0,0.72265625,0.6731916666030884,0.2797566056251526,0.34397417306900024,1,-0.06421756744384766,10.796319007873535,1.8100484609603882,10.670738220214844
TRAIN,7744dc51,66,0,1,7,1,1,0,5.5625,0.9961755275726318,0.46329256892204285,0.42787405848503113,5,0.03541851043701172,10.256634712219238,1.859971046447754,9.226461410522461
TRAIN,7744dc51,66,1,2,7,1,1,0,11.125,0.9999852180480957,0.3057478070259094,0.3281850814819336,1,-0.02243727445602417,10.98086929321289,2.258408546447754,10.20924186706543
TRAIN,7744dc51,66,2,3,7,1,1,0,6.40625,0.9983515739440918,0.3722899854183197,0.4039365351200104,1,-0.031646549701690674,11.469947814941406,1.961533546447754,10.702466011047363
TRAIN,7744dc51,66,3,4,7,1,1,0,9.9375,0.9999517202377319,0.32766324281692505,0.3647666871547699,1,-0.03710344433784485,11.545008659362793,2.1850483417510986,10.928450584411621
TRAIN,7744dc51,66,4,5,7,1,1,0,9.0625,0.9998840093612671,0.37035271525382996,0.40003103017807007,1,-0.029678314924240112,10.932214736938477,2.109971046447754,9.95101261138916
TRAIN,7744dc51,66,5,6,7,1,1,0,2.90625,0.9481545686721802,0.1640627533197403,0.18655025959014893,1,-0.02248750627040863,14.3668212890625,3.1537983417510986,14.253089904785156
TRAIN,7744dc51,66,6,7,7,1,1,0,0.921875,0.7154240012168884,0.2758854925632477,0.3435637056827545,1,-0.06767821311950684,10.139615058898926,1.5745331048965454,9.475162506103516
TRAIN,7744dc51,67,0,1,7,1,1,0,5.625,0.9964063763618469,0.4889039993286133,0.44883811473846436,5,0.040065884590148926,9.998193740844727,1.6470532417297363,8.991406440734863
TRAIN,7744dc51,67,1,2,7,1,1,0,11.5625,0.9999904632568359,0.3949041962623596,0.4322081506252289,1,-0.03730395436286926,9.91341781616211,2.024033546447754,8.783576011657715
TRAIN,7744dc51,67,2,3,7,1,1,0,7.46875,0.9994296431541443,0.39628756046295166,0.4258062243461609,1,-0.02951866388320923,11.861257553100586,2.063096046447754,11.015159606933594
TRAIN,7744dc51,67,3,4,7,1,1,0,10.125,0.9999599456787109,0.3704249858856201,0.4083248972892761,5,-0.037899911403656006,11.839827537536621,2.118283271789551,11.038511276245117
TRAIN,7744dc51,67,4,5,7,1,1,0,9.4375,0.9999203681945801,0.4250187575817108,0.43187248706817627,1,-0.006853729486465454,10.770496368408203,1.7347846031188965,9.730088233947754
TRAIN,7744dc51,67,5,6,7,1,1,0,3.03125,0.9539660811424255,0.21123731136322021,0.22316382825374603,1,-0.011926516890525818,13.833417892456055,2.8412983417510986,13.477543830871582
TRAIN,7744dc51,67,6,7,7,1,1,0,2.84375,0.9449946880340576,0.35135719180107117,0.3911797106266022,1,-0.039822518825531006,10.463127136230469,1.7493683099746704,9.395410537719727
TRAIN,7744dc51,68,0,1,7,1,1,0,6.6875,0.9987550973892212,0.5267384052276611,0.4922031760215759,5,0.034535229206085205,10.428436279296875,1.836533546447754,9.289026260375977
TRAIN,7744dc51,68,1,2,7,1,1,0,11.375,0.9999885559082031,0.3274126350879669,0.3475187420845032,5,-0.020106106996536255,10.282352447509766,2.102158546447754,9.445698738098145
TRAIN,7744dc51,68,2,3,7,1,1,0,7.84375,0.9996079802513123,0.389010488986969,0.4154224395751953,1,-0.02641195058822632,11.73361587524414,1.906846046447754,10.893604278564453
TRAIN,7744dc51,68,3,4,7,1,1,0,9.625,0.9999339580535889,0.32352790236473083,0.3762053847312927,1,-0.05267748236656189,12.454950332641602,2.1019721031188965,11.490735054016113
TRAIN,7744dc51,68,4,5,7,1,1,0,8.5625,0.9998089671134949,0.3631441295146942,0.4003543257713318,1,-0.03721019625663757,10.253128051757812,1.828721046447754,9.40665054321289
TRAIN,7744dc51,68,5,6,7,1,1,0,3.015625,0.9532750844955444,0.16423054039478302,0.1850506216287613,1,-0.02082008123397827,13.361040115356445,2.8881733417510986,13.139348030090332
TRAIN,7744dc51,68,6,7,7,1,1,0,4.4375,0.9883127808570862,0.455078661441803,0.4963616132736206,1,-0.04128295183181763,12.045866012573242,1.9588522911071777,11.054951667785645
TRAIN,7744dc51,69,0,1,7,1,1,0,0.5625,0.637030839920044,0.31764933466911316,0.2721896469593048,5,0.04545968770980835,14.345683097839355,2.4358067512512207,13.961298942565918
TRAIN,7744dc51,69,1,2,7,1,1,0,11.5,0.9999898672103882,0.3392431139945984,0.38223159313201904,1,-0.042988479137420654,9.80930233001709,1.781846046447754,8.948198318481445
TRAIN,7744dc51,69,2,3,7,1,1,0,8.375,0.9997695088386536,0.4032559096813202,0.4488917291164398,1,-0.04563581943511963,11.77993106842041,1.899033546447754,10.879261016845703
TRAIN,7744dc51,69,3,4,7,1,1,0,9.625,0.9999339580535889,0.28396469354629517,0.32286182045936584,1,-0.03889712691307068,13.532100677490234,2.4350483417510986,12.895403861999512
TRAIN,7744dc51,69,4,5,7,1,1,0,9.125,0.9998910427093506,0.2896043062210083,0.3023528456687927,1,-0.012748539447784424,11.365299224853516,2.4506733417510986,10.95587158203125
TRAIN,7744dc51,69,5,6,7,1,1,0,3.484375,0.9702399373054504,0.19647066295146942,0.21086646616458893,1,-0.014395803213119507,13.319249153137207,2.5912983417510986,13.028080940246582
TRAIN,7744dc51,69,6,7,7,1,1,0,5.78125,0.9969245791435242,0.3881278932094574,0.4359056055545807,1,-0.04777771234512329,11.956534385681152,2.242783546447754,11.003399848937988
TRAIN,7744dc51,70,0,1,7,1,1,0,3.265625,0.963230550289154,0.35036125779151917,0.3218912184238434,5,0.02847003936767578,10.30688762664795,1.7962433099746704,9.484613418579102
TRAIN,7744dc51,70,1,2,7,1,1,0,11.3125,0.9999877214431763,0.38315457105636597,0.4195631742477417,1,-0.03640860319137573,10.378767013549805,2.125596046447754,9.48159408569336
TRAIN,7744dc51,70,2,3,7,1,1,0,8.5625,0.9998089671134949,0.434236615896225,0.4580729007720947,1,-0.02383628487586975,10.063751220703125,1.984971046447754,9.045843124389648
TRAIN,7744dc51,70,3,4,7,1,1,0,9.4375,0.9999203681945801,0.31259986758232117,0.3522176444530487,1,-0.03961777687072754,13.296616554260254,2.26930570602417,12.4480619430542
TRAIN,7744dc51,70,4,5,7,1,1,0,9.0625,0.9998840093612671,0.2913718819618225,0.2940368056297302,1,-0.002664923667907715,12.64265251159668,2.8256733417510986,12.312753677368164
TRAIN,7744dc51,70,5,6,7,1,1,0,3.90625,0.9802808165550232,0.20144790410995483,0.22049608826637268,1,-0.019048184156417847,12.991987228393555,2.4819233417510986,12.71324348449707
TRAIN,7744dc51,70,6,7,7,1,1,0,5.625,0.9964063763618469,0.2815684676170349,0.29004403948783875,6,-0.008475571870803833,13.71463680267334,3.1069233417510986,13.355755805969238
TRAIN,7744dc51,71,0,1,7,1,1,0,4.84375,0.9921841025352478,0.3909110426902771,0.3818947374820709,5,0.009016305208206177,12.639321327209473,2.664658546447754,11.702142715454102
TRAIN,7744dc51,71,1,2,7,1,1,0,10.75,0.9999785423278809,0.35714906454086304,0.3903891146183014,1,-0.033240050077438354,9.865423202514648,1.922471046447754,9.0375337600708
TRAIN,7744dc51,71,2,3,7,1,1,0,8.375,0.9997695088386536,0.3669719398021698,0.3988853693008423,1,-0.031913429498672485,11.546399116516113,1.8353058099746704,10.688036918640137
TRAIN,7744dc51,71,3,4,7,1,1,0,8.875,0.9998601675033569,0.25662216544151306,0.27416086196899414,1,-0.01753869652748108,13.058066368103027,2.4662983417510986,12.409605026245117
TRAIN,7744dc51,71,4,5,7,1,1,0,9.1875,0.9998977184295654,0.3384535014629364,0.3511142134666443,1,-0.012660712003707886,12.224285125732422,2.4037983417510986,11.707051277160645
TRAIN,7744dc51,71,5,6,7,1,1,0,4.25,0.9859364032745361,0.1624697595834732,0.18159501254558563,1,-0.019125252962112427,12.327683448791504,2.2006733417510986,11.960761070251465
TRAIN,7744dc51,71,6,7,7,1,1,0,5.5625,0.9961755275726318,0.34224584698677063,0.3753812313079834,1,-0.03313538432121277,11.114352226257324,1.9261257648468018,10.283721923828125
TRAIN,7744dc51,72,0,1,7,1,1,0,5.96875,0.9974491000175476,0.38241222500801086,0.36754316091537476,5,0.014869064092636108,11.316332817077637,2.352158546447754,10.30871868133545
TRAIN,7744dc51,72,1,2,7,1,1,0,11.5625,0.9999904632568359,0.3422574996948242,0.3783205449581146,1,-0.036063045263290405,10.644570350646973,1.914658546447754,9.93470573425293
TRAIN,7744dc51,72,2,3,7,1,1,0,8.3125,0.9997546076774597,0.37420228123664856,0.4030199348926544,1,-0.02881765365600586,10.723563194274902,2.164658546447754,9.76790714263916
TRAIN,7744dc51,72,3,4,7,1,1,0,8.5,0.9997965693473816,0.29894453287124634,0.33618873357772827,1,-0.037244200706481934,12.44056510925293,2.13218092918396,11.664833068847656
TRAIN,7744dc51,72,4,5,7,1,1,0,8.6875,0.9998313188552856,0.36315077543258667,0.38281792402267456,1,-0.01966714859008789,12.152467727661133,2.0131733417510986,11.511407852172852
TRAIN,7744dc51,72,5,6,7,1,1,0,4.65625,0.9905874133110046,0.2328042834997177,0.23415660858154297,1,-0.0013523250818252563,12.835267066955566,2.0442330837249756,12.245287895202637
TRAIN,7744dc51,72,6,7,7,1,1,0,5.03125,0.9935117363929749,0.3341476023197174,0.3559417426586151,5,-0.021794140338897705,10.504305839538574,1.6800971031188965,9.692566871643066
TRAIN,7744dc51,73,0,1,7,1,1,0,4.875,0.9924227595329285,0.39142391085624695,0.3547949194908142,5,0.03662899136543274,11.851670265197754,2.0756733417510986,11.16219425201416
TRAIN,7744dc51,73,1,2,7,1,1,0,10.8125,0.9999798536300659,0.3737407624721527,0.40457314252853394,1,-0.030832380056381226,10.790950775146484,2.109971046447754,9.95272445678711
TRAIN,7744dc51,73,2,3,7,1,1,0,8.875,0.9998601675033569,0.32736736536026,0.3543316125869751,1,-0.026964247226715088,11.890993118286133,2.524033546447754,10.959661483764648
TRAIN,7744dc51,73,3,4,7,1,1,0,8.8125,0.9998511075973511,0.26979196071624756,0.323951780796051,1,-0.05415982007980347,12.825787544250488,2.22243070602417,12.103693008422852
TRAIN,7744dc51,73,4,5,7,1,1,0,7.71875,0.999555766582489,0.43086421489715576,0.46323293447494507,1,-0.03236871957778931,10.433488845825195,1.6604706048965454,9.445544242858887
TRAIN,7744dc51,73,5,6,7,1,1,0,4.5625,0.9896718263626099,0.22309976816177368,0.2235122174024582,7,-0.0004124492406845093,13.121384620666504,2.15561842918396,12.59543514251709
TRAIN,7744dc51,73,6,7,7,1,1,0,5.03125,0.9935117363929749,0.28361645340919495,0.3369426727294922,1,-0.05332621932029724,9.958769798278809,1.6147359609603882,9.34427547454834
TRAIN,7744dc51,74,0,1,7,1,1,0,3.4375,0.9688562154769897,0.3452267646789551,0.30242517590522766,5,0.04280158877372742,12.374452590942383,2.0998692512512207,11.852398872375488
TRAIN,7744dc51,74,1,2,7,1,1,0,10.4375,0.9999706745147705,0.3346129059791565,0.3677443861961365,1,-0.03313148021697998,11.153735160827637,2.383408546447754,10.333260536193848
TRAIN,7744dc51,74,2,3,7,1,1,0,9.5625,0.999929666519165,0.25451013445854187,0.2892965078353882,1,-0.034786373376846313,11.752270698547363,2.234971046447754,11.020441055297852
TRAIN,7744dc51,74,3,4,7,1,1,0,8.9375,0.999868631362915,0.2162097841501236,0.26158830523490906,1,-0.04537852108478546,12.636043548583984,2.3881733417510986,12.0591402053833
TRAIN,7744dc51,74,4,5,7,1,1,0,7.8125,0.999595582485199,0.4044445753097534,0.4279152750968933,1,-0.023470699787139893,10.184938430786133,1.5540558099746704,9.363767623901367
TRAIN,7744dc51,74,5,6,7,1,1,0,4.90625,0.9926542043685913,0.21244290471076965,0.21558736264705658,1,-0.0031444579362869263,13.126242637634277,2.2006733417510986,12.762062072753906
TRAIN,7744dc51,74,6,7,7,1,1,0,4.90625,0.9926542043685913,0.29836228489875793,0.3339000940322876,1,-0.03553780913352966,11.682710647583008,1.8182272911071777,10.936280250549316
TRAIN,7744dc51,75,0,1,7,1,1,0,3.953125,0.9811668992042542,0.4319123923778534,0.3914603888988495,5,0.040452003479003906,10.684205055236816,1.7467870712280273,9.690925598144531
TRAIN,7744dc51,75,1,2,7,1,1,0,10.875,0.9999810457229614,0.3441246747970581,0.37130582332611084,1,-0.027181148529052734,11.001293182373047,2.313096046447754,10.217848777770996
TRAIN,7744dc51,75,2,3,7,1,1,0,9.3125,0.9999097585678101,0.2764188349246979,0.30368608236312866,1,-0.027267247438430786,12.237348556518555,2.492783546447754,11.45859146118164
TRAIN,7744dc51,75,3,4,7,1,1,0,7.8125,0.999595582485199,0.2570902407169342,0.29236742854118347,1,-0.03527718782424927,12.756391525268555,2.2475483417510986,12.042314529418945
TRAIN,7744dc51,75,4,5,7,1,1,0,6.6875,0.9987550973892212,0.3564348518848419,0.3716258406639099,1,-0.015190988779067993,10.915515899658203,1.8647359609603882,10.144105911254883
TRAIN,7744dc51,75,5,6,7,1,1,0,4.71875,0.9911527037620544,0.1791875958442688,0.1818084865808487,1,-0.002620890736579895,13.720064163208008,2.4506733417510986,13.376432418823242
TRAIN,7744dc51,75,6,7,7,1,1,0,4.78125,0.9916841983795166,0.31465017795562744,0.35873475670814514,1,-0.0440845787525177,12.042051315307617,1.9915558099746704,11.380905151367188
TRAIN,7744dc51,76,0,1,7,1,1,0,4.90625,0.9926542043685913,0.4211331605911255,0.3999195396900177,5,0.021213620901107788,11.127887725830078,2.274033546447754,10.07310676574707
TRAIN,7744dc51,76,1,2,7,1,1,0,10.375,0.9999687671661377,0.31928515434265137,0.34840551018714905,1,-0.02912035584449768,10.94934368133545,2.266221046447754,10.270621299743652
TRAIN,7744dc51,76,2,3,7,1,1,0,9.9375,0.9999517202377319,0.277568519115448,0.31059616804122925,1,-0.03302764892578125,11.431964874267578,2.305283546447754,10.676464080810547
TRAIN,7744dc51,76,3,4,7,1,1,0,7.6875,0.9995417594909668,0.23561310768127441,0.2679869830608368,1,-0.03237387537956238,12.373174667358398,2.2475483417510986,11.673786163330078
TRAIN,7744dc51,76,4,5,7,1,1,0,6.21875,0.9980121850967407,0.34326618909835815,0.3491230010986328,1,-0.005856812000274658,12.267687797546387,1.977158546447754,11.582937240600586
TRAIN,7744dc51,76,5,6,7,1,1,0,4.59375,0.9899863600730896,0.1845923364162445,0.1881573647260666,1,-0.0035650283098220825,13.422968864440918,2.2631733417510986,13.093587875366211
TRAIN,7744dc51,76,6,7,7,1,1,0,4.625,0.9902915358543396,0.3357073664665222,0.39850082993507385,1,-0.06279346346855164,11.44126033782959,1.7337433099746704,10.638010025024414
TRAIN,7744dc51,77,0,1,7,1,1,0,5.28125,0.9949396848678589,0.403521865606308,0.37960362434387207,5,0.023918241262435913,12.382086753845215,2.1488471031188965,11.493505477905273
TRAIN,7744dc51,77,1,2,7,1,1,0,10.4375,0.9999706745147705,0.3519012928009033,0.38659343123435974,1,-0.03469213843345642,11.155961036682129,2.289658546447754,10.362858772277832
TRAIN,7744dc51,77,2,3,7,1,1,0,9.9375,0.9999517202377319,0.32665637135505676,0.3596397638320923,1,-0.03298339247703552,10.699353218078613,2.438096046447754,9.773110389709473
TRAIN,7744dc51,77,3,4,7,1,1,0,6.90625,0.9989995360374451,0.28827184438705444,0.3362717926502228,1,-0.047999948263168335,12.364949226379395,2.05055570602417,11.564132690429688
TRAIN,7744dc51,77,4,5,7,1,1,0,5.5625,0.9961755275726318,0.38736769556999207,0.41196802258491516,1,-0.024600327014923096,11.166727066040039,1.8353058099746704,10.297246932983398
TRAIN,7744dc51,77,5,6,7,1,1,0,3.953125,0.9811668992042542,0.2130134403705597,0.22447030246257782,1,-0.011456862092018127,13.558789253234863,2.33530592918396,13.120138168334961
TRAIN,7744dc51,77,6,7,7,1,1,0,4.0625,0.9830850958824158,0.3783872425556183,0.44449666142463684,1,-0.06610941886901855,11.011048316955566,1.7354708909988403,10.09113883972168
TRAIN,7744dc51,78,0,1,7,1,0,1,-1.7109375,0.15304215252399445,,,,,0.0,0.0,2.8216605186462402
TRAIN,7744dc51,78,1,2,7,1,1,0,10.5625,0.9999741315841675,0.3579804301261902,0.39439189434051514,1,-0.03641146421432495,11.265251159667969,2.227158546447754,10.436576843261719
TRAIN,7744dc51,78,2,3,7,1,1,0,10.8125,0.9999798536300659,0.27828121185302734,0.32174593210220337,1,-0.043464720249176025,11.326573371887207,2.406846046447754,10.515278816223145
TRAIN,7744dc51,78,3,4,7,1,1,0,6.96875,0.9990600943565369,0.26484495401382446,0.3096168637275696,1,-0.04477190971374512,12.014636039733887,2.15993070602417,11.207576751708984
TRAIN,7744dc51,78,4,5,7,1,1,0,6.84375,0.9989350438117981,0.31490278244018555,0.3392554819583893,1,-0.024352699518203735,11.7994384765625,2.2631733417510986,11.187026977539062
TRAIN,7744dc51,78,5,6,7,1,1,0,4.96875,0.9930961728096008,0.14850233495235443,0.16620580852031708,1,-0.017703473567962646,14.616289138793945,2.8412983417510986,14.421391487121582
TRAIN,7744dc51,78,6,7,7,1,1,0,3.6875,0.9755768775939941,0.35899507999420166,0.4161415100097656,1,-0.057146430015563965,11.226036071777344,1.9071462154388428,10.2861909866333
TRAIN,7744dc51,79,0,1,7,1,0,1,-2.546875,0.07263670116662979,,,,,0.0,0.0,2.8216605186462402
TRAIN,7744dc51,79,1,2,7,1,1,0,10.25,0.9999645948410034,0.3466411828994751,0.381988525390625,1,-0.0353473424911499,11.601301193237305,2.359971046447754,10.827125549316406
TRAIN,7744dc51,79,2,3,7,1,1,0,10.5,0.9999724626541138,0.34305983781814575,0.3951623737812042,1,-0.05210253596305847,10.483785629272461,2.063096046447754,9.602524757385254
TRAIN,7744dc51,79,3,4,7,1,1,0,6.875,0.9989677667617798,0.29318079352378845,0.3439463973045349,1,-0.05076560378074646,11.095940589904785,1.8786808252334595,10.204537391662598
TRAIN,7744dc51,79,4,5,7,1,1,0,7.65625,0.9995272159576416,0.341354101896286,0.3705551326274872,1,-0.029201030731201172,11.402313232421875,2.1381733417510986,10.786591529846191
TRAIN,7744dc51,79,5,6,7,1,1,0,5.25,0.9947799444198608,0.1540321260690689,0.17708463966846466,1,-0.023052513599395752,14.66107177734375,2.9662983417510986,14.497625350952148
TRAIN,7744dc51,79,6,7,7,1,1,0,4.34375,0.9871788024902344,0.34755784273147583,0.4150830805301666,1,-0.0675252377986908,11.566559791564941,1.7728058099746704,10.843586921691895
TRAIN,7744dc51,80,0,1,7,1,0,1,-4.34375,0.012821214273571968,,,,,0.0,0.0,2.8216605186462402
TRAIN,7744dc51,80,1,2,7,1,1,0,11.125,0.9999852180480957,0.319578617811203,0.3468056321144104,1,-0.027227014303207397,11.385127067565918,2.164658546447754,10.75346565246582
TRAIN,7744dc51,80,2,3,7,1,1,0,11.0625,0.9999842643737793,0.3060121536254883,0.32787981629371643,1,-0.02186766266822815,11.096822738647461,2.328721046447754,10.171577453613281
TRAIN,7744dc51,80,3,4,7,1,1,0,6.65625,0.9987157583236694,0.26701217889785767,0.29654479026794434,5,-0.02953261137008667,12.03221607208252,2.1850483417510986,11.239585876464844
TRAIN,7744dc51,80,4,5,7,1,1,0,6.65625,0.9987157583236694,0.3376320004463196,0.346712201833725,1,-0.009080201387405396,12.539702415466309,2.20680570602417,11.932989120483398
TRAIN,7744dc51,80,5,6,7,1,1,0,4.78125,0.9916841983795166,0.16355817019939423,0.17058469355106354,1,-0.0070265233516693115,14.988306045532227,3.0444233417510986,14.86546802520752
TRAIN,7744dc51,80,6,7,7,1,1,0,3.5625,0.9724147915840149,0.2996830642223358,0.3833851218223572,1,-0.08370205760002136,11.209065437316895,1.7113471031188965,10.53372573852539
TRAIN,7744dc51,81,0,1,7,1,0,1,-4.71875,0.008847354911267757,,,,,0.0,0.0,2.8216605186462402
TRAIN,7744dc51,81,1,2,7,1,1,0,10.1875,0.999962329864502,0.3826149106025696,0.4098189175128937,1,-0.027204006910324097,10.93582820892334,2.180283546447754,9.920759201049805
TRAIN,7744dc51,81,2,3,7,1,1,0,11.5,0.9999898672103882,0.26555827260017395,0.29789984226226807,1,-0.032341569662094116,11.83701229095459,2.399033546447754,11.012930870056152
TRAIN,7744dc51,81,3,4,7,1,1,0,7.25,0.9992903470993042,0.24213255941867828,0.2680176794528961,1,-0.025885120034217834,12.794679641723633,2.4662983417510986,12.099034309387207
TRAIN,7744dc51,81,4,5,7,1,1,0,7.4375,0.9994115829467773,0.3186286389827728,0.33408889174461365,1,-0.01546025276184082,12.165266036987305,2.5912983417510986,11.600465774536133
TRAIN,7744dc51,81,5,6,7,1,1,0,5.1875,0.9944451451301575,0.18446604907512665,0.19794471561908722,1,-0.013478666543960571,15.114459037780762,3.0912983417510986,14.920967102050781
TRAIN,7744dc51,81,6,7,7,1,1,0,4.65625,0.9905874133110046,0.32479017972946167,0.37563931941986084,1,-0.05084913969039917,9.660606384277344,1.6459859609603882,8.869128227233887
TRAIN,7744dc51,82,0,1,7,1,0,1,-4.40625,0.0120537793263793,,,,,0.0,0.0,2.8216605186462402
TRAIN,7744dc51,82,1,2,7,1,1,0,10.75,0.9999785423278809,0.3599386215209961,0.39520421624183655,1,-0.035265594720840454,11.103813171386719,2.211533546447754,10.198424339294434
TRAIN,7744dc51,82,2,3,7,1,1,0,11.25,0.999987006187439,0.27588924765586853,0.31761103868484497,1,-0.04172179102897644,10.368402481079102,2.164658546447754,9.514172554016113
TRAIN,7744dc51,82,3,4,7,1,1,0,6.625,0.9986749291419983,0.2746800184249878,0.32487767934799194,1,-0.05019766092300415,11.788773536682129,2.11305570602417,10.974233627319336
TRAIN,7744dc51,82,4,5,7,1,1,0,6.84375,0.9989350438117981,0.3233359754085541,0.3606218993663788,1,-0.03728592395782471,11.751349449157715,1.9975484609603882,11.109387397766113
TRAIN,7744dc51,82,5,6,7,1,1,0,5.03125,0.9935117363929749,0.19831117987632751,0.2233869582414627,1,-0.025075778365135193,14.188359260559082,2.6850483417510986,13.883891105651855
TRAIN,7744dc51,82,6,7,7,1,1,0,4.8125,0.9919379353523254,0.34282323718070984,0.37479329109191895,1,-0.031970053911209106,10.267273902893066,1.7933132648468018,9.476673126220703
TRAIN,7744dc51,83,0,1,7,1,0,1,-4.40625,0.0120537793263793,,,,,0.0,0.0,2.8216605186462402
TRAIN,7744dc51,83,1,2,7,1,1,0,10.375,0.9999687671661377,0.3891183137893677,0.4139922559261322,1,-0.024873942136764526,11.305233001708984,1.8839083909988403,10.45474624633789
TRAIN,7744dc51,83,2,3,7,1,1,0,11.625,0.9999910593032837,0.2471286803483963,0.2832900285720825,1,-0.03616134822368622,11.706903457641602,2.352158546447754,10.924030303955078
TRAIN,7744dc51,83,3,4,7,1,1,0,6.46875,0.9984512329101562,0.2712825536727905,0.31378012895584106,1,-0.04249757528305054,11.626019477844238,2.03493070602417,10.785387992858887
TRAIN,7744dc51,83,4,5,7,1,1,0,7.125,0.9991958737373352,0.3188460171222687,0.3479337990283966,1,-0.02908778190612793,11.793822288513184,2.09743070602417,11.183173179626465
TRAIN,7744dc51,83,5,6,7,1,1,0,5.125,0.9940890073776245,0.1989334672689438,0.2229851931333542,1,-0.0240517258644104,14.39894962310791,2.7475483417510986,14.155949592590332
TRAIN,7744dc51,83,6,7,7,1,1,0,5.625,0.9964063763618469,0.321351021528244,0.34494948387145996,1,-0.023598462343215942,11.2279691696167,2.0042507648468018,10.469254493713379
TRAIN,7744dc51,84,0,1,7,1,0,1,-3.6875,0.024423090741038322,,,,,0.0,0.0,2.8216605186462402
TRAIN,7744dc51,84,1,2,7,1,1,0,9.75,0.9999417066574097,0.3407187759876251,0.37829938530921936,1,-0.03758060932159424,11.684720039367676,2.445908546447754,10.792935371398926
TRAIN,7744dc51,84,2,3,7,1,1,0,11.0,0.9999833106994629,0.2704891860485077,0.3108580410480499,1,-0.040368854999542236,10.301210403442383,2.039658546447754,9.561767578125
TRAIN,7744dc51,84,3,4,7,1,1,0,6.21875,0.9980121850967407,0.2670948803424835,0.31132566928863525,6,-0.04423078894615173,11.80767822265625,1.8729147911071777,10.9550142288208
TRAIN,7744dc51,84,4,5,7,1,1,0,6.1875,0.9979493021965027,0.272011935710907,0.29907843470573425,1,-0.02706649899482727,11.993654251098633,2.2162983417510986,11.438557624816895
TRAIN,7744dc51,84,5,6,7,1,1,0,4.53125,0.9893474578857422,0.22310829162597656,0.2525320053100586,1,-0.02942371368408203,13.429811477661133,2.2944233417510986,13.021296501159668
TRAIN,7744dc51,84,6,7,7,1,1,0,5.25,0.9947799444198608,0.2984054386615753,0.3348958194255829,1,-0.03649038076400757,10.425405502319336,1.8040558099746704,9.6663236618042
TRAIN,7744dc51,85,0,1,7,1,0,1,-4.28125,0.013636835850775242,,,,,0.0,0.0,2.8216605186462402
TRAIN,7744dc51,85,1,2,7,1,1,0,10.125,0.9999599456787109,0.32142823934555054,0.3592514097690582,1,-0.03782317042350769,12.007379531860352,2.664658546447754,11.168288230895996
TRAIN,7744dc51,85,2,3,7,1,1,0,10.75,0.9999785423278809,0.2715820074081421,0.30892708897590637,1,-0.03734508156776428,10.848919868469238,2.117783546447754,10.086633682250977
TRAIN,7744dc51,85,3,4,7,1,1,0,6.875,0.9989677667617798,0.2561197876930237,0.28843969106674194,1,-0.03231990337371826,12.112972259521484,2.09743070602417,11.310647964477539
TRAIN,7744dc51,85,4,5,7,1,1,0,6.96875,0.9990600943565369,0.3167077600955963,0.3297414481639862,1,-0.013033688068389893,12.255331039428711,2.15993070602417,11.633378982543945
TRAIN,7744dc51,85,5,6,7,1,1,0,4.8125,0.9919379353523254,0.19457532465457916,0.2086627334356308,1,-0.014087408781051636,13.988302230834961,2.7319233417510986,13.73681640625
TRAIN,7744dc51,85,6,7,7,1,1,0,6.0625,0.9976769089698792,0.32656624913215637,0.3709215819835663,1,-0.04435533285140991,12.11676025390625,2.1381733417510986,11.496298789978027
TRAIN,7744dc51,86,0,1,7,1,0,1,-3.84375,0.020964240655303,,,,,0.0,0.0,2.8216605186462402
TRAIN,7744dc51,86,1,2,7,1,1,0,9.3125,0.9999097585678101,0.31988275051116943,0.3421429693698883,1,-0.022260218858718872,12.05492877960205,2.758408546447754,11.286206245422363
TRAIN,7744dc51,86,2,3,7,1,1,0,11.125,0.9999852180480957,0.34217968583106995,0.39762556552886963,1,-0.05544587969779968,10.07751178741455,1.930283546447754,9.114219665527344
TRAIN,7744dc51,86,3,4,7,1,1,0,6.71875,0.998793363571167,0.26294195652008057,0.29481926560401917,5,-0.0318773090839386,11.395912170410156,2.0131733417510986,10.562545776367188
TRAIN,7744dc51,86,4,5,7,1,1,0,6.71875,0.998793363571167,0.3506668508052826,0.37301963567733765,1,-0.022352784872055054,12.686927795410156,2.19118070602417,11.954826354980469
TRAIN,7744dc51,86,5,6,7,1,1,0,5.0,0.9933071732521057,0.2077367603778839,0.21880637109279633,1,-0.011069610714912415,13.752981185913086,2.7475483417510986,13.51952075958252
TRAIN,7744dc51,86,6,7,7,1,1,0,5.65625,0.9965165853500366,0.35625505447387695,0.40232476592063904,1,-0.046069711446762085,11.584589004516602,1.9446808099746704,10.74899959564209
TRAIN,7744dc51,87,0,1,7,1,0,1,-3.890625,0.020023440942168236,,,,,0.0,0.0,2.8216605186462402
TRAIN,7744dc51,87,1,2,7,1,1,0,9.5,0.9999251365661621,0.2797807455062866,0.3149920403957367,1,-0.03521129488945007,12.625677108764648,2.680283546447754,11.847223281860352
TRAIN,7744dc51,87,2,3,7,1,1,0,10.8125,0.9999798536300659,0.3133060038089752,0.369022935628891,1,-0.05571693181991577,10.057056427001953,1.859971046447754,9.166365623474121
TRAIN,7744dc51,87,3,4,7,1,1,0,6.875,0.9989677667617798,0.24076226353645325,0.2841704785823822,1,-0.043408215045928955,11.883814811706543,2.23805570602417,11.133296966552734
TRAIN,7744dc51,87,4,5,7,1,1,0,6.0625,0.9976769089698792,0.32733944058418274,0.3548628091812134,1,-0.02752336859703064,12.801595687866211,2.36305570602417,12.126867294311523
TRAIN,7744dc51,87,5,6,7,1,1,0,4.59375,0.9899863600730896,0.2154754251241684,0.2325456440448761,1,-0.017070218920707703,13.705134391784668,2.7006733417510986,13.465331077575684
TRAIN,7744dc51,87,6,7,7,1,1,0,5.53125,0.9960545301437378,0.32175108790397644,0.38608935475349426,1,-0.06433826684951782,11.772890090942383,1.8396183252334595,11.099523544311523
TRAIN,7744dc51,88,0,1,7,1,0,1,-3.40625,0.03210070729255676,,,,,0.0,0.0,2.8216605186462402
TRAIN,7744dc51,88,1,2,7,1,1,0,8.9375,0.999868631362915,0.3287411630153656,0.3649042844772339,1,-0.036163121461868286,11.561957359313965,2.399033546447754,10.741348266601562
TRAIN,7744dc51,88,2,3,7,1,1,0,10.875,0.9999810457229614,0.3365408182144165,0.36672595143318176,1,-0.03018513321876526,10.379717826843262,2.250596046447754,9.410857200622559
TRAIN,7744dc51,88,3,4,7,1,1,0,7.125,0.9991958737373352,0.26921090483665466,0.3091108500957489,1,-0.03989994525909424,11.430647850036621,2.0444233417510986,10.587811470031738
TRAIN,7744dc51,88,4,5,7,1,1,0,6.25,0.9980732202529907,0.309330552816391,0.3315746784210205,1,-0.022244125604629517,11.544173240661621,2.00368070602417,10.850591659545898
TRAIN,7744dc51,88,5,6,7,1,1,0,4.6875,0.9908744096755981,0.20995493233203888,0.22738109529018402,1,-0.01742616295814514,14.062873840332031,2.7944233417510986,13.789532661437988
TRAIN,7744dc51,88,6,7,7,1,1,0,6.03125,0.9976032376289368,0.3655678927898407,0.404120534658432,1,-0.03855264186859131,11.706154823303223,1.8995333909988403,10.949117660522461
TRAIN,7744dc51,89,0,1,7,1,0,1,-2.328125,0.08882029354572296,,,,,0.0,0.0,2.8216605186462402
TRAIN,7744dc51,89,1,2,7,1,1,0,8.75,0.999841570854187,0.34748855233192444,0.3765975534915924,1,-0.02910900115966797,11.719893455505371,2.461533546447754,10.862353324890137
TRAIN,7744dc51,89,2,3,7,1,1,0,10.625,0.9999756813049316,0.34219202399253845,0.3677329421043396,1,-0.025540918111801147,9.115718841552734,1.836533546447754,8.223203659057617
TRAIN,7744dc51,89,3,4,7,1,1,0,7.1875,0.9992445707321167,0.25697609782218933,0.2998308539390564,1,-0.042854756116867065,12.261307716369629,2.20680570602417,11.423340797424316
TRAIN,7744dc51,89,4,5,7,1,1,0,6.5,0.998498797416687,0.3703310489654541,0.3979450762271881,1,-0.02761402726173401,11.755171775817871,1.8708683252334595,10.996003150939941
TRAIN,7744dc51,89,5,6,7,1,1,0,4.59375,0.9899863600730896,0.1757287085056305,0.1922287940979004,1,-0.016500085592269897,14.130329132080078,2.9194233417510986,13.913750648498535
TRAIN,7744dc51,89,6,7,7,1,1,0,6.40625,0.9983515739440918,0.3786786198616028,0.43530869483947754,1,-0.056630074977874756,10.769370079040527,1.6260958909988403,9.99910831451416
TRAIN,7744dc51,90,0,1,7,1,0,1,-1.8125,0.14033624529838562,,,,,0.0,0.0,2.8216605186462402
TRAIN,7744dc51,90,1,2,7,1,1,0,9.4375,0.9999203681945801,0.3278970420360565,0.3666194677352905,1,-0.03872242569923401,10.334729194641113,2.086533546447754,9.609128952026367
TRAIN,7744dc51,90,2,3,7,1,1,0,10.4375,0.9999706745147705,0.36362558603286743,0.3893294036388397,1,-0.02570381760597229,10.757044792175293,1.719346046447754,9.645316123962402
TRAIN,7744dc51,90,3,4,7,1,1,0,6.53125,0.9985449314117432,0.21924342215061188,0.24176868796348572,1,-0.02252526581287384,11.973193168640137,2.22243070602417,11.210514068603516
TRAIN,7744dc51,90,4,5,7,1,1,0,6.40625,0.9983515739440918,0.3452596664428711,0.3476780354976654,1,-0.0024183690547943115,12.099836349487305,2.15993070602417,11.288283348083496
TRAIN,7744dc51,90,5,6,7,1,1,0,4.71875,0.9911527037620544,0.21401406824588776,0.21855363249778748,1,-0.004539564251899719,14.355085372924805,3.0600483417510986,14.159698486328125
TRAIN,7744dc51,90,6,7,7,1,1,0,6.375,0.9982993006706238,0.348757266998291,0.4124829173088074,1,-0.06372565031051636,11.483272552490234,1.8569234609603882,10.743934631347656
TRAIN,7744dc51,91,0,1,7,1,0,1,-0.84375,0.3007456064224243,,,,,0.0,0.0,2.8216605186462402
TRAIN,7744dc51,91,1,2,7,1,1,0,9.875,0.9999485015869141,0.3924592137336731,0.42867350578308105,1,-0.03621429204940796,10.265636444091797,1.8057833909988403,9.465760231018066
TRAIN,7744dc51,91,2,3,7,1,1,0,11.0625,0.9999842643737793,0.3403380513191223,0.36262887716293335,1,-0.022290825843811035,9.602458953857422,1.977158546447754,8.711099624633789
TRAIN,7744dc51,91,3,4,7,1,1,0,6.625,0.9986749291419983,0.23370446264743805,0.2558600604534149,5,-0.022155597805976868,12.916250228881836,2.4819233417510986,12.194852828979492
TRAIN,7744dc51,91,4,5,7,1,1,0,6.46875,0.9984512329101562,0.34222638607025146,0.3682853877544403,1,-0.026059001684188843,11.654068946838379,2.01930570602417,10.861686706542969
TRAIN,7744dc51,91,5,6,7,1,1,0,4.5,0.9890130758285522,0.20542819797992706,0.20645084977149963,1,-0.0010226517915725708,13.479493141174316,2.9350483417510986,13.193405151367188
TRAIN,7744dc51,91,6,7,7,1,1,0,6.625,0.9986749291419983,0.32937300205230713,0.37256714701652527,1,-0.04319414496421814,11.337364196777344,1.9194234609603882,10.6021146774292
TRAIN,7744dc51,92,0,1,7,1,0,1,-1.3671875,0.2030746340751648,,,,,0.0,0.0,2.8216605186462402
TRAIN,7744dc51,92,1,2,7,1,1,0,10.375,0.9999687671661377,0.3344728946685791,0.3678951859474182,1,-0.03342229127883911,10.3777494430542,2.024033546447754,9.671416282653809
TRAIN,7744dc51,92,2,3,7,1,1,0,10.3125,0.9999667406082153,0.3407193422317505,0.3763110041618347,1,-0.03559166193008423,9.530996322631836,2.000596046447754,8.590120315551758
TRAIN,7744dc51,92,3,4,7,1,1,0,6.375,0.9982993006706238,0.21826450526714325,0.24324646592140198,5,-0.024981960654258728,11.989123344421387,2.3100483417510986,11.253959655761719
TRAIN,7744dc51,92,4,5,7,1,1,0,6.5625,0.9985895752906799,0.3063223659992218,0.3127687871456146,1,-0.006446421146392822,11.07793140411377,1.984971046447754,10.357568740844727
TRAIN,7744dc51,92,5,6,7,1,1,0,4.09375,0.9835969805717468,0.18010006844997406,0.2020251750946045,1,-0.021925106644630432,14.34770393371582,2.9194233417510986,14.08148193359375
TRAIN,7744dc51,92,6,7,7,1,1,0,5.84375,0.9971103668212891,0.2760487496852875,0.32927680015563965,1,-0.05322805047035217,12.473272323608398,2.22243070602417,11.84900951385498
TRAIN,7744dc51,93,0,1,7,1,0,1,-1.0390625,0.2613309323787689,,,,,0.0,0.0,2.8216605186462402
TRAIN,7744dc51,93,1,2,7,1,1,0,9.8125,0.9999452829360962,0.3079899251461029,0.34084200859069824,1,-0.03285208344459534,10.528664588928223,2.070908546447754,9.865290641784668
TRAIN,7744dc51,93,2,3,7,1,1,0,11.0,0.9999833106994629,0.27151697874069214,0.30780723690986633,1,-0.036290258169174194,11.302623748779297,2.422471046447754,10.540164947509766
TRAIN,7744dc51,93,3,4,7,1,1,0,6.0625,0.9976769089698792,0.2262701690196991,0.2573207914829254,1,-0.03105062246322632,12.458916664123535,2.36305570602417,11.713027000427246
TRAIN,7744dc51,93,4,5,7,1,1,0,6.9375,0.9990302324295044,0.29415369033813477,0.3173191547393799,1,-0.023165464401245117,12.113499641418457,2.352158546447754,11.410063743591309
TRAIN,7744dc51,93,5,6,7,1,1,0,4.5,0.9890130758285522,0.18170814216136932,0.1953067034482956,1,-0.01359856128692627,13.853090286254883,2.9194233417510986,13.625042915344238
TRAIN,7744dc51,93,6,7,7,1,1,0,6.21875,0.9980121850967407,0.3156372606754303,0.34371012449264526,1,-0.028072863817214966,11.815876960754395,2.1694233417510986,11.15774917602539
TRAIN,7744dc51,94,0,1,7,1,0,1,-0.490234375,0.37983831763267517,,,,,0.0,0.0,2.8216605186462402
TRAIN,7744dc51,94,1,2,7,1,1,0,10.75,0.9999785423278809,0.43193501234054565,0.45477521419525146,5,-0.02284020185470581,11.327230453491211,1.9614040851593018,10.211938858032227
TRAIN,7744dc51,94,2,3,7,1,1,0,11.1875,0.9999861717224121,0.38021647930145264,0.39485546946525574,1,-0.0146389901638031,9.891288757324219,1.922471046447754,8.925098419189453
TRAIN,7744dc51,94,3,4,7,1,1,0,5.71875,0.9967268705368042,0.26810309290885925,0.2924014925956726,6,-0.024298399686813354,12.467937469482422,2.20680570602417,11.743200302124023
TRAIN,7744dc51,94,4,5,7,1,1,0,7.0,0.9990890026092529,0.4228401184082031,0.43865153193473816,1,-0.015811413526535034,11.8401460647583,1.8837087154388428,10.8262300491333
TRAIN,7744dc51,94,5,6,7,1,1,0,4.625,0.9902915358543396,0.25963619351387024,0.25858667492866516,5,0.0010495185852050781,13.716790199279785,2.7475483417510986,13.330964088439941
TRAIN,7744dc51,94,6,7,7,1,1,0,7.53125,0.999464213848114,0.33088499307632446,0.378030002117157,1,-0.04714500904083252,11.989143371582031,2.1225483417510986,11.273601531982422
TRAIN,7744dc51,95,0,1,7,1,0,1,-1.1328125,0.2436424344778061,,,,,0.0,0.0,2.8216605186462402
TRAIN,7744dc51,95,1,2,7,1,1,0,11.0,0.9999833106994629,0.34917986392974854,0.3725450038909912,1,-0.023365139961242676,10.431559562683105,1.883408546447754,9.619268417358398
TRAIN,7744dc51,95,2,3,7,1,1,0,11.125,0.9999852180480957,0.3886690139770508,0.41706663370132446,1,-0.02839761972427368,9.747002601623535,1.633408546447754,8.840972900390625
TRAIN,7744dc51,95,3,4,7,1,1,0,5.84375,0.9971103668212891,0.25158220529556274,0.2712496519088745,6,-0.019667446613311768,12.489315032958984,2.1605007648468018,11.65163516998291
TRAIN,7744dc51,95,4,5,7,1,1,0,6.875,0.9989677667617798,0.3304292857646942,0.34867924451828003,1,-0.018249958753585815,12.603821754455566,2.539658546447754,11.843111038208008
TRAIN,7744dc51,95,5,6,7,1,1,0,4.125,0.9840936064720154,0.21861271560192108,0.23345699906349182,1,-0.01484428346157074,13.832219123840332,2.9037983417510986,13.576659202575684
TRAIN,7744dc51,95,6,7,7,1,1,0,6.6875,0.9987550973892212,0.3789176940917969,0.42881080508232117,1,-0.04989311099052429,11.41723918914795,1.867783546447754,10.57504653930664
TRAIN,7744dc51,96,0,1,7,1,0,1,-0.66796875,0.33895185589790344,,,,,0.0,0.0,2.8216605186462402
TRAIN,7744dc51,96,1,2,7,1,1,0,10.75,0.9999785423278809,0.41857123374938965,0.43734943866729736,5,-0.018778204917907715,11.272876739501953,1.938096046447754,10.293752670288086
TRAIN,7744dc51,96,2,3,7,1,1,0,10.0625,0.9999573230743408,0.38767921924591064,0.3950113356113434,5,-0.007332116365432739,10.189680099487305,1.7571808099746704,9.450337409973145
TRAIN,7744dc51,96,3,4,7,1,1,0,6.0625,0.9976769089698792,0.2758530080318451,0.30129513144493103,5,-0.025442123413085938,11.082799911499023,1.8431183099746704,10.264942169189453
TRAIN,7744dc51,96,4,5,7,1,1,0,7.125,0.9991958737373352,0.4129899740219116,0.4215383529663086,1,-0.008548378944396973,10.859603881835938,1.766221046447754,9.973353385925293
TRAIN,7744dc51,96,5,6,7,1,1,0,4.5,0.9890130758285522,0.22583945095539093,0.23500587046146393,1,-0.009166419506072998,13.835596084594727,2.8881733417510986,13.52497673034668
TRAIN,7744dc51,96,6,7,7,1,1,0,6.4375,0.9984021782875061,0.3576112985610962,0.36532261967658997,5,-0.007711321115493774,11.020074844360352,1.9056183099746704,10.26145076751709
TRAIN,7744dc51,97,0,1,7,1,0,1,-0.6328125,0.34687307476997375,,,,,0.0,0.0,2.8216605186462402
TRAIN,7744dc51,97,1,2,7,1,1,0,11.5625,0.9999904632568359,0.2971091568470001,0.3235107660293579,1,-0.026401609182357788,13.478795051574707,2.695908546447754,12.604387283325195
TRAIN,7744dc51,97,2,3,7,1,1,0,10.9375,0.9999822378158569,0.3633277714252472,0.4047544002532959,1,-0.041426628828048706,10.008064270019531,1.992783546447754,9.123628616333008
TRAIN,7744dc51,97,3,4,7,1,1,0,5.59375,0.996292769908905,0.20916536450386047,0.23310336470603943,5,-0.023938000202178955,12.964494705200195,2.48805570602417,12.236045837402344
TRAIN,7744dc51,97,4,5,7,1,1,0,7.5625,0.999480664730072,0.3408796787261963,0.3556482791900635,1,-0.014768600463867188,12.106689453125,2.320908546447754,11.208595275878906
TRAIN,7744dc51,97,5,6,7,1,1,0,4.34375,0.9871788024902344,0.19744308292865753,0.19763419032096863,5,-0.0001911073923110962,14.976518630981445,3.2631733417510986,14.842534065246582
TRAIN,7744dc51,97,6,7,7,1,1,0,6.46875,0.9984512329101562,0.3541824519634247,0.3829050064086914,1,-0.028722554445266724,10.590340614318848,1.7962433099746704,9.783713340759277
TRAIN,7744dc51,98,0,1,7,1,0,1,-0.69921875,0.3319854736328125,,,,,0.0,0.0,2.8216605186462402
TRAIN,7744dc51,98,1,2,7,1,1,0,12.3125,0.9999954700469971,0.2742525339126587,0.30267903208732605,1,-0.02842649817466736,12.520751953125,2.617783546447754,11.709303855895996
TRAIN,7744dc51,98,2,3,7,1,1,0,11.1875,0.9999861717224121,0.3556419014930725,0.40242141485214233,1,-0.046779513359069824,10.154989242553711,2.180283546447754,9.220335960388184
TRAIN,7744dc51,98,3,4,7,1,1,0,6.15625,0.9978843331336975,0.22852331399917603,0.2686282992362976,1,-0.04010498523712158,12.762296676635742,2.47243070602417,12.006209373474121
TRAIN,7744dc51,98,4,5,7,1,1,0,8.1875,0.9997219443321228,0.34675630927085876,0.38714972138404846,1,-0.0403934121131897,11.018257141113281,1.961533546447754,10.238027572631836
TRAIN,7744dc51,98,5,6,7,1,1,0,4.625,0.9902915358543396,0.19391584396362305,0.21308556199073792,1,-0.019169718027114868,14.765560150146484,3.1069233417510986,14.626299858093262
TRAIN,7744dc51,98,6,7,7,1,1,0,6.84375,0.9989350438117981,0.332884281873703,0.39924758672714233,1,-0.06636330485343933,11.927688598632812,1.8604708909988403,11.221556663513184
TRAIN,7744dc51,99,0,1,7,1,0,1,-0.1025390625,0.47438764572143555,,,,,0.0,0.0,2.8216605186462402
TRAIN,7744dc51,99,1,2,7,1,1,0,11.0625,0.9999842643737793,0.3444466292858124,0.38113027811050415,1,-0.03668364882469177,10.521288871765137,2.274033546447754,9.582110404968262
TRAIN,7744dc51,99,2,3,7,1,1,0,11.0,0.9999833106994629,0.34487172961235046,0.3901185691356659,1,-0.04524683952331543,10.121076583862305,2.109971046447754,9.2197904586792
TRAIN,7744dc51,99,3,4,7,1,1,0,6.0625,0.9976769089698792,0.25669506192207336,0.3100130558013916,1,-0.05331799387931824,13.388221740722656,2.19118070602417,12.491571426391602
TRAIN,7744dc51,99,4,5,7,1,1,0,8.375,0.9997695088386536,0.29370853304862976,0.3180851638317108,1,-0.024376630783081055,10.757220268249512,2.055283546447754,9.986751556396484
TRAIN,7744dc51,99,5,6,7,1,1,0,4.5,0.9890130758285522,0.18047012388706207,0.20351846516132355,1,-0.023048341274261475,14.166498184204102,2.9037983417510986,13.940896987915039
TRAIN,7744dc51,99,6,7,7,1,1,0,7.21875,0.9992678761482239,0.40177181363105774,0.45737189054489136,1,-0.05560007691383362,10.787043571472168,1.781846046447754,9.726872444152832
TRAIN,7744dc51,100,0,1,7,1,0,1,-0.3828125,0.4054487347602844,,,,,0.0,0.0,2.8216605186462402
TRAIN,7744dc51,100,1,2,7,1,1,0,12.1875,0.9999948740005493,0.3381973206996918,0.3687613308429718,1,-0.03056401014328003,10.344529151916504,2.063096046447754,9.467765808105469
TRAIN,7744dc51,100,2,3,7,1,1,0,11.0,0.9999833106994629,0.3323032855987549,0.36515676975250244,1,-0.03285348415374756,10.499961853027344,2.164658546447754,9.625835418701172
TRAIN,7744dc51,100,3,4,7,1,1,0,6.09375,0.9977481961250305,0.19114340841770172,0.2102259248495102,1,-0.01908251643180847,13.870260238647461,2.7631733417510986,13.245102882385254
TRAIN,7744dc51,100,4,5,7,1,1,0,8.25,0.9997387528419495,0.31934136152267456,0.34295418858528137,1,-0.02361282706260681,12.093155860900879,2.024033546447754,11.343123435974121
TRAIN,7744dc51,100,5,6,7,1,1,0,4.875,0.9924227595329285,0.24075685441493988,0.23927681148052216,5,0.0014800429344177246,14.325159072875977,2.9037983417510986,14.021120071411133
TRAIN,7744dc51,100,6,7,7,1,1,0,6.96875,0.9990600943565369,0.32940295338630676,0.38215649127960205,1,-0.05275353789329529,11.550397872924805,2.0600483417510986,10.694747924804688
TRAIN,7744dc51,101,0,1,7,1,0,1,-0.052490234375,0.48688048124313354,,,,,0.0,0.0,2.8216605186462402
TRAIN,7744dc51,101,1,2,7,1,1,0,12.625,0.9999966621398926,0.35452696681022644,0.3921146094799042,1,-0.037587642669677734,10.382800102233887,2.320908546447754,9.46865463256836
TRAIN,7744dc51,101,2,3,7,1,1,0,11.5,0.9999898672103882,0.3139222264289856,0.3394748866558075,1,-0.0255526602268219,10.899587631225586,2.211533546447754,10.06563663482666
TRAIN,7744dc51,101,3,4,7,1,1,0,6.25,0.9980732202529907,0.21095798909664154,0.24325056374073029,1,-0.032292574644088745,13.230478286743164,2.4662983417510986,12.495168685913086
TRAIN,7744dc51,101,4,5,7,1,1,0,8.0,0.9996646642684937,0.29282668232917786,0.3098565936088562,1,-0.017029911279678345,11.560174942016602,2.0912983417510986,10.868277549743652
TRAIN,7744dc51,101,5,6,7,1,1,0,4.65625,0.9905874133110046,0.2509229779243469,0.2654297947883606,1,-0.014506816864013672,12.403138160705566,2.3256733417510986,11.93764591217041
TRAIN,7744dc51,101,6,7,7,1,1,0,6.1875,0.9979493021965027,0.33285221457481384,0.4146419167518616,1,-0.08178970217704773,11.460735321044922,1.9573456048965454,10.573081016540527
