video,object_id,n_frames,n_objects,mean_density,obj_size,visible_frames,n_events,reappear_frames,gap_lens
006e6b64,1,65,2,1.77,0.00114,52,2,9|21,7|5
01e3cec8,1,81,3,2.44,0.002097,67,1,53,14
01e3cec8,3,81,3,2.44,0.000391,50,1,39,31
01ojfpgh,1,38,2,1.74,0.047385,33,1,21,5
01ojfpgh,2,38,2,1.74,0.055941,33,1,21,5
01ynxb7u,1,45,1,0.89,0.029331,40,1,25,5
028f6f64,3,36,3,2.75,0.017261,27,1,19,6
02a236b4,1,112,1,0.69,0.009079,77,1,51,31
02b72b8d,5,67,5,4.51,0.003843,34,2,20|53,11|22
02de2f2a,1,76,1,0.67,0.066277,51,1,59,25
02deca50,3,55,4,3.13,0.010678,48,1,47,6
03012cfd,1,153,1,0.8,0.07204,122,1,127,28
03e5f069,1,145,2,1.54,0.003384,85,1,94,60
03e5f069,2,145,2,1.54,0.010098,138,1,69,7
03z5yv5b,1,470,1,0.76,0.048076,355,5,86|134|166|233|285,11|5|11|11|42
0442a954,1,136,2,1.76,0.004056,105,2,41|89,20|11
04ae7a6b,6,72,6,4.51,0.004074,19,1,18,12
04oehxxo,1,101,1,0.35,0.079543,35,5,23|41|58|77|92,17|11|11|14|9
0558d0ed,3,107,7,6.23,0.00506,97,1,68,5
0558d0ed,4,107,7,6.23,0.017612,94,1,55,5
06273084,1,27,1,0.37,0.003481,10,1,22,13
06ea172e,3,40,12,8.65,0.000616,6,1,12,8
06ebc138,1,22,1,0.77,0.000275,17,1,20,5
06z6pse9,1,51,2,1.31,0.001083,34,1,26,11
06z6pse9,2,51,2,1.31,0.001219,33,1,26,11
076n9ud8,1,116,1,0.22,5.1e-05,25,1,96,89
0770ad03,2,41,3,2.56,0.000964,23,1,24,18
07b5d86c,1,74,6,5.54,0.01471,62,1,52,12
07b5d86c,5,74,6,5.54,0.003043,66,1,16,7
07po1k6h,1,99,1,0.2,0.052825,20,1,31,15
08a5c662,1,84,2,1.86,0.011009,74,1,40,10
08m3jj30,1,155,3,2.9,0.124294,150,1,80,5
08m3jj30,2,155,3,2.9,0.128761,150,1,80,5
08m3jj30,3,155,3,2.9,0.070256,150,1,80,5
08tklmt5,1,99,4,3.78,0.045042,94,1,52,5
08tklmt5,2,99,4,3.78,0.025088,94,1,52,5
08tklmt5,3,99,4,3.78,0.01589,94,1,52,5
08tklmt5,4,99,4,3.78,0.019301,92,1,52,5
09d305d1,1,53,1,0.66,0.00385,35,1,37,11
0ba9c5ad,1,152,1,0.2,0.000123,31,4,79|88|131|141,76|5|31|9
0be33bc1,1,154,1,0.51,0.00162,78,5,20|81|91|133|141,14|13|6|29|7
0cbfxuq5,1,63,17,0.54,0.001226,2,1,62,61
0cbfxuq5,2,63,17,0.54,0.001684,2,1,62,61
0cbfxuq5,3,63,17,0.54,0.001158,2,1,62,61
0cbfxuq5,4,63,17,0.54,0.001655,2,1,62,61
0cbfxuq5,5,63,17,0.54,0.001543,2,1,62,61
0cbfxuq5,6,63,17,0.54,0.00153,2,1,62,61
0cbfxuq5,7,63,17,0.54,0.001308,2,1,62,61
0cbfxuq5,8,63,17,0.54,0.00165,2,1,62,61
0cbfxuq5,9,63,17,0.54,0.001384,2,1,62,61
0cbfxuq5,10,63,17,0.54,0.001527,2,1,62,61
0cbfxuq5,11,63,17,0.54,0.001562,2,1,62,61
0cbfxuq5,12,63,17,0.54,0.001539,2,1,62,61
0cbfxuq5,13,63,17,0.54,0.001123,2,1,62,61
0cbfxuq5,14,63,17,0.54,0.001061,2,1,62,61
0cbfxuq5,15,63,17,0.54,0.001264,2,1,62,61
0cbfxuq5,16,63,17,0.54,0.001152,2,1,62,61
0cbfxuq5,17,63,17,0.54,0.001071,2,1,62,61
0d1237sq,1,40,5,3.75,0.003748,30,1,25,10
0d1237sq,2,40,5,3.75,0.005839,30,1,25,10
0d1237sq,3,40,5,3.75,0.005348,30,1,25,10
0d1237sq,4,40,5,3.75,0.007759,30,1,25,10
0d1237sq,5,40,5,3.75,0.00323,30,1,25,10
0d8d30ae,1,171,1,0.62,0.000786,106,4,13|22|122|148,6|6|10|18
0d967fd1,6,66,8,5.29,0.009212,28,2,28|39,11|8
0d967fd1,8,66,8,5.29,0.009647,30,1,18,11
0e05fabe,1,32,1,0.72,0.000741,23,1,10,7
0f7r7f3f,1,356,2,1.81,0.002138,294,2,207|227,34|11
0fc00006,1,81,1,0.77,0.020442,62,1,54,19
0gu8wqpd,1,177,1,0.24,0.025238,43,2,95|155,82|52
0hvbhkgs,1,90,1,0.08,0.010855,7,1,85,83
0hyak3az,1,510,1,0.57,0.023316,292,9,99|162|252|301|332|368|398|432|473,23|13|85|37|5|7|11|13|10
0igqkex8,1,44,2,1.77,0.019122,39,1,24,5
0igqkex8,2,44,2,1.77,0.015783,39,1,24,5
0j354ezu,1,45,17,1.09,0.033762,2,1,44,43
0j354ezu,2,45,17,1.09,0.018078,2,1,44,43
0j354ezu,3,45,17,1.09,0.004005,2,1,44,43
0j354ezu,4,45,17,1.09,0.063568,2,1,44,43
0j354ezu,5,45,17,1.09,0.011261,2,1,44,43
0j354ezu,6,45,17,1.09,0.004994,2,1,44,43
0j354ezu,7,45,17,1.09,0.008584,2,1,44,43
0j354ezu,8,45,17,1.09,0.004323,2,1,44,43
0j354ezu,9,45,17,1.09,0.006406,3,1,44,42
0j354ezu,10,45,17,1.09,0.016733,3,1,44,42
0j354ezu,11,45,17,1.09,0.011812,3,1,44,42
0j354ezu,12,45,17,1.09,0.032151,6,1,44,39
0j354ezu,13,45,17,1.09,0.003574,3,1,44,42
0j354ezu,14,45,17,1.09,0.003324,3,1,44,42
0j354ezu,15,45,17,1.09,0.003007,4,1,44,41
0j354ezu,16,45,17,1.09,0.004071,4,1,44,41
0j354ezu,17,45,17,1.09,0.004019,4,1,44,41
0k0ka5yq,1,50,2,1.32,0.006853,40,1,19,10
0k0ka5yq,2,50,2,1.32,0.004255,26,1,32,24
0kqu1teh,1,40,1,0.88,0.027338,35,1,22,5
0mpk5bxc,2,61,2,1.85,0.000991,52,1,53,8
0nrb9vzx,1,112,1,0.94,0.004278,105,1,109,7
0ofgxn19,1,100,1,0.59,0.001,59,2,34|85,5|33
0q0os99c,1,45,1,0.22,0.210474,10,2,21|34,18|10
0qfhv12x,1,86,1,0.72,0.010079,62,1,33,24
0qiandl3,1,99,1,0.69,0.026869,68,1,72,30
0rqs9syk,1,112,1,0.7,0.00115,78,1,79,34
0rvb6kp2,1,41,1,0.88,0.016012,36,1,23,5
0soqbyfo,1,170,1,0.9,0.010864,153,1,151,7
0thyrhvg,1,26,4,2.38,0.026656,16,1,18,10
0thyrhvg,2,26,4,2.38,0.052252,16,1,18,10
0thyrhvg,3,26,4,2.38,0.003831,15,1,18,10
0thyrhvg,4,26,4,2.38,0.007316,15,1,18,10
0tlww5ko,1,59,3,2.64,0.030979,45,1,29,14
0tlww5ko,3,59,3,2.64,0.022266,52,1,21,7
0u4ufcam,1,87,1,0.45,0.005187,39,2,46|72,31|11
0uy7cbug,1,81,1,0.23,0.030529,19,2,56|76,53|9
0v77ps19,1,31,5,3.39,0.02892,21,1,20,10
0v77ps19,2,31,5,3.39,0.105412,21,1,20,10
0v77ps19,3,31,5,3.39,0.060861,21,1,20,10
0v77ps19,4,31,5,3.39,0.032955,21,1,20,10
0v77ps19,5,31,5,3.39,0.097335,21,1,20,10
0wrf8ule,1,47,2,1.81,0.003911,41,1,32,6
0x5er730,1,50,2,1.8,0.024265,45,1,27,5
0x5er730,2,50,2,1.8,0.025226,45,1,27,5
0xqxup43,1,100,1,0.44,0.012269,44,1,85,48
0y054yaj,1,500,1,0.34,0.002884,168,9,66|193|229|317|327|342|393|445|470,26|105|10|85|6|11|7|49|19
0zp43ehc,1,395,1,0.94,0.009901,372,1,29,10
0zvohcp2,1,54,21,1.17,0.011492,3,1,52,51
0zvohcp2,2,54,21,1.17,0.016494,3,1,52,51
0zvohcp2,3,54,21,1.17,0.011692,3,1,52,51
0zvohcp2,4,54,21,1.17,0.010534,3,1,52,51
0zvohcp2,5,54,21,1.17,0.009455,3,1,52,51
0zvohcp2,6,54,21,1.17,0.010016,3,1,52,51
0zvohcp2,7,54,21,1.17,0.007874,3,1,52,51
0zvohcp2,8,54,21,1.17,0.012347,3,1,52,51
0zvohcp2,9,54,21,1.17,0.008969,3,1,52,51
0zvohcp2,10,54,21,1.17,0.008277,3,1,52,51
0zvohcp2,11,54,21,1.17,0.009472,3,1,52,51
0zvohcp2,12,54,21,1.17,0.016639,3,1,52,51
0zvohcp2,13,54,21,1.17,0.008125,3,1,52,51
0zvohcp2,14,54,21,1.17,0.011602,3,1,52,51
0zvohcp2,15,54,21,1.17,0.006329,3,1,52,51
0zvohcp2,16,54,21,1.17,0.005996,3,1,52,51
0zvohcp2,17,54,21,1.17,0.006416,3,1,52,51
0zvohcp2,18,54,21,1.17,0.008577,3,1,52,51
0zvohcp2,19,54,21,1.17,0.013146,3,1,52,51
0zvohcp2,20,54,21,1.17,0.012928,3,1,52,51
0zvohcp2,21,54,21,1.17,0.013255,3,1,52,51
10552818,1,94,1,0.85,0.001999,80,1,22,5
110da3cf,1,151,1,0.29,0.00348,44,1,37,31
111e0a5c,5,175,5,4.63,0.014631,131,1,135,44
11cdeb64,1,28,1,0.79,0.010056,22,1,21,6
11six4w3,1,485,1,0.88,0.006281,427,1,118,58
125x18d5,1,126,1,0.63,7.6e-05,79,5,22|34|83|92|105,6|5|18|5|7
12xtzjzg,1,227,1,0.2,0.003041,45,1,205,181
134a2ab0,1,37,1,0.65,0.01567,24,1,29,13
13ub6ims,1,45,3,2.56,0.032751,35,1,25,5
13ub6ims,2,45,3,2.56,0.069021,40,1,25,5
13ub6ims,3,45,3,2.56,0.052586,40,1,25,5
13z41xe2,1,41,1,0.88,0.002113,36,1,23,5
14655f54,3,180,10,7.93,0.004048,163,1,43,6
14655f54,4,180,10,7.93,0.001367,82,4,40|81|114|156,36|34|5|18
14655f54,5,180,10,7.93,0.002948,114,3,93|126|159,35|14|15
14655f54,6,180,10,7.93,0.001597,140,2,90|141,13|10
14655f54,7,180,10,7.93,0.002679,121,1,107,5
14655f54,8,180,10,7.93,0.000474,89,4,24|34|72|149,11|5|25|31
15c41c4b,1,56,2,1.57,0.010754,44,1,44,12
15c41c4b,2,56,2,1.57,0.031578,44,1,43,10
15e7e4d1,2,61,2,1.74,0.023867,45,1,32,16
15f0b0cd,1,55,1,0.64,0.005318,35,1,52,20
15nxkth3,1,44,5,4.43,0.019803,39,1,24,5
15nxkth3,2,44,5,4.43,0.024799,39,1,24,5
15nxkth3,3,44,5,4.43,0.004768,39,1,24,5
15nxkth3,4,44,5,4.43,0.041023,39,1,24,5
15nxkth3,5,44,5,4.43,0.008723,39,1,24,5
16cggr07,1,101,1,0.57,0.000136,58,2,40|53,32|5
181ec185,3,120,9,6.29,0.007481,113,1,79,6
181ec185,5,120,9,6.29,0.00748,39,1,40,6
181ec185,7,120,9,6.29,0.002782,40,2,14|55,7|11
181ec185,8,120,9,6.29,0.000568,95,1,16,11
181ec185,9,120,9,6.29,0.000628,16,1,16,9
18a76zpx,1,129,1,0.23,0.017838,30,5,25|43|79|96|113,24|14|32|13|11
18d8931e,3,78,5,3.15,0.020681,43,1,65,27
19247506,1,60,3,2.68,0.05136,42,1,46,18
198021ad,1,171,1,0.95,0.027111,162,1,130,9
199995b5,6,65,6,5.14,0.177016,9,1,11,6
19pju5ep,1,39,2,1.49,0.009458,29,1,24,10
19pju5ep,2,39,2,1.49,0.003889,29,1,24,10
1a6a731f,4,27,4,3.37,0.067747,18,1,23,9
1b1l7h15,1,124,1,0.69,0.131415,86,2,46|86,8|30
1bz7v7bd,1,635,1,0.45,0.001555,284,6,45|87|129|191|223|593,6|28|18|58|5|227
1c28e081,1,68,1,0.54,0.006376,37,1,16,10
1d3lb4oc,1,91,1,0.75,0.018683,68,1,32,23
1d63qx4j,1,90,1,0.14,4.6e-05,13,2,63|87,61|16
1d64aff3,1,135,1,0.72,0.005394,97,1,60,38
1d7a23e0,1,126,6,3.61,0.008648,105,2,47|75,7|9
1d7a23e0,3,126,6,3.61,0.008094,35,1,72,38
1e0fb02a,1,179,1,0.82,0.006031,147,2,36|74,20|9
1e207fe0,1,92,1,0.62,0.001416,57,1,26,24
1f9dul1j,1,131,1,0.24,0.046223,32,2,69|107,59|21
1fab1d1c,1,68,1,0.6,0.003852,41,1,41,5
1feae28e,1,192,7,6.68,0.00343,151,2,137|191,32|5
1feae28e,7,192,7,6.68,0.014122,173,1,36,13
1g6f6nfz,1,44,6,5.32,0.025149,39,1,24,5
1g6f6nfz,2,44,6,5.32,0.029208,39,1,24,5
1g6f6nfz,3,44,6,5.32,0.01642,39,1,24,5
1g6f6nfz,4,44,6,5.32,0.028146,39,1,24,5
1g6f6nfz,5,44,6,5.32,0.027383,39,1,24,5
1g6f6nfz,6,44,6,5.32,0.017306,39,1,24,5
1i2lajr8,1,30,1,0.83,0.124424,25,1,17,5
1is3mqqg,1,60,2,1.53,0.003633,49,1,39,11
1is3mqqg,2,60,2,1.53,0.004798,43,1,41,14
1jhuomw4,1,39,1,0.87,0.006056,34,1,22,5
1jikcikj,1,104,1,0.5,0.065405,52,5,15|28|63|77|97,12|6|12|8|14
1kmaleas,1,50,2,1.74,0.214687,45,1,27,5
1kmaleas,2,50,2,1.74,0.182809,42,1,27,5
1mgutbc4,1,56,3,1.29,0.143852,22,2,19|35,9|13
1mgutbc4,2,56,3,1.29,0.242839,32,1,19,11
1mgutbc4,3,56,3,1.29,0.025901,18,2,19|37,9|17
1o69tuyr,1,80,1,0.56,0.006997,45,3,26|51|68,17|6|8
1os6talp,1,59,5,4.58,0.005179,54,1,32,5
1os6talp,2,59,5,4.58,0.018543,54,1,32,5
1os6talp,3,59,5,4.58,0.017414,54,1,32,5
1os6talp,4,59,5,4.58,0.00733,54,1,32,5
1os6talp,5,59,5,4.58,0.011177,54,1,32,5
1p0azzup,1,100,1,0.77,0.000764,77,1,16,13
1pswnq36,1,100,1,0.5,0.001668,50,3,55|76|90,24|6|9
1qjqdu64,1,80,1,0.6,0.001288,48,1,54,32
1qx22u2q,1,500,1,0.81,0.007181,406,2,99|337,13|77
1sbd4ima,1,61,3,2.2,0.00756,45,1,37,16
1sbd4ima,3,61,3,2.2,0.002376,34,1,27,19
1tfc6bfb,1,96,1,0.35,0.062857,34,3,15|54|78,6|32|19
1tnk2px6,1,34,1,0.85,0.055113,29,1,19,5
1tpliusu,1,79,1,0.85,0.004019,67,1,39,6
1up9jacp,1,41,3,2.59,0.018672,36,1,23,5
1up9jacp,2,41,3,2.59,0.033092,34,1,23,5
1up9jacp,3,41,3,2.59,0.02284,36,1,23,5
1w2d8bhf,1,100,1,0.29,0.000164,29,2,65|97,51|20
1w5fyj35,1,515,1,0.97,0.000944,497,2,182|348,10|8
1wga7gtu,1,67,1,0.76,0.00501,51,2,18|46,10|6
20660b72,1,55,1,0.64,0.00662,35,2,31|48,14|6
20m9ybh4,1,43,1,0.56,0.012776,24,1,39,16
20ovc8gc,1,100,1,0.92,0.000357,92,1,94,7
20uowz3m,1,71,1,0.93,0.007255,66,1,38,5
214aeac3,1,156,8,7.89,0.008521,139,1,146,17
214pv9si,1,70,1,0.93,0.021647,65,1,39,5
21fe05d9,1,62,1,0.4,0.000116,25,1,44,35
21r6cy51,1,98,1,0.57,0.037187,56,2,39|91,16|26
22167a50,1,151,1,0.64,0.005823,96,1,88,55
225rqpr2,1,69,1,0.84,0.014244,58,1,25,11
228a0234,1,35,4,3.74,0.000628,26,1,18,9
22e1f53c,4,60,4,3.23,0.210996,44,1,24,13
22e8b380,1,94,1,0.63,0.075682,59,1,39,26
22fdee40,1,52,1,0.9,0.014451,47,1,40,5
22p90xzq,1,73,28,0.88,0.008136,4,1,71,69
22p90xzq,2,73,28,0.88,0.008293,3,1,71,70
22p90xzq,3,73,28,0.88,0.006628,3,1,71,70
22p90xzq,4,73,28,0.88,0.008037,2,1,72,71
22p90xzq,5,73,28,0.88,0.008202,2,1,72,71
22p90xzq,6,73,28,0.88,0.007848,2,1,72,71
22p90xzq,7,73,28,0.88,0.007539,2,1,72,71
22p90xzq,8,73,28,0.88,0.007235,2,1,72,71
22p90xzq,9,73,28,0.88,0.00716,2,1,72,71
22p90xzq,10,73,28,0.88,0.007126,2,1,72,71
22p90xzq,11,73,28,0.88,0.006867,2,1,72,71
22p90xzq,12,73,28,0.88,0.006638,2,1,72,71
22p90xzq,13,73,28,0.88,0.006944,2,1,72,71
22p90xzq,14,73,28,0.88,0.004736,4,1,71,69
22p90xzq,15,73,28,0.88,0.004756,3,1,71,70
22p90xzq,16,73,28,0.88,0.003581,3,1,71,70
22p90xzq,17,73,28,0.88,0.005,2,1,72,71
22p90xzq,18,73,28,0.88,0.004832,2,1,72,71
22p90xzq,19,73,28,0.88,0.004707,2,1,72,71
22p90xzq,20,73,28,0.88,0.004749,2,1,72,71
22p90xzq,21,73,28,0.88,0.004519,2,1,72,71
22p90xzq,22,73,28,0.88,0.004427,2,1,72,71
22p90xzq,23,73,28,0.88,0.004395,2,1,72,71
22p90xzq,24,73,28,0.88,0.004343,2,1,72,71
22p90xzq,25,73,28,0.88,0.004199,2,1,72,71
22p90xzq,26,73,28,0.88,0.004016,2,1,72,71
22p90xzq,27,73,28,0.88,0.003936,2,1,72,71
22p90xzq,28,73,28,0.88,0.003878,2,1,72,71
22rirven,1,26,4,2.5,0.19251,16,1,18,10
22rirven,2,26,4,2.5,0.094981,16,1,18,10
22rirven,3,26,4,2.5,0.171101,16,1,18,10
22rirven,4,26,4,2.5,0.169043,17,1,18,9
233406ef,1,135,1,0.6,0.00288,81,2,45|82,15|13
23454d80,5,36,5,4.36,0.022701,13,1,24,23
23b9a3ea,8,65,14,9.91,0.018262,60,1,31,5
23b9a3ea,9,65,14,9.91,0.001388,42,1,39,19
23b9a3ea,11,65,14,9.91,0.008878,59,1,33,5
23b9a3ea,14,65,14,9.91,0.001342,55,1,26,5
23df06e1,1,24,3,1.33,0.006439,2,1,13,12
23df06e1,2,24,3,1.33,0.001865,14,1,19,10
23df06e1,3,24,3,1.33,0.014944,16,1,18,8
2461z6fp,2,157,2,1.73,0.061852,138,1,139,10
2463609b,4,106,4,3.49,0.043035,53,1,93,53
24tjsrxy,1,37,2,1.46,0.019338,27,1,23,10
24tjsrxy,2,37,2,1.46,0.01691,27,1,23,10
25153e58,4,25,4,3.04,0.041269,14,1,16,11
254uk60a,1,64,1,0.77,0.032658,49,1,29,15
255f86ef,10,55,12,5.93,0.000651,46,1,47,9
258944c8,1,110,3,2.61,0.025504,86,1,105,24
25sj5wlu,1,51,1,0.9,0.008974,46,1,28,5
26163977,2,42,7,5.02,0.021423,16,1,20,13
269872de,1,50,1,0.28,0.006209,14,1,42,36
26v01u8u,1,159,2,1.94,0.056,154,1,82,5
26v01u8u,2,159,2,1.94,0.037501,154,1,82,5
2786f841,1,60,1,0.78,0.010465,47,1,43,11
2883ae72,1,19,1,0.47,0.008015,9,1,16,6
28d25ok1,1,379,1,0.42,0.015249,159,2,170|364,72|148
2982de7a,1,53,4,2.89,0.080661,46,1,19,7
2982de7a,3,53,4,2.89,0.116357,22,1,34,29
29nhtcq4,1,156,1,0.82,0.00108,128,2,126|138,15|6
2a2745e5,1,40,11,9.03,0.003623,34,1,26,6
2a2745e5,3,40,11,9.03,0.008529,31,1,27,9
2a3a0571,1,54,1,0.76,0.003005,41,1,36,6
2b0e34d3,1,60,4,3.63,0.112323,48,1,27,12
2b0e34d3,2,60,4,3.63,0.092234,50,1,55,10
2bacpuqz,1,135,1,0.06,0.00091,8,1,128,127
2bcd6c3b,1,38,1,0.79,0.003286,30,1,34,8
2bdb692f,1,86,1,0.3,0.000133,26,1,80,60
2bf49664,1,36,1,0.86,0.087671,31,1,17,5
2czd58lr,1,40,5,3.75,0.027234,30,1,25,10
2czd58lr,2,40,5,3.75,0.032376,30,1,25,10
2czd58lr,3,40,5,3.75,0.105698,30,1,25,10
2czd58lr,4,40,5,3.75,0.060431,30,1,25,10
2czd58lr,5,40,5,3.75,0.033094,30,1,25,10
2ea465de,1,200,1,0.93,0.05062,185,1,108,15
2efd5e50,1,104,1,0.61,0.018276,63,1,72,41
2esj86gk,1,38,4,2.45,0.032383,28,1,24,10
2esj86gk,2,38,4,2.45,0.074405,28,1,24,10
2esj86gk,3,38,4,2.45,0.009269,9,1,9,5
2esj86gk,4,38,4,2.45,0.028554,28,1,24,10
2f477d05,4,160,13,11.78,0.011721,152,1,133,7
2f477d05,8,160,13,11.78,0.005753,102,2,77|97,32|18
2f477d05,12,160,13,11.78,0.049271,153,1,39,7
2fab8h8c,1,84,1,0.33,0.054734,28,1,61,56
2fb5a55b,1,84,2,0.19,0.020995,14,1,28,19
2fc476f9,1,41,1,0.88,0.038635,36,1,33,5
2fkfe27d,1,84,26,1.07,6e-05,3,1,82,81
2fkfe27d,2,84,26,1.07,5.7e-05,3,1,82,81
2fkfe27d,3,84,26,1.07,5.7e-05,3,1,82,81
2fkfe27d,4,84,26,1.07,5.7e-05,3,1,82,81
2fkfe27d,5,84,26,1.07,5.8e-05,3,1,82,81
2fkfe27d,6,84,26,1.07,5.7e-05,3,1,82,81
2fkfe27d,7,84,26,1.07,6e-05,3,1,82,81
2fkfe27d,8,84,26,1.07,5.2e-05,4,1,82,80
2fkfe27d,9,84,26,1.07,5.1e-05,4,1,82,80
2fkfe27d,10,84,26,1.07,5.8e-05,4,1,82,80
2fkfe27d,11,84,26,1.07,5.7e-05,4,1,82,80
2fkfe27d,12,84,26,1.07,5.3e-05,4,1,82,80
2fkfe27d,13,84,26,1.07,5.7e-05,4,1,82,80
2fkfe27d,14,84,26,1.07,5.7e-05,3,1,82,81
2fkfe27d,15,84,26,1.07,5.7e-05,3,1,82,81
2fkfe27d,16,84,26,1.07,5.4e-05,3,1,82,81
2fkfe27d,17,84,26,1.07,6.4e-05,3,1,82,81
2fkfe27d,18,84,26,1.07,5.8e-05,3,1,82,81
2fkfe27d,19,84,26,1.07,6e-05,3,1,82,81
2fkfe27d,20,84,26,1.07,5.7e-05,3,1,82,81
2fkfe27d,21,84,26,1.07,4.8e-05,4,1,82,80
2fkfe27d,22,84,26,1.07,5.8e-05,4,1,82,80
2fkfe27d,23,84,26,1.07,5.8e-05,4,1,82,80
2fkfe27d,24,84,26,1.07,5.8e-05,4,1,82,80
2fkfe27d,25,84,26,1.07,5.8e-05,4,1,82,80
2fkfe27d,26,84,26,1.07,5.3e-05,4,1,82,80
2gae65s3,1,85,3,2.67,0.027728,74,1,32,11
2gae65s3,3,85,3,2.67,0.017565,74,1,41,11
2gc0gnjr,2,45,6,4.4,0.011935,37,1,25,5
2gc0gnjr,3,45,6,4.4,0.012226,40,1,25,5
2gc0gnjr,4,45,6,4.4,0.074019,40,1,25,5
2gc0gnjr,5,45,6,4.4,0.006249,40,1,25,5
2gc0gnjr,6,45,6,4.4,0.161451,40,1,25,5
2i0wbnk1,1,164,1,0.49,0.005885,80,5,28|70|100|120|147,26|20|17|9|8
2l7k2iah,1,40,5,4.28,0.052627,35,1,22,5
2l7k2iah,2,40,5,4.28,0.220404,35,1,22,5
2l7k2iah,3,40,5,4.28,0.027137,35,1,22,5
2l7k2iah,4,40,5,4.28,0.011407,31,1,22,5
2l7k2iah,5,40,5,4.28,0.216297,35,1,22,5
2p5k0fv9,1,28,4,3.29,0.155954,23,1,16,5
2p5k0fv9,2,28,4,3.29,0.015053,23,1,16,5
2p5k0fv9,3,28,4,3.29,0.040394,23,1,16,5
2p5k0fv9,4,28,4,3.29,0.002109,23,1,16,5
2qjsn6c1,1,110,1,0.15,0.037147,16,1,101,94
2qu4s0et,1,66,1,0.45,0.002112,30,2,15|46,7|29
2r58guz2,1,48,1,0.75,0.002582,36,1,13,5
2t8e78ov,1,90,1,0.11,0.006127,10,1,81,80
2tkd7bla,1,106,1,0.36,0.04506,38,1,80,64
2tzepzze,1,66,1,0.64,0.006099,42,1,28,18
2u8x1k06,1,323,1,0.36,0.004055,115,1,241,208
2ug2ry5m,1,79,2,1.29,0.004703,51,3,52|59|71,12|6|10
2ug2ry5m,2,79,2,1.29,0.004762,51,2,59|72,20|8
2ujroa82,1,349,1,0.51,0.004515,178,2,21|197,6|162
2vmoedob,1,81,1,0.79,0.01934,64,1,73,16
2wq92crf,1,93,4,3.46,0.27809,88,1,49,5
2wq92crf,2,93,4,3.46,0.037702,66,1,49,5
2wq92crf,3,93,4,3.46,0.01169,80,2,22|49,8|5
2wq92crf,4,93,4,3.46,0.173448,88,1,49,5
2xz9ls1x,1,99,1,0.74,0.109978,73,1,28,8
2yrkujhc,1,117,1,0.64,0.007061,75,2,16|41,7|22
2ze3f84n,1,62,1,0.89,0.011581,55,1,40,7
30nvt12k,1,91,1,0.56,0.052281,51,1,57,40
3142014e,1,120,2,1.46,0.001723,55,1,73,65
31rry8ca,1,92,1,0.53,0.086113,49,2,38|81,37|6
320ohgwr,1,105,1,0.74,0.009749,78,2,31|96,13|9
32h0yfhc,1,66,1,0.23,0.007447,15,1,59,48
33602f6b,1,94,1,0.7,0.198452,66,1,70,28
337dfa1e,1,127,1,0.63,0.002527,80,1,90,47
342c0b2a,2,44,2,1.8,0.106002,35,1,34,9
3466ygen,1,145,1,0.08,0.000525,12,1,136,133
34a5f964,11,89,13,12.61,0.004964,80,1,29,9
34ccea00,2,84,3,2.35,0.065189,61,1,37,23
34ccea00,3,84,3,2.35,0.02435,78,1,50,6
35e0ca09,1,150,3,2.82,0.035385,139,1,35,11
35e0ca09,3,150,3,2.82,0.037073,134,1,73,16
36mc2h0y,1,95,1,0.44,0.007319,42,1,63,37
37303a3b,3,48,3,2.21,0.010892,10,1,19,18
3784e3f6,1,16,1,0.19,0.000769,3,1,14,13
37af9ac1,1,300,10,8.02,0.045428,212,1,220,12
37af9ac1,3,300,10,8.02,0.019698,140,1,146,9
37af9ac1,7,300,10,8.02,0.127916,273,2,204|234,5|7
37af9ac1,8,300,10,8.02,0.007954,269,1,94,12
37af9ac1,9,300,10,8.02,0.013859,100,5,47|62|78|195|249,19|11|7|110|50
37af9ac1,10,300,10,8.02,0.008473,274,1,297,16
37b07a28,1,62,3,1.23,0.000986,20,3,11|41|55,8|25|6
37b07a28,2,62,3,1.23,0.000997,26,2,9|44,5|22
37b07a28,3,62,3,1.23,0.00136,30,3,8|24|40,6|6|12
37bb38fe,1,152,1,0.85,0.007231,129,2,15|31,5|7
37rs935v,1,150,1,0.31,0.015386,46,1,132,104
3a0f4ml1,1,118,1,0.52,0.036171,61,2,52|92,36|20
3a6e6ace,3,175,5,3.97,0.004477,165,1,66,8
3a739934,4,45,4,3.8,0.001445,39,1,24,5
3b19c5c3,5,73,5,4.68,0.001044,50,1,27,23
3b1a4616,3,40,6,5.17,0.003963,29,1,19,11
3b1a4616,4,40,6,5.17,0.009272,18,1,35,22
3b97c07b,1,53,5,4.72,0.031493,45,1,20,8
3b97c07b,5,53,5,4.72,0.023038,46,1,19,7
3bce0gtq,1,206,1,0.67,0.003126,139,1,132,32
3cnu6x6p,1,41,3,2.63,0.011869,36,1,23,5
3cnu6x6p,2,41,3,2.63,0.015201,36,1,23,5
3cnu6x6p,3,41,3,2.63,0.029143,36,1,23,5
3cvo2v88,1,251,1,0.59,0.000303,148,5,23|89|102|199|227,5|7|12|6|9
3d08dadd,7,30,7,6.5,0.000772,22,1,26,5
3dwf8oa7,1,38,5,4.34,0.012615,33,1,21,5
3dwf8oa7,2,38,5,4.34,0.012643,33,1,21,5
3dwf8oa7,3,38,5,4.34,0.007713,33,1,21,5
3dwf8oa7,4,38,5,4.34,0.013578,33,1,21,5
3dwf8oa7,5,38,5,4.34,0.0125,33,1,21,5
3fe5176t,1,62,4,3.68,0.014974,57,1,33,5
3fe5176t,2,62,4,3.68,0.011425,57,1,33,5
3fe5176t,3,62,4,3.68,0.006072,57,1,33,5
3fe5176t,4,62,4,3.68,0.007351,57,1,33,5
3gumroz3,1,71,1,0.89,0.047461,63,1,37,8
3hfp5bp8,1,122,1,0.43,0.033431,53,1,88,69
3i9xu65n,1,24,5,2.92,0.026621,14,1,17,10
3i9xu65n,2,24,5,2.92,0.041425,14,1,17,10
3i9xu65n,3,24,5,2.92,0.039804,14,1,17,10
3i9xu65n,4,24,5,2.92,0.024792,14,1,17,10
3i9xu65n,5,24,5,2.92,0.018533,14,1,17,10
3ifgbd0t,1,42,10,8.81,0.009813,37,1,23,5
3ifgbd0t,2,42,10,8.81,0.002492,37,1,23,5
3ifgbd0t,3,42,10,8.81,0.030802,37,1,23,5
3ifgbd0t,4,42,10,8.81,0.035497,37,1,23,5
3ifgbd0t,5,42,10,8.81,0.041922,37,1,23,5
3ifgbd0t,6,42,10,8.81,0.005083,37,1,23,5
3ifgbd0t,7,42,10,8.81,0.017968,37,1,23,5
3ifgbd0t,8,42,10,8.81,0.006979,37,1,23,5
3ifgbd0t,9,42,10,8.81,0.034909,37,1,23,5
3ifgbd0t,10,42,10,8.81,0.025039,37,1,23,5
3iosxiy5,1,153,1,0.03,0.001562,4,1,151,149
3iu5qznd,1,78,28,1.24,0.000365,3,1,76,75
3iu5qznd,2,78,28,1.24,0.000293,4,1,75,74
3iu5qznd,3,78,28,1.24,0.000304,4,1,75,74
3iu5qznd,4,78,28,1.24,0.0003,4,1,75,74
3iu5qznd,5,78,28,1.24,0.000305,4,1,75,74
3iu5qznd,6,78,28,1.24,0.000312,4,1,75,74
3iu5qznd,7,78,28,1.24,0.000289,4,1,75,74
3iu5qznd,8,78,28,1.24,0.000509,5,1,76,73
3iu5qznd,9,78,28,1.24,0.000468,4,1,76,74
3iu5qznd,10,78,28,1.24,0.000473,4,1,76,74
3iu5qznd,11,78,28,1.24,0.000476,4,1,76,74
3iu5qznd,12,78,28,1.24,0.000509,4,1,76,74
3iu5qznd,13,78,28,1.24,0.00044,4,1,76,74
3iu5qznd,14,78,28,1.24,0.000405,3,1,76,75
3iu5qznd,15,78,28,1.24,0.000588,4,1,77,74
3iu5qznd,16,78,28,1.24,0.000533,3,1,77,75
3iu5qznd,17,78,28,1.24,0.000541,3,1,77,75
3iu5qznd,18,78,28,1.24,0.000558,3,1,77,75
3iu5qznd,19,78,28,1.24,0.000567,3,1,77,75
3iu5qznd,20,78,28,1.24,0.000531,3,1,77,75
3iu5qznd,21,78,28,1.24,0.00047,2,1,77,76
3iu5qznd,22,78,28,1.24,0.000563,4,1,77,74
3iu5qznd,23,78,28,1.24,0.000534,3,1,77,75
3iu5qznd,24,78,28,1.24,0.000565,3,1,77,75
3iu5qznd,25,78,28,1.24,0.000538,3,1,77,75
3iu5qznd,26,78,28,1.24,0.000554,3,1,77,75
3iu5qznd,27,78,28,1.24,0.000525,3,1,77,75
3iu5qznd,28,78,28,1.24,0.000168,2,1,77,76
3k63z2kb,1,61,2,1.11,0.01654,30,2,12|55,8|22
3k63z2kb,2,61,2,1.11,0.0274,38,1,16,8
3k6x255n,1,550,1,0.83,0.006106,454,2,214|485,5|77
3kcukszd,1,155,2,1.46,0.002713,98,4,37|45|76|118,9|6|27|9
3kcukszd,2,155,2,1.46,0.002628,129,2,35|58,5|8
3m7dxrkv,1,48,1,0.75,0.000843,36,1,37,5
3mcal3cl,3,60,3,2.62,0.009195,37,1,43,23
3mkpwq2r,1,56,21,1.39,0.005618,2,1,55,54
3mkpwq2r,2,56,21,1.39,0.009705,2,1,55,54
3mkpwq2r,3,56,21,1.39,0.006455,2,1,55,54
3mkpwq2r,4,56,21,1.39,0.012849,2,1,55,54
3mkpwq2r,5,56,21,1.39,0.006463,2,1,55,54
3mkpwq2r,6,56,21,1.39,0.011138,3,1,55,53
3mkpwq2r,7,56,21,1.39,0.00681,3,1,55,53
3mkpwq2r,8,56,21,1.39,0.00637,4,1,55,52
3mkpwq2r,9,56,21,1.39,0.007941,3,1,55,53
3mkpwq2r,10,56,21,1.39,0.005373,3,1,55,53
3mkpwq2r,11,56,21,1.39,0.009566,3,1,55,53
3mkpwq2r,12,56,21,1.39,0.006436,3,1,54,53
3mkpwq2r,13,56,21,1.39,0.006111,5,1,53,51
3mkpwq2r,14,56,21,1.39,0.006422,5,1,53,51
3mkpwq2r,15,56,21,1.39,0.008314,5,1,53,51
3mkpwq2r,16,56,21,1.39,0.009088,3,1,55,53
3mkpwq2r,17,56,21,1.39,0.012474,7,1,53,49
3mkpwq2r,18,56,21,1.39,0.008227,4,1,55,52
3mkpwq2r,19,56,21,1.39,0.011754,4,1,55,52
3mkpwq2r,20,56,21,1.39,0.01397,5,1,55,51
3mkpwq2r,21,56,21,1.39,0.008463,8,1,53,48
3mynm0b3,1,81,1,0.85,0.032328,69,1,66,12
3o8pd6se,1,62,1,0.47,0.053279,29,1,33,5
3ohezf7p,1,138,1,0.29,0.003197,40,2,28|125,10|88
3ojyo18h,1,126,1,0.83,0.022657,105,1,120,5
3q5s65nd,1,83,1,0.69,0.005898,57,1,35,19
3rgyid4v,1,734,1,0.59,0.032417,432,5,129|322|494|596|699,7|10|124|64|91
3sjgaexp,1,100,1,0.61,0.004587,61,1,40,8
3tyua6kx,1,112,1,0.96,0.063876,107,1,58,5
3up9ulso,1,870,1,0.76,0.009116,658,4,164|316|481|567,21|114|27|39
3v5xbt1q,1,96,1,0.85,0.017187,82,1,43,14
3w5jvbwz,1,95,1,0.66,0.036336,63,1,48,21
3wk221hp,1,100,1,0.6,0.011486,60,1,83,30
3wwwxabv,1,66,28,1.65,0.004014,2,1,65,64
3wwwxabv,2,66,28,1.65,0.003976,2,1,65,64
3wwwxabv,3,66,28,1.65,0.003834,2,1,65,64
3wwwxabv,4,66,28,1.65,0.003724,2,1,65,64
3wwwxabv,5,66,28,1.65,0.003614,2,1,65,64
3wwwxabv,6,66,28,1.65,0.00358,2,1,65,64
3wwwxabv,7,66,28,1.65,0.003649,2,1,65,64
3wwwxabv,8,66,28,1.65,0.003496,2,1,65,64
3wwwxabv,9,66,28,1.65,0.00329,2,1,65,64
3wwwxabv,10,66,28,1.65,0.003254,2,1,65,64
3wwwxabv,11,66,28,1.65,0.003145,2,1,65,64
3wwwxabv,12,66,28,1.65,0.00315,2,1,65,64
3wwwxabv,13,66,28,1.65,0.002992,2,1,65,64
3wwwxabv,14,66,28,1.65,0.005878,2,1,65,64
3wwwxabv,15,66,28,1.65,0.006166,3,1,64,63
3wwwxabv,16,66,28,1.65,0.003767,3,1,64,63
3wwwxabv,17,66,28,1.65,0.003662,3,1,64,63
3wwwxabv,18,66,28,1.65,0.004042,3,1,64,63
3wwwxabv,19,66,28,1.65,0.00412,4,2,25|64,24|38
3wwwxabv,20,66,28,1.65,0.004371,4,1,63,62
3wwwxabv,21,66,28,1.65,0.004094,4,1,63,62
3wwwxabv,22,66,28,1.65,0.004364,4,1,63,62
3wwwxabv,23,66,28,1.65,0.0042,4,1,63,62
3wwwxabv,24,66,28,1.65,0.004689,4,1,63,62
3wwwxabv,25,66,28,1.65,0.004751,5,1,62,61
3wwwxabv,26,66,28,1.65,0.003743,7,2,27|62,26|33
3wwwxabv,27,66,28,1.65,0.004696,15,2,26|62,24|27
3wwwxabv,28,66,28,1.65,0.004567,18,2,24|62,22|25
3y94xk68,1,30,1,0.83,0.029148,25,1,17,5
3zc7wpcz,1,112,1,0.82,0.003688,92,3,29|64|84,5|5|7
3zh20m6g,1,100,1,0.59,0.052342,59,2,49|84,32|9
4023fc77,4,48,4,2.69,0.003346,22,1,46,26
414ca58b,1,55,3,1.56,0.002567,5,2,29|52,28|22
414ca58b,3,55,3,1.56,0.003781,38,1,33,12
417nd5mi,1,27,5,3.15,0.274098,17,1,18,10
417nd5mi,2,27,5,3.15,0.001273,17,1,18,10
417nd5mi,3,27,5,3.15,0.002297,17,1,18,10
417nd5mi,4,27,5,3.15,0.000288,17,1,18,10
417nd5mi,5,27,5,3.15,0.000142,17,1,18,10
41r2mi2z,1,35,3,2.57,0.123869,30,1,20,5
41r2mi2z,2,35,3,2.57,0.078724,30,1,20,5
41r2mi2z,3,35,3,2.57,0.135501,30,1,20,5
4201m2wh,1,112,1,0.46,0.019373,51,2,57|103,34|27
423f2fzj,1,15,13,8.67,0.017126,10,1,10,5
423f2fzj,2,15,13,8.67,0.022758,10,1,10,5
423f2fzj,3,15,13,8.67,0.008394,10,1,10,5
423f2fzj,4,15,13,8.67,0.000936,10,1,10,5
423f2fzj,5,15,13,8.67,0.018883,10,1,10,5
423f2fzj,6,15,13,8.67,0.059889,10,1,10,5
423f2fzj,7,15,13,8.67,0.006416,10,1,10,5
423f2fzj,8,15,13,8.67,0.005516,10,1,10,5
423f2fzj,9,15,13,8.67,0.028473,10,1,10,5
423f2fzj,10,15,13,8.67,0.014612,10,1,10,5
423f2fzj,11,15,13,8.67,0.00361,10,1,10,5
423f2fzj,12,15,13,8.67,0.005239,10,1,10,5
423f2fzj,13,15,13,8.67,0.008744,10,1,10,5
429zpaoy,1,55,2,1.6,0.004467,46,1,30,9
429zpaoy,2,55,2,1.6,0.007102,42,1,37,13
42dn1p4x,1,105,1,0.66,0.003978,69,1,54,36
43030c4c,1,150,1,0.73,0.066776,110,1,74,5
4344808d,1,492,1,0.88,0.034065,435,3,19|71|96,10|9|16
43dc67f7,1,90,1,0.78,0.006018,70,1,52,20
46e00caf,1,133,2,1.38,0.047856,98,1,87,35
47891b4c,1,47,1,0.83,0.001508,39,1,44,8
4795259b,4,60,7,3.97,0.020649,36,2,18|38,8|13
4795259b,7,60,7,3.97,0.009859,37,2,8|48,7|15
47suxl9t,1,67,1,0.93,0.012877,62,1,36,5
4819exz4,1,62,1,0.76,0.007941,47,1,53,9
484d48a3,1,96,2,1.23,0.043165,75,1,19,8
484d48a3,2,96,2,1.23,0.00125,43,2,25|82,11|33
48piegqg,1,56,2,1.68,0.017764,45,1,37,10
48piegqg,2,56,2,1.68,0.014647,49,1,51,7
497rwaui,1,39,6,4.46,0.030012,29,1,24,10
497rwaui,2,39,6,4.46,0.003686,29,1,24,10
497rwaui,3,39,6,4.46,0.013188,29,1,24,10
497rwaui,4,39,6,4.46,0.019733,29,1,24,10
497rwaui,5,39,6,4.46,0.004422,29,1,24,10
497rwaui,6,39,6,4.46,0.001343,29,1,24,10
497y0ulj,1,37,1,0.86,0.018098,32,1,21,5
49s7f9p4,1,56,1,0.52,0.00057,29,3,14|24|41,11|7|8
4a41cbf8,3,66,5,4.83,0.008747,55,1,43,9
4a6fb202,4,78,6,5.53,0.047633,62,1,62,16
4a7162bd,1,57,2,0.74,0.005382,26,1,35,28
4a7162bd,2,57,2,0.74,0.022847,16,1,44,41
4bhktxfz,1,102,1,0.4,0.006307,41,3,32|69|93,26|19|16
4c94e4f3,3,59,3,1.2,0.010944,31,1,42,28
4cb11a5f,1,42,1,0.38,0.009696,16,1,40,26
4ce088c6,1,197,1,0.96,0.00162,189,1,36,6
4e0597a0,2,240,3,2.87,0.008738,220,1,91,10
4e0597a0,3,240,3,2.87,0.149665,229,1,155,5
4e05j6cz,1,40,1,0.8,0.003509,32,1,26,5
4e26p2kv,1,38,2,1.74,0.234116,33,1,21,5
4e26p2kv,2,38,2,1.74,0.160875,33,1,21,5
4e3020fe,1,25,1,0.64,0.000322,16,1,21,7
4ea934d8,1,49,1,0.88,0.000945,43,1,12,6
4fvph6vi,1,65,1,0.35,0.004947,23,1,32,22
4heroisd,1,65,2,1.32,0.001616,53,1,33,7
4heroisd,2,65,2,1.32,0.001513,33,2,38|57,9|7
4jljw05k,1,68,1,0.51,0.017374,35,1,59,33
4k4i5rf2,1,109,1,0.95,0.064518,104,1,57,5
4lh7zbh8,1,104,1,0.59,0.032876,61,1,73,43
4m4nusqa,1,91,1,0.86,0.046765,78,1,45,5
4numtahu,1,34,6,2.62,0.005662,18,1,22,10
4numtahu,2,34,6,2.62,0.001964,20,1,22,10
4numtahu,3,34,6,2.62,0.007698,19,2,22|28,10|5
4numtahu,4,34,6,2.62,0.044379,24,1,22,10
4ny5gf5t,1,51,2,0.98,0.012171,20,1,47,31
4ny5gf5t,2,51,2,0.98,0.019838,30,1,41,21
4o7up402,1,85,1,0.64,0.002651,54,2,33|52,26|5
4q19opce,2,35,7,5.17,0.005194,30,1,20,5
4q19opce,3,35,7,5.17,0.001893,30,1,20,5
4q19opce,4,35,7,5.17,0.00133,30,1,20,5
4q19opce,5,35,7,5.17,0.004684,30,1,20,5
4q19opce,6,35,7,5.17,0.004997,30,1,20,5
4q19opce,7,35,7,5.17,0.003989,30,1,20,5
4rfge8gl,1,109,1,0.06,0.009505,6,1,108,103
4rgqys4y,1,106,1,0.78,0.054421,83,2,14|79,7|8
4rx06t9m,1,139,1,0.09,0.019457,12,1,125,123
4se4eppr,1,39,2,0.79,0.000781,21,1,24,17
4se4eppr,2,39,2,0.79,0.000192,10,1,34,29
4sjypulp,1,98,1,0.84,0.007756,82,1,69,6
4swjc6h9,1,184,1,0.23,0.094908,43,1,104,99
4t9n5xab,1,67,3,2.76,0.056474,61,1,36,5
4t9n5xab,2,67,3,2.76,0.118016,62,1,36,5
4t9n5xab,3,67,3,2.76,0.012527,62,1,36,5
4tw8kyjn,1,38,2,1.74,0.13043,33,1,21,5
4tw8kyjn,2,38,2,1.74,0.022609,33,1,21,5
4usfhcji,1,130,1,0.78,0.000242,102,1,63,13
4vi126r8,1,96,1,0.6,0.013931,58,2,21|51,7|8
4znujm0e,1,107,1,0.61,0.037233,65,3,34|60|97,21|12|9
50qauky1,1,74,3,2.07,0.008884,53,2,36|53,10|9
50qauky1,2,74,3,2.07,0.004825,49,2,35|51,14|10
50qauky1,3,74,3,2.07,0.00554,51,2,36|52,13|10
511clhlf,1,96,1,0.64,0.04583,61,3,37|60|89,18|7|10
51befc31,2,99,3,2.74,0.00456,73,2,73|92,5|12
51e5ca25,1,17,1,0.41,0.000669,7,1,11,7
526195de,1,253,1,0.87,0.024791,221,1,186,32
5397b01d,1,61,1,0.77,0.034958,47,1,30,14
53f67585,9,126,9,8.76,0.010498,96,1,116,30
53sca9ee,1,66,4,3.44,0.000755,44,2,8|37,7|8
53sca9ee,2,66,4,3.44,0.013576,61,1,35,5
53sca9ee,3,66,4,3.44,0.00511,61,1,35,5
53sca9ee,4,66,4,3.44,0.035241,61,1,35,5
5416fbb7,1,126,1,0.87,0.003041,109,2,91|117,7|5
54b9dbba,1,83,1,0.9,0.046612,75,1,48,8
55206spf,1,35,1,0.86,0.003937,30,1,20,5
55v46njo,1,81,1,0.51,0.065084,41,2,31|68,24|16
56riteq4,1,50,2,1.8,0.033485,45,1,27,5
56riteq4,2,50,2,1.8,0.019002,45,1,27,5
578f71da,5,175,5,4.83,0.077281,146,2,97|133,18|11
57ad022e,1,192,5,4.54,0.095333,104,1,111,53
58f24fa4,1,77,1,0.53,0.006787,41,1,48,30
59992293,1,53,7,6.45,0.013049,30,2,32|40,16|7
59g4o5mx,1,43,2,1.77,0.093917,38,1,24,5
59g4o5mx,2,43,2,1.77,0.105492,38,1,24,5
5a064706,5,115,6,5.65,0.003008,105,1,57,6
5a064706,6,115,6,5.65,0.001423,91,3,6|91|113,5|6|9
5ae23f9f,1,39,1,0.85,0.009961,33,1,34,6
5bad0bab,1,90,2,0.96,0.140457,10,1,75,68
5bad0bab,2,90,2,0.96,0.008134,76,1,55,10
5bc7ea74,1,181,2,1.1,0.013191,107,1,136,74
5bc7ea74,2,181,2,1.1,0.000355,93,1,157,88
5csodh3t,1,58,1,0.43,0.001943,25,3,14|30|51,6|7|18
5d107jy0,1,44,1,0.8,0.010171,35,1,24,5
5e81394i,1,364,1,0.41,0.026003,149,4,27|134|250|315,21|90|40|55
5e9412c0,2,55,8,6.98,0.002589,47,1,28,6
5e9412c0,3,55,8,6.98,0.003583,34,1,19,18
5e9412c0,8,55,8,6.98,0.024851,30,1,25,24
5f3fcff6,1,74,1,0.72,0.001824,53,2,46|67,10|5
5fsdpd0l,1,60,9,8.25,0.009415,55,1,32,5
5fsdpd0l,2,60,9,8.25,0.003517,55,1,32,5
5fsdpd0l,3,60,9,8.25,0.015123,55,1,32,5
5fsdpd0l,4,60,9,8.25,0.020747,55,1,32,5
5fsdpd0l,5,60,9,8.25,0.025669,55,1,32,5
5fsdpd0l,6,60,9,8.25,0.015641,55,1,32,5
5fsdpd0l,7,60,9,8.25,0.025463,55,1,32,5
5fsdpd0l,8,60,9,8.25,0.002093,55,1,32,5
5fsdpd0l,9,60,9,8.25,0.001396,55,1,32,5
5g8p2ur1,1,42,2,1.76,0.043228,37,1,23,5
5g8p2ur1,2,42,2,1.76,0.050798,37,1,23,5
5gffh7gx,1,63,1,0.56,0.048149,35,1,46,28
5grcjfl3,1,33,10,6.3,0.007967,23,1,21,10
5grcjfl3,2,33,10,6.3,0.140444,23,1,21,10
5grcjfl3,3,33,10,6.3,0.002036,23,1,21,10
5grcjfl3,4,33,10,6.3,0.009991,23,1,21,10
5grcjfl3,5,33,10,6.3,0.029947,23,1,21,10
5grcjfl3,6,33,10,6.3,0.020009,23,1,21,10
5grcjfl3,7,33,10,6.3,0.00433,23,1,21,10
5grcjfl3,8,33,10,6.3,0.004804,23,1,21,10
5grcjfl3,9,33,10,6.3,0.005351,23,1,21,10
5hcafebs,1,190,10,4.31,0.00041,68,1,174,122
5hcafebs,2,190,10,4.31,0.000445,58,1,177,123
5hcafebs,3,190,10,4.31,0.000245,96,1,166,94
5hcafebs,4,190,10,4.31,0.000258,102,1,164,88
5hcafebs,5,190,10,4.31,0.000933,50,1,175,140
5hcafebs,6,190,10,4.31,0.000516,80,1,171,110
5hcafebs,7,190,10,4.31,0.000257,93,1,167,97
5hcafebs,8,190,10,4.31,0.001179,106,1,163,84
5hcafebs,9,190,10,4.31,0.00055,84,1,170,106
5hcafebs,10,190,10,4.31,0.000813,82,1,167,108
5i08pgto,1,107,1,0.44,0.003868,47,2,51|78,39|18
5iovn48o,1,25,4,2.4,0.064457,15,1,17,10
5iovn48o,2,25,4,2.4,0.047712,15,1,17,10
5iovn48o,3,25,4,2.4,0.05614,15,1,17,10
5iovn48o,4,25,4,2.4,0.014591,15,1,17,10
5ixdd0df,1,131,1,0.82,0.014798,108,2,36|98,9|7
5kh0cl6e,1,55,1,0.91,0.011902,50,1,30,5
5lkaebts,1,50,5,4.44,0.073132,45,1,27,5
5lkaebts,2,50,5,4.44,0.131756,45,1,27,5
5lkaebts,3,50,5,4.44,0.020284,44,1,27,5
5lkaebts,4,50,5,4.44,0.024571,45,1,27,5
5lkaebts,5,50,5,4.44,0.027815,43,1,27,5
5m4ckpop,1,57,2,1.04,0.00069,34,1,40,23
5m4ckpop,2,57,2,1.04,0.000607,25,1,30,23
5ne9na4f,1,95,1,0.26,0.037942,25,3,37|69|90,33|24|13
5nwr1e15,1,142,2,1.53,0.019355,88,2,55|83,25|22
5oe1xea6,1,126,1,0.69,0.017962,87,2,23|89,16|22
5r6uxga7,1,36,1,0.72,0.000669,26,1,23,10
5rttndn7,1,85,1,0.72,0.007152,61,1,65,16
5twvf4ju,1,104,13,0.27,0.001053,4,1,101,100
5twvf4ju,2,104,13,0.27,0.001342,2,1,103,102
5twvf4ju,3,104,13,0.27,0.00047,2,1,103,102
5twvf4ju,4,104,13,0.27,0.00065,2,1,103,102
5twvf4ju,5,104,13,0.27,0.000691,2,1,103,102
5twvf4ju,6,104,13,0.27,0.000872,2,1,103,102
5twvf4ju,7,104,13,0.27,0.002077,2,1,103,102
5twvf4ju,8,104,13,0.27,0.001198,2,1,103,102
5twvf4ju,9,104,13,0.27,0.00118,2,1,103,102
5twvf4ju,10,104,13,0.27,0.000895,2,1,103,102
5twvf4ju,11,104,13,0.27,0.000992,2,1,103,102
5twvf4ju,12,104,13,0.27,0.001266,2,1,103,102
5twvf4ju,13,104,13,0.27,0.001732,2,1,103,102
5vn6m21a,1,82,1,0.71,0.06968,58,2,22|64,9|10
5w2wm25n,1,71,3,2.41,0.020233,60,1,30,5
5w2wm25n,2,71,3,2.41,0.007465,54,2,26|70,8|7
5w2wm25n,3,71,3,2.41,0.013076,57,1,28,8
5wf117rp,1,51,1,0.88,0.002427,45,1,42,6
5wsg1nxs,1,28,4,2.18,0.104756,18,1,19,10
5wsg1nxs,3,28,4,2.18,0.056725,18,1,19,10
5wsg1nxs,4,28,4,2.18,0.013018,18,1,19,10
5xbxvz18,1,177,1,0.73,0.001515,129,2,33|125,6|41
5yq4u9wv,1,92,1,0.7,0.033675,64,2,35|82,22|6
5z2z78q3,1,112,1,0.91,0.001226,102,1,66,6
5z6j8sms,1,367,1,0.88,0.020898,323,2,18|86,6|31
5zabac5l,1,47,1,0.85,0.075564,40,1,21,6
5zxrotef,1,85,1,0.39,0.018411,33,3,31|52|77,26|11|15
6042d64a,1,97,2,0.98,0.000579,60,2,23|74,8|12
6042d64a,2,97,2,0.98,0.010613,35,6,16|24|47|61|81|87,8|7|18|9|5|5
6075d6b0,1,50,5,4.66,0.006214,38,1,39,7
60827ada,4,150,4,3.47,0.001359,70,1,146,80
6092nsl8,1,61,2,1.3,0.02119,37,1,35,23
6092nsl8,2,61,2,1.3,0.015892,42,1,28,17
60f4fa43,1,66,1,0.85,0.004981,56,1,30,10
61403519,3,103,3,2.51,0.039973,92,1,46,11
61urdhg8,1,163,1,0.04,0.000489,6,1,158,157
62529cd4,1,160,3,2.97,0.043127,155,1,157,5
627jnkn9,1,60,3,2.27,0.147327,31,1,50,29
627jnkn9,2,60,3,2.27,0.064002,50,1,18,7
627jnkn9,3,60,3,2.27,0.098978,55,1,15,5
62c501f8,1,198,1,0.87,0.007597,172,1,12,8
62yucmpq,1,31,4,2.16,0.101528,21,1,20,10
62yucmpq,3,31,4,2.16,0.069934,21,1,20,10
62yucmpq,4,31,4,2.16,0.143908,21,1,20,10
63437cf3,3,70,3,2.57,0.000631,40,2,38|61,5|22
63qpq8pc,3,73,3,2.84,0.002261,68,1,10,5
64044df1,2,60,6,4.52,0.009764,53,1,57,7
6478qwt7,2,34,5,3.62,0.051849,24,1,22,10
6478qwt7,3,34,5,3.62,0.022765,24,1,22,10
6478qwt7,4,34,5,3.62,0.024167,24,1,22,10
6478qwt7,5,34,5,3.62,0.103213,24,1,22,10
64b89eb5,1,171,3,1.63,0.003586,93,1,111,78
64b89eb5,2,171,3,1.63,0.00342,94,1,99,77
64b89eb5,3,171,3,1.63,0.005463,92,1,99,79
657242e8,1,207,1,0.97,0.003776,200,1,10,5
65ll50bt,1,441,1,0.4,0.004762,176,6,47|166|246|314|380|425,29|93|48|43|30|22
662487fe,4,60,9,7.92,0.01352,55,1,6,5
662a1846,1,65,9,5.86,0.007907,44,1,25,12
662a1846,2,65,9,5.86,0.009621,39,2,20|63,12|12
662a1846,3,65,9,5.86,0.009816,53,1,43,11
662a1846,4,65,9,5.86,0.021031,46,1,25,11
662a1846,5,65,9,5.86,0.022909,44,2,19|62,10|10
662a1846,6,65,9,5.86,0.031463,45,2,13|57,10|10
662a1846,7,65,9,5.86,0.025123,54,1,42,10
662a1846,8,65,9,5.86,0.001347,33,1,23,8
662a1846,9,65,9,5.86,0.001573,23,2,26|37,18|10
66a25278,1,228,1,0.74,0.035421,169,4,59|112|179|227,10|5|20|24
673adbcc,1,39,1,0.51,0.01225,20,1,21,14
6783a303,1,251,1,0.86,0.030188,217,1,187,34
68c879f2,1,130,2,1.58,0.005353,75,1,106,55
68d2b259,1,87,1,0.33,0.000421,29,3,16|43|67,14|9|20
6a50e93a,1,32,1,0.75,0.000103,24,1,23,7
6acd353f,1,35,4,3.29,0.004362,24,1,21,11
6acd353f,2,35,4,3.29,0.019801,23,1,22,11
6ad44b86,2,140,7,6.24,0.019027,97,2,120|128,34|6
6ad44b86,4,140,7,6.24,0.011842,105,2,111|127,25|5
6ad44b86,5,140,7,6.24,0.005193,121,2,110|119,9|6
6bbyqk3u,1,310,2,1.49,0.002404,244,2,64|236,7|28
6bbyqk3u,2,310,2,1.49,0.00056,218,2,234|286,6|7
6bwl408d,1,48,1,0.19,0.073636,9,1,42,39
6da17988,5,60,8,7.02,0.010947,54,1,28,5
6dkny290,1,52,1,0.9,0.03933,47,1,28,5
6e1ee5ir,1,113,1,0.33,0.000333,37,1,80,68
6e2dce1b,1,72,1,0.9,0.000509,65,1,45,7
6eprhv63,1,31,3,2.03,0.111299,21,1,20,10
6eprhv63,2,31,3,2.03,0.069423,21,1,20,10
6eprhv63,3,31,3,2.03,0.040648,21,1,20,10
6f5144b6,2,55,9,4.33,0.048448,49,1,24,6
6f5144b6,9,55,9,4.33,0.001231,14,1,28,23
6f6e6c37,1,62,1,0.77,0.014572,48,1,43,14
6fl146dc,1,60,2,1.88,0.000389,53,1,50,7
6g7h9z6t,1,71,2,1.58,0.000177,58,2,14|64,7|6
6g7h9z6t,2,71,2,1.58,0.000243,54,1,51,6
6hn25ucg,1,35,4,3.43,0.005436,30,1,20,5
6hn25ucg,2,35,4,3.43,0.00763,30,1,20,5
6hn25ucg,3,35,4,3.43,0.006849,30,1,20,5
6hn25ucg,4,35,4,3.43,0.000889,30,1,20,5
6hwti19r,1,110,1,0.16,0.003,18,4,29|72|97|106,27|38|19|8
6k69zqfl,1,229,1,0.19,0.006878,44,2,156|186,147|29
6kub27x5,1,31,9,5.32,0.047098,21,1,20,10
6kub27x5,2,31,9,5.32,0.028645,21,1,20,10
6kub27x5,3,31,9,5.32,0.012142,21,1,20,10
6kub27x5,4,31,9,5.32,0.002816,20,1,20,10
6kub27x5,5,31,9,5.32,0.006514,20,1,20,10
6kub27x5,7,31,9,5.32,0.051542,21,1,20,10
6kub27x5,8,31,9,5.32,0.005172,21,1,20,10
6kub27x5,9,31,9,5.32,0.003009,15,1,20,10
6l1wegih,1,100,1,0.75,0.001707,75,4,14|29|65|71,5|6|5|5
6lf2676j,1,83,1,0.64,0.008298,53,3,20|34|58,8|5|17
6ljnqtty,1,104,1,0.85,0.007475,88,1,22,12
6ly8os75,1,620,1,0.74,0.003855,460,8,77|117|209|378|486|495|516|592,6|11|14|24|49|5|20|19
6m6nyj7h,1,129,1,0.32,0.066568,41,1,108,88
6moh35ox,1,490,1,0.71,0.010223,350,2,78|315,45|94
6nnkxfh7,1,765,1,0.26,0.010669,200,6,169|517|546|601|629|650,154|339|9|21|27|10
6pbz05ig,1,66,1,0.77,0.007453,51,1,34,13
6q2cpioc,1,81,1,0.12,0.008009,10,1,9,7
6t0fk8k0,1,70,5,4.17,0.030527,32,1,39,38
6t0fk8k0,2,70,5,4.17,0.190685,65,1,37,5
6t0fk8k0,3,70,5,4.17,0.046559,65,1,37,5
6t0fk8k0,4,70,5,4.17,0.011358,65,1,37,5
6t0fk8k0,5,70,5,4.17,0.277694,65,1,37,5
6uspxt1h,2,51,2,1.75,0.004922,41,1,47,9
6y72c98u,1,35,1,0.23,0.001023,8,1,9,7
6yym3qel,1,113,1,0.74,0.008563,84,2,27|55,15|7
70bcaf68,3,21,4,3.62,0.004898,13,1,18,6
70n9xuii,1,111,1,0.56,0.005442,62,1,104,49
70xyb5u3,1,100,1,0.65,0.021981,65,1,93,35
70yjjtka,1,102,1,0.36,0.027369,37,2,54|91,40|25
71u0twg5,1,64,1,0.73,0.00236,47,1,58,17
723fd024,1,43,2,1.16,0.000836,27,1,14,6
723fd024,2,43,2,1.16,0.000748,23,1,14,5
72yz5sum,1,92,1,0.58,0.013578,53,3,24|42|59,6|13|13
7457k6l5,1,92,1,0.73,0.087214,67,2,21|72,9|12
74tw67v7,2,38,3,1.76,0.102251,33,1,21,5
74tw67v7,3,38,3,1.76,0.041008,33,1,21,5
758gaily,1,81,1,0.73,0.013554,59,1,67,22
75bagjky,1,58,2,1.43,0.01019,43,2,23|51,9|6
75bagjky,2,58,2,1.43,0.010247,40,2,36|56,10|8
75c34dc5,1,214,1,0.95,0.048616,204,1,149,10
75ewa6jg,1,35,3,2.57,0.01293,30,1,20,5
75ewa6jg,2,35,3,2.57,0.022358,30,1,20,5
75ewa6jg,3,35,3,2.57,0.004073,30,1,20,5
75w7te0e,1,118,1,0.25,0.003358,30,1,96,73
77110e80,3,85,6,4.33,0.00567,60,1,49,7
77110e80,4,85,6,4.33,0.004592,65,1,53,14
77110e80,5,85,6,4.33,0.010086,41,1,24,18
77110e80,6,85,6,4.33,0.072225,32,2,33|63,20|24
7744dc51,6,102,7,6.5,0.001259,82,2,49|71,10|10
7744dc51,7,102,7,6.5,0.001321,97,1,44,5
77481av4,1,36,6,5.14,0.01781,31,1,20,5
77481av4,2,36,6,5.14,0.02433,31,1,20,5
77481av4,3,36,6,5.14,0.028842,31,1,20,5
77481av4,4,36,6,5.14,0.00926,31,1,20,5
77481av4,5,36,6,5.14,0.00168,31,1,20,5
77481av4,6,36,6,5.14,0.00142,30,1,20,5
781af187,1,68,1,0.13,0.02178,9,1,22,14
788da8e8,4,42,6,3.9,0.007526,18,1,29,12
78a1f4b1,4,143,5,4.66,0.008302,112,1,85,31
78a6z80b,1,58,1,0.91,0.015429,53,1,31,5
78bf9b51,1,45,1,0.6,0.007918,27,2,13|34,6|12
797a7b7e,2,48,5,4.29,0.145996,41,1,19,7
79acac96,1,53,1,0.91,0.003454,48,1,6,5
79af6097,1,229,1,0.32,0.032567,73,1,85,13
7ade3068,1,84,2,1.11,0.010696,50,3,32|53|77,5|19|10
7ade3068,2,84,2,1.11,0.005095,43,2,55|78,28|11
7b75dace,1,90,4,3.54,0.000229,69,1,12,7
7b75dace,4,90,4,3.54,0.000196,70,1,12,6
7be91184,5,25,11,9.6,0.003287,18,1,16,7
7bfe9b57,7,42,7,6.74,0.009426,31,1,21,7
7bg2fvm2,1,122,1,0.2,0.003843,24,1,108,98
7dctqmif,1,71,3,2.48,0.009584,50,1,23,19
7dctqmif,2,71,3,2.48,0.013287,61,1,23,10
7dctqmif,3,71,3,2.48,0.009755,65,1,18,6
7do29wbm,1,460,1,0.91,0.004966,420,2,146|176,5|29
7dsy26e9,1,74,1,0.74,0.003147,55,2,49|59,7|9
7e704f2e,1,235,1,0.51,0.014135,121,1,125,114
7e709e2d,1,132,2,1.92,0.096821,127,1,23,5
7edd8b4f,3,72,5,4.15,0.003238,35,2,24|56,21|16
7edd8b4f,4,72,5,4.15,0.003796,48,1,31,24
7f0b7662,5,66,8,7.26,0.000464,45,1,22,17
7f0b7662,6,66,8,7.26,0.000288,38,1,23,19
7fgahwsf,1,122,1,0.72,0.025952,88,2,24|93,15|19
7grbiaif,1,42,1,0.4,0.001942,17,1,37,18
7hslvk3q,1,98,1,0.24,0.006124,24,2,30|91,27|47
7isbzje8,1,56,1,0.71,0.002492,40,1,21,15
7jwolo4g,1,329,1,0.68,0.014409,223,6,52|92|132|156|177|222,30|10|14|9|9|23
7k0ragb5,1,83,1,0.34,0.017948,28,4,12|25|57|74,7|7|24|9
7kj92j8k,1,51,2,1.37,0.013641,34,1,28,6
7kj92j8k,2,51,2,1.37,0.031891,36,1,30,8
7ktwmep6,1,100,1,0.56,0.000315,56,2,13|80,6|22
7l85cwoa,1,367,1,0.13,0.07855,48,4,92|175|257|335,84|72|73|67
7mdl34cz,1,31,6,4.06,0.030252,21,1,20,10
7mdl34cz,2,31,6,4.06,0.028223,21,1,20,10
7mdl34cz,3,31,6,4.06,0.007887,21,1,20,10
7mdl34cz,4,31,6,4.06,0.014587,21,1,20,10
7mdl34cz,5,31,6,4.06,0.00227,21,1,20,10
7mdl34cz,6,31,6,4.06,0.002161,21,1,20,10
7mk89tt9,1,76,1,0.46,0.01021,35,3,44|61|73,21|11|9
7n0qwzrs,1,73,1,0.52,0.026023,38,3,18|40|61,10|11|11
7n9wrcgy,1,39,1,0.87,0.013586,34,1,22,5
7nkbo3zc,1,100,1,0.87,0.002881,87,1,47,9
7ogfnlwi,1,20,3,1.15,0.00196,3,1,19,17
7ogfnlwi,2,20,3,1.15,0.266222,10,1,15,10
7ogfnlwi,3,20,3,1.15,0.118733,10,1,15,10
7ologesu,1,60,1,0.83,0.065948,50,1,38,10
7ql545cz,1,44,6,4.59,0.028872,39,1,24,5
7ql545cz,2,44,6,4.59,0.015524,25,1,34,19
7ql545cz,3,44,6,4.59,0.016177,35,1,24,5
7ql545cz,4,44,6,4.59,0.012987,26,1,33,18
7ql545cz,5,44,6,4.59,0.030927,39,1,24,5
7ql545cz,6,44,6,4.59,0.017507,38,1,24,5
7qv0a617,1,120,1,0.4,0.020145,48,5,17|60|74|102|111,12|32|10|9|8
7rloc0sf,1,60,1,0.78,0.006131,47,1,34,6
7rx02xv1,1,39,5,3.72,0.048761,29,1,24,10
7rx02xv1,2,39,5,3.72,0.029794,29,1,24,10
7rx02xv1,3,39,5,3.72,0.079687,29,1,24,10
7rx02xv1,4,39,5,3.72,0.079137,29,1,24,10
7rx02xv1,5,39,5,3.72,0.026903,29,1,24,10
7sbsripp,1,36,1,0.81,0.004757,29,1,20,5
7sro7l05,1,77,2,1.83,0.012048,71,1,65,6
7sro7l05,2,77,2,1.83,0.005828,70,1,64,7
7txdm1bs,1,98,1,0.51,0.000528,50,3,32|56|77,21|15|11
7v9ztirf,1,105,1,0.14,0.004321,15,4,38|54|69|83,36|12|12|12
7vii9obn,2,35,5,2.86,0.021985,25,1,22,10
7vii9obn,3,35,5,2.86,0.010734,25,1,22,10
7vii9obn,4,35,5,2.86,0.017933,25,1,22,10
7vii9obn,5,35,5,2.86,0.028272,24,1,22,10
7vw4tnzi,1,46,3,2.28,0.023566,23,2,14|34,8|15
7vw4tnzi,2,46,3,2.28,0.109134,41,1,25,5
7vw4tnzi,3,46,3,2.28,0.209647,41,1,25,5
7w1y7nse,1,35,4,2.86,0.145067,25,1,22,10
7w1y7nse,2,35,4,2.86,0.054997,25,1,22,10
7w1y7nse,3,35,4,2.86,0.021599,25,1,22,10
7w1y7nse,4,35,4,2.86,0.00603,25,1,22,10
7wutyllc,2,54,3,1.41,0.002278,49,1,29,5
7wutyllc,3,54,3,1.41,0.019038,26,1,34,28
7ynq921l,1,37,2,1.73,0.123796,32,1,21,5
7ynq921l,2,37,2,1.73,0.020127,32,1,21,5
7ywnbfed,1,106,1,0.16,0.002988,17,3,34|42|58,32|7|5
7zdbvd3m,1,200,1,0.57,0.018663,114,1,115,86
800b5eac,1,52,1,0.52,0.008986,27,1,35,9
800evlqy,1,35,3,2.57,0.11535,30,1,20,5
800evlqy,2,35,3,2.57,0.090653,30,1,20,5
800evlqy,3,35,3,2.57,0.094248,30,1,20,5
8036b58e,6,108,6,5.72,0.000352,82,1,94,11
80906bf9,1,34,1,0.56,0.012071,19,1,26,11
80a7cf7b,5,96,7,6.02,0.004409,78,1,21,14
80a7cf7b,6,96,7,6.02,0.0029,58,3,27|38|49,19|10|7
80a7cf7b,7,96,7,6.02,0.001299,60,2,27|34,18|6
80c1bsgj,1,81,1,0.54,0.002221,44,1,42,37
8108b358,1,131,1,0.34,0.028497,44,1,111,87
81d12756,1,21,1,0.71,0.003376,15,1,8,6
81fdc526,9,25,10,7.76,0.005487,16,1,21,9
81sl9avs,1,108,1,0.66,0.098575,71,1,55,34
8248698e,5,53,7,4.92,0.016833,48,1,34,5
82667d52,3,50,10,8.56,0.00268,43,1,32,7
82667d52,4,50,10,8.56,0.002354,44,1,32,6
82667d52,5,50,10,8.56,0.001494,28,2,11|46,9|13
82667d52,9,50,10,8.56,0.018192,35,2,10|45,7|8
82667d52,10,50,10,8.56,0.006252,35,2,14|40,7|5
82a3db34,4,150,4,3.93,0.003039,140,1,20,7
82df0888,2,29,2,1.1,0.008394,9,1,28,20
835qgtax,1,116,1,0.78,0.016937,90,2,71|114,16|10
83b7c53c,4,41,4,3.71,0.003887,29,1,25,12
83eig4ml,1,93,2,1.29,0.003873,54,2,46|73,6|14
83eig4ml,2,93,2,1.29,0.004279,66,1,42,5
83fko2hp,2,80,5,3.62,0.05025,75,1,42,5
83fko2hp,3,80,5,3.62,0.053373,64,2,42|66,5|11
83fko2hp,4,80,5,3.62,0.07539,75,1,42,5
83fko2hp,5,80,5,3.62,0.109887,75,1,42,5
83qvx5bk,1,141,1,0.09,0.002092,12,2,65|132,64|62
83y40rzo,1,64,1,0.69,0.002171,44,2,24|39,6|9
840l0cnz,1,45,1,0.62,0.002701,28,1,36,16
843d3bf7,1,35,10,9.71,0.006715,29,1,12,6
84559bc3,4,100,4,3.42,0.000387,59,3,38|62|73,17|5|8
8466eeb2,3,121,6,0.34,0.038288,5,1,51,47
84cgr6m0,1,108,1,0.73,0.011477,79,1,90,18
84j2j8fl,1,24,1,0.79,0.006578,19,1,14,5
851gcyau,1,66,1,0.55,0.002752,36,1,50,30
8554c402,1,44,2,1.52,0.001335,37,1,24,7
8554c402,2,44,2,1.52,0.001067,30,1,39,12
85585220,1,55,1,0.76,0.003838,42,1,25,8
86a2b59f,8,34,19,16.91,0.000245,18,1,19,5
86a2b59f,9,34,19,16.91,0.002382,27,1,10,7
86a2b59f,11,34,19,16.91,0.000816,24,1,10,6
86a88668,2,342,2,0.7,0.063666,234,3,16|102|185,7|66|35
86d5b29b,1,62,1,0.61,0.014121,38,1,42,10
86hobt2f,1,176,1,0.4,0.002371,71,3,71|116|151,37|42|26
86l5tqpe,1,74,1,0.72,0.009528,53,1,45,21
86vx5lfe,1,106,1,0.26,0.096796,28,4,36|51|83|97,33|7|29|7
8788747f,1,80,1,0.76,0.022057,61,1,31,16
890ef032,6,108,6,5.76,0.008519,97,1,88,10
89b5mx0s,1,69,1,0.64,0.013771,44,1,45,25
89b671bb,1,114,5,2.54,0.005206,57,2,69|105,41|15
89b671bb,3,114,5,2.54,0.007705,85,2,43|104,15|14
89b671bb,5,114,5,2.54,0.001444,101,1,29,6
89fe6899,4,48,7,4.77,0.024364,28,1,35,16
89fe6899,5,48,7,4.77,0.033548,41,1,44,6
89fe6899,6,48,7,4.77,0.011525,7,1,44,40
8a48f62a,1,34,1,0.82,0.006494,28,1,24,6
8bb9a221,1,71,1,0.66,0.000783,47,1,31,23
8bex1hz5,1,70,1,0.9,0.002797,63,1,11,7
8d4ikenm,1,56,3,2.73,0.009331,51,1,30,5
8d4ikenm,2,56,3,2.73,0.004406,51,1,30,5
8d4ikenm,3,56,3,2.73,0.005574,51,1,30,5
8euadjai,1,38,1,0.74,0.021113,28,1,23,8
8fa50320,1,102,7,5.88,0.05725,93,1,88,6
8fa50320,6,102,7,5.88,0.048565,74,1,57,28
8fa50320,7,102,7,5.88,0.049516,33,1,72,69
8fenxv7t,1,27,3,1.89,0.020689,17,1,18,10
8fenxv7t,2,27,3,1.89,0.022797,17,1,18,10
8fenxv7t,3,27,3,1.89,0.011788,17,1,18,10
8hnrmeu3,1,80,1,0.05,0.006916,4,1,77,76
8jfizvdz,3,76,3,1.97,0.005553,45,1,42,31
8joekpqr,1,66,1,0.74,0.006644,49,1,44,16
8k2g8yo4,1,125,1,0.28,0.038593,35,2,51|109,29|53
8kbx6r2m,1,31,4,2.71,0.005939,21,1,20,10
8kbx6r2m,2,31,4,2.71,0.023922,21,1,20,10
8kbx6r2m,3,31,4,2.71,0.044114,21,1,20,10
8kbx6r2m,4,31,4,2.71,0.01235,21,1,20,10
8oau92vd,1,72,1,0.93,0.009957,67,1,38,5
8os4qdkx,1,94,1,0.32,0.007306,30,1,63,61
8p2s8ksh,1,38,2,1.47,0.036003,28,1,24,10
8p2s8ksh,2,38,2,1.47,0.017763,28,1,24,10
8p4phgwd,1,104,1,0.8,0.000403,83,2,22|81,7|7
8rcn91yv,1,77,1,0.82,0.081418,63,1,43,14
8tvotg2q,1,59,1,0.59,0.087523,35,1,32,18
8u2tbyaj,1,143,1,0.3,0.043865,43,1,120,89
8xl2rojx,1,76,1,0.87,0.003411,66,1,20,7
8xqb6in8,1,424,1,0.53,0.004377,226,5,26|199|273|332|356,20|35|67|53|6
8ypfmpw8,1,89,1,0.69,0.010361,61,1,54,25
905d8740,1,84,6,4.99,0.000847,54,2,33|60,22|5
905d8740,2,84,6,4.99,0.001249,79,1,62,5
9061dac9,1,54,6,3.7,0.000443,48,1,34,6
91b2f707,3,40,6,4.3,0.019314,6,1,11,9
91b2f707,6,40,6,4.3,0.011189,6,1,11,9
91oqpnra,1,37,2,1.46,0.021578,27,1,23,10
91oqpnra,2,37,2,1.46,0.012251,27,1,23,10
91yea99y,1,44,1,0.89,0.000113,39,1,24,5
924f5d88,1,48,7,4.81,0.073505,17,1,44,31
93e22d48,9,135,10,9.33,0.017435,127,1,14,8
93e22d48,10,135,10,9.33,0.015637,52,1,104,83
93g29upt,1,37,2,1.73,0.014935,32,1,21,5
93g29upt,2,37,2,1.73,0.006524,32,1,21,5
94f7c53e,2,55,5,2.25,0.016371,47,1,23,8
95215aa1,1,106,1,0.43,0.002382,46,2,30|84,12|34
95hiop0z,1,84,1,0.64,0.018851,54,1,61,30
95ndszvf,1,158,1,0.47,0.002505,75,1,133,79
96o1qrxy,1,146,1,0.14,0.001487,20,2,28|128,23|95
96on06h2,1,123,1,0.41,0.019735,50,3,31|91|110,13|49|6
972t0d6c,1,148,1,0.12,0.002003,18,2,81|137,75|51
97hbcoc1,1,35,2,1.71,0.04873,30,1,20,5
97hbcoc1,2,35,2,1.71,0.04893,30,1,20,5
97j6pq0m,1,200,1,0.7,0.003492,141,2,20|90,5|54
97rmpio3,2,68,2,1.88,0.043868,60,1,65,8
98weslia,1,96,1,0.47,0.030779,45,2,41|85,25|26
999e07cb,2,81,2,1.8,0.004243,65,2,43|61,5|8
99mkjwfy,1,441,1,0.6,0.002574,264,5,40|99|185|259|402,22|40|64|12|39
99nxo22x,1,53,2,1.47,0.0001,37,1,42,9
99nxo22x,2,53,2,1.47,0.016603,41,1,18,10
99pez38k,1,38,1,0.87,0.012121,33,1,21,5
9a1146b3,1,211,1,0.47,0.043277,100,2,51|118,12|63
9agsjvi9,1,70,1,0.74,0.006806,52,1,30,15
9aj0g67z,1,74,1,0.72,0.028848,53,1,40,20
9ap4lfgx,1,110,4,3.42,0.002906,105,1,57,5
9ap4lfgx,2,110,4,3.42,0.002088,105,1,57,5
9ap4lfgx,3,110,4,3.42,0.00012,83,2,46|57,22|5
9ap4lfgx,4,110,4,3.42,0.00016,83,2,46|57,22|5
9b5f0f47,6,57,6,5.58,0.0041,33,2,25|52,14|7
9bbdl24k,2,79,3,2.62,0.017671,51,1,47,25
9byaysdp,1,86,1,0.08,0.011151,7,1,80,79
9c88ae45,1,61,1,0.84,0.03079,51,1,43,9
9cjp8r8h,2,64,2,1.31,0.013006,26,2,31|51,18|16
9cu2gvby,1,38,2,1.74,0.036491,33,1,21,5
9cu2gvby,2,38,2,1.74,0.28313,33,1,21,5
9e3s6s3u,1,56,1,0.57,0.009715,32,1,36,24
9e85179b,1,210,5,4.3,0.000592,119,2,72|140,24|67
9e85179b,2,210,5,4.3,0.004533,163,3,59|97|119,11|15|21
9e85179b,4,210,5,4.3,0.090912,204,1,134,6
9ee59f51,2,61,3,2.75,0.000835,51,1,60,10
9ee59f51,3,61,3,2.75,0.001397,56,1,45,5
9g0v3wxp,1,600,1,0.98,0.015474,588,1,576,12
9im7obz8,1,86,1,0.72,0.03352,62,1,60,14
9jdkj9xd,1,40,2,1.75,0.027006,35,1,22,5
9jdkj9xd,2,40,2,1.75,0.038026,35,1,22,5
9kp85suk,1,60,1,0.67,0.027419,40,1,37,20
9lav7dy0,1,68,2,1.03,0.000878,40,1,51,17
9lav7dy0,2,68,2,1.03,0.001573,30,3,31|38|62,17|6|12
9m43avjl,1,67,1,0.93,0.013864,62,1,36,5
9m4btz1a,1,221,1,0.54,0.001021,119,1,199,102
9nb7skh5,1,215,1,0.56,0.003211,120,3,34|72|160,17|9|68
9ojkz2pi,1,196,1,0.92,0.03892,180,2,22|99,5|6
9pq6rtnl,1,68,3,2.78,0.007583,63,1,36,5
9pq6rtnl,2,68,3,2.78,0.042831,63,1,36,5
9pq6rtnl,3,68,3,2.78,0.00738,63,1,36,5
9qhx6u5e,1,82,1,0.9,0.002486,74,1,8,7
9uy07xcw,1,88,1,0.39,0.005524,34,2,48|80,32|22
9w977prr,1,50,1,0.6,0.003884,30,1,34,5
9xt52rgc,1,100,1,0.84,0.04874,84,1,16,6
9y93ldk0,1,104,1,0.26,0.061549,27,7,17|28|39|54|66|80|93,11|9|9|11|9|11|9
9yevc674,1,264,1,0.51,0.006334,135,2,18|184,7|101
9zy3hzxy,1,152,1,0.55,0.000168,83,1,75,30
VID_20250810_100938,1,48,1,0.12,0.000139,6,1,46,42
a02ed92c,1,36,1,0.72,0.022971,26,1,24,10
a0ckgxk1,1,50,3,2.7,0.025931,45,1,27,5
a0ckgxk1,2,50,3,2.7,0.112501,45,1,27,5
a0ckgxk1,3,50,3,2.7,0.017874,45,1,27,5
a11hqhcm,1,44,2,1.77,0.02457,39,1,24,5
a11hqhcm,2,44,2,1.77,0.228166,39,1,24,5
a1f4c54d,7,30,7,6.83,0.002056,25,1,7,5
a1fmtf80,1,102,1,0.35,0.030075,36,2,50|89,48|14
a20baeec,2,61,4,3.57,0.002357,48,1,16,13
a20baeec,4,61,4,3.57,0.002483,48,1,19,13
a338c8aa,1,22,1,0.77,0.019558,17,1,18,5
a386eaa2,2,60,6,5.02,0.016978,52,1,30,6
a3hz969w,1,37,1,0.73,0.117944,27,1,23,10
a3sg0mjb,1,40,1,0.75,0.01037,30,1,16,10
a46b7b77,1,120,2,1.66,0.011133,97,1,36,23
a46b7b77,2,120,2,1.66,0.003054,102,1,21,12
a5905593,1,210,2,1.38,0.021295,187,2,103|171,8|11
a593f7n7,1,36,1,0.72,0.203332,26,1,23,10
a5rqwkmb,1,126,1,0.67,0.174146,85,2,85|117,24|17
a658e949,4,50,4,3.38,0.016621,19,1,24,13
a76ee415,1,34,1,0.79,0.002251,27,1,8,7
a7eb6616,1,41,1,0.66,0.005365,27,1,28,14
a7gk2m38,1,152,1,0.24,0.099703,36,5,12|28|45|88|129,11|9|11|38|35
a84c60e6,1,108,7,6.9,0.006243,101,1,43,7
a8nqsxj4,1,81,1,0.65,0.070975,53,1,39,16
a938c6b2,3,70,5,3.66,0.004583,48,2,9|19,8|6
a938c6b2,4,70,5,3.66,0.000845,60,1,52,10
a938c6b2,5,70,5,3.66,0.00042,60,1,52,10
a95f0aea,3,101,5,4.48,0.000454,63,2,9|78,8|13
a966d7fd,7,66,9,7.71,0.000965,28,2,46|62,28|10
a97wplik,1,90,4,0.16,0.002542,2,1,89,88
a97wplik,2,90,4,0.16,0.013756,4,1,88,86
a97wplik,3,90,4,0.16,0.006109,4,1,88,86
a97wplik,4,90,4,0.16,0.002833,4,1,88,86
aa718745,1,61,1,0.36,7.9e-05,22,3,8|42|54,6|18|11
aac33bff,1,14,1,0.36,7.3e-05,5,1,9,5
aaecaa39,1,138,1,0.61,0.016275,84,2,32|88,9|45
aatd0ihe,1,107,1,0.69,0.018684,74,1,84,33
ab2714f3,6,77,8,5.57,0.000504,8,1,11,7
abcb7665,1,88,1,0.23,0.08527,20,1,6,5
abhlzx1b,1,44,2,1.77,0.046585,39,1,24,5
abhlzx1b,2,44,2,1.77,0.165193,39,1,24,5
adf443e1,7,55,11,9.55,0.000417,28,2,11|53,10|11
adf443e1,9,55,11,9.55,0.002703,33,1,53,21
ae470d2b,1,25,1,0.32,0.004355,8,1,16,11
aef0d049,2,101,3,2.66,0.000425,78,2,53|68,10|7
aef0d049,3,101,3,2.66,0.000408,90,1,48,8
aemwtn1g,1,37,5,4.32,0.013223,32,1,21,5
aemwtn1g,2,37,5,4.32,0.016152,32,1,21,5
aemwtn1g,3,37,5,4.32,0.010344,32,1,21,5
aemwtn1g,4,37,5,4.32,0.018563,32,1,21,5
aemwtn1g,5,37,5,4.32,0.016995,32,1,21,5
aeq4gg50,1,75,11,0.59,3.4e-05,4,1,72,71
aeq4gg50,2,75,11,0.59,4.5e-05,4,1,72,71
aeq4gg50,3,75,11,0.59,4.7e-05,4,1,72,71
aeq4gg50,4,75,11,0.59,7.2e-05,4,1,72,71
aeq4gg50,5,75,11,0.59,4.9e-05,4,1,72,71
aeq4gg50,6,75,11,0.59,4.2e-05,4,1,72,71
aeq4gg50,7,75,11,0.59,4e-05,4,1,72,71
aeq4gg50,8,75,11,0.59,7.6e-05,4,1,72,71
aeq4gg50,9,75,11,0.59,7.5e-05,4,1,72,71
aeq4gg50,10,75,11,0.59,8.9e-05,4,1,72,71
aeq4gg50,11,75,11,0.59,4.7e-05,4,1,72,71
aesj889h,1,100,1,0.48,0.00898,48,1,59,17
agrkn4yw,1,74,1,0.93,0.077934,69,1,39,5
ah5t8wcp,1,58,13,0.6,0.010039,4,1,55,54
ah5t8wcp,2,58,13,0.6,0.011881,5,1,54,53
ah5t8wcp,3,58,13,0.6,0.005747,2,1,57,56
ah5t8wcp,4,58,13,0.6,0.005396,2,1,57,56
ah5t8wcp,5,58,13,0.6,0.00838,3,1,56,55
ah5t8wcp,6,58,13,0.6,0.005615,2,1,57,56
ah5t8wcp,7,58,13,0.6,0.004709,2,1,57,56
ah5t8wcp,8,58,13,0.6,0.004687,2,1,57,56
ah5t8wcp,9,58,13,0.6,0.00562,2,1,57,56
ah5t8wcp,10,58,13,0.6,0.004994,2,1,57,56
ah5t8wcp,11,58,13,0.6,0.006015,2,1,57,56
ah5t8wcp,12,58,13,0.6,0.006363,3,1,56,55
ah5t8wcp,13,58,13,0.6,0.007268,4,1,55,54
aha7fefz,1,62,2,1.6,0.040647,49,1,58,9
aha7fefz,2,62,2,1.6,0.016613,50,1,60,10
ahwmbh8k,1,57,1,0.91,0.017711,52,1,31,5
aj8v749b,1,168,1,0.39,0.031784,66,2,95|144,88|5
ajs0hbue,1,88,1,0.81,0.025044,71,1,64,7
akhpu665,1,84,1,0.94,0.008227,79,1,62,5
alfdbu4o,1,136,1,0.57,0.002148,78,3,25|95|126,17|28|6
aml08r44,1,79,1,0.63,0.004974,50,1,31,28
amv2ud0g,1,411,1,0.71,0.003376,290,5,65|207|259|337|364,9|53|25|22|10
aourmvs1,1,61,4,2.95,0.018037,41,1,49,20
aourmvs1,2,61,4,2.95,0.058,42,1,52,19
aourmvs1,4,61,4,2.95,0.00816,39,1,43,22
apcrcui1,1,138,1,0.64,0.021722,89,1,132,48
appng8ek,1,500,1,0.68,0.005667,339,7,27|125|140|169|272|300|362,5|5|10|8|49|7|20
aqjtx5yy,1,53,4,3.55,0.007509,48,1,29,5
aqjtx5yy,2,53,4,3.55,0.000549,44,1,29,5
aqjtx5yy,3,53,4,3.55,0.012333,48,1,29,5
aqjtx5yy,4,53,4,3.55,0.007238,48,1,29,5
asl53sz3,1,43,2,1.77,0.176042,38,1,24,5
asl53sz3,2,43,2,1.77,0.104898,38,1,24,5
atdixk0j,1,79,1,0.8,0.00303,63,1,48,7
atwg18fz,1,104,1,0.4,0.004286,42,1,80,62
ax2z573f,1,205,1,0.76,0.013801,156,2,141|168,6|13
ax5w48j9,1,147,1,0.5,0.009824,74,4,18|45|94|140,8|20|8|36
aztoshv3,1,65,1,0.91,7.1e-05,59,1,35,6
b00d0gai,1,157,1,0.5,0.028316,79,2,137|149,72|6
b0d09e6a,2,85,4,3.71,0.033109,63,3,17|39|52,5|7|10
b0f7e75c,4,40,5,3.7,0.00191,22,1,20,12
b0ffaf3b,4,34,5,3.38,0.00175,23,1,28,11
b0ffaf3b,5,34,5,3.38,0.001693,17,1,29,13
b0ifnvvg,1,46,1,0.89,0.031685,41,1,25,5
b0mtgzyz,1,25,1,0.8,0.019506,20,1,15,5
b1sdh8l4,1,104,1,0.31,0.010025,32,4,24|47|77|98,19|15|22|15
b1vj9u8n,1,80,1,0.8,0.001665,64,2,34|56,6|6
b20e6781,2,71,3,2.75,0.000565,53,1,52,18
b2smrwbu,1,580,1,0.63,0.000252,367,10,162|223|255|342|368|410|467|501|522|569,45|6|17|20|5|13|20|10|6|36
b30744df,2,216,6,4.86,0.026465,205,1,46,6
b30744df,4,216,6,4.86,0.004796,73,1,114,76
b30744df,5,216,6,4.86,0.004276,131,5,35|73|90|118|156,7|22|14|23|8
b39ike6r,1,29,1,0.1,0.019509,3,1,27,26
b3f5d019,1,39,1,0.59,0.004873,23,1,20,15
b3whg9cn,1,104,1,0.83,0.066135,86,1,48,14
b40cvjbt,1,235,1,0.63,0.023558,147,2,79|181,5|83
b5276b3f,1,67,1,0.39,0.007915,26,1,59,41
b563b04f,1,225,1,0.83,0.035529,187,3,19|172|217,8|10|18
b56be4b1,1,90,3,2.53,0.037654,48,1,46,28
b604f2dd,4,113,4,3.92,0.000796,107,1,94,5
b638fuhf,1,72,1,0.93,0.009325,67,1,38,5
b68rhj9g,1,50,3,2.14,0.046407,7,1,45,43
b69cfwx2,1,68,1,0.29,0.020564,20,1,30,19
b7uypu57,1,113,1,0.23,0.04906,26,1,97,87
b8g1hlla,1,126,1,0.67,0.002275,85,2,45|103,6|35
b8i6pbai,1,103,1,0.66,6.4e-05,68,1,102,35
b942ce0a,1,46,1,0.72,0.001868,33,1,42,12
ba0e4dd4,8,73,8,7.04,0.005809,59,1,65,14
ba538072,3,35,13,9.71,0.003243,27,1,30,8
ba538072,4,35,13,9.71,0.004684,27,1,33,5
ba538072,5,35,13,9.71,0.002158,18,1,27,5
ba538072,7,35,13,9.71,0.002325,29,1,21,6
ba538072,10,35,13,9.71,0.000254,23,2,17|34,7|5
ba538072,11,35,13,9.71,0.0008,26,1,16,6
ba538072,12,35,13,9.71,0.000528,22,1,17,10
ba538072,13,35,13,9.71,0.00151,29,1,21,6
barjazzs,1,167,1,0.88,0.016638,147,2,85|97,5|9
bb720wk0,1,103,1,0.67,0.000282,69,2,51|66,28|6
bb8639e1,6,70,6,3.27,0.003712,49,1,67,19
bbe97d18,6,180,7,5.19,0.027139,149,3,153|165|171,8|8|5
bbggbe9r,1,66,1,0.47,0.012762,31,2,16|45,9|13
bc844942,1,50,2,1.74,0.004976,37,1,45,13
bcb6e338,7,42,7,4.62,0.000762,29,1,40,5
bd9untye,1,120,1,0.44,0.014696,53,1,101,67
bdd5e6b3,5,55,5,4.76,0.002154,42,1,33,7
bdsh5w7x,1,39,6,5.23,0.016214,34,1,22,5
bdsh5w7x,2,39,6,5.23,0.010492,34,1,22,5
bdsh5w7x,3,39,6,5.23,0.012857,34,1,22,5
bdsh5w7x,4,39,6,5.23,0.008685,34,1,22,5
bdsh5w7x,5,39,6,5.23,0.010158,34,1,22,5
bdsh5w7x,6,39,6,5.23,0.009964,34,1,22,5
bdyb0l2k,1,43,1,0.88,0.049559,38,1,24,5
bfa42a75,1,35,1,0.83,0.007615,29,1,8,6
bg5mb9f0,1,92,1,0.61,0.030353,56,2,39|79,13|23
bhgb8g74,1,62,1,0.79,0.009928,49,1,53,13
bi0x1yv0,1,120,1,0.17,0.006813,21,5,18|32|49|82|104,14|12|13|30|17
bina7akt,1,145,1,0.78,0.051217,113,2,37|82,25|6
biw4n2zr,1,35,4,2.66,0.029733,22,1,22,10
biw4n2zr,2,35,4,2.66,0.006507,25,1,22,10
biw4n2zr,3,35,4,2.66,0.032084,25,1,22,10
biw4n2zr,4,35,4,2.66,0.036282,21,1,22,10
bjol1e2g,1,35,3,2.14,0.043861,25,1,22,10
bjol1e2g,2,35,3,2.14,0.120562,25,1,22,10
bjol1e2g,3,35,3,2.14,0.071186,25,1,22,10
bktoqm1o,1,356,1,0.51,0.001536,181,7,63|104|124|151|203|298|328,10|39|10|7|30|29|20
bltnhjdf,1,101,1,0.14,0.005286,14,1,95,87
bqh2clgv,1,37,3,2.19,0.086453,27,1,23,10
bqh2clgv,2,37,3,2.19,0.077934,27,1,23,10
bqh2clgv,3,37,3,2.19,0.025844,27,1,23,10
bryllipv,1,69,1,0.35,0.000755,24,1,34,26
bs682lah,1,177,1,0.59,0.001199,105,3,38|96|164,13|17|20
bsai0maq,1,99,1,0.4,0.032659,40,3,31|61|92,24|16|19
bsg4cjs7,1,131,1,0.28,0.022899,37,2,65|116,56|38
bsk7omj7,1,68,20,0.59,0.00685,2,1,67,66
bsk7omj7,2,68,20,0.59,0.006928,2,1,67,66
bsk7omj7,3,68,20,0.59,0.006857,2,1,67,66
bsk7omj7,4,68,20,0.59,0.006882,2,1,67,66
bsk7omj7,5,68,20,0.59,0.006817,2,1,67,66
bsk7omj7,6,68,20,0.59,0.006889,2,1,67,66
bsk7omj7,7,68,20,0.59,0.006859,2,1,67,66
bsk7omj7,8,68,20,0.59,0.006901,2,1,67,66
bsk7omj7,9,68,20,0.59,0.006887,2,1,67,66
bsk7omj7,10,68,20,0.59,0.007016,2,1,67,66
bsk7omj7,11,68,20,0.59,0.006921,2,1,67,66
bsk7omj7,12,68,20,0.59,0.006923,2,1,67,66
bsk7omj7,13,68,20,0.59,0.006936,2,1,67,66
bsk7omj7,14,68,20,0.59,0.00685,2,1,67,66
bsk7omj7,15,68,20,0.59,0.006945,2,1,67,66
bsk7omj7,16,68,20,0.59,0.006954,2,1,67,66
bsk7omj7,17,68,20,0.59,0.006794,2,1,67,66
bsk7omj7,18,68,20,0.59,0.006948,2,1,67,66
bsk7omj7,19,68,20,0.59,0.006754,2,1,67,66
bsk7omj7,20,68,20,0.59,0.006916,2,1,67,66
bt1liakw,1,74,1,0.74,0.001702,55,2,47|66,9|10
btjs8cuu,1,63,1,0.71,0.012525,45,1,27,11
bts4u1jf,1,128,1,0.64,0.074417,82,2,47|117,37|5
bvmdlnk1,1,89,1,0.33,0.010474,29,1,65,57
bw8x5hf6,1,93,1,0.02,0.003631,2,1,92,91
bxkfw36g,1,37,2,1.73,0.061913,32,1,21,5
bxkfw36g,2,37,2,1.73,0.037223,32,1,21,5
bxrhtygu,1,81,1,0.31,0.015187,25,2,27|73,24|32
by08t752,1,76,1,0.08,0.018537,6,1,73,70
byuenv6o,1,54,1,0.76,0.022146,41,1,31,10
c062f4d7,2,190,3,1.97,0.029772,174,1,172,16
c097af8e,1,240,4,3.13,0.044096,188,4,78|200|207|233,11|16|5|19
c097af8e,2,240,4,3.13,0.032179,206,3,81|119|207,14|7|9
c097af8e,3,240,4,3.13,0.028596,118,6,15|34|85|128|230|237,7|14|28|41|27|5
c0k0eajg,1,86,3,2.76,0.023293,72,1,60,8
c2e88575,2,500,9,7.91,0.017086,449,2,112|271,10|23
c2e88575,4,500,9,7.91,0.047491,482,1,429,11
c2e88575,5,500,9,7.91,0.097935,489,1,469,5
c2e88575,6,500,9,7.91,0.008314,435,2,393|483,5|52
c2e88575,7,500,9,7.91,0.012464,440,3,266|413|422,33|12|6
c2e88575,8,500,9,7.91,0.004708,309,6,142|206|263|419|470|490,48|51|31|30|7|10
c2e88575,9,500,9,7.91,0.009989,363,8,84|98|108|119|158|210|223|480,18|6|8|6|8|9|9|47
c2lhrrfz,1,51,1,0.8,0.003575,41,1,25,8
c2p9kbtr,2,100,2,1.9,0.001416,94,1,72,6
c357gs27,1,72,20,0.62,0.025553,4,1,71,68
c357gs27,2,72,20,0.62,0.036768,2,1,71,70
c357gs27,3,72,20,0.62,0.025722,3,1,71,69
c357gs27,4,72,20,0.62,0.021465,2,1,71,70
c357gs27,5,72,20,0.62,0.022361,2,1,71,70
c357gs27,6,72,20,0.62,0.013373,3,1,71,69
c357gs27,7,72,20,0.62,0.012494,3,1,71,69
c357gs27,8,72,20,0.62,0.012823,2,1,71,70
c357gs27,9,72,20,0.62,0.013943,2,1,71,70
c357gs27,10,72,20,0.62,0.010387,2,1,71,70
c357gs27,11,72,20,0.62,0.010745,2,1,71,70
c357gs27,12,72,20,0.62,0.008391,2,1,71,70
c357gs27,13,72,20,0.62,0.008963,2,1,71,70
c357gs27,14,72,20,0.62,0.006462,2,1,71,70
c357gs27,15,72,20,0.62,0.007052,2,1,71,70
c357gs27,16,72,20,0.62,0.005342,2,1,71,70
c357gs27,17,72,20,0.62,0.005871,2,1,71,70
c357gs27,18,72,20,0.62,0.004205,2,1,71,70
c357gs27,19,72,20,0.62,0.00473,2,1,71,70
c357gs27,20,72,20,0.62,0.003539,2,1,71,70
c3i3wddf,1,63,1,0.14,0.000605,9,1,12,5
c4byyr29,1,219,1,0.33,0.02118,73,2,151|171,135|9
c4m5op9o,1,25,5,3.0,0.021016,15,1,17,10
c4m5op9o,2,25,5,3.0,0.036185,15,1,17,10
c4m5op9o,3,25,5,3.0,0.023403,15,1,17,10
c4m5op9o,4,25,5,3.0,0.025858,15,1,17,10
c4m5op9o,5,25,5,3.0,0.034694,15,1,17,10
c575434d,3,30,4,3.3,0.001444,9,1,23,18
c5z6ao6m,1,63,1,0.67,0.001009,42,2,37|45,16|5
c65d0736,2,64,2,0.86,0.018931,26,1,27,5
c6d7f94b,1,66,1,0.3,0.000947,20,1,27,25
c7fe0584,1,352,1,0.64,0.006957,224,9,59|83|129|144|155|191|220|289|322,16|22|6|9|5|13|5|15|19
c7ria50r,1,99,1,0.37,0.077922,37,2,32|86,23|31
c83aa6a1,1,60,2,1.68,0.097701,43,1,32,17
c8frbbeq,2,39,2,0.74,0.013115,19,1,24,10
c9351029,3,82,3,2.89,0.006295,73,1,77,5
c9f7f69d,1,115,1,0.23,0.058134,26,1,30,5
cb170015,1,36,3,2.69,0.005825,25,1,18,10
cbnf9yfu,1,103,3,2.2,0.018481,89,2,31|83,6|8
cbnf9yfu,2,103,3,2.2,0.016069,56,2,32|83,21|26
cbnf9yfu,3,103,3,2.2,0.068929,82,2,31|83,8|10
cc32235b,1,63,3,1.6,0.000787,39,2,11|43,6|7
cc32235b,2,63,3,1.6,0.000415,38,2,11|54,6|6
cc32235b,3,63,3,1.6,0.000216,24,2,9|56,5|30
cc41ba05,1,105,1,0.92,0.007508,97,1,84,5
ccf14ee0,3,102,8,7.72,0.015547,95,1,9,6
ccf14ee0,7,102,8,7.72,0.027226,82,1,20,19
ccp90wle,1,353,1,0.77,0.003098,273,6,83|160|185|224|262|343,6|12|16|14|6|14
cdhyb1sm,1,199,1,0.69,0.023461,137,1,148,55
cdkcp5xi,1,124,1,0.7,0.018897,87,1,77,28
ce273ghv,1,167,1,0.44,0.003132,73,5,40|77|96|115|150,25|32|7|8|10
ce691ee6,4,114,4,3.93,0.090006,106,1,81,5
ceuol9pe,1,100,1,0.84,0.024643,84,1,34,6
cfc68a82,1,82,3,2.89,0.043798,73,1,64,9
cftszh8m,3,56,3,2.75,0.001765,43,1,47,5
cii0sth4,1,54,5,3.94,0.002957,41,1,29,5
cii0sth4,2,54,5,3.94,0.00313,49,1,29,5
cii0sth4,3,54,5,3.94,0.004459,25,1,29,5
cii0sth4,4,54,5,3.94,0.014128,49,1,29,5
cii0sth4,5,54,5,3.94,0.003087,49,1,29,5
cjtkwxdw,1,39,2,1.74,0.21212,34,1,22,5
cjtkwxdw,2,39,2,1.74,0.196553,34,1,22,5
clbhnmq3,1,167,1,0.97,0.006072,162,1,8,5
cm99t7wb,2,62,2,1.53,0.046131,34,2,37|56,23|5
cmmzeeko,1,147,1,0.37,0.051148,55,3,36|79|120,33|26|29
co6dm8e2,1,100,1,0.64,0.001099,64,2,76|96,20|14
cpllzhnh,1,58,3,2.16,0.006206,42,1,32,15
cpllzhnh,3,58,3,2.16,0.013918,27,1,54,31
cpx3urwx,1,55,2,1.82,0.074262,50,1,30,5
cpx3urwx,2,55,2,1.82,0.094764,50,1,30,5
cq3m4de8,1,72,1,0.71,0.007371,51,1,15,10
cqgzvw67,1,79,1,0.27,0.001699,21,2,11|67,10|48
csokkzd1,1,98,1,0.64,0.020417,63,1,41,35
cssul0b3,1,115,9,7.77,0.005192,110,1,60,5
cssul0b3,2,115,9,7.77,0.006025,110,1,60,5
cssul0b3,3,115,9,7.77,0.015536,110,1,60,5
cssul0b3,4,115,9,7.77,0.016023,110,1,60,5
cssul0b3,5,115,9,7.77,0.025394,110,1,60,5
cssul0b3,6,115,9,7.77,0.017917,110,1,60,5
cssul0b3,7,115,9,7.77,0.025399,110,1,60,5
cssul0b3,8,115,9,7.77,0.001503,13,1,103,102
cssul0b3,9,115,9,7.77,0.001142,110,1,60,5
cszsr84k,1,72,1,0.25,0.012031,18,1,48,45
ctc4aocu,1,100,1,0.55,0.012746,55,1,52,15
ctu5ydy8,1,133,1,0.29,0.0077,38,2,71|97,70|22
cv63itgy,1,123,1,0.77,0.024208,95,2,88|116,11|8
cv93mtux,1,65,1,0.91,0.012161,59,1,35,5
cvcwg4bh,1,379,1,0.22,0.00195,83,3,117|319|333,83|184|8
cxhkrobf,1,61,1,0.72,0.019461,44,2,26|33,9|5
cxlteppe,1,54,1,0.91,0.053558,49,1,29,5
cy6jwsdj,1,54,1,0.52,0.001832,28,1,35,26
cyb6qwlx,1,23,5,2.83,0.048211,13,1,16,10
cyb6qwlx,2,23,5,2.83,0.044673,13,1,16,10
cyb6qwlx,3,23,5,2.83,0.015009,13,1,16,10
cyb6qwlx,4,23,5,2.83,0.073782,13,1,16,10
cyb6qwlx,5,23,5,2.83,0.055524,13,1,16,10
czo7tdq5,1,91,1,0.63,0.062652,57,1,42,28
d0722d0f,1,132,2,1.89,0.090573,123,1,26,7
d1d95c61,1,69,1,0.84,0.002832,58,1,46,9
d1rvvqxj,1,105,1,0.44,0.062692,46,3,24|51|80,18|17|20
d262b7e4,3,72,11,5.75,0.007205,30,1,8,7
d262b7e4,4,72,11,5.75,0.007093,18,1,13,10
d262b7e4,5,72,11,5.75,0.00395,20,1,13,8
d262b7e4,6,72,11,5.75,0.00327,20,1,17,9
d262b7e4,7,72,11,5.75,0.004823,20,1,17,10
d262b7e4,9,72,11,5.75,0.001826,43,1,16,8
d262b7e4,10,72,11,5.75,0.001617,53,2,14|66,8|9
d262b7e4,11,72,11,5.75,0.001248,54,1,19,7
d37e29a7,3,444,4,3.12,0.034465,219,3,95|197|366,33|58|107
d37e29a7,4,444,4,3.12,0.01079,277,4,55|237|254|384,40|5|5|56
d387ccfj,1,100,1,0.8,0.00098,80,2,62|74,5|5
d46e771b,1,184,1,0.62,0.011073,114,2,146|180,53|15
d48c552d,3,71,3,2.72,0.072865,51,1,31,20
d5eaeuil,1,119,1,0.82,0.059317,98,1,14,13
d6orfuoz,2,83,4,2.99,0.005423,67,1,62,16
d6orfuoz,3,83,4,2.99,0.005476,69,1,48,14
d6orfuoz,4,83,4,2.99,0.005247,58,1,42,8
d6rw88ok,1,24,5,2.92,0.023374,14,1,17,10
d6rw88ok,2,24,5,2.92,0.037465,14,1,17,10
d6rw88ok,3,24,5,2.92,0.026107,14,1,17,10
d6rw88ok,4,24,5,2.92,0.021867,14,1,17,10
d6rw88ok,5,24,5,2.92,0.036753,14,1,17,10
d7058a0d,1,284,1,0.76,0.061048,216,2,63|197,58|10
d850pplf,1,100,1,0.64,0.008972,64,1,46,36
d8scju3l,1,99,1,0.66,0.148564,65,2,32|68,19|15
d97c9309,1,121,1,0.84,0.062667,102,1,92,19
da5e4bc5,1,138,1,0.44,0.013685,61,1,58,15
dafeb75e,1,72,1,0.5,0.00209,36,1,8,5
dbaldnem,1,140,1,0.31,0.002416,43,3,67|103|117,59|14|10
dc2c570d,1,93,1,0.58,0.000722,54,1,28,25
dc4jf8pa,1,94,1,0.2,0.036114,19,1,70,64
dd7j94sk,1,35,1,0.86,0.008464,30,1,20,5
ddd383cc,3,54,3,2.91,0.035252,49,1,45,5
dde85a9d,1,31,1,0.52,0.001488,16,1,20,7
dduhmge2,1,75,1,0.72,0.000646,54,2,44|59,10|7
dec1f5rb,1,94,1,0.36,0.017861,34,2,35|71,28|23
deg4avnp,1,340,1,0.36,0.101992,122,3,45|235|324,6|145|67
deum4vnu,1,55,1,0.67,0.026299,37,1,47,15
dfm72atf,1,76,1,0.88,0.030478,67,1,47,9
dfninzty,1,88,1,0.62,0.002856,55,3,48|70|82,18|5|5
dfxx4awr,1,118,1,0.88,0.012979,104,1,105,14
dgampbmq,1,87,1,0.53,0.001015,46,3,23|54|71,5|29|5
dhgcw08t,1,113,1,0.16,0.043079,18,1,108,95
dhs0jgxo,1,55,2,0.49,0.000952,11,1,49,43
dhs0jgxo,2,55,2,0.49,0.001927,16,1,48,39
dj5rdtah,1,92,1,0.59,0.044406,54,4,18|43|70|80,9|10|11|6
dkcfmv1a,1,15,10,6.33,0.001633,10,1,10,5
dkcfmv1a,2,15,10,6.33,0.00145,10,1,10,5
dkcfmv1a,3,15,10,6.33,0.004968,10,1,10,5
dkcfmv1a,4,15,10,6.33,0.001286,10,1,10,5
dkcfmv1a,5,15,10,6.33,0.014915,10,1,10,5
dkcfmv1a,6,15,10,6.33,0.003116,10,1,10,5
dkcfmv1a,7,15,10,6.33,0.025981,10,1,10,5
dkcfmv1a,8,15,10,6.33,0.007906,10,1,10,5
dkcfmv1a,9,15,10,6.33,0.000324,5,1,10,9
dkcfmv1a,10,15,10,6.33,0.000119,10,1,10,5
dn5s83qr,2,74,2,1.82,0.000968,64,1,15,6
dnfi0g62,1,115,1,0.71,0.029879,82,2,31|99,19|14
drbuj5di,1,45,1,0.89,9e-05,40,1,25,5
du39lcoi,1,188,2,1.68,0.050582,169,1,41,7
du39lcoi,2,188,2,1.68,0.044863,147,2,104|168,21|14
duczdfw4,1,110,1,0.44,0.003657,48,3,40|54|87,29|5|12
dukliiqc,1,49,2,1.65,0.000612,38,1,36,7
duwm3td7,1,58,1,0.81,0.000406,47,1,12,7
dwohtf0a,1,112,2,1.88,0.010257,98,1,28,8
dwzutkgj,1,81,1,0.33,0.015264,27,1,59,49
dxcmql4o,1,381,1,0.52,0.021538,197,4,55|104|180|302,26|36|47|73
dydonjyb,1,100,1,0.71,0.023083,71,1,48,29
dz9ct5wb,1,116,1,0.38,0.004591,44,4,34|46|74|105,31|7|16|18
dzfqjewm,1,93,1,0.67,0.007562,62,1,65,31
e14d1f96,1,101,1,0.76,0.002989,77,2,10|46,6|15
e15225j4,1,182,1,0.19,0.016518,34,2,113|168,103|42
e1c48bdd,5,162,6,5.75,0.00071,129,1,95,27
e1c48bdd,6,162,6,5.75,0.000118,156,1,118,6
e23c6392,1,28,1,0.36,0.004715,10,1,27,18
e2qxuriu,1,61,2,0.28,0.002527,12,1,57,49
e2qxuriu,2,61,2,0.28,0.00233,5,1,58,56
e3dcd186,6,114,7,6.7,0.002113,103,1,101,11
e3dcd186,7,114,7,6.7,0.00294,91,1,104,23
e3oqggr3,1,40,2,1.05,0.001191,21,2,25|35,10|9
e3oqggr3,2,40,2,1.05,0.000144,21,2,25|35,10|9
e3uawo8p,1,38,4,3.47,0.005644,33,1,21,5
e3uawo8p,2,38,4,3.47,0.009417,33,1,21,5
e3uawo8p,3,38,4,3.47,0.040442,33,1,21,5
e3uawo8p,4,38,4,3.47,0.015864,33,1,21,5
e3vapq7p,1,50,1,0.5,0.006376,25,2,11|33,5|16
e4a72496,2,86,2,1.8,0.028468,69,1,78,17
e4b6d2a0,1,193,1,0.88,0.005264,170,1,129,19
e4b6f2ef,1,80,2,1.69,0.008098,61,1,39,18
e5be4781,1,64,2,1.73,0.000913,50,2,9|19,8|6
e5e9eb29,1,121,2,0.9,0.004994,50,1,113,71
e5e9eb29,2,121,2,0.9,0.004396,59,1,96,62
e5ry3cp2,1,62,1,0.79,0.049382,49,1,53,13
e607450d,1,105,1,0.65,0.002787,68,1,76,29
e6348d2c,1,141,1,0.46,0.001875,65,3,41|106|124,38|6|17
e638e950,1,90,13,11.07,0.0002,79,1,31,5
e638e950,3,90,13,11.07,0.000162,79,1,72,5
e638e950,4,90,13,11.07,0.00266,83,1,72,5
e638e950,11,90,13,11.07,0.000285,75,1,9,8
e65ntk3s,1,121,10,5.93,0.001384,105,2,63|78,5|6
e65ntk3s,2,121,10,5.93,0.001243,104,2,63|75,5|7
e65ntk3s,3,121,10,5.93,0.0044,107,2,63|73,5|5
e65ntk3s,4,121,10,5.93,0.000979,62,1,63,5
e65ntk3s,5,121,10,5.93,0.0017,61,1,63,5
e65ntk3s,6,121,10,5.93,0.001985,64,1,63,5
e65ntk3s,7,121,10,5.93,0.068697,116,1,63,5
e65ntk3s,9,121,10,5.93,0.025505,22,1,12,10
e65ntk3s,10,121,10,5.93,0.000383,64,3,53|66|80,38|9|6
e681ogmx,1,479,1,0.84,0.063665,402,3,222|302|371,40|25|6
e6gjwl0h,1,126,1,0.81,0.00988,102,2,40|90,12|5
e79ecd47,3,61,7,6.23,0.015347,43,2,43|59,6|5
e7b34ab6,1,275,1,0.84,0.009045,232,1,54,43
e7habwfg,1,191,1,0.34,0.001655,65,1,135,126
e7rejjns,1,384,1,0.93,0.001833,356,1,158,27
e944mlk3,1,95,6,0.17,0.008488,3,1,94,92
e944mlk3,2,95,6,0.17,0.009764,3,1,94,92
e944mlk3,3,95,6,0.17,0.010955,3,1,94,92
e944mlk3,4,95,6,0.17,0.011304,2,1,94,93
e944mlk3,5,95,6,0.17,0.011077,2,1,94,93
e944mlk3,6,95,6,0.17,0.018471,3,1,94,92
e96b9b04,1,113,5,2.81,0.004237,50,3,70|98|104,45|7|5
e96b9b04,2,113,5,2.81,0.002724,35,1,59,18
e99bd793,1,161,3,2.63,0.073931,128,2,54|139,17|16
e99bd793,3,161,3,2.63,0.045731,135,2,54|137,15|11
ea65e6b7,1,51,1,0.75,0.014012,38,1,44,12
eac1a9e6,1,41,1,0.85,0.002633,35,1,19,6
eaff3301,1,180,2,1.88,0.003631,168,2,63|130,5|7
eaff3301,2,180,2,1.88,0.003376,170,1,130,6
eag5f6kr,1,57,4,3.65,0.050253,52,1,31,5
eag5f6kr,2,57,4,3.65,0.044994,52,1,31,5
eag5f6kr,3,57,4,3.65,0.00811,52,1,31,5
eag5f6kr,4,57,4,3.65,0.016311,52,1,31,5
eb3vm4eu,1,25,1,0.8,0.015631,20,1,15,5
eb93ed20,2,16,2,1.31,0.000572,8,1,9,8
ebh9nvfy,1,135,1,0.87,0.001441,118,1,31,13
ebqrfeu7,1,455,1,0.87,0.014861,397,4,137|382|396|416,18|8|5|9
ec27366a,5,60,6,4.72,0.008502,41,3,8|24|46,5|6|5
edab084s,1,50,2,1.8,0.125173,45,1,27,5
edab084s,2,50,2,1.8,0.155139,45,1,27,5
edny03oq,1,97,1,0.72,0.026151,70,2,53|91,9|14
ee059f99,1,242,1,0.5,0.011944,120,1,134,22
eeaaa67e,1,126,1,0.6,0.000464,76,3,68|92|99,14|7|5
eec4c008,2,65,2,0.89,0.007153,36,1,39,21
efk04oqc,1,112,1,0.32,0.0153,36,4,37|67|83|106,35|11|12|5
eghlepz9,1,59,5,4.49,0.006526,53,1,32,5
eghlepz9,2,59,5,4.49,0.012042,54,1,32,5
eghlepz9,3,59,5,4.49,0.014392,54,1,32,5
eghlepz9,4,59,5,4.49,0.007809,50,1,32,5
eghlepz9,5,59,5,4.49,0.007786,54,1,32,5
ejdmfwod,1,118,1,0.83,0.000304,98,1,77,6
ejor2496,1,132,1,0.95,0.036948,125,1,114,6
ek2kew2p,1,145,1,0.48,0.002797,70,1,126,75
eken71z2,1,148,1,0.12,0.027688,18,1,129,126
ekt2af6c,1,23,10,5.65,0.007436,13,1,16,10
ekt2af6c,2,23,10,5.65,0.1248,13,1,16,10
ekt2af6c,3,23,10,5.65,0.002188,13,1,16,10
ekt2af6c,4,23,10,5.65,0.024946,13,1,16,10
ekt2af6c,5,23,10,5.65,0.034598,13,1,16,10
ekt2af6c,6,23,10,5.65,0.023663,13,1,16,10
ekt2af6c,7,23,10,5.65,0.007701,13,1,16,10
ekt2af6c,8,23,10,5.65,0.009046,13,1,16,10
ekt2af6c,9,23,10,5.65,0.009533,13,1,16,10
ekt2af6c,10,23,10,5.65,0.005983,13,1,16,10
ekxyvgl9,1,105,1,0.75,0.02038,79,3,31|44|54,9|8|6
em21z9mn,1,72,3,1.71,0.000487,33,1,68,36
em21z9mn,2,72,3,1.71,0.024695,56,1,63,14
em21z9mn,3,72,3,1.71,0.026279,34,1,68,36
emd2bu78,1,107,2,1.91,0.004713,99,1,62,8
endmg0a1,1,60,1,0.62,0.00379,37,1,13,5
enlil56y,1,124,1,0.4,0.006572,49,3,55|93|112,38|29|5
eogrrm2m,1,94,1,0.31,0.020058,29,1,85,64
epxoelt8,1,373,3,0.6,0.097106,66,2,63|346,34|262
epxoelt8,2,373,3,0.6,0.077602,83,2,53|332,14|258
epxoelt8,3,373,3,0.6,0.006016,74,2,58|337,25|258
eq0oe7ux,1,151,1,0.86,0.00778,130,1,117,5
esew5ebz,1,157,1,0.46,0.05776,73,1,96,84
esny8g6w,1,59,1,0.9,0.013364,53,1,51,6
et9fou59,1,71,11,0.31,0.006591,2,1,70,69
et9fou59,2,71,11,0.31,0.006328,2,1,70,69
et9fou59,3,71,11,0.31,0.005892,2,1,70,69
et9fou59,4,71,11,0.31,0.005969,2,1,70,69
et9fou59,5,71,11,0.31,0.005812,2,1,70,69
et9fou59,6,71,11,0.31,0.005521,2,1,70,69
et9fou59,7,71,11,0.31,0.00423,2,1,70,69
et9fou59,8,71,11,0.31,0.006907,2,1,70,69
et9fou59,9,71,11,0.31,0.004491,2,1,70,69
et9fou59,10,71,11,0.31,0.004413,2,1,70,69
et9fou59,11,71,11,0.31,0.004586,2,1,70,69
euzp36eu,1,101,1,0.44,0.177369,44,2,47|93,39|18
ev7qh6xo,1,35,1,0.71,0.010024,25,1,22,10
ew8x2uw7,1,465,1,0.32,0.010315,148,4,123|239|283|433,63|75|31|138
ewibecpp,1,35,2,1.71,0.034937,30,1,20,5
ewibecpp,2,35,2,1.71,0.041961,30,1,20,5
ewyloxcl,1,58,2,1.83,0.004094,53,1,31,5
ewyloxcl,2,58,2,1.83,0.010728,53,1,31,5
eywxjtzh,1,167,1,0.09,0.084738,15,1,157,152
ezgrj3gu,1,106,5,4.3,0.201171,101,1,55,5
ezgrj3gu,2,106,5,4.3,0.04686,101,1,55,5
ezgrj3gu,3,106,5,4.3,0.092713,101,1,55,5
ezgrj3gu,4,106,5,4.3,0.027301,101,1,55,5
ezgrj3gu,5,106,5,4.3,0.000438,52,1,55,5
f0ba8748,2,59,3,2.71,0.082895,51,1,39,8
f1pigade,1,76,1,0.53,0.005,40,1,71,32
f24rbcm7,1,86,1,0.4,0.008333,34,2,46|78,29|21
f2usscoi,1,98,1,0.7,0.036082,69,1,62,27
f33d3c15,5,30,7,6.4,0.001159,19,1,21,9
f33d3c15,7,30,7,6.4,0.001504,23,1,20,6
f45d3823,4,150,10,8.92,0.000398,140,1,86,9
f4y4902x,1,120,1,0.89,0.002359,107,1,13,6
f509054f,2,111,3,2.86,0.006336,95,1,81,15
f521e3c5,1,206,1,0.28,0.002775,57,4,78|92|122|180,65|5|26|41
f54tbvr8,2,54,2,1.85,0.050887,47,1,11,7
f5bdw4ng,1,88,1,0.44,0.022615,39,2,48|82,39|10
f5d2d8d3,4,180,4,3.58,0.025113,146,1,89,19
f5tc3jxg,1,461,1,0.33,0.009159,150,2,192|336,176|132
f6786ab5,3,75,7,4.39,0.00207,42,1,43,13
f6bfc699,2,66,5,4.56,0.054439,61,1,10,5
f6bfc699,3,66,5,4.56,0.03865,43,2,33|56,8|11
f6de8226,5,61,5,4.43,0.049611,26,2,47|60,29|6
f6f8b4a6,8,80,9,8.0,0.006641,53,1,59,27
f6f8b4a6,9,80,9,8.0,0.002853,34,1,62,42
f6uj8gka,1,100,1,0.92,0.007292,92,1,79,8
f7203226,1,40,2,0.8,0.000174,19,1,32,5
f7203226,2,40,2,0.8,0.000208,13,1,34,20
f7375ab3,1,63,1,0.11,0.002377,7,1,60,56
f7d36a47,1,69,1,0.55,0.000942,38,1,17,10
f7tji6df,1,55,1,0.91,0.061827,50,1,30,5
f8e5f837,1,36,3,2.42,0.044189,15,1,20,6
f9c20062,5,50,7,5.22,0.000814,28,1,32,22
f9c20062,6,50,7,5.22,0.004635,32,1,32,18
fabae187,7,108,10,9.77,0.012832,86,2,30|75,11|10
faby6kx9,1,70,1,0.56,0.00172,39,1,37,31
fac3378e,2,300,3,2.56,0.038657,288,1,241,10
fac3378e,3,300,3,2.56,0.160374,179,2,34|224,18|66
faf7d852,7,90,9,8.8,0.00168,80,1,83,10
faf7d852,9,90,9,8.8,0.00128,82,1,86,8
famn2us3,1,142,1,0.85,0.005207,120,1,70,12
fbfb6e30,4,65,12,10.6,0.038986,55,1,40,10
fbfb6e30,7,65,12,10.6,0.009145,42,1,47,21
fbfb6e30,8,65,12,10.6,0.000994,39,1,47,18
fbfb6e30,9,65,12,10.6,0.001475,59,1,22,5
fbfb6e30,10,65,12,10.6,0.001104,43,2,22|45,8|11
fc0qnjw2,1,143,3,0.62,0.021113,38,1,109,100
fc0qnjw2,2,143,3,0.62,0.005423,28,1,129,115
fc0qnjw2,3,143,3,0.62,0.002434,22,1,137,118
fcilvpft,1,35,1,0.86,0.02488,30,1,20,5
fcl5hk5p,1,147,1,0.39,0.001059,57,1,125,90
fcrfkavv,1,159,1,0.87,0.010669,139,1,47,9
fdb2e432,2,180,7,6.64,0.006321,156,1,50,19
fdb2e432,6,180,7,6.64,0.011088,155,1,128,24
fe21fd5c,1,150,5,4.2,0.264989,39,1,48,37
febmmwzw,1,100,1,0.3,0.039429,30,2,33|90,17|53
febw0xm6,1,91,1,0.9,0.003808,82,1,65,8
fecd10d2,1,30,3,2.77,0.044189,23,1,23,7
ff9dvpq5,1,35,3,2.14,0.030248,25,1,22,10
ff9dvpq5,2,35,3,2.14,0.0463,25,1,22,10
ff9dvpq5,3,35,3,2.14,0.043699,25,1,22,10
ffc952kx,1,76,1,0.83,0.081113,63,1,52,13
fgnoc8jg,2,34,5,2.62,0.052133,24,1,22,10
fgnoc8jg,3,34,5,2.62,0.016133,24,1,22,10
fgnoc8jg,4,34,5,2.62,0.03573,24,1,22,10
fgnoc8jg,5,34,5,2.62,0.027054,14,1,22,10
fiec8nko,1,60,1,0.75,0.024776,45,1,16,13
fihg1bdo,1,69,1,0.62,0.013251,43,2,32|63,8|15
fkg0gfew,1,160,1,0.14,0.002259,22,1,142,138
fky3slw8,1,35,4,2.86,0.248651,25,1,22,10
fky3slw8,2,35,4,2.86,0.199294,25,1,22,10
fky3slw8,3,35,4,2.86,0.030943,25,1,22,10
fky3slw8,4,35,4,2.86,0.009413,25,1,22,10
fl2c1h0y,1,64,2,1.11,0.002225,35,1,31,29
fl2c1h0y,2,64,2,1.11,0.010994,36,1,34,28
flg5ike4,1,100,1,0.77,0.023892,77,1,81,19
flnj4yuc,1,45,2,1.84,0.00442,38,1,12,7
fmt51n4s,1,32,5,4.22,0.072442,27,1,18,5
fmt51n4s,2,32,5,4.22,0.052343,27,1,18,5
fmt51n4s,3,32,5,4.22,0.083974,27,1,18,5
fmt51n4s,4,32,5,4.22,0.024971,27,1,18,5
fmt51n4s,5,32,5,4.22,0.172744,27,1,18,5
fmzx1ro9,1,470,1,0.66,0.006487,312,7,69|126|200|231|256|338|354,13|12|22|17|21|26|8
fom0ccgy,1,275,1,0.28,0.001977,78,3,121|191|253,109|14|56
fowmweq6,1,100,1,0.48,0.001595,48,1,47,7
fp3hgpet,1,296,1,0.25,0.00098,75,1,222,221
fpcf8jx1,1,30,3,1.8,0.004037,14,1,20,10
fpcf8jx1,2,30,3,1.8,0.00282,20,1,20,10
fpcf8jx1,3,30,3,1.8,0.020493,20,1,20,10
fsi3n9sa,1,61,2,1.39,0.008347,36,1,30,25
fsi3n9sa,2,61,2,1.39,0.030561,49,1,28,12
ftlqgyht,1,38,2,1.74,0.008466,33,1,21,5
ftlqgyht,2,38,2,1.74,0.008864,33,1,21,5
fuy6fkra,1,60,3,2.17,0.030739,45,1,35,15
fuy6fkra,3,60,3,2.17,0.025676,33,1,40,23
fvs6htn8,1,68,6,5.53,0.031412,63,1,36,5
fvs6htn8,2,68,6,5.53,0.026511,63,1,36,5
fvs6htn8,3,68,6,5.53,0.031018,63,1,36,5
fvs6htn8,4,68,6,5.53,0.037143,63,1,36,5
fvs6htn8,5,68,6,5.53,0.015717,61,1,36,5
fvs6htn8,6,68,6,5.53,0.021398,63,1,36,5
fvuleox7,1,167,1,0.31,0.04616,52,2,83|155,60|55
fwuh0aru,1,139,1,0.89,0.003292,124,1,77,5
g06t0xax,1,465,1,0.37,0.021264,171,2,207|352,165|127
g0vyj6g0,1,31,8,5.32,0.003963,21,1,20,10
g0vyj6g0,2,31,8,5.32,0.003925,18,1,21,13
g0vyj6g0,3,31,8,5.32,0.004827,21,1,20,10
g0vyj6g0,4,31,8,5.32,0.00599,21,1,20,10
g0vyj6g0,5,31,8,5.32,0.007602,21,1,20,10
g0vyj6g0,6,31,8,5.32,0.004629,21,1,20,10
g0vyj6g0,7,31,8,5.32,0.004571,21,1,20,10
g0vyj6g0,8,31,8,5.32,0.005482,21,1,20,10
g2uddkam,1,38,1,0.55,0.004925,21,1,29,17
g4zcpt2m,1,58,1,0.64,0.000145,37,2,22|34,10|11
g6ir5t2f,1,110,3,1.97,0.031759,73,3,17|48|94,9|17|9
g6ir5t2f,2,110,3,1.97,0.02029,71,3,17|47|95,10|18|10
g6ir5t2f,3,110,3,1.97,0.021992,73,3,18|46|94,12|16|9
g8wzhwn6,1,100,1,0.48,0.031147,48,3,54|68|83,30|7|7
g9ikdw9x,1,67,13,9.46,0.011414,62,1,36,5
g9ikdw9x,2,67,13,9.46,0.010401,62,1,36,5
g9ikdw9x,6,67,13,9.46,0.050326,36,1,36,5
g9ikdw9x,7,67,13,9.46,0.007357,62,1,36,5
g9ikdw9x,8,67,13,9.46,0.009982,53,1,36,5
g9ikdw9x,9,67,13,9.46,0.042836,59,1,36,5
g9ikdw9x,10,67,13,9.46,0.007771,62,1,36,5
g9ikdw9x,11,67,13,9.46,0.002191,62,1,36,5
g9ikdw9x,12,67,13,9.46,0.005191,62,1,36,5
g9ikdw9x,13,67,13,9.46,0.006897,62,1,36,5
gbu02yyq,1,53,2,1.81,0.079775,48,1,29,5
gbu02yyq,2,53,2,1.81,0.070413,48,1,29,5
gcsl0xy5,1,109,1,0.95,0.070626,104,1,57,5
gdef16mu,1,591,1,0.31,0.001725,185,5,147|211|320|406|540,143|44|54|65|100
gdl8kjyo,1,80,1,0.59,0.003442,47,2,32|60,15|7
gfqwtouk,1,40,1,0.88,0.023177,35,1,22,5
gfvtx21c,1,95,1,0.4,0.006048,38,2,44|79,30|27
ggmod0c3,1,60,1,0.73,0.011437,44,1,40,11
ghg9k8ra,1,37,1,0.73,0.008526,27,1,23,10
gi6yxol1,1,51,2,1.63,0.002988,36,1,43,9
gjtgfzps,1,152,1,0.38,0.000843,57,2,85|101,66|7
gkj4gy4v,1,100,1,0.04,0.007584,4,1,97,96
gljj04fy,1,35,2,1.71,0.050362,30,1,20,5
gljj04fy,2,35,2,1.71,0.02782,30,1,20,5
gm432ls3,1,50,1,0.7,0.000534,35,1,26,15
gmch721h,1,132,1,0.55,0.017663,73,5,22|40|51|97|109,18|14|5|7|5
gnmih6ba,1,109,1,0.8,0.060799,87,2,29|68,7|12
go5l57nf,1,72,1,0.54,0.095892,39,2,42|60,24|5
go6pnv02,1,116,1,0.52,0.113991,60,5,23|48|69|89|107,18|11|10|9|8
gosqrxdh,1,112,1,0.34,0.023904,38,2,31|99,26|48
gqvq4n5t,1,92,1,0.3,0.096925,28,2,39|86,38|26
gr2jr5mq,1,116,1,0.89,0.012197,103,1,73,13
grc82wel,1,102,1,0.36,0.009788,37,3,29|54|91,26|8|31
gsh2x1h3,1,127,1,0.28,0.027238,35,2,15|120,13|79
gsybruwj,1,74,1,0.82,0.001138,61,1,17,13
gtbzajqb,1,36,1,0.72,0.008879,26,1,23,10
gvnh18z0,1,64,1,0.59,0.003421,38,2,19|59,11|8
gy34qcdq,1,77,1,0.18,0.024133,14,1,63,58
gynlnqq1,1,914,1,0.89,0.001093,809,6,103|375|503|517|673|808,13|27|16|11|13|6
gz9huf37,1,85,1,0.49,0.00455,42,1,49,40
h0bjbp6u,1,58,1,0.84,0.043694,49,1,30,6
h0txtc32,1,39,1,0.59,0.002039,23,1,16,6
h1ftiuhk,1,76,1,0.76,0.000282,58,1,64,18
h1hzzacg,1,155,3,2.9,0.141463,150,1,80,5
h1hzzacg,2,155,3,2.9,0.11255,150,1,80,5
h1hzzacg,3,155,3,2.9,0.105494,150,1,80,5
h1tjut91,1,108,1,0.89,0.016383,96,1,42,10
h5cgy7jf,1,174,1,0.53,0.003907,92,1,106,78
h6rqsag9,1,68,3,2.72,0.014794,59,1,36,5
h6rqsag9,2,68,3,2.72,0.105139,63,1,36,5
h6rqsag9,3,68,3,2.72,0.011497,63,1,36,5
h7btlkbi,1,90,1,0.3,0.024176,27,1,77,63
h8rt5775,1,424,1,0.84,0.091547,358,4,109|139|284|292,7|6|21|5
hasdlhvf,1,84,1,0.32,0.004194,27,1,66,57
hcb51p0k,1,135,1,0.3,0.00325,41,1,97,94
hcujxvqd,1,89,1,0.44,0.049319,39,4,35|45|53|82,26|6|5|13
hfvcmd3c,1,41,1,0.88,0.003863,36,1,23,5
hg1pk891,1,107,1,0.42,0.001536,45,2,74|92,53|9
hgpnic22,1,65,1,0.2,0.003539,13,1,12,10
hgpup8kq,1,80,1,0.91,0.005184,73,1,25,7
hi1d4128,1,52,3,2.29,0.009233,41,1,38,10
hi1d4128,2,52,3,2.29,0.010543,35,1,47,12
hi1d4128,3,52,3,2.29,0.005704,43,1,34,9
hi45r2a9,1,242,1,0.55,0.022365,132,8,20|45|84|128|158|167|185|208,18|10|17|18|20|7|5|12
hk6xfpt6,1,436,2,1.55,0.014088,363,4,54|77|230|246,21|16|13|6
hk6xfpt6,2,436,2,1.55,0.008074,311,6,44|112|147|164|206|247,16|43|33|7|7|8
hl79prrc,1,37,1,0.73,0.002792,27,1,23,10
hlore8i0,1,76,1,0.17,0.054158,13,1,70,63
hlsugcx2,1,28,6,3.25,0.002716,13,2,6|19,5|10
hlsugcx2,2,28,6,3.25,0.026101,15,1,19,10
hlsugcx2,3,28,6,3.25,0.004307,16,1,19,10
hlsugcx2,4,28,6,3.25,0.038918,17,1,19,10
hlsugcx2,5,28,6,3.25,0.007485,15,1,19,10
hlsugcx2,6,28,6,3.25,0.076186,15,1,20,13
hm8b1caq,1,83,1,0.45,0.009634,37,2,29|64,19|27
hmaj8vpu,1,123,1,0.87,0.019931,107,1,59,11
hpo05a0c,1,128,1,0.11,0.049507,14,2,104|116,101|6
hq179nue,1,505,1,0.92,0.124018,467,2,111|155,24|10
hr4ef5ei,1,79,1,0.67,0.033102,53,1,60,26
hruc8pn7,1,110,1,0.93,0.00308,102,1,16,5
hu795otq,1,33,6,3.91,0.008596,16,1,21,10
hu795otq,2,33,6,3.91,0.030212,21,1,21,10
hu795otq,3,33,6,3.91,0.035984,23,1,21,10
hu795otq,4,33,6,3.91,0.050477,23,1,21,10
hu795otq,5,33,6,3.91,0.125022,23,1,21,10
hu795otq,6,33,6,3.91,0.062458,23,1,21,10
hvezqwwt,1,54,2,1.74,0.012125,48,1,34,6
hvezqwwt,2,54,2,1.74,0.002888,46,1,43,8
hvib8xhl,1,100,1,0.85,0.018483,85,1,52,7
hwwc7m58,1,35,1,0.66,0.002504,23,1,13,12
hxaid41o,1,109,1,0.73,0.02749,80,1,48,29
hy97dn1d,1,60,1,0.88,0.004331,53,1,17,6
hymuhio1,1,28,3,1.36,0.019444,17,1,19,10
hymuhio1,2,28,3,1.36,0.002373,16,1,19,10
hyn8kbwe,1,96,11,0.43,0.002629,2,1,95,94
hyn8kbwe,2,96,11,0.43,0.005226,3,1,95,93
hyn8kbwe,3,96,11,0.43,0.006901,3,1,95,93
hyn8kbwe,4,96,11,0.43,0.006159,3,1,95,93
hyn8kbwe,5,96,11,0.43,0.005118,3,1,95,93
hyn8kbwe,6,96,11,0.43,0.004985,3,1,95,93
hyn8kbwe,7,96,11,0.43,0.030295,4,1,95,92
hyn8kbwe,8,96,11,0.43,0.014582,5,1,94,91
hyn8kbwe,9,96,11,0.43,0.016574,5,1,94,91
hyn8kbwe,10,96,11,0.43,0.015405,5,1,94,91
hyn8kbwe,11,96,11,0.43,0.013438,5,1,94,91
hzehe2ut,1,28,5,2.82,0.276492,18,1,19,10
hzehe2ut,2,28,5,2.82,0.00125,18,1,19,10
hzehe2ut,3,28,5,2.82,0.001444,18,1,19,10
hzehe2ut,4,28,5,2.82,0.000297,18,1,19,10
hzkwgfld,1,100,1,0.44,0.005348,44,2,47|98,20|36
hzpi9pbs,1,92,3,1.46,0.005165,52,2,32|85,28|12
hzpi9pbs,2,92,3,1.46,0.005803,37,4,33|58|69|84,30|6|5|14
hzpi9pbs,3,92,3,1.46,0.005609,45,2,31|86,27|16
i0ikg524,1,355,1,0.72,0.01122,256,5,15|60|137|144|217,10|5|50|5|10
i0t5h5yk,1,37,6,5.19,0.036711,32,1,21,5
i0t5h5yk,2,37,6,5.19,0.013012,32,1,21,5
i0t5h5yk,3,37,6,5.19,0.037944,32,1,21,5
i0t5h5yk,4,37,6,5.19,0.046064,32,1,21,5
i0t5h5yk,5,37,6,5.19,0.009225,32,1,21,5
i0t5h5yk,6,37,6,5.19,0.200989,32,1,21,5
i28ox9vu,1,112,1,0.96,0.058292,107,1,58,5
i3bi3vff,1,97,1,0.35,0.050401,34,2,36|89,20|43
i41c5jhu,1,35,2,1.57,0.033288,30,1,20,5
i41c5jhu,2,35,2,1.57,0.009246,25,1,20,5
i52snehv,1,237,1,0.39,0.010705,92,2,201|223,139|6
i59tybvn,1,25,4,2.4,0.187734,15,1,17,10
i59tybvn,2,25,4,2.4,0.091322,15,1,17,10
i59tybvn,3,25,4,2.4,0.161138,15,1,17,10
i59tybvn,4,25,4,2.4,0.14759,15,1,17,10
i87r48vo,2,26,2,1.77,0.025225,21,1,13,5
iaci5bab,1,455,1,0.2,0.023668,92,3,22|101|402,13|77|268
ic7cze5x,1,83,2,1.39,0.009256,69,1,30,14
ic7cze5x,2,83,2,1.39,0.047782,46,1,57,37
icilwr0i,1,40,1,0.88,0.018314,35,1,22,5
ieb8ri3y,1,158,1,0.63,0.001599,100,1,98,57
ig7ngb49,1,38,2,1.45,0.006081,28,1,24,10
ig7ngb49,2,38,2,1.45,0.003027,27,1,24,10
iglt67mh,1,83,1,0.66,0.018926,55,1,46,28
igtifzkv,1,59,4,3.69,0.017194,52,1,32,5
igtifzkv,2,59,4,3.69,0.017508,54,1,32,5
igtifzkv,4,59,4,3.69,0.041602,54,1,32,5
ihso6df8,1,65,1,0.55,0.030973,36,1,30,17
iijj01lq,1,84,1,0.62,0.018453,52,2,48|69,27|5
ik2wfqj1,1,63,10,0.4,0.010969,4,1,61,59
ik2wfqj1,2,63,10,0.4,0.003988,3,1,61,60
ik2wfqj1,3,63,10,0.4,0.003829,2,1,62,61
ik2wfqj1,4,63,10,0.4,0.009669,4,1,61,59
ik2wfqj1,5,63,10,0.4,0.005299,2,1,62,61
ik2wfqj1,6,63,10,0.4,0.004476,2,1,62,61
ik2wfqj1,7,63,10,0.4,0.02313,2,1,62,61
ik2wfqj1,8,63,10,0.4,0.023409,2,1,62,61
ik2wfqj1,9,63,10,0.4,0.016596,2,1,62,61
ik2wfqj1,10,63,10,0.4,0.023665,2,1,62,61
ikqgio2y,1,171,1,0.42,0.003111,72,1,109,99
il662bir,1,108,1,0.19,0.000329,20,1,93,84
indxj6zk,1,100,1,0.53,0.006975,53,1,52,11
inkwjqj7,1,82,1,0.72,0.020463,59,1,34,20
ip1mn7f8,1,88,1,0.65,0.013852,57,1,67,19
iq25nid0,1,81,1,0.12,0.064021,10,1,63,54
iqxext8k,1,106,1,0.67,0.011239,71,3,52|82|96,12|14|5
ir8q519z,1,69,1,0.57,0.003608,39,1,44,6
irqvzvn7,1,38,2,1.74,0.003548,33,1,21,5
irqvzvn7,2,38,2,1.74,0.004648,33,1,21,5
is9cesnk,1,78,2,1.82,0.00205,73,1,22,5
is9cesnk,2,78,2,1.82,0.00222,69,1,22,6
iujxpe2c,1,70,1,0.93,0.005237,65,1,37,5
ixtlirmw,1,83,5,4.35,0.197846,78,1,44,5
ixtlirmw,2,83,5,4.35,0.020374,49,1,44,5
ixtlirmw,3,83,5,4.35,0.003325,78,1,44,5
ixtlirmw,4,83,5,4.35,0.043775,78,1,44,5
ixtlirmw,5,83,5,4.35,0.022283,78,1,44,5
ixvf0apv,1,77,1,0.48,0.016152,37,1,58,40
j0w6juri,1,79,1,0.68,0.002555,54,1,78,23
j10o202t,1,117,1,0.08,0.086855,9,1,112,108
j13zc5iu,1,110,5,4.77,0.022603,105,1,57,5
j13zc5iu,2,110,5,4.77,0.024518,105,1,57,5
j13zc5iu,3,110,5,4.77,0.019789,105,1,57,5
j13zc5iu,4,110,5,4.77,0.025305,105,1,57,5
j13zc5iu,5,110,5,4.77,0.029926,105,1,57,5
j1vg5ksv,1,355,1,0.34,0.053698,121,2,54|331,39|194
j1w5wp9c,1,115,1,0.4,0.003508,46,2,38|104,16|51
j338igfx,1,82,4,0.24,0.075336,5,1,80,77
j338igfx,2,82,4,0.24,0.003233,5,1,80,77
j338igfx,3,82,4,0.24,0.003097,5,1,80,77
j338igfx,4,82,4,0.24,0.00305,5,1,80,77
j3s3k0nc,1,27,6,3.78,0.009788,17,1,18,10
j3s3k0nc,2,27,6,3.78,0.005024,17,1,18,10
j3s3k0nc,3,27,6,3.78,0.01579,17,1,18,10
j3s3k0nc,4,27,6,3.78,0.067193,17,1,18,10
j3s3k0nc,5,27,6,3.78,0.001969,17,1,18,10
j3s3k0nc,6,27,6,3.78,0.000677,17,1,18,10
j48bg0o1,1,37,2,1.46,0.032869,27,1,23,10
j48bg0o1,2,37,2,1.46,0.030811,27,1,23,10
j4f2a97n,1,7825,1,0.35,0.013027,2713,32,1101|1843|1971|2335|3702|4544|4632|4787|4913|4922|4962|5057|5350|5412|5596|5649|5723|5827|5893|5961|6339|6518|6603|6987|7081|7224|7277|7414|7458|7625|7726|7752,919|737|101|358|1291|833|12|17|5|8|7|10|164|60|20|19|24|23|10|22|7|39|65|134|56|26|14|49|6|9|18|11
j4j912uc,1,101,1,0.51,0.000318,52,2,19|75,9|38
j5ck2wtw,1,262,1,0.65,0.017934,170,5,45|82|118|225|258,34|17|10|13|13
j6obrhs3,1,27,1,0.67,0.001448,18,1,17,9
j7i1pg5v,1,73,1,0.78,0.008852,57,1,47,12
j7izfzv7,1,531,1,0.96,0.004433,509,1,440,11
jcfdzcsg,1,165,1,0.79,0.001526,130,4,55|85|112|127,6|11|6|8
jffbt3uo,1,62,2,1.76,0.24354,57,1,33,5
jffbt3uo,2,62,2,1.76,0.047139,52,1,33,5
jfn0cu8r,1,50,3,2.7,0.020688,45,1,27,5
jfn0cu8r,2,50,3,2.7,0.017325,45,1,27,5
jfn0cu8r,3,50,3,2.7,0.014483,45,1,27,5
jgrk0o29,1,50,3,2.36,0.001081,35,1,15,12
jgrk0o29,2,50,3,2.36,0.001052,33,1,17,14
ji42gktw,1,571,1,0.59,0.001204,338,12,32|70|119|142|180|199|302|317|356|408|465|533,14|26|12|13|5|14|31|7|10|20|17|64
jjcy06bh,1,99,1,0.34,0.045145,34,2,42|82,37|28
jjq8z7lm,1,39,1,0.87,0.038988,34,1,22,5
jnz3z8v3,1,134,1,0.67,0.003815,90,1,14,6
jo07pdif,1,53,1,0.53,0.029054,28,2,14|36,9|9
jonzenoi,1,100,1,0.52,0.001228,52,1,96,42
jrstebj0,1,233,1,0.9,0.001572,209,1,78,22
jt2ygstu,1,82,1,0.91,0.004104,75,1,12,7
jtx41psl,1,81,1,0.93,0.007115,75,1,27,6
jtxtyqbl,1,62,2,1.84,0.188762,57,1,33,5
jtxtyqbl,2,62,2,1.84,0.027994,57,1,33,5
jv8e3zxz,1,101,1,0.61,0.002706,62,3,26|35|92,16|6|14
jvu8a48s,1,101,1,0.72,0.003436,73,2,14|82,11|6
jvwfdb4c,1,93,10,0.33,0.00448,4,1,91,89
jvwfdb4c,2,93,10,0.33,0.001261,3,1,91,90
jvwfdb4c,3,93,10,0.33,0.000786,3,1,91,90
jvwfdb4c,4,93,10,0.33,0.001072,3,1,91,90
jvwfdb4c,5,93,10,0.33,0.000978,3,1,91,90
jvwfdb4c,6,93,10,0.33,0.001194,3,1,91,90
jvwfdb4c,7,93,10,0.33,0.000879,3,1,91,90
jvwfdb4c,8,93,10,0.33,0.000851,3,1,91,90
jvwfdb4c,9,93,10,0.33,0.001065,3,1,91,90
jvwfdb4c,10,93,10,0.33,0.000878,3,1,91,90
jvx5mxcz,1,97,1,0.1,6.5e-05,10,1,45,42
jy044tyz,1,114,1,0.51,0.09361,58,3,22|61|98,11|28|17
jylpam6d,1,28,3,1.93,0.002856,18,1,19,10
jylpam6d,2,28,3,1.93,0.003976,18,1,19,10
jylpam6d,3,28,3,1.93,0.003422,18,1,19,10
k0vcz0st,1,229,1,0.44,0.025988,101,3,38|172|191,20|100|5
k369x08x,1,100,1,0.35,0.000302,35,1,34,13
k52lrn32,1,649,1,0.92,0.000263,594,2,105|304,6|26
k6mwrhcn,1,98,1,0.32,0.003982,31,1,85,67
k77xbw1a,1,148,1,0.47,0.003195,69,1,99,79
k8w3vjn1,1,122,1,0.44,0.106245,54,3,47|86|114,39|6|23
k91meps2,1,82,3,1.91,0.010632,44,3,20|40|72,14|7|17
k91meps2,2,82,3,1.91,0.009251,68,1,45,14
k91meps2,3,82,3,1.91,0.010583,45,3,19|42|71,12|10|15
k9bxt0u7,1,79,12,5.62,0.002697,29,1,63,49
k9bxt0u7,2,79,12,5.62,0.001673,32,1,62,47
k9bxt0u7,3,79,12,5.62,0.001088,35,1,60,43
k9bxt0u7,4,79,12,5.62,0.000793,35,1,60,43
k9bxt0u7,5,79,12,5.62,0.000611,36,1,60,43
k9bxt0u7,6,79,12,5.62,0.000507,38,1,58,40
k9bxt0u7,7,79,12,5.62,0.000405,39,1,58,40
k9bxt0u7,8,79,12,5.62,0.000328,39,1,58,39
k9bxt0u7,9,79,12,5.62,0.000287,40,1,58,39
k9bxt0u7,10,79,12,5.62,0.000227,41,1,58,38
k9bxt0u7,11,79,12,5.62,0.000203,40,1,58,38
k9bxt0u7,12,79,12,5.62,0.000198,40,1,58,38
kd9cbxlm,1,35,7,6.0,0.020345,30,1,20,5
kd9cbxlm,2,35,7,6.0,0.004907,30,1,20,5
kd9cbxlm,3,35,7,6.0,0.001788,30,1,20,5
kd9cbxlm,4,35,7,6.0,0.001953,30,1,20,5
kd9cbxlm,5,35,7,6.0,0.003463,30,1,20,5
kd9cbxlm,6,35,7,6.0,0.004871,30,1,20,5
kd9cbxlm,7,35,7,6.0,0.002079,30,1,20,5
kdd87l6w,1,50,2,1.64,0.000316,41,1,35,5
kdd87l6w,2,50,2,1.64,0.000221,41,1,32,5
kfjzty7h,1,150,1,0.74,0.002595,111,2,66|79,13|5
kfku0fdg,1,101,1,0.35,0.032021,35,2,44|97,26|40
kgb5t4u3,1,93,1,0.57,0.016218,53,3,18|56|85,7|25|8
km3lycqv,1,130,2,1.52,0.000641,120,1,83,8
km3lycqv,2,130,2,1.52,0.001846,78,1,82,8
kmg8ysk5,1,82,1,0.39,0.014192,32,2,38|72,33|17
kqcxm2r0,1,46,3,2.59,0.081724,37,1,25,5
kqcxm2r0,2,46,3,2.59,0.078207,41,1,25,5
kqcxm2r0,3,46,3,2.59,0.230393,41,1,25,5
krf3kv3h,1,101,1,0.56,0.000115,57,2,40|53,33|5
ksl55n8i,1,52,1,0.69,0.003683,36,1,18,6
ksnez34m,1,100,1,0.28,0.008335,28,1,82,69
kt4w9hi7,2,42,6,3.57,0.003987,37,1,23,5
kt4w9hi7,3,42,6,3.57,0.066846,37,1,23,5
kt4w9hi7,5,42,6,3.57,0.001815,37,1,23,5
kt4w9hi7,6,42,6,3.57,0.045204,37,1,23,5
kux6nbd8,1,100,1,0.17,0.001901,17,1,99,83
kuyatgrp,1,428,1,0.72,0.005283,308,5,33|110|236|304|371,18|14|61|7|10
kv53tjsw,1,141,1,0.08,0.008657,11,1,136,130
kwac9t6i,1,87,1,0.75,0.015718,65,1,28,19
kwsywj2y,1,42,1,0.74,0.004685,31,1,14,8
kwwh43ve,2,49,2,0.8,0.014861,27,1,22,7
kxy8pcfk,1,66,1,0.71,0.021617,47,1,44,19
kz5ukgux,1,85,3,1.76,0.009189,51,2,14|81,11|23
kz5ukgux,2,85,3,1.76,0.003562,30,1,22,15
kz5ukgux,3,85,3,1.76,0.054135,69,1,79,16
kzshav21,1,30,3,2.0,0.004065,20,1,20,10
kzshav21,2,30,3,2.0,0.003067,20,1,20,10
kzshav21,3,30,3,2.0,0.015457,20,1,20,10
l0ek62ei,1,56,1,0.3,0.000745,17,2,22|42,20|19
l0v1ydzj,1,44,2,1.77,0.014599,39,1,24,5
l0v1ydzj,2,44,2,1.77,0.009732,39,1,24,5
l1kmuosm,3,119,3,2.83,0.001291,99,1,48,20
l26044lk,1,101,1,0.85,0.002676,86,1,24,6
l2s1vt3z,1,107,1,0.45,0.05385,48,1,75,59
l2x7mrxz,1,46,1,0.57,0.006657,26,1,36,20
l3x9425h,1,94,1,0.76,0.202412,71,1,65,23
l4a70q85,1,170,3,0.32,0.030237,13,2,133|165,131|26
l4a70q85,2,170,3,0.32,0.016803,20,2,129|162,125|25
l4a70q85,3,170,3,0.32,0.008809,21,2,128|161,124|25
l55pegqb,1,120,1,0.63,0.012357,76,1,56,44
l58f4qda,1,59,1,0.88,0.005819,52,1,31,6
l5locryc,1,25,3,1.8,0.061025,15,1,17,10
l5locryc,3,25,3,1.8,0.078063,15,1,17,10
l6zdy2cc,1,28,8,4.82,0.010452,12,1,23,14
l6zdy2cc,2,28,8,4.82,0.031195,15,1,19,10
l6zdy2cc,3,28,8,4.82,0.042308,18,1,19,10
l6zdy2cc,4,28,8,4.82,0.004672,18,1,19,10
l6zdy2cc,5,28,8,4.82,0.003166,18,1,19,10
l6zdy2cc,6,28,8,4.82,0.018343,18,1,19,10
l6zdy2cc,7,28,8,4.82,0.007557,18,1,19,10
l6zdy2cc,8,28,8,4.82,0.181524,18,1,19,10
l7b35u95,1,92,1,0.68,0.092489,63,2,46|80,18|11
l7k00l6c,1,93,1,0.38,0.014463,35,1,56,43
l7ne5cdc,1,23,1,0.52,0.00332,12,1,16,11
l7x9zvsk,2,307,2,1.13,0.00212,117,8,40|47|60|81|191|236|258|277,7|6|9|8|95|8|10|8
la1w5eyj,1,395,1,0.59,0.007381,232,4,25|117|299|364,10|73|47|31
lbhcgscp,1,38,1,0.87,0.015065,33,1,21,5
lbvmnhiu,1,543,1,0.55,0.016179,297,5,125|322|354|456|492,69|47|23|88|19
ldkjqdxo,1,108,1,0.83,0.000378,90,1,26,7
ldygfvvl,1,100,1,0.67,0.000339,67,2,42|97,6|27
leu252hn,1,196,1,0.69,0.000914,135,4,7|74|126|143,5|7|37|5
lf4uoql4,1,100,1,0.67,0.000674,67,1,68,5
lfc2jl2f,1,86,1,0.62,0.034444,53,2,33|65,18|15
lhcjpfjz,1,66,1,0.71,0.006078,47,1,53,15
li8de3i9,1,25,4,2.4,0.087212,15,1,17,10
li8de3i9,2,25,4,2.4,0.065872,15,1,17,10
li8de3i9,3,25,4,2.4,0.071152,15,1,17,10
li8de3i9,4,25,4,2.4,0.028722,15,1,17,10
ljgaeiyc,2,80,2,1.84,0.021432,67,1,40,13
ljkfbrl3,1,90,1,0.36,0.023771,32,2,41|76,35|23
ljyiw2uc,1,60,1,0.72,0.019707,43,1,31,14
ll2hbtix,1,28,3,1.93,0.003475,18,1,19,10
ll2hbtix,2,28,3,1.93,0.003271,18,1,19,10
ll2hbtix,3,28,3,1.93,0.004868,18,1,19,10
llnifik4,1,79,1,0.27,0.005475,21,1,74,58
llsm42u2,1,38,4,3.47,0.005827,33,1,21,5
llsm42u2,2,38,4,3.47,0.005698,33,1,21,5
llsm42u2,3,38,4,3.47,0.04082,33,1,21,5
llsm42u2,4,38,4,3.47,0.038017,33,1,21,5
lr5lvbrz,1,81,3,1.7,0.033029,46,1,47,21
lr5lvbrz,2,81,3,1.7,0.024682,36,1,50,28
lr5lvbrz,3,81,3,1.7,0.015467,56,2,28|72,19|6
lrrnx1q2,1,121,1,0.81,0.03664,98,1,103,22
lskh81dd,1,39,5,3.59,0.003847,29,1,24,10
lskh81dd,2,39,5,3.59,0.010066,29,1,24,10
lskh81dd,3,39,5,3.59,0.004389,29,1,24,10
lskh81dd,4,39,5,3.59,0.006789,29,1,24,10
lskh81dd,5,39,5,3.59,0.00279,24,2,10|24,5|10
lspz18z7,1,31,3,2.03,0.047484,21,1,20,10
lspz18z7,2,31,3,2.03,0.02993,21,1,20,10
lspz18z7,3,31,3,2.03,0.061517,21,1,20,10
lt2a4km9,1,31,6,4.06,0.050688,21,1,20,10
lt2a4km9,2,31,6,4.06,0.022755,21,1,20,10
lt2a4km9,3,31,6,4.06,0.017878,21,1,20,10
lt2a4km9,4,31,6,4.06,0.026038,21,1,20,10
lt2a4km9,5,31,6,4.06,0.002552,21,1,20,10
lt2a4km9,6,31,6,4.06,0.003795,21,1,20,10
ltr39cd6,1,89,1,0.16,0.011759,14,1,81,75
ltzj3wpm,1,79,1,0.72,0.017418,57,2,27|55,14|8
lutp0n8m,1,37,1,0.57,0.00151,21,2,21|31,5|7
luzfqr88,1,70,1,0.76,0.002209,53,1,45,16
lvlnz494,1,378,1,0.52,0.00066,197,3,80|157|255,57|36|85
lw6pr7h4,1,78,1,0.42,0.028485,33,1,36,29
lxgx30qb,1,100,1,0.21,0.012301,21,2,61|81,52|15
lxidwwy1,1,131,1,0.08,0.01319,11,1,126,120
lyotrfc8,1,61,1,0.54,0.008604,33,1,33,5
m0n3lxv7,1,125,1,0.54,0.049322,68,4,27|55|82|101,14|10|10|11
m0vk576h,1,39,1,0.79,4.9e-05,31,1,13,5
m10d91f4,1,85,20,6.67,0.000242,33,1,68,52
m10d91f4,2,85,20,6.67,0.000491,33,1,68,52
m10d91f4,3,85,20,6.67,7.9e-05,31,1,69,54
m10d91f4,4,85,20,6.67,0.000153,31,1,69,54
m10d91f4,5,85,20,6.67,0.000165,31,1,69,54
m10d91f4,6,85,20,6.67,0.000288,31,1,69,54
m10d91f4,7,85,20,6.67,9.8e-05,30,1,70,55
m10d91f4,8,85,20,6.67,0.000173,30,1,70,55
m10d91f4,9,85,20,6.67,0.000601,30,1,70,55
m10d91f4,10,85,20,6.67,0.000234,29,1,70,56
m10d91f4,11,85,20,6.67,0.000572,28,1,71,57
m10d91f4,12,85,20,6.67,0.00027,30,1,70,55
m10d91f4,13,85,20,6.67,9.1e-05,28,1,71,57
m10d91f4,14,85,20,6.67,0.000103,27,1,72,58
m10d91f4,15,85,20,6.67,9.8e-05,26,1,72,59
m10d91f4,16,85,20,6.67,0.000159,25,1,73,60
m10d91f4,17,85,20,6.67,0.000233,24,1,74,61
m10d91f4,18,85,20,6.67,0.000358,24,1,74,61
m10d91f4,19,85,20,6.67,0.000219,24,1,74,61
m10d91f4,20,85,20,6.67,0.000118,22,1,75,63
m1l649gb,1,78,1,0.78,0.037127,61,1,47,15
m1z3q7rl,1,27,8,5.0,0.015778,17,1,18,10
m1z3q7rl,2,27,8,5.0,0.053244,17,1,18,10
m1z3q7rl,3,27,8,5.0,0.017433,17,1,18,10
m1z3q7rl,4,27,8,5.0,0.00554,17,1,18,10
m1z3q7rl,5,27,8,5.0,0.001717,16,1,18,10
m1z3q7rl,6,27,8,5.0,0.021937,17,1,18,10
m1z3q7rl,7,27,8,5.0,0.003304,17,1,18,10
m1z3q7rl,8,27,8,5.0,0.085002,17,1,18,10
m20qne5d,1,21,5,2.62,0.020228,11,1,15,10
m20qne5d,2,21,5,2.62,0.01868,11,1,15,10
m20qne5d,3,21,5,2.62,0.016888,11,1,15,10
m20qne5d,4,21,5,2.62,0.031202,11,1,15,10
m20qne5d,5,21,5,2.62,0.040164,11,1,15,10
m2dpw86v,1,98,1,0.3,0.060032,29,1,85,69
m3duvjd8,1,605,1,0.62,0.001869,378,16,24|45|56|79|104|154|204|223|251|273|303|314|343|364|393|431,6|20|10|22|8|5|11|6|10|19|5|7|9|20|14|5
m547v4da,1,50,1,0.76,0.004429,38,1,28,6
m7lk361f,1,59,1,0.92,0.126332,54,1,32,5
m98296ym,1,54,1,0.91,0.002704,49,1,47,5
m9ogq2aw,1,29,1,0.38,0.074315,11,1,20,18
m9to226x,1,84,1,0.2,0.017746,17,2,56|81,53|14
mb2wf06i,1,39,2,0.77,0.003875,14,1,36,25
mb2wf06i,2,39,2,0.77,0.00154,16,1,35,23
mbemf5p3,1,43,1,0.88,0.036048,38,1,24,5
mdgbt5ti,1,50,2,1.8,0.085571,45,1,27,5
mdgbt5ti,2,50,2,1.8,0.106621,45,1,27,5
mdkrg4tg,1,100,1,0.45,0.024285,45,2,65|94,42|13
me4gqecx,1,73,2,1.86,0.188087,68,1,39,5
me4gqecx,2,73,2,1.86,0.013775,68,1,39,5
meqs0ebh,1,90,3,2.83,0.102418,85,1,47,5
meqs0ebh,2,90,3,2.83,0.183581,85,1,47,5
meqs0ebh,3,90,3,2.83,0.228379,85,1,47,5
merapj4t,1,96,1,0.66,0.019869,63,2,59|71,27|5
mfble881,1,84,1,0.64,0.013019,54,1,32,30
mfxnh5ru,1,46,3,2.35,0.006298,33,2,25|39,5|8
mfxnh5ru,2,46,3,2.35,0.002087,34,1,27,12
mfxnh5ru,3,46,3,2.35,0.019039,41,1,25,5
mjwfbdod,1,34,1,0.47,0.002973,16,1,10,6
ml7l7gs6,1,38,1,0.87,0.029225,33,1,21,5
mm0y9dqp,1,62,4,3.68,0.013196,57,1,33,5
mm0y9dqp,2,62,4,3.68,0.009082,57,1,33,5
mm0y9dqp,3,62,4,3.68,0.006097,57,1,33,5
mm0y9dqp,4,62,4,3.68,0.010729,57,1,33,5
mm4bj76f,1,132,1,0.67,0.036527,89,2,66|110,17|23
mn4s0gi8,2,63,27,0.84,0.003699,2,1,62,61
mn4s0gi8,3,63,27,0.84,0.00449,2,1,62,61
mn4s0gi8,4,63,27,0.84,0.003763,2,1,62,61
mn4s0gi8,5,63,27,0.84,0.004751,2,1,62,61
mn4s0gi8,6,63,27,0.84,0.005742,2,1,62,61
mn4s0gi8,7,63,27,0.84,0.004629,2,1,62,61
mn4s0gi8,8,63,27,0.84,0.004019,2,1,62,61
mn4s0gi8,9,63,27,0.84,0.003999,2,1,62,61
mn4s0gi8,10,63,27,0.84,0.003869,2,1,62,61
mn4s0gi8,11,63,27,0.84,0.002584,2,1,62,61
mn4s0gi8,12,63,27,0.84,0.001941,2,1,62,61
mn4s0gi8,13,63,27,0.84,0.002496,2,1,62,61
mn4s0gi8,14,63,27,0.84,0.002678,2,1,62,61
mn4s0gi8,15,63,27,0.84,0.002185,2,1,62,61
mn4s0gi8,16,63,27,0.84,0.004285,2,1,62,61
mn4s0gi8,17,63,27,0.84,0.001941,2,1,62,61
mn4s0gi8,18,63,27,0.84,0.001701,2,1,62,61
mn4s0gi8,19,63,27,0.84,0.002703,2,1,62,61
mn4s0gi8,20,63,27,0.84,0.003234,2,1,62,61
mn4s0gi8,21,63,27,0.84,0.001747,2,1,62,61
mn4s0gi8,22,63,27,0.84,0.004965,2,1,62,61
mn4s0gi8,23,63,27,0.84,0.003825,2,1,62,61
mn4s0gi8,24,63,27,0.84,0.002302,2,1,62,61
mn4s0gi8,25,63,27,0.84,0.003131,2,1,62,61
mn4s0gi8,26,63,27,0.84,0.00243,2,1,62,61
mn4s0gi8,27,63,27,0.84,0.007581,2,1,62,61
mnpzb7g9,1,128,1,0.78,0.079257,100,1,66,28
mnrf445t,1,91,1,0.25,0.013589,23,2,41|62,38|8
momlyu55,1,28,5,3.21,0.002517,18,1,19,10
momlyu55,2,28,5,3.21,0.001716,18,1,19,10
momlyu55,3,28,5,3.21,0.006868,18,1,19,10
momlyu55,4,28,5,3.21,0.00555,18,1,19,10
momlyu55,5,28,5,3.21,0.019095,18,1,19,10
mq5eecg3,1,35,4,3.43,0.006461,30,1,20,5
mq5eecg3,2,35,4,3.43,0.007494,30,1,20,5
mq5eecg3,3,35,4,3.43,0.005883,30,1,20,5
mq5eecg3,4,35,4,3.43,0.000764,30,1,20,5
mqdvl4nz,1,545,1,0.94,0.003753,511,3,245|266|289,5|16|13
mr2fmf4s,1,35,3,2.49,0.01711,30,1,20,5
mr2fmf4s,2,35,3,2.49,0.02874,30,1,20,5
mr2fmf4s,3,35,3,2.49,0.004827,27,1,20,5
mre99ig5,1,141,1,0.51,0.001026,72,2,68|130,17|52
mrjjsc78,1,57,2,1.26,0.018407,20,1,48,37
ms668l3a,1,41,2,1.24,0.002271,30,1,19,5
ms668l3a,2,41,2,1.24,0.002151,21,2,11|25,8|5
msfrckgm,1,104,1,0.49,0.029772,51,2,54|83,36|17
msxdknb7,1,28,3,1.61,0.120481,18,1,19,10
msxdknb7,2,28,3,1.61,0.117036,18,1,19,10
mv8gzra0,1,100,1,0.73,0.003051,73,2,42|58,6|5
mvcgeyo0,1,58,4,3.66,0.018527,53,1,31,5
mvcgeyo0,2,58,4,3.66,0.020318,53,1,31,5
mvcgeyo0,3,58,4,3.66,0.106701,53,1,31,5
mvcgeyo0,4,58,4,3.66,0.031948,53,1,31,5
mvsm01cq,1,89,1,0.53,0.048202,47,1,55,41
mxqy5j4p,1,80,1,0.29,0.030403,23,1,62,57
my6cd5xb,1,693,1,0.65,0.004078,450,5,292|322|494|576|669,165|11|5|14|33
myzrhqzr,1,31,8,5.42,0.005053,21,1,20,10
myzrhqzr,2,31,8,5.42,0.00401,21,1,20,10
myzrhqzr,3,31,8,5.42,0.004354,21,1,20,10
myzrhqzr,4,31,8,5.42,0.005002,21,1,20,10
myzrhqzr,5,31,8,5.42,0.005035,21,1,20,10
myzrhqzr,6,31,8,5.42,0.003903,21,1,20,10
myzrhqzr,7,31,8,5.42,0.004251,21,1,20,10
myzrhqzr,8,31,8,5.42,0.00546,21,1,20,10
mz7i5v45,1,36,1,0.67,0.00138,24,1,23,10
n01sq64g,1,60,1,0.63,0.001494,38,1,46,13
n0any3pm,1,92,1,0.5,0.065319,46,2,47|60,15|6
n0d05tlz,1,53,2,1.81,0.03064,48,1,29,5
n0d05tlz,2,53,2,1.81,0.050053,48,1,29,5
n2tevlr5,1,88,1,0.88,0.003974,77,1,34,11
n3opitol,1,85,1,0.66,0.025035,56,3,37|64|79,8|16|5
n4rzvx60,1,104,1,0.1,0.009582,10,1,98,94
n6y28xpe,1,38,2,1.47,0.006975,28,1,24,10
n6y28xpe,2,38,2,1.47,0.011832,28,1,24,10
n70agn2x,1,114,1,0.35,0.003441,40,3,23|60|102,9|34|30
n812b02c,2,50,3,2.36,0.014967,18,1,47,32
n9otnthe,1,44,5,4.43,0.008244,39,1,24,5
n9otnthe,2,44,5,4.43,0.017594,39,1,24,5
n9otnthe,3,44,5,4.43,0.005118,39,1,24,5
n9otnthe,4,44,5,4.43,0.020787,39,1,24,5
n9otnthe,5,44,5,4.43,0.003398,39,1,24,5
na33k19e,1,75,1,0.88,0.03692,66,1,47,6
nap0n2eo,1,177,1,0.75,0.03214,133,1,153,42
navoodgp,1,96,1,0.81,0.088223,78,1,49,18
naxnnnqn,1,35,6,4.26,0.034683,24,1,22,10
naxnnnqn,2,35,6,4.26,0.084618,25,1,22,10
naxnnnqn,3,35,6,4.26,0.054443,25,1,22,10
naxnnnqn,4,35,6,4.26,0.029759,25,1,22,10
naxnnnqn,5,35,6,4.26,0.127737,25,1,22,10
naxnnnqn,6,35,6,4.26,0.080926,25,1,22,10
nbt1q2kb,1,36,1,0.72,0.01966,26,1,23,10
nbuwrvdt,1,123,1,0.95,0.033389,117,1,12,6
nebtladl,1,23,5,2.83,0.175231,13,1,16,10
nebtladl,2,23,5,2.83,0.105094,13,1,16,10
nebtladl,3,23,5,2.83,0.030199,13,1,16,10
nebtladl,4,23,5,2.83,0.06393,13,1,16,10
nebtladl,5,23,5,2.83,0.026966,13,1,16,10
nf50dpfc,1,153,1,0.9,0.024064,138,1,34,11
nhy81vp1,1,325,1,0.49,0.000806,159,2,63|199,8|64
nl2b6svx,1,53,4,3.55,0.008405,48,1,29,5
nl2b6svx,2,53,4,3.55,0.000113,44,1,29,5
nl2b6svx,3,53,4,3.55,0.014752,48,1,29,5
nl2b6svx,4,53,4,3.55,0.011851,48,1,29,5
nl87m8lt,1,95,1,0.55,0.034855,52,3,35|59|85,18|11|14
nmq4u0ce,1,602,1,0.45,0.002822,272,7,126|188|258|338|383|489|559,107|29|60|46|6|53|29
nsg01vj9,1,92,1,0.51,0.0261,47,2,31|74,15|20
nsorw968,1,58,3,2.57,0.037273,49,1,54,9
nsorw968,3,58,3,2.57,0.030204,47,1,55,11
nspjm3hy,1,67,1,0.82,0.02307,55,1,33,5
nt2i7fen,1,66,3,2.3,0.00802,44,1,42,22
nt2i7fen,3,66,3,2.3,0.007125,42,1,42,24
nt6rz9ny,1,55,1,0.6,3.9e-05,33,1,29,9
ntq95l3m,1,113,1,0.71,0.000782,80,3,34|90|103,8|14|7
ntx3bu3p,1,171,1,0.7,0.04175,119,1,124,52
nu6y81zw,1,42,1,0.26,0.000367,11,2,17|36,16|15
nx0i3j9d,1,44,2,1.77,0.107777,39,1,24,5
nx0i3j9d,2,44,2,1.77,0.083235,39,1,24,5
nx1tsmoz,1,87,1,0.2,0.006317,17,2,61|80,60|10
nxzxpfac,1,100,1,0.2,0.015264,20,2,24|86,17|55
nz14uioy,1,54,1,0.81,0.007514,44,1,28,10
nzenmdlv,1,38,1,0.79,9.1e-05,30,1,30,5
nzzzljcw,1,116,1,0.39,0.012961,45,1,103,71
o05ggmg6,1,98,1,0.73,0.008279,72,1,53,26
o24kh44u,2,59,3,2.32,0.049211,52,1,39,7
o24kh44u,3,59,3,2.32,0.024652,26,1,45,33
o2p3gnhh,1,119,1,0.59,0.006717,70,2,36|69,22|27
o3g4vx0q,1,155,4,3.84,0.013737,150,1,80,5
o3g4vx0q,2,155,4,3.84,0.020473,150,1,80,5
o3g4vx0q,3,155,4,3.84,0.009534,146,1,80,5
o3g4vx0q,4,155,4,3.84,0.012564,149,1,80,5
o5w9z7uf,1,112,1,0.51,0.010135,57,1,76,52
o6h4sn0b,1,112,1,0.53,0.000728,59,3,23|67|99,9|17|24
o6kep10w,1,55,2,1.82,0.064366,50,1,30,5
o6kep10w,2,55,2,1.82,0.096004,50,1,30,5
o7mmybmz,1,65,1,0.89,0.000926,58,1,42,7
o94ds8qc,1,110,1,0.88,0.003054,97,1,50,10
o9djvqd6,1,74,1,0.92,0.001088,68,1,39,5
o9nyx84w,1,26,4,2.46,0.026008,16,1,18,10
o9nyx84w,2,26,4,2.46,0.026153,16,1,18,10
o9nyx84w,3,26,4,2.46,0.023277,16,1,18,10
o9nyx84w,4,26,4,2.46,0.003091,16,1,18,10
oa881897,1,100,1,0.76,0.00774,76,1,41,24
oasjdhjb,1,69,1,0.55,0.027945,38,2,32|54,18|7
obgqwd81,1,110,1,0.65,0.006589,72,1,86,38
oc9632tw,1,93,1,0.46,0.029717,43,2,21|86,11|36
occp1ier,1,165,2,1.0,0.023457,49,3,14|123|161,11|77|22
occp1ier,2,165,2,1.0,0.090828,116,2,47|136,32|14
ocw3fc39,1,160,1,0.17,0.012217,27,2,42|134,25|84
odfbfy6l,1,117,2,1.51,0.171352,112,1,61,5
odfbfy6l,2,117,2,1.51,0.018594,65,2,48|61,47|5
oey2wg6r,1,86,1,0.48,0.019541,41,1,55,44
of2thxpc,1,62,2,1.84,0.008795,57,1,33,5
of2thxpc,2,62,2,1.84,0.04785,57,1,33,5
oguewgjb,1,107,1,0.62,0.00491,66,3,20|62|98,7|14|16
oiupcf30,1,52,5,2.56,0.028854,41,1,31,10
oiupcf30,2,52,5,2.56,0.062178,41,1,31,10
oiupcf30,3,52,5,2.56,0.014929,19,2,13|31,12|10
ojg1eeg1,1,36,1,0.72,0.024248,26,1,23,10
ojz47jkz,1,79,3,2.11,0.006131,56,2,31|77,5|13
ojz47jkz,2,79,3,2.11,0.006445,56,2,31|75,5|13
ojz47jkz,3,79,3,2.11,0.005781,55,2,31|73,5|13
okk1awq1,2,36,2,1.61,0.001596,25,1,14,6
okyiwhe2,1,110,1,0.27,0.341234,30,2,74|99,57|23
okyujpk1,1,98,1,0.65,0.002239,64,1,89,34
okzrw4ul,1,84,1,0.83,0.00105,70,1,51,14
olcop8k4,1,100,1,0.47,0.00026,47,2,18|74,11|40
olqepuhs,1,161,1,0.83,0.013309,133,2,80|108,5|6
om1l22ht,1,102,1,0.53,0.0137,54,2,33|81,30|6
om9gicaj,1,106,1,0.44,0.061099,47,2,34|79,24|35
omuyddn2,1,105,1,0.49,0.035182,51,3,40|59|95,26|9|19
onpzhy2z,1,22,6,3.18,0.002369,11,1,16,11
onpzhy2z,2,22,6,3.18,0.023292,12,1,16,10
onpzhy2z,3,22,6,3.18,0.003922,11,1,16,10
onpzhy2z,4,22,6,3.18,0.046078,12,1,16,10
onpzhy2z,5,22,6,3.18,0.011261,12,1,16,10
onpzhy2z,6,22,6,3.18,0.10252,12,1,16,10
onz6n39p,1,646,1,0.46,0.00107,299,9,40|75|148|214|325|383|402|541|612,21|27|58|36|50|33|13|91|18
oo44ebei,1,125,7,6.72,0.00758,120,1,65,5
oo44ebei,2,125,7,6.72,0.009243,120,1,65,5
oo44ebei,3,125,7,6.72,0.007705,120,1,65,5
oo44ebei,4,125,7,6.72,0.005509,120,1,65,5
oo44ebei,5,125,7,6.72,0.008226,120,1,65,5
oo44ebei,6,125,7,6.72,0.005271,120,1,65,5
oo44ebei,7,125,7,6.72,0.006518,120,1,65,5
ooalvn2v,1,102,1,0.26,0.002602,27,2,47|96,44|31
oq4xkb08,1,390,1,0.82,0.001307,318,4,21|35|67|349,10|7|10|16
or8eklj5,1,120,1,0.71,0.017132,85,2,80|104,13|22
or8jvjtg,1,89,1,0.49,0.038299,44,2,42|78,32|13
os8i6e0w,1,41,2,1.76,0.110901,36,1,23,5
os8i6e0w,2,41,2,1.76,0.183171,36,1,23,5
osyxelz5,1,108,1,0.27,0.027163,29,1,96,79
otbqvipa,1,108,1,0.93,0.05011,100,1,47,7
ou2f7p0i,1,104,1,0.65,0.009883,68,2,42|75,9|24
oua9yz53,1,26,1,0.69,0.01705,18,1,17,8
ow0b88et,1,865,1,0.45,0.155032,409,10,34|140|228|255|308|356|410|507|655|861,21|34|5|23|44|25|43|24|93|129
owjja9na,1,92,4,3.78,0.260805,87,1,48,5
owjja9na,2,92,4,3.78,0.043382,87,1,48,5
owjja9na,3,92,4,3.78,0.077314,87,1,48,5
owjja9na,4,92,4,3.78,0.155519,87,1,48,5
ox1p16xi,1,69,2,1.55,0.001111,53,1,53,11
ox1p16xi,2,69,2,1.55,0.001333,54,1,47,10
oz48ssju,1,87,1,0.36,0.011781,31,5,10|24|39|61|74,9|8|9|14|7
ozz7zjrv,1,37,2,1.84,0.147738,32,1,21,5
p0bzaolc,1,199,1,0.42,0.002993,83,4,86|142|154|190,75|10|9|8
p2mdrqk1,1,95,1,0.61,0.00118,58,3,24|49|92,21|7|8
p8120d2b,1,22,1,0.77,0.00447,17,1,13,5
p8al6c43,1,90,1,0.76,0.000173,68,3,37|52|80,5|8|5
p8n66t7d,1,27,3,1.89,0.231573,17,1,18,10
p8n66t7d,2,27,3,1.89,0.236457,17,1,18,10
p8n66t7d,3,27,3,1.89,0.004292,17,1,18,10
p9goy3m5,1,105,1,0.5,0.140101,53,2,23|66,19|33
paqd3t4y,1,82,1,0.73,0.002548,60,1,68,12
pc4elmdu,1,115,1,0.85,0.001535,98,1,96,5
pdf384d3,1,37,3,2.19,0.068906,27,1,23,10
pdf384d3,2,37,3,2.19,0.124558,27,1,23,10
pdf384d3,3,37,3,2.19,0.029452,27,1,23,10
pdkgzcnq,2,50,2,1.82,0.001412,41,1,16,9
peny1kdb,1,780,1,0.74,0.038294,578,6,100|273|451|632|705|765,34|27|37|19|41|39
pgu84vt1,1,71,2,1.83,0.001718,65,1,35,5
phrlikaf,1,117,1,0.09,0.058208,10,1,109,107
piuqj5wt,1,125,1,0.08,0.017688,10,2,72|116,70|40
pkxlarz2,1,98,1,0.1,0.172968,10,1,90,88
pl1t7w03,1,144,1,0.74,0.009548,106,2,27|128,15|19
pl3nvrt3,1,85,1,0.46,0.095524,39,2,33|75,30|16
pne9qu86,1,88,1,0.73,0.294793,64,1,40,13
ponb8hrz,1,87,1,0.72,0.05081,63,2,48|76,13|8
pp6xneq2,1,685,1,0.82,0.005307,565,5,115|329|473|636|679,5|24|33|49|5
pq5h4hw1,1,141,1,0.05,0.004042,7,1,136,134
pq6uabeq,2,85,2,1.42,0.016138,69,1,28,6
pqm9n2v4,1,58,2,1.83,0.003556,53,1,31,5
pqm9n2v4,2,58,2,1.83,0.009279,53,1,31,5
pr0wn6h6,1,135,1,0.87,0.019418,117,1,11,8
pr33uloc,1,138,1,0.67,0.009867,92,2,84|123,30|16
prrirvxz,1,31,5,3.39,0.029949,21,1,20,10
prrirvxz,2,31,5,3.39,0.157132,21,1,20,10
prrirvxz,3,31,5,3.39,0.061884,21,1,20,10
prrirvxz,4,31,5,3.39,0.042734,21,1,20,10
prrirvxz,5,31,5,3.39,0.124869,21,1,20,10
ptuktd2e,1,50,1,0.5,0.000336,25,1,25,23
pw1byfdk,1,41,4,2.29,0.023015,31,1,25,10
pw1byfdk,2,41,4,2.29,0.022703,31,1,25,10
pw1byfdk,3,41,4,2.29,0.019896,31,1,25,10
pyb3e94c,1,16,4,2.75,0.046995,11,1,10,5
pyb3e94c,2,16,4,2.75,0.032343,11,1,10,5
pyb3e94c,3,16,4,2.75,0.007198,11,1,10,5
pyb3e94c,4,16,4,2.75,0.005237,11,1,10,5
pz9rf3kp,1,81,1,0.32,0.007264,26,2,52|76,45|10
q2dee44h,1,90,1,0.38,0.033138,34,1,59,56
q6d20jh0,1,79,1,0.48,0.000261,38,2,40|74,16|15
q7d8mrg3,1,378,1,0.87,0.007223,328,2,53|120,14|5
q7iwrayb,1,107,1,0.77,0.006139,82,2,39|79,5|20
q8dd8tfx,1,585,1,0.72,0.000568,420,6,121|254|327|402|506|524,21|5|63|33|19|14
q8u89o1o,1,40,2,1.75,0.028083,35,1,22,5
q8u89o1o,2,40,2,1.75,0.02154,35,1,22,5
q9ut004z,1,54,1,0.91,0.00416,49,1,29,5
qa0uz3a7,1,119,1,0.63,0.017927,75,1,54,40
qa3ihq76,1,35,1,0.86,0.00902,30,1,20,5
qa91hkcn,1,100,1,0.75,0.008881,75,1,65,24
qawrozw8,1,123,1,0.33,0.043111,40,1,104,83
qb8rh6ap,1,231,2,0.39,0.072182,17,2,134|171,127|30
qb8rh6ap,2,231,2,0.39,0.002678,73,3,86|183|223,55|94|5
qc8x8fzb,1,460,2,1.4,0.018989,321,8,33|51|63|110|169|252|369|444,9|5|8|7|5|16|35|30
qc8x8fzb,2,460,2,1.4,0.073652,321,6,37|54|112|251|266|363,20|14|53|15|5|16
qc9cac32,1,115,1,0.59,0.046084,68,1,76,43
qcyzntli,1,96,1,0.55,0.034012,53,3,23|51|79,18|12|13
qdfcwypm,1,61,1,0.92,0.028197,56,1,27,5
qfhnj1nf,1,119,1,0.91,0.036522,108,1,11,8
qgnewvrp,1,89,1,0.19,0.012643,17,2,43|85,39|33
qhwawif5,1,160,2,1.94,0.070514,155,1,82,5
qhwawif5,2,160,2,1.94,0.019535,155,1,82,5
qhykjzwc,2,55,2,0.44,0.00029,20,2,16|25,7|5
qittyp0l,1,67,2,1.0,0.000187,39,1,38,6
qittyp0l,2,67,2,1.0,0.000235,28,1,25,6
qjeopm3q,1,55,1,0.73,0.001652,40,1,40,15
qjrm0hmj,1,76,2,0.95,0.008092,42,1,41,30
qjrm0hmj,2,76,2,0.95,0.002017,30,2,40|70,32|7
qklobnr4,1,604,1,0.44,0.004096,266,10,25|75|167|236|342|365|417|515|541|596,12|30|85|28|14|12|42|74|18|11
ql6bf189,1,69,2,1.3,0.008887,37,1,46,15
ql6bf189,2,69,2,1.3,0.026542,53,1,55,16
qmn6zqgq,1,101,1,0.45,0.03564,45,2,15|78,8|47
qntxo4k2,1,50,10,1.4,0.032744,7,1,48,43
qntxo4k2,2,50,10,1.4,0.032342,7,1,48,43
qntxo4k2,3,50,10,1.4,0.031812,7,1,48,43
qntxo4k2,4,50,10,1.4,0.031047,7,1,48,43
qntxo4k2,5,50,10,1.4,0.03045,7,1,48,43
qntxo4k2,6,50,10,1.4,0.032627,7,1,48,43
qntxo4k2,7,50,10,1.4,0.032133,7,1,48,43
qntxo4k2,8,50,10,1.4,0.031705,7,1,48,43
qntxo4k2,9,50,10,1.4,0.030945,7,1,48,43
qntxo4k2,10,50,10,1.4,0.030063,7,1,48,43
qptv6rl8,1,38,2,1.74,0.118242,33,1,21,5
qptv6rl8,2,38,2,1.74,0.037511,33,1,21,5
qqn1s9p6,1,81,3,0.65,0.001566,10,1,26,22
qqn1s9p6,2,81,3,0.65,0.000598,20,1,26,17
qqo2540r,1,354,2,1.66,0.057752,235,2,260|332,35|63
qrlz4xpk,1,115,1,0.62,0.008536,71,2,94|104,39|5
qset7zfv,1,109,1,0.35,0.008078,38,1,81,62
qt1bf7hj,1,51,2,1.41,0.00062,41,1,39,10
qtofcdqp,1,98,3,1.53,0.030288,51,1,33,15
qtofcdqp,2,98,3,1.53,0.028002,41,1,36,14
qtofcdqp,3,98,3,1.53,0.020645,58,1,31,19
qurrcmwn,1,114,1,0.54,0.159247,61,3,30|61|95,16|17|20
qw39rqhv,1,99,1,0.15,0.026047,15,2,61|86,59|21
qx4i482e,1,42,4,2.67,0.145743,37,1,23,5
qx4i482e,2,42,4,2.67,0.02493,37,1,23,5
qx4i482e,3,42,4,2.67,0.056917,37,1,23,5
qx7ncfer,1,41,2,1.54,0.000347,31,1,32,6
qx7ncfer,2,41,2,1.54,0.000374,32,1,26,5
qzerhngx,1,117,3,2.18,0.036226,67,2,66|78,40|10
qzerhngx,2,117,3,2.18,0.015329,91,2,68|78,18|8
qzerhngx,3,117,3,2.18,0.023333,97,2,63|76,13|7
qzqjuedt,1,59,1,0.46,0.002049,27,1,38,32
r13s2zog,1,59,2,1.49,0.003982,48,1,27,11
r298oppp,1,79,1,0.8,0.076653,63,1,48,16
r2fmxg6h,2,61,2,1.18,0.000428,28,3,20|40|54,14|10|9
r2iallw7,1,57,1,0.86,0.031956,49,1,19,8
r2n6kgfd,1,264,1,0.33,0.009378,86,1,236,178
r507we9x,1,70,1,0.54,0.002929,38,1,58,32
r5frlifm,1,123,15,0.43,0.028173,10,1,116,113
r5frlifm,2,123,15,0.43,0.006595,8,1,117,114
r5frlifm,3,123,15,0.43,0.005829,7,1,118,115
r5frlifm,4,123,15,0.43,0.005209,6,1,118,116
r5frlifm,5,123,15,0.43,0.004715,5,1,119,117
r5frlifm,6,123,15,0.43,0.004174,4,1,120,118
r5frlifm,7,123,15,0.43,0.003672,3,1,121,119
r6apnjuv,1,65,1,0.42,0.00553,27,2,28|57,17|17
r6u57ymk,1,94,1,0.32,0.053571,30,1,91,63
r77uzwv4,1,38,3,1.5,0.089417,28,1,24,10
r77uzwv4,2,38,3,1.5,0.194112,28,1,24,10
r8krwek1,1,304,1,0.16,0.007492,49,1,256,252
r9vm4hpf,1,456,1,0.65,0.000687,298,7,56|137|158|212|240|283|360,44|19|10|9|5|11|56
rajycrxk,1,103,2,1.52,0.005165,76,1,87,23
rajycrxk,2,103,2,1.52,0.005738,81,1,87,22
rbtygva8,1,24,5,2.92,0.011652,14,1,17,10
rbtygva8,2,24,5,2.92,0.044093,14,1,17,10
rbtygva8,3,24,5,2.92,0.047255,14,1,17,10
rbtygva8,4,24,5,2.92,0.032876,14,1,17,10
rbtygva8,5,24,5,2.92,0.019486,14,1,17,10
rfyy184d,1,100,1,0.76,0.005963,76,2,41|72,12|9
rgsz0gml,1,33,1,0.55,0.000924,18,1,25,15
rj6on8oa,1,50,2,1.8,0.017382,45,1,27,5
rj6on8oa,2,50,2,1.8,0.152071,45,1,27,5
rl2kq1px,1,112,1,0.58,0.006162,65,1,75,47
rl7ir488,1,137,1,0.14,0.007276,19,4,28|52|80|122,27|20|24|38
rm3v6asc,1,132,1,0.14,0.012531,19,2,78|127,72|41
rmj8dcsw,1,811,1,0.28,0.007991,225,3,142|341|746,59|162|365
rmjrb2gl,1,96,1,0.29,0.024437,28,1,84,68
rmrq5h4y,1,120,1,0.31,0.011569,37,5,13|32|53|87|114,11|12|12|28|20
rnm6wvsn,1,102,1,0.42,0.010574,43,6,18|38|59|70|80|88,6|5|6|8|6|7
ro7l0xdi,1,651,1,0.42,0.001763,272,8,42|76|149|213|325|405|542|615,25|29|61|36|52|56|94|21
rowg6cxy,1,105,1,0.71,0.012127,75,1,67,30
rt7xp2yh,2,56,2,1.66,0.002204,37,1,51,6
ru0qwa84,1,90,2,0.81,0.044124,34,3,25|50|71,20|16|13
ru0qwa84,2,90,2,0.81,0.039751,39,3,25|50|71,15|16|13
ruo4i3o9,1,165,1,0.64,0.002823,105,2,54|136,27|31
rur6zq0f,1,37,1,0.73,0.000894,27,1,23,10
rv0q2e1z,1,100,1,0.5,0.000924,50,1,48,6
rvf66gf1,1,108,1,0.06,0.003132,6,1,103,102
rvivsqr0,1,561,1,0.97,0.000546,546,1,130,15
rvyuhzr0,1,103,1,0.38,0.006798,39,2,46|70,36|12
rwmfb74z,1,35,1,0.6,0.002429,21,1,22,10
rx7yfkbg,1,126,1,0.64,0.040637,81,1,51,45
rxwpdfl4,1,67,3,2.78,0.005208,62,1,36,5
rxwpdfl4,2,67,3,2.78,0.021478,62,1,36,5
rxwpdfl4,3,67,3,2.78,0.007232,62,1,36,5
rz2b31mn,1,163,1,0.85,0.003816,139,1,24,18
rzo1levj,1,100,1,0.66,0.000802,66,2,59|91,19|12
s0umhbpw,1,475,1,0.63,0.036014,301,9,66|89|111|228|297|327|412|427|433,7|14|15|6|60|15|5|5|5
s0uoxmwc,1,117,1,0.28,0.002534,33,1,97,82
s1kd1p3t,1,75,1,0.85,0.006724,64,1,10,7
s1of0a97,1,52,1,0.56,0.007037,29,1,26,8
s20ffvpu,1,100,1,0.76,0.003454,76,1,18,17
s2p93q5k,1,35,2,1.71,0.047078,30,1,20,5
s2p93q5k,2,35,2,1.71,0.056594,30,1,20,5
s3ceodsu,1,133,1,0.77,0.003396,102,1,103,31
s3u2hiph,1,168,1,0.6,0.004155,101,1,126,64
s41qtfd2,1,84,1,0.14,0.001855,12,1,78,72
s4mnrzi1,1,241,1,0.78,0.014645,187,2,65|84,46|8
s4nxbrcp,1,101,1,0.8,0.021252,81,1,46,20
s6b025qn,1,102,1,0.07,0.012234,7,1,97,95
s6fq808z,1,108,1,0.1,0.001799,11,1,100,97
s6qa98lx,1,51,1,0.9,0.008204,46,1,28,5
s85mrdef,1,130,1,0.95,0.00297,123,1,22,7
s8ib1gqo,1,52,2,1.1,0.00213,16,1,9,5
s8ib1gqo,2,52,2,1.1,0.001914,41,1,14,8
s9dg6k7b,1,42,6,5.29,0.016507,37,1,23,5
s9dg6k7b,2,42,6,5.29,0.025408,37,1,23,5
s9dg6k7b,3,42,6,5.29,0.02035,37,1,23,5
s9dg6k7b,4,42,6,5.29,0.021413,37,1,23,5
s9dg6k7b,5,42,6,5.29,0.022852,37,1,23,5
s9dg6k7b,6,42,6,5.29,0.010115,37,1,23,5
sahj107v,1,56,3,2.73,0.018244,51,1,30,5
sahj107v,2,56,3,2.73,0.009971,51,1,30,5
sahj107v,3,56,3,2.73,0.004793,51,1,30,5
sajk18ua,1,133,1,0.52,0.011732,69,2,78|113,34|28
sbu8j9xc,1,62,1,0.76,0.002857,47,1,15,6
sbyfhl5a,1,126,1,0.27,0.00053,34,1,97,88
sc0oekh2,1,68,6,5.41,0.024488,63,1,36,5
sc0oekh2,2,68,6,5.41,0.03263,60,1,36,5
sc0oekh2,3,68,6,5.41,0.023381,59,1,36,6
sc0oekh2,4,68,6,5.41,0.033246,63,1,36,5
sc0oekh2,5,68,6,5.41,0.015994,60,1,36,5
sc0oekh2,6,68,6,5.41,0.030579,63,1,36,5
sc65nvjl,1,119,1,0.04,0.005298,5,1,115,114
sfbg4630,1,136,20,0.45,0.000663,7,1,130,129
sfbg4630,2,136,20,0.45,0.000612,5,1,132,131
sfbg4630,3,136,20,0.45,0.00066,3,1,134,133
sfbg4630,4,136,20,0.45,0.000658,3,1,134,133
sfbg4630,5,136,20,0.45,0.00065,3,1,134,133
sfbg4630,6,136,20,0.45,0.000544,3,1,134,133
sfbg4630,7,136,20,0.45,0.000522,3,1,134,133
sfbg4630,8,136,20,0.45,0.000542,3,1,134,133
sfbg4630,9,136,20,0.45,0.000535,3,1,134,133
sfbg4630,10,136,20,0.45,0.000449,2,1,135,134
sfbg4630,11,136,20,0.45,0.000441,2,1,135,134
sfbg4630,12,136,20,0.45,0.000751,3,1,134,133
sfbg4630,13,136,20,0.45,0.000688,3,1,134,133
sfbg4630,14,136,20,0.45,0.000653,3,1,134,133
sfbg4630,15,136,20,0.45,0.000616,3,1,134,133
sfbg4630,16,136,20,0.45,0.000521,3,1,134,133
sfbg4630,17,136,20,0.45,0.000476,3,1,134,133
sfbg4630,18,136,20,0.45,0.000406,2,1,135,134
sfbg4630,19,136,20,0.45,0.000358,2,1,135,134
sfbg4630,20,136,20,0.45,0.000322,2,1,135,134
sfns53bj,2,295,2,1.93,0.002173,277,2,49|66,9|9
sgcn6xgc,1,93,1,0.89,0.00482,83,1,46,6
sh7sl5xi,2,68,3,2.76,0.007933,60,1,47,7
si7re70s,1,531,1,0.16,0.0306,84,2,208|486,181|266
sijkcttf,1,104,2,1.08,0.018432,61,2,16|56,11|27
sijkcttf,2,104,2,1.08,0.017436,51,3,18|58|100,14|30|5
sjgicdrs,1,104,1,0.47,0.004482,49,2,38|97,17|38
sjl7jcdm,1,73,3,2.89,0.002189,66,1,69,5
skjvwkeu,1,136,15,0.35,0.041223,3,1,135,133
skjvwkeu,2,136,15,0.35,0.043407,4,1,134,132
skjvwkeu,3,136,15,0.35,0.033374,4,1,134,132
skjvwkeu,4,136,15,0.35,0.058597,3,1,134,133
skjvwkeu,5,136,15,0.35,0.064247,3,1,134,133
skjvwkeu,6,136,15,0.35,0.048156,3,1,134,133
skjvwkeu,7,136,15,0.35,0.029118,2,1,135,134
skjvwkeu,8,136,15,0.35,0.027038,2,1,135,134
skjvwkeu,9,136,15,0.35,0.018631,3,1,134,133
skjvwkeu,10,136,15,0.35,0.019596,3,1,134,133
skjvwkeu,11,136,15,0.35,0.021575,3,1,134,133
skjvwkeu,12,136,15,0.35,0.020185,4,1,134,132
skjvwkeu,13,136,15,0.35,0.025708,4,1,134,132
skjvwkeu,14,136,15,0.35,0.023678,4,1,134,132
skjvwkeu,15,136,15,0.35,0.023916,3,1,135,133
skk68epq,1,82,2,1.78,0.002621,64,1,36,18
skmuz7n7,1,99,1,0.19,0.088057,19,1,91,80
skue9h1a,1,105,1,0.73,0.135053,77,1,65,28
skxbqj5u,1,56,2,1.45,0.000811,32,1,18,10
skxbqj5u,2,56,2,1.45,0.006018,49,1,25,5
sla7u3u5,2,78,2,1.78,0.000858,61,2,55|68,5|9
smj60b7y,1,660,1,0.84,0.015295,556,3,84|510|619,16|6|73
smpz2v72,1,81,5,1.77,0.00391,45,2,17|55,7|22
smpz2v72,2,81,5,1.77,0.006969,37,1,52,44
smpz2v72,3,81,5,1.77,0.001662,36,1,52,45
smpz2v72,4,81,5,1.77,0.001307,11,1,67,65
smpz2v72,5,81,5,1.77,0.001534,14,1,65,64
so8lbzwk,1,465,1,0.68,0.041987,315,7,39|108|147|225|251|306|363,20|11|10|19|16|37|32
spakvkft,1,93,1,0.83,0.008011,77,1,46,15
spddn8ef,1,526,1,0.32,0.005947,167,6,96|170|256|310|439|498,92|31|54|22|116|41
sr0xcevd,1,142,2,1.32,0.023953,86,1,88,56
sr0xcevd,2,142,2,1.32,0.021551,102,1,85,39
srtemhqr,1,133,1,0.58,0.069839,77,3,20|60|111,7|30|17
ss0b0lxp,1,141,1,0.23,0.052481,32,2,59|128,51|58
ssz7rje6,1,82,1,0.83,0.006199,68,1,19,5
stxmnfmi,1,33,6,4.42,0.013278,28,1,19,5
stxmnfmi,2,33,6,4.42,0.001928,19,1,19,10
stxmnfmi,3,33,6,4.42,0.010578,27,1,19,5
stxmnfmi,4,33,6,4.42,0.009766,28,1,19,5
stxmnfmi,5,33,6,4.42,0.001045,17,1,20,11
stxmnfmi,6,33,6,4.42,0.010266,27,1,19,5
sxmx6adc,1,110,4,3.26,0.010384,105,1,57,5
sxmx6adc,2,110,4,3.26,0.009053,104,1,57,5
sxmx6adc,3,110,4,3.26,8.6e-05,76,2,43|69,12|22
sxmx6adc,4,110,4,3.26,8.7e-05,74,2,43|69,12|24
sy4ix7t7,1,98,1,0.76,0.002614,74,3,16|40|71,8|7|9
sy7poaj5,1,555,1,0.94,0.019946,521,2,34|81,7|16
t15hnxr3,1,736,1,0.77,0.012242,570,8,84|127|238|314|385|513|621|642,16|11|71|7|18|6|10|8
t1sb5qo8,1,202,1,0.83,0.00525,167,2,81|148,10|5
t245k9bp,1,40,1,0.88,0.054783,35,1,22,5
t3wvj7qz,1,116,1,0.68,0.017941,79,1,60,37
t4mcamey,3,91,3,1.91,0.001423,66,1,60,7
t5zhoswv,1,55,1,0.71,0.013856,39,2,46|52,6|5
t6b34ze7,1,104,1,0.65,0.041953,68,4,16|28|40|57,10|8|7|11
t6ng4itw,1,450,1,0.22,0.017593,98,1,424,352
t6vkmkho,1,36,1,0.72,0.013616,26,1,23,10
t7l078ma,1,113,1,0.26,0.003661,29,4,26|53|80|103,18|22|21|17
t9crbspj,1,75,1,0.87,0.00289,65,1,39,7
t9jz6g88,1,77,1,0.82,0.004535,63,2,16|44,9|5
t9n0p86n,1,70,4,3.54,0.003554,59,1,37,5
t9n0p86n,2,70,4,3.54,0.042924,65,1,37,5
t9n0p86n,3,70,4,3.54,0.002744,59,2,22|37,6|5
t9n0p86n,4,70,4,3.54,0.017638,65,1,37,5
tdvd35gv,1,146,1,0.77,0.00345,112,1,110,32
tdwhgf97,1,51,1,0.84,0.082033,43,1,46,8
tejoq1a5,1,26,3,1.85,0.073287,16,1,18,10
tejoq1a5,3,26,3,1.85,0.091627,16,1,18,10
tfbq8jah,1,437,1,0.94,0.002422,410,1,281,11
tfnxokg5,1,105,1,0.49,0.000456,51,1,14,7
tgmq5v15,1,64,2,1.67,0.003104,51,1,54,12
tgmq5v15,2,64,2,1.67,0.010069,56,1,57,8
thsn8ihm,1,103,1,0.52,0.060524,54,2,57|90,40|7
ti8ff58w,1,55,4,3.64,0.040581,50,1,30,5
ti8ff58w,2,55,4,3.64,0.026042,50,1,30,5
ti8ff58w,3,55,4,3.64,0.030327,50,1,30,5
ti8ff58w,4,55,4,3.64,0.043748,50,1,30,5
tj640z37,1,72,1,0.62,0.009771,45,1,66,27
tjv9i9og,1,53,1,0.91,0.003043,48,1,29,5
tjxx09kp,1,143,1,0.24,0.030169,34,2,99|137,80|29
tjylsyz7,1,96,1,0.24,0.02488,23,2,59|89,58|13
tm9ykgbu,1,105,1,0.43,0.003598,45,1,99,60
tmgp2gqk,1,79,1,0.14,0.004124,11,1,73,68
toff20or,1,260,2,1.45,0.016059,159,2,182|197,23|9
toff20or,2,260,2,1.45,0.079409,219,1,227,38
tr2efiv3,1,100,1,0.3,0.001371,30,1,75,69
tr5ra1xs,1,97,1,0.48,0.048188,47,7,12|25|37|51|63|81|90,7|7|6|7|5|11|7
treunf9o,1,96,1,0.68,0.00275,65,1,62,29
ts5hbheu,1,53,2,0.98,0.002463,24,1,40,29
ts5hbheu,2,53,2,0.98,0.004111,28,1,37,23
tsjy9cqv,1,63,2,0.98,0.006454,39,1,22,6
tsjy9cqv,2,63,2,0.98,0.00297,23,1,20,12
tt00cbm1,1,108,1,0.41,0.012325,44,2,73|96,55|9
ttbio1rh,1,498,1,0.82,0.002294,407,4,330|371|396|474,44|10|13|12
tug3h8uh,2,54,2,1.63,0.000411,35,1,38,19
tuzf8p0s,1,100,1,0.25,0.077753,25,1,88,75
tvs2oymj,1,75,1,0.81,0.001036,61,1,64,14
txg2v4q0,1,77,1,0.61,0.016472,47,1,43,20
u0wri6rw,1,79,2,1.23,0.016412,22,1,44,33
u108b2o2,1,96,1,0.71,0.004763,68,3,36|57|66,14|7|6
u1khbyb0,1,41,2,1.76,0.116291,36,1,23,5
u1khbyb0,2,41,2,1.76,0.140894,36,1,23,5
u28zgzds,1,84,1,0.65,0.008996,55,2,28|73,5|24
u3qo7p7m,1,155,4,3.87,0.010087,150,1,80,5
u3qo7p7m,2,155,4,3.87,0.014594,150,1,80,5
u3qo7p7m,3,155,4,3.87,0.008105,150,1,80,5
u3qo7p7m,4,155,4,3.87,0.0124,150,1,80,5
u4y3mhu5,1,87,1,0.64,0.003473,56,1,38,27
u5uziar2,1,279,1,0.48,0.011197,133,1,259,146
u6uaftci,1,22,23,2.09,0.004298,2,1,21,20
u6uaftci,2,22,23,2.09,0.004461,2,1,21,20
u6uaftci,3,22,23,2.09,0.004254,2,1,21,20
u6uaftci,4,22,23,2.09,0.004396,2,1,21,20
u6uaftci,5,22,23,2.09,0.004288,2,1,21,20
u6uaftci,6,22,23,2.09,0.004454,2,1,21,20
u6uaftci,7,22,23,2.09,0.004265,2,1,21,20
u6uaftci,8,22,23,2.09,0.004308,2,1,21,20
u6uaftci,9,22,23,2.09,0.004249,2,1,21,20
u6uaftci,10,22,23,2.09,0.004478,2,1,21,20
u6uaftci,11,22,23,2.09,0.004328,2,1,21,20
u6uaftci,12,22,23,2.09,0.004453,2,1,21,20
u6uaftci,13,22,23,2.09,0.004255,2,1,21,20
u6uaftci,14,22,23,2.09,0.004205,2,1,21,20
u6uaftci,15,22,23,2.09,0.004613,2,1,21,20
u6uaftci,16,22,23,2.09,0.004714,2,1,21,20
u6uaftci,17,22,23,2.09,0.004369,2,1,21,20
u6uaftci,18,22,23,2.09,0.004072,2,1,21,20
u6uaftci,19,22,23,2.09,0.004237,2,1,21,20
u6uaftci,20,22,23,2.09,0.004149,2,1,21,20
u6uaftci,21,22,23,2.09,0.004157,2,1,21,20
u6uaftci,22,22,23,2.09,0.004774,2,1,21,20
u6uaftci,23,22,23,2.09,0.003907,2,1,21,20
u6xv79sx,1,355,1,0.42,0.001567,150,8,65|130|159|178|203|234|240|272,6|10|23|16|21|21|5|30
u73q3te8,1,28,3,1.93,0.226019,18,1,19,10
u73q3te8,2,28,3,1.93,0.144072,18,1,19,10
u73q3te8,3,28,3,1.93,0.120124,18,1,19,10
u7l0lr2j,1,79,1,0.62,0.02244,49,1,72,27
u7un4kqq,1,31,3,2.03,0.082862,21,1,20,10
u7un4kqq,2,31,3,2.03,0.057161,21,1,20,10
u7un4kqq,3,31,3,2.03,0.02461,21,1,20,10
u9beofq3,1,46,1,0.8,0.011035,37,1,29,8
ubklxxh0,1,144,1,0.74,0.003137,106,1,54,30
ubz8smud,1,75,1,0.15,0.001615,11,1,73,64
ueoiodwz,1,88,1,0.58,0.04362,51,3,20|57|83,5|26|6
uf4jxu0s,1,92,1,0.58,0.010978,53,2,44|74,29|10
uggvrwfr,1,86,1,0.64,0.009523,55,2,10|44,5|26
uh4iqj3p,1,168,1,0.64,0.003762,108,1,136,59
ui6kit81,1,63,1,0.51,0.003228,32,1,45,31
uj70tkye,1,87,1,0.83,0.113137,72,1,61,15
ujmswrb4,1,157,1,0.12,0.001317,19,2,49|145,44|94
uktpp5lx,1,32,3,2.53,0.117712,27,1,18,5
uktpp5lx,2,32,3,2.53,0.04336,27,1,18,5
uktpp5lx,3,32,3,2.53,0.023072,27,1,18,5
ulfoof9m,1,56,1,0.66,0.001439,37,1,53,7
umwmu0us,1,151,2,1.06,0.047053,85,2,59|91,25|17
umwmu0us,2,151,2,1.06,0.041811,75,4,21|60|86|124,11|20|17|6
un50lhoq,1,311,1,0.26,0.001142,80,3,159|173|270,134|6|91
uog1hgu1,1,486,1,0.56,0.006063,270,1,347,83
uq4lkodj,1,62,1,0.82,0.004304,51,2,45|55,5|5
uqsjmxza,1,151,1,0.64,0.000496,96,3,91|133|146,31|8|7
urgajt7e,1,34,3,1.35,0.036288,16,1,22,18
urgajt7e,2,34,3,1.35,0.015144,6,1,29,28
urgajt7e,3,34,3,1.35,0.060032,24,1,22,10
uryalpou,1,35,1,0.86,0.111948,30,1,20,5
usyys5es,1,47,1,0.66,0.003659,31,1,9,6
utyj563j,1,44,9,6.05,0.041967,34,1,27,10
utyj563j,2,44,9,6.05,0.023671,34,1,27,10
utyj563j,3,44,9,6.05,0.017074,34,1,27,10
utyj563j,4,44,9,6.05,0.003044,34,1,27,10
utyj563j,5,44,9,6.05,0.015085,32,1,27,10
utyj563j,6,44,9,6.05,0.104971,34,1,27,10
utyj563j,7,44,9,6.05,0.010653,12,1,43,32
utyj563j,8,44,9,6.05,0.003652,18,1,34,26
utyj563j,9,44,9,6.05,0.00509,34,1,27,10
uw2bjj2l,1,119,1,0.39,0.008721,47,3,41|82|104,27|29|16
uw60ldq6,1,94,1,0.49,0.102176,46,2,24|80,10|38
uwfbhfk4,1,69,26,0.9,0.002627,3,1,67,66
uwfbhfk4,2,69,26,0.9,0.002577,3,1,67,66
uwfbhfk4,3,69,26,0.9,0.002641,3,1,67,66
uwfbhfk4,4,69,26,0.9,0.002657,3,1,67,66
uwfbhfk4,5,69,26,0.9,0.002614,3,1,67,66
uwfbhfk4,6,69,26,0.9,0.002533,3,1,67,66
uwfbhfk4,7,69,26,0.9,0.002541,3,1,67,66
uwfbhfk4,8,69,26,0.9,0.002555,3,1,67,66
uwfbhfk4,9,69,26,0.9,0.002546,3,1,67,66
uwfbhfk4,10,69,26,0.9,0.002525,3,1,67,66
uwfbhfk4,11,69,26,0.9,0.003816,2,1,68,67
uwfbhfk4,12,69,26,0.9,0.003791,2,1,68,67
uwfbhfk4,13,69,26,0.9,0.003708,2,1,68,67
uwfbhfk4,14,69,26,0.9,0.003705,2,1,68,67
uwfbhfk4,15,69,26,0.9,0.003717,2,1,68,67
uwfbhfk4,16,69,26,0.9,0.003708,2,1,68,67
uwfbhfk4,17,69,26,0.9,0.003594,2,1,68,67
uwfbhfk4,18,69,26,0.9,0.003547,2,1,68,67
uwfbhfk4,19,69,26,0.9,0.00355,2,1,68,67
uwfbhfk4,20,69,26,0.9,0.004187,2,1,68,67
uwfbhfk4,21,69,26,0.9,0.004076,2,1,68,67
uwfbhfk4,22,69,26,0.9,0.003987,2,1,68,67
uwfbhfk4,23,69,26,0.9,0.003999,2,1,68,67
uwfbhfk4,24,69,26,0.9,0.003961,2,1,68,67
uwfbhfk4,25,69,26,0.9,0.003939,2,1,68,67
uwfbhfk4,26,69,26,0.9,0.003862,2,1,68,67
uzb8en0g,1,40,6,4.45,0.022617,30,1,25,10
uzb8en0g,2,40,6,4.45,0.006644,30,1,25,10
uzb8en0g,3,40,6,4.45,0.017556,30,1,25,10
uzb8en0g,4,40,6,4.45,0.018169,30,1,25,10
uzb8en0g,5,40,6,4.45,0.004462,30,1,25,10
uzb8en0g,6,40,6,4.45,0.001453,28,1,25,10
v0kjwbn7,1,102,1,0.81,0.007609,83,1,33,19
v27nej0n,1,43,3,2.65,0.016819,38,1,24,5
v27nej0n,2,43,3,2.65,0.060984,38,1,24,5
v27nej0n,3,43,3,2.65,0.029206,38,1,24,5
v4ibiqyv,1,120,1,0.68,0.005861,81,2,56|85,31|8
v4onm43q,1,70,1,0.31,0.090567,22,2,14|45,11|16
v54gu7uj,1,39,1,0.74,0.000346,29,1,15,9
v5l58s16,1,82,1,0.76,0.002794,62,2,10|46,8|5
v60if4yq,1,108,1,0.16,0.023883,17,1,97,91
v8gcabcj,1,301,1,0.17,0.011298,50,6,43|83|137|198|216|274,34|29|44|59|15|51
v9dk3ycf,1,84,1,0.67,0.048515,56,1,41,28
vcsib2pf,1,77,1,0.51,0.000214,39,1,59,37
vd2kzgc9,1,105,1,0.59,0.047651,62,2,47|79,17|26
vd8urin3,1,110,1,0.76,0.001413,84,1,68,26
vfm3lqut,1,100,1,0.75,0.001354,75,3,7|20|42,6|12|5
vgasx27o,1,125,7,6.72,0.005605,120,1,65,5
vgasx27o,2,125,7,6.72,0.009968,120,1,65,5
vgasx27o,3,125,7,6.72,0.006301,120,1,65,5
vgasx27o,4,125,7,6.72,0.007636,120,1,65,5
vgasx27o,5,125,7,6.72,0.007393,120,1,65,5
vgasx27o,6,125,7,6.72,0.008156,120,1,65,5
vgasx27o,7,125,7,6.72,0.007512,120,1,65,5
vgu21nrp,1,100,1,0.47,0.01316,47,1,91,53
vh9syoaj,1,47,7,6.19,0.032166,42,1,26,5
vh9syoaj,2,47,7,6.19,0.013388,42,1,26,5
vh9syoaj,3,47,7,6.19,0.016299,42,1,26,5
vh9syoaj,4,47,7,6.19,0.008608,42,1,26,5
vh9syoaj,5,47,7,6.19,0.003091,41,1,26,5
vh9syoaj,6,47,7,6.19,0.006437,42,1,26,5
vh9syoaj,7,47,7,6.19,0.002526,40,1,26,5
vide3a0t,1,77,1,0.22,0.011641,17,1,57,51
viqv63nb,1,105,1,0.86,0.0021,90,1,72,15
vj2a4tw7,1,524,1,0.19,0.001767,99,8,77|192|263|287|382|416|460|510,50|111|62|16|86|28|19|44
vjl6snjk,1,107,5,4.49,0.203237,102,1,56,5
vjl6snjk,2,107,5,4.49,0.055124,102,1,56,5
vjl6snjk,3,107,5,4.49,0.027257,102,1,56,5
vjl6snjk,4,107,5,4.49,0.011882,102,1,56,5
vjl6snjk,5,107,5,4.49,0.003021,72,2,56|90,5|16
vjxc3ysh,1,78,1,0.59,0.050646,46,3,25|35|66,11|9|12
vjyvp05h,1,81,1,0.77,0.109844,62,2,27|49,14|5
vkl7ibk1,1,76,1,0.61,0.001698,46,2,31|72,17|12
vlem9qx0,1,116,3,2.5,0.013386,109,1,32,6
vlem9qx0,2,116,3,2.5,0.008531,81,1,109,31
vlem9qx0,3,116,3,2.5,0.016611,100,1,91,16
vll7155a,1,83,5,4.12,0.181793,78,1,44,5
vll7155a,2,83,5,4.12,0.007393,78,1,44,5
vll7155a,3,83,5,4.12,0.01095,78,1,44,5
vll7155a,4,83,5,4.12,0.049043,78,1,44,5
vll7155a,5,83,5,4.12,0.023988,30,1,58,53
vnm9m6p4,1,107,1,0.76,0.017988,81,1,63,25
vonb12dh,1,61,1,0.69,0.008243,42,1,33,19
voxac5zw,1,61,3,2.36,0.001257,48,1,28,5
voxac5zw,2,61,3,2.36,0.001078,50,2,16|28,5|5
voxac5zw,3,61,3,2.36,0.001063,46,2,15|27,5|5
vq22ppil,1,191,1,0.27,0.000597,51,4,43|71|80|104,31|5|7|11
vqol16mr,1,43,1,0.88,0.080488,38,1,24,5
vr10gy9y,1,104,1,0.88,0.004752,91,1,67,5
vrhavhrj,1,41,6,5.27,0.017379,36,1,23,5
vrhavhrj,2,41,6,5.27,0.030343,36,1,23,5
vrhavhrj,3,41,6,5.27,0.016063,36,1,23,5
vrhavhrj,4,41,6,5.27,0.020112,36,1,23,5
vrhavhrj,5,41,6,5.27,0.011866,36,1,23,5
vrhavhrj,6,41,6,5.27,0.011785,36,1,23,5
vs4399qb,1,521,1,0.19,0.000819,98,9,106|203|281|327|362|384|432|480|497,95|83|62|42|20|16|42|43|10
vt0mc6ug,1,109,1,0.48,0.18939,52,2,45|68,38|8
vtkm161v,1,126,1,0.23,0.001338,29,3,44|70|99,32|14|27
vu9u4d13,1,416,1,0.66,0.004117,274,3,153|248|351,65|35|38
vumw8ysm,1,69,3,2.74,0.013768,51,1,36,18
vw1ncc20,1,100,20,8.52,0.010616,34,1,82,66
vw1ncc20,2,100,20,8.52,0.009482,38,1,80,62
vw1ncc20,3,100,20,8.52,0.009854,33,1,84,67
vw1ncc20,4,100,20,8.52,0.009869,40,1,79,60
vw1ncc20,5,100,20,8.52,0.008406,41,1,78,59
vw1ncc20,6,100,20,8.52,0.008456,43,1,77,57
vw1ncc20,7,100,20,8.52,0.007901,42,1,77,58
vw1ncc20,8,100,20,8.52,0.007225,42,1,77,58
vw1ncc20,9,100,20,8.52,0.007388,44,1,76,56
vw1ncc20,10,100,20,8.52,0.008533,45,1,76,55
vw1ncc20,11,100,20,8.52,0.009613,46,1,76,54
vw1ncc20,12,100,20,8.52,0.010138,45,1,77,55
vw1ncc20,13,100,20,8.52,0.00688,39,1,79,61
vw1ncc20,14,100,20,8.52,0.010763,41,1,80,59
vw1ncc20,15,100,20,8.52,0.011569,46,1,77,54
vw1ncc20,16,100,20,8.52,0.010286,48,1,75,52
vw1ncc20,17,100,20,8.52,0.008278,48,1,75,52
vw1ncc20,18,100,20,8.52,0.007028,46,1,76,54
vw1ncc20,19,100,20,8.52,0.006753,49,1,75,51
vw1ncc20,20,100,20,8.52,0.010956,42,1,78,58
vzzdtj0w,1,154,1,0.94,0.02404,144,1,52,10
w0cgzody,1,68,1,0.15,0.000316,10,1,62,58
w17yj4f5,1,90,2,1.62,0.000813,63,2,40|60,11|6
w1m2shex,1,124,1,0.43,0.003289,53,2,37|114,29|41
w2bt6b8j,2,62,10,0.47,0.00819,7,1,61,55
w2bt6b8j,3,62,10,0.47,0.009587,2,1,61,60
w2bt6b8j,4,62,10,0.47,0.00636,2,1,61,60
w2bt6b8j,5,62,10,0.47,0.013563,2,1,61,60
w2bt6b8j,6,62,10,0.47,0.010836,2,1,61,60
w2bt6b8j,7,62,10,0.47,0.015971,2,1,61,60
w2bt6b8j,8,62,10,0.47,0.016211,2,1,61,60
w2bt6b8j,9,62,10,0.47,0.010323,2,1,61,60
w2bt6b8j,10,62,10,0.47,0.003561,2,1,61,60
w2j8s1jx,1,100,1,0.03,0.002388,3,1,98,97
w40h9055,1,50,3,1.7,0.000255,25,1,19,6
w40h9055,2,50,3,1.7,7.4e-05,25,2,9|39,5|10
w40h9055,3,50,3,1.7,0.000295,35,1,39,9
w66t98gb,1,81,1,0.41,0.00354,33,3,27|44|74,21|11|15
w6eqbxev,1,85,1,0.14,0.031376,12,1,75,73
w6o6q6px,1,55,4,3.64,0.051521,50,1,30,5
w6o6q6px,2,55,4,3.64,0.029167,50,1,30,5
w6o6q6px,3,55,4,3.64,0.024587,50,1,30,5
w6o6q6px,4,55,4,3.64,0.035251,50,1,30,5
w8oc2tnk,2,33,5,2.61,0.140677,16,1,21,10
w8oc2tnk,3,33,5,2.61,0.093479,23,1,21,10
w8oc2tnk,4,33,5,2.61,0.133044,23,1,21,10
w8oc2tnk,5,33,5,2.61,0.063667,23,1,21,10
w9adt8r2,1,28,5,3.21,0.004681,18,1,19,10
w9adt8r2,2,28,5,3.21,0.004054,18,1,19,10
w9adt8r2,3,28,5,3.21,0.002104,18,1,19,10
w9adt8r2,4,28,5,3.21,0.001259,18,1,19,10
w9adt8r2,5,28,5,3.21,0.019084,18,1,19,10
wceyemr0,1,35,1,0.86,0.003099,30,1,20,5
wevucsii,1,92,1,0.11,0.00903,10,1,85,82
whcu5fel,1,72,4,2.97,0.036575,67,1,38,5
whcu5fel,2,72,4,2.97,0.067477,67,1,38,5
whcu5fel,4,72,4,2.97,0.004937,67,1,38,5
whsa69fv,1,43,10,8.28,0.005191,38,1,24,5
whsa69fv,2,43,10,8.28,0.006167,38,1,24,5
whsa69fv,4,43,10,8.28,0.010223,38,1,24,5
whsa69fv,5,43,10,8.28,0.044162,38,1,24,5
whsa69fv,6,43,10,8.28,0.00691,38,1,24,5
whsa69fv,7,43,10,8.28,0.046541,38,1,24,5
whsa69fv,8,43,10,8.28,0.008796,38,1,24,5
whsa69fv,9,43,10,8.28,0.008804,38,1,24,5
whsa69fv,10,43,10,8.28,0.034453,38,1,24,5
wi9qp1pu,1,113,4,3.12,0.064114,108,1,59,5
wi9qp1pu,2,113,4,3.12,0.051579,108,1,59,5
wi9qp1pu,3,113,4,3.12,0.01407,66,1,97,46
wi9qp1pu,4,113,4,3.12,0.010797,70,1,79,26
wj328sj2,1,80,1,0.06,0.02524,5,1,76,75
wj6nceqs,1,107,1,0.67,0.001458,72,5,11|33|48|69|103,6|6|11|5|7
wj8xzrrw,1,94,1,0.94,0.003209,88,1,83,6
wke7ltxq,1,81,23,7.07,0.002715,24,1,71,57
wke7ltxq,2,81,23,7.07,0.002705,25,1,70,56
wke7ltxq,3,81,23,7.07,0.002612,25,1,70,56
wke7ltxq,4,81,23,7.07,0.002473,25,1,70,56
wke7ltxq,5,81,23,7.07,0.002412,25,1,70,56
wke7ltxq,6,81,23,7.07,0.002198,25,1,70,56
wke7ltxq,7,81,23,7.07,0.002355,25,1,70,56
wke7ltxq,8,81,23,7.07,0.001703,25,1,70,56
wke7ltxq,9,81,23,7.07,0.001353,24,1,70,57
wke7ltxq,10,81,23,7.07,0.002529,26,1,69,54
wke7ltxq,11,81,23,7.07,0.002481,26,1,70,55
wke7ltxq,12,81,23,7.07,0.002238,25,1,70,56
wke7ltxq,13,81,23,7.07,0.002173,25,1,70,56
wke7ltxq,14,81,23,7.07,0.002167,25,1,70,56
wke7ltxq,15,81,23,7.07,0.002802,25,1,70,56
wke7ltxq,16,81,23,7.07,0.002543,25,1,70,56
wke7ltxq,17,81,23,7.07,0.002537,26,1,69,54
wke7ltxq,18,81,23,7.07,0.002553,25,1,70,56
wke7ltxq,19,81,23,7.07,0.002591,25,1,70,56
wke7ltxq,20,81,23,7.07,0.002344,25,1,70,56
wke7ltxq,21,81,23,7.07,0.00218,25,1,70,56
wke7ltxq,22,81,23,7.07,0.002052,24,1,70,57
wke7ltxq,23,81,23,7.07,0.00197,23,1,71,58
wkfwwi0l,1,111,1,0.75,0.018752,83,3,34|61|70,7|10|5
wo0cxlnr,1,27,4,2.52,0.102217,17,1,18,10
wo0cxlnr,2,27,4,2.52,0.063624,17,1,18,10
wo0cxlnr,3,27,4,2.52,0.041329,17,1,18,10
wo0cxlnr,4,27,4,2.52,0.012377,17,1,18,10
wpmwjv84,1,397,1,0.95,0.009049,376,1,202,19
wv2479tb,1,31,4,2.65,0.010963,21,1,20,10
wv2479tb,2,31,4,2.65,0.005483,21,1,20,10
wv2479tb,3,31,4,2.65,0.01421,21,1,20,10
wv2479tb,4,31,4,2.65,0.006139,19,1,20,10
wvvmipxy,1,118,1,0.64,0.05774,75,3,40|94|117,14|21|8
wz9rb406,1,90,1,0.88,0.001899,79,1,71,11
x1lf3klj,1,106,2,1.16,0.003656,52,3,25|60|77,6|21|12
x1lf3klj,2,106,2,1.16,0.003652,71,2,60|75,21|10
x25pz5ty,1,53,5,4.23,0.003312,48,1,29,5
x25pz5ty,2,53,5,4.23,0.001728,48,1,29,5
x25pz5ty,3,53,5,4.23,0.001569,32,2,29|45,13|8
x25pz5ty,4,53,5,4.23,0.014217,48,1,29,5
x25pz5ty,5,53,5,4.23,0.003496,48,1,29,5
x4nyfg56,1,119,1,0.96,0.010045,114,1,62,5
x4o4t12o,1,48,7,6.27,0.036207,43,1,26,5
x4o4t12o,2,48,7,6.27,0.020649,43,1,26,5
x4o4t12o,3,48,7,6.27,0.045536,43,1,26,5
x4o4t12o,4,48,7,6.27,0.007888,43,1,26,5
x4o4t12o,5,48,7,6.27,0.00576,43,1,26,5
x4o4t12o,6,48,7,6.27,0.010418,43,1,26,5
x4o4t12o,7,48,7,6.27,0.003111,43,1,26,5
x6e2i6kz,1,103,1,0.82,0.012674,84,2,41|76,7|5
x7k1q9x4,1,62,2,1.84,0.012986,57,1,33,5
x7k1q9x4,2,62,2,1.84,0.042007,57,1,33,5
x7w2uzae,1,56,1,0.5,0.000292,28,1,42,28
x8w8wpba,1,37,2,1.73,0.017084,32,1,21,5
x8w8wpba,2,37,2,1.73,0.009618,32,1,21,5
xakey307,1,71,3,1.72,0.004027,40,2,23|50,15|6
xakey307,2,71,3,1.72,0.003938,41,1,25,18
xakey307,3,71,3,1.72,0.003762,41,1,25,18
xbqkagc5,1,69,1,0.78,0.003884,54,1,9,6
xd279wt2,1,40,1,0.88,0.012235,35,1,22,5
xeb44q52,1,99,1,0.61,0.053504,60,2,37|68,21|16
xehtt1x4,1,85,1,0.74,0.006108,63,1,73,22
xeu6x3un,1,89,1,0.55,0.062836,49,1,48,11
xgnhrifg,1,595,1,0.83,0.001986,492,2,521|547,82|15
xgusr4xv,1,101,1,0.55,0.006814,56,3,10|43|72,8|7|19
xha3d8ki,1,339,1,0.47,0.005526,161,1,237,176
xis518c2,1,101,1,0.93,0.01579,94,1,18,5
xkv74uxe,1,66,20,0.61,0.024402,2,1,65,64
xkv74uxe,2,66,20,0.61,0.023035,2,1,65,64
xkv74uxe,3,66,20,0.61,0.021908,2,1,65,64
xkv74uxe,4,66,20,0.61,0.022528,2,1,65,64
xkv74uxe,5,66,20,0.61,0.022304,2,1,65,64
xkv74uxe,6,66,20,0.61,0.022793,2,1,65,64
xkv74uxe,7,66,20,0.61,0.021659,2,1,65,64
xkv74uxe,8,66,20,0.61,0.020015,2,1,65,64
xkv74uxe,9,66,20,0.61,0.019901,2,1,65,64
xkv74uxe,10,66,20,0.61,0.019542,2,1,65,64
xkv74uxe,11,66,20,0.61,0.019722,2,1,65,64
xkv74uxe,12,66,20,0.61,0.015197,2,1,65,64
xkv74uxe,13,66,20,0.61,0.018366,2,1,65,64
xkv74uxe,14,66,20,0.61,0.01751,2,1,65,64
xkv74uxe,15,66,20,0.61,0.017582,2,1,65,64
xkv74uxe,16,66,20,0.61,0.018064,2,1,65,64
xkv74uxe,17,66,20,0.61,0.016404,2,1,65,64
xkv74uxe,18,66,20,0.61,0.015653,2,1,65,64
xkv74uxe,19,66,20,0.61,0.016345,2,1,65,64
xkv74uxe,20,66,20,0.61,0.014719,2,1,65,64
xlldj8ud,1,93,1,0.52,0.018177,48,1,86,45
xm6sdw0a,1,39,6,5.23,0.015228,34,1,22,5
xm6sdw0a,2,39,6,5.23,0.00913,34,1,22,5
xm6sdw0a,3,39,6,5.23,0.021233,34,1,22,5
xm6sdw0a,4,39,6,5.23,0.011577,34,1,22,5
xm6sdw0a,5,39,6,5.23,0.00987,34,1,22,5
xm6sdw0a,6,39,6,5.23,0.015925,34,1,22,5
xmjr1qxh,1,94,6,5.05,0.018294,89,1,49,5
xmjr1qxh,2,94,6,5.05,0.026794,89,1,49,5
xmjr1qxh,3,94,6,5.05,0.013658,89,1,49,5
xmjr1qxh,4,94,6,5.05,0.035712,89,1,49,5
xmjr1qxh,5,94,6,5.05,0.001293,88,1,49,5
xmjr1qxh,6,94,6,5.05,0.000341,31,1,64,63
xovhs2ho,1,31,4,2.71,0.129454,21,1,20,10
xovhs2ho,2,31,4,2.71,0.042679,21,1,20,10
xovhs2ho,3,31,4,2.71,0.053582,21,1,20,10
xovhs2ho,4,31,4,2.71,0.099348,21,1,20,10
xow0q2ig,1,95,1,0.39,0.00562,37,3,36|56|85,20|13|22
xrmsmmku,1,785,1,0.84,0.005672,662,5,121|537|578|614|720,44|25|11|6|17
xrqe459g,1,123,1,0.15,0.01354,18,2,50|117,47|58
xu04kjdw,1,114,1,0.46,0.008241,53,2,64|105,39|20
xvem8lqs,1,319,1,0.82,0.102515,262,2,51|267,23|32
xvey2smw,1,107,1,0.4,0.001744,43,3,35|54|79,28|13|18
xwebmbdi,1,37,1,0.73,0.019513,27,1,23,10
xxz9n5ks,1,51,2,1.63,0.005972,36,1,14,12
xy1h5gex,1,469,1,0.65,0.024049,305,2,192|370,78|81
xyii4pa5,1,86,1,0.67,0.026993,58,3,26|38|61,14|5|7
xzl5r5wi,1,81,1,0.7,0.000525,57,1,61,21
y2ibs5yx,1,100,1,0.63,0.000581,63,2,82|99,27|6
y2pfmpls,1,62,1,0.4,0.001447,25,2,15|60,6|29
y4qcghic,1,92,3,1.97,0.003782,66,2,24|45,10|11
y4qcghic,2,92,3,1.97,0.003083,67,2,22|45,9|11
y4qcghic,3,92,3,1.97,0.1737,48,2,32|47,10|7
y79qprqu,1,38,2,1.74,0.194367,33,1,21,5
y79qprqu,2,38,2,1.74,0.049609,33,1,21,5
y92zmumi,1,59,1,0.92,0.185207,54,1,32,5
y97cgbwv,1,108,1,0.75,0.018862,81,1,71,23
ybgh2txp,1,299,1,0.01,0.001236,3,1,298,296
ybs4g3rw,1,93,1,0.85,0.002215,79,1,51,6
ycfkqqh2,1,35,1,0.86,0.00632,30,1,20,5
ydnmsfmq,2,225,2,1.49,0.001293,180,2,103|163,10|20
ygllbood,1,87,1,0.24,0.003734,21,3,28|47|81,26|5|32
yhq28hci,1,114,1,0.29,0.004874,33,2,46|108,37|44
yke51a4w,1,68,1,0.56,0.001611,38,1,54,15
yp6926lu,1,176,15,2.63,0.028468,35,2,93|175,86|55
yp6926lu,2,176,15,2.63,0.027466,33,2,95|175,88|55
yp6926lu,3,176,15,2.63,0.02424,31,2,97|175,90|55
yp6926lu,4,176,15,2.63,0.018349,28,1,99,92
yp6926lu,5,176,15,2.63,0.008564,59,2,65|158,61|56
yp6926lu,6,176,15,2.63,0.022217,30,2,93|175,89|57
yp6926lu,7,176,15,2.63,0.019895,28,2,95|175,91|57
yp6926lu,8,176,15,2.63,0.017842,27,2,96|175,92|57
yp6926lu,9,176,15,2.63,0.009761,54,2,67|159,66|56
yp6926lu,10,176,15,2.63,0.015353,26,2,92|175,91|59
yp6926lu,11,176,15,2.63,0.017713,24,2,94|175,93|59
yp6926lu,12,176,15,2.63,0.014987,22,2,96|175,95|59
yp6926lu,13,176,15,2.63,0.012242,20,2,98|175,97|59
yp6926lu,14,176,15,2.63,0.014417,24,2,92|175,91|61
yp6926lu,15,176,15,2.63,0.038235,22,2,94|175,93|61
yrcpsdp1,1,37,4,2.92,0.033455,27,1,23,10
yrcpsdp1,2,37,4,2.92,0.080442,27,1,23,10
yrcpsdp1,3,37,4,2.92,0.048906,27,1,23,10
yrcpsdp1,4,37,4,2.92,0.061729,27,1,23,10
yridittx,1,92,1,0.55,0.148814,51,3,13|45|82,5|22|14
ytauo2u5,1,119,1,0.22,0.007946,26,1,104,93
ytgkeoqd,1,62,3,2.32,0.039533,38,1,36,18
ytgkeoqd,2,62,3,2.32,0.008086,52,1,60,6
ytgkeoqd,3,62,3,2.32,0.017122,54,1,59,5
yvcujlht,1,55,1,0.64,0.008377,35,1,30,14
yvsck63k,1,136,1,0.85,0.028438,116,2,52|118,8|12
yyxu0snt,1,77,1,0.61,0.01144,47,1,73,30
yz331p77,1,95,2,1.17,0.00847,56,2,20|65,7|32
yz331p77,2,95,2,1.17,0.008761,55,2,20|64,9|31
yzxhr3zy,1,110,5,4.77,0.020897,105,1,57,5
yzxhr3zy,2,110,5,4.77,0.021782,105,1,57,5
yzxhr3zy,3,110,5,4.77,0.028945,105,1,57,5
yzxhr3zy,4,110,5,4.77,0.030177,105,1,57,5
yzxhr3zy,5,110,5,4.77,0.022753,105,1,57,5
z15t9fyy,1,426,1,0.34,0.002532,144,3,138|166|218,125|8|17
z1x4q5j8,1,256,1,0.83,0.000705,212,4,72|111|217|253,10|10|5|10
z2nrevao,1,99,1,0.49,0.012229,49,4,15|31|60|77,7|15|15|13
z5lwwo14,1,100,1,0.87,0.002835,87,1,58,9
z7t26zyy,1,455,1,0.25,0.001626,116,5,148|296|331|393|449,135|133|7|34|28
zac9mxns,1,91,1,0.45,0.085225,41,2,45|78,42|8
zajvn7k5,1,57,4,3.58,0.048626,52,1,31,5
zajvn7k5,2,57,4,3.58,0.077416,52,1,31,5
zajvn7k5,3,57,4,3.58,0.014275,48,1,31,5
zajvn7k5,4,57,4,3.58,0.014926,52,1,31,5
zbcyiru4,1,85,1,0.88,0.030151,75,1,81,10
zbo1yj75,1,81,1,0.83,0.020192,67,1,33,9
zbv4xr1l,1,100,1,0.81,0.001015,81,2,86|99,10|7
zf7d7fqv,1,54,1,0.44,0.003838,24,1,43,30
zg417st5,1,80,5,2.11,0.006977,40,1,54,40
zg417st5,2,80,5,2.11,0.01265,35,1,58,45
zg417st5,3,80,5,2.11,0.005194,31,1,59,49
zg417st5,4,80,5,2.11,0.005847,32,1,55,48
zg417st5,5,80,5,2.11,0.002272,31,1,55,47
zib0ib5u,1,64,1,0.88,0.027986,56,1,26,8
zid4bbd9,1,76,1,0.47,0.010249,36,1,47,40
zitg0m11,1,103,1,0.5,0.003485,51,2,40|86,31|21
ziw0n3qv,1,99,1,0.36,0.016583,36,1,70,47
zj3p2iaa,1,101,1,0.68,0.010208,69,1,38,14
zjlrlm8j,1,99,4,3.77,0.042868,94,1,52,5
zjlrlm8j,2,99,4,3.77,0.015771,91,1,52,5
zjlrlm8j,3,99,4,3.77,0.012437,94,1,52,5
zjlrlm8j,4,99,4,3.77,0.015484,94,1,52,5
zjzrvswt,1,38,1,0.74,0.002812,28,1,24,10
zmdg3jib,1,65,1,0.91,0.02082,59,1,40,6
zmnolf50,2,54,2,1.89,0.000692,48,1,49,6
znfbrgba,1,130,1,0.51,0.040805,66,2,89|129,52|12
znlh28sl,1,93,1,0.41,0.031245,38,3,39|57|85,34|10|11
zp5m6vgw,1,70,2,1.66,0.003758,58,1,55,12
zpfdlnkr,1,60,1,0.85,0.005106,51,1,14,7
zpjsz5f5,1,90,1,0.61,0.007285,55,2,42|81,17|18
zptfuv8s,1,24,3,1.5,0.006751,8,1,17,16
zptfuv8s,2,24,3,1.5,0.202087,14,1,17,10
zptfuv8s,3,24,3,1.5,0.092921,14,1,17,10
zqcze95z,1,50,5,4.38,0.086829,45,1,27,5
zqcze95z,2,50,5,4.38,0.191288,45,1,27,5
zqcze95z,3,50,5,4.38,0.019458,44,1,27,5
zqcze95z,4,50,5,4.38,0.009967,40,1,27,5
zqcze95z,5,50,5,4.38,0.041601,45,1,27,5
zsfmb94f,1,90,3,2.83,0.147629,85,1,47,5
zsfmb94f,2,90,3,2.83,0.149945,85,1,47,5
zsfmb94f,3,90,3,2.83,0.140255,85,1,47,5
ztad9n11,1,35,2,1.71,0.033135,30,1,20,5
ztad9n11,2,35,2,1.71,0.009824,30,1,20,5
zua32b1i,1,33,4,2.79,0.049221,23,1,21,10
zua32b1i,2,33,4,2.79,0.012643,23,1,21,10
zua32b1i,3,33,4,2.79,0.036558,23,1,21,10
zua32b1i,4,33,4,2.79,0.028406,23,1,21,10
zuodpg0w,1,111,1,0.76,0.03527,84,2,42|75,7|7
zvjnb8cp,1,510,1,0.72,0.000736,366,1,508,120
zvsjrczm,1,103,1,0.27,0.199005,28,1,82,71
zw325fa4,1,82,3,1.96,0.003068,41,2,20|54,18|8
zw325fa4,2,82,3,1.96,0.018349,68,2,49|75,5|9
zxh1jkdr,1,133,1,0.65,0.003384,87,5,19|66|96|108|123,5|9|6|5|12
zxjkp4zx,1,69,1,0.88,0.003755,61,1,55,8
zxlutcnx,1,54,4,1.89,0.04925,49,1,29,5
zxlutcnx,3,54,4,1.89,0.022105,49,1,29,5
