split,video,frame_idx,obj_idx,object_id,n_objects,frame_height,frame_width,baseline_memory_encoded,mask_conf_iou_head,occ_score_logit,occ_score_prob,pointer_valid,pred_area_px,area_norm,frame0_anchor_area_px,area_ratio_anchor,temporal_iou_prev,centroid_x_px,centroid_y_px,prev_centroid_x_px,prev_centroid_y_px,target_visible,target_gt_area_px,target_iou,max_other_iou,max_other_object_id,ptr_sim_anchor_fp32
TRAIN,5a064706,1,0,1,6,648,1280,1,0.97265625,14.8125,0.9999996423721313,1,34358,0.04142312885802469,32820,1.0468616697135893,0.7070183462926259,784.0804470574539,542.9524710402235,784.9254113345521,551.8509140767825,1,35017,0.9689229459344402,0.0,2,0.38719630241394043
TRAIN,5a064706,1,1,2,6,648,1280,1,0.95703125,16.0,0.9999998807907104,1,18467,0.02226441936728395,18829,0.9807743374581762,0.6134977287475665,466.5632208804895,551.1683002111876,454.6752881193903,566.7486324287004,1,18531,0.9539477158700819,0.0042723263506063945,3,0.4583103060722351
TRAIN,5a064706,1,2,3,6,648,1280,1,0.88671875,11.9375,0.9999934434890747,1,3336,0.004021990740740741,4146,0.804630969609262,0.30484827345657484,391.8045563549161,535.0014988009592,373.34852870236375,540.5303907380608,1,3394,0.9135626954791015,0.00381013587954462,2,0.5054090619087219
TRAIN,5a064706,1,3,4,6,648,1280,1,0.953125,13.4375,0.9999985694885254,1,8181,0.00986328125,7922,1.0326937642009593,0.48922593174882084,560.5817137269282,473.9393717149493,540.4664226205504,485.1155011360768,1,8605,0.9352086695872723,0.00018589088205223534,5,0.3805878758430481
TRAIN,5a064706,1,4,5,6,648,1280,1,0.9140625,11.0625,0.9999842643737793,1,2508,0.0030237268518518517,2795,0.8973166368515205,0.33341714860447574,648.6140350877193,485.8066188197767,631.1717352415027,499.8686940966011,1,2580,0.8949720670391061,0.002430945130095635,1,0.5671322345733643
TRAIN,5a064706,1,5,6,6,648,1280,1,7.884065213396045e-25,-2.34375,0.08756384253501892,0,0,0.0,260,0.0,0.0,,,710.723076923077,477.70384615384614,0,0,,0.0,1,
TRAIN,5a064706,2,0,1,6,648,1280,1,0.97265625,14.625,0.9999995231628418,1,35409,0.04269024884259259,32820,1.0788848263254114,0.6845828805988169,757.2152277669519,541.795616933548,784.0804470574539,542.9524710402235,1,36032,0.967042044109144,0.0008616511389950993,5,0.4004433751106262
TRAIN,5a064706,2,1,2,6,648,1280,1,0.953125,15.625,0.9999998807907104,1,18162,0.021896701388888887,18829,0.9645759201232141,0.8914076216048745,462.8270014315604,548.5383217707301,466.5632208804895,551.1683002111876,1,18165,0.9502335319697214,0.015145061290169909,3,0.4423622190952301
TRAIN,5a064706,2,2,3,6,648,1280,1,0.85546875,9.0625,0.9998840093612671,1,3173,0.0038254726080246913,4146,0.7653159671972986,0.8371436635619531,391.73810274188463,531.7809643870154,391.8045563549161,535.0014988009592,1,3287,0.8702953097857556,0.007697756788665879,2,0.5124242901802063
TRAIN,5a064706,2,3,4,6,648,1280,1,0.94921875,14.1875,0.9999992847442627,1,8173,0.009853636188271606,7922,1.0316839182024742,0.9503875968992248,558.6812675884008,473.57885721277376,560.5817137269282,473.9393717149493,1,8534,0.9440307191063533,0.0003038359285985568,2,0.3602764308452606
TRAIN,5a064706,2,4,5,6,648,1280,1,0.91015625,10.875,0.9999810457229614,1,1876,0.002261766975308642,2795,0.6711985688729875,0.6790501723477594,645.1002132196162,480.909381663113,648.6140350877193,485.8066188197767,1,1761,0.8815312984997413,0.0029632765371997035,1,0.4358086884021759
TRAIN,5a064706,2,5,6,6,648,1280,1,3.3921018924503508e-28,-2.890625,0.052618950605392456,0,0,0.0,260,0.0,,,,,,0,0,,0.0,1,
TRAIN,5a064706,3,0,1,6,648,1280,1,0.97265625,14.25,0.9999994039535522,1,36203,0.0436475212191358,32820,1.1030773918342474,0.6982546006450389,737.4249095378837,552.605529928459,757.2152277669519,541.795616933548,1,36535,0.9689251008310099,0.002053388090349076,5,0.2580088675022125
TRAIN,5a064706,3,1,2,6,648,1280,1,0.94140625,15.75,0.9999998807907104,1,17859,0.021531394675925925,18829,0.9484837219183175,0.8311727924355651,463.65675569740745,558.4317710958061,462.8270014315604,548.5383217707301,1,20712,0.8569640363968996,0.0002707197277333024,4,0.3756078779697418
TRAIN,5a064706,3,2,3,6,648,1280,1,0.6953125,11.0,0.9999833106994629,1,2806,0.003383005401234568,4146,0.6767969126869272,0.724545716758004,388.53243050605846,537.2883107626515,391.73810274188463,531.7809643870154,1,1253,0.40498442367601245,0.07324419294482727,2,0.3922049403190613
TRAIN,5a064706,3,3,4,6,648,1280,1,0.953125,13.8125,0.9999990463256836,1,7678,0.00925684799382716,7922,0.9691996970462005,0.6679995790802904,558.5523573847356,483.83263870799686,558.6812675884008,473.57885721277376,1,8005,0.938566131025958,0.0008460833392089121,2,0.32536911964416504
TRAIN,5a064706,3,4,5,6,648,1280,1,0.8671875,9.9375,0.9999517202377319,1,916,0.0011043595679012346,2795,0.32772808586762076,0.47257383966244726,639.5491266375545,487.5829694323144,645.1002132196162,480.909381663113,1,885,0.856701030927835,0.0032613585245164192,4,0.42783841490745544
TRAIN,5a064706,3,5,6,6,648,1280,1,1.4227506535912076e-21,-1.7890625,0.14318770170211792,0,0,0.0,260,0.0,,,,,,0,0,,0.0,1,
TRAIN,5a064706,4,0,1,6,648,1280,1,0.97265625,14.125,0.9999992847442627,1,36886,0.04447096836419753,32820,1.1238878732480195,0.7728430397555001,732.5779428509462,555.9647562760939,737.4249095378837,552.605529928459,1,36379,0.9594287395362521,0.001431117351622833,5,0.2705847918987274
TRAIN,5a064706,4,1,2,6,648,1280,1,0.90625,15.6875,0.9999998807907104,1,18176,0.021913580246913582,18829,0.9653194540336715,0.7693705194932731,473.4806338028169,559.3722491197183,463.65675569740745,558.4317710958061,1,24183,0.7238025475114963,0.01712104689203926,3,0.3792220652103424
TRAIN,5a064706,4,2,3,6,648,1280,1,0.416015625,6.21875,0.9980121850967407,1,2829,0.0034107349537037036,4146,0.6823444283646889,0.5304182509505704,393.3191940615058,548.4941675503711,388.53243050605846,537.2883107626515,1,478,0.0,0.11082781593124152,2,0.40740805864334106
TRAIN,5a064706,4,3,4,6,648,1280,1,0.94140625,13.75,0.999998927116394,1,6043,0.007285638503086419,7922,0.7628124211057814,0.642053614169459,571.7469799768327,484.0699983451928,558.5523573847356,483.83263870799686,1,6410,0.919093851132686,0.004157684016014783,3,0.4162914454936981
TRAIN,5a064706,4,4,5,6,648,1280,1,0.73828125,3.625,0.9740425944328308,1,263,0.00031708140432098764,2795,0.09409660107334526,0.287117903930131,647.7832699619772,485.1939163498099,639.5491266375545,487.5829694323144,1,201,0.7575757575757576,0.0003549100439542439,1,0.4199222922325134
TRAIN,5a064706,4,5,6,6,648,1280,1,3.774403012357652e-11,-1.203125,0.23091977834701538,0,0,0.0,260,0.0,,,,,,0,0,,0.0,1,
TRAIN,5a064706,5,0,1,6,648,1280,1,0.97265625,14.375,0.9999994039535522,1,37050,0.04466869212962963,32820,1.1288848263254114,0.8307787544880525,735.1669365721997,553.3951417004049,732.5779428509462,555.9647562760939,1,36854,0.9703529913618428,0.006557553280120401,5,0.28393468260765076
TRAIN,5a064706,5,1,2,6,648,1280,1,0.94921875,13.8125,0.9999990463256836,1,25938,0.03127170138888889,18829,1.377555897817197,0.5902667627974044,453.8671061762665,558.0164623332562,473.4806338028169,559.3722491197183,1,26884,0.9434857794620847,0.009047345217557984,3,0.39497652649879456
TRAIN,5a064706,5,2,3,6,648,1280,1,0.3125,5.3125,0.9950946569442749,1,779,0.0009391878858024691,4146,0.18789194404245055,0.07927011666168113,398.5853658536585,510.9704749679076,393.3191940615058,548.4941675503711,1,383,0.0,0.02824963758688622,2,0.36525458097457886
TRAIN,5a064706,5,3,4,6,648,1280,1,0.9296875,14.0625,0.9999991655349731,1,5257,0.006338011188271605,7922,0.6635950517546074,0.5683553088133241,592.3266121361994,478.01521780483165,571.7469799768327,484.0699983451928,1,5173,0.9575825825825826,0.010390541024722321,3,0.3941115438938141
TRAIN,5a064706,5,4,5,6,648,1280,1,2.983724378680108e-16,-1.5859375,0.169956237077713,0,0,0.0,2795,0.0,0.0,,,647.7832699619772,485.1939163498099,1,403,0.0,0.0,1,
TRAIN,5a064706,5,5,6,6,648,1280,1,0.57421875,0.3828125,0.5945512652397156,1,137,0.00016517168209876544,260,0.5269230769230769,0.0,750.1240875912408,474.6788321167883,,,0,0,0.0,0.13445378151260504,5,0.4209299385547638
TRAIN,5a064706,6,0,1,6,648,1280,1,0.9765625,13.5,0.9999985694885254,1,36664,0.044203317901234565,32820,1.1171237050578915,0.6775676475273662,728.0153011128082,568.3327241981235,735.1669365721997,553.3951417004049,1,36568,0.9735359905139193,0.003095723014256619,6,0.2737955152988434
TRAIN,5a064706,6,1,2,6,648,1280,1,0.953125,14.625,0.9999995231628418,1,27283,0.03289327739197531,18829,1.4489882627861277,0.7252658195020747,450.5143495949859,569.7458124106587,453.8671061762665,558.0164623332562,1,25586,0.8961695717667312,0.07726824997263872,3,0.4403529763221741
TRAIN,5a064706,6,2,3,6,648,1280,1,0.26953125,3.828125,0.9787126779556274,1,2174,0.002621045524691358,4146,0.5243608297153883,0.0,507.83440662373505,602.0781968721251,398.5853658536585,510.9704749679076,1,2246,0.8681318681318682,0.0017321016166281756,2,0.3405909240245819
TRAIN,5a064706,6,3,4,6,648,1280,1,0.9296875,13.6875,0.9999988079071045,1,4769,0.0057496624228395065,7922,0.6019944458470083,0.45304347826086955,600.9901446844202,491.50849234640384,592.3266121361994,478.01521780483165,1,4729,0.9203396684189243,0.0007132667617689016,3,0.42284294962882996
TRAIN,5a064706,6,4,5,6,648,1280,1,5.4836273193359375e-05,-0.390625,0.403566837310791,0,0,0.0,2795,0.0,,,,,,0,0,,0.0,1,
TRAIN,5a064706,6,5,6,6,648,1280,1,0.5390625,2.828125,0.9441768527030945,1,233,0.00028091242283950616,260,0.8961538461538462,0.0,770.7467811158798,494.20600858369096,750.1240875912408,474.6788321167883,1,275,0.5347432024169184,0.0010881096814558907,1,0.43722042441368103
TRAIN,5a064706,7,0,1,6,648,1280,1,0.97265625,14.0625,0.9999991655349731,1,33889,0.04085768711419753,32820,1.032571602681292,0.7684672264694824,723.514414706837,576.5725751718846,728.0153011128082,568.3327241981235,1,34163,0.9745821727019499,0.0008649932157394844,2,0.3673343062400818
TRAIN,5a064706,7,1,2,6,648,1280,1,0.9609375,13.875,0.9999990463256836,1,24740,0.029827353395061727,18829,1.3139306389080674,0.7629536751499543,450.27429264349234,575.4401778496363,450.5143495949859,569.7458124106587,1,25122,0.9654696677046789,0.005056200210978138,3,0.5781678557395935
TRAIN,5a064706,7,2,3,6,648,1280,1,0.87890625,3.515625,0.9711290597915649,1,2569,0.003097270447530864,4146,0.6196333815726001,0.35243798118049613,523.0821331257299,613.1771117166212,507.83440662373505,602.0781968721251,1,2890,0.8625042647560559,0.0014103862288442066,2,0.3543086051940918
TRAIN,5a064706,7,3,4,6,648,1280,1,0.921875,14.4375,0.9999994039535522,1,3997,0.004818913966049383,7922,0.5045443069931835,0.5424951610065106,608.177383037278,500.3560170127596,600.9901446844202,491.50849234640384,1,4003,0.9212295869356388,0.004228638086905804,3,0.3755413293838501
TRAIN,5a064706,7,4,5,6,648,1280,1,0.74609375,1.6953125,0.8449215292930603,1,519,0.0006257233796296296,2795,0.1856887298747764,0.0,788.1753371868979,508.27938342967246,,,0,0,0.0,0.6813186813186813,6,0.3070205748081207
TRAIN,5a064706,7,5,6,6,648,1280,1,0.73828125,5.3125,0.9950946569442749,1,427,0.0005148051697530864,260,1.6423076923076922,0.0045662100456621,786.4683840749415,506.90866510538643,770.7467811158798,494.20600858369096,1,399,0.7066115702479339,0.0008680555555555555,1,0.4938662350177765
TRAIN,5a064706,8,0,1,6,648,1280,1,0.97265625,14.1875,0.9999992847442627,1,33191,0.040016155478395064,32820,1.011304082876295,0.8152788677509268,712.4629266969962,567.7131150010545,723.514414706837,576.5725751718846,1,33496,0.9709472439781291,0.006100371444839086,4,0.31998738646507263
TRAIN,5a064706,8,1,2,6,648,1280,1,0.95703125,14.75,0.9999996423721313,1,26610,0.03208188657407408,18829,1.413245525519146,0.8422185549257373,449.6983089064262,571.1116497557309,450.27429264349234,575.4401778496363,1,26825,0.9709711925048873,0.0012951601908657124,3,0.48415637016296387
TRAIN,5a064706,8,2,3,6,648,1280,1,0.8984375,4.09375,0.9835969805717468,1,2613,0.003150318287037037,4146,0.630246020260492,0.4588963963963964,537.593570608496,604.998469192499,523.0821331257299,613.1771117166212,1,2768,0.8841036414565826,0.0029982964224872233,2,0.3792772889137268
TRAIN,5a064706,8,3,4,6,648,1280,1,0.90234375,13.4375,0.9999985694885254,1,3783,0.0045609085648148145,7922,0.4775309265337036,0.44555927164622816,618.7605075337034,488.7636796193497,608.177383037278,500.3560170127596,1,3917,0.8812606889811874,0.0014506380120886501,1,0.3410158157348633
TRAIN,5a064706,8,4,5,6,648,1280,1,0.796875,3.75,0.977022647857666,1,719,0.0008668499228395061,2795,0.25724508050089445,0.10832587287376902,796.4255910987482,502.4728789986092,788.1753371868979,508.27938342967246,0,0,0.0,0.8180645161290323,6,0.4492523968219757
TRAIN,5a064706,8,5,6,6,648,1280,1,0.8046875,5.71875,0.9967268705368042,1,750,0.000904224537037037,260,2.8846153846153846,0.10516431924882629,796.8613333333333,502.7146666666667,786.4683840749415,506.90866510538643,1,690,0.8022528160200251,0.0019309537741369221,1,0.4233051836490631
TRAIN,5a064706,9,0,1,6,648,1280,1,0.97265625,14.8125,0.9999996423721313,1,35690,0.04302903163580247,32820,1.087446678854357,0.7803308348410442,701.5345755113477,562.612692630989,712.4629266969962,567.7131150010545,1,35691,0.9767106975713772,0.004005596861367939,6,0.33792686462402344
TRAIN,5a064706,9,1,2,6,648,1280,1,0.9453125,15.9375,0.9999998807907104,1,29398,0.03544319058641975,18829,1.5613149928302088,0.7373825107795391,434.33366215388804,567.1257568542078,449.6983089064262,571.1116497557309,1,29240,0.9713565305093294,0.010614436897804454,3,0.3728809058666229
TRAIN,5a064706,9,2,3,6,648,1280,1,0.79296875,5.34375,0.9952448010444641,1,2831,0.0034131462191358025,4146,0.6828268210323203,0.5857850276725896,533.4577887672201,594.5001766160367,537.593570608496,604.998469192499,1,2593,0.8031914893617021,0.008839257628184964,2,0.4525413513183594
TRAIN,5a064706,9,3,4,6,648,1280,1,0.90234375,12.8125,0.9999972581863403,1,3467,0.00417992862654321,7922,0.437642009593537,0.43110935649427556,617.8618402076723,478.5125468704932,618.7605075337034,488.7636796193497,1,3491,0.9252905368013282,0.001867724190866061,1,0.37873807549476624
TRAIN,5a064706,9,4,5,6,648,1280,1,0.82421875,3.828125,0.9787126779556274,1,909,0.001095920138888889,2795,0.3252236135957066,0.5329566854990584,791.5984598459846,496.8569856985699,796.4255910987482,502.4728789986092,0,0,0.0,0.8739669421487604,6,0.4245951175689697
TRAIN,5a064706,9,5,6,6,648,1280,1,0.83203125,5.53125,0.9960545301437378,1,957,0.0011537905092592594,260,3.6807692307692306,0.5350719424460432,791.8537095088819,497.10762800417973,796.8613333333333,502.7146666666667,1,905,0.8638638638638638,0.0007919386111035255,1,0.41915494203567505
TRAIN,5a064706,10,0,1,6,648,1280,1,0.97265625,14.1875,0.9999992847442627,1,35378,0.04265287422839506,32820,1.07794028031688,0.79437458970863,686.8061224489796,560.3612414494884,701.5345755113477,562.612692630989,1,35971,0.9741298212605832,0.0020899450421859277,4,0.3481738865375519
TRAIN,5a064706,10,1,2,6,648,1280,1,0.9609375,15.4375,0.9999997615814209,1,28955,0.034909095293209874,18829,1.5377874555207394,0.7174770426183188,414.1394923156622,566.2968053876705,434.33366215388804,567.1257568542078,1,29169,0.9719093499796445,0.0019069651119169688,3,0.40709438920021057
TRAIN,5a064706,10,2,3,6,648,1280,1,0.84375,7.6875,0.9995417594909668,1,3352,0.004041280864197531,4146,0.8084901109503135,0.4432773109243697,529.2300119331742,570.4122911694511,533.4577887672201,594.5001766160367,1,3094,0.8209039548022599,0.007465923172242875,2,0.5628334879875183
TRAIN,5a064706,10,3,4,6,648,1280,1,0.89453125,12.4375,0.9999960660934448,1,3192,0.0038483796296296295,7922,0.4029285533956072,0.7035047326682016,618.4555137844611,474.0642230576441,617.8618402076723,478.5125468704932,1,3460,0.9071100917431193,0.0005109470403392688,1,0.3917781114578247
TRAIN,5a064706,10,4,5,6,648,1280,1,0.76953125,4.0625,0.9830850958824158,1,1221,0.0014720775462962962,2795,0.4368515205724508,0.4324142568930733,776.6224406224406,493.45782145782147,791.5984598459846,496.8569856985699,1,75,0.0109204368174727,0.7824109173616376,6,0.4067007005214691
TRAIN,5a064706,10,5,6,6,648,1280,1,0.796875,5.5625,0.9961755275726318,1,1173,0.001414207175925926,260,4.5115384615384615,0.4669421487603306,779.5260017050298,493.9164535379369,791.8537095088819,497.10762800417973,1,1130,0.8424,0.0021313907999460408,1,0.39450955390930176
TRAIN,5a064706,11,0,1,6,648,1280,1,0.96484375,14.375,0.9999994039535522,1,36544,0.04405864197530864,32820,1.1134673979280927,0.8257558449470718,678.4564360770578,557.6266418563923,686.8061224489796,560.3612414494884,1,37350,0.9644822544197793,0.003083299636069551,4,0.3553481698036194
TRAIN,5a064706,11,1,2,6,648,1280,1,0.9609375,15.9375,0.9999998807907104,1,30908,0.03726369598765432,18829,1.641510436029529,0.7910184298707515,399.3073637893102,564.4310534489452,414.1394923156622,566.2968053876705,1,31591,0.9674809544796323,0.0009851628504045139,3,0.36016151309013367
TRAIN,5a064706,11,2,3,6,648,1280,1,0.79296875,9.75,0.9999417066574097,1,2940,0.0035445601851851853,4146,0.7091172214182344,0.5682951146560319,530.7275510204082,554.8894557823129,529.2300119331742,570.4122911694511,1,2622,0.7924589107315501,0.009530770355211226,2,0.4593915045261383
TRAIN,5a064706,11,3,4,6,648,1280,1,0.875,12.75,0.9999971389770508,1,2869,0.003458960262345679,7922,0.362156021206766,0.5493353783231084,631.9672359707215,468.03520390379924,618.4555137844611,474.0642230576441,1,3146,0.8986742424242424,0.00014920548081466192,1,0.33700621128082275
TRAIN,5a064706,11,4,5,6,648,1280,1,0.78515625,4.28125,0.9863631129264832,1,1334,0.0016083140432098764,2795,0.4772808586762075,0.5732758620689655,779.767616191904,490.3703148425787,776.6224406224406,493.45782145782147,1,195,0.0515818431911967,0.825735294117647,6,0.37676143646240234
TRAIN,5a064706,11,5,6,6,648,1280,1,0.79296875,5.75,0.9968273043632507,1,1276,0.0015383873456790123,260,4.907692307692308,0.6037982973149967,782.4302507836991,490.73902821316614,779.5260017050298,493.9164535379369,1,1149,0.8740340030911901,0.012388162422573986,5,0.39437901973724365
TRAIN,5a064706,12,0,1,6,648,1280,1,0.96484375,14.3125,0.9999994039535522,1,36960,0.04456018518518518,32820,1.1261425959780622,0.7559903485510882,673.3479978354978,546.1544372294372,678.4564360770578,557.6266418563923,1,36796,0.9678236973399856,0.005720122574055159,3,0.3523860573768616
TRAIN,5a064706,12,1,2,6,648,1280,1,0.9609375,15.25,0.9999997615814209,1,31788,0.03832465277777778,18829,1.6882468532582717,0.6895548129783335,386.9623442808607,555.0557443060275,399.3073637893102,564.4310534489452,1,32299,0.9713617767387492,0.001053370786516854,3,0.31894001364707947
TRAIN,5a064706,12,2,3,6,648,1280,1,0.73828125,11.625,0.9999910593032837,1,2428,0.002927276234567901,4146,0.5856246985045828,0.28083989501312334,545.2306425041186,532.4077429983525,530.7275510204082,554.8894557823129,1,2424,0.8274952919020716,0.0032739922242684674,1,0.44681814312934875
TRAIN,5a064706,12,3,4,6,648,1280,1,0.87890625,12.125,0.9999946355819702,1,2813,0.0033914448302469137,7922,0.35508709921736936,0.2960766423357664,650.4347671525062,456.13082118734445,631.9672359707215,468.03520390379924,1,2858,0.8679183135704874,0.0008085504206988908,1,0.36279386281967163
TRAIN,5a064706,12,4,5,6,648,1280,1,0.828125,4.53125,0.9893474578857422,1,1953,0.0023546006944444443,2795,0.6987477638640429,0.29664694280078896,787.6774193548387,484.51868919610854,779.767616191904,490.3703148425787,1,174,0.05926294820717132,0.8463025616239729,6,0.4073651432991028
TRAIN,5a064706,12,5,6,6,648,1280,1,0.82421875,5.4375,0.9956685304641724,1,1971,0.002376302083333333,260,7.5807692307692305,0.3140428976123027,787.3825469304921,484.25063419583967,782.4302507836991,490.73902821316614,1,1867,0.8407673860911271,0.06451612903225806,5,0.4373542070388794
TRAIN,5a064706,13,0,1,6,648,1280,1,0.96875,14.375,0.9999994039535522,1,36463,0.04396098572530864,32820,1.1109993906154785,0.7206364829396326,654.5503661245647,535.1218495461152,673.3479978354978,546.1544372294372,1,36045,0.9670120991807282,0.007486547609763706,3,0.3588601052761078
TRAIN,5a064706,13,1,2,6,648,1280,1,0.96484375,15.25,0.9999997615814209,1,31653,0.03816189236111111,18829,1.6810770619788624,0.6525827711063065,364.3387040722838,544.9356459103402,386.9623442808607,555.0557443060275,1,32561,0.963550744580008,8.838086259721895e-05,3,0.33463698625564575
TRAIN,5a064706,13,2,3,6,648,1280,1,0.77734375,11.5625,0.9999904632568359,1,2212,0.0026668595679012344,4146,0.5335262904003859,0.1782630777044185,536.8051537070525,514.245931283906,545.2306425041186,532.4077429983525,1,2294,0.8081861958266453,0.0023317962691259695,1,0.3880630433559418
TRAIN,5a064706,13,3,4,6,648,1280,1,0.87109375,11.0625,0.9999842643737793,1,2772,0.0033420138888888887,7922,0.34991163847513257,0.327549322557642,655.9422799422799,444.9761904761905,650.4347671525062,456.13082118734445,1,2696,0.9355752212389381,0.0013003901170351106,5,0.3565638065338135
TRAIN,5a064706,13,4,5,6,648,1280,1,0.890625,5.15625,0.9942697286605835,1,2584,0.003115354938271605,2795,0.9245080500894455,0.5108225108225108,777.5100619195047,476.31927244582045,787.6774193548387,484.51868919610854,1,308,0.09049773755656108,0.842741935483871,6,0.4279237985610962
TRAIN,5a064706,13,5,6,6,648,1280,1,0.89453125,6.40625,0.9983515739440918,1,2634,0.003175636574074074,260,10.13076923076923,0.5123152709359606,777.0026575550494,476.1742596810934,787.3825469304921,484.25063419583967,1,2443,0.8414943779470438,0.0957169459962756,5,0.4216836094856262
TRAIN,5a064706,14,0,1,6,648,1280,1,0.96484375,13.875,0.9999990463256836,1,36069,0.04348596643518519,32820,1.0989945155393053,0.658822184105203,630.9507333166986,546.4793312817101,654.5503661245647,535.1218495461152,1,36771,0.9638187161305978,0.002807966304404347,3,0.3402315676212311
TRAIN,5a064706,14,1,2,6,648,1280,1,0.96484375,14.75,0.9999996423721313,1,32278,0.038915412808641976,18829,1.7142705401242764,0.6257915215014114,335.4798934258628,556.2492409690811,364.3387040722838,544.9356459103402,1,32457,0.9736280487804878,0.0,1,0.3324664235115051
TRAIN,5a064706,14,2,3,6,648,1280,1,0.7421875,10.625,0.9999756813049316,1,2287,0.002757282021604938,4146,0.5516160154365654,0.20069388844408861,520.2575426322693,533.8552689112374,536.8051537070525,514.245931283906,1,2501,0.8260869565217391,0.0018982146521649907,1,0.3884565234184265
TRAIN,5a064706,14,3,4,6,648,1280,1,0.875,11.8125,0.9999926090240479,1,2822,0.003402295524691358,7922,0.3562231759656652,0.27223106663634294,645.5233876683203,456.1052445074415,655.9422799422799,444.9761904761905,1,2705,0.8999656239257476,0.0009538950715421304,5,0.33879968523979187
TRAIN,5a064706,14,4,5,6,648,1280,1,0.90234375,6.15625,0.9978843331336975,1,3179,0.0038327064043209877,2795,1.1373881932021468,0.20615320217664296,757.2604592639194,488.9273356401384,777.5100619195047,476.31927244582045,1,326,0.07515337423312883,0.835439229843562,6,0.4576936662197113
TRAIN,5a064706,14,5,6,6,648,1280,1,0.91015625,7.375,0.999373733997345,1,3284,0.0039592978395061726,260,12.63076923076923,0.21945188543169172,757.0106577344702,488.69701583434835,777.0026575550494,476.1742596810934,1,2922,0.8263684520306063,0.08148591971240264,5,0.4329683482646942
TRAIN,5a064706,15,0,1,6,648,1280,1,0.96875,13.625,0.9999988079071045,1,34333,0.04139298804012346,32820,1.0460999390615477,0.7070462150235197,623.1185448402412,562.9090670783212,630.9507333166986,546.4793312817101,1,34388,0.9721345348103082,0.007283421284080915,3,0.31779593229293823
TRAIN,5a064706,15,1,2,6,648,1280,1,0.96875,14.9375,0.9999996423721313,1,30830,0.03716965663580247,18829,1.6373678899569812,0.7228030902787257,329.84657800843337,571.8267920856309,335.4798934258628,556.2492409690811,1,30721,0.9789409381731666,0.0,1,0.339702844619751
TRAIN,5a064706,15,2,3,6,648,1280,1,0.75390625,7.25,0.9992903470993042,1,1816,0.002189429012345679,4146,0.4380125422093584,0.16794762311414746,529.4559471365639,578.625,520.2575426322693,533.8552689112374,1,2316,0.7310431503979891,0.0016323142896666205,1,0.43137580156326294
TRAIN,5a064706,15,3,4,6,648,1280,1,0.87890625,11.3125,0.9999877214431763,1,3463,0.004175106095679012,7922,0.43713708659429434,0.09114583333333333,658.4542304360381,478.29194340167487,645.5233876683203,456.1052445074415,1,3397,0.9307627357162961,0.0036851803106080546,5,0.3809535801410675
TRAIN,5a064706,15,4,5,6,648,1280,1,0.90625,7.125,0.9991958737373352,1,3534,0.004260706018518519,2795,1.2644007155635062,0.3388512165935381,756.5913978494624,510.0942275042445,757.2604592639194,488.9273356401384,1,350,0.09039865244244806,0.8535911602209945,6,0.44310465455055237
TRAIN,5a064706,15,5,6,6,648,1280,1,0.91015625,7.25,0.9992903470993042,1,3603,0.0043438946759259255,260,13.857692307692307,0.3404048267808486,756.4937552039967,510.0871495975576,757.0106577344702,488.69701583434835,1,3176,0.8506688506688507,0.09229068803536888,5,0.42258596420288086
TRAIN,5a064706,16,0,1,6,648,1280,1,0.9765625,13.6875,0.9999988079071045,1,37592,0.045322145061728394,32820,1.1453991468616698,0.6624676405325444,636.648329431794,563.2643115556501,623.1185448402412,562.9090670783212,1,38113,0.9729743816945089,0.0005261899067208802,4,0.2985782325267792
TRAIN,5a064706,16,1,2,6,648,1280,1,0.96875,15.0,0.9999996423721313,1,32711,0.03943745177469136,18829,1.7372669817834192,0.7067150147730324,347.79985326037115,571.0120448778698,329.84657800843337,571.8267920856309,1,32836,0.9769868798069673,0.0,1,0.3870311975479126
TRAIN,5a064706,16,2,3,6,648,1280,1,0.45703125,2.484375,0.9230391979217529,1,673,0.0008113908179012345,4146,0.1623251326579836,0.0,525.7964338781575,523.3060921248143,529.4559471365639,578.625,0,0,0.0,0.01319192288602701,1,0.38781672716140747
TRAIN,5a064706,16,3,4,6,648,1280,1,0.91015625,11.8125,0.9999926090240479,1,4217,0.005084153163580247,7922,0.5323150719515274,0.34101623886851756,697.6139435617738,478.04813848707613,658.4542304360381,478.29194340167487,1,4240,0.9273017319963537,0.0027954136264569315,1,0.38476237654685974
TRAIN,5a064706,16,4,5,6,648,1280,1,0.91015625,6.9375,0.9990302324295044,1,3515,0.00423779899691358,2795,1.257602862254025,0.2998340401991518,787.7112375533428,507.84039829302986,756.5913978494624,510.0942275042445,1,1045,0.262109050650429,0.6717214265655714,6,0.39752283692359924
TRAIN,5a064706,16,5,6,6,648,1280,1,0.91796875,6.9375,0.9990302324295044,1,3543,0.004271556712962963,260,13.626923076923077,0.3002183406113537,787.6302568444821,507.81823313576064,756.4937552039967,510.0871495975576,1,2438,0.6688058035714286,0.2621733149931224,5,0.412272185087204
TRAIN,5a064706,17,0,1,6,648,1280,1,0.97265625,14.1875,0.9999992847442627,1,35274,0.04252748842592593,32820,1.0747714808043876,0.8526824307144674,642.6312298009866,563.5462947213244,636.648329431794,563.2643115556501,1,35683,0.9769035745131363,0.0008868442202699332,3,0.25427043437957764
TRAIN,5a064706,17,1,2,6,648,1280,1,0.97265625,14.9375,0.9999996423721313,1,32128,0.03873456790123457,18829,1.706304105369377,0.8608368729192974,355.16434262948206,571.1001929780876,347.79985326037115,571.0120448778698,1,32152,0.9760828798917889,0.0002507596542466885,1,0.31866389513015747
TRAIN,5a064706,17,2,3,6,648,1280,1,0.5859375,7.28125,0.999312162399292,1,1355,0.0016336323302469137,4146,0.32682103232030874,0.1548974943052392,565.1571955719558,578.4162361623617,525.7964338781575,523.3060921248143,1,841,0.5629893238434164,0.012354452522822938,1,0.4197780191898346
TRAIN,5a064706,17,3,4,6,648,1280,1,0.9296875,12.5625,0.999996542930603,1,5316,0.006409143518518519,7922,0.671042665993436,0.6111205002535068,720.3143340857788,484.7071106094808,697.6139435617738,478.04813848707613,1,5113,0.9413626209977662,0.0028373651640045986,1,0.35488826036453247
TRAIN,5a064706,17,4,5,6,648,1280,1,0.91796875,6.59375,0.9986329674720764,1,3244,0.003911072530864198,2795,1.160644007155635,0.5435030828956383,804.284833538841,508.09956843403205,787.7112375533428,507.84039829302986,1,786,0.20984689282497748,0.7353930865708168,6,0.400420218706131
TRAIN,5a064706,17,5,6,6,648,1280,1,0.92578125,6.8125,0.9989012479782104,1,3301,0.003979793595679013,260,12.696153846153846,0.5438754793593503,804.1223871554074,508.2081187518934,787.6302568444821,507.81823313576064,1,2429,0.7248645394340758,0.2113218731475993,5,0.3857576549053192
TRAIN,5a064706,18,0,1,6,648,1280,1,0.9765625,14.25,0.9999994039535522,1,34424,0.04150270061728395,32820,1.0488726386349787,0.8009353763468644,624.135922612131,564.7427376249128,642.6312298009866,563.5462947213244,1,34810,0.9758561643835616,0.0010597771603700627,3,0.27702468633651733
TRAIN,5a064706,18,1,2,6,648,1280,1,0.97265625,14.375,0.9999994039535522,1,29787,0.03591218171296296,18829,1.5819746136279145,0.8344641640247696,342.6248027663074,569.4142075402021,355.16434262948206,571.1001929780876,1,30012,0.980361637302954,0.0002477508864836407,1,0.36000892519950867
TRAIN,5a064706,18,2,3,6,648,1280,1,0.5078125,6.40625,0.9983515739440918,1,439,0.000529272762345679,4146,0.10588519054510372,0.3094890510948905,583.7835990888383,605.0683371298405,565.1571955719558,578.4162361623617,1,526,0.7936802973977695,0.0003405511252376763,1,0.43260616064071655
TRAIN,5a064706,18,3,4,6,648,1280,1,0.94140625,12.25,0.999995231628418,1,6406,0.007723283179012346,7922,0.8086341832870487,0.7511204063340304,726.4088354667499,490.72088666874805,720.3143340857788,484.7071106094808,1,6335,0.9448939093268204,0.002450379808870375,6,0.2823646664619446
TRAIN,5a064706,18,4,5,6,648,1280,1,0.7421875,7.03125,0.9991169571876526,1,2199,0.0026511863425925926,2795,0.7867620751341682,0.6218712753277712,800.2496589358799,511.6657571623465,804.284833538841,508.09956843403205,1,1620,0.10985178727114212,0.7729705619982159,6,0.2962690591812134
TRAIN,5a064706,18,5,6,6,648,1280,1,0.80859375,7.875,0.9996199607849121,1,3063,0.0036928530092592594,260,11.78076923076923,0.7771572186540072,808.2229840026118,510.91936010447273,804.1223871554074,508.2081187518934,1,1776,0.5614714424007744,0.3589669181659896,5,0.29170769453048706
TRAIN,5a064706,19,0,1,6,648,1280,1,0.9765625,13.875,0.9999990463256836,1,35072,0.042283950617283954,32820,1.0686166971358928,0.7237393655281891,604.7015567974453,550.6032162408759,624.135922612131,564.7427376249128,1,35186,0.9733176047635097,0.00028378186633874097,4,0.31446629762649536
TRAIN,5a064706,19,1,2,6,648,1280,1,0.96875,14.625,0.9999995231628418,1,31779,0.038313802083333334,18829,1.6877688671729778,0.7191924269079333,329.93813524654644,559.7120110764971,342.6248027663074,569.4142075402021,1,32145,0.9721108163139385,0.0005528328950513985,1,0.39139524102211
TRAIN,5a064706,19,2,3,6,648,1280,1,0.73828125,5.125,0.9940890073776245,1,234,0.00028211805555555553,4146,0.056439942112879886,0.1254180602006689,585.1025641025641,593.025641025641,583.7835990888383,605.0683371298405,1,230,0.8054474708171206,0.00042366897330885467,1,0.46617281436920166
TRAIN,5a064706,19,3,4,6,648,1280,1,0.94921875,12.375,0.9999958276748657,1,7217,0.008701051311728394,7922,0.911007321383489,0.5937061300889097,729.0369959817099,478.9656366911459,726.4088354667499,490.72088666874805,1,7226,0.958904109589041,0.0076611086074808476,6,0.38201308250427246
TRAIN,5a064706,19,4,5,6,648,1280,1,0.796875,7.25,0.9992903470993042,1,1927,0.0023232542438271606,2795,0.6894454382826476,0.42966042966042967,803.6850025947068,495.6476388168137,800.2496589358799,511.6657571623465,1,1642,0.08282766990291263,0.7946954813359528,6,0.3140459954738617
TRAIN,5a064706,19,5,6,6,648,1280,1,0.6953125,8.3125,0.9997546076774597,1,3014,0.0036337770061728395,260,11.592307692307692,0.44656034277552964,814.5673523556735,495.135700066357,808.2229840026118,510.91936010447273,1,1727,0.5132460900095754,0.4177831912302071,5,0.32436832785606384
TRAIN,5a064706,20,0,1,6,648,1280,1,0.9765625,14.1875,0.9999992847442627,1,35992,0.04339313271604938,32820,1.0966483851310176,0.7875937012627661,602.3476050233385,546.5779339853301,604.7015567974453,550.6032162408759,1,36586,0.9714782419731623,0.0005201854574239512,4,0.2681834101676941
TRAIN,5a064706,20,1,2,6,648,1280,1,0.96875,14.4375,0.9999994039535522,1,31997,0.0385766300154321,18829,1.6993467523500982,0.8446231272054144,326.7214113823171,553.6499046785636,329.93813524654644,559.7120110764971,1,32366,0.9723286243986149,0.0002917025217683007,1,0.36115768551826477
TRAIN,5a064706,20,2,3,6,648,1280,1,0.00040435791015625,-0.0341796875,0.49145591259002686,0,0,0.0,4146,0.0,0.0,,,585.1025641025641,593.025641025641,0,0,,0.0,1,
TRAIN,5a064706,20,3,4,6,648,1280,1,0.94921875,13.1875,0.9999980926513672,1,8110,0.009777681327160493,7922,1.0237313809644029,0.703567855951984,739.4369913686807,476.00246609124537,729.0369959817099,478.9656366911459,1,8246,0.9529552238805971,0.0007612735658949442,1,0.27173852920532227
TRAIN,5a064706,20,4,5,6,648,1280,1,0.80859375,7.03125,0.9991169571876526,1,1716,0.002068865740740741,2795,0.6139534883720931,0.39205196790217806,815.9452214452215,491.8822843822844,803.6850025947068,495.6476388168137,1,1753,0.09328710999054522,0.6928721174004193,6,0.3284633457660675
TRAIN,5a064706,20,5,6,6,648,1280,1,0.78125,6.65625,0.9987157583236694,1,3228,0.0038917824074074076,260,12.415384615384616,0.48090154211150654,830.4464064436183,490.77602230483274,814.5673523556735,495.135700066357,1,1514,0.45015290519877676,0.49444944494449444,5,0.3752564787864685
TRAIN,5a064706,21,0,1,6,648,1280,1,0.96875,15.375,0.9999997615814209,1,36498,0.04400318287037037,32820,1.1120658135283363,0.7781102825745683,613.0803331689408,550.5785522494383,602.3476050233385,546.5779339853301,1,37404,0.9657924136830345,0.0012809331734438024,3,0.36780446767807007
TRAIN,5a064706,21,1,2,6,648,1280,1,0.96484375,14.3125,0.9999994039535522,1,31390,0.037844810956790126,18829,1.6671092463752721,0.8084736091298146,337.5795157693533,555.6457151959223,326.7214113823171,553.6499046785636,1,31570,0.968422698139753,0.001951645790853481,1,0.3484398424625397
TRAIN,5a064706,21,2,3,6,648,1280,1,0.466796875,1.4140625,0.804405927658081,1,230,0.000277295524691358,4146,0.05547515677761698,0.0,602.5652173913044,591.3869565217391,,,1,241,0.15724815724815724,0.0014902336473468518,1,0.37716174125671387
TRAIN,5a064706,21,3,4,6,648,1280,1,0.9453125,12.375,0.9999958276748657,1,8418,0.010149016203703703,7922,1.0626104519060844,0.539063227488593,768.9769541458779,479.5015443098123,739.4369913686807,476.00246609124537,1,8316,0.9514868804664723,0.002406516105146242,6,0.32384803891181946
TRAIN,5a064706,21,4,5,6,648,1280,1,0.80859375,5.84375,0.9971103668212891,1,3142,0.0037880979938271606,2795,1.124150268336315,0.011030176899063476,861.9210693825589,493.1384468491407,815.9452214452215,491.8822843822844,1,749,0.220897395669909,0.72591671845867,6,0.3194488286972046
TRAIN,5a064706,21,5,6,6,648,1280,1,0.90625,5.0625,0.9937100410461426,1,3213,0.0038736979166666668,260,12.357692307692307,0.3118126272912424,861.1157796451914,493.35978835978835,830.4464064436183,490.77602230483274,1,2412,0.7191320293398533,0.22057917436845348,5,0.3634338676929474
TRAIN,5a064706,22,0,1,6,648,1280,1,0.97265625,14.4375,0.9999994039535522,1,36373,0.0438524787808642,32820,1.1082571602681293,0.5769189154097509,652.2731971517335,540.7391196766832,613.0803331689408,550.5785522494383,1,36236,0.9660718637459045,0.004853304085549767,3,0.37714946269989014
TRAIN,5a064706,22,1,2,6,648,1280,1,0.96484375,13.8125,0.9999990463256836,1,31858,0.038409047067901235,18829,1.6919645228105582,0.6067064651340023,374.08067047523383,548.3960386716052,337.5795157693533,555.6457151959223,1,32218,0.9675735429589142,0.0012645571109281262,1,0.36680784821510315
TRAIN,5a064706,22,2,3,6,648,1280,1,0.271484375,0.62890625,0.6522414088249207,1,157,0.0001892843364197531,4146,0.03786782440906898,0.0,652.8726114649681,583.4267515923567,602.5652173913044,591.3869565217391,1,274,0.4271523178807947,0.0005223511299279705,1,0.4136348068714142
TRAIN,5a064706,22,3,4,6,648,1280,1,0.9375,11.9375,0.9999934434890747,1,8252,0.009948881172839506,7922,1.041656147437516,0.2596342753513677,826.5738002908386,471.5785264178381,768.9769541458779,479.5015443098123,1,8084,0.9396817857990976,0.012890539654795717,6,0.44396284222602844
TRAIN,5a064706,22,4,5,6,648,1280,1,0.466796875,7.5,0.9994471669197083,1,1613,0.0019446855709876543,2795,0.5771019677996422,0.03347098456857205,903.7185368877867,486.5096094234346,861.9210693825589,493.1384468491407,1,2286,0.1758142340168878,0.5237268518518519,6,0.28839555382728577
TRAIN,5a064706,22,5,6,6,648,1280,1,0.63671875,6.125,0.9978172779083252,1,2284,0.00275366512345679,260,8.784615384615385,0.0,927.8787215411559,481.23467600700525,861.1157796451914,493.35978835978835,1,1020,0.026724673710379118,0.836078746484532,5,0.32748904824256897
TRAIN,5a064706,23,0,1,6,648,1280,1,0.9765625,14.5,0.9999995231628418,1,35881,0.043259307484567903,32820,1.0932663010359538,0.7869614680714251,656.260499986065,535.5351300130989,652.2731971517335,540.7391196766832,1,36001,0.9791844489110383,0.0004275457400227041,2,0.2951260805130005
TRAIN,5a064706,23,1,2,6,648,1280,1,0.96875,14.125,0.9999992847442627,1,31360,0.03780864197530864,18829,1.6655159594242923,0.7820436927413672,381.63651147959183,545.374394132653,374.08067047523383,548.3960386716052,1,31977,0.9670486661076431,0.00031185031185031187,1,0.37321916222572327
TRAIN,5a064706,23,2,3,6,648,1280,1,5.44811591673966e-18,-1.8125,0.14033624529838562,0,0,0.0,4146,0.0,0.0,,,652.8726114649681,583.4267515923567,0,0,,0.0,1,
TRAIN,5a064706,23,3,4,6,648,1280,1,0.9453125,12.5,0.9999963045120239,1,8448,0.010185185185185186,7922,1.0663973744004038,0.5072202166064982,856.8227982954545,467.92080965909093,826.5738002908386,471.5785264178381,1,8381,0.9536800557232412,0.008225108225108226,6,0.38260555267333984
TRAIN,5a064706,23,4,5,6,648,1280,1,0.7734375,7.09375,0.9991704225540161,1,953,0.0011489679783950617,2795,0.3409660107334526,0.028044871794871796,929.3263378803778,485.56243441762854,903.7185368877867,486.5096094234346,1,2427,0.03522205206738132,0.7905604719764012,6,0.3102198541164398
TRAIN,5a064706,23,5,6,6,648,1280,1,0.77734375,6.03125,0.9976032376289368,1,2438,0.002939332561728395,260,9.376923076923077,0.17491913411296342,956.512715340443,478.24200164068907,927.8787215411559,481.23467600700525,1,868,0.03377110694183865,0.8275732531930879,5,0.3101038336753845
TRAIN,5a064706,24,0,1,6,648,1280,1,0.97265625,14.8125,0.9999996423721313,1,36965,0.044566213348765434,32820,1.1262949421084705,0.7582910934105721,645.6724469092385,543.7190856215338,656.260499986065,535.5351300130989,1,36784,0.9684772454290671,0.00033561943674303226,2,0.331278532743454
TRAIN,5a064706,24,1,2,6,648,1280,1,0.96484375,13.875,0.9999990463256836,1,30862,0.03720823688271605,18829,1.6390673960380264,0.7813340967649585,369.0892359535999,551.1748428488108,381.63651147959183,545.374394132653,1,31588,0.9664955757785685,0.0,1,0.294831782579422
TRAIN,5a064706,24,2,3,6,648,1280,1,5.364418029785156e-07,-0.5546875,0.3647775650024414,0,0,0.0,4146,0.0,,,,,,0,0,,0.0,1,
TRAIN,5a064706,24,3,4,6,648,1280,1,0.94140625,13.375,0.9999984502792358,1,8249,0.009945264274691359,7922,1.041277455188084,0.7802537583964175,860.7703964116863,474.28767123287673,856.8227982954545,467.92080965909093,1,8263,0.9480887210948561,0.008675342008675343,6,0.27698516845703125
TRAIN,5a064706,24,4,5,6,648,1280,1,0.78515625,6.6875,0.9987550973892212,1,802,0.000966917438271605,2795,0.28694096601073343,0.5882352941176471,932.7980049875312,494.36408977556107,929.3263378803778,485.56243441762854,1,2434,0.0034108527131782944,0.7236981934112646,6,0.2953387498855591
TRAIN,5a064706,24,5,6,6,648,1280,1,0.85546875,5.8125,0.9970190525054932,1,2553,0.003077980324074074,260,9.819230769230769,0.7174810736407433,960.0971406188797,483.9087348217783,956.512715340443,478.24200164068907,1,820,0.023672230652503793,0.9034351145038167,5,0.3143370449542999
TRAIN,5a064706,25,0,1,6,648,1280,1,0.97265625,15.0625,0.9999997615814209,1,36507,0.044014033564814814,32820,1.1123400365630713,0.7292411975145924,629.5384994658558,550.0533596296601,645.6724469092385,543.7190856215338,1,36137,0.9560557919112499,0.0148975791433892,3,0.344422310590744
TRAIN,5a064706,25,1,2,6,648,1280,1,0.96875,14.0625,0.9999991655349731,1,32413,0.03907817322530864,18829,1.721440331403686,0.7220029936045721,347.62305247894363,560.5307438373492,369.0892359535999,551.1748428488108,1,32926,0.9708322022139776,0.0,1,0.36667969822883606
TRAIN,5a064706,25,2,3,6,648,1280,1,0.75,5.71875,0.9967268705368042,1,415,0.0005003375771604939,4146,0.1000964785335263,0.0,732.6096385542169,502.87951807228916,,,1,553,0.686411149825784,0.0,1,0.4884999990463257
TRAIN,5a064706,25,3,4,6,648,1280,1,0.93359375,13.8125,0.9999990463256836,1,8443,0.010179157021604938,7922,1.0657662206513507,0.6965138733611139,856.7091081369182,483.7554186900391,860.7703964116863,474.28767123287673,1,8467,0.9310266072856,0.01954821894005213,6,0.31453174352645874
TRAIN,5a064706,25,4,5,6,648,1280,1,0.734375,6.40625,0.9983515739440918,1,751,0.0009054301697530864,2795,0.26869409660107335,0.30067001675041877,928.17310252996,500.3901464713715,932.7980049875312,494.36408977556107,1,2448,0.014911167512690355,0.6611165523996082,6,0.23919428884983063
TRAIN,5a064706,25,5,6,6,648,1280,1,0.8515625,5.71875,0.9967268705368042,1,2554,0.0030791859567901236,260,9.823076923076924,0.563686466625842,955.4389193422084,492.0121378230227,960.0971406188797,483.9087348217783,1,945,0.03459491425192194,0.8567186340014847,5,0.2976128160953522
TRAIN,5a064706,26,0,1,6,648,1280,1,0.97265625,15.125,0.9999997615814209,1,39336,0.04742476851851852,32820,1.1985374771480803,0.7386809105705967,610.2053843807199,543.6429987797437,629.5384994658558,550.0533596296601,1,38791,0.954396497811132,0.01816843868151945,3,0.2750905454158783
TRAIN,5a064706,26,1,2,6,648,1280,1,0.96484375,13.375,0.9999984502792358,1,31506,0.037984664351851855,18829,1.673269955919061,0.665641693811075,329.0702088491081,549.322002158319,347.62305247894363,560.5307438373492,1,32181,0.967530662053199,0.000398468741550328,1,0.3287474811077118
TRAIN,5a064706,26,2,3,6,648,1280,1,0.7109375,5.5,0.9959298968315125,1,596,0.0007185570987654321,4146,0.1437530149541727,0.37551020408163266,723.0755033557047,496.3456375838926,732.6096385542169,502.87951807228916,1,789,0.7465321563682219,0.0,1,0.48803946375846863
TRAIN,5a064706,26,3,4,6,648,1280,1,0.94921875,14.125,0.9999992847442627,1,8438,0.010173128858024691,7922,1.0651350669022974,0.6717171717171717,853.9805641147191,474.36975586631905,856.7091081369182,483.7554186900391,1,8296,0.9301038062283737,0.0159041394335512,6,0.3106788396835327
TRAIN,5a064706,26,4,5,6,648,1280,1,0.392578125,5.5625,0.9961755275726318,1,449,0.0005413290895061729,2795,0.16064400715563507,0.4906832298136646,923.1403118040089,490.1603563474388,928.17310252996,500.3901464713715,1,2237,0.0,0.3383383383383383,6,0.32029101252555847
TRAIN,5a064706,26,5,6,6,648,1280,1,0.89453125,4.6875,0.9908744096755981,1,2985,0.0035988136574074073,260,11.48076923076923,0.5776132156080889,950.9524288107202,483.10586264656615,955.4389193422084,492.0121378230227,1,888,0.18043279487960986,0.7360372340425532,5,0.27940577268600464
TRAIN,5a064706,27,0,1,6,648,1280,1,0.96484375,14.875,0.9999996423721313,1,38828,0.04681230709876543,32820,1.1830591102985983,0.6706707134612918,637.898629854744,542.2903832285979,610.2053843807199,543.6429987797437,1,37413,0.9325982256020279,0.03635381290521766,3,0.35167819261550903
TRAIN,5a064706,27,1,2,6,648,1280,1,0.96484375,14.625,0.9999995231628418,1,30812,0.03714795524691358,18829,1.6364119177863934,0.6963279527451888,353.664643645333,547.6214461897962,329.0702088491081,549.322002158319,1,30879,0.968505695778423,0.0035154296472803223,1,0.3500378131866455
TRAIN,5a064706,27,2,3,6,648,1280,1,0.76171875,5.6875,0.9966233968734741,1,1239,0.0014937789351851852,4146,0.2988422575976845,0.0,761.4067796610169,525.1686844229217,723.0755033557047,496.3456375838926,1,1453,0.6867167919799498,0.00020701790704895975,1,0.4309283494949341
TRAIN,5a064706,27,3,4,6,648,1280,1,0.93359375,13.0,0.9999977350234985,1,8480,0.010223765432098766,7922,1.0704367583943448,0.4651424612453451,890.4535377358491,475.22299528301886,853.9805641147191,474.36975586631905,1,8172,0.9291010194624653,0.029402432575356956,6,0.366291880607605
TRAIN,5a064706,27,4,5,6,648,1280,1,0.3125,3.796875,0.9780517220497131,1,1139,0.0013732156635802469,2795,0.4075134168157424,0.0,963.1281826163302,482.774363476734,923.1403118040089,490.1603563474388,1,2372,0.020936318697295727,0.6599583622484386,6,0.2855607867240906
TRAIN,5a064706,27,5,6,6,648,1280,1,0.875,3.40625,0.9678993225097656,1,3152,0.0038001543209876545,260,12.123076923076923,0.22129353233830845,988.2084390862944,483.9447969543147,950.9524288107202,483.10586264656615,1,1253,0.24364765669113495,0.6703961294224372,5,0.29366394877433777
TRAIN,5a064706,28,0,1,6,648,1280,1,0.9609375,15.0,0.9999996423721313,1,39663,0.04781901041666667,32820,1.2085009140767824,0.7598878923766816,643.2147341350881,543.7176713813882,637.898629854744,542.2903832285979,1,40064,0.9739780633340761,0.00021862171156508854,3,0.3450356721878052
TRAIN,5a064706,28,1,2,6,648,1280,1,0.96484375,14.125,0.9999992847442627,1,33291,0.04013671875,18829,1.7680705295023633,0.8206941604180868,356.68375837313386,553.7542278693942,353.664643645333,547.6214461897962,1,33180,0.9629389008652511,0.004574026649867846,1,0.3322318494319916
TRAIN,5a064706,28,2,3,6,648,1280,1,0.765625,7.65625,0.9995272159576416,1,1674,0.002018229166666667,4146,0.4037626628075253,0.037023851904592384,778.5364396654719,517.34229390681,761.4067796610169,525.1686844229217,1,1513,0.8421965317919076,0.0025702000912781343,1,0.5001169443130493
TRAIN,5a064706,28,3,4,6,648,1280,1,0.953125,12.75,0.9999971389770508,1,8836,0.010652970679012346,7922,1.1153749053269377,0.4839317850715571,924.8327297419647,473.80081484834767,890.4535377358491,475.22299528301886,1,8591,0.9369789929976658,0.012548940869390623,6,0.39893844723701477
TRAIN,5a064706,28,4,5,6,648,1280,1,0.76171875,6.5,0.998498797416687,1,1246,0.001502218364197531,2795,0.44579606440071556,0.0025220680958385876,999.1027287319422,487.74558587479936,963.1281826163302,482.774363476734,1,3259,0.03444316877152698,0.6956521739130435,6,0.36982297897338867
TRAIN,5a064706,28,5,6,6,648,1280,1,0.68359375,5.46875,0.9958011507987976,1,3327,0.0040111400462962965,260,12.796153846153846,0.09646302250803858,1040.1932672076946,484.65704839194467,988.2084390862944,483.9447969543147,1,1250,0.037633189752890504,0.8128268648499862,5,0.253291517496109
TRAIN,5a064706,29,0,1,6,648,1280,1,0.95703125,15.0625,0.9999997615814209,1,48942,0.05900607638888889,32820,1.4912248628884825,0.717517300199655,653.0937027501941,544.3076294389277,643.2147341350881,543.7176713813882,1,50041,0.9608359746434232,0.0010273109650908105,3,0.380550354719162
TRAIN,5a064706,29,1,2,6,648,1280,1,0.96875,14.375,0.9999994039535522,1,38748,0.04671585648148148,18829,2.057889425885602,0.7083807626636311,333.7785434086921,553.344791989264,356.68375837313386,553.7542278693942,1,39117,0.9734641119221411,0.0024160316116285632,1,0.4308660626411438
TRAIN,5a064706,29,2,3,6,648,1280,1,0.83984375,6.78125,0.9988664388656616,1,1897,0.002287085262345679,4146,0.4575494452484322,0.023209169054441262,799.9604638903531,500.56931997891405,778.5364396654719,517.34229390681,1,2702,0.6877064220183486,0.00026962483629920653,1,0.5375188589096069
TRAIN,5a064706,29,3,4,6,648,1280,1,0.94921875,13.125,0.9999979734420776,1,10347,0.012474681712962963,7922,1.3061095682908357,0.38806078147612155,966.3877452401663,465.0365323282111,924.8327297419647,473.80081484834767,1,9974,0.9453379283936435,0.0014189988175009854,6,0.4720640480518341
TRAIN,5a064706,29,4,5,6,648,1280,1,0.68359375,5.90625,0.997285008430481,1,2055,0.0024775752314814816,2795,0.7352415026833632,0.0,1049.058394160584,481.92457420924575,999.1027287319422,487.74558587479936,1,2809,0.00041135335252982314,0.7421011058451816,6,0.36508363485336304
TRAIN,5a064706,29,5,6,6,648,1280,1,0.71484375,5.59375,0.996292769908905,1,3177,0.0038302951388888887,260,12.21923076923077,0.0,1100.282341831917,475.5212464589235,1040.1932672076946,484.65704839194467,1,2356,0.036530535781191455,0.8133898818539836,5,0.3222872316837311
TRAIN,5a064706,30,0,1,6,648,1280,1,0.95703125,14.125,0.9999992847442627,1,51081,0.06158492476851852,32820,1.556398537477148,0.48795037338966407,731.1652473522445,537.4192361151896,653.0937027501941,544.3076294389277,1,50162,0.9564242787300238,0.012449191622769444,3,0.4991356432437897
TRAIN,5a064706,30,1,2,6,648,1280,1,0.95703125,13.6875,0.9999988079071045,1,39629,0.047778018904320985,18829,2.1046789526793774,0.4600782414307005,403.37881349516766,546.6214136112443,333.7785434086921,553.344791989264,1,38434,0.9526489569263095,0.0,1,0.45483988523483276
TRAIN,5a064706,30,2,3,6,648,1280,1,0.80859375,7.90625,0.9996316432952881,1,3457,0.004167872299382716,4146,0.8338157260009648,0.0,891.8915244431588,497.7613537749494,799.9604638903531,500.56931997891405,1,4465,0.6670875420875421,0.002430406251752697,1,0.499778151512146
TRAIN,5a064706,30,3,4,6,648,1280,1,0.94140625,11.9375,0.9999934434890747,1,10931,0.013178771219135802,7922,1.3798283261802575,0.09336621961872463,1064.9874668374348,457.73039978044096,966.3877452401663,465.0365323282111,1,10805,0.9374275782155272,0.008252464277527316,6,0.4252311587333679
TRAIN,5a064706,30,4,5,6,648,1280,1,0.7265625,5.4375,0.9956685304641724,1,2321,0.0027982735339506172,2795,0.8304114490161002,0.0,1151.665230504093,471.9168461869884,1049.058394160584,481.92457420924575,1,3465,0.00468831394339295,0.8093922651933702,6,0.37676939368247986
TRAIN,5a064706,30,5,6,6,648,1280,1,0.76171875,4.40625,0.9879462122917175,1,3453,0.004163049768518518,260,13.28076923076923,0.0,1200.0518389805966,471.1225021720243,1100.282341831917,475.5212464589235,1,2264,0.012754650132860939,0.8551890587288817,5,0.3275318741798401
TRAIN,5a064706,31,0,1,6,648,1280,1,0.97265625,14.625,0.9999995231628418,1,53597,0.06461829668209877,32820,1.6330591102985985,0.5137816341287057,784.734014963524,514.272907065694,731.1652473522445,537.4192361151896,1,53950,0.9744987882793567,0.0006240828512152749,3,0.38351061940193176
TRAIN,5a064706,31,1,2,6,648,1280,1,0.96484375,14.625,0.9999995231628418,1,38839,0.04682556905864198,18829,2.0627223963035743,0.4803886425808886,463.95684749864824,520.1606117562244,403.37881349516766,546.6214136112443,1,38626,0.9728263637752763,0.0,1,0.3933509588241577
TRAIN,5a064706,31,2,3,6,648,1280,1,0.91796875,10.3125,0.9999667406082153,1,5822,0.007019193672839506,4146,1.4042450554751569,0.0,959.3223978014428,481.1049467536929,891.8915244431588,497.7613537749494,1,5727,0.937751677852349,0.0021124635348556482,1,0.47594159841537476
TRAIN,5a064706,31,3,4,6,648,1280,1,0.9453125,12.75,0.9999971389770508,1,10608,0.012789351851851852,7922,1.3390557939914163,0.14819553281091744,1134.8214555052791,428.80618401206635,1064.9874668374348,457.73039978044096,1,10427,0.9476851851851852,0.0020220874163944624,6,0.3906939923763275
TRAIN,5a064706,31,4,5,6,648,1280,1,0.6875,4.8125,0.9919379353523254,1,2427,0.002926070601851852,2795,0.8683363148479427,0.0,1221.4874330449113,449.463123197363,1151.665230504093,471.9168461869884,1,2259,0.04973118279569892,0.7189327485380117,6,0.3309095501899719
TRAIN,5a064706,31,5,6,6,648,1280,1,0.78515625,3.171875,0.9597620368003845,1,2211,0.0026656539351851854,260,8.503846153846155,0.0,1257.9348710990503,437.69606512890095,1200.0518389805966,471.1225021720243,1,2276,0.06935176358436607,0.7345750873108265,5,0.3001105487346649
TRAIN,5a064706,32,0,1,6,648,1280,1,0.9609375,14.9375,0.9999996423721313,1,51664,0.062287808641975306,32820,1.5741620962827545,0.6755969436485196,750.9071306906163,506.8852779498297,784.734014963524,514.272907065694,1,50328,0.9584093396570594,0.003693114129139862,3,0.3780077397823334
TRAIN,5a064706,32,1,2,6,648,1280,1,0.95703125,14.9375,0.9999996423721313,1,40321,0.04861231674382716,18829,2.14143077168198,0.591027857056719,420.8006001835272,520.0198903797029,463.95684749864824,520.1606117562244,1,40277,0.9614036795483306,0.0,1,0.42250311374664307
TRAIN,5a064706,32,2,3,6,648,1280,1,0.890625,10.8125,0.9999798536300659,1,7905,0.00953052662037037,4146,1.906657018813314,0.33220108695652173,930.73889943074,479.14218848829853,959.3223978014428,481.1049467536929,1,7311,0.8989142643204793,0.0070731876037631435,1,0.4553757309913635
TRAIN,5a064706,32,3,4,6,648,1280,1,0.9375,13.8125,0.9999990463256836,1,10820,0.013044945987654322,7922,1.3658167129512748,0.6541608769492049,1116.3665434380775,423.9067467652495,1134.8214555052791,428.80618401206635,1,10379,0.9301648001456797,0.013886721797472305,6,0.3848781883716583
TRAIN,5a064706,32,4,5,6,648,1280,1,0.734375,5.78125,0.9969245791435242,1,2300,0.0027729552469135804,2795,0.8228980322003577,0.3319244857706396,1203.7734782608695,443.47391304347826,1221.4874330449113,449.463123197363,1,2890,0.02326498422712934,0.7301894085813684,6,0.32968869805336
TRAIN,5a064706,32,5,6,6,648,1280,1,0.76171875,2.78125,0.9416541457176208,1,2981,0.00359399112654321,260,11.465384615384615,0.5752427184466019,1246.4025494800403,435.24220060382424,1257.9348710990503,437.69606512890095,1,2176,0.056762295081967215,0.824425108763207,5,0.3073517680168152
TRAIN,5a064706,33,0,1,6,648,1280,1,0.97265625,14.25,0.9999994039535522,1,49629,0.05983434606481482,32820,1.5121572212065812,0.37633838795586716,654.8022124161276,533.0702210401176,750.9071306906163,506.8852779498297,1,49414,0.9724966143551342,0.002066150409030589,3,0.42926087975502014
TRAIN,5a064706,33,1,2,6,648,1280,1,0.96875,14.875,0.9999996423721313,1,41983,0.050616078317901235,18829,2.2296988687662647,0.38402811643432494,329.2357382750161,550.3800824143106,420.8006001835272,520.0198903797029,1,42261,0.9714499672376673,0.0,1,0.4522818624973297
TRAIN,5a064706,33,2,3,6,648,1280,1,0.9375,12.0,0.9999938011169434,1,10226,0.012328800154320987,4146,2.466473709599614,0.0,842.6538235869352,511.6783688636808,930.73889943074,479.14218848829853,1,10025,0.9466500048063059,0.0029260417717687417,1,0.41251981258392334
TRAIN,5a064706,33,3,4,6,648,1280,1,0.953125,14.25,0.9999994039535522,1,10879,0.013116078317901235,7922,1.3732643271901035,0.12880403683087968,1041.3456200018384,451.41253791708795,1116.3665434380775,423.9067467652495,1,10861,0.9410714285714286,0.003507373455559984,6,0.46327143907546997
TRAIN,5a064706,33,4,5,6,648,1280,1,0.81640625,6.21875,0.9980121850967407,1,1918,0.002312403549382716,2795,0.6862254025044723,0.0,1128.4066736183524,472.23514077163713,1203.7734782608695,443.47391304347826,1,3330,0.027609163892696298,0.649090909090909,6,0.323051393032074
TRAIN,5a064706,33,5,6,6,648,1280,1,0.8671875,4.28125,0.9863631129264832,1,3377,0.004071421682098765,260,12.988461538461538,0.0,1166.8460171750073,462.5244299674267,1246.4025494800403,435.24220060382424,1,1710,0.026639757820383452,0.8441022821006324,5,0.32092776894569397
TRAIN,5a064706,34,0,1,6,648,1280,1,0.98046875,14.9375,0.9999996423721313,1,50811,0.06125940393518518,32820,1.5481718464351006,0.7184505885573501,643.7489126370274,550.5038672728347,654.8022124161276,533.0702210401176,1,50329,0.9775922413624543,0.003945480631276901,3,0.411941796541214
TRAIN,5a064706,34,1,2,6,648,1280,1,0.97265625,15.3125,0.9999997615814209,1,39994,0.04821807484567901,18829,2.1240639439162994,0.7251415223384331,320.9031854778217,562.6817272590889,329.2357382750161,550.3800824143106,1,40184,0.9833766233766233,0.0,1,0.3592054545879364
TRAIN,5a064706,34,2,3,6,648,1280,1,0.9453125,13.125,0.9999979734420776,1,10548,0.012717013888888889,4146,2.5441389290882777,0.5396131327354925,834.0496776640122,528.1987106560485,842.6538235869352,511.6783688636808,1,10767,0.9496021220159151,0.0003122021755562128,1,0.31764844059944153
TRAIN,5a064706,34,3,4,6,648,1280,1,0.953125,13.5625,0.9999986886978149,1,11440,0.013792438271604939,7922,1.4440797778338803,0.6064924782264449,1041.1373251748253,468.905506993007,1041.3456200018384,451.41253791708795,1,11554,0.9614433165571953,0.0011970313622216902,6,0.3032873868942261
TRAIN,5a064706,34,4,5,6,648,1280,1,0.84375,5.3125,0.9950946569442749,1,1218,0.0014684606481481482,2795,0.435778175313059,0.3652590335219852,1124.1001642036124,482.42692939244665,1128.4066736183524,472.23514077163713,1,3642,0.005794701986754967,0.8503184713375797,6,0.3681095540523529
TRAIN,5a064706,34,5,6,6,648,1280,1,0.90234375,3.75,0.977022647857666,1,3651,0.004401765046296296,260,14.042307692307693,0.38975677279019183,1164.6699534374145,480.5291700903862,1166.8460171750073,462.5244299674267,1,1106,0.016235847041230506,0.9202211690363349,5,0.2778341472148895
TRAIN,5a064706,35,0,1,6,648,1280,1,0.98046875,15.1875,0.9999997615814209,1,50487,0.060868778935185185,32820,1.5382998171846436,0.8449685820963483,634.5578861885238,550.6072256224375,643.7489126370274,550.5038672728347,1,50754,0.9745094979911846,0.0028641171684296177,3,0.33199217915534973
TRAIN,5a064706,35,1,2,6,648,1280,1,0.97265625,14.8125,0.9999996423721313,1,37580,0.045307677469135804,18829,1.9958574539274523,0.8706503653331404,310.49494411921233,559.1499733901011,320.9031854778217,562.6817272590889,1,38043,0.976296877041683,0.0010198993699288338,1,0.2962878942489624
TRAIN,5a064706,35,2,3,6,648,1280,1,0.94921875,13.4375,0.9999985694885254,1,10864,0.013097993827160493,4146,2.6203569705740475,0.7772244355909694,824.7162187039764,526.9354749631812,834.0496776640122,528.1987106560485,1,11139,0.9401287364429944,0.0024566027299201196,1,0.25285497307777405
TRAIN,5a064706,35,3,4,6,648,1280,1,0.953125,13.4375,0.9999985694885254,1,11060,0.013334297839506173,7922,1.396112092905832,0.8655169554763287,1044.3577757685352,468.73155515370706,1041.1373251748253,468.905506993007,1,11473,0.9522613065326633,0.00276327909118821,6,0.2905944585800171
TRAIN,5a064706,35,4,5,6,648,1280,1,0.734375,5.40625,0.9955315589904785,1,1739,0.0020965952932098767,2795,0.6221824686940965,0.47997997997998,1119.723404255319,490.4933870040253,1124.1001642036124,482.42692939244665,1,3338,0.000788488074117879,0.7401208740120874,6,0.23662003874778748
TRAIN,5a064706,35,5,6,6,648,1280,1,0.890625,3.515625,0.9711290597915649,1,3353,0.00404248649691358,260,12.896153846153846,0.8225344782721832,1168.0062630480168,482.2934685356397,1164.6699534374145,480.5291700903862,1,2004,0.02526315789473684,0.9008522727272728,5,0.23025542497634888
TRAIN,5a064706,36,0,1,6,648,1280,1,0.97265625,15.25,0.9999997615814209,1,50253,0.06058666087962963,32820,1.5311700182815355,0.8054734125490618,640.1313553419697,555.5354108212445,634.5578861885238,550.6072256224375,1,49908,0.9727217221751718,0.004977666430419805,3,0.31671464443206787
TRAIN,5a064706,36,1,2,6,648,1280,1,0.96484375,15.0,0.9999996423721313,1,37592,0.045322145061728394,18829,1.9964947687078443,0.7969975138649837,325.9217120663971,562.4462917642052,310.49494411921233,559.1499733901011,1,37503,0.9727060183360916,0.003900871959614502,1,0.39962321519851685
TRAIN,5a064706,36,2,3,6,648,1280,1,0.9453125,13.3125,0.9999983310699463,1,10614,0.012796585648148149,4146,2.5600578871201156,0.8060881264715776,829.9495948746938,529.5710382513661,824.7162187039764,526.9354749631812,1,10720,0.9329527951436078,0.0010585861259055874,1,0.27011218667030334
TRAIN,5a064706,36,3,4,6,648,1280,1,0.95703125,12.8125,0.9999972581863403,1,11113,0.013398196373456791,7922,1.4028023226457964,0.6721719457013575,1058.043462611356,473.82497975344194,1044.3577757685352,468.73155515370706,1,10825,0.9367882051734793,0.004397675514370976,6,0.25059348344802856
TRAIN,5a064706,36,4,5,6,648,1280,1,0.84375,5.03125,0.9935117363929749,1,1730,0.0020857445987654323,2795,0.6189624329159212,0.3180091185410334,1140.2768786127167,489.8947976878613,1119.723404255319,490.4933870040253,1,2499,0.0195274831243973,0.8122340425531915,6,0.23207150399684906
TRAIN,5a064706,36,5,6,6,648,1280,1,0.8828125,3.265625,0.963230550289154,1,2615,0.003152729552469136,260,10.057692307692308,0.5713533438651922,1175.7567877629062,485.68183556405353,1168.0062630480168,482.2934685356397,1,1677,0.032475342795285064,0.8808385435821994,5,0.22491440176963806
TRAIN,5a064706,37,0,1,6,648,1280,1,0.97265625,14.75,0.9999996423721313,1,47585,0.057370032793209874,32820,1.4498781230956734,0.8207499767376942,645.0860355153935,552.5450667227067,640.1313553419697,555.5354108212445,1,46155,0.9617855722746583,0.00833614305147016,2,0.24989591538906097
TRAIN,5a064706,37,1,2,6,648,1280,1,0.96875,15.625,0.9999998807907104,1,38075,0.045904465663580245,18829,2.02214668861862,0.783589477654158,343.4378200919238,560.2307288246881,325.9217120663971,562.4462917642052,1,39143,0.9693947818102987,1.187239549323867e-05,1,0.29710784554481506
TRAIN,5a064706,37,2,3,6,648,1280,1,0.94921875,13.25,0.9999982118606567,1,12812,0.015446566358024692,4146,3.0902074288470813,0.6974132309252953,840.2631907586638,533.7998751170777,829.9495948746938,529.5710382513661,1,13067,0.9296845872790992,0.0002714118505199233,1,0.28826969861984253
TRAIN,5a064706,37,3,4,6,648,1280,1,0.95703125,13.0625,0.9999978542327881,1,10787,0.013005160108024692,7922,1.3616510982075234,0.6753365973072215,1072.511912487253,471.1212570686938,1058.043462611356,473.82497975344194,1,10522,0.9486968449931413,0.012991103062750965,6,0.23868761956691742
TRAIN,5a064706,37,4,5,6,648,1280,1,0.86328125,5.03125,0.9935117363929749,1,2230,0.0026885609567901233,2795,0.7978533094812165,0.3391951301995266,1154.980269058296,489.3668161434978,1140.2768786127167,489.8947976878613,1,2404,0.04960362400906002,0.7909393183707398,6,0.24778473377227783
TRAIN,5a064706,37,5,6,6,648,1280,1,0.87890625,3.296875,0.9643214344978333,1,2183,0.0026318962191358023,260,8.396153846153846,0.4456161494426032,1189.9830508474577,485.7036188731104,1175.7567877629062,485.68183556405353,1,2079,0.007803263182785528,0.8209606986899564,5,0.1970130354166031
TRAIN,5a064706,38,0,1,6,648,1280,1,0.96875,15.375,0.9999997615814209,1,47632,0.0574266975308642,32820,1.4513101767215113,0.7904663407295975,634.0123236479677,542.703896540141,645.0860355153935,552.5450667227067,1,47431,0.9688710312118137,0.003127371398348932,2,0.24229711294174194
TRAIN,5a064706,38,1,2,6,648,1280,1,0.95703125,16.0,0.9999998807907104,1,37865,0.045651282793209874,18829,2.010993679961761,0.8232455403231616,342.2958404859369,549.9242308200185,343.4378200919238,560.2307288246881,1,39614,0.9493043500138375,0.0007743752199929603,1,0.34387263655662537
TRAIN,5a064706,38,2,3,6,648,1280,1,0.95703125,13.9375,0.9999991655349731,1,14494,0.017474440586419754,4146,3.4958996623251326,0.7299797263051191,839.6846281219815,522.0121429557058,840.2631907586638,533.7998751170777,1,15057,0.9410798738833421,0.0007757325015757066,1,0.28065282106399536
TRAIN,5a064706,38,3,4,6,648,1280,1,0.9609375,12.3125,0.9999954700469971,1,10991,0.013251109182098765,7922,1.3874021711688966,0.6905759975159137,1076.2368301337458,459.5174233463743,1072.511912487253,471.1212570686938,1,10917,0.9482436638506002,0.014627241270839886,6,0.28248172998428345
TRAIN,5a064706,38,4,5,6,648,1280,1,0.84375,4.75,0.9914224743843079,1,1940,0.0023389274691358024,2795,0.6940966010733453,0.48187633262260127,1159.7824742268042,479.70360824742266,1154.980269058296,489.3668161434978,1,1974,0.03682119205298013,0.777111213659437,6,0.28628894686698914
TRAIN,5a064706,38,5,6,6,648,1280,1,0.84375,3.1875,0.9603611826896667,1,1872,0.0022569444444444442,260,7.2,0.4607348703170029,1189.8199786324785,473.8349358974359,1189.9830508474577,485.7036188731104,1,1911,0.028827848789774273,0.7723502304147466,5,0.20664282143115997
TRAIN,5a064706,39,0,1,6,648,1280,1,0.9609375,15.6875,0.9999998807907104,1,47382,0.05712528935185185,32820,1.443692870201097,0.7323463452878006,609.1197290110168,540.9320417036005,634.0123236479677,542.703896540141,1,47668,0.9651016146705534,0.002573455631500041,2,0.24805223941802979
TRAIN,5a064706,39,1,2,6,648,1280,1,0.9609375,15.25,0.9999997615814209,1,37692,0.04544270833333333,18829,2.0018057252111103,0.7625501539609966,322.652525734904,549.7502387774595,342.2958404859369,549.9242308200185,1,37547,0.960472145500026,0.0059631838216230235,1,0.4156200885772705
TRAIN,5a064706,39,2,3,6,648,1280,1,0.95703125,13.375,0.9999984502792358,1,15573,0.018775318287037036,4146,3.756150506512301,0.7357695416233692,823.1947601618185,520.1087137995248,839.6846281219815,522.0121429557058,1,15762,0.9637149840195526,0.0008229280412730064,1,0.313693642616272
TRAIN,5a064706,39,3,4,6,648,1280,1,0.95703125,13.0,0.9999977350234985,1,11590,0.013973283179012346,7922,1.4630143903054784,0.7774716624685138,1065.7315789473685,457.8869715271786,1076.2368301337458,459.5174233463743,1,11774,0.9605605437610136,0.0023006743355811184,6,0.27022987604141235
TRAIN,5a064706,39,4,5,6,648,1280,1,0.85546875,3.09375,0.9566342234611511,1,2581,0.003111738040123457,2795,0.9234347048300536,0.5947089947089947,1157.7931034482758,473.2537776055792,1159.7824742268042,479.70360824742266,1,1219,0.43667296786389415,0.40286377708978327,6,0.2614336311817169
TRAIN,5a064706,39,5,6,6,648,1280,1,0.63671875,2.203125,0.9005298018455505,1,2573,0.003102092978395062,260,9.896153846153846,0.09590729783037476,1158.1251457442675,473.2320248736883,1189.8199786324785,473.8349358974359,1,1044,0.4003097173828881,0.4451219512195122,5,0.2979483902454376
TRAIN,5a064706,40,0,1,6,648,1280,1,0.9609375,14.9375,0.9999996423721313,1,49309,0.05944854359567901,32820,1.502407068860451,0.45321329806420585,531.1553874546229,542.6237806485632,609.1197290110168,540.9320417036005,1,48040,0.9340220522499255,0.013378476875690673,2,0.41359761357307434
TRAIN,5a064706,40,1,2,6,648,1280,1,0.95703125,14.5,0.9999995231628418,1,36699,0.0442455150462963,18829,1.9490679271336768,0.4301561058135958,252.96771029183355,550.8505681353715,322.652525734904,549.7502387774595,1,36891,0.952196519524618,0.006951541222045298,1,0.4366169273853302
TRAIN,5a064706,40,2,3,6,648,1280,1,0.953125,12.1875,0.9999948740005493,1,16168,0.01949266975308642,4146,3.899662325132658,0.3402440569184647,759.5854156358239,520.1771400296883,823.1947601618185,520.1087137995248,1,15838,0.937995761429004,0.00040509800255523353,1,0.37956365942955017
TRAIN,5a064706,40,3,4,6,648,1280,1,0.95703125,12.3125,0.9999954700469971,1,12195,0.014702690972222222,7922,1.539383993940924,0.41325014854426617,1013.3781057810578,456.29143091430916,1065.7315789473685,457.8869715271786,1,11888,0.9298822020995272,0.02803203661327231,6,0.388712078332901
TRAIN,5a064706,40,4,5,6,648,1280,1,0.85546875,2.625,0.9324532747268677,1,1828,0.0022038966049382717,2795,0.6540250447227192,0.0,1102.820021881838,475.90645514223195,1157.7931034482758,473.2537776055792,1,1647,0.8543223052294557,0.0032916392363396972,4,0.25536176562309265
TRAIN,5a064706,40,5,6,6,648,1280,1,0.84765625,1.4765625,0.8140527606010437,1,1853,0.0022340374228395064,260,7.126923076923077,0.0,1103.2374527792767,476.2558014031301,1158.1251457442675,473.2320248736883,1,384,0.0,0.8518518518518519,5,0.23952171206474304
TRAIN,5a064706,41,0,1,6,648,1280,1,0.96484375,14.8125,0.9999996423721313,1,48314,0.05824893904320988,32820,1.4720901889092017,0.4816281928698265,460.0014074595355,544.1709442397648,531.1553874546229,542.6237806485632,1,49483,0.9572317729701603,0.001715346476490354,2,0.26778241991996765
TRAIN,5a064706,41,1,2,6,648,1280,1,0.96484375,13.9375,0.9999991655349731,1,36856,0.04443479938271605,18829,1.9574061288438047,0.412156584176474,177.65441176470588,556.9606576948122,252.96771029183355,550.8505681353715,1,36946,0.965799216897957,0.004338924691156969,1,0.4200159013271332
TRAIN,5a064706,41,2,3,6,648,1280,1,0.953125,12.875,0.9999974966049194,1,16323,0.019679542824074074,4146,3.9370477568740956,0.3501350509038022,696.2563866936225,524.8706120198493,759.5854156358239,520.1771400296883,1,16025,0.965607340341496,0.0,1,0.31160542368888855
TRAIN,5a064706,41,3,4,6,648,1280,1,0.9609375,13.8125,0.9999990463256836,1,11966,0.014426601080246914,7922,1.5104771522342844,0.45486842897573315,967.6846899548722,458.1429048972088,1013.3781057810578,456.29143091430916,1,11609,0.9284253578732107,0.03664223850766156,6,0.3121434450149536
TRAIN,5a064706,41,4,5,6,648,1280,1,0.8203125,2.609375,0.9314625263214111,1,971,0.0011706693672839507,2795,0.34740608228980324,0.0,1052.86508753862,486.41606591143153,1102.820021881838,475.90645514223195,1,1101,0.7986111111111112,0.003189792663476874,4,0.29967010021209717
TRAIN,5a064706,41,5,6,6,648,1280,1,0.7890625,1.71875,0.8479677438735962,1,1056,0.0012731481481481483,260,4.061538461538461,0.0,1052.4128787878788,486.7594696969697,1103.2374527792767,476.2558014031301,1,482,0.0,0.8295165394402035,5,0.2906189560890198
TRAIN,5a064706,42,0,1,6,648,1280,1,0.96484375,15.1875,0.9999997615814209,1,47426,0.05717833719135802,32820,1.4450335161486898,0.7178332406294295,427.2564416143044,545.6933327710539,460.0014074595355,544.1709442397648,1,47801,0.9755819260611592,0.0006341927458106691,2,0.2095085233449936
TRAIN,5a064706,42,1,2,6,648,1280,1,0.95703125,15.875,0.9999998807907104,1,35080,0.04229359567901234,18829,1.8630835413457965,0.8201508020849148,161.9967787913341,559.9485461801596,177.65441176470588,556.9606576948122,1,34620,0.9463293401468822,0.011076817976650848,1,0.32419002056121826
TRAIN,5a064706,42,2,3,6,648,1280,1,0.95703125,12.875,0.9999974966049194,1,15863,0.019124951774691357,4146,3.8260974433188615,0.75,683.1110130492341,526.9657694004917,696.2563866936225,524.8706120198493,1,15692,0.957870571446299,0.0,1,0.28630492091178894
TRAIN,5a064706,42,3,4,6,648,1280,1,0.9375,14.5,0.9999995231628418,1,11440,0.013792438271604939,7922,1.4440797778338803,0.8672516952532908,972.568006993007,460.31407342657343,967.6846899548722,458.1429048972088,1,11275,0.9302345343303875,0.021522038567493112,6,0.30532675981521606
TRAIN,5a064706,42,4,5,6,648,1280,1,0.4375,1.7890625,0.8568122982978821,1,835,0.0010067033179012345,2795,0.29874776386404295,0.04756380510440835,996.7065868263473,499.5640718562874,1052.86508753862,486.41606591143153,1,545,0.45569620253164556,0.3472222222222222,6,0.3016447424888611
TRAIN,5a064706,42,5,6,6,648,1280,1,0.44140625,1.8359375,0.8624675869941711,1,383,0.00046175733024691356,260,1.4730769230769232,0.0795198799699925,1022.6187989556136,496.5953002610966,1052.4128787878788,486.7594696969697,1,426,0.08882907133243607,0.4706814580031696,5,0.29421454668045044
TRAIN,5a064706,43,0,1,6,648,1280,1,0.953125,15.0,0.9999996423721313,1,44510,0.05366271219135803,32820,1.3561852528945766,0.5402502973747256,478.435879577623,539.2433610424624,427.2564416143044,545.6933327710539,1,45536,0.9436625798653082,0.0009830239328519038,2,0.4242827892303467
TRAIN,5a064706,43,1,2,6,648,1280,1,0.93359375,14.0,0.9999991655349731,1,36210,0.04365596064814815,18829,1.9230973498327049,0.45436370312946267,222.74810825738746,551.6318972659486,161.9967787913341,559.9485461801596,1,34915,0.9356375017009116,0.016981625010885657,1,0.41681256890296936
TRAIN,5a064706,43,2,3,6,648,1280,1,0.953125,12.4375,0.9999960660934448,1,15481,0.018664400077160494,4146,3.733960443801254,0.4268675740884053,730.8412247270849,517.3107680382404,683.1110130492341,526.9657694004917,1,15435,0.9631699263398527,0.0,1,0.4570785462856293
TRAIN,5a064706,43,3,4,6,648,1280,1,0.9375,13.5,0.9999985694885254,1,11902,0.014349440586419753,7922,1.5023983842464024,0.2908256373389371,1041.1316585447823,454.7403797681062,972.568006993007,460.31407342657343,1,11282,0.9068925810166146,0.030784030784030785,5,0.4295041561126709
TRAIN,5a064706,43,4,5,6,648,1280,1,0.314453125,1.3046875,0.7866228222846985,1,449,0.0005413290895061729,2795,0.16064400715563507,0.16621253405994552,1028.6347438752784,491.2850779510022,996.7065868263473,499.5640718562874,1,956,0.2324561403508772,0.24861878453038674,6,0.38594865798950195
TRAIN,5a064706,43,5,6,6,648,1280,1,0.2890625,1.140625,0.7577943801879883,1,173,0.0002085744598765432,260,0.6653846153846154,0.0,993.3294797687861,476.7456647398844,1022.6187989556136,496.5953002610966,1,229,0.6209677419354839,0.0007863008911410099,4,0.3858116865158081
TRAIN,5a064706,44,0,1,6,648,1280,1,0.9765625,15.375,0.9999997615814209,1,43514,0.05246190200617284,32820,1.3258379037172456,0.6908182865923934,498.9238176219148,541.4082594107643,478.435879577623,539.2433610424624,1,43090,0.9668422965116279,0.003934515756680609,2,0.37025508284568787
TRAIN,5a064706,44,1,2,6,648,1280,1,0.96875,16.0,0.9999998807907104,1,36968,0.04456983024691358,18829,1.963354400127463,0.6739791833466774,254.42325795282406,549.322657433456,222.74810825738746,551.6318972659486,1,37372,0.970628777436115,0.0,1,0.45612120628356934
TRAIN,5a064706,44,2,3,6,648,1280,1,0.95703125,13.0625,0.9999978542327881,1,15185,0.018307532793209878,4146,3.662566328991799,0.6075697211155379,756.5466578860718,515.3259137306552,730.8412247270849,517.3107680382404,1,15123,0.969842714155726,0.0,1,0.3378411531448364
TRAIN,5a064706,44,3,4,6,648,1280,1,0.9453125,13.625,0.9999988079071045,1,11628,0.014019097222222223,7922,1.4678111587982832,0.4808055380742605,1081.02915376677,453.4787581699346,1041.1316585447823,454.7403797681062,1,11238,0.9186105051183084,0.028935957304869912,6,0.29147446155548096
TRAIN,5a064706,44,4,5,6,648,1280,1,0.5390625,2.015625,0.8824278712272644,1,493,0.0005943769290123457,2795,0.17638640429338104,0.0,1046.8336713995943,481.4381338742393,1028.6347438752784,491.2850779510022,1,582,0.1186264308012487,0.40326340326340326,6,0.37809500098228455
TRAIN,5a064706,44,5,6,6,648,1280,1,0.58984375,1.65625,0.8397339582443237,1,490,0.0005907600308641976,260,1.8846153846153846,0.0,1048.608163265306,481.9,993.3294797687861,476.7456647398844,1,711,0.39165701042873696,0.13679745493107104,5,0.3755089342594147
TRAIN,5a064706,45,0,1,6,648,1280,1,0.96875,15.1875,0.9999997615814209,1,38253,0.04611906828703704,32820,1.1655393053016454,0.6234240673456827,476.36776200559433,553.1289310642303,498.9238176219148,541.4082594107643,1,37975,0.96752961825362,0.006476344986393134,2,0.34495809674263
TRAIN,5a064706,45,1,2,6,648,1280,1,0.97265625,15.8125,0.9999998807907104,1,37597,0.04532817322530864,18829,1.9967603165330077,0.7843639322293482,245.88084155650716,558.2499667526664,254.42325795282406,549.322657433456,1,38674,0.9680299316217262,0.0006090617800492545,1,0.4205765128135681
TRAIN,5a064706,45,2,3,6,648,1280,1,0.9609375,13.0,0.9999977350234985,1,15679,0.01890311535493827,4146,3.781717317896768,0.6493346871159087,739.1972064544933,527.9511448434212,756.5466578860718,515.3259137306552,1,15893,0.9575892857142857,0.0,1,0.31367912888526917
TRAIN,5a064706,45,3,4,6,648,1280,1,0.94921875,13.125,0.9999979734420776,1,11484,0.01384548611111111,7922,1.449633930825549,0.6318576572760009,1069.3928073841867,465.54136189481017,1081.02915376677,453.4787581699346,1,11460,0.9171122994652406,0.016204292865020786,6,0.2779219150543213
TRAIN,5a064706,45,4,5,6,648,1280,1,0.546875,2.15625,0.896251380443573,1,575,0.0006932388117283951,2795,0.20572450805008943,0.09763617677286741,1038.7373913043477,493.22434782608696,1046.8336713995943,481.4381338742393,1,372,0.16769420468557336,0.3052503052503053,6,0.23676155507564545
TRAIN,5a064706,45,5,6,6,648,1280,1,0.51171875,1.9296875,0.873214840888977,1,570,0.0006872106481481482,260,2.1923076923076925,0.0860655737704918,1039.0771929824562,493.4877192982456,1048.608163265306,481.9,1,494,0.3087330873308733,0.1687344913151365,5,0.2463957667350769
TRAIN,5a064706,46,0,1,6,648,1280,1,0.96484375,15.75,0.9999998807907104,1,33371,0.04023316936728395,32820,1.0167885435709934,0.6856275446565155,459.67019268226903,559.6074435887447,476.36776200559433,553.1289310642303,1,33255,0.9637467578401321,0.006026136780603461,2,0.33799147605895996
TRAIN,5a064706,46,1,2,6,648,1280,1,0.96484375,15.0,0.9999996423721313,1,37696,0.04544753086419753,18829,2.002018163471241,0.8783804011575691,254.19389325127335,562.4394365449915,245.88084155650716,558.2499667526664,1,37914,0.9723490283031172,0.00541314174779294,1,0.4569229185581207
TRAIN,5a064706,46,2,3,6,648,1280,1,0.9609375,11.625,0.9999910593032837,1,15389,0.01855348186728395,4146,3.7117703810902074,0.8511589108025979,735.5661836376632,534.0727792579115,739.1972064544933,527.9511448434212,1,15328,0.9709335899903754,0.0,1,0.361134797334671
TRAIN,5a064706,46,3,4,6,648,1280,1,0.953125,12.75,0.9999971389770508,1,11616,0.014004629629629629,7922,1.4662963898005554,0.8337699452250535,1067.8025137741047,471.3477100550964,1069.3928073841867,465.54136189481017,1,11180,0.9282693283708341,0.028142748156310928,5,0.25638893246650696
TRAIN,5a064706,46,4,5,6,648,1280,1,0.640625,2.671875,0.9353464841842651,1,826,0.00099585262345679,2795,0.29552772808586764,0.30446927374301674,1027.9891041162227,499.73728813559325,1038.7373913043477,493.22434782608696,1,513,0.11676396997497915,0.6678004535147393,6,0.22695763409137726
TRAIN,5a064706,46,5,6,6,648,1280,1,0.59765625,2.140625,0.894789457321167,1,1008,0.0012152777777777778,260,3.876923076923077,0.30305532617671344,1025.4722222222222,498.1190476190476,1039.0771929824562,493.4877192982456,1,645,0.5803059273422562,0.1110299488677867,5,0.22239457070827484
TRAIN,5a064706,47,0,1,6,648,1280,1,0.95703125,15.75,0.9999998807907104,1,28765,0.034680025077160496,32820,0.8764472882388787,0.7024494492848923,476.84126542673386,566.9126368851034,459.67019268226903,559.6074435887447,1,29069,0.9621374045801526,0.0034321624234611666,2,0.35170474648475647
TRAIN,5a064706,47,1,2,6,648,1280,1,0.94921875,14.4375,0.9999994039535522,1,33699,0.040628616898148145,18829,1.7897392320356895,0.6744453304564004,286.6379417786878,566.6543814356509,254.19389325127335,562.4394365449915,1,33508,0.9663818830826848,0.009894936688494522,1,0.37339910864830017
TRAIN,5a064706,47,2,3,6,648,1280,1,0.9609375,12.875,0.9999974966049194,1,14614,0.01761911651234568,4146,3.5248432223830197,0.5719899402703552,764.9018064869304,543.4499794717394,735.5661836376632,534.0727792579115,1,14400,0.9714615750492628,0.0,1,0.3534219563007355
TRAIN,5a064706,47,3,4,6,648,1280,1,0.94921875,13.1875,0.9999980926513672,1,11762,0.01418065200617284,7922,1.484726079272911,0.5180519480519481,1098.430964121748,481.1481040639347,1067.8025137741047,471.3477100550964,1,11283,0.9378573831146989,0.01698176342646813,5,0.3416893482208252
TRAIN,5a064706,47,4,5,6,648,1280,1,0.69140625,3.234375,0.9621075391769409,1,1664,0.002006172839506173,2795,0.5953488372093023,0.0163265306122449,1057.2614182692307,513.4507211538462,1027.9891041162227,499.73728813559325,1,395,0.1725512528473804,0.6390328151986183,6,0.3204323351383209
TRAIN,5a064706,47,5,6,6,648,1280,1,0.63671875,2.5,0.9241418242454529,1,1434,0.0017288773148148148,260,5.515384615384615,0.027777777777777776,1049.955369595537,511.41562064156204,1025.4722222222222,498.1190476190476,1,1183,0.7400265957446809,0.10446859903381643,5,0.3489244282245636
TRAIN,5a064706,48,0,1,6,648,1280,1,0.9375,15.1875,0.9999997615814209,1,27282,0.03289207175925926,32820,0.8312614259597806,0.7750997656299486,476.71343743127335,565.3426801554139,476.84126542673386,566.9126368851034,1,26973,0.9420481798331961,0.013620257540402731,2,0.31117120385169983
TRAIN,5a064706,48,1,2,6,648,1280,1,0.94921875,14.5,0.9999995231628418,1,31881,0.03843677662037037,18829,1.6931860428063095,0.7960234430629347,296.8211473918635,568.8253505222547,286.6379417786878,566.6543814356509,1,31361,0.9595339902088368,0.01376281112737921,1,0.38095900416374207
TRAIN,5a064706,48,2,3,6,648,1280,1,0.95703125,11.4375,0.9999892711639404,1,14715,0.017740885416666668,4146,3.5492040520984083,0.8300886060152253,770.4224940536867,546.4176010873258,764.9018064869304,543.4499794717394,1,14914,0.9608868299139642,0.0,1,0.3584643006324768
TRAIN,5a064706,48,3,4,6,648,1280,1,0.95703125,12.25,0.999995231628418,1,11792,0.014216820987654321,7922,1.4885130017672306,0.7727101678332204,1110.1825814111262,482.51755427408415,1098.430964121748,481.1481040639347,1,11616,0.9305567010309278,0.03500210349179638,5,0.38416141271591187
TRAIN,5a064706,48,4,5,6,648,1280,1,0.8125,3.921875,0.9805806875228882,1,1506,0.0018156828703703703,2795,0.538819320214669,0.4474885844748858,1048.4561752988047,510.45019920318725,1057.2614182692307,513.4507211538462,1,509,0.0,0.8750792644261256,6,0.3541112244129181
TRAIN,5a064706,48,5,6,6,648,1280,1,0.83203125,2.765625,0.9407896995544434,1,1573,0.001896460262345679,260,6.05,0.49975062344139654,1048.3095994914177,510.3350286077559,1049.955369595537,511.41562064156204,1,1451,0.8724458204334365,0.005719078847033704,4,0.25259047746658325
TRAIN,5a064706,49,0,1,6,648,1280,1,0.9296875,15.6875,0.9999998807907104,1,27566,0.03323447145061728,32820,0.8399146861669714,0.7724922440537746,461.832039468911,557.1298338532976,476.71343743127335,565.3426801554139,1,27642,0.9462050974724151,0.007860762129520372,2,0.28862735629081726
TRAIN,5a064706,49,1,2,6,648,1280,1,0.9453125,14.25,0.9999994039535522,1,31264,0.0376929012345679,18829,1.6604174411811568,0.8498608466383477,291.7047402763562,566.6619434493347,296.8211473918635,568.8253505222547,1,30515,0.9390163522802172,0.022549342961792836,1,0.36404940485954285
TRAIN,5a064706,49,2,3,6,648,1280,1,0.95703125,12.6875,0.9999969005584717,1,14111,0.01701268325617284,4146,3.4035214664737095,0.8019628680377571,766.9399050386223,538.0267167458012,770.4224940536867,546.4176010873258,1,14247,0.9714961067853171,0.0,1,0.37395891547203064
TRAIN,5a064706,49,3,4,6,648,1280,1,0.9609375,12.5625,0.999996542930603,1,11916,0.014366319444444444,7922,1.5041656147437517,0.7367225844260493,1114.0035246727089,473.20485062101375,1110.1825814111262,482.51755427408415,1,11778,0.9114230396902226,0.04664723032069971,5,0.3186286985874176
TRAIN,5a064706,49,4,5,6,648,1280,1,0.82421875,4.5,0.9890130758285522,1,1709,0.002060426311728395,2795,0.6114490161001789,0.47680293982544786,1049.6676418958455,500.2568753657109,1048.4561752988047,510.45019920318725,1,649,0.0,0.876210979547901,6,0.3157307505607605
TRAIN,5a064706,49,5,6,6,648,1280,1,0.84765625,2.890625,0.9473810195922852,1,1602,0.0019314236111111112,260,6.161538461538462,0.48642322097378277,1049.694756554307,499.9438202247191,1048.3095994914177,510.3350286077559,1,1777,0.8484682713347921,0.0014220492478107926,4,0.28345564007759094
TRAIN,5a064706,50,0,1,6,648,1280,1,0.9140625,14.6875,0.9999995231628418,1,23667,0.02853370949074074,32820,0.7211151736745887,0.6968502633060644,482.826932015042,556.6970042675455,461.832039468911,557.1298338532976,1,24077,0.9373478331439702,0.004232383157285487,2,0.3158528208732605
TRAIN,5a064706,50,1,2,6,648,1280,1,0.9453125,13.875,0.9999990463256836,1,32359,0.03901306905864198,18829,1.7185724148919221,0.7160157514294961,316.6766278315152,562.7308013226614,291.7047402763562,566.6619434493347,1,31855,0.9573858440529172,0.013595790154277197,1,0.39851731061935425
TRAIN,5a064706,50,2,3,6,648,1280,1,0.9453125,13.25,0.9999982118606567,1,13120,0.015817901234567902,4146,3.164495899662325,0.6019177598682276,788.7322408536585,532.8042682926829,766.9399050386223,538.0267167458012,1,13257,0.9608236693428487,0.0,1,0.3999841511249542
TRAIN,5a064706,50,3,4,6,648,1280,1,0.94921875,13.1875,0.9999980926513672,1,12059,0.014538724922839506,7922,1.5222166119666751,0.5657654127481714,1142.7068579484203,468.1597147358819,1114.0035246727089,473.20485062101375,1,12282,0.9415330621360772,0.009699883933012767,5,0.33488214015960693
TRAIN,5a064706,50,4,5,6,648,1280,1,0.81640625,5.25,0.9947799444198608,1,1974,0.0023799189814814816,2795,0.7062611806797854,0.24341661039837947,1079.4969604863222,496.32370820668694,1049.6676418958455,500.2568753657109,1,120,0.0,0.8882132834424696,6,0.39129751920700073
TRAIN,5a064706,50,5,6,6,648,1280,1,0.8203125,3.15625,0.9591543078422546,1,2125,0.0025619695216049384,260,8.173076923076923,0.24233333333333335,1079.9717647058824,496.6927058823529,1049.694756554307,499.9438202247191,1,2063,0.898458748866727,0.005022671782350889,4,0.33657610416412354
TRAIN,5a064706,51,0,1,6,648,1280,1,0.89453125,13.25,0.9999982118606567,1,24324,0.029325810185185184,32820,0.7411334552102377,0.37849715631642444,533.2954283834896,551.3690182535768,482.826932015042,556.6970042675455,1,21446,0.7919505128807455,0.07594737256755692,2,0.4292776882648468
TRAIN,5a064706,51,1,2,6,648,1280,1,0.921875,12.5625,0.999996542930603,1,27704,0.033400848765432097,18829,1.4713473896648785,0.39964579498054204,383.33161276349983,564.2730291654635,316.6766278315152,562.7308013226614,1,30304,0.8792885605986976,0.004598875830352581,1,0.41792047023773193
TRAIN,5a064706,51,2,3,6,648,1280,1,0.953125,12.3125,0.9999954700469971,1,13132,0.015832368827160492,4146,3.167390255668114,0.2214209277439166,858.0128693268352,530.9305513250076,788.7322408536585,532.8042682926829,1,12864,0.9567933759879563,0.0,1,0.4236488938331604
TRAIN,5a064706,51,3,4,6,648,1280,1,0.94140625,10.75,0.9999785423278809,1,10698,0.012897858796296296,7922,1.350416561474375,0.28418260820495456,1213.9090484202654,466.296223593195,1142.7068579484203,468.1597147358819,1,10670,0.9441361113638431,0.020830082696208455,6,0.3824434280395508
TRAIN,5a064706,51,4,5,6,648,1280,1,0.7578125,4.34375,0.9871788024902344,1,2570,0.0030984760802469135,2795,0.9194991055456172,0.0,1168.346692607004,499.12101167315177,1079.4969604863222,496.32370820668694,0,0,0.0,0.8284765769088898,6,0.3436407744884491
TRAIN,5a064706,51,5,6,6,648,1280,1,0.79296875,2.578125,0.929440438747406,1,2690,0.0032431520061728396,260,10.346153846153847,0.0,1168.4271375464684,499.35167286245354,1079.9717647058824,496.6927058823529,1,2387,0.8035523978685613,0.010895883777239709,4,0.33234718441963196
TRAIN,5a064706,52,0,1,6,648,1280,1,0.90234375,13.8125,0.9999990463256836,1,18821,0.02269121334876543,32820,0.5734613040828763,0.4144046682402308,564.3799479305031,559.4560331544551,533.2954283834896,551.3690182535768,1,19369,0.9124643196955281,0.010243277848911651,2,0.4012822210788727
TRAIN,5a064706,52,1,2,6,648,1280,1,0.94921875,11.8125,0.9999926090240479,1,25777,0.03107759452160494,18829,1.3690052578469383,0.35587161545482204,450.31334135081664,569.2366838654615,383.33161276349983,564.2730291654635,1,26152,0.9636604273019475,0.005613222256871742,1,0.4526190757751465
TRAIN,5a064706,52,2,3,6,648,1280,1,0.96484375,11.75,0.9999921321868896,1,12189,0.014695457175925925,4146,2.9399421128798844,0.28103814631184865,916.1477561735992,542.4581179752236,858.0128693268352,530.9305513250076,1,12263,0.9486770800127511,0.0,1,0.39796364307403564
TRAIN,5a064706,52,3,4,6,648,1280,1,0.9453125,8.75,0.999841570854187,1,5511,0.006644241898148148,7922,0.6956576622065135,0.44710293723774663,1243.179822173834,478.29958265287604,1213.9090484202654,466.296223593195,1,5788,0.9380789022298456,0.00392156862745098,6,0.4688466787338257
TRAIN,5a064706,52,4,5,6,648,1280,1,0.84765625,4.4375,0.9883127808570862,1,1957,0.002359423225308642,2795,0.7001788908765653,0.08848280836739601,1222.6458865610628,511.07869187531935,1168.346692607004,499.12101167315177,0,0,0.0,0.8952007835455436,6,0.4451463222503662
TRAIN,5a064706,52,5,6,6,648,1280,1,0.875,2.515625,0.9252299070358276,1,1979,0.0023859471450617285,260,7.611538461538461,0.0888526119402985,1222.7710965133906,511.36685194542696,1168.4271375464684,499.35167286245354,1,1913,0.8939172749391727,0.01119645879442781,4,0.2952694296836853
TRAIN,5a064706,53,0,1,6,648,1280,1,0.93359375,13.3125,0.9999983310699463,1,19652,0.023693094135802468,32820,0.5987812309567337,0.6225118083670715,525.5215754121718,548.5218807246082,564.3799479305031,559.4560331544551,1,19239,0.9437724910035986,0.006868669304003826,2,0.3925429582595825
TRAIN,5a064706,53,1,2,6,648,1280,1,0.96484375,12.8125,0.9999972581863403,1,25872,0.03119212962962963,18829,1.3740506665250412,0.8076155811430371,463.7919372294372,568.3583797155226,450.31334135081664,569.2366838654615,1,26670,0.9646275800179479,0.001154042477640427,1,0.3915060758590698
TRAIN,5a064706,53,2,3,6,648,1280,1,0.96484375,10.3125,0.9999667406082153,1,12776,0.015403163580246914,4146,3.0815243608297154,0.7907610644860483,922.4457576706325,535.4858328115216,916.1477561735992,542.4581179752236,1,12846,0.9554300541860643,0.0,1,0.46534213423728943
TRAIN,5a064706,53,3,4,6,648,1280,1,0.9453125,8.625,0.9998205304145813,1,4875,0.00587745949074074,7922,0.6153749053269376,0.705698801116768,1246.0845128205128,468.6637948717949,1243.179822173834,478.29958265287604,1,5139,0.9220729366602687,0.009119927040583675,6,0.477512389421463
TRAIN,5a064706,53,4,5,6,648,1280,1,0.84375,5.1875,0.9944451451301575,1,1846,0.0022255979938271605,2795,0.6604651162790698,0.4878716744913928,1229.868364030336,503.96153846153845,1222.6458865610628,511.07869187531935,0,0,0.0,0.8531827515400411,6,0.4593108892440796
TRAIN,5a064706,53,5,6,6,648,1280,1,0.8671875,3.046875,0.954647421836853,1,1835,0.002212336033950617,260,7.0576923076923075,0.5033504138746551,1229.641961852861,504.349863760218,1222.7710965133906,511.36685194542696,1,1764,0.8465879938429964,0.007221259387637204,4,0.29332783818244934
TRAIN,5a064706,54,0,1,6,648,1280,1,0.9140625,12.6875,0.9999969005584717,1,19797,0.02386791087962963,32820,0.603199268738574,0.6383155446654761,499.55124513815224,536.0927413244431,525.5215754121718,548.5218807246082,1,19035,0.9046497939964685,0.022032268404744097,2,0.4250260293483734
TRAIN,5a064706,54,1,2,6,648,1280,1,0.94140625,12.625,0.9999966621398926,1,27908,0.03364679783950617,18829,1.4821817409315419,0.7697775437672766,479.5924824423104,561.1542926759353,463.7919372294372,568.3583797155226,1,28029,0.9676035034647719,0.008160986190752314,1,0.40930992364883423
TRAIN,5a064706,54,2,3,6,648,1280,1,0.96875,12.0625,0.9999942779541016,1,13540,0.016324266975308643,4146,3.26579835986493,0.8023423053215534,924.1644756277695,525.3957902511079,922.4457576706325,535.4858328115216,1,13453,0.9634128600523713,0.0,1,0.36325979232788086
TRAIN,5a064706,54,3,4,6,648,1280,1,0.9375,10.125,0.9999599456787109,1,4830,0.005823206018518518,7922,0.6096945215854582,0.6564260112647209,1247.7304347826087,456.81573498964804,1246.0845128205128,468.6637948717949,1,5007,0.9383251231527093,0.008780768677126818,6,0.4136645793914795
TRAIN,5a064706,54,4,5,6,648,1280,1,0.84765625,6.125,0.9978172779083252,1,2243,0.0027042341820987656,2795,0.8025044722719141,0.34241628365068943,1223.3036112349532,490.2817654926438,1229.868364030336,503.96153846153845,0,0,0.0,0.8646140868831717,6,0.4036363959312439
TRAIN,5a064706,54,5,6,6,648,1280,1,0.84765625,3.671875,0.9752018451690674,1,2213,0.002668065200617284,260,8.511538461538462,0.3355328274496866,1223.109353818346,490.4717577948486,1229.641961852861,504.349863760218,1,2178,0.8716965046888321,0.019486020898051397,4,0.2797282636165619
TRAIN,5a064706,55,0,1,6,648,1280,1,0.92578125,13.625,0.9999988079071045,1,18245,0.021996768904320986,32820,0.5559110298598415,0.5342609397055859,483.6914223074815,527.0127706220883,499.55124513815224,536.0927413244431,1,17488,0.9047441364605544,0.011682905032803679,2,0.3633989095687866
TRAIN,5a064706,55,1,2,6,648,1280,1,0.95703125,13.625,0.9999988079071045,1,27502,0.03315731095679012,18829,1.4606192575282808,0.6758914799020053,506.94647661988216,557.8182677623446,479.5924824423104,561.1542926759353,1,28170,0.9547066465362873,0.00350188477237749,1,0.41164329648017883
TRAIN,5a064706,55,2,3,6,648,1280,1,0.96875,12.1875,0.9999948740005493,1,13058,0.01574315200617284,4146,3.14954172696575,0.7085046248715313,938.2100627967529,517.0670087302802,924.1644756277695,525.3957902511079,1,13067,0.9515201314708299,0.0,1,0.30756449699401855
TRAIN,5a064706,55,3,4,6,648,1280,1,0.91015625,9.75,0.9999417066574097,1,3993,0.004814091435185185,7922,0.5040393839939409,0.638744427934621,1251.0162784873528,445.08865514650637,1247.7304347826087,456.81573498964804,1,4114,0.8770548738133828,0.03170577045022194,6,0.43612730503082275
TRAIN,5a064706,55,4,5,6,648,1280,1,0.83984375,6.53125,0.9985449314117432,1,2411,0.0029067804783950617,2795,0.8626118067978533,0.44803982576228996,1231.8257984238905,480.77021982579845,1223.3036112349532,490.2817654926438,0,0,0.0,0.8332713062895423,6,0.5109037160873413
TRAIN,5a064706,55,5,6,6,648,1280,1,0.8359375,3.8125,0.9783847332000732,1,2364,0.0028501157407407407,260,9.092307692307692,0.4465865992414665,1231.7508460236886,481.12225042301185,1223.109353818346,490.4717577948486,1,2515,0.8307692307692308,0.018713634219216856,4,0.35581618547439575
TRAIN,5a064706,56,0,1,6,648,1280,1,0.8203125,12.0625,0.9999942779541016,1,17987,0.021685715663580248,32820,0.5480499695307739,0.4363528245787909,427.8519486295658,521.6397398120865,483.6914223074815,527.0127706220883,1,16564,0.8429165777682953,0.032620084286013644,2,0.42177343368530273
TRAIN,5a064706,56,1,2,6,648,1280,1,0.89453125,14.5,0.9999995231628418,1,24985,0.03012273341049383,18829,1.3269424823410696,0.7646247982786444,495.07100260156096,552.9740644386632,506.94647661988216,557.8182677623446,1,26363,0.9174726464767168,0.007639326769171072,1,0.3771420121192932
TRAIN,5a064706,56,2,3,6,648,1280,1,0.94921875,12.625,0.9999966621398926,1,12629,0.015225935570987654,4146,3.0460684997588037,0.5594341913550267,910.8987251563861,510.2670045134215,938.2100627967529,517.0670087302802,1,12523,0.9527950310559006,0.0,1,0.41596919298171997
TRAIN,5a064706,56,3,4,6,648,1280,1,0.828125,8.25,0.9997387528419495,1,6482,0.007814911265432099,7922,0.8182277202726584,0.5806548966349782,1237.0765195927183,443.4117556309781,1251.0162784873528,445.08865514650637,1,7327,0.8463698355395106,0.004121212121212121,6,0.42939627170562744
TRAIN,5a064706,56,4,5,6,648,1280,1,0.6171875,4.71875,0.9911527037620544,1,3140,0.0037856867283950616,2795,1.1234347048300537,0.28435909301249424,1200.0964968152866,473.3382165605096,1231.8257984238905,480.77021982579845,0,0,0.0,0.5434103685196752,6,0.4700283408164978
TRAIN,5a064706,56,5,6,6,648,1280,1,0.62890625,2.984375,0.9518632292747498,1,2669,0.0032178337191358024,260,10.265384615384615,0.21131167268351383,1197.5683776695391,475.2266766579243,1231.7508460236886,481.12225042301185,1,1802,0.616413593637021,0.06227417640807652,4,0.3766709268093109
TRAIN,5a064706,57,0,1,6,648,1280,1,0.8984375,10.9375,0.9999822378158569,1,16000,0.019290123456790122,32820,0.4875076173065204,0.03263148300063805,295.545125,519.6724375,427.8519486295658,521.6397398120865,1,16896,0.8636904424678489,0.01319342643314559,2,0.3753073513507843
TRAIN,5a064706,57,1,2,6,648,1280,1,0.92578125,13.1875,0.9999980926513672,1,24636,0.029701967592592592,18829,1.3084072441446704,0.17146701921714907,394.3920279266115,553.2260107160254,495.07100260156096,552.9740644386632,1,23396,0.9175216575511996,0.03085209362356971,1,0.3955937922000885
TRAIN,5a064706,57,2,3,6,648,1280,1,0.93359375,11.375,0.9999885559082031,1,12619,0.015213879243827161,4146,3.0436565364206465,0.0046156294763647935,788.2905143038275,511.95308661542117,910.8987251563861,510.2670045134215,1,12803,0.9493903841729928,0.0,1,0.42090824246406555
TRAIN,5a064706,57,3,4,6,648,1280,1,0.88671875,10.375,0.9999687671661377,1,9370,0.011296778549382717,7922,1.1827821257258269,0.01303680981595092,1129.24386339381,446.90138740661683,1237.0765195927183,443.4117556309781,1,9964,0.8798249878463782,0.019358458804825587,6,0.42889147996902466
TRAIN,5a064706,57,4,5,6,648,1280,1,0.58984375,6.5625,0.9985895752906799,1,1915,0.0023087866512345677,2795,0.6851520572450805,0.0,1074.9289817232375,478.3718015665796,1200.0964968152866,473.3382165605096,1,2824,0.0,0.6373574144486692,6,0.3477112650871277
TRAIN,5a064706,57,5,6,6,648,1280,1,0.61328125,3.90625,0.9802808165550232,1,2258,0.0027223186728395064,260,8.684615384615384,0.00020300446609825416,1074.7976085031,476.01062887511074,1197.5683776695391,475.2266766579243,1,1530,0.6105442176870748,0.04855868222374743,4,0.3782356083393097
TRAIN,5a064706,58,0,1,6,648,1280,1,0.87109375,12.4375,0.9999960660934448,1,15903,0.019173177083333333,32820,0.4845521023765996,0.3334587251828631,252.01496572973653,533.2122241086587,295.545125,519.6724375,1,19579,0.7661523145843704,0.008675887684674446,2,0.36481672525405884
TRAIN,5a064706,58,1,2,6,648,1280,1,0.93359375,14.4375,0.9999994039535522,1,23959,0.02888575424382716,18829,1.272452068617558,0.5442671920681327,357.85141283025166,545.9523352393672,394.3920279266115,553.2260107160254,1,20487,0.834034827102418,0.0905493074167773,1,0.3180513381958008
TRAIN,5a064706,58,2,3,6,648,1280,1,0.95703125,12.25,0.999995231628418,1,12640,0.015239197530864198,4146,3.0487216594307767,0.45191699718342243,747.664161392405,511.39517405063293,788.2905143038275,511.95308661542117,1,13091,0.9559863169897378,0.0,1,0.45410412549972534
TRAIN,5a064706,58,3,4,6,648,1280,1,0.921875,11.875,0.999993085861206,1,10013,0.01207200038580247,7922,1.2639484978540771,0.4928373382624769,1094.0902826325776,448.2227104763807,1129.24386339381,446.90138740661683,1,10593,0.8897652237710931,0.011676200924692423,5,0.35484033823013306
TRAIN,5a064706,58,4,5,6,648,1280,1,0.53125,8.0625,0.9996849298477173,1,944,0.0011381172839506173,2795,0.3377459749552773,0.1436,1039.4300847457628,475.86228813559325,1074.9289817232375,478.3718015665796,1,2897,0.0,0.7889105058365758,6,0.4502865672111511
TRAIN,5a064706,58,5,6,6,648,1280,1,0.53125,5.75,0.9968273043632507,1,1736,0.0020929783950617282,260,6.676923076923077,0.13724373576309795,1041.1157834101382,478.2384792626728,1074.7976085031,476.01062887511074,1,895,0.4847629796839729,0.06846347170465378,4,0.4040614366531372
TRAIN,5a064706,59,0,1,6,648,1280,1,0.875,13.875,0.9999990463256836,1,13830,0.01667390046296296,32820,0.42138939670932357,0.46597968642145743,228.2592190889371,538.4137382501808,252.01496572973653,533.2122241086587,1,14596,0.8727188879372818,0.011534287372857829,2,0.4032447338104248
TRAIN,5a064706,59,1,2,6,648,1280,1,0.94921875,13.8125,0.9999990463256836,1,26058,0.031416377314814815,18829,1.3839290456211164,0.7313510332652566,338.6898073528283,548.8180980888786,357.85141283025166,545.9523352393672,1,26248,0.9432329011405431,0.015385383885308957,1,0.3379833698272705
TRAIN,5a064706,59,2,3,6,648,1280,1,0.96484375,12.3125,0.9999954700469971,1,12921,0.015577980324074075,4146,3.1164978292329955,0.713088935057972,732.835461651575,514.9058122436344,747.664161392405,511.39517405063293,1,12901,0.9673904761904762,0.0,1,0.4266650378704071
TRAIN,5a064706,59,3,4,6,648,1280,1,0.94140625,12.25,0.999995231628418,1,10258,0.012367380401234567,7922,1.2948750315576874,0.57898426546191,1070.5579060245661,453.99434587638916,1094.0902826325776,448.2227104763807,1,10356,0.9472888720952201,0.013001281816517121,6,0.2253362536430359
TRAIN,5a064706,59,4,5,6,648,1280,1,0.58984375,7.40625,0.9993928670883179,1,949,0.0011441454475308642,2795,0.3395348837209302,0.15850673194614442,1038.4836670179136,486.95785036880926,1039.4300847457628,475.86228813559325,1,3954,0.0,0.7620481927710844,6,0.4568743407726288
TRAIN,5a064706,59,5,6,6,648,1280,1,0.5390625,4.9375,0.9928786158561707,1,1042,0.0012562692901234567,260,4.007692307692308,0.23907225691347012,1039.186180422265,487.39635316698656,1041.1157834101382,478.2384792626728,1,806,0.7190697674418605,0.01658936853371388,4,0.38317084312438965
TRAIN,5a064706,60,0,1,6,648,1280,1,0.89453125,13.3125,0.9999983310699463,1,16262,0.019605999228395062,32820,0.4954905545399147,0.6494189870642403,218.15643832246957,545.7913540769893,228.2592190889371,538.4137382501808,1,18912,0.8339850878565097,0.0041604540426145925,2,0.2511249780654907
TRAIN,5a064706,60,1,2,6,648,1280,1,0.953125,13.9375,0.9999991655349731,1,27015,0.03257016782407408,18829,1.4347548993573742,0.9210554891953524,339.3038682213585,549.7927447714233,338.6898073528283,548.8180980888786,1,25493,0.9108410058590196,0.04446011097971436,1,0.30041947960853577
TRAIN,5a064706,60,2,3,6,648,1280,1,0.96484375,12.3125,0.9999954700469971,1,12791,0.015421248070987654,4146,3.085142305836951,0.7104843001596594,716.157376280197,516.7893049800641,732.835461651575,514.9058122436344,1,12925,0.9650034385267823,0.0,1,0.4157511293888092
TRAIN,5a064706,60,3,4,6,648,1280,1,0.953125,11.875,0.999993085861206,1,10780,0.012996720679012346,7922,1.3607674829588488,0.7199149771092217,1060.4249536178108,460.7767161410018,1070.5579060245661,453.99434587638916,1,10694,0.9326793267932679,0.017070484581497798,5,0.23286636173725128
TRAIN,5a064706,60,4,5,6,648,1280,1,0.6171875,6.46875,0.9984512329101562,1,375,0.0004521122685185185,2795,0.13416815742397137,0.051628276409849086,1010.8133333333334,487.70666666666665,1038.4836670179136,486.95785036880926,1,3996,0.0,0.6208053691275168,6,0.48730599880218506
TRAIN,5a064706,60,5,6,6,648,1280,1,0.56640625,4.90625,0.9926542043685913,1,459,0.0005533854166666667,260,1.7653846153846153,0.07290922087205147,1010.3899782135077,486.5054466230937,1039.186180422265,487.39635316698656,1,591,0.7213114754098361,0.0017064846416382253,4,0.3989858627319336
TRAIN,5a064706,61,0,1,6,648,1280,1,0.92578125,13.4375,0.9999985694885254,1,21111,0.02545211226851852,32820,0.643235831809872,0.7071532980084049,220.74510918478518,536.2748803941073,218.15643832246957,545.7913540769893,1,20736,0.9198513556911502,0.01007927037163314,2,0.29021432995796204
TRAIN,5a064706,61,1,2,6,648,1280,1,0.953125,13.875,0.9999990463256836,1,27619,0.0332983699845679,18829,1.4668330766371023,0.8302234431007336,351.77577030305224,549.4150041638003,339.3038682213585,549.7927447714233,1,26290,0.9316683388275763,0.028414045385907825,1,0.28765812516212463
TRAIN,5a064706,61,2,3,6,648,1280,1,0.96484375,12.125,0.9999946355819702,1,13859,0.016708863811728394,4146,3.342739990352147,0.8147769833163092,708.4634533516127,512.5363301825529,716.157376280197,516.7893049800641,1,13820,0.9556984384936056,0.0,1,0.3674009442329407
TRAIN,5a064706,61,3,4,6,648,1280,1,0.93359375,12.4375,0.9999960660934448,1,11457,0.013812934027777777,7922,1.4462257005806614,0.7728613569321534,1051.2189927555207,455.6401326699834,1060.4249536178108,460.7767161410018,1,10878,0.8921552016265673,0.04776240846216436,6,0.26698803901672363
TRAIN,5a064706,61,4,5,6,648,1280,1,0.61328125,6.4375,0.9984021782875061,1,978,0.0011791087962962964,2795,0.3499105545617174,0.21782178217821782,1010.9979550102249,481.44989775051124,1010.8133333333334,487.70666666666665,1,3919,0.0,0.41474926253687316,6,0.40047338604927063
TRAIN,5a064706,61,5,6,6,648,1280,1,0.64453125,5.03125,0.9935117363929749,1,1002,0.0012080439814814814,260,3.853846153846154,0.26712922810060713,1011.2814371257485,481.55988023952096,1010.3899782135077,486.5054466230937,1,1420,0.4155464640561075,0.01947996224148288,4,0.39139631390571594
TRAIN,5a064706,62,0,1,6,648,1280,1,0.94140625,12.75,0.9999971389770508,1,25463,0.03069902584876543,32820,0.7758379037172456,0.3433516008076147,271.9852727486942,544.1297569021718,220.74510918478518,536.2748803941073,1,25274,0.9337220824757985,0.018469234617308653,2,0.4188452959060669
TRAIN,5a064706,62,1,2,6,648,1280,1,0.94921875,13.875,0.9999990463256836,1,25261,0.030455488040123456,18829,1.3416007222900845,0.4005720945015362,412.3786469260916,556.4687462887455,351.77577030305224,549.4150041638003,1,25435,0.9434179253239285,0.011327022754107546,1,0.4151151776313782
TRAIN,5a064706,62,2,3,6,648,1280,1,0.96484375,11.625,0.9999910593032837,1,15153,0.018268952546296298,4146,3.654848046309696,0.5008794619762028,746.5837787896786,519.2621923051541,708.4634533516127,512.5363301825529,1,15385,0.9644901897716307,0.0,1,0.39830899238586426
TRAIN,5a064706,62,3,4,6,648,1280,1,0.94140625,11.8125,0.9999926090240479,1,11954,0.01441213348765432,7922,1.5089623832365564,0.5053369341563786,1084.385059394345,462.5515308683286,1051.2189927555207,455.6401326699834,1,11428,0.9019033674963397,0.05059877865017051,6,0.29139429330825806
TRAIN,5a064706,62,4,5,6,648,1280,1,0.6015625,6.5625,0.9985895752906799,1,979,0.0011803144290123456,2795,0.35026833631484794,0.0005112474437627812,1051.194075587334,492.60572012257404,1010.9979550102249,481.44989775051124,1,3106,0.0,0.4898360655737705,6,0.4281827211380005
TRAIN,5a064706,62,5,6,6,648,1280,1,0.578125,5.125,0.9940890073776245,1,1141,0.0013756269290123456,260,4.388461538461539,0.005159474671669793,1053.4776511831726,493.62576687116564,1011.2814371257485,481.55988023952096,1,1293,0.5682989690721649,0.00600288138306387,4,0.39535465836524963
TRAIN,5a064706,63,0,1,6,648,1280,1,0.96484375,13.4375,0.9999985694885254,1,28480,0.03433641975308642,32820,0.8677635588056063,0.6569295982307409,298.1490519662921,545.2783707865168,271.9852727486942,544.1297569021718,1,28578,0.973710609152859,0.001616102255197238,2,0.3388115167617798
TRAIN,5a064706,63,1,2,6,648,1280,1,0.9609375,13.9375,0.9999991655349731,1,26508,0.03195891203703704,18829,1.4078283498858144,0.48966965930018413,457.27659574468083,563.8123208088124,412.3786469260916,556.4687462887455,1,26060,0.9527488855869242,0.006045110035613186,1,0.4092061221599579
TRAIN,5a064706,63,2,3,6,648,1280,1,0.96484375,11.9375,0.9999934434890747,1,15751,0.018989920910493827,4146,3.7990834539315004,0.7885294287863881,757.3227096692274,522.4496857342391,746.5837787896786,519.2621923051541,1,15837,0.9663844621513944,0.0,1,0.3944026827812195
TRAIN,5a064706,63,3,4,6,648,1280,1,0.9609375,12.5,0.9999963045120239,1,12084,0.014568865740740742,7922,1.5253723807119415,0.7771698950170043,1093.1937272426348,465.7095332671301,1084.385059394345,462.5515308683286,1,12312,0.9584169543228707,0.003076923076923077,6,0.21578936278820038
TRAIN,5a064706,63,4,5,6,648,1280,1,0.71484375,7.65625,0.9995272159576416,1,911,0.0010983314043209876,2795,0.3259391771019678,0.14061557030778515,1055.138309549945,495.0768386388584,1051.194075587334,492.60572012257404,1,3213,0.0,0.7814885496183206,6,0.4006813168525696
TRAIN,5a064706,63,5,6,6,648,1280,1,0.67578125,5.5,0.9959298968315125,1,954,0.0011501736111111111,260,3.669230769230769,0.12998921251348436,1056.7023060796646,495.3815513626834,1053.4776511831726,493.62576687116564,1,956,0.7734447539461468,0.006525037936267072,4,0.35837042331695557
TRAIN,5a064706,64,0,1,6,648,1280,1,0.96484375,14.875,0.9999996423721313,1,30842,0.03718412422839506,32820,0.9397318708104814,0.7723402348301515,313.89109007197976,542.9490629660852,298.1490519662921,545.2783707865168,1,30775,0.9665209204353238,0.0035726266353572626,2,0.34523966908454895
TRAIN,5a064706,64,1,2,6,648,1280,1,0.96484375,14.875,0.9999996423721313,1,28789,0.03470896026234568,18829,1.5289712677253173,0.60160458784684,486.67706415644864,558.8521657577547,457.27659574468083,563.8123208088124,1,28991,0.9623025980641875,0.0027947068924879625,1,0.35157671570777893
TRAIN,5a064706,64,2,3,6,648,1280,1,0.96484375,12.125,0.9999946355819702,1,16176,0.019502314814814816,4146,3.901591895803184,0.838159940123208,754.6306874381801,515.6922601384767,757.3227096692274,522.4496857342391,1,16257,0.9680218446601941,0.0,1,0.3392496407032013
TRAIN,5a064706,64,3,4,6,648,1280,1,0.953125,11.875,0.999993085861206,1,12028,0.014501350308641974,7922,1.5183034587225448,0.8003434630030613,1088.437562354506,459.4516129032258,1093.1937272426348,465.7095332671301,1,12345,0.9400620870811112,0.009664800184091433,6,0.2779329717159271
TRAIN,5a064706,64,4,5,6,648,1280,1,0.7421875,7.65625,0.9995272159576416,1,1197,0.0014431423611111112,2795,0.42826475849731666,0.43012211668928085,1049.6324143692564,488.0108604845447,1055.138309549945,495.0768386388584,1,3843,0.0,0.8261550509005482,6,0.37853285670280457
TRAIN,5a064706,64,5,6,6,648,1280,1,0.71875,5.53125,0.9960545301437378,1,1264,0.0015239197530864197,260,4.861538461538461,0.4199743918053777,1050.7935126582279,488.40348101265823,1056.7023060796646,495.3815513626834,1,1135,0.8064759036144579,0.008522306210167483,4,0.3399609625339508
TRAIN,5a064706,65,0,1,6,648,1280,1,0.96875,14.3125,0.9999994039535522,1,29661,0.03576027199074074,32820,0.9037477148080438,0.7950749147010829,325.0597080341189,539.8520279154445,313.89109007197976,542.9490629660852,1,29781,0.9641806826818227,0.0017467248908296944,2,0.40566936135292053
TRAIN,5a064706,65,1,2,6,648,1280,1,0.96484375,15.0,0.9999996423721313,1,30918,0.037275752314814815,18829,1.6420415316798556,0.6554927078134531,508.86241024645835,545.5607413157384,486.67706415644864,558.8521657577547,1,31130,0.9700279400558801,0.0012041038498334048,1,0.2995879054069519
TRAIN,5a064706,65,2,3,6,648,1280,1,0.96484375,12.375,0.9999958276748657,1,16575,0.019983362268518517,4146,3.9978292329956586,0.8146609042553191,744.7861840120663,511.7386425339366,754.6306874381801,515.6922601384767,1,16778,0.9632114897875096,0.0,1,0.33221521973609924
TRAIN,5a064706,65,3,4,6,648,1280,1,0.9609375,11.75,0.9999921321868896,1,11841,0.014275896990740741,7922,1.4946983085079526,0.7632414862968161,1079.3250570053206,453.2983700700954,1088.437562354506,459.4516129032258,1,12404,0.9298734378731195,0.004752851711026616,5,0.3068116009235382
TRAIN,5a064706,65,4,5,6,648,1280,1,0.734375,7.0,0.9990890026092529,1,1277,0.0015395929783950618,2795,0.45688729874776385,0.45958702064896756,1032.7118245888803,481.84416601409555,1049.6324143692564,488.0108604845447,1,4014,0.0,0.5811437403400309,6,0.4222910404205322
TRAIN,5a064706,65,5,6,6,648,1280,1,0.73828125,5.78125,0.9969245791435242,1,1310,0.0015793788580246914,260,5.038461538461538,0.4542372881355932,1032.745038167939,481.86946564885494,1050.7935126582279,488.40348101265823,1,769,0.5714285714285714,0.03768159806295399,4,0.3990967571735382
TRAIN,5a064706,66,0,1,6,648,1280,1,0.96484375,14.5,0.9999995231628418,1,29107,0.03509235146604938,32820,0.8868677635588056,0.8365,326.24897790909404,537.9985226921359,325.0597080341189,539.8520279154445,1,29671,0.9631274840519689,0.0015589615674948308,2,0.40838614106178284
TRAIN,5a064706,66,1,2,6,648,1280,1,0.96875,15.125,0.9999997615814209,1,31479,0.037952112268518516,18829,1.6718359976631791,0.6731558201271016,527.535118650529,529.8350646462721,508.86241024645835,545.5607413157384,1,31926,0.9717937554422191,0.00016355904481517829,1,0.3335684537887573
TRAIN,5a064706,66,2,3,6,648,1280,1,0.96484375,12.9375,0.999997615814209,1,16371,0.019737413194444445,4146,3.9486251808972503,0.6968479604449939,731.4435281900923,503.46301386598253,744.7861840120663,511.7386425339366,1,16452,0.967451897140802,2.0705648500911048e-05,2,0.34847569465637207
TRAIN,5a064706,66,3,4,6,648,1280,1,0.94921875,14.25,0.9999994039535522,1,13329,0.016069878472222222,7922,1.6825296642262055,0.6792314363866836,1060.4208867882062,449.3963538149899,1079.3250570053206,453.2983700700954,1,12666,0.9147760754272245,0.046720707442888726,6,0.3232509195804596
TRAIN,5a064706,66,4,5,6,648,1280,1,0.59765625,5.15625,0.9942697286605835,1,624,0.0007523148148148148,2795,0.22325581395348837,0.4112843355605048,1033.8589743589744,483.34455128205127,1032.7118245888803,481.84416601409555,1,4443,0.0,0.6692650334075724,6,0.44333603978157043
TRAIN,5a064706,66,5,6,6,648,1280,1,0.5390625,4.96875,0.9930961728096008,1,677,0.0008162133487654321,260,2.603846153846154,0.43362193362193363,1033.675036927622,483.10635155096014,1032.745038167939,481.86946564885494,1,875,0.690631808278867,0.0009001575275673243,4,0.45224136114120483
TRAIN,5a064706,67,0,1,6,648,1280,1,0.96875,15.25,0.9999997615814209,1,28987,0.03494767554012346,32820,0.8832114564290067,0.8706208140133952,329.56232104046643,532.1475144030082,326.24897790909404,537.9985226921359,1,28352,0.9627233518176217,0.0025969962453066334,2,0.38218146562576294
TRAIN,5a064706,67,1,2,6,648,1280,1,0.97265625,14.8125,0.9999996423721313,1,34664,0.0417920524691358,18829,1.8409899622922088,0.7208606514725778,544.9027232864066,521.9493134087237,527.535118650529,529.8350646462721,1,35099,0.9677601331340084,0.0016792946962275845,3,0.3734152019023895
TRAIN,5a064706,67,2,3,6,648,1280,1,0.96484375,12.625,0.9999966621398926,1,15178,0.018299093364197532,4146,3.6608779546550894,0.7732126798561151,728.5326129924891,494.62933192779025,731.4435281900923,503.46301386598253,1,15441,0.9698275862068966,0.0008759182210897219,2,0.41844767332077026
TRAIN,5a064706,67,3,4,6,648,1280,1,0.953125,13.4375,0.9999985694885254,1,12951,0.015614149305555556,7922,1.6348144407977783,0.7494341632272666,1053.6780943556482,440.61006872056214,1060.4208867882062,449.3963538149899,1,12595,0.9347167524992427,0.03161485974222896,6,0.25728827714920044
TRAIN,5a064706,67,4,5,6,648,1280,1,0.5390625,3.953125,0.9811668992042542,1,311,0.00037495177469135804,2795,0.1112701252236136,0.3472622478386167,1030.24115755627,477.2733118971061,1033.8589743589744,483.34455128205127,1,4807,0.0,0.4673748103186646,6,0.372022420167923
TRAIN,5a064706,67,5,6,6,648,1280,1,0.515625,4.5625,0.9896718263626099,1,345,0.00041594328703703704,260,1.3269230769230769,0.3810810810810811,1030.6521739130435,477.231884057971,1033.675036927622,483.10635155096014,1,656,0.5098039215686274,0.0,1,0.4123519957065582
TRAIN,5a064706,68,0,1,6,648,1280,1,0.96875,15.1875,0.9999997615814209,1,26353,0.03177203896604938,32820,0.8029555149299208,0.8201552427312195,324.2279436876257,536.9708951542519,329.56232104046643,532.1475144030082,1,26741,0.9542125216239096,0.0017509232140583216,2,0.3777449131011963
TRAIN,5a064706,68,1,2,6,648,1280,1,0.97265625,14.5,0.9999995231628418,1,36374,0.04385368441358025,18829,1.9318073184980615,0.8516838702950683,547.4802056413922,526.0498982789904,544.9027232864066,521.9493134087237,1,36581,0.9706915180983252,0.0008448556533206949,3,0.35193416476249695
TRAIN,5a064706,68,2,3,6,648,1280,1,0.9609375,13.1875,0.9999980926513672,1,12135,0.014630353009259259,4146,2.9269175108538352,0.6446679111218161,716.3693448702102,493.3366295838484,728.5326129924891,494.62933192779025,1,12196,0.9572842088327568,0.0015830917576430436,2,0.376013845205307
TRAIN,5a064706,68,3,4,6,648,1280,1,0.9609375,12.9375,0.999997615814209,1,12482,0.015048707561728394,7922,1.5756122191365818,0.6490306684821371,1030.2237622175933,443.5208299951931,1053.6780943556482,440.61006872056214,1,12072,0.8806678921568627,0.06837339993755853,6,0.3084157407283783
TRAIN,5a064706,68,4,5,6,648,1280,1,0.39453125,4.8125,0.9919379353523254,1,459,0.0005533854166666667,2795,0.16422182468694096,0.22611464968152867,1015.6296296296297,481.79520697167754,1030.24115755627,477.2733118971061,1,5231,0.0,0.36475409836065575,6,0.4366094470024109
TRAIN,5a064706,68,5,6,6,648,1280,1,0.392578125,5.09375,0.9939024448394775,1,530,0.0006389853395061729,260,2.0384615384615383,0.22893258426966293,1015.8094339622642,481.75094339622643,1030.6521739130435,477.231884057971,1,1206,0.41253051261187956,0.0,1,0.3904324769973755
TRAIN,5a064706,69,0,1,6,648,1280,1,0.96484375,15.0,0.9999996423721313,1,24727,0.029811680169753087,32820,0.7534125533211457,0.7391304347826086,308.2924333724269,532.1665790431512,324.2279436876257,536.9708951542519,1,25040,0.9635050895604829,0.0,2,0.4076128602027893
TRAIN,5a064706,69,1,2,6,648,1280,1,0.97265625,14.5625,0.9999995231628418,1,38673,0.04662543402777778,18829,2.0539062085081525,0.9073603415849133,545.5789310371578,524.9450262457011,547.4802056413922,526.0498982789904,1,38763,0.9724394406378155,0.001739699952925766,3,0.3352135121822357
TRAIN,5a064706,69,2,3,6,648,1280,1,0.9453125,13.25,0.9999982118606567,1,10462,0.012613329475308643,4146,2.5233960443801253,0.6955804006903279,700.0603135155802,488.88290957751866,716.3693448702102,493.3366295838484,1,10271,0.9422014051522248,0.002382503869023377,2,0.36402127146720886
TRAIN,5a064706,69,3,4,6,648,1280,1,0.9609375,12.0,0.9999938011169434,1,12610,0.015203028549382717,7922,1.5917697551123453,0.6651403543698985,1009.9340999206978,440.52490087232354,1030.2237622175933,443.5208299951931,1,12242,0.9389872825154092,0.03368176538908246,6,0.29818931221961975
TRAIN,5a064706,69,4,5,6,648,1280,1,0.53125,6.0625,0.9976769089698792,1,290,0.00034963348765432097,2795,0.1037567084078712,0.0,958.4793103448276,459.548275862069,1015.6296296296297,481.79520697167754,1,5114,0.0,0.3900134952766532,6,0.4054461121559143
TRAIN,5a064706,69,5,6,6,648,1280,1,0.494140625,6.03125,0.9976032376289368,1,500,0.0006028163580246913,260,1.9230769230769231,0.1534154535274356,989.888,468.786,1015.8094339622642,481.75094339622643,1,740,0.6644295302013423,0.00015698587127158556,4,0.4488733410835266
TRAIN,5a064706,70,0,1,6,648,1280,1,0.9609375,15.375,0.9999997615814209,1,24613,0.029674238040123455,32820,0.7499390615478367,0.796468232295649,301.60122699386505,516.2591719822858,308.2924333724269,532.1665790431512,1,25049,0.9584352078239609,0.0,2,0.37803903222084045
TRAIN,5a064706,70,1,2,6,648,1280,1,0.96484375,15.0,0.9999996423721313,1,37771,0.04553795331790123,18829,2.0060013808486907,0.7407660427198616,556.1416430594901,509.14664689841413,545.5789310371578,524.9450262457011,1,37880,0.9634820524799501,0.0054487110460233025,3,0.3373904228210449
TRAIN,5a064706,70,2,3,6,648,1280,1,0.9296875,13.1875,0.9999980926513672,1,8564,0.010325038580246913,4146,2.0656054027978774,0.5354692922282301,698.1196870621205,469.84248014946286,700.0603135155802,488.88290957751866,1,8915,0.9298884840454896,0.0007110383314300489,2,0.46935540437698364
TRAIN,5a064706,70,3,4,6,648,1280,1,0.95703125,12.125,0.9999946355819702,1,13365,0.01611328125,7922,1.687073971219389,0.5918004657433509,997.931088664422,425.2485596707819,1009.9340999206978,440.52490087232354,1,12888,0.9025291687803464,0.054504764654923474,6,0.28317761421203613
TRAIN,5a064706,70,4,5,6,648,1280,1,0.58203125,6.625,0.9986749291419983,1,807,0.0009729456018518519,2795,0.2887298747763864,0.0,976.4225526641884,453.2812887236679,958.4793103448276,459.548275862069,1,5146,0.0,0.5605483625285606,6,0.4474884271621704
TRAIN,5a064706,70,5,6,6,648,1280,1,0.61328125,7.0,0.9990890026092529,1,910,0.0010971257716049384,260,3.5,0.004273504273504274,981.5571428571428,454.44065934065935,989.888,468.786,1,1242,0.6327769347496206,0.001815145574675089,4,0.46484625339508057
TRAIN,5a064706,71,0,1,6,648,1280,1,0.96484375,15.25,0.9999997615814209,1,24228,0.029210069444444445,32820,0.7382084095063985,0.9234040877407159,301.243396070662,515.2315915469704,301.60122699386505,516.2591719822858,1,24581,0.9631968465931944,0.0,2,0.32712456583976746
TRAIN,5a064706,71,1,2,6,648,1280,1,0.96484375,15.125,0.9999997615814209,1,36295,0.04375843942901234,18829,1.9276116628604811,0.7571587862684159,578.8092023694724,512.3674610827937,556.1416430594901,509.14664689841413,1,37038,0.9643469409621772,0.0027464071785401425,3,0.38338056206703186
TRAIN,5a064706,71,2,3,6,648,1280,1,0.89453125,14.125,0.9999992847442627,1,6074,0.0073230131172839505,4146,1.4650265315967197,0.6862112659831816,700.9990121830754,467.42788936450444,698.1196870621205,469.84248014946286,1,6058,0.8947368421052632,0.007430948263775296,2,0.41600099205970764
TRAIN,5a064706,71,3,4,6,648,1280,1,0.9375,12.125,0.9999946355819702,1,13513,0.01629171489197531,7922,1.7057561221913657,0.8614862525105617,991.0656404943388,427.1053800044402,997.931088664422,425.2485596707819,1,13345,0.9005094820266063,0.05217453710348787,6,0.3222930133342743
TRAIN,5a064706,71,4,5,6,648,1280,1,0.431640625,4.875,0.9924227595329285,1,765,0.0009223090277777778,2795,0.2737030411449016,0.28431372549019607,1016.1228758169934,463.1150326797386,976.4225526641884,453.2812887236679,1,5148,0.0,0.38824383164005805,6,0.32950976490974426
TRAIN,5a064706,71,5,6,6,648,1280,1,0.46484375,5.65625,0.9965165853500366,1,840,0.0010127314814814814,260,3.230769230769231,0.345119139123751,1015.9285714285714,463.05238095238093,981.5571428571428,454.44065934065935,1,1148,0.4353790613718412,0.016190271509420446,4,0.3314025402069092
TRAIN,5a064706,72,0,1,6,648,1280,1,0.96875,16.0,0.9999998807907104,1,25775,0.03107518325617284,32820,0.7853443022547227,0.863836290442821,309.0167216294859,521.401008729389,301.243396070662,515.2315915469704,1,25815,0.9656328583403185,0.0,2,0.3981114625930786
TRAIN,5a064706,72,1,2,6,648,1280,1,0.96484375,14.6875,0.9999995231628418,1,35142,0.04236834490740741,18829,1.8663763343778215,0.7471385247505381,602.7514370269193,519.120198053611,578.8092023694724,512.3674610827937,1,35369,0.9622909303425821,0.010310897100387312,3,0.4280727803707123
TRAIN,5a064706,72,2,3,6,648,1280,1,0.80859375,12.625,0.9999966621398926,1,3538,0.004265528549382716,4146,0.8533526290400386,0.48815606130980027,686.5853589598644,457.64104013566987,700.9990121830754,467.42788936450444,1,3464,0.8772117962466488,0.004907405015884495,2,0.47865283489227295
TRAIN,5a064706,72,3,4,6,648,1280,1,0.94921875,12.5625,0.999996542930603,1,12830,0.01546826774691358,7922,1.6195405200706892,0.7959503681483502,981.9169914263445,430.1315666406859,991.0656404943388,427.1053800044402,1,13393,0.925330396475771,0.01235854675402025,6,0.3487040102481842
TRAIN,5a064706,72,4,5,6,648,1280,1,0.546875,5.8125,0.9970190525054932,1,732,0.0008825231481481481,2795,0.2618962432915921,0.11883408071748879,984.3975409836065,465.2431693989071,1016.1228758169934,463.1150326797386,1,5179,0.0,0.38632162661737524,6,0.4308043420314789
TRAIN,5a064706,72,5,6,6,648,1280,1,0.54296875,6.8125,0.9989012479782104,1,697,0.0008403260030864198,260,2.6807692307692306,0.10814708002883922,985.0401721664275,465.6470588235294,1015.9285714285714,463.05238095238093,1,768,0.3794726930320151,0.020866541081002752,4,0.42116019129753113
TRAIN,5a064706,73,0,1,6,648,1280,1,0.96875,15.8125,0.9999998807907104,1,26641,0.0321192611882716,32820,0.8117306520414381,0.7185010327530245,325.6455838744792,515.3834690889981,309.0167216294859,521.401008729389,1,27029,0.9702643171806168,0.0,2,0.44985780119895935
TRAIN,5a064706,73,1,2,6,648,1280,1,0.95703125,14.8125,0.9999996423721313,1,34164,0.04118923611111111,18829,1.8144351797758775,0.6932812118250672,630.4032314717247,517.5430570190845,602.7514370269193,519.120198053611,1,35744,0.9441030062015072,0.0,1,0.39459532499313354
TRAIN,5a064706,73,2,3,6,648,1280,1,0.71875,6.53125,0.9985449314117432,1,1037,0.00125024112654321,4146,0.25012059816690785,0.13919322709163345,665.480231436837,430.64995178399226,686.5853589598644,457.64104013566987,1,585,0.41535776614310643,0.015292461423799928,2,0.43121346831321716
TRAIN,5a064706,73,3,4,6,648,1280,1,0.94921875,12.5,0.9999963045120239,1,13357,0.016103636188271604,7922,1.6860641252209039,0.7252124645892352,973.8680092835217,421.25147862543986,981.9169914263445,430.1315666406859,1,13604,0.9264737406216506,0.021241119327243728,6,0.3111270070075989
TRAIN,5a064706,73,4,5,6,648,1280,1,0.439453125,6.1875,0.9979493021965027,1,782,0.0009428047839506173,2795,0.27978533094812164,0.08920863309352518,990.1918158567775,456.9283887468031,984.3975409836065,465.2431693989071,1,5202,0.0,0.3416149068322981,6,0.43831101059913635
TRAIN,5a064706,73,5,6,6,648,1280,1,0.50390625,6.78125,0.9988664388656616,1,738,0.0008897569444444444,260,2.8384615384615386,0.08138658628485305,990.1233062330623,457.2886178861789,985.0401721664275,465.6470588235294,1,730,0.33454545454545453,0.024428571428571428,4,0.43114790320396423
TRAIN,5a064706,74,0,1,6,648,1280,1,0.9609375,16.375,0.9999998807907104,1,28707,0.03461009837962963,32820,0.8746800731261426,0.6693207865846302,311.64169018009545,497.0399902462814,325.6455838744792,515.3834690889981,1,29926,0.9504673829879245,0.0,2,0.40558719635009766
TRAIN,5a064706,74,1,2,6,648,1280,1,0.9453125,14.8125,0.9999996423721313,1,31268,0.0376977237654321,18829,1.6606298794412875,0.7168345927791772,626.556607394141,500.8135473966995,630.4032314717247,517.5430570190845,1,35527,0.8670337656529516,0.000303960606705371,3,0.4019549489021301
TRAIN,5a064706,74,2,3,6,648,1280,1,0.828125,6.875,0.9989677667617798,1,4724,0.005695408950617284,4146,1.1394114809454896,0.0,531.4561812023709,449.3099068585944,665.480231436837,430.64995178399226,1,1641,0.2519669551534225,0.09184863691848637,2,0.3556920886039734
TRAIN,5a064706,74,3,4,6,648,1280,1,0.94140625,12.5,0.9999963045120239,1,12983,0.015652729552469137,7922,1.6388538247917193,0.4240916955017301,935.4649156589386,400.19579450050065,973.8680092835217,421.25147862543986,1,13008,0.9225534433020194,0.03352984524686809,6,0.38432419300079346
TRAIN,5a064706,74,4,5,6,648,1280,1,0.4296875,5.9375,0.997368335723877,1,680,0.0008198302469135802,2795,0.24329159212880144,0.0,934.0455882352941,429.65588235294115,990.1918158567775,456.9283887468031,1,5454,0.0,0.5375,6,0.41541025042533875
TRAIN,5a064706,74,5,6,6,648,1280,1,0.42578125,6.4375,0.9984021782875061,1,675,0.0008138020833333334,260,2.5961538461538463,0.0,932.2814814814815,429.4340740740741,990.1233062330623,457.2886178861789,1,1042,0.5454545454545454,0.0028583992963940193,4,0.4199853837490082
TRAIN,5a064706,75,0,1,6,648,1280,1,0.9609375,14.375,0.9999994039535522,1,33081,0.03988353587962963,32820,1.0079524680073126,0.27258871748398655,223.6452948822587,496.1222756264925,311.64169018009545,497.0399902462814,1,32929,0.9595096031109924,0.0,2,0.49180108308792114
TRAIN,5a064706,75,1,2,6,648,1280,1,0.953125,14.5625,0.9999995231628418,1,29086,0.035067033179012344,18829,1.5447448085400182,0.352137288287481,546.7017121639277,497.32771780237914,626.556607394141,500.8135473966995,1,29682,0.9547631718999467,0.0011457736576219988,3,0.4322611689567566
TRAIN,5a064706,75,2,3,6,648,1280,1,0.88671875,8.25,0.9997387528419495,1,9191,0.011080970293209877,4146,2.2168355041003376,0.0,420.6066804482646,455.8206941573278,531.4561812023709,449.3099068585944,1,9360,0.8655470635559132,0.007725210628645496,2,0.4697403609752655
TRAIN,5a064706,75,3,4,6,648,1280,1,0.8984375,11.8125,0.9999926090240479,1,13278,0.016008391203703703,7922,1.6760918959858622,0.10628528098407616,812.8784455490285,401.7946226841392,935.4649156589386,400.19579450050065,1,13177,0.9057052297939778,0.01349547679074596,6,0.3963501751422882
TRAIN,5a064706,75,4,5,6,648,1280,1,0.439453125,3.921875,0.9805806875228882,1,1451,0.0017493730709876544,2795,0.5191413237924866,0.0,798.8118538938663,435.2846312887664,934.0455882352941,429.65588235294115,1,5111,0.0,0.21437994722955145,6,0.36768490076065063
TRAIN,5a064706,75,5,6,6,648,1280,1,0.486328125,4.0,0.9820137619972229,1,1677,0.002021846064814815,260,6.45,0.0,804.1621943947525,435.92128801431124,932.2814814814815,429.4340740740741,1,390,0.1865671641791045,0.06358298725476157,4,0.3387104272842407
TRAIN,5a064706,76,0,1,6,648,1280,1,0.96875,15.0625,0.9999997615814209,1,37029,0.04464337384259259,32820,1.1282449725776966,0.7693375394321766,219.95236166248077,494.48065030111536,223.6452948822587,496.1222756264925,1,37822,0.9622240864048656,0.0031052306742786607,3,0.4685738980770111
TRAIN,5a064706,76,1,2,6,648,1280,1,0.9609375,14.875,0.9999996423721313,1,25899,0.031224681712962964,18829,1.3754846247809231,0.735692414533287,555.3225993281594,492.58284103633343,546.7017121639277,497.32771780237914,1,27040,0.9480772769089236,0.0,1,0.38318178057670593
TRAIN,5a064706,76,2,3,6,648,1280,1,0.94921875,11.375,0.9999885559082031,1,14507,0.017490113811728394,4146,3.499035214664737,0.5275235271367796,413.7733507961674,458.0080650720342,420.6066804482646,455.8206941573278,1,14980,0.9511017005227288,0.000726702491824597,1,0.47004514932632446
TRAIN,5a064706,76,3,4,6,648,1280,1,0.9453125,14.0625,0.9999991655349731,1,14089,0.016986159336419754,7922,1.7784650340823025,0.5058325079784307,773.294130172475,406.14876854283483,812.8784455490285,401.7946226841392,1,14045,0.9229034242362107,0.032945068578123925,6,0.3602081537246704
TRAIN,5a064706,76,4,5,6,648,1280,1,0.55078125,4.625,0.9902915358543396,1,462,0.0005570023148148149,2795,0.16529516994633273,0.029601722282023683,795.2597402597403,439.4848484848485,798.8118538938663,435.2846312887664,1,5324,0.0,0.44220572640509015,6,0.4980103671550751
TRAIN,5a064706,76,5,6,6,648,1280,1,0.5078125,4.53125,0.9893474578857422,1,513,0.0006184895833333333,260,1.9730769230769232,0.0438512869399428,794.5477582846004,439.09551656920075,804.1621943947525,435.92128801431124,1,898,0.45314109165808447,0.004415620256657927,4,0.48738837242126465
TRAIN,5a064706,77,0,1,6,648,1280,1,0.96484375,14.9375,0.9999996423721313,1,41076,0.04952256944444444,32820,1.2515539305301646,0.4688293370944993,286.1882120946538,499.523712143344,219.95236166248077,494.48065030111536,1,41507,0.9716604989853169,0.002397483601212168,3,0.4284914433956146
TRAIN,5a064706,77,1,2,6,648,1280,1,0.9453125,14.3125,0.9999994039535522,1,24524,0.02956693672839506,18829,1.3024589728610123,0.23637299855331878,638.4854428315119,514.9597537106508,555.3225993281594,492.58284103633343,1,25194,0.9449203927551539,0.0,1,0.37248489260673523
TRAIN,5a064706,77,2,3,6,648,1280,1,0.9453125,12.3125,0.9999954700469971,1,11126,0.013413869598765431,4146,2.6835504100337677,0.36534569084904656,464.63095452094194,461.31871292468094,413.7733507961674,458.0080650720342,1,11187,0.9610652135700475,0.0003230956363083473,1,0.42317306995391846
TRAIN,5a064706,77,3,4,6,648,1280,1,0.94140625,13.125,0.9999979734420776,1,13330,0.016071084104938273,7922,1.6826558949760162,0.548046522131888,807.1563390847712,414.7432108027007,773.294130172475,406.14876854283483,1,13361,0.928679817905918,0.030082239215120474,6,0.3748297691345215
TRAIN,5a064706,77,4,5,6,648,1280,1,0.474609375,5.90625,0.997285008430481,1,636,0.0007667824074074074,2795,0.22754919499105544,0.0,817.3301886792453,450.1792452830189,795.2597402597403,439.4848484848485,1,4848,0.0,0.4608294930875576,6,0.4733249247074127
TRAIN,5a064706,77,5,6,6,648,1280,1,0.42578125,6.40625,0.9983515739440918,1,651,0.0007848668981481481,260,2.503846153846154,0.002583979328165375,817.062980030722,449.7926267281106,794.5477582846004,439.09551656920075,1,949,0.45719489981785066,0.008202619081882285,4,0.47035855054855347
TRAIN,5a064706,78,0,1,6,648,1280,1,0.96875,14.875,0.9999996423721313,1,47083,0.05676480516975309,32820,1.4345825716026812,0.7618410008393621,289.4799396809889,510.80243399953275,286.1882120946538,499.523712143344,1,47601,0.9727477289774148,0.0032007652404252972,3,0.3924386501312256
TRAIN,5a064706,78,1,2,6,648,1280,1,0.9609375,15.25,0.9999997615814209,1,26266,0.031667148919753085,18829,1.3949758351479102,0.6786198235119146,654.1393055661312,523.8041955379579,638.4854428315119,514.9597537106508,1,27042,0.961439399514313,2.5664057487488772e-05,4,0.31167811155319214
TRAIN,5a064706,78,2,3,6,648,1280,1,0.91796875,14.25,0.9999994039535522,1,7253,0.008744454089506172,4146,1.7493970091654607,0.5264950166112957,453.3532331449056,462.6477319729767,464.63095452094194,461.31871292468094,1,7453,0.9066511085180864,0.0021924215295794206,1,0.423200786113739
TRAIN,5a064706,78,3,4,6,648,1280,1,0.94140625,14.125,0.9999992847442627,1,12583,0.015170476466049384,7922,1.5883615248674576,0.4896809427996551,772.9112294365414,423.8089485814194,807.1563390847712,414.7432108027007,1,12700,0.9207627440553066,0.02869429241594996,6,0.36344724893569946
TRAIN,5a064706,78,4,5,6,648,1280,1,0.392578125,3.828125,0.9787126779556274,1,391,0.00047140239197530865,2795,0.13989266547406082,0.0,752.9360613810742,458.43989769820973,817.3301886792453,450.1792452830189,1,5036,0.0,0.5489566613162119,6,0.44944530725479126
TRAIN,5a064706,78,5,6,6,648,1280,1,0.373046875,3.5625,0.9724147915840149,1,423,0.0005099826388888889,260,1.626923076923077,0.0,758.4657210401891,459.080378250591,817.062980030722,449.7926267281106,1,574,0.5409582689335394,0.004131915219221058,4,0.4121554493904114
TRAIN,5a064706,79,0,1,6,648,1280,1,0.96875,14.8125,0.9999996423721313,1,51139,0.06165485146604938,32820,1.5581657525898842,0.6857515532214328,269.688652496138,524.1183832300202,289.4799396809889,510.80243399953275,1,52578,0.9650070099655186,0.00036747818098300416,3,0.34439077973365784
TRAIN,5a064706,79,1,2,6,648,1280,1,0.96875,14.125,0.9999992847442627,1,24056,0.02900270061728395,18829,1.2776036964257262,0.6935451302416369,648.3113568340539,532.8251163950781,654.1393055661312,523.8041955379579,1,24757,0.9639896998471071,0.0015685363232346705,4,0.363918662071228
TRAIN,5a064706,79,2,3,6,648,1280,1,0.890625,11.625,0.9999910593032837,1,3352,0.004041280864197531,4146,0.8084901109503135,0.15965008201202843,417.49463007159903,458.0113365155131,453.3532331449056,462.6477319729767,1,3306,0.8540796435533278,0.004291537232227829,1,0.4084646701812744
TRAIN,5a064706,79,3,4,6,648,1280,1,0.94921875,13.375,0.9999984502792358,1,10791,0.01300998263888889,7922,1.362156021206766,0.36986461935181386,728.7057733296266,436.33157260680196,772.9112294365414,423.8089485814194,1,10425,0.9275006813845734,0.02912173993180352,6,0.40681034326553345
TRAIN,5a064706,79,4,5,6,648,1280,1,0.1611328125,0.5703125,0.6388352513313293,1,234,0.00028211805555555553,2795,0.08372093023255814,0.0,735.0641025641025,484.3076923076923,752.9360613810742,458.43989769820973,1,5129,0.0,0.47699757869249393,6,0.3880324959754944
TRAIN,5a064706,79,5,6,6,648,1280,1,0.166015625,0.2041015625,0.5508489608764648,1,264,0.00031828703703703706,260,1.0153846153846153,0.0,734.2462121212121,484.280303030303,758.4657210401891,459.080378250591,1,376,0.5165876777251185,0.000655307994757536,4,0.430259644985199
TRAIN,5a064706,80,0,1,6,648,1280,1,0.97265625,14.5625,0.9999995231628418,1,51384,0.06195023148148148,32820,1.5656307129798903,0.672425043228606,279.6049937723805,549.9576521874513,269.688652496138,524.1183832300202,1,51490,0.9733747674128638,0.004909142802778042,3,0.39158326387405396
TRAIN,5a064706,80,1,2,6,648,1280,1,0.98046875,12.6875,0.9999969005584717,1,24536,0.029581404320987655,18829,1.3030962876414043,0.6517778231015025,652.591131398761,562.5784153896316,648.3113568340539,532.8251163950781,1,24737,0.9778821451509313,0.001886737685408261,4,0.3054966926574707
TRAIN,5a064706,80,2,3,6,648,1280,1,0.7734375,8.5,0.9997965693473816,1,1395,0.001681857638888889,4146,0.33646888567293776,0.013233724653148345,398.0437275985663,489.7383512544803,417.49463007159903,458.0113365155131,1,1429,0.8445460483344219,0.0014391486299683766,1,0.4579547643661499
TRAIN,5a064706,80,3,4,6,648,1280,1,0.94921875,13.5625,0.9999986886978149,1,9475,0.011423369984567902,7922,1.1960363544559454,0.26378149164380144,701.1366754617414,462.38015831134567,728.7057733296266,436.33157260680196,1,9980,0.93159253375695,0.0018155197657393851,2,0.29160821437835693
TRAIN,5a064706,80,4,5,6,648,1280,1,8.003553375601768e-11,-0.53125,0.37022536993026733,0,0,0.0,2795,0.0,0.0,,,735.0641025641025,484.3076923076923,1,5301,0.0,0.0,1,
TRAIN,5a064706,80,5,6,6,648,1280,1,0.3203125,0.10791015625,0.5269514322280884,1,121,0.0001458815586419753,260,0.4653846153846154,0.04904632152588556,721.3636363636364,489.97520661157023,734.2462121212121,484.280303030303,0,0,0.0,0.00517464424320828,4,0.3043067455291748
TRAIN,5a064706,81,0,1,6,648,1280,1,0.97265625,15.125,0.9999997615814209,1,54272,0.0654320987654321,32820,1.6536258379037172,0.6222822749048028,323.2876989976415,555.4255232900944,279.6049937723805,549.9576521874513,1,54772,0.967308941329292,0.004271476032273375,3,0.39084064960479736
TRAIN,5a064706,81,1,2,6,648,1280,1,0.96484375,13.75,0.999998927116394,1,24130,0.029091917438271605,18829,1.2815338042381432,0.6409616616650369,681.1372979693327,563.0175714877746,652.591131398761,562.5784153896316,1,24540,0.9568189128337086,0.008275043717212091,4,0.310028612613678
TRAIN,5a064706,81,2,3,6,648,1280,1,0.0002460479736328125,-0.66015625,0.3407045006752014,0,0,0.0,4146,0.0,0.0,,,398.0437275985663,489.7383512544803,1,744,0.0,0.0,1,
TRAIN,5a064706,81,3,4,6,648,1280,1,0.921875,14.625,0.9999995231628418,1,7955,0.00959080825617284,7922,1.0041656147437517,0.7341558053924983,693.5363922061597,459.2654934003771,701.1366754617414,462.38015831134567,1,8159,0.9201620591039085,0.006816421378776143,2,0.324636846780777
TRAIN,5a064706,81,4,5,6,648,1280,1,0.07080078125,-0.06640625,0.4834045469760895,0,0,0.0,2795,0.0,,,,,,1,5392,0.0,0.0,1,
TRAIN,5a064706,81,5,6,6,648,1280,1,0.0004177093505859375,-0.32421875,0.4196479320526123,0,0,0.0,260,0.0,0.0,,,721.3636363636364,489.97520661157023,0,0,,0.0,1,
TRAIN,5a064706,82,0,1,6,648,1280,1,0.97265625,14.25,0.9999994039535522,1,54062,0.06517891589506172,32820,1.6472273004265692,0.6659080424419499,362.10880100625207,556.2799193518553,323.2876989976415,555.4255232900944,1,53086,0.9507701270800714,0.025703547529562748,3,0.4064415693283081
TRAIN,5a064706,82,1,2,6,648,1280,1,0.9765625,12.5625,0.999996542930603,1,26134,0.031508005401234565,18829,1.3879653725635988,0.672400598902013,706.2870972679268,566.8790847172266,681.1372979693327,563.0175714877746,1,26525,0.9774314682688697,0.0007203745947892904,4,0.24910476803779602
TRAIN,5a064706,82,2,3,6,648,1280,1,0.6953125,1.6640625,0.8407825827598572,1,591,0.0007125289351851852,4146,0.14254703328509408,0.0,390.1912013536379,466.2368866328257,,,1,1885,0.2963350785340314,0.0,1,0.3782530426979065
TRAIN,5a064706,82,3,4,6,648,1280,1,0.94140625,13.4375,0.9999985694885254,1,6883,0.008298369984567901,7922,0.8688462509467306,0.7409362900387187,679.9832921691124,452.9819845997385,693.5363922061597,459.2654934003771,1,7206,0.93,0.00200953780630455,2,0.29306915402412415
TRAIN,5a064706,82,4,5,6,648,1280,1,7.420778274536133e-06,-0.365234375,0.40969306230545044,0,0,0.0,2795,0.0,,,,,,1,5569,0.0,0.0,1,
TRAIN,5a064706,82,5,6,6,648,1280,1,0.52734375,-0.0113525390625,0.4971619248390198,0,0,0.0,260,0.0,,,,,,0,0,,0.0,1,
TRAIN,5a064706,83,0,1,6,648,1280,1,0.97265625,14.75,0.9999996423721313,1,50184,0.06050347222222222,32820,1.5290676416819013,0.6936249025214453,401.7484257930815,558.9801131834848,362.10880100625207,556.2799193518553,1,50309,0.9752535576696281,0.005297280202403542,3,0.40369653701782227
TRAIN,5a064706,83,1,2,6,648,1280,1,0.9765625,11.75,0.9999921321868896,1,22811,0.02750168788580247,18829,1.2114822879600615,0.8155347008420194,712.7381964841524,574.6137828240761,706.2870972679268,566.8790847172266,1,23695,0.9585596967782691,0.0,1,0.30031895637512207
TRAIN,5a064706,83,2,3,6,648,1280,1,0.64453125,1.21875,0.7718434929847717,1,496,0.0005979938271604939,4146,0.1196333815726001,0.07837301587301587,367.09879032258067,473.84274193548384,390.1912013536379,466.2368866328257,1,676,0.5647530040053405,0.0014389340061499644,1,0.3477814793586731
TRAIN,5a064706,83,3,4,6,648,1280,1,0.95703125,13.25,0.9999982118606567,1,8479,0.010222559799382715,7922,1.0703105276445342,0.4485619990570486,658.8656681212407,469.8312300978889,679.9832921691124,452.9819845997385,1,8473,0.9588629535474925,0.00408825640545517,2,0.30443915724754333
TRAIN,5a064706,83,4,5,6,648,1280,1,0.470703125,0.140625,0.5350984334945679,1,410,0.0004943094135802469,2795,0.14669051878354203,0.0,631.0073170731707,500.40731707317076,,,1,4857,0.0,0.044690109373162416,4,0.36293676495552063
TRAIN,5a064706,83,5,6,6,648,1280,1,1.318767317570746e-10,-0.9140625,0.28616926074028015,0,0,0.0,260,0.0,,,,,,0,0,,0.0,1,
TRAIN,5a064706,84,0,1,6,648,1280,1,0.9765625,13.625,0.9999988079071045,1,52193,0.06292558834876544,32820,1.5902803168799513,0.7515012574635165,427.7692410859694,562.0321115858449,401.7484257930815,558.9801131834848,1,52977,0.9731337123130898,0.0006333924499619965,3,0.355843722820282
TRAIN,5a064706,84,1,2,6,648,1280,1,0.9765625,11.25,0.999987006187439,1,21440,0.025848765432098766,18829,1.1386690743002814,0.87107822410148,714.7664645522389,572.6470615671642,712.7381964841524,574.6137828240761,1,22194,0.9626664267722203,0.0006273940034341567,4,0.33491256833076477
TRAIN,5a064706,84,2,3,6,648,1280,1,0.8515625,7.5,0.9994471669197083,1,3127,0.0037700135030864198,4146,0.7542209358417752,0.08213859020310633,301.9545890629997,498.92101055324594,367.09879032258067,473.84274193548384,1,3100,0.8538255433164632,0.004170320917828569,1,0.4403144121170044
TRAIN,5a064706,84,3,4,6,648,1280,1,0.95703125,12.75,0.9999971389770508,1,9411,0.011346209490740741,7922,1.1879575864680636,0.6300683371298406,637.6955690149824,476.73785995112104,658.8656681212407,469.8312300978889,1,8863,0.8944640265394982,0.0665749364944962,6,0.30453258752822876
TRAIN,5a064706,84,4,5,6,648,1280,1,0.2255859375,0.96875,0.7248703241348267,1,1098,0.0013237847222222223,2795,0.39284436493738817,0.0006635700066357001,597.3224043715848,491.44353369763206,631.0073170731707,500.40731707317076,1,3783,0.0,0.1123394751535455,4,0.39693546295166016
TRAIN,5a064706,84,5,6,6,648,1280,1,0.000644683837890625,-0.3125,0.42250463366508484,0,0,0.0,260,0.0,,,,,,1,666,0.0,0.0,1,
TRAIN,5a064706,85,0,1,6,648,1280,1,0.98046875,13.4375,0.9999985694885254,1,52122,0.06283998842592593,32820,1.5881170018281536,0.7941419283822366,442.14717393806836,556.0636775258048,427.7692410859694,562.0321115858449,1,53008,0.9743835333446016,6.665222535117392e-05,3,0.28605908155441284
TRAIN,5a064706,85,1,2,6,648,1280,1,0.95703125,11.375,0.9999885559082031,1,21237,0.02560402199074074,18829,1.127887832598651,0.711186848436247,702.7395583180298,559.4038235155624,714.7664645522389,572.6470615671642,1,21256,0.9498462809158904,0.017552081114471946,5,0.46723899245262146
TRAIN,5a064706,85,2,3,6,648,1280,1,0.9375,9.625,0.9999339580535889,1,7955,0.00959080825617284,4146,1.9187168355041004,0.33663008081051743,274.13915776241356,513.2266499057197,301.9545890629997,498.92101055324594,1,7895,0.9219109979386444,0.004879094070911698,1,0.4417915642261505
TRAIN,5a064706,85,3,4,6,648,1280,1,0.9375,13.25,0.9999982118606567,1,7803,0.009407552083333333,7922,0.9849785407725322,0.44911187810421754,605.1718569780853,463.3115468409586,637.6955690149824,476.73785995112104,1,7568,0.9466818642350557,0.004771619238615539,2,0.4150717258453369
TRAIN,5a064706,85,4,5,6,648,1280,1,0.000667572021484375,0.00750732421875,0.5018768310546875,1,1606,0.0019362461419753087,2795,0.5745974955277281,0.15802997858672377,573.3966376089663,474.04981320049814,597.3224043715848,491.44353369763206,1,2648,0.0,0.19282277987257834,4,0.4197521209716797
TRAIN,5a064706,85,5,6,6,648,1280,1,2.2470914018413168e-13,-0.73046875,0.3250918686389923,0,0,0.0,260,0.0,,,,,,0,0,,0.0,1,
TRAIN,5a064706,86,0,1,6,648,1280,1,0.9765625,13.8125,0.9999990463256836,1,47640,0.057436342592592594,32820,1.4515539305301646,0.7135054361828206,456.4181360201511,539.0886859781696,442.14717393806836,556.0636775258048,1,48516,0.9712177121771217,0.0002468770058756727,3,0.3673005998134613
TRAIN,5a064706,86,1,2,6,648,1280,1,0.9375,13.0625,0.9999978542327881,1,22601,0.0272485050154321,18829,1.2003292793032025,0.5448970961375811,671.8888987212955,544.540728286359,702.7395583180298,559.4038235155624,1,23536,0.9518148743548523,0.0010416226792224427,1,0.43127092719078064
TRAIN,5a064706,86,2,3,6,648,1280,1,0.95703125,10.4375,0.9999706745147705,1,13216,0.01593364197530864,4146,3.1876507477086347,0.4867275280898876,257.66162227602905,509.02966101694915,274.13915776241356,513.2266499057197,1,13134,0.9683274818854112,0.001086515851779778,1,0.42960497736930847
TRAIN,5a064706,86,3,4,6,648,1280,1,0.92578125,13.25,0.9999982118606567,1,4450,0.0053650655864197535,7922,0.5617268366574097,0.28789152827412234,567.3044943820224,438.22584269662923,605.1718569780853,463.3115468409586,1,4425,0.9156054392402331,0.0021844225604297223,2,0.4756397306919098
TRAIN,5a064706,86,4,5,6,648,1280,1,0.11572265625,0.07470703125,0.5186680555343628,1,1174,0.0014154128086419752,2795,0.42003577817531307,0.012013105205678923,594.5425894378194,431.48211243611587,573.3966376089663,474.04981320049814,1,2294,0.0,0.23707467962881132,4,0.3143537640571594
TRAIN,5a064706,86,5,6,6,648,1280,1,1.318767317570746e-10,-0.5390625,0.36840569972991943,0,0,0.0,260,0.0,,,,,,0,0,,0.0,1,
TRAIN,5a064706,87,0,1,6,648,1280,1,0.97265625,13.9375,0.9999991655349731,1,46710,0.056315104166666664,32820,1.423217550274223,0.7855453151908556,456.4609933633055,543.0995076000856,456.4181360201511,539.0886859781696,1,47231,0.9734260445770224,0.0013450476490284176,2,0.3077426850795746
TRAIN,5a064706,87,1,2,6,648,1280,1,0.953125,14.3125,0.9999994039535522,1,22743,0.027419704861111113,18829,1.2078708375378406,0.7019104455203994,657.9675944246582,557.5348019170734,671.8888987212955,544.540728286359,1,23270,0.9526820573756578,0.0017178686975692157,1,0.3362976610660553
TRAIN,5a064706,87,2,3,6,648,1280,1,0.95703125,11.0625,0.9999842643737793,1,14641,0.017651668595679012,4146,3.5313555233960443,0.6217616580310881,232.27935250324433,512.7782938323885,257.66162227602905,509.02966101694915,1,14596,0.9744057266342517,0.0,1,0.3742297291755676
TRAIN,5a064706,87,3,4,6,648,1280,1,0.90234375,12.4375,0.9999960660934448,1,3082,0.0037157600308641977,7922,0.38904317091643525,0.3101408940685337,525.3212199870214,434.38870863075925,567.3044943820224,438.22584269662923,1,3258,0.8403483309143687,0.002710405165713375,1,0.41531550884246826
TRAIN,5a064706,87,4,5,6,648,1280,1,0.52734375,1.0625,0.7431679368019104,1,1220,0.001470871913580247,2795,0.4364937388193202,0.0012547051442910915,550.6483606557377,437.0,594.5425894378194,431.48211243611587,1,1883,0.0,0.35779260157671317,4,0.3771316707134247
TRAIN,5a064706,87,5,6,6,648,1280,1,1.5688783605583012e-11,-0.5,0.3775406777858734,0,0,0.0,260,0.0,,,,,,0,0,,0.0,1,
TRAIN,5a064706,88,0,1,6,648,1280,1,0.96875,13.5,0.9999985694885254,1,42427,0.051151379243827164,32820,1.292717854966484,0.7978056110203505,466.6543946072077,546.575600443114,456.4609933633055,543.0995076000856,1,43492,0.9675506091417055,0.0005033814099056707,4,0.31088095903396606
TRAIN,5a064706,88,1,2,6,648,1280,1,0.94140625,13.9375,0.9999991655349731,1,22289,0.02687234760802469,18829,1.183759095013012,0.8014241139291143,663.9040782448742,564.2514693346494,657.9675944246582,557.5348019170734,1,22423,0.937261698440208,0.009313529935250253,1,0.3378765881061554
TRAIN,5a064706,88,2,3,6,648,1280,1,0.9609375,11.3125,0.9999877214431763,1,15227,0.01835816936728395,4146,3.67269657501206,0.7219948111847795,217.04222762198725,520.7280488605766,232.27935250324433,512.7782938323885,1,15359,0.9693516193419612,0.0,1,0.35103437304496765
TRAIN,5a064706,88,3,4,6,648,1280,1,0.91015625,11.9375,0.9999934434890747,1,3268,0.003940007716049383,7922,0.41252209038121684,0.3065843621399177,493.281517747858,439.8889228886169,525.3212199870214,434.38870863075925,1,3287,0.875,0.0043602465794617355,1,0.3379670977592468
TRAIN,5a064706,88,4,5,6,648,1280,1,0.74609375,1.6484375,0.8386797308921814,1,840,0.0010127314814814814,2795,0.3005366726296959,0.0,524.4761904761905,434.9190476190476,550.6483606557377,437.0,1,1560,0.0,0.2555521752357773,4,0.33628416061401367
TRAIN,5a064706,88,5,6,6,648,1280,1,3.9637088775634766e-06,-0.0625,0.4843800365924835,0,0,0.0,260,0.0,,,,,,0,0,,0.0,1,
TRAIN,5a064706,89,0,1,6,648,1280,1,0.96875,12.9375,0.999997615814209,1,40140,0.048394097222222224,32820,1.223034734917733,0.8095290275921015,482.34638764324865,549.5666915794718,466.6543946072077,546.575600443114,1,40448,0.9721508455081614,0.0022868820552744257,2,0.33635181188583374
TRAIN,5a064706,89,1,2,6,648,1280,1,0.94921875,12.9375,0.999997615814209,1,21597,0.026038049768518517,18829,1.1470072760104095,0.8287357279773314,665.4967356577303,566.7653377783952,663.9040782448742,564.2514693346494,1,21657,0.9354752103096474,0.006738078783690394,5,0.31838956475257874
TRAIN,5a064706,89,2,3,6,648,1280,1,0.9609375,12.0,0.9999938011169434,1,15795,0.01904296875,4146,3.8096960926193923,0.8828599174556931,211.5696106362773,524.1292181069958,217.04222762198725,520.7280488605766,1,15939,0.9643454038997215,0.0,1,0.3159201443195343
TRAIN,5a064706,89,3,4,6,648,1280,1,0.9140625,12.8125,0.9999972581863403,1,3650,0.0044005594135802465,7922,0.46074223680888665,0.5595130748422001,482.0654794520548,445.0605479452055,493.281517747858,439.8889228886169,1,3653,0.8725641025641026,0.0043729786361772875,1,0.3124943971633911
TRAIN,5a064706,89,4,5,6,648,1280,1,0.703125,1.4296875,0.8068526387214661,1,746,0.0008994020061728395,2795,0.2669051878354204,0.15766423357664233,514.4075067024129,439.6769436997319,524.4761904761905,434.9190476190476,1,1711,0.0,0.1895619253650622,4,0.27202099561691284
TRAIN,5a064706,89,5,6,6,648,1280,1,7.486343383789062e-05,0.0146484375,0.5036620497703552,1,239,0.00028814621913580247,260,0.9192307692307692,0.0,186.30125523012552,471.3849372384937,,,0,0,0.0,0.014676367285499247,3,0.325672447681427
TRAIN,5a064706,90,0,1,6,648,1280,1,0.96484375,12.125,0.9999946355819702,1,39615,0.047761140046296294,32820,1.2070383912248628,0.8201008694858395,490.93810425343935,551.5238419790484,482.34638764324865,549.5666915794718,1,40470,0.9650831820189429,0.003105227132339438,2,0.4120367765426636
TRAIN,5a064706,90,1,2,6,648,1280,1,0.9453125,13.6875,0.9999988079071045,1,20105,0.02423924575617284,18829,1.0677678049816772,0.8109258294250478,662.8899278786372,564.8861974633176,665.4967356577303,566.7653377783952,1,20470,0.9277366020524516,0.008339714352298832,1,0.36088964343070984
TRAIN,5a064706,90,2,3,6,648,1280,1,0.9609375,12.9375,0.999997615814209,1,15724,0.018957368827160495,4146,3.792571152918476,0.9080452811913554,206.65256932078353,524.8224370389214,211.5696106362773,524.1292181069958,1,15821,0.9602908277404921,0.0,1,0.2846795916557312
TRAIN,5a064706,90,3,4,6,648,1280,1,0.92578125,13.0,0.9999977350234985,1,3754,0.004525945216049382,7922,0.47387023478919466,0.6384155786678468,463.2786361214704,445.8532232285562,482.0654794520548,445.0605479452055,1,3711,0.8391229366839122,0.0079314431579907,1,0.32163241505622864
TRAIN,5a064706,90,4,5,6,648,1280,1,0.61328125,1.8359375,0.8624675869941711,1,748,0.0009018132716049383,2795,0.26762075134168156,0.18009478672985782,495.50401069518716,438.3034759358289,514.4075067024129,439.6769436997319,1,784,0.0,0.19672571121846485,4,0.3463760018348694
TRAIN,5a064706,90,5,6,6,648,1280,1,0.051025390625,0.169921875,0.5423785448074341,1,990,0.001193576388888889,260,3.8076923076923075,0.11727272727272728,163.56161616161617,520.0111111111111,186.30125523012552,471.3849372384937,0,0,0.0,0.059027340304901095,3,0.30747994780540466
TRAIN,5a064706,91,0,1,6,648,1280,1,0.94921875,12.3125,0.9999954700469971,1,39624,0.04777199074074074,32820,1.2073126142595978,0.7179186991869919,517.6956894811226,554.084872804361,490.93810425343935,551.5238419790484,1,38804,0.9315814102406226,0.029965235792019346,2,0.36552804708480835
TRAIN,5a064706,91,1,2,6,648,1280,1,0.890625,14.0,0.9999991655349731,1,13878,0.016731770833333333,18829,0.7370545435232886,0.6207077451354445,672.6897968006917,568.0586539847241,662.8899278786372,564.8861974633176,1,14890,0.8441025641025641,0.011539716979320673,1,0.3285094201564789
TRAIN,5a064706,91,2,3,6,648,1280,1,0.9609375,12.75,0.9999971389770508,1,15743,0.01898027584876543,4146,3.7971538832609744,0.9389364717481052,209.79540113066125,523.6133519659531,206.65256932078353,524.8224370389214,1,16280,0.9519078385956358,0.0,1,0.2977336645126343
TRAIN,5a064706,91,3,4,6,648,1280,1,0.93359375,13.5,0.9999985694885254,1,5217,0.0062897858796296295,7922,0.6585458217621812,0.6862781954887218,453.2549357868507,452.13475177304963,463.2786361214704,445.8532232285562,1,5035,0.8721694667640614,0.06446092413006276,6,0.35918372869491577
TRAIN,5a064706,91,4,5,6,648,1280,1,0.5078125,1.828125,0.8615382313728333,1,507,0.000611255787037037,2795,0.1813953488372093,0.6277561608300908,501.16173570019726,438.4990138067061,495.50401069518716,438.3034759358289,1,630,0.0,0.0996031746031746,4,0.28702443838119507
TRAIN,5a064706,91,5,6,6,648,1280,1,0.064453125,0.11767578125,0.5293850302696228,1,342,0.0004123263888888889,260,1.3153846153846154,0.20433996383363473,184.41812865497076,507.37719298245617,163.56161616161617,520.0111111111111,1,381,0.0,0.020317966975630715,3,0.2958623468875885
TRAIN,5a064706,92,0,1,6,648,1280,1,0.94921875,11.9375,0.9999934434890747,1,36826,0.04439863040123457,32820,1.1220597196831201,0.4730250481695568,573.4177211752566,560.0587356758812,517.6956894811226,554.084872804361,1,37588,0.9153689737715889,0.02540394769642169,2,0.40586045384407043
TRAIN,5a064706,92,1,2,6,648,1280,1,0.82421875,10.8125,0.9999798536300659,1,8283,0.009986255787037037,18829,0.4399065271655425,0.30190341910468804,708.6259809247857,581.9437401907521,672.6897968006917,568.0586539847241,1,8422,0.8232918576729972,0.015249435615953256,1,0.4271704852581024
TRAIN,5a064706,92,2,3,6,648,1280,1,0.95703125,12.625,0.9999966621398926,1,15823,0.019076726466049382,4146,3.8164495899662323,0.6003041825095057,239.7179422359856,527.1491499715604,209.79540113066125,523.6133519659531,1,15782,0.9748187953011747,0.0,1,0.36079245805740356
TRAIN,5a064706,92,3,4,6,648,1280,1,0.92578125,12.6875,0.9999969005584717,1,6994,0.008432195216049383,7922,0.8828578641757132,0.38966655286218277,480.782384901344,463.66399771232483,453.2549357868507,452.13475177304963,1,6301,0.7941970310391363,0.12043795620437957,6,0.4053002595901489
TRAIN,5a064706,92,4,5,6,648,1280,1,0.53125,3.5,0.970687747001648,1,502,0.0006052276234567902,2795,0.17960644007155635,0.0,440.6155378486056,476.85258964143424,501.16173570019726,438.4990138067061,1,375,0.0,0.30358705161854765,6,0.45894163846969604
TRAIN,5a064706,92,5,6,6,648,1280,1,0.08642578125,0.349609375,0.5865228176116943,1,482,0.0005811149691358025,260,1.853846153846154,0.0,425.344398340249,485.4439834024896,184.41812865497076,507.37719298245617,1,988,0.3649025069637883,0.006977434679334917,4,0.3424947261810303
TRAIN,5a064706,93,0,1,6,648,1280,1,0.94921875,12.0,0.9999938011169434,1,35189,0.042425009645061726,32820,1.0721815965874466,0.5173191184526569,615.8831453010885,559.5040779789139,573.4177211752566,560.0587356758812,1,37023,0.9455760318999892,0.00147870402154683,2,0.3569354712963104
TRAIN,5a064706,93,1,2,6,648,1280,1,0.72265625,6.75,0.9988304972648621,1,3767,0.004541618441358025,18829,0.2000637314780392,0.10794409709452005,676.7921422882931,604.3838598354127,708.6259809247857,581.9437401907521,1,2738,0.6598622097473845,0.028181084896148418,1,0.3691447973251343
TRAIN,5a064706,93,2,3,6,648,1280,1,0.9609375,12.5625,0.999996542930603,1,16349,0.01971088927469136,4146,3.9433188615533044,0.7024023706212298,257.7519725977124,530.8737537464065,239.7179422359856,527.1491499715604,1,16361,0.9657451923076923,0.0,1,0.35225364565849304
TRAIN,5a064706,93,3,4,6,648,1280,1,0.91796875,13.875,0.9999990463256836,1,8422,0.010153838734567901,7922,1.063115374905327,0.5559144125958821,499.72476846354783,471.84576110187606,480.782384901344,463.66399771232483,1,8360,0.912260711030082,0.03698356286095069,6,0.385667622089386
TRAIN,5a064706,93,4,5,6,648,1280,1,0.5546875,4.0625,0.9830850958824158,1,790,0.0009524498456790123,2795,0.2826475849731664,0.0893760539629005,459.98227848101266,495.8518987341772,440.6155378486056,476.85258964143424,1,558,0.0,0.4560204953031597,6,0.5225299000740051
TRAIN,5a064706,93,5,6,6,648,1280,1,0.2412109375,0.79296875,0.6884684562683105,1,757,0.0009126639660493827,260,2.9115384615384614,0.13983440662373506,453.7014531043593,503.27344782034345,425.344398340249,485.4439834024896,1,915,0.45517841601392517,0.013675783855903937,4,0.3741759657859802
TRAIN,5a064706,94,0,1,6,648,1280,1,0.9375,12.5,0.9999963045120239,1,34876,0.042047646604938274,32820,1.0626447288238878,0.7310257930625556,642.2131265053332,554.149902511756,615.8831453010885,559.5040779789139,1,34004,0.952159619090806,0.02207041513399895,2,0.4070502817630768
TRAIN,5a064706,94,1,2,6,648,1280,1,0.6953125,6.65625,0.9987157583236694,1,6658,0.008027102623456791,18829,0.35360348398746616,0.1853325753268903,579.243766896966,576.8522078702313,676.7921422882931,604.3838598354127,1,5969,0.5705223880597015,0.04486586493987049,1,0.38718998432159424
TRAIN,5a064706,94,2,3,6,648,1280,1,0.96484375,13.5625,0.9999986886978149,1,16595,0.020007474922839507,4146,4.002653159671973,0.9160172153076654,256.10762277794515,527.9481771617957,257.7519725977124,530.8737537464065,1,16276,0.9589392133492253,0.0,1,0.37053969502449036
TRAIN,5a064706,94,3,4,6,648,1280,1,0.9375,14.375,0.9999994039535522,1,9103,0.01097487461419753,7922,1.1490785155263823,0.7216818940956872,487.17071295177414,472.3285729979128,499.72476846354783,471.84576110187606,1,8681,0.9132867132867133,0.05263725595944343,6,0.40703698992729187
TRAIN,5a064706,94,4,5,6,648,1280,1,0.4296875,3.578125,0.9728307723999023,1,221,0.0002664448302469136,2795,0.07906976744186046,0.09415584415584416,445.29864253393663,492.99095022624437,459.98227848101266,495.8518987341772,1,668,0.0,0.324773413897281,6,0.33391886949539185
TRAIN,5a064706,94,5,6,6,648,1280,1,0.166015625,1.4140625,0.804405927658081,1,404,0.00048707561728395063,260,1.5538461538461539,0.07202216066481995,310.529702970297,483.4257425742574,453.7014531043593,503.27344782034345,1,656,0.1712707182320442,0.012750455373406194,3,0.2836231589317322
TRAIN,5a064706,95,0,1,6,648,1280,1,0.93359375,13.9375,0.9999991655349731,1,37164,0.04480613425925926,32820,1.1323583180987202,0.913565489946078,645.9048003444193,553.9865730276612,642.2131265053332,554.149902511756,1,38305,0.9488947422786902,0.002345732203552109,2,0.3165406882762909
TRAIN,5a064706,95,1,2,6,648,1280,1,0.640625,9.8125,0.9999452829360962,1,5637,0.006796151620370371,18829,0.29937861808911786,0.4526228733459357,578.0855064750754,559.3689905978357,579.243766896966,576.8522078702313,1,4712,0.7493238674780257,0.024289044289044288,1,0.34756043553352356
TRAIN,5a064706,95,2,3,6,648,1280,1,0.96484375,12.625,0.9999966621398926,1,16914,0.02039207175925926,4146,4.07959479015919,0.7611289220581279,239.7839659453707,527.4341374009696,256.10762277794515,527.9481771617957,1,17007,0.9702038682697334,0.0,1,0.4051528871059418
TRAIN,5a064706,95,3,4,6,648,1280,1,0.9609375,14.125,0.9999992847442627,1,9579,0.011548755787037037,7922,1.2091643524362534,0.5959337092089527,467.42520096043427,473.75456728259735,487.17071295177414,472.3285729979128,1,9663,0.9367891293407147,0.018295218295218296,6,0.3940489888191223
TRAIN,5a064706,95,4,5,6,648,1280,1,0.1494140625,1.890625,0.8688268065452576,1,995,0.0011996045524691357,2795,0.3559928443649374,0.0,510.0824120603015,446.6070351758794,445.29864253393663,492.99095022624437,1,892,0.0,0.10239966901117087,4,0.41674649715423584
TRAIN,5a064706,95,5,6,6,648,1280,1,0.0244140625,1.03125,0.7371581792831421,1,283,0.0003411940586419753,260,1.0884615384615384,0.22678571428571428,210.96819787985865,476.6678445229682,310.529702970297,483.4257425742574,1,217,0.0,0.015983076742272888,3,0.342009961605072
TRAIN,5a064706,96,0,1,6,648,1280,1,0.93359375,13.6875,0.9999988079071045,1,34903,0.042080198688271606,32820,1.0634673979280926,0.7379361902235513,620.2094662349941,555.1600722000974,645.9048003444193,553.9865730276612,1,38483,0.8908069669174482,0.004640371229698376,2,0.305340439081192
TRAIN,5a064706,96,1,2,6,648,1280,1,0.671875,9.25,0.9999039173126221,1,4909,0.00591845100308642,18829,0.2607148547453396,0.2971709717097171,563.2978203300061,557.0150743532288,578.0855064750754,559.3689905978357,1,5366,0.7606237148732008,0.008319003578565786,1,0.2662465274333954
TRAIN,5a064706,96,2,3,6,648,1280,1,0.9609375,13.5625,0.9999986886978149,1,17370,0.020941840277777776,4146,4.189580318379161,0.664999271526395,214.09683362118597,528.9554979850317,239.7839659453707,527.4341374009696,1,17326,0.9635540464063385,0.0,1,0.39514338970184326
TRAIN,5a064706,96,3,4,6,648,1280,1,0.94140625,13.8125,0.9999990463256836,1,10294,0.012410783179012346,7922,1.299419338550871,0.4946600481347774,436.15144744511366,478.746357101224,467.42520096043427,473.75456728259735,1,9425,0.8608096631122015,0.10000946163307788,6,0.33457162976264954
TRAIN,5a064706,96,4,5,6,648,1280,1,0.359375,4.78125,0.9916841983795166,1,1453,0.001751784336419753,2795,0.5198568872987478,0.0,463.31933929800414,462.30282174810736,510.0824120603015,446.6070351758794,1,846,0.0,0.11971178589809572,4,0.4289098083972931
TRAIN,5a064706,96,5,6,6,648,1280,1,0.052734375,1.1953125,0.7676898241043091,1,1134,0.0013671875,260,4.361538461538461,0.0,409.89858906525575,514.7848324514991,210.96819787985865,476.6678445229682,1,1332,0.37611607142857145,0.0407056968263355,4,0.34822016954421997
TRAIN,5a064706,97,0,1,6,648,1280,1,0.953125,13.3125,0.9999983310699463,1,34919,0.0420994888117284,32820,1.0639549055453992,0.7277968869862166,596.8662046450356,554.968842177611,620.2094662349941,555.1600722000974,1,39800,0.869470576461169,0.0009227274878152652,2,0.28619617223739624
TRAIN,5a064706,97,1,2,6,648,1280,1,0.79296875,9.3125,0.9999097585678101,1,7344,0.008854166666666666,18829,0.39003664559987256,0.15224750799322925,521.1109749455337,555.5281862745098,563.2978203300061,557.0150743532288,1,7386,0.8972179289026275,0.007049173324219251,1,0.37929868698120117
TRAIN,5a064706,97,2,3,6,648,1280,1,0.96484375,12.6875,0.9999969005584717,1,18215,0.021960599922839507,4146,4.3933912204534495,0.7078613937416011,192.5721657974197,528.3157287949492,214.09683362118597,528.9554979850317,1,18344,0.9708355795148248,0.0,1,0.33884698152542114
TRAIN,5a064706,97,3,4,6,648,1280,1,0.93359375,13.0,0.9999977350234985,1,10921,0.013166714891975309,7922,1.378566018682151,0.48429301056461205,401.9982602325794,475.3996886731984,436.15144744511366,478.746357101224,1,10925,0.9423846359029074,0.01905022331601495,6,0.3126698434352875
TRAIN,5a064706,97,4,5,6,648,1280,1,0.734375,5.40625,0.9955315589904785,1,3170,0.0038218557098765433,2795,1.1341681574239715,0.04711211778029445,434.1220820189275,473.77665615141956,463.31933929800414,462.30282174810736,1,546,0.0,0.26378552855733883,4,0.47683387994766235
TRAIN,5a064706,97,5,6,6,648,1280,1,0.400390625,1.7265625,0.8489722013473511,1,645,0.0007776331018518518,260,2.480769230769231,0.15294880103694103,379.52093023255816,507.09457364341085,409.89858906525575,514.7848324514991,1,259,0.2661064425770308,0.03906600808262236,4,0.36441224813461304
TRAIN,5a064706,98,0,1,6,648,1280,1,0.93359375,13.75,0.999998927116394,1,37909,0.04570433063271605,32820,1.155057891529555,0.7790697674418605,615.2660845709462,557.1954153367275,596.8662046450356,554.968842177611,1,38823,0.970265759404288,0.0005194265530853937,2,0.2962004244327545
TRAIN,5a064706,98,1,2,6,648,1280,1,0.90234375,10.9375,0.9999822378158569,1,10724,0.01292920524691358,18829,0.5695469754102714,0.36496184936163784,478.17390898918313,550.4435844834018,521.1109749455337,555.5281862745098,1,10246,0.9044591771864499,0.01327509421034601,5,0.4604003131389618
TRAIN,5a064706,98,2,3,6,648,1280,1,0.96484375,13.6875,0.9999988079071045,1,17986,0.021684510030864197,4146,4.338157260009648,0.8917746655518395,197.80323585010564,531.3273101301012,192.5721657974197,528.3157287949492,1,18305,0.9666720858397009,0.0,1,0.34598660469055176
TRAIN,5a064706,98,3,4,6,648,1280,1,0.94140625,13.3125,0.9999983310699463,1,10298,0.012415605709876543,7922,1.2999242615501136,0.7619363945860665,391.0540881724607,476.8151097300447,401.9982602325794,475.3996886731984,1,10741,0.9507649513212796,0.00053572298251595,2,0.31297194957733154
TRAIN,5a064706,98,4,5,6,648,1280,1,0.59375,5.8125,0.9970190525054932,1,1696,0.002044753086419753,2795,0.6067978533094812,0.3780798640611725,419.1751179245283,468.1167452830189,434.1220820189275,473.77665615141956,1,1107,0.0,0.1946158160403814,6,0.41955989599227905
TRAIN,5a064706,98,5,6,6,648,1280,1,0.0517578125,1.40625,0.8031737804412842,1,407,0.0004906925154320987,260,1.5653846153846154,0.15098468271334792,342.7862407862408,495.5872235872236,379.52093023255816,507.09457364341085,1,434,0.734020618556701,0.0015272661935136107,4,0.31028634309768677
TRAIN,5a064706,99,0,1,6,648,1280,1,0.9765625,12.75,0.9999971389770508,1,36073,0.04349078896604938,32820,1.099116392443632,0.8754784901259919,622.3797299919607,561.0805311451778,615.2660845709462,557.1954153367275,1,36767,0.9769303840412539,0.00013707482327138856,2,0.31471341848373413
TRAIN,5a064706,99,1,2,6,648,1280,1,0.91796875,12.0,0.9999938011169434,1,13483,0.016255545910493826,18829,0.7160762653353869,0.6105788423153693,475.3188459541645,543.8271897945561,478.17390898918313,550.4435844834018,1,15001,0.8654790752505076,0.004919606431485481,1,0.3747138977050781
TRAIN,5a064706,99,2,3,6,648,1280,1,0.96484375,13.6875,0.9999988079071045,1,18097,0.021818335262345678,4146,4.364930053063193,0.8253237555645487,209.5334033265182,528.9541360446483,197.80323585010564,531.3273101301012,1,18224,0.9702196908055329,0.0,1,0.34225136041641235
TRAIN,5a064706,99,3,4,6,648,1280,1,0.94921875,13.25,0.9999982118606567,1,10541,0.012708574459876543,7922,1.3305983337541025,0.8067452748396047,385.06991746513614,473.4637131201973,391.0540881724607,476.8151097300447,1,10821,0.9354897164084444,0.01012404232032105,6,0.3474520146846771
TRAIN,5a064706,99,4,5,6,648,1280,1,0.279296875,5.6875,0.9966233968734741,1,295,0.0003556616512345679,2795,0.10554561717352415,0.1562137049941928,344.8813559322034,493.88813559322034,419.1751179245283,468.1167452830189,1,1040,0.0,0.4910071942446043,6,0.2908039689064026
TRAIN,5a064706,99,5,6,6,648,1280,1,0.390625,1.6875,0.8438951373100281,1,304,0.00036651234567901237,260,1.1692307692307693,0.6573426573426573,344.74342105263156,493.9144736842105,342.7862407862408,495.5872235872236,1,534,0.5017921146953405,0.0018009905447996398,4,0.2942509651184082
TRAIN,5a064706,100,0,1,6,648,1280,1,0.9765625,12.375,0.9999958276748657,1,31650,0.038158275462962965,32820,0.9643510054844607,0.7198618482870711,649.0638862559242,565.4826224328594,622.3797299919607,561.0805311451778,1,32086,0.9729453644946603,0.00031107222708272574,2,0.3134591281414032
TRAIN,5a064706,100,1,2,6,648,1280,1,0.94140625,11.125,0.9999852180480957,1,18944,0.022839506172839506,18829,1.006107599978756,0.5973104773163883,497.88930532094594,543.6389358108108,475.3188459541645,543.8271897945561,1,19801,0.9286674299367813,0.0036581796897863623,5,0.3055315613746643
TRAIN,5a064706,100,2,3,6,648,1280,1,0.9609375,13.4375,0.9999985694885254,1,18032,0.021739969135802468,4146,4.349252291365171,0.6738012508686588,235.75820763087845,531.1349267968056,209.5334033265182,528.9541360446483,1,17953,0.9761120263591433,0.0,1,0.37682071328163147
TRAIN,5a064706,100,3,4,6,648,1280,1,0.94921875,13.5,0.9999985694885254,1,9857,0.011883921682098765,7922,1.2442565008836153,0.7116724007720063,395.43471644516586,474.02678299685505,385.06991746513614,473.4637131201973,1,10163,0.9472813928606166,0.005960659646334195,6,0.32657694816589355
TRAIN,5a064706,100,4,5,6,648,1280,1,0.33203125,4.71875,0.9911527037620544,1,1297,0.0015637056327160493,2795,0.46404293381037565,0.0,436.1858134155744,458.3616037008481,344.8813559322034,493.88813559322034,1,1633,0.0,0.15316642120765833,6,0.463141530752182
TRAIN,5a064706,100,5,6,6,648,1280,1,0.2216796875,1.515625,0.8198933005332947,1,679,0.0008186246141975308,260,2.6115384615384616,0.0010183299389002036,391.5154639175258,509.3961708394698,344.74342105263156,493.9144736842105,1,269,0.2862957937584803,0.04360381172393878,4,0.33642062544822693
TRAIN,5a064706,101,0,1,6,648,1280,1,0.984375,12.5625,0.999996542930603,1,29258,0.035274402006172836,32820,0.8914686166971358,0.5260573261174584,698.5514047440016,568.6348349169458,649.0638862559242,565.4826224328594,1,29700,0.9723671885454302,0.00016963848154710295,2,0.42095834016799927
TRAIN,5a064706,101,1,2,6,648,1280,1,0.95703125,11.5625,0.9999904632568359,1,23541,0.02838179976851852,18829,1.2502522704339052,0.4794372671240032,539.1693640881865,547.095960239582,497.88930532094594,543.6389358108108,1,23805,0.9524928863045898,0.006027738936548128,1,0.4576139450073242
TRAIN,5a064706,101,2,3,6,648,1280,1,0.9609375,12.9375,0.999997615814209,1,17442,0.021028645833333335,4146,4.206946454413893,0.4667162821466964,290.4314298818943,528.6883958261667,235.75820763087845,531.1349267968056,1,18068,0.9607951408061844,0.0,1,0.39820560812950134
TRAIN,5a064706,101,3,4,6,648,1280,1,0.9296875,13.375,0.9999984502792358,1,9339,0.011259403935185186,7922,1.1788689724816965,0.4838061374352632,432.34136417175284,469.71463754149266,395.43471644516586,474.02678299685505,1,8987,0.883453237410072,0.06045526733721546,6,0.32321447134017944
TRAIN,5a064706,101,4,5,6,648,1280,1,0.5546875,4.75,0.9914224743843079,1,622,0.0007499035493827161,2795,0.2225402504472272,0.0,406.84405144694534,505.4967845659164,436.1858134155744,458.3616037008481,1,2231,0.0,0.8557142857142858,6,0.4554471969604492
TRAIN,5a064706,101,5,6,6,648,1280,1,0.6875,1.5390625,0.8233283758163452,1,645,0.0007776331018518518,260,2.480769230769231,0.29931305201177627,407.0325581395349,505.92868217054263,391.5154639175258,509.3961708394698,1,677,0.8698727015558698,0.002393589343323967,4,0.3643515706062317
TRAIN,5a064706,102,0,1,6,648,1280,1,0.98046875,12.75,0.9999971389770508,1,27955,0.033703462577160496,32820,0.8517672151127361,0.7115804589104616,723.9475943480594,570.1254158468968,698.5514047440016,568.6348349169458,1,28102,0.9764129323414308,0.0022289766970618034,2,0.38673362135887146
TRAIN,5a064706,102,1,2,6,648,1280,1,0.96484375,13.0,0.9999977350234985,1,26018,0.031368152006172836,18829,1.38180466301981,0.7763082437275985,554.0194096394804,547.3682450611116,539.1693640881865,547.095960239582,1,26451,0.9642482779275232,0.0024264201967067367,1,0.3171437084674835
TRAIN,5a064706,102,2,3,6,648,1280,1,0.9609375,13.75,0.999998927116394,1,17440,0.021026234567901234,4146,4.206464061746262,0.6802504816955685,315.8216743119266,528.0572821100917,290.4314298818943,528.6883958261667,1,17632,0.9728863137762277,0.0012408347433728144,6,0.3254491090774536
TRAIN,5a064706,102,3,4,6,648,1280,1,0.93359375,15.25,0.9999997615814209,1,8745,0.010543258101851851,7922,1.103887907094168,0.7829044661342798,444.3636363636364,467.0808461978273,432.34136417175284,469.71463754149266,1,8746,0.9130482336213497,0.028620102214650767,6,0.2575708031654358
TRAIN,5a064706,102,4,5,6,648,1280,1,0.59375,4.21875,0.985496461391449,1,908,0.0010947145061728394,2795,0.324865831842576,0.25307125307125306,418.976872246696,504.3193832599119,406.84405144694534,505.4967845659164,1,2398,0.0,0.28286014721345953,6,0.4598309397697449
TRAIN,5a064706,102,5,6,6,648,1280,1,0.59765625,1.6640625,0.8407825827598572,1,935,0.0011272665895061729,260,3.5961538461538463,0.26704089815557336,418.7122994652406,503.74545454545455,407.0325581395349,505.92868217054263,1,312,0.27897435897435896,0.0665418089677206,4,0.31755322217941284
TRAIN,5a064706,103,0,1,6,648,1280,1,0.984375,12.75,0.9999971389770508,1,27509,0.03316575038580247,32820,0.8381779402803169,0.9123538944247147,730.5117597877058,570.9932749282053,723.9475943480594,570.1254158468968,1,27357,0.9805790195653743,0.0007058440265686931,2,0.42619338631629944
TRAIN,5a064706,103,1,2,6,648,1280,1,0.96484375,13.1875,0.9999980926513672,1,27273,0.032881221064814815,18829,1.448457167135801,0.8991803278688525,551.4910350896491,547.7427125728743,554.0194096394804,547.3682450611116,1,27783,0.962360992301112,0.0015767087122323263,1,0.30670028924942017
TRAIN,5a064706,103,2,3,6,648,1280,1,0.96484375,13.625,0.9999988079071045,1,17847,0.021516927083333335,4146,4.304630969609262,0.8712944795036326,322.7791785734297,526.7128368913543,315.8216743119266,528.0572821100917,1,18141,0.9603442640810546,0.0002750426316078992,6,0.331911563873291
TRAIN,5a064706,103,3,4,6,648,1280,1,0.94921875,13.8125,0.9999990463256836,1,8337,0.010051359953703704,7922,1.0523857611714214,0.8236361695313335,443.8739354683939,464.22598056854986,444.3636363636364,467.0808461978273,1,7858,0.9118167866839806,0.03644401959612857,6,0.3375782072544098
TRAIN,5a064706,103,4,5,6,648,1280,1,0.232421875,2.90625,0.9481545686721802,1,703,0.0008475597993827161,2795,0.251520572450805,0.13291139240506328,472.624466571835,458.7226173541963,418.976872246696,504.3193832599119,1,2051,0.0,0.07699081645489998,4,0.39527609944343567
TRAIN,5a064706,103,5,6,6,648,1280,1,0.18359375,1.2265625,0.7732163667678833,1,634,0.0007643711419753086,260,2.4384615384615387,0.4595348837209302,419.6545741324921,498.1009463722398,418.7122994652406,503.74545454545455,1,337,0.45577211394302847,0.03472645302790301,4,0.3282684087753296
TRAIN,5a064706,104,0,1,6,648,1280,1,0.98046875,12.4375,0.9999960660934448,1,24393,0.02940899884259259,32820,0.7432358318098721,0.816660833041652,739.2300250071742,578.1719345713934,730.5117597877058,570.9932749282053,1,24295,0.9761344264956571,0.0002807989666598027,2,0.4163541793823242
TRAIN,5a064706,104,1,2,6,648,1280,1,0.96875,13.4375,0.9999985694885254,1,28812,0.034736689814814814,18829,1.5301927877210686,0.7833635409710961,547.1967582951548,560.1147091489657,551.4910350896491,547.7427125728743,1,29041,0.9719476446928897,0.005698662625996442,5,0.24872010946273804
TRAIN,5a064706,104,2,3,6,648,1280,1,0.96484375,13.125,0.9999979734420776,1,17374,0.020946662808641974,4146,4.190545103714424,0.6890135711887978,333.8114423851732,540.0927247611373,322.7791785734297,526.7128368913543,1,17410,0.9598828036961912,0.0016659894351889475,4,0.35003021359443665
TRAIN,5a064706,104,3,4,6,648,1280,1,0.9453125,14.0625,0.9999991655349731,1,7335,0.008843315972222222,7922,0.9259025498611462,0.6130094689172499,436.5172460804363,475.625221540559,443.8739354683939,464.22598056854986,1,7277,0.9302509907529722,0.00444567168300428,2,0.3143203556537628
TRAIN,5a064706,104,4,5,6,648,1280,1,0.2421875,1.15625,0.7606506943702698,1,644,0.0007764274691358025,2795,0.23041144901610017,0.0007429420505200594,467.6024844720497,451.20652173913044,472.624466571835,458.7226173541963,1,1719,0.0,0.08477129553546973,4,0.3353543281555176
TRAIN,5a064706,104,5,6,6,648,1280,1,7.867813110351562e-06,-0.09033203125,0.4774323105812073,0,0,0.0,260,0.0,0.0,,,419.6545741324921,498.1009463722398,0,0,,0.0,1,
TRAIN,5a064706,105,0,1,6,648,1280,1,0.984375,12.375,0.9999958276748657,1,23985,0.028917100694444444,32820,0.7308043875685558,0.8758433501357115,729.9764853033146,578.7376276839691,739.2300250071742,578.1719345713934,1,24136,0.9793920447534038,7.315155172729102e-05,2,0.3502519726753235
TRAIN,5a064706,105,1,2,6,648,1280,1,0.96484375,12.5625,0.999996542930603,1,30428,0.03668499228395062,18829,1.616017844813851,0.6902051413735056,516.3861903509925,564.3725515972131,547.1967582951548,560.1147091489657,1,30700,0.9617458279845956,0.002664510556974586,1,0.2670402228832245
TRAIN,5a064706,105,2,3,6,648,1280,1,0.9609375,13.1875,0.9999980926513672,1,16728,0.020167824074074074,4146,4.034732272069465,0.8471454880294659,323.5642037302726,540.659194165471,333.8114423851732,540.0927247611373,1,17023,0.9626097575158458,0.0007807389588740478,2,0.3426029682159424
TRAIN,5a064706,105,3,4,6,648,1280,1,0.94140625,12.9375,0.999997615814209,1,6465,0.00779441550925926,7922,0.8160817975258773,0.5524805939925751,407.1288476411446,471.37927300850737,436.5172460804363,475.625221540559,1,6302,0.9189839170299113,0.007506541414661348,3,0.4077436923980713
TRAIN,5a064706,105,4,5,6,648,1280,1,0.263671875,0.89453125,0.7098243832588196,1,859,0.0010356385030864197,2795,0.3073345259391771,0.08129496402877698,445.9045401629802,454.7275902211874,467.6024844720497,451.20652173913044,1,2031,0.0,0.13127962085308056,4,0.30772316455841064
TRAIN,5a064706,105,5,6,6,648,1280,1,1.1641532182693481e-10,-0.384765625,0.40497803688049316,0,0,0.0,260,0.0,,,,,,0,0,,0.0,1,
TRAIN,5a064706,106,0,1,6,648,1280,1,0.98046875,12.4375,0.9999960660934448,1,26317,0.031728636188271604,32820,0.8018586227909811,0.8666320320617485,723.5304555990424,573.8516548238781,729.9764853033146,578.7376276839691,1,26604,0.9751063670971113,0.0001350438892640108,2,0.419534295797348
TRAIN,5a064706,106,1,2,6,648,1280,1,0.96875,13.25,0.9999982118606567,1,32375,0.03903235918209876,18829,1.7194221679324446,0.6394653718641502,490.23527413127414,557.0621467181467,516.3861903509925,564.3725515972131,1,32931,0.9682338758288125,0.0018004857914493912,1,0.2932792007923126
TRAIN,5a064706,106,2,3,6,648,1280,1,0.95703125,13.25,0.9999982118606567,1,14930,0.018000096450617283,4146,3.601061263868789,0.6571398659966499,306.63436034829203,530.5077695914266,323.5642037302726,540.659194165471,1,15284,0.9549660304108702,0.0015694973423178336,2,0.43293648958206177
TRAIN,5a064706,106,3,4,6,648,1280,1,0.94140625,12.6875,0.9999969005584717,1,6089,0.007341097608024692,7922,0.7686190355970715,0.44199402710774177,379.9855477089834,460.07472491377894,407.1288476411446,471.37927300850737,1,6035,0.9153238546603476,0.010257137455095482,3,0.294374942779541
TRAIN,5a064706,106,4,5,6,648,1280,1,0.2734375,0.53515625,0.6306849718093872,1,618,0.0007450810185185185,2795,0.22110912343470482,0.21364009860312244,427.705501618123,447.08899676375404,445.9045401629802,454.7275902211874,1,2397,0.0,0.10021498263601786,4,0.28031250834465027
TRAIN,5a064706,106,5,6,6,648,1280,1,4.843059286940843e-11,-0.55078125,0.3656831681728363,0,0,0.0,260,0.0,,,,,,0,0,,0.0,1,
TRAIN,5a064706,107,0,1,6,648,1280,1,0.98046875,12.875,0.9999974966049194,1,24024,0.02896412037037037,32820,0.7319926873857404,0.7685848791455874,739.385323010323,578.2359723609724,723.5304555990424,573.8516548238781,1,24325,0.981516393442623,0.0,2,0.42315325140953064
TRAIN,5a064706,107,1,2,6,648,1280,1,0.96875,13.4375,0.9999985694885254,1,34139,0.04115909529320988,18829,1.8131074406500611,0.7908028646814926,481.6748293740297,564.1038108907701,490.23527413127414,557.0621467181467,1,34667,0.9714056501060111,0.001913024734601498,5,0.3075008988380432
TRAIN,5a064706,107,2,3,6,648,1280,1,0.94921875,13.125,0.9999979734420776,1,11831,0.014263840663580246,4146,2.853593825373854,0.6840349883581902,308.1991378581692,534.9296762741949,306.63436034829203,530.5077695914266,1,11939,0.9496391076115486,0.004298148988099095,2,0.3585946261882782
TRAIN,5a064706,107,3,4,6,648,1280,1,0.9296875,12.75,0.9999971389770508,1,6012,0.007248263888888889,7922,0.7588992678616511,0.7010120888389092,379.01397205588825,464.91034597471725,379.9855477089834,460.07472491377894,1,5938,0.9126120358514724,0.007012229327947941,3,0.3496370315551758
TRAIN,5a064706,107,4,5,6,648,1280,1,0.37109375,1.1953125,0.7676898241043091,1,686,0.0008270640432098765,2795,0.24543828264758497,0.2784313725490196,428.5568513119534,453.7230320699708,427.705501618123,447.08899676375404,1,3046,0.0,0.11533928270752652,4,0.33355262875556946
TRAIN,5a064706,107,5,6,6,648,1280,1,4.839897155761719e-05,-0.291015625,0.4277552366256714,0,0,0.0,260,0.0,,,,,,0,0,,0.0,1,
TRAIN,5a064706,108,0,1,6,648,1280,1,0.9765625,10.0625,0.9999573230743408,1,23835,0.02873625578703704,32820,0.7262340036563071,0.7842523207694889,756.4596182085169,578.615817075729,739.385323010323,578.2359723609724,1,24435,0.9752025534004419,0.0,2,0.3693734109401703
TRAIN,5a064706,108,1,2,6,648,1280,1,0.96875,13.3125,0.9999983310699463,1,34433,0.041513551311728396,18829,1.828721652769664,0.8201895256549784,467.9577440246275,562.1484912729068,481.6748293740297,564.1038108907701,1,35036,0.9690201524900088,0.0034569204380525136,5,0.3371509313583374
TRAIN,5a064706,108,2,3,6,648,1280,1,0.91796875,13.125,0.9999979734420776,1,7787,0.009388261959876543,4146,1.8781958514230583,0.6104087998686587,314.3069217927315,531.9015025041737,308.1991378581692,534.9296762741949,1,7873,0.910455044528486,0.007031323487912708,2,0.4272516071796417
TRAIN,5a064706,108,3,4,6,648,1280,1,0.92578125,13.875,0.9999990463256836,1,6108,0.007364004629629629,7922,0.7710174198434738,0.832753667019507,379.1493123772102,465.1416175507531,379.01397205588825,464.91034597471725,1,6131,0.9072775440236871,0.0104068801040688,3,0.2903948724269867
TRAIN,5a064706,108,4,5,6,648,1280,1,0.330078125,1.484375,0.815232515335083,1,786,0.0009476273148148148,2795,0.281216457960644,0.6283185840707964,428.71628498727733,453.2557251908397,428.5568513119534,453.7230320699708,1,3593,0.0,0.1256305939788446,4,0.28652483224868774
TRAIN,5a064706,108,5,6,6,648,1280,1,0.00537109375,-0.068359375,0.48291677236557007,0,0,0.0,260,0.0,,,,,,0,0,,0.0,1,
TRAIN,5a064706,109,0,1,6,648,1280,1,0.98046875,12.75,0.9999971389770508,1,25291,0.03049165702160494,32820,0.7705971968312005,0.8610448156987537,766.0137993752718,576.95852279467,756.4596182085169,578.615817075729,1,25226,0.9766404507571311,0.0,2,0.38643312454223633
TRAIN,5a064706,109,1,2,6,648,1280,1,0.95703125,13.8125,0.9999990463256836,1,35723,0.0430688175154321,18829,1.8972329916617983,0.81024383950458,458.7949220390225,560.5032891974358,467.9577440246275,562.1484912729068,1,35916,0.970323716273825,0.005381442321369305,3,0.36138516664505005
TRAIN,5a064706,109,2,3,6,648,1280,1,0.875,13.125,0.9999979734420776,1,6117,0.0073748553240740745,4146,1.4753979739507959,0.6790242724308658,312.3263037436652,527.7985940820664,314.3069217927315,531.9015025041737,1,6686,0.8737011561539587,0.0030784650630011454,2,0.38698598742485046
TRAIN,5a064706,109,3,4,6,648,1280,1,0.93359375,12.9375,0.999997615814209,1,6567,0.007917390046296297,7922,0.828957334006564,0.7463488564342794,372.5623572407492,461.37216384955076,379.1493123772102,465.1416175507531,1,6610,0.9011686625306593,0.01680220960564677,3,0.2918705344200134
TRAIN,5a064706,109,4,5,6,648,1280,1,0.228515625,1.09375,0.7490872144699097,1,822,0.0009910300925925926,2795,0.29409660107334523,0.36618521665250636,429.1715328467153,450.4647201946472,428.71628498727733,453.2557251908397,1,4137,0.0,0.12435703479576399,4,0.25586748123168945
TRAIN,5a064706,109,5,6,6,648,1280,1,1.4435499906539917e-07,-0.1279296875,0.4680611193180084,0,0,0.0,260,0.0,,,,,,0,0,,0.0,1,
TRAIN,5a064706,110,0,1,6,648,1280,1,0.9765625,12.6875,0.9999969005584717,1,26257,0.03165629822530864,32820,0.8000304692260817,0.6769576108526627,795.3123738431657,576.1855886049434,766.0137993752718,576.95852279467,1,26551,0.9768651967206978,0.0,2,0.3507002890110016
TRAIN,5a064706,110,1,2,6,648,1280,1,0.96484375,14.125,0.9999992847442627,1,36702,0.04424913194444444,18829,1.9492272558287747,0.7463168808622477,473.9884202495777,555.7425480900223,458.7949220390225,560.5032891974358,1,37270,0.9665036154827733,0.0007098274385020193,3,0.3498092293739319
TRAIN,5a064706,110,2,3,6,648,1280,1,0.8203125,12.25,0.999995231628418,1,4468,0.005386766975308642,4146,1.0776652194886638,0.3608896888660324,336.449418084154,523.6786034019696,312.3263037436652,527.7985940820664,1,4182,0.7750872152678022,0.015300785716023255,2,0.4015858471393585
TRAIN,5a064706,110,3,4,6,648,1280,1,0.9375,13.4375,0.9999985694885254,1,6955,0.008385175540123456,7922,0.8779348649330977,0.6281757977122215,388.37411933860534,459.23637670740476,372.5623572407492,461.37216384955076,1,6883,0.9160897258377181,0.015038279256288735,3,0.33770713210105896
TRAIN,5a064706,110,4,5,6,648,1280,1,0.306640625,0.8203125,0.6943026781082153,1,834,0.0010054976851851852,2795,0.29838998211091233,0.03564727954971857,445.3285371702638,448.00359712230215,429.1715328467153,450.4647201946472,1,3723,0.0,0.11517341040462428,4,0.2507462501525879
TRAIN,5a064706,110,5,6,6,648,1280,1,0.1025390625,0.08544921875,0.521349310874939,1,150,0.0001808449074074074,260,0.5769230769230769,0.0,517.2066666666667,467.49333333333334,,,0,0,0.0,0.037503348513260114,5,0.2968263626098633
TRAIN,5a064706,111,0,1,6,648,1280,1,0.98046875,12.9375,0.999997615814209,1,26866,0.032390528549382715,32820,0.8185862279098111,0.6722173256106774,827.3327625995682,575.6720390084121,795.3123738431657,576.1855886049434,1,26946,0.9829752736116741,0.0,2,0.34750664234161377
TRAIN,5a064706,111,1,2,6,648,1280,1,0.96484375,13.875,0.9999990463256836,1,37816,0.045592206790123456,18829,2.008391311275161,0.7508517187096168,492.21390416754815,554.6002221281997,473.9884202495777,555.7425480900223,1,38156,0.9667598633115875,0.0035551943929505573,3,0.32667049765586853
TRAIN,5a064706,111,2,3,6,648,1280,1,0.74609375,11.25,0.999987006187439,1,2163,0.002607783564814815,4146,0.5217076700434153,0.1875,368.7632917244568,506.45908460471566,336.449418084154,523.6786034019696,1,1703,0.6896853146853147,0.027818912629574782,4,0.45122724771499634
TRAIN,5a064706,111,3,4,6,648,1280,1,0.93359375,14.0625,0.9999991655349731,1,7152,0.008622685185185185,7922,0.9028023226457965,0.6196326061997703,402.4244966442953,460.2774049217002,388.37411933860534,459.23637670740476,1,7554,0.8786407766990292,0.013737836290784202,3,0.3444904685020447
TRAIN,5a064706,111,4,5,6,648,1280,1,0.298828125,0.9375,0.7185943722724915,1,778,0.0009379822530864197,2795,0.2783542039355993,0.1530758226037196,450.62853470437017,442.133676092545,445.3285371702638,448.00359712230215,1,3456,0.0,0.09877357246472372,4,0.2999393045902252
TRAIN,5a064706,111,5,6,6,648,1280,1,0.333984375,0.29296875,0.5727227926254272,1,141,0.00016999421296296296,260,0.5423076923076923,0.0,531.7446808510638,468.17021276595744,517.2066666666667,467.49333333333334,0,0,0.0,0.0380952380952381,5,0.27428847551345825
TRAIN,5a064706,112,0,1,6,648,1280,1,0.96875,14.4375,0.9999994039535522,1,28055,0.033824025848765434,32820,0.8548141377209019,0.6606494920174165,825.9605417929068,550.7573694528604,827.3327625995682,575.6720390084121,1,28015,0.9704797047970479,0.0,2,0.3698652684688568
TRAIN,5a064706,112,1,2,6,648,1280,1,0.94921875,13.8125,0.9999990463256836,1,38624,0.046566358024691355,18829,2.0513038398215517,0.5414398064125832,479.5575289975145,519.9234413835957,492.21390416754815,554.6002221281997,1,38304,0.9356851693422575,0.025798870980101665,3,0.3662654757499695
TRAIN,5a064706,112,2,3,6,648,1280,1,0.4921875,5.71875,0.9967268705368042,1,1022,0.0012321566358024691,4146,0.24650265315967199,0.0,380.57827788649706,473.09589041095893,368.7632917244568,506.45908460471566,1,1535,0.40726472206934505,0.006758486508627311,2,0.437031626701355
TRAIN,5a064706,112,3,4,6,648,1280,1,0.91796875,11.4375,0.9999892711639404,1,7374,0.008890335648148149,7922,0.9308255491037617,0.13104414856341975,384.6263900189856,430.8955790615677,402.4244966442953,460.2774049217002,1,7319,0.9002845318158303,0.029109391244079935,3,0.4097525179386139
TRAIN,5a064706,112,4,5,6,648,1280,1,0.349609375,0.578125,0.6406359076499939,1,217,0.00026162229938271603,2795,0.0776386404293381,0.0,485.59447004608296,435.2442396313364,450.62853470437017,442.133676092545,1,3599,0.0,0.05351773902585689,3,0.3863469660282135
TRAIN,5a064706,112,5,6,6,648,1280,1,0.1640625,0.3046875,0.5755879878997803,1,125,0.00015070408950617283,260,0.4807692307692308,0.0,517.888,434.696,531.7446808510638,468.17021276595744,0,0,0.0,0.03473186996387886,5,0.26252061128616333
TRAIN,5a064706,113,0,1,6,648,1280,1,0.96875,14.5625,0.9999995231628418,1,24686,0.02976224922839506,32820,0.7521633150517977,0.6463041578224498,796.6615895649356,547.9517135218342,825.9605417929068,550.7573694528604,1,24770,0.9612166395685451,0.0,2,0.32501259446144104
TRAIN,5a064706,113,1,2,6,648,1280,1,0.9609375,14.125,0.9999992847442627,1,38171,0.04602020640432099,18829,2.027245206861756,0.5439284278246884,432.4797359251788,510.9480757643237,479.5575289975145,519.9234413835957,1,38622,0.9609059802870129,0.0027848523076190704,5,0.32606080174446106
TRAIN,5a064706,113,2,3,6,648,1280,1,0.2890625,3.390625,0.9674102663993835,1,372,0.00044849537037037037,4146,0.08972503617945007,0.0,429.63709677419354,435.2043010752688,380.57827788649706,473.09589041095893,0,0,0.0,0.0513950073421439,6,0.383110910654068
TRAIN,5a064706,113,3,4,6,648,1280,1,0.92578125,13.25,0.9999982118606567,1,7594,0.009155574845679013,7922,0.9585963140621055,0.25265712611934055,336.2293916249671,421.4491703976824,384.6263900189856,430.8955790615677,1,7292,0.8614480430161311,0.038869257950530034,6,0.3054110109806061
TRAIN,5a064706,113,4,5,6,648,1280,1,0.6484375,2.015625,0.8824278712272644,1,352,0.0004243827160493827,2795,0.1259391771019678,0.0,436.7869318181818,424.3380681818182,485.59447004608296,435.2442396313364,1,3959,0.0,0.7227722772277227,6,0.3703143298625946
TRAIN,5a064706,113,5,6,6,648,1280,1,0.10107421875,0.080078125,0.5200088620185852,1,446,0.0005377121913580247,260,1.7153846153846153,0.0,442.30717488789236,424.92152466367713,517.888,434.696,1,344,0.6056910569105691,0.012178308823529412,5,0.3500687777996063
TRAIN,5a064706,114,0,1,6,648,1280,1,0.96484375,14.5625,0.9999995231628418,1,22863,0.027564380787037036,32820,0.696617915904936,0.8453448208949431,796.3330709005817,554.1927568560557,796.6615895649356,547.9517135218342,1,23160,0.9681406089633938,0.0,2,0.28236889839172363
TRAIN,5a064706,114,1,2,6,648,1280,1,0.96875,14.1875,0.9999992847442627,1,38991,0.047008825231481484,18829,2.070795050188539,0.6982195127319145,402.70790695288656,512.3245877253726,432.4797359251788,510.9480757643237,1,39841,0.9649052841475573,0.0006702722692183238,5,0.31142911314964294
TRAIN,5a064706,114,2,3,6,648,1280,1,0.5,3.28125,0.9637799859046936,1,830,0.0010006751543209878,4146,0.2001929570670526,0.3460246360582307,423.8120481927711,428.33493975903616,429.63709677419354,435.2043010752688,0,0,0.0,0.5349099099099099,6,0.31949007511138916
TRAIN,5a064706,114,3,4,6,648,1280,1,0.92578125,14.75,0.9999996423721313,1,7065,0.008517795138888888,7922,0.8918202474122696,0.5132652007845566,309.2751592356688,420.0073602264685,336.2293916249671,421.4491703976824,1,6927,0.906267029972752,0.006955476364260874,2,0.3876105546951294
TRAIN,5a064706,114,4,5,6,648,1280,1,0.74609375,3.5625,0.9724147915840149,1,644,0.0007764274691358025,2795,0.23041144901610017,0.2116788321167883,420.888198757764,426.57142857142856,436.7869318181818,424.3380681818182,1,4304,0.0,0.6369958275382476,6,0.5078717470169067
TRAIN,5a064706,114,5,6,6,648,1280,1,0.228515625,0.486328125,0.6192409992218018,1,681,0.0008210358796296297,260,2.6192307692307693,0.22900763358778625,423.30543318649046,425.84287812041117,442.30717488789236,424.92152466367713,1,533,0.6955307262569832,0.00524299253881831,5,0.3638623356819153
